node_id,label,importance_score,dim_0,dim_1,dim_2,dim_3,dim_4,dim_5,dim_6,dim_7,dim_8,dim_9,dim_10,dim_11,dim_12,dim_13,dim_14,dim_15
diagnosis_0007,individual,0.0,-0.4148475,0.78148437,-0.3933693,0.052952807,-0.013684643,-0.42655346,0.08618732,0.04417396,-3.6113906e-22,1.0599523e-15,8.4137165e-23,1.00435126e-22,-5.52189e-19,-2.5369792e-17,-1.5647031e-23,-2.2651924e-17
status_0003,individual,0.0,-0.4148475,0.78148437,-0.3933693,0.052952807,-0.013684643,-0.42655346,0.08618732,0.04417396,-3.6113906e-22,1.0599523e-15,8.4137165e-23,1.00435126e-22,-5.52189e-19,-2.5369792e-17,-1.5647031e-23,-2.2651924e-17
Depth,class,0.0038665868165178342,-0.31459847,-2.1649776,1.0210418,2.6394498,-0.5289352,-0.23932739,0.15903121,0.07079996,-3.6368324e-21,2.0395677e-15,2.6132264e-20,-1.7152014e-21,-1.9973326e-18,-4.3960156e-17,-1.0230349e-20,-4.244932e-17
studentModel_0002,individual,0.0077331736330356685,-0.0461664,0.8908374,0.28380683,-0.0059526362,-0.026430352,0.37853348,-0.16154559,0.07235639,1.4973529e-22,1.1242427e-15,-1.9670064e-23,-9.286881e-23,-3.8632374e-19,-2.7607517e-17,-1.1207902e-23,-2.4084831e-17
progressiveLoop_0010,individual,0.0,-0.4148475,0.78148437,-0.3933693,0.052952807,-0.013684643,-0.42655346,0.08618732,0.04417396,-3.6113906e-22,1.0599523e-15,8.4137165e-23,1.00435126e-22,-5.52189e-19,-2.5369792e-17,-1.5647031e-23,-2.2651924e-17
constraints_0002,individual,0.0077331736330356685,-0.0461664,0.8908374,0.28380683,-0.0059526362,-0.026430352,0.37853348,-0.16154559,0.07235639,1.4973529e-22,1.1242427e-15,-1.9670064e-23,-9.286881e-23,-3.8632374e-19,-2.7607517e-17,-1.1207902e-23,-2.4084831e-17
yeeRolePlaying_0003,individual,0.0,-0.4148475,0.78148437,-0.3933693,0.052952807,-0.013684643,-0.42655346,0.08618732,0.04417396,-3.6113906e-22,1.0599523e-15,8.4137165e-23,1.00435126e-22,-5.52189e-19,-2.5369792e-17,-1.5647031e-23,-2.2651924e-17
feedback_0001,individual,0.011599760449553503,0.13817412,0.94551384,0.6223949,-0.035405386,-0.032803208,0.781077,-0.28541204,0.08644765,4.050691e-22,1.159037e-15,-7.1573684e-23,-1.8941739e-22,-3.065186e-19,-2.8589887e-17,-9.401928e-24,-2.4833578e-17
gDEDynamic_0004,individual,0.01592743997626616,0.37072656,0.86283433,0.26318142,-0.010185442,-0.01990295,0.34649432,-0.24098204,-0.22065035,1.975339e-22,1.1212748e-15,-3.6383716e-23,-1.1161753e-22,-3.6745775e-19,-2.7273748e-17,-8.375437e-24,-2.3879151e-17
strategy_0009,individual,0.041371585916869465,1.6090288,0.9733472,1.224981,-0.10528047,-0.030100483,1.4789554,-0.7883047,-0.52806914,1.0324471e-21,1.2015397e-15,-2.08e-22,-4.258361e-22,-9.272834e-20,-3.0417135e-17,-5.069788e-25,-2.5886735e-17
knowledgeUnit_0020,individual,0.0,-0.4148475,0.78148437,-0.3933693,0.052952807,-0.013684643,-0.42655346,0.08618732,0.04417396,-3.6113906e-22,1.0599523e-15,8.4137165e-23,1.00435126e-22,-5.52189e-19,-2.5369792e-17,-1.5647031e-23,-2.2651924e-17
engagementLoop_0004,individual,0.2300580928031626,11.859242,0.006165396,-0.5683853,-0.2578019,0.26595768,-0.77265924,-1.010749,-0.74783814,1.5271516e-21,9.674504e-16,-2.0570364e-21,-4.3265827e-22,1.8130279e-19,-2.425207e-17,6.977534e-22,-2.078317e-17
hint_0001,individual,0.0,-0.4148475,0.78148437,-0.3933693,0.052952807,-0.013684643,-0.42655346,0.08618732,0.04417396,-3.6113906e-22,1.0599523e-15,8.4137165e-23,1.00435126e-22,-5.52189e-19,-2.5369792e-17,-1.5647031e-23,-2.2651924e-17
resource_0019,individual,0.03233609840179938,0.8835499,0.55815417,-0.8223875,0.043786287,-0.026242206,-0.935545,-0.98215586,1.5308851,-3.916602e-22,1.167869e-15,2.424345e-22,1.5561674e-22,-6.037517e-19,-2.7954622e-17,-6.196901e-23,-2.4864919e-17
problemUnit_0002,individual,0.0077331736330356685,-0.0461664,0.8908374,0.28380683,-0.0059526362,-0.026430352,0.37853348,-0.16154559,0.07235639,1.4973529e-22,1.1242427e-15,-1.9670064e-23,-9.286881e-23,-3.8632374e-19,-2.7607517e-17,-1.1207902e-23,-2.4084831e-17
metric_0030,individual,0.004578449246292296,-0.18782346,0.7639149,-0.4108186,0.050716255,-0.010690606,-0.45097548,0.0289368,-0.07449225,-3.3816733e-22,1.0568467e-15,7.862087e-23,9.2161086e-23,-5.4191833e-19,-2.5379643e-17,-1.5044467e-23,-2.2560989e-17
competence_0007,individual,0.0,-0.4148475,0.78148437,-0.3933693,0.052952807,-0.013684643,-0.42655346,0.08618732,0.04417396,-3.6113906e-22,1.0599523e-15,8.4137165e-23,1.00435126e-22,-5.52189e-19,-2.5369792e-17,-1.5647031e-23,-2.2651924e-17
gamificationModel_0004,individual,0.0,-0.4148475,0.78148437,-0.3933693,0.052952807,-0.013684643,-0.42655346,0.08618732,0.04417396,-3.6113906e-22,1.0599523e-15,8.4137165e-23,1.00435126e-22,-5.52189e-19,-2.5369792e-17,-1.5647031e-23,-2.2651924e-17
progressiveLoop_0006,individual,0.0,-0.4148475,0.78148437,-0.3933693,0.052952807,-0.013684643,-0.42655346,0.08618732,0.04417396,-3.6113906e-22,1.0599523e-15,8.4137165e-23,1.00435126e-22,-5.52189e-19,-2.5369792e-17,-1.5647031e-23,-2.2651924e-17
winStates_0003,individual,0.0,-0.4148475,0.78148437,-0.3933693,0.052952807,-0.013684643,-0.42655346,0.08618732,0.04417396,-3.6113906e-22,1.0599523e-15,8.4137165e-23,1.00435126e-22,-5.52189e-19,-2.5369792e-17,-1.5647031e-23,-2.2651924e-17
diagnosis_0003,individual,0.0,-0.4148475,0.78148437,-0.3933693,0.052952807,-0.013684643,-0.42655346,0.08618732,0.04417396,-3.6113906e-22,1.0599523e-15,8.4137165e-23,1.00435126e-22,-5.52189e-19,-2.5369792e-17,-1.5647031e-23,-2.2651924e-17
metric_0048,individual,0.013094671552079874,0.24149616,0.7335253,-0.43621773,0.0464031,-0.004343593,-0.48863506,-0.062227152,-0.34887844,-2.9098918e-22,1.0536526e-15,6.380727e-23,7.4148375e-23,-5.2335903e-19,-2.5255963e-17,-1.2756272e-23,-2.2570306e-17
tactic_0008,individual,0.02815360746797593,1.4707639,1.0442307,1.3196726,-0.1466409,0.04030171,1.6004081,0.5299947,0.27639052,1.0896416e-21,1.0984573e-15,-9.62086e-22,-4.1141e-22,-3.8507248e-20,-2.7984463e-17,2.8507396e-22,-2.3664913e-17
cooperation_0005,individual,0.0,-0.4148475,0.78148437,-0.3933693,0.052952807,-0.013684643,-0.42655346,0.08618732,0.04417396,-3.6113906e-22,1.0599523e-15,8.4137165e-23,1.00435126e-22,-5.52189e-19,-2.5369792e-17,-1.5647031e-23,-2.2651924e-17
concept_0009,individual,0.0,-0.4148475,0.78148437,-0.3933693,0.052952807,-0.013684643,-0.42655346,0.08618732,0.04417396,-3.6113906e-22,1.0599523e-15,8.4137165e-23,1.00435126e-22,-5.52189e-19,-2.5369792e-17,-1.5647031e-23,-2.2651924e-17
metric_0012,individual,0.00440048363884868,-0.19469246,0.7652341,-0.40817988,0.050760686,-0.010590899,-0.44786867,0.035419323,-0.08478499,-3.3782437e-22,1.0559794e-15,7.757061e-23,9.175425e-23,-5.414948e-19,-2.5352538e-17,-1.4743615e-23,-2.2547436e-17
problemNext_0007,individual,0.00922808473556204,0.041948196,0.74581784,-0.42932335,0.04846193,-0.007736453,-0.47664016,-0.030906742,-0.18904136,-3.1533277e-22,1.0608169e-15,7.35247e-23,8.404978e-23,-5.353486e-19,-2.5361186e-17,-1.4562246e-23,-2.2474198e-17
domainModel_0008,individual,0.0,-0.4148475,0.78148437,-0.3933693,0.052952807,-0.013684643,-0.42655346,0.08618732,0.04417396,-3.6113906e-22,1.0599523e-15,8.4137165e-23,1.00435126e-22,-5.52189e-19,-2.5369792e-17,-1.5647031e-23,-2.2651924e-17
errorBug_0003,individual,0.0,-0.4148475,0.78148437,-0.3933693,0.052952807,-0.013684643,-0.42655346,0.08618732,0.04417396,-3.6113906e-22,1.0599523e-15,8.4137165e-23,1.00435126e-22,-5.52189e-19,-2.5369792e-17,-1.5647031e-23,-2.2651924e-17
resolution_0013,individual,0.0,-0.4148475,0.78148437,-0.3933693,0.052952807,-0.013684643,-0.42655346,0.08618732,0.04417396,-3.6113906e-22,1.0599523e-15,8.4137165e-23,1.00435126e-22,-5.52189e-19,-2.5369792e-17,-1.5647031e-23,-2.2651924e-17
turns_0002,individual,0.0,-0.4148475,0.78148437,-0.3933693,0.052952807,-0.013684643,-0.42655346,0.08618732,0.04417396,-3.6113906e-22,1.0599523e-15,8.4137165e-23,1.00435126e-22,-5.52189e-19,-2.5369792e-17,-1.5647031e-23,-2.2651924e-17
statement_0015,individual,0.0,-0.4148475,0.78148437,-0.3933693,0.052952807,-0.013684643,-0.42655346,0.08618732,0.04417396,-3.6113906e-22,1.0599523e-15,8.4137165e-23,1.00435126e-22,-5.52189e-19,-2.5369792e-17,-1.5647031e-23,-2.2651924e-17
problem_0007,individual,0.0,-0.4148475,0.78148437,-0.3933693,0.052952807,-0.013684643,-0.42655346,0.08618732,0.04417396,-3.6113906e-22,1.0599523e-15,8.4137165e-23,1.00435126e-22,-5.52189e-19,-2.5369792e-17,-1.5647031e-23,-2.2651924e-17
matchColumnAnswer_0009,individual,0.0,-0.4148475,0.78148437,-0.3933693,0.052952807,-0.013684643,-0.42655346,0.08618732,0.04417396,-3.6113906e-22,1.0599523e-15,8.4137165e-23,1.00435126e-22,-5.52189e-19,-2.5369792e-17,-1.5647031e-23,-2.2651924e-17
discursiveOption_0001,individual,0.0,-0.4148475,0.78148437,-0.3933693,0.052952807,-0.013684643,-0.42655346,0.08618732,0.04417396,-3.6113906e-22,1.0599523e-15,8.4137165e-23,1.00435126e-22,-5.52189e-19,-2.5369792e-17,-1.5647031e-23,-2.2651924e-17
multipleChoiceOption_0016,individual,0.0,-0.4148475,0.78148437,-0.3933693,0.052952807,-0.013684643,-0.42655346,0.08618732,0.04417396,-3.6113906e-22,1.0599523e-15,8.4137165e-23,1.00435126e-22,-5.52189e-19,-2.5369792e-17,-1.5647031e-23,-2.2651924e-17
daredevil_0003,individual,0.0,-0.4148475,0.78148437,-0.3933693,0.052952807,-0.013684643,-0.42655346,0.08618732,0.04417396,-3.6113906e-22,1.0599523e-15,8.4137165e-23,1.00435126e-22,-5.52189e-19,-2.5369792e-17,-1.5647031e-23,-2.2651924e-17
resolution_0003,individual,0.0,-0.4148475,0.78148437,-0.3933693,0.052952807,-0.013684643,-0.42655346,0.08618732,0.04417396,-3.6113906e-22,1.0599523e-15,8.4137165e-23,1.00435126e-22,-5.52189e-19,-2.5369792e-17,-1.5647031e-23,-2.2651924e-17
resourceWeight_0008,individual,0.0,-0.4148475,0.78148437,-0.3933693,0.052952807,-0.013684643,-0.42655346,0.08618732,0.04417396,-3.6113906e-22,1.0599523e-15,8.4137165e-23,1.00435126e-22,-5.52189e-19,-2.5369792e-17,-1.5647031e-23,-2.2651924e-17
course_0001,individual,0.011599760449553503,0.13817412,0.94551384,0.6223949,-0.035405386,-0.032803208,0.781077,-0.28541204,0.08644765,4.050691e-22,1.159037e-15,-7.1573684e-23,-1.8941739e-22,-3.065186e-19,-2.8589887e-17,-9.401928e-24,-2.4833578e-17
categoryEnjoyment_0003,individual,0.10155893195232134,4.611835,0.38878226,-0.78960556,0.0035406372,0.05171745,-0.97837985,-1.2036686,-2.5183032,1.4263376e-22,1.0306994e-15,-3.2305217e-23,-7.968943e-23,-3.4979757e-19,-2.5168547e-17,-3.7989017e-24,-2.1841054e-17
domainModel_0005,individual,0.0,-0.4148475,0.78148437,-0.3933693,0.052952807,-0.013684643,-0.42655346,0.08618732,0.04417396,-3.6113906e-22,1.0599523e-15,8.4137165e-23,1.00435126e-22,-5.52189e-19,-2.5369792e-17,-1.5647031e-23,-2.2651924e-17
targetBehavior_0035,individual,0.011599760449553503,0.13817412,0.94551384,0.6223949,-0.035405386,-0.032803208,0.781077,-0.28541204,0.08644765,4.050691e-22,1.159037e-15,-7.1573684e-23,-1.8941739e-22,-3.065186e-19,-2.8589887e-17,-9.401928e-24,-2.4833578e-17
context_0003,individual,0.0,-0.4148475,0.78148437,-0.3933693,0.052952807,-0.013684643,-0.42655346,0.08618732,0.04417396,-3.6113906e-22,1.0599523e-15,8.4137165e-23,1.00435126e-22,-5.52189e-19,-2.5369792e-17,-1.5647031e-23,-2.2651924e-17
badges_0004,individual,0.03479928134866051,1.2442174,1.2735726,2.6539233,-0.2121217,-0.07104033,3.1963377,-1.028611,0.17099503,1.9376922e-21,1.3446863e-15,-3.8299538e-22,-7.689156e-22,1.8759231e-19,-3.4525093e-17,3.0882705e-24,-2.903667e-17
question_0009,individual,0.0,-0.4148475,0.78148437,-0.3933693,0.052952807,-0.013684643,-0.42655346,0.08618732,0.04417396,-3.6113906e-22,1.0599523e-15,8.4137165e-23,1.00435126e-22,-5.52189e-19,-2.5369792e-17,-1.5647031e-23,-2.2651924e-17
winStates_0005,individual,0.0,-0.4148475,0.78148437,-0.3933693,0.052952807,-0.013684643,-0.42655346,0.08618732,0.04417396,-3.6113906e-22,1.0599523e-15,8.4137165e-23,1.00435126e-22,-5.52189e-19,-2.5369792e-17,-1.5647031e-23,-2.2651924e-17
activity_0013,individual,0.0,-0.4148475,0.78148437,-0.3933693,0.052952807,-0.013684643,-0.42655346,0.08618732,0.04417396,-3.6113906e-22,1.0599523e-15,8.4137165e-23,1.00435126e-22,-5.52189e-19,-2.5369792e-17,-1.5647031e-23,-2.2651924e-17
multipleChoiceOption_0012,individual,0.0,-0.4148475,0.78148437,-0.3933693,0.052952807,-0.013684643,-0.42655346,0.08618732,0.04417396,-3.6113906e-22,1.0599523e-15,8.4137165e-23,1.00435126e-22,-5.52189e-19,-2.5369792e-17,-1.5647031e-23,-2.2651924e-17
knowledgeUnit_0012,individual,0.0,-0.4148475,0.78148437,-0.3933693,0.052952807,-0.013684643,-0.42655346,0.08618732,0.04417396,-3.6113906e-22,1.0599523e-15,8.4137165e-23,1.00435126e-22,-5.52189e-19,-2.5369792e-17,-1.5647031e-23,-2.2651924e-17
avatars_0005,individual,0.0038665868165178342,-0.23050696,0.83616084,-0.054781213,0.023500085,-0.020057498,-0.024009971,-0.037679132,0.058265176,-1.0580528e-22,1.095878e-15,3.2233563e-23,3.679768e-24,-4.6928526e-19,-2.6612923e-17,-1.3427467e-23,-2.3367364e-17
studentModel_0013,individual,0.0077331736330356685,-0.0461664,0.8908374,0.28380683,-0.0059526362,-0.026430352,0.37853348,-0.16154559,0.07235639,1.4973529e-22,1.1242427e-15,-1.9670064e-23,-9.286881e-23,-3.8632374e-19,-2.7607517e-17,-1.1207902e-23,-2.4084831e-17
achiever_0005,individual,0.0,-0.4148475,0.78148437,-0.3933693,0.052952807,-0.013684643,-0.42655346,0.08618732,0.04417396,-3.6113906e-22,1.0599523e-15,8.4137165e-23,1.00435126e-22,-5.52189e-19,-2.5369792e-17,-1.5647031e-23,-2.2651924e-17
gifting_0005,individual,0.0,-0.4148475,0.78148437,-0.3933693,0.052952807,-0.013684643,-0.42655346,0.08618732,0.04417396,-3.6113906e-22,1.0599523e-15,8.4137165e-23,1.00435126e-22,-5.52189e-19,-2.5369792e-17,-1.5647031e-23,-2.2651924e-17
hint_0004,individual,0.0,-0.4148475,0.78148437,-0.3933693,0.052952807,-0.013684643,-0.42655346,0.08618732,0.04417396,-3.6113906e-22,1.0599523e-15,8.4137165e-23,1.00435126e-22,-5.52189e-19,-2.5369792e-17,-1.5647031e-23,-2.2651924e-17
water,individual,0.0,-0.4148475,0.78148437,-0.3933693,0.052952807,-0.013684643,-0.42655346,0.08618732,0.04417396,-3.6113906e-22,1.0599523e-15,8.4137165e-23,1.00435126e-22,-5.52189e-19,-2.5369792e-17,-1.5647031e-23,-2.2651924e-17
resource_0010,individual,0.014442681174862842,0.2432181,0.70716333,-0.5066414,0.047160055,-0.010658001,-0.5676722,-0.22085223,0.11254741,-3.2538203e-22,1.0816607e-15,1.04298986e-22,9.5970666e-23,-5.4696884e-19,-2.5844841e-17,-2.3377565e-23,-2.2906185e-17
statement_0012,individual,0.0,-0.4148475,0.78148437,-0.3933693,0.052952807,-0.013684643,-0.42655346,0.08618732,0.04417396,-3.6113906e-22,1.0599523e-15,8.4137165e-23,1.00435126e-22,-5.52189e-19,-2.5369792e-17,-1.5647031e-23,-2.2651924e-17
uRIResource_0008,individual,0.0,-0.4148475,0.78148437,-0.3933693,0.052952807,-0.013684643,-0.42655346,0.08618732,0.04417396,-3.6113906e-22,1.0599523e-15,8.4137165e-23,1.00435126e-22,-5.52189e-19,-2.5369792e-17,-1.5647031e-23,-2.2651924e-17
leftColumn_0001,individual,0.0,-0.4148475,0.78148437,-0.3933693,0.052952807,-0.013684643,-0.42655346,0.08618732,0.04417396,-3.6113906e-22,1.0599523e-15,8.4137165e-23,1.00435126e-22,-5.52189e-19,-2.5369792e-17,-1.5647031e-23,-2.2651924e-17
brainHex_0006,individual,0.0,-0.4148475,0.78148437,-0.3933693,0.052952807,-0.013684643,-0.42655346,0.08618732,0.04417396,-3.6113906e-22,1.0599523e-15,8.4137165e-23,1.00435126e-22,-5.52189e-19,-2.5369792e-17,-1.5647031e-23,-2.2651924e-17
resolution_0006,individual,0.0,-0.4148475,0.78148437,-0.3933693,0.052952807,-0.013684643,-0.42655346,0.08618732,0.04417396,-3.6113906e-22,1.0599523e-15,8.4137165e-23,1.00435126e-22,-5.52189e-19,-2.5369792e-17,-1.5647031e-23,-2.2651924e-17
option_0019,individual,0.0,-0.4148475,0.78148437,-0.3933693,0.052952807,-0.013684643,-0.42655346,0.08618732,0.04417396,-3.6113906e-22,1.0599523e-15,8.4137165e-23,1.00435126e-22,-5.52189e-19,-2.5369792e-17,-1.5647031e-23,-2.2651924e-17
yeeRelationship_0002,individual,0.0,-0.4148475,0.78148437,-0.3933693,0.052952807,-0.013684643,-0.42655346,0.08618732,0.04417396,-3.6113906e-22,1.0599523e-15,8.4137165e-23,1.00435126e-22,-5.52189e-19,-2.5369792e-17,-1.5647031e-23,-2.2651924e-17
metric_0059,individual,0.0,-0.4148475,0.78148437,-0.3933693,0.052952807,-0.013684643,-0.42655346,0.08618732,0.04417396,-3.6113906e-22,1.0599523e-15,8.4137165e-23,1.00435126e-22,-5.52189e-19,-2.5369792e-17,-1.5647031e-23,-2.2651924e-17
player_0017,individual,0.027066107715624843,0.87553626,1.1642196,1.9767472,-0.15321627,-0.058294613,2.3912508,-0.7808779,0.1428126,1.4268178e-21,1.2910116e-15,-2.7918815e-22,-5.758185e-22,2.0785033e-20,-3.2483902e-17,-9.372677e-25,-2.756804e-17
strategy_0003,individual,0.0439915988369205,1.9183048,0.82747006,0.512171,-0.06744403,0.015047757,0.6235917,-0.30248085,-0.58211654,6.084199e-22,1.1043952e-15,-3.7117554e-22,-2.504884e-22,-2.1300702e-19,-2.7381369e-17,9.2229856e-23,-2.360991e-17
resolution_0008,individual,0.0,-0.4148475,0.78148437,-0.3933693,0.052952807,-0.013684643,-0.42655346,0.08618732,0.04417396,-3.6113906e-22,1.0599523e-15,8.4137165e-23,1.00435126e-22,-5.52189e-19,-2.5369792e-17,-1.5647031e-23,-2.2651924e-17
resolution_0012,individual,0.0,-0.4148475,0.78148437,-0.3933693,0.052952807,-0.013684643,-0.42655346,0.08618732,0.04417396,-3.6113906e-22,1.0599523e-15,8.4137165e-23,1.00435126e-22,-5.52189e-19,-2.5369792e-17,-1.5647031e-23,-2.2651924e-17
targetBehavior_0009,individual,0.011599760449553503,0.13817412,0.94551384,0.6223949,-0.035405386,-0.032803208,0.781077,-0.28541204,0.08644765,4.050691e-22,1.159037e-15,-7.1573684e-23,-1.8941739e-22,-3.065186e-19,-2.8589887e-17,-9.401928e-24,-2.4833578e-17
metric_0007,individual,0.0,-0.4148475,0.78148437,-0.3933693,0.052952807,-0.013684643,-0.42655346,0.08618732,0.04417396,-3.6113906e-22,1.0599523e-15,8.4137165e-23,1.00435126e-22,-5.52189e-19,-2.5369792e-17,-1.5647031e-23,-2.2651924e-17
question_0012,individual,0.0,-0.4148475,0.78148437,-0.3933693,0.052952807,-0.013684643,-0.42655346,0.08618732,0.04417396,-3.6113906e-22,1.0599523e-15,8.4137165e-23,1.00435126e-22,-5.52189e-19,-2.5369792e-17,-1.5647031e-23,-2.2651924e-17
bugMisconception_0002,individual,0.0,-0.4148475,0.78148437,-0.3933693,0.052952807,-0.013684643,-0.42655346,0.08618732,0.04417396,-3.6113906e-22,1.0599523e-15,8.4137165e-23,1.00435126e-22,-5.52189e-19,-2.5369792e-17,-1.5647031e-23,-2.2651924e-17
behaviouralKnowledge_0020,individual,0.01551500381331304,0.3349147,0.715584,-0.47210455,0.045798842,-0.005699617,-0.5308871,-0.15038952,-0.20889734,-2.9565348e-22,1.0636272e-15,7.809101e-23,7.968141e-23,-5.28653e-19,-2.5486356e-17,-1.684786e-23,-2.2773594e-17
item_0002,individual,0.0,-0.4148475,0.78148437,-0.3933693,0.052952807,-0.013684643,-0.42655346,0.08618732,0.04417396,-3.6113906e-22,1.0599523e-15,8.4137165e-23,1.00435126e-22,-5.52189e-19,-2.5369792e-17,-1.5647031e-23,-2.2651924e-17
matchColumnAnswer_0010,individual,0.0,-0.4148475,0.78148437,-0.3933693,0.052952807,-0.013684643,-0.42655346,0.08618732,0.04417396,-3.6113906e-22,1.0599523e-15,8.4137165e-23,1.00435126e-22,-5.52189e-19,-2.5369792e-17,-1.5647031e-23,-2.2651924e-17
targetBehavior_0008,individual,0.02355545211399424,1.2089134,1.0605122,1.3341553,-0.1412758,0.03212748,1.621446,0.51203084,0.36664686,1.0584261e-21,1.1115375e-15,-9.062757e-22,-4.0242657e-22,-5.1107302e-20,-2.812369e-17,2.6572268e-22,-2.3979465e-17
resourceList_0005,individual,0.0,-0.4148475,0.78148437,-0.3933693,0.052952807,-0.013684643,-0.42655346,0.08618732,0.04417396,-3.6113906e-22,1.0599523e-15,8.4137165e-23,1.00435126e-22,-5.52189e-19,-2.5369792e-17,-1.5647031e-23,-2.2651924e-17
concept_0002,individual,0.0,-0.4148475,0.78148437,-0.3933693,0.052952807,-0.013684643,-0.42655346,0.08618732,0.04417396,-3.6113906e-22,1.0599523e-15,8.4137165e-23,1.00435126e-22,-5.52189e-19,-2.5369792e-17,-1.5647031e-23,-2.2651924e-17
question_0003,individual,0.0,-0.4148475,0.78148437,-0.3933693,0.052952807,-0.013684643,-0.42655346,0.08618732,0.04417396,-3.6113906e-22,1.0599523e-15,8.4137165e-23,1.00435126e-22,-5.52189e-19,-2.5369792e-17,-1.5647031e-23,-2.2651924e-17
course_0006,individual,0.011599760449553503,0.13817412,0.94551384,0.6223949,-0.035405386,-0.032803208,0.781077,-0.28541204,0.08644765,4.050691e-22,1.159037e-15,-7.1573684e-23,-1.8941739e-22,-3.065186e-19,-2.8589887e-17,-9.401928e-24,-2.4833578e-17
instrutionalPlan_0003,individual,0.0077331736330356685,-0.0461664,0.8908374,0.28380683,-0.0059526362,-0.026430352,0.37853348,-0.16154559,0.07235639,1.4973529e-22,1.1242427e-15,-1.9670064e-23,-9.286881e-23,-3.8632374e-19,-2.7607517e-17,-1.1207902e-23,-2.4084831e-17
behaviouralKnowledge_0011,individual,0.006002174105841219,-0.13287136,0.75336117,-0.43192852,0.05036081,-0.011488267,-0.47582966,-0.022923417,0.007849574,-3.4091105e-22,1.0624846e-15,8.7023083e-23,9.541581e-23,-5.450947e-19,-2.5501616e-17,-1.7451288e-23,-2.2682962e-17
resolutionMethod_0003,individual,0.0,-0.4148475,0.78148437,-0.3933693,0.052952807,-0.013684643,-0.42655346,0.08618732,0.04417396,-3.6113906e-22,1.0599523e-15,8.4137165e-23,1.00435126e-22,-5.52189e-19,-2.5369792e-17,-1.5647031e-23,-2.2651924e-17
statement_0001,individual,0.0,-0.4148475,0.78148437,-0.3933693,0.052952807,-0.013684643,-0.42655346,0.08618732,0.04417396,-3.6113906e-22,1.0599523e-15,8.4137165e-23,1.00435126e-22,-5.52189e-19,-2.5369792e-17,-1.5647031e-23,-2.2651924e-17
methodStep_0009,individual,0.0,-0.4148475,0.78148437,-0.3933693,0.052952807,-0.013684643,-0.42655346,0.08618732,0.04417396,-3.6113906e-22,1.0599523e-15,8.4137165e-23,1.00435126e-22,-5.52189e-19,-2.5369792e-17,-1.5647031e-23,-2.2651924e-17
depth_0004,individual,0.0,-0.4148475,0.78148437,-0.3933693,0.052952807,-0.013684643,-0.42655346,0.08618732,0.04417396,-3.6113906e-22,1.0599523e-15,8.4137165e-23,1.00435126e-22,-5.52189e-19,-2.5369792e-17,-1.5647031e-23,-2.2651924e-17
metric_0018,individual,0.0,-0.4148475,0.78148437,-0.3933693,0.052952807,-0.013684643,-0.42655346,0.08618732,0.04417396,-3.6113906e-22,1.0599523e-15,8.4137165e-23,1.00435126e-22,-5.52189e-19,-2.5369792e-17,-1.5647031e-23,-2.2651924e-17
option_0007,individual,0.0,-0.4148475,0.78148437,-0.3933693,0.052952807,-0.013684643,-0.42655346,0.08618732,0.04417396,-3.6113906e-22,1.0599523e-15,8.4137165e-23,1.00435126e-22,-5.52189e-19,-2.5369792e-17,-1.5647031e-23,-2.2651924e-17
playerAction_0018,individual,0.0038665868165178342,-0.23050696,0.83616084,-0.054781213,0.023500085,-0.020057498,-0.024009971,-0.037679132,0.058265176,-1.0580528e-22,1.095878e-15,3.2233563e-23,3.679768e-24,-4.6928526e-19,-2.6612923e-17,-1.3427467e-23,-2.3367364e-17
metric_0047,individual,0.004222518031405065,-0.20156148,0.76655334,-0.40554115,0.050805118,-0.0104911905,-0.4447619,0.041901857,-0.095077716,-3.374814e-22,1.0555457e-15,7.652033e-23,9.134741e-23,-5.4128306e-19,-2.5338986e-17,-1.4442762e-23,-2.2533884e-17
metric_0024,individual,0.013094671552079874,0.24149616,0.7335253,-0.43621773,0.0464031,-0.004343593,-0.48863506,-0.062227152,-0.34887844,-2.9098918e-22,1.0536526e-15,6.380727e-23,7.4148375e-23,-5.2335903e-19,-2.5255963e-17,-1.2756272e-23,-2.2570306e-17
sDTAutonomy_0002,individual,0.017157020536785684,0.44860005,0.71978164,-0.44601467,0.044295397,-0.001060396,-0.50404733,-0.10067835,-0.4973936,-2.6702285e-22,1.0501511e-15,5.5245166e-23,6.46945e-23,-5.1272387e-19,-2.5213765e-17,-1.1281235e-23,-2.2469688e-17
trueOrFalseOption_0003,individual,0.0,-0.4148475,0.78148437,-0.3933693,0.052952807,-0.013684643,-0.42655346,0.08618732,0.04417396,-3.6113906e-22,1.0599523e-15,8.4137165e-23,1.00435126e-22,-5.52189e-19,-2.5369792e-17,-1.5647031e-23,-2.2651924e-17
achiever_0002,individual,0.0,-0.4148475,0.78148437,-0.3933693,0.052952807,-0.013684643,-0.42655346,0.08618732,0.04417396,-3.6113906e-22,1.0599523e-15,8.4137165e-23,1.00435126e-22,-5.52189e-19,-2.5369792e-17,-1.5647031e-23,-2.2651924e-17
gamificationModel_0002,individual,0.0,-0.4148475,0.78148437,-0.3933693,0.052952807,-0.013684643,-0.42655346,0.08618732,0.04417396,-3.6113906e-22,1.0599523e-15,8.4137165e-23,1.00435126e-22,-5.52189e-19,-2.5369792e-17,-1.5647031e-23,-2.2651924e-17
metric_0033,individual,0.00435410583396169,-0.19648252,0.7655779,-0.40749222,0.050772265,-0.010564915,-0.44705907,0.037108675,-0.087467276,-3.37735e-22,1.0559794e-15,7.7296896e-23,9.1648225e-23,-5.414948e-19,-2.5352538e-17,-1.4665215e-23,-2.254066e-17
targetBehavior_0029,individual,0.01933293408258917,0.5068552,1.0548668,1.299571,-0.09431083,-0.045548905,1.5861641,-0.5331449,0.11463007,9.159435e-22,1.2322084e-15,-1.7538092e-22,-3.8251451e-22,-1.4275227e-19,-3.047414e-17,-4.962806e-24,-2.6283333e-17
content_0003,individual,0.0,-0.4148475,0.78148437,-0.3933693,0.052952807,-0.013684643,-0.42655346,0.08618732,0.04417396,-3.6113906e-22,1.0599523e-15,8.4137165e-23,1.00435126e-22,-5.52189e-19,-2.5369792e-17,-1.5647031e-23,-2.2651924e-17
domain_0008,individual,0.010580623352133512,0.09415269,0.7357918,-0.44937775,0.048124257,-0.00849423,-0.5002516,-0.080173954,-0.11081662,-3.179393e-22,1.0662108e-15,8.150679e-23,8.714176e-23,-5.3836616e-19,-2.5486546e-17,-1.6848725e-23,-2.258643e-17
exercise_0014,individual,0.0,-0.4148475,0.78148437,-0.3933693,0.052952807,-0.013684643,-0.42655346,0.08618732,0.04417396,-3.6113906e-22,1.0599523e-15,8.4137165e-23,1.00435126e-22,-5.52189e-19,-2.5369792e-17,-1.5647031e-23,-2.2651924e-17
pedagogicalUnit_0006,individual,0.0,-0.4148475,0.78148437,-0.3933693,0.052952807,-0.013684643,-0.42655346,0.08618732,0.04417396,-3.6113906e-22,1.0599523e-15,8.4137165e-23,1.00435126e-22,-5.52189e-19,-2.5369792e-17,-1.5647031e-23,-2.2651924e-17
loopDifficulty,datatype_property,0.0038665868165178342,-0.52441174,-2.0158074,0.18322638,-0.5993771,4.136725,0.2807102,-0.16561216,-0.0011293177,2.4333143e-20,1.2242475e-15,5.879159e-21,-1.1577573e-20,8.644789e-18,-4.9760638e-17,-4.4057566e-21,-2.6728391e-17
problem_0011,individual,0.0,-0.4148475,0.78148437,-0.3933693,0.052952807,-0.013684643,-0.42655346,0.08618732,0.04417396,-3.6113906e-22,1.0599523e-15,8.4137165e-23,1.00435126e-22,-5.52189e-19,-2.5369792e-17,-1.5647031e-23,-2.2651924e-17
timeConstraints_0003,individual,0.0,-0.4148475,0.78148437,-0.3933693,0.052952807,-0.013684643,-0.42655346,0.08618732,0.04417396,-3.6113906e-22,1.0599523e-15,8.4137165e-23,1.00435126e-22,-5.52189e-19,-2.5369792e-17,-1.5647031e-23,-2.2651924e-17
pedagogicalUnit_0005,individual,0.0,-0.4148475,0.78148437,-0.3933693,0.052952807,-0.013684643,-0.42655346,0.08618732,0.04417396,-3.6113906e-22,1.0599523e-15,8.4137165e-23,1.00435126e-22,-5.52189e-19,-2.5369792e-17,-1.5647031e-23,-2.2651924e-17
question_0008,individual,0.0,-0.4148475,0.78148437,-0.3933693,0.052952807,-0.013684643,-0.42655346,0.08618732,0.04417396,-3.6113906e-22,1.0599523e-15,8.4137165e-23,1.00435126e-22,-5.52189e-19,-2.5369792e-17,-1.5647031e-23,-2.2651924e-17
knowledgeUnit_0006,individual,0.0,-0.4148475,0.78148437,-0.3933693,0.052952807,-0.013684643,-0.42655346,0.08618732,0.04417396,-3.6113906e-22,1.0599523e-15,8.4137165e-23,1.00435126e-22,-5.52189e-19,-2.5369792e-17,-1.5647031e-23,-2.2651924e-17
leaderboards_0005,individual,0.030932694532142674,1.0598769,1.2188962,2.3153353,-0.18266898,-0.06466748,2.7937942,-0.9047444,0.15690376,1.6821515e-21,1.3109669e-15,-3.310918e-22,-6.723671e-22,1.02300115e-19,-3.3568723e-17,1.2822966e-24,-2.8358984e-17
metric_0020,individual,0.004282919590984243,-0.19923013,0.7661056,-0.40643674,0.050790038,-0.010525032,-0.44581637,0.039701685,-0.09158436,-3.375978e-22,1.0555457e-15,7.687679e-23,9.148549e-23,-5.4128306e-19,-2.5352538e-17,-1.4544872e-23,-2.254066e-17
gDEComponent_0003,individual,0.036797580883670244,1.3973838,0.9239147,0.89688206,-0.07565116,-0.023331288,1.0887614,-0.6386701,-0.58307415,7.784766e-22,1.1746834e-15,-1.6027124e-22,-3.3090473e-22,-1.732437e-19,-2.9049872e-17,-1.5306426e-24,-2.5079334e-17
socialGraph_0003,individual,0.0,-0.4148475,0.78148437,-0.3933693,0.052952807,-0.013684643,-0.42655346,0.08618732,0.04417396,-3.6113906e-22,1.0599523e-15,8.4137165e-23,1.00435126e-22,-5.52189e-19,-2.5369792e-17,-1.5647031e-23,-2.2651924e-17
tactic_0013,individual,0.023199520899107005,0.6911958,1.1095432,1.6381593,-0.123763554,-0.05192176,1.9887077,-0.6570115,0.12872137,1.1714839e-21,1.2555196e-15,-2.2728453e-22,-4.792699e-22,-5.87306e-20,-3.1484718e-17,-3.156832e-24,-2.696102e-17
winStates_0002,individual,0.0,-0.4148475,0.78148437,-0.3933693,0.052952807,-0.013684643,-0.42655346,0.08618732,0.04417396,-3.6113906e-22,1.0599523e-15,8.4137165e-23,1.00435126e-22,-5.52189e-19,-2.5369792e-17,-1.5647031e-23,-2.2651924e-17
problem_0018,individual,0.0,-0.4148475,0.78148437,-0.3933693,0.052952807,-0.013684643,-0.42655346,0.08618732,0.04417396,-3.6113906e-22,1.0599523e-15,8.4137165e-23,1.00435126e-22,-5.52189e-19,-2.5369792e-17,-1.5647031e-23,-2.2651924e-17
multipleChoiceOption_0009,individual,0.0,-0.4148475,0.78148437,-0.3933693,0.052952807,-0.013684643,-0.42655346,0.08618732,0.04417396,-3.6113906e-22,1.0599523e-15,8.4137165e-23,1.00435126e-22,-5.52189e-19,-2.5369792e-17,-1.5647031e-23,-2.2651924e-17
pedagogicalUnit_0004,individual,0.0,-0.4148475,0.78148437,-0.3933693,0.052952807,-0.013684643,-0.42655346,0.08618732,0.04417396,-3.6113906e-22,1.0599523e-15,8.4137165e-23,1.00435126e-22,-5.52189e-19,-2.5369792e-17,-1.5647031e-23,-2.2651924e-17
course_0002,individual,0.0038665868165178342,-0.23050696,0.83616084,-0.054781213,0.023500085,-0.020057498,-0.024009971,-0.037679132,0.058265176,-1.0580528e-22,1.095878e-15,3.2233563e-23,3.679768e-24,-4.6928526e-19,-2.6612923e-17,-1.3427467e-23,-2.3367364e-17
resourceUnit_0001,individual,0.04935894621799587,1.9477351,0.78020084,0.41558582,-0.05248684,-0.0150440745,0.510442,-0.8941581,-0.4139728,5.5486724e-22,1.1633758e-15,-7.6489626e-23,-2.342822e-22,-2.5535867e-19,-2.8790832e-17,-1.4836852e-23,-2.4802533e-17
discursiveOption_0005,individual,0.0,-0.4148475,0.78148437,-0.3933693,0.052952807,-0.013684643,-0.42655346,0.08618732,0.04417396,-3.6113906e-22,1.0599523e-15,8.4137165e-23,1.00435126e-22,-5.52189e-19,-2.5369792e-17,-1.5647031e-23,-2.2651924e-17
matchColumnProblem_0009,individual,0.0,-0.4148475,0.78148437,-0.3933693,0.052952807,-0.013684643,-0.42655346,0.08618732,0.04417396,-3.6113906e-22,1.0599523e-15,8.4137165e-23,1.00435126e-22,-5.52189e-19,-2.5369792e-17,-1.5647031e-23,-2.2651924e-17
motivationAndNeedTheory_0001,individual,0.02806392783277635,0.86957854,0.6389314,-0.60773385,0.04157238,-0.007171139,-0.694451,-0.49797043,0.13341282,-2.8804197e-22,1.0935192e-15,1.1961301e-22,8.962834e-23,-5.368643e-19,-2.6216652e-17,-2.971945e-23,-2.3364155e-17
discursiveOption_0003,individual,0.0,-0.4148475,0.78148437,-0.3933693,0.052952807,-0.013684643,-0.42655346,0.08618732,0.04417396,-3.6113906e-22,1.0599523e-15,8.4137165e-23,1.00435126e-22,-5.52189e-19,-2.5369792e-17,-1.5647031e-23,-2.2651924e-17
container_0001,individual,0.0,-0.4148475,0.78148437,-0.3933693,0.052952807,-0.013684643,-0.42655346,0.08618732,0.04417396,-3.6113906e-22,1.0599523e-15,8.4137165e-23,1.00435126e-22,-5.52189e-19,-2.5369792e-17,-1.5647031e-23,-2.2651924e-17
domainModel_0007,individual,0.0,-0.4148475,0.78148437,-0.3933693,0.052952807,-0.013684643,-0.42655346,0.08618732,0.04417396,-3.6113906e-22,1.0599523e-15,8.4137165e-23,1.00435126e-22,-5.52189e-19,-2.5369792e-17,-1.5647031e-23,-2.2651924e-17
curriculum_0009,individual,0.0,-0.4148475,0.78148437,-0.3933693,0.052952807,-0.013684643,-0.42655346,0.08618732,0.04417396,-3.6113906e-22,1.0599523e-15,8.4137165e-23,1.00435126e-22,-5.52189e-19,-2.5369792e-17,-1.5647031e-23,-2.2651924e-17
discursiveOption_0002,individual,0.0,-0.4148475,0.78148437,-0.3933693,0.052952807,-0.013684643,-0.42655346,0.08618732,0.04417396,-3.6113906e-22,1.0599523e-15,8.4137165e-23,1.00435126e-22,-5.52189e-19,-2.5369792e-17,-1.5647031e-23,-2.2651924e-17
narrative_0004,individual,0.0038665868165178342,-0.23050696,0.83616084,-0.054781213,0.023500085,-0.020057498,-0.024009971,-0.037679132,0.058265176,-1.0580528e-22,1.095878e-15,3.2233563e-23,3.679768e-24,-4.6928526e-19,-2.6612923e-17,-1.3427467e-23,-2.3367364e-17
avatars_0003,individual,0.0038665868165178342,-0.23050696,0.83616084,-0.054781213,0.023500085,-0.020057498,-0.024009971,-0.037679132,0.058265176,-1.0580528e-22,1.095878e-15,3.2233563e-23,3.679768e-24,-4.6928526e-19,-2.6612923e-17,-1.3427467e-23,-2.3367364e-17
engagementLoop_0007,individual,0.2837640316229541,19.05836,0.19075431,0.43072012,-0.69613135,0.9653418,0.31697595,8.345659,-2.2504704,3.3156343e-21,-7.5678476e-17,-8.510385e-21,-8.805492e-22,1.2168565e-18,-3.6444205e-18,3.0347778e-21,8.0088123e-19
pedagogicalModel_0003,individual,0.0,-0.4148475,0.78148437,-0.3933693,0.052952807,-0.013684643,-0.42655346,0.08618732,0.04417396,-3.6113906e-22,1.0599523e-15,8.4137165e-23,1.00435126e-22,-5.52189e-19,-2.5369792e-17,-1.5647031e-23,-2.2651924e-17
domainModel_0010,individual,0.0,-0.4148475,0.78148437,-0.3933693,0.052952807,-0.013684643,-0.42655346,0.08618732,0.04417396,-3.6113906e-22,1.0599523e-15,8.4137165e-23,1.00435126e-22,-5.52189e-19,-2.5369792e-17,-1.5647031e-23,-2.2651924e-17
gamification_0001,individual,0.04371354582703843,1.8427992,0.7591951,0.16316022,-0.032646947,0.012781145,0.20515428,-0.37808198,-0.83615196,3.5852148e-22,1.0766397e-15,-2.122757e-22,-1.627056e-22,-2.9432218e-19,-2.6622428e-17,4.860298e-23,-2.328465e-17
progression_0002,individual,0.011599760449553503,0.13817412,0.94551384,0.6223949,-0.035405386,-0.032803208,0.781077,-0.28541204,0.08644765,4.050691e-22,1.159037e-15,-7.1573684e-23,-1.8941739e-22,-3.065186e-19,-2.8589887e-17,-9.401928e-24,-2.4833578e-17
trueOrFalseOption_0010,individual,0.0,-0.4148475,0.78148437,-0.3933693,0.052952807,-0.013684643,-0.42655346,0.08618732,0.04417396,-3.6113906e-22,1.0599523e-15,8.4137165e-23,1.00435126e-22,-5.52189e-19,-2.5369792e-17,-1.5647031e-23,-2.2651924e-17
conceptualKnowledge_0006,individual,0.0,-0.4148475,0.78148437,-0.3933693,0.052952807,-0.013684643,-0.42655346,0.08618732,0.04417396,-3.6113906e-22,1.0599523e-15,8.4137165e-23,1.00435126e-22,-5.52189e-19,-2.5369792e-17,-1.5647031e-23,-2.2651924e-17
instrutionalPlan_0007,individual,0.0077331736330356685,-0.0461664,0.8908374,0.28380683,-0.0059526362,-0.026430352,0.37853348,-0.16154559,0.07235639,1.4973529e-22,1.1242427e-15,-1.9670064e-23,-9.286881e-23,-3.8632374e-19,-2.7607517e-17,-1.1207902e-23,-2.4084831e-17
contentUnlocking_0005,individual,0.0,-0.4148475,0.78148437,-0.3933693,0.052952807,-0.013684643,-0.42655346,0.08618732,0.04417396,-3.6113906e-22,1.0599523e-15,8.4137165e-23,1.00435126e-22,-5.52189e-19,-2.5369792e-17,-1.5647031e-23,-2.2651924e-17
multipleChoiceOption_0004,individual,0.0,-0.4148475,0.78148437,-0.3933693,0.052952807,-0.013684643,-0.42655346,0.08618732,0.04417396,-3.6113906e-22,1.0599523e-15,8.4137165e-23,1.00435126e-22,-5.52189e-19,-2.5369792e-17,-1.5647031e-23,-2.2651924e-17
achievements_0003,individual,0.03479928134866051,1.2442174,1.2735726,2.6539233,-0.2121217,-0.07104033,3.1963377,-1.028611,0.17099503,1.9376922e-21,1.3446863e-15,-3.8299538e-22,-7.689156e-22,1.8759231e-19,-3.4525093e-17,3.0882705e-24,-2.903667e-17
metric_0032,individual,0.00875458947281037,0.023672506,0.7493278,-0.42230272,0.048580144,-0.0074711707,-0.46837428,-0.013659328,-0.2164262,-3.1442027e-22,1.0589195e-15,7.0730316e-23,8.296735e-23,-5.342898e-19,-2.531714e-17,-1.3761798e-23,-2.243481e-17
hint_0008,individual,0.0,-0.4148475,0.78148437,-0.3933693,0.052952807,-0.013684643,-0.42655346,0.08618732,0.04417396,-3.6113906e-22,1.0599523e-15,8.4137165e-23,1.00435126e-22,-5.52189e-19,-2.5369792e-17,-1.5647031e-23,-2.2651924e-17
playerAction_0001,individual,0.04605707847013611,3.8230803,0.8034805,0.3823875,-0.25642177,0.3046491,0.4872707,3.7059524,3.5407302,9.307379e-22,7.8647316e-16,-3.3111226e-21,-1.8042488e-22,1.3707107e-20,-2.0524591e-17,1.2113348e-21,-1.7211307e-17
matchColumnOption_0009,individual,0.0,-0.4148475,0.78148437,-0.3933693,0.052952807,-0.013684643,-0.42655346,0.08618732,0.04417396,-3.6113906e-22,1.0599523e-15,8.4137165e-23,1.00435126e-22,-5.52189e-19,-2.5369792e-17,-1.5647031e-23,-2.2651924e-17
bugMisconception_0003,individual,0.0,-0.4148475,0.78148437,-0.3933693,0.052952807,-0.013684643,-0.42655346,0.08618732,0.04417396,-3.6113906e-22,1.0599523e-15,8.4137165e-23,1.00435126e-22,-5.52189e-19,-2.5369792e-17,-1.5647031e-23,-2.2651924e-17
yeeAchievementComponent_0002,individual,0.011599760449553503,0.13817412,0.94551384,0.6223949,-0.035405386,-0.032803208,0.781077,-0.28541204,0.08644765,4.050691e-22,1.159037e-15,-7.1573684e-23,-1.8941739e-22,-3.065186e-19,-2.8589887e-17,-9.401928e-24,-2.4833578e-17
player_0005,individual,0.023199520899107005,0.6911958,1.1095432,1.6381593,-0.123763554,-0.05192176,1.9887077,-0.6570115,0.12872137,1.1714839e-21,1.2555196e-15,-2.2728453e-22,-4.792699e-22,-5.87306e-20,-3.1484718e-17,-3.156832e-24,-2.696102e-17
yeeRolePlaying_0004,individual,0.0,-0.4148475,0.78148437,-0.3933693,0.052952807,-0.013684643,-0.42655346,0.08618732,0.04417396,-3.6113906e-22,1.0599523e-15,8.4137165e-23,1.00435126e-22,-5.52189e-19,-2.5369792e-17,-1.5647031e-23,-2.2651924e-17
progressiveLoop_0003,individual,0.0,-0.4148475,0.78148437,-0.3933693,0.052952807,-0.013684643,-0.42655346,0.08618732,0.04417396,-3.6113906e-22,1.0599523e-15,8.4137165e-23,1.00435126e-22,-5.52189e-19,-2.5369792e-17,-1.5647031e-23,-2.2651924e-17
statement_0005,individual,0.0,-0.4148475,0.78148437,-0.3933693,0.052952807,-0.013684643,-0.42655346,0.08618732,0.04417396,-3.6113906e-22,1.0599523e-15,8.4137165e-23,1.00435126e-22,-5.52189e-19,-2.5369792e-17,-1.5647031e-23,-2.2651924e-17
engagementLoop_0006,individual,0.25622940411466344,14.754894,0.21203026,0.51092094,-0.4490492,0.49633408,0.45920473,2.0874374,-2.8611875,2.659023e-21,6.815219e-16,-4.2773013e-21,-8.176984e-22,7.1070174e-19,-1.7677523e-17,1.4585414e-21,-1.4160617e-17
competence_0011,individual,0.0,-0.4148475,0.78148437,-0.3933693,0.052952807,-0.013684643,-0.42655346,0.08618732,0.04417396,-3.6113906e-22,1.0599523e-15,8.4137165e-23,1.00435126e-22,-5.52189e-19,-2.5369792e-17,-1.5647031e-23,-2.2651924e-17
competence_0019,individual,0.0,-0.4148475,0.78148437,-0.3933693,0.052952807,-0.013684643,-0.42655346,0.08618732,0.04417396,-3.6113906e-22,1.0599523e-15,8.4137165e-23,1.00435126e-22,-5.52189e-19,-2.5369792e-17,-1.5647031e-23,-2.2651924e-17
activity_0016,individual,0.0,-0.4148475,0.78148437,-0.3933693,0.052952807,-0.013684643,-0.42655346,0.08618732,0.04417396,-3.6113906e-22,1.0599523e-15,8.4137165e-23,1.00435126e-22,-5.52189e-19,-2.5369792e-17,-1.5647031e-23,-2.2651924e-17
contentUnlocking_0001,individual,0.0,-0.4148475,0.78148437,-0.3933693,0.052952807,-0.013684643,-0.42655346,0.08618732,0.04417396,-3.6113906e-22,1.0599523e-15,8.4137165e-23,1.00435126e-22,-5.52189e-19,-2.5369792e-17,-1.5647031e-23,-2.2651924e-17
exercise_0012,individual,0.0,-0.4148475,0.78148437,-0.3933693,0.052952807,-0.013684643,-0.42655346,0.08618732,0.04417396,-3.6113906e-22,1.0599523e-15,8.4137165e-23,1.00435126e-22,-5.52189e-19,-2.5369792e-17,-1.5647031e-23,-2.2651924e-17
targetBehavior_0026,individual,0.015466347266071337,0.3225147,1.0001903,0.9609831,-0.06485811,-0.039176058,1.1836207,-0.4092785,0.10053887,6.6060964e-22,1.1958679e-15,-1.234773e-22,-2.8596594e-22,-2.2430918e-19,-2.9604784e-17,-7.182364e-24,-2.558677e-17
userAccount_0010,individual,0.0,-0.4148475,0.78148437,-0.3933693,0.052952807,-0.013684643,-0.42655346,0.08618732,0.04417396,-3.6113906e-22,1.0599523e-15,8.4137165e-23,1.00435126e-22,-5.52189e-19,-2.5369792e-17,-1.5647031e-23,-2.2651924e-17
option_0020,individual,0.0,-0.4148475,0.78148437,-0.3933693,0.052952807,-0.013684643,-0.42655346,0.08618732,0.04417396,-3.6113906e-22,1.0599523e-15,8.4137165e-23,1.00435126e-22,-5.52189e-19,-2.5369792e-17,-1.5647031e-23,-2.2651924e-17
writingEvaluation_0005,individual,0.0,-0.4148475,0.78148437,-0.3933693,0.052952807,-0.013684643,-0.42655346,0.08618732,0.04417396,-3.6113906e-22,1.0599523e-15,8.4137165e-23,1.00435126e-22,-5.52189e-19,-2.5369792e-17,-1.5647031e-23,-2.2651924e-17
resource_0015,individual,0.004578449246292296,-0.18782346,0.7639149,-0.4108186,0.050716255,-0.010690606,-0.45097548,0.0289368,-0.07449225,-3.3816733e-22,1.0568467e-15,7.862087e-23,9.2161086e-23,-5.4191833e-19,-2.5379643e-17,-1.5044467e-23,-2.2560989e-17
content_0002,individual,0.0,-0.4148475,0.78148437,-0.3933693,0.052952807,-0.013684643,-0.42655346,0.08618732,0.04417396,-3.6113906e-22,1.0599523e-15,8.4137165e-23,1.00435126e-22,-5.52189e-19,-2.5369792e-17,-1.5647031e-23,-2.2651924e-17
rightColumn_0002,individual,0.0,-0.4148475,0.78148437,-0.3933693,0.052952807,-0.013684643,-0.42655346,0.08618732,0.04417396,-3.6113906e-22,1.0599523e-15,8.4137165e-23,1.00435126e-22,-5.52189e-19,-2.5369792e-17,-1.5647031e-23,-2.2651924e-17
problemUnit_0015,individual,0.023199520899107005,0.6911958,1.1095432,1.6381593,-0.123763554,-0.05192176,1.9887077,-0.6570115,0.12872137,1.1714839e-21,1.2555196e-15,-2.2728453e-22,-4.792699e-22,-5.87306e-20,-3.1484718e-17,-3.156832e-24,-2.696102e-17
studentModel_0007,individual,0.011599760449553503,0.13817412,0.94551384,0.6223949,-0.035405386,-0.032803208,0.781077,-0.28541204,0.08644765,4.050691e-22,1.159037e-15,-7.1573684e-23,-1.8941739e-22,-3.065186e-19,-2.8589887e-17,-9.401928e-24,-2.4833578e-17
fillBlanksOption_0001,individual,0.0,-0.4148475,0.78148437,-0.3933693,0.052952807,-0.013684643,-0.42655346,0.08618732,0.04417396,-3.6113906e-22,1.0599523e-15,8.4137165e-23,1.00435126e-22,-5.52189e-19,-2.5369792e-17,-1.5647031e-23,-2.2651924e-17
gamifiedITS_0008,individual,0.0038665868165178342,-0.23050696,0.83616084,-0.054781213,0.023500085,-0.020057498,-0.024009971,-0.037679132,0.058265176,-1.0580528e-22,1.095878e-15,3.2233563e-23,3.679768e-24,-4.6928526e-19,-2.6612923e-17,-1.3427467e-23,-2.3367364e-17
instrutionalPlan_0006,individual,0.0038665868165178342,-0.23050696,0.83616084,-0.054781213,0.023500085,-0.020057498,-0.024009971,-0.037679132,0.058265176,-1.0580528e-22,1.095878e-15,3.2233563e-23,3.679768e-24,-4.6928526e-19,-2.6612923e-17,-1.3427467e-23,-2.3367364e-17
resourceUnit_0003,individual,0.020459492198606394,0.5655449,0.9795469,0.93738496,-0.06719818,-0.036414362,1.1519593,-0.48163462,0.0058567934,6.8278216e-22,1.1940445e-15,-1.2654625e-22,-2.9329197e-22,-2.1644414e-19,-2.949836e-17,-7.280852e-24,-2.5497287e-17
fillBlanksOption_0005,individual,0.0,-0.4148475,0.78148437,-0.3933693,0.052952807,-0.013684643,-0.42655346,0.08618732,0.04417396,-3.6113906e-22,1.0599523e-15,8.4137165e-23,1.00435126e-22,-5.52189e-19,-2.5369792e-17,-1.5647031e-23,-2.2651924e-17
trueOrFalseProblem_0004,individual,0.0,-0.4148475,0.78148437,-0.3933693,0.052952807,-0.013684643,-0.42655346,0.08618732,0.04417396,-3.6113906e-22,1.0599523e-15,8.4137165e-23,1.00435126e-22,-5.52189e-19,-2.5369792e-17,-1.5647031e-23,-2.2651924e-17
activity_0015,individual,0.0,-0.4148475,0.78148437,-0.3933693,0.052952807,-0.013684643,-0.42655346,0.08618732,0.04417396,-3.6113906e-22,1.0599523e-15,8.4137165e-23,1.00435126e-22,-5.52189e-19,-2.5369792e-17,-1.5647031e-23,-2.2651924e-17
resource_0011,individual,0.028115315265513856,0.8715619,0.63855046,-0.6084958,0.04155955,-0.007199929,-0.695348,-0.49984223,0.1363848,-2.88141e-22,1.0935192e-15,1.1991629e-22,8.974581e-23,-5.368643e-19,-2.6243756e-17,-2.980632e-23,-2.339126e-17
bossFights_0002,individual,0.011599760449553503,0.13817412,0.94551384,0.6223949,-0.035405386,-0.032803208,0.781077,-0.28541204,0.08644765,4.050691e-22,1.159037e-15,-7.1573684e-23,-1.8941739e-22,-3.065186e-19,-2.8589887e-17,-9.401928e-24,-2.4833578e-17
concept_0006,individual,0.0,-0.4148475,0.78148437,-0.3933693,0.052952807,-0.013684643,-0.42655346,0.08618732,0.04417396,-3.6113906e-22,1.0599523e-15,8.4137165e-23,1.00435126e-22,-5.52189e-19,-2.5369792e-17,-1.5647031e-23,-2.2651924e-17
achievements_0004,individual,0.015466347266071337,0.3225147,1.0001903,0.9609831,-0.06485811,-0.039176058,1.1836207,-0.4092785,0.10053887,6.6060964e-22,1.1958679e-15,-1.234773e-22,-2.8596594e-22,-2.2430918e-19,-2.9604784e-17,-7.182364e-24,-2.558677e-17
pedagogicalUnit_0007,individual,0.0,-0.4148475,0.78148437,-0.3933693,0.052952807,-0.013684643,-0.42655346,0.08618732,0.04417396,-3.6113906e-22,1.0599523e-15,8.4137165e-23,1.00435126e-22,-5.52189e-19,-2.5369792e-17,-1.5647031e-23,-2.2651924e-17
player_0009,individual,0.011599760449553503,0.13817412,0.94551384,0.6223949,-0.035405386,-0.032803208,0.781077,-0.28541204,0.08644765,4.050691e-22,1.159037e-15,-7.1573684e-23,-1.8941739e-22,-3.065186e-19,-2.8589887e-17,-9.401928e-24,-2.4833578e-17
curriculumUnit_0004,individual,0.0077331736330356685,-0.0461664,0.8908374,0.28380683,-0.0059526362,-0.026430352,0.37853348,-0.16154559,0.07235639,1.4973529e-22,1.1242427e-15,-1.9670064e-23,-9.286881e-23,-3.8632374e-19,-2.7607517e-17,-1.1207902e-23,-2.4084831e-17
fillBlanksOption_0009,individual,0.0,-0.4148475,0.78148437,-0.3933693,0.052952807,-0.013684643,-0.42655346,0.08618732,0.04417396,-3.6113906e-22,1.0599523e-15,8.4137165e-23,1.00435126e-22,-5.52189e-19,-2.5369792e-17,-1.5647031e-23,-2.2651924e-17
virtualGoods_0002,individual,0.0,-0.4148475,0.78148437,-0.3933693,0.052952807,-0.013684643,-0.42655346,0.08618732,0.04417396,-3.6113906e-22,1.0599523e-15,8.4137165e-23,1.00435126e-22,-5.52189e-19,-2.5369792e-17,-1.5647031e-23,-2.2651924e-17
brainHex_0002,individual,0.0,-0.4148475,0.78148437,-0.3933693,0.052952807,-0.013684643,-0.42655346,0.08618732,0.04417396,-3.6113906e-22,1.0599523e-15,8.4137165e-23,1.00435126e-22,-5.52189e-19,-2.5369792e-17,-1.5647031e-23,-2.2651924e-17
personal,individual,0.0,-0.4148475,0.78148437,-0.3933693,0.052952807,-0.013684643,-0.42655346,0.08618732,0.04417396,-3.6113906e-22,1.0599523e-15,8.4137165e-23,1.00435126e-22,-5.52189e-19,-2.5369792e-17,-1.5647031e-23,-2.2651924e-17
studentModel_0003,individual,0.011599760449553503,0.13817412,0.94551384,0.6223949,-0.035405386,-0.032803208,0.781077,-0.28541204,0.08644765,4.050691e-22,1.159037e-15,-7.1573684e-23,-1.8941739e-22,-3.065186e-19,-2.8589887e-17,-9.401928e-24,-2.4833578e-17
avatars_0001,individual,0.0077331736330356685,-0.0461664,0.8908374,0.28380683,-0.0059526362,-0.026430352,0.37853348,-0.16154559,0.07235639,1.4973529e-22,1.1242427e-15,-1.9670064e-23,-9.286881e-23,-3.8632374e-19,-2.7607517e-17,-1.1207902e-23,-2.4084831e-17
problemUnit_0012,individual,0.01933293408258917,0.5068552,1.0548668,1.299571,-0.09431083,-0.045548905,1.5861641,-0.5331449,0.11463007,9.159435e-22,1.2322084e-15,-1.7538092e-22,-3.8251451e-22,-1.4275227e-19,-3.047414e-17,-4.962806e-24,-2.6283333e-17
progression_0003,individual,0.0038665868165178342,-0.23050696,0.83616084,-0.054781213,0.023500085,-0.020057498,-0.024009971,-0.037679132,0.058265176,-1.0580528e-22,1.095878e-15,3.2233563e-23,3.679768e-24,-4.6928526e-19,-2.6612923e-17,-1.3427467e-23,-2.3367364e-17
avatars_0004,individual,0.0077331736330356685,-0.0461664,0.8908374,0.28380683,-0.0059526362,-0.026430352,0.37853348,-0.16154559,0.07235639,1.4973529e-22,1.1242427e-15,-1.9670064e-23,-9.286881e-23,-3.8632374e-19,-2.7607517e-17,-1.1207902e-23,-2.4084831e-17
resource_0005,individual,0.015536527163844054,0.28543773,0.6990549,-0.5228601,0.046886966,-0.0112708425,-0.5867676,-0.26069638,0.17581056,-3.2749001e-22,1.0860246e-15,1.1075439e-22,9.8471254e-23,-5.4940406e-19,-2.5946485e-17,-2.5226718e-23,-2.2996817e-17
compositeResource_0005,individual,0.0,-0.4148475,0.78148437,-0.3933693,0.052952807,-0.013684643,-0.42655346,0.08618732,0.04417396,-3.6113906e-22,1.0599523e-15,8.4137165e-23,1.00435126e-22,-5.52189e-19,-2.5369792e-17,-1.5647031e-23,-2.2651924e-17
seeker_0001,individual,0.0,-0.4148475,0.78148437,-0.3933693,0.052952807,-0.013684643,-0.42655346,0.08618732,0.04417396,-3.6113906e-22,1.0599523e-15,8.4137165e-23,1.00435126e-22,-5.52189e-19,-2.5369792e-17,-1.5647031e-23,-2.2651924e-17
conceptualKnowledge_0003,individual,0.0,-0.4148475,0.78148437,-0.3933693,0.052952807,-0.013684643,-0.42655346,0.08618732,0.04417396,-3.6113906e-22,1.0599523e-15,8.4137165e-23,1.00435126e-22,-5.52189e-19,-2.5369792e-17,-1.5647031e-23,-2.2651924e-17
question_0013,individual,0.0,-0.4148475,0.78148437,-0.3933693,0.052952807,-0.013684643,-0.42655346,0.08618732,0.04417396,-3.6113906e-22,1.0599523e-15,8.4137165e-23,1.00435126e-22,-5.52189e-19,-2.5369792e-17,-1.5647031e-23,-2.2651924e-17
mastermind_0001,individual,0.0,-0.4148475,0.78148437,-0.3933693,0.052952807,-0.013684643,-0.42655346,0.08618732,0.04417396,-3.6113906e-22,1.0599523e-15,8.4137165e-23,1.00435126e-22,-5.52189e-19,-2.5369792e-17,-1.5647031e-23,-2.2651924e-17
targetBehavior_0016,individual,0.015466347266071337,0.3225147,1.0001903,0.9609831,-0.06485811,-0.039176058,1.1836207,-0.4092785,0.10053887,6.6060964e-22,1.1958679e-15,-1.234773e-22,-2.8596594e-22,-2.2430918e-19,-2.9604784e-17,-7.182364e-24,-2.558677e-17
targetBehavior_0013,individual,0.019688865297476404,0.5358007,0.98525935,0.94881123,-0.06700578,-0.03598261,1.1654123,-0.453564,-0.038712803,6.842673e-22,1.1923097e-15,-1.3109417e-22,-2.9505367e-22,-2.1475007e-19,-2.944415e-17,-5.9781015e-24,-2.5443076e-17
emotions_0004,individual,0.011599760449553503,0.13817412,0.94551384,0.6223949,-0.035405386,-0.032803208,0.781077,-0.28541204,0.08644765,4.050691e-22,1.159037e-15,-7.1573684e-23,-1.8941739e-22,-3.065186e-19,-2.8589887e-17,-9.401928e-24,-2.4833578e-17
mastermind_0002,individual,0.0,-0.4148475,0.78148437,-0.3933693,0.052952807,-0.013684643,-0.42655346,0.08618732,0.04417396,-3.6113906e-22,1.0599523e-15,8.4137165e-23,1.00435126e-22,-5.52189e-19,-2.5369792e-17,-1.5647031e-23,-2.2651924e-17
targetBehavior_0037,individual,0.011599760449553503,0.13817412,0.94551384,0.6223949,-0.035405386,-0.032803208,0.781077,-0.28541204,0.08644765,4.050691e-22,1.159037e-15,-7.1573684e-23,-1.8941739e-22,-3.065186e-19,-2.8589887e-17,-9.401928e-24,-2.4833578e-17
playerAction_0012,individual,0.0077331736330356685,-0.0461664,0.8908374,0.28380683,-0.0059526362,-0.026430352,0.37853348,-0.16154559,0.07235639,1.4973529e-22,1.1242427e-15,-1.9670064e-23,-9.286881e-23,-3.8632374e-19,-2.7607517e-17,-1.1207902e-23,-2.4084831e-17
depth_0002,individual,0.0,-0.4148475,0.78148437,-0.3933693,0.052952807,-0.013684643,-0.42655346,0.08618732,0.04417396,-3.6113906e-22,1.0599523e-15,8.4137165e-23,1.00435126e-22,-5.52189e-19,-2.5369792e-17,-1.5647031e-23,-2.2651924e-17
player_0011,individual,0.027066107715624843,0.87553626,1.1642196,1.9767472,-0.15321627,-0.058294613,2.3912508,-0.7808779,0.1428126,1.4268178e-21,1.2910116e-15,-2.7918815e-22,-5.758185e-22,2.0785033e-20,-3.2483902e-17,-9.372677e-25,-2.756804e-17
exercise_0007,individual,0.0,-0.4148475,0.78148437,-0.3933693,0.052952807,-0.013684643,-0.42655346,0.08618732,0.04417396,-3.6113906e-22,1.0599523e-15,8.4137165e-23,1.00435126e-22,-5.52189e-19,-2.5369792e-17,-1.5647031e-23,-2.2651924e-17
question_0019,individual,0.0,-0.4148475,0.78148437,-0.3933693,0.052952807,-0.013684643,-0.42655346,0.08618732,0.04417396,-3.6113906e-22,1.0599523e-15,8.4137165e-23,1.00435126e-22,-5.52189e-19,-2.5369792e-17,-1.5647031e-23,-2.2651924e-17
multipleChoiceOption_0010,individual,0.0,-0.4148475,0.78148437,-0.3933693,0.052952807,-0.013684643,-0.42655346,0.08618732,0.04417396,-3.6113906e-22,1.0599523e-15,8.4137165e-23,1.00435126e-22,-5.52189e-19,-2.5369792e-17,-1.5647031e-23,-2.2651924e-17
fillBlanksProblem_0005,individual,0.0,-0.4148475,0.78148437,-0.3933693,0.052952807,-0.013684643,-0.42655346,0.08618732,0.04417396,-3.6113906e-22,1.0599523e-15,8.4137165e-23,1.00435126e-22,-5.52189e-19,-2.5369792e-17,-1.5647031e-23,-2.2651924e-17
cKCurriculumInformation_0002,individual,0.0,-0.4148475,0.78148437,-0.3933693,0.052952807,-0.013684643,-0.42655346,0.08618732,0.04417396,-3.6113906e-22,1.0599523e-15,8.4137165e-23,1.00435126e-22,-5.52189e-19,-2.5369792e-17,-1.5647031e-23,-2.2651924e-17
question_0011,individual,0.0,-0.4148475,0.78148437,-0.3933693,0.052952807,-0.013684643,-0.42655346,0.08618732,0.04417396,-3.6113906e-22,1.0599523e-15,8.4137165e-23,1.00435126e-22,-5.52189e-19,-2.5369792e-17,-1.5647031e-23,-2.2651924e-17
competition_0003,individual,0.0,-0.4148475,0.78148437,-0.3933693,0.052952807,-0.013684643,-0.42655346,0.08618732,0.04417396,-3.6113906e-22,1.0599523e-15,8.4137165e-23,1.00435126e-22,-5.52189e-19,-2.5369792e-17,-1.5647031e-23,-2.2651924e-17
multipleChoiceOption_0015,individual,0.0,-0.4148475,0.78148437,-0.3933693,0.052952807,-0.013684643,-0.42655346,0.08618732,0.04417396,-3.6113906e-22,1.0599523e-15,8.4137165e-23,1.00435126e-22,-5.52189e-19,-2.5369792e-17,-1.5647031e-23,-2.2651924e-17
option_0009,individual,0.0,-0.4148475,0.78148437,-0.3933693,0.052952807,-0.013684643,-0.42655346,0.08618732,0.04417396,-3.6113906e-22,1.0599523e-15,8.4137165e-23,1.00435126e-22,-5.52189e-19,-2.5369792e-17,-1.5647031e-23,-2.2651924e-17
writingEvaluation_0003,individual,0.0,-0.4148475,0.78148437,-0.3933693,0.052952807,-0.013684643,-0.42655346,0.08618732,0.04417396,-3.6113906e-22,1.0599523e-15,8.4137165e-23,1.00435126e-22,-5.52189e-19,-2.5369792e-17,-1.5647031e-23,-2.2651924e-17
targetBehavior_0006,individual,0.011599760449553503,0.13817412,0.94551384,0.6223949,-0.035405386,-0.032803208,0.781077,-0.28541204,0.08644765,4.050691e-22,1.159037e-15,-7.1573684e-23,-1.8941739e-22,-3.065186e-19,-2.8589887e-17,-9.401928e-24,-2.4833578e-17
concept_0010,individual,0.0,-0.4148475,0.78148437,-0.3933693,0.052952807,-0.013684643,-0.42655346,0.08618732,0.04417396,-3.6113906e-22,1.0599523e-15,8.4137165e-23,1.00435126e-22,-5.52189e-19,-2.5369792e-17,-1.5647031e-23,-2.2651924e-17
instrutionalPlan_0014,individual,0.0038665868165178342,-0.23050696,0.83616084,-0.054781213,0.023500085,-0.020057498,-0.024009971,-0.037679132,0.058265176,-1.0580528e-22,1.095878e-15,3.2233563e-23,3.679768e-24,-4.6928526e-19,-2.6612923e-17,-1.3427467e-23,-2.3367364e-17
sequencing_0007,individual,0.0,-0.4148475,0.78148437,-0.3933693,0.052952807,-0.013684643,-0.42655346,0.08618732,0.04417396,-3.6113906e-22,1.0599523e-15,8.4137165e-23,1.00435126e-22,-5.52189e-19,-2.5369792e-17,-1.5647031e-23,-2.2651924e-17
targetBehavior_0014,individual,0.01976005154045385,0.53854835,0.9847317,0.9477557,-0.06702356,-0.03602249,1.1641695,-0.456157,-0.0345957,6.8413007e-22,1.1923097e-15,-1.3067405e-22,-2.9489092e-22,-2.1475007e-19,-2.944415e-17,-6.098444e-24,-2.5443076e-17
question_0010,individual,0.0,-0.4148475,0.78148437,-0.3933693,0.052952807,-0.013684643,-0.42655346,0.08618732,0.04417396,-3.6113906e-22,1.0599523e-15,8.4137165e-23,1.00435126e-22,-5.52189e-19,-2.5369792e-17,-1.5647031e-23,-2.2651924e-17
pedagogicalUnit_0010,individual,0.0,-0.4148475,0.78148437,-0.3933693,0.052952807,-0.013684643,-0.42655346,0.08618732,0.04417396,-3.6113906e-22,1.0599523e-15,8.4137165e-23,1.00435126e-22,-5.52189e-19,-2.5369792e-17,-1.5647031e-23,-2.2651924e-17
behaviouralKnowledge_0016,individual,0.004578449246292296,-0.18782346,0.7639149,-0.4108186,0.050716255,-0.010690606,-0.45097548,0.0289368,-0.07449225,-3.3816733e-22,1.0568467e-15,7.862087e-23,9.2161086e-23,-5.4191833e-19,-2.5379643e-17,-1.5044467e-23,-2.2560989e-17
problem_0005,individual,0.0,-0.4148475,0.78148437,-0.3933693,0.052952807,-0.013684643,-0.42655346,0.08618732,0.04417396,-3.6113906e-22,1.0599523e-15,8.4137165e-23,1.00435126e-22,-5.52189e-19,-2.5369792e-17,-1.5647031e-23,-2.2651924e-17
sDTRelatedness_0005,individual,0.012794672385246349,0.22991696,0.7357491,-0.43176958,0.046478,-0.004175514,-0.4833979,-0.051299457,-0.36622906,-2.9041103e-22,1.0527852e-15,6.203679e-23,7.346256e-23,-5.22512e-19,-2.5228858e-17,-1.22491166e-23,-2.2543201e-17
uRIResource_0005,individual,0.0,-0.4148475,0.78148437,-0.3933693,0.052952807,-0.013684643,-0.42655346,0.08618732,0.04417396,-3.6113906e-22,1.0599523e-15,8.4137165e-23,1.00435126e-22,-5.52189e-19,-2.5369792e-17,-1.5647031e-23,-2.2651924e-17
uRIResource_0002,individual,0.0,-0.4148475,0.78148437,-0.3933693,0.052952807,-0.013684643,-0.42655346,0.08618732,0.04417396,-3.6113906e-22,1.0599523e-15,8.4137165e-23,1.00435126e-22,-5.52189e-19,-2.5369792e-17,-1.5647031e-23,-2.2651924e-17
chances_0002,individual,0.0,-0.4148475,0.78148437,-0.3933693,0.052952807,-0.013684643,-0.42655346,0.08618732,0.04417396,-3.6113906e-22,1.0599523e-15,8.4137165e-23,1.00435126e-22,-5.52189e-19,-2.5369792e-17,-1.5647031e-23,-2.2651924e-17
brainHex_0011,individual,0.0,-0.4148475,0.78148437,-0.3933693,0.052952807,-0.013684643,-0.42655346,0.08618732,0.04417396,-3.6113906e-22,1.0599523e-15,8.4137165e-23,1.00435126e-22,-5.52189e-19,-2.5369792e-17,-1.5647031e-23,-2.2651924e-17
misconception_0002,individual,0.0,-0.4148475,0.78148437,-0.3933693,0.052952807,-0.013684643,-0.42655346,0.08618732,0.04417396,-3.6113906e-22,1.0599523e-15,8.4137165e-23,1.00435126e-22,-5.52189e-19,-2.5369792e-17,-1.5647031e-23,-2.2651924e-17
resourceWeight_0006,individual,0.0,-0.4148475,0.78148437,-0.3933693,0.052952807,-0.013684643,-0.42655346,0.08618732,0.04417396,-3.6113906e-22,1.0599523e-15,8.4137165e-23,1.00435126e-22,-5.52189e-19,-2.5369792e-17,-1.5647031e-23,-2.2651924e-17
nonGameContext_0004,individual,0.0038665868165178342,-0.23050696,0.83616084,-0.054781213,0.023500085,-0.020057498,-0.024009971,-0.037679132,0.058265176,-1.0580528e-22,1.095878e-15,3.2233563e-23,3.679768e-24,-4.6928526e-19,-2.6612923e-17,-1.3427467e-23,-2.3367364e-17
sequencing_0006,individual,0.0,-0.4148475,0.78148437,-0.3933693,0.052952807,-0.013684643,-0.42655346,0.08618732,0.04417396,-3.6113906e-22,1.0599523e-15,8.4137165e-23,1.00435126e-22,-5.52189e-19,-2.5369792e-17,-1.5647031e-23,-2.2651924e-17
designPractice_0005,individual,0.027066107715624843,0.87553626,1.1642196,1.9767472,-0.15321627,-0.058294613,2.3912508,-0.7808779,0.1428126,1.4268178e-21,1.2910116e-15,-2.7918815e-22,-5.758185e-22,2.0785033e-20,-3.2483902e-17,-9.372677e-25,-2.756804e-17
story_0005,individual,0.023199520899107005,0.6911958,1.1095432,1.6381593,-0.123763554,-0.05192176,1.9887077,-0.6570115,0.12872137,1.1714839e-21,1.2555196e-15,-2.2728453e-22,-4.792699e-22,-5.87306e-20,-3.1484718e-17,-3.156832e-24,-2.696102e-17
strategy_0017,individual,0.027066107715624843,0.87553626,1.1642196,1.9767472,-0.15321627,-0.058294613,2.3912508,-0.7808779,0.1428126,1.4268178e-21,1.2910116e-15,-2.7918815e-22,-5.758185e-22,2.0785033e-20,-3.2483902e-17,-9.372677e-25,-2.756804e-17
metric_0017,individual,0.0,-0.4148475,0.78148437,-0.3933693,0.052952807,-0.013684643,-0.42655346,0.08618732,0.04417396,-3.6113906e-22,1.0599523e-15,8.4137165e-23,1.00435126e-22,-5.52189e-19,-2.5369792e-17,-1.5647031e-23,-2.2651924e-17
playerAction_0013,individual,0.011599760449553503,0.13817412,0.94551384,0.6223949,-0.035405386,-0.032803208,0.781077,-0.28541204,0.08644765,4.050691e-22,1.159037e-15,-7.1573684e-23,-1.8941739e-22,-3.065186e-19,-2.8589887e-17,-9.401928e-24,-2.4833578e-17
problemBasedEvaluation_0001,individual,0.0,-0.4148475,0.78148437,-0.3933693,0.052952807,-0.013684643,-0.42655346,0.08618732,0.04417396,-3.6113906e-22,1.0599523e-15,8.4137165e-23,1.00435126e-22,-5.52189e-19,-2.5369792e-17,-1.5647031e-23,-2.2651924e-17
yeeCustomization_0002,individual,0.0,-0.4148475,0.78148437,-0.3933693,0.052952807,-0.013684643,-0.42655346,0.08618732,0.04417396,-3.6113906e-22,1.0599523e-15,8.4137165e-23,1.00435126e-22,-5.52189e-19,-2.5369792e-17,-1.5647031e-23,-2.2651924e-17
sDTAutonomy_0004,individual,0.021417674055500095,0.66335803,0.7045679,-0.458752,0.042138185,0.0021116973,-0.52292156,-0.14635293,-0.6344397,-2.4343866e-22,1.046593e-15,4.7853375e-23,5.569395e-23,-5.0316476e-19,-2.5053129e-17,-1.0141438e-23,-2.2325995e-17
problemUnit_0018,individual,0.01933293408258917,0.5068552,1.0548668,1.299571,-0.09431083,-0.045548905,1.5861641,-0.5331449,0.11463007,9.159435e-22,1.2322084e-15,-1.7538092e-22,-3.8251451e-22,-1.4275227e-19,-3.047414e-17,-4.962806e-24,-2.6283333e-17
sDTAutonomy_0003,individual,0.01669939468907353,0.43093687,0.7231739,-0.43922937,0.044409648,-0.0008040048,-0.49605852,-0.08400899,-0.5238606,-2.6614094e-22,1.047549e-15,5.254446e-23,6.3648333e-23,-5.114533e-19,-2.518666e-17,-1.0507615e-23,-2.2442583e-17
targetBehavior_0038,individual,0.015466347266071337,0.3225147,1.0001903,0.9609831,-0.06485811,-0.039176058,1.1836207,-0.4092785,0.10053887,6.6060964e-22,1.1958679e-15,-1.234773e-22,-2.8596594e-22,-2.2430918e-19,-2.9604784e-17,-7.182364e-24,-2.558677e-17
story_0003,individual,0.023199520899107005,0.6911958,1.1095432,1.6381593,-0.123763554,-0.05192176,1.9887077,-0.6570115,0.12872137,1.1714839e-21,1.2555196e-15,-2.2728453e-22,-4.792699e-22,-5.87306e-20,-3.1484718e-17,-3.156832e-24,-2.696102e-17
rewards_0004,individual,0.030932694532142674,1.0598769,1.2188962,2.3153353,-0.18266898,-0.06466748,2.7937942,-0.9047444,0.15690376,1.6821515e-21,1.3109669e-15,-3.310918e-22,-6.723671e-22,1.02300115e-19,-3.3568723e-17,1.2822966e-24,-2.8358984e-17
gamification_0003,individual,0.049315150674703684,2.070805,0.7324201,0.12685652,-0.031607863,0.009333593,0.15865651,-0.558438,-0.9264707,3.7015946e-22,1.086073e-15,-1.5476825e-22,-1.6778784e-22,-2.920392e-19,-2.6928274e-17,2.6244038e-23,-2.3366026e-17
playerAction_0016,individual,0.02553182089728914,1.2594295,0.8810554,0.5172643,-0.08886873,0.04620446,0.65172076,0.5051285,0.93559045,5.3964235e-22,1.0805088e-15,-8.109194e-22,-1.8811687e-22,-2.3066192e-19,-2.6975592e-17,2.693678e-22,-2.322863e-17
knowledgeUnit_0002,individual,0.0,-0.4148475,0.78148437,-0.3933693,0.052952807,-0.013684643,-0.42655346,0.08618732,0.04417396,-3.6113906e-22,1.0599523e-15,8.4137165e-23,1.00435126e-22,-5.52189e-19,-2.5369792e-17,-1.5647031e-23,-2.2651924e-17
matchColumnProblem_0005,individual,0.0,-0.4148475,0.78148437,-0.3933693,0.052952807,-0.013684643,-0.42655346,0.08618732,0.04417396,-3.6113906e-22,1.0599523e-15,8.4137165e-23,1.00435126e-22,-5.52189e-19,-2.5369792e-17,-1.5647031e-23,-2.2651924e-17
problem_0019,individual,0.0,-0.4148475,0.78148437,-0.3933693,0.052952807,-0.013684643,-0.42655346,0.08618732,0.04417396,-3.6113906e-22,1.0599523e-15,8.4137165e-23,1.00435126e-22,-5.52189e-19,-2.5369792e-17,-1.5647031e-23,-2.2651924e-17
resourceUnit_0015,individual,0.015466347266071337,0.3225147,1.0001903,0.9609831,-0.06485811,-0.039176058,1.1836207,-0.4092785,0.10053887,6.6060964e-22,1.1958679e-15,-1.234773e-22,-2.8596594e-22,-2.2430918e-19,-2.9604784e-17,-7.182364e-24,-2.558677e-17
discursiveOption_0008,individual,0.0,-0.4148475,0.78148437,-0.3933693,0.052952807,-0.013684643,-0.42655346,0.08618732,0.04417396,-3.6113906e-22,1.0599523e-15,8.4137165e-23,1.00435126e-22,-5.52189e-19,-2.5369792e-17,-1.5647031e-23,-2.2651924e-17
cKCurriculumInformation_0005,individual,0.0,-0.4148475,0.78148437,-0.3933693,0.052952807,-0.013684643,-0.42655346,0.08618732,0.04417396,-3.6113906e-22,1.0599523e-15,8.4137165e-23,1.00435126e-22,-5.52189e-19,-2.5369792e-17,-1.5647031e-23,-2.2651924e-17
multipleChoiceOption_0014,individual,0.0,-0.4148475,0.78148437,-0.3933693,0.052952807,-0.013684643,-0.42655346,0.08618732,0.04417396,-3.6113906e-22,1.0599523e-15,8.4137165e-23,1.00435126e-22,-5.52189e-19,-2.5369792e-17,-1.5647031e-23,-2.2651924e-17
player_0007,individual,0.015466347266071337,0.3225147,1.0001903,0.9609831,-0.06485811,-0.039176058,1.1836207,-0.4092785,0.10053887,6.6060964e-22,1.1958679e-15,-1.234773e-22,-2.8596594e-22,-2.2430918e-19,-2.9604784e-17,-7.182364e-24,-2.558677e-17
survivor_0004,individual,0.0,-0.4148475,0.78148437,-0.3933693,0.052952807,-0.013684643,-0.42655346,0.08618732,0.04417396,-3.6113906e-22,1.0599523e-15,8.4137165e-23,1.00435126e-22,-5.52189e-19,-2.5369792e-17,-1.5647031e-23,-2.2651924e-17
problemNext_0008,individual,0.008623001670253747,0.018593557,0.7503032,-0.42035165,0.048612997,-0.007397447,-0.46607715,-0.008866147,-0.22403665,-3.141667e-22,1.0584045e-15,6.995375e-23,8.266652e-23,-5.3399865e-19,-2.5304434e-17,-1.3539346e-23,-2.2424223e-17
resourceWeight_0003,individual,0.0,-0.4148475,0.78148437,-0.3933693,0.052952807,-0.013684643,-0.42655346,0.08618732,0.04417396,-3.6113906e-22,1.0599523e-15,8.4137165e-23,1.00435126e-22,-5.52189e-19,-2.5369792e-17,-1.5647031e-23,-2.2651924e-17
achievements_0005,individual,0.03479928134866051,1.2442174,1.2735726,2.6539233,-0.2121217,-0.07104033,3.1963377,-1.028611,0.17099503,1.9376922e-21,1.3446863e-15,-3.8299538e-22,-7.689156e-22,1.8759231e-19,-3.4525093e-17,3.0882705e-24,-2.903667e-17
matchColumnAnswer_0006,individual,0.0,-0.4148475,0.78148437,-0.3933693,0.052952807,-0.013684643,-0.42655346,0.08618732,0.04417396,-3.6113906e-22,1.0599523e-15,8.4137165e-23,1.00435126e-22,-5.52189e-19,-2.5369792e-17,-1.5647031e-23,-2.2651924e-17
tactic_0019,individual,0.02001065823692932,0.5482211,0.982874,0.94403994,-0.06708612,-0.036162894,1.1597947,-0.4652855,-0.020101745,6.836471e-22,1.1923097e-15,-1.2919508e-22,-2.9431802e-22,-2.1517359e-19,-2.9471254e-17,-6.5220937e-24,-2.5470181e-17
resource_0018,individual,0.015641092759448603,0.28947368,0.6982798,-0.5244105,0.04686086,-0.011329426,-0.588593,-0.26450524,0.18185812,-3.2769153e-22,1.0864311e-15,1.113715e-22,9.87103e-23,-5.496423e-19,-2.5955803e-17,-2.5403486e-23,-2.3005711e-17
error_0003,individual,0.0,-0.4148475,0.78148437,-0.3933693,0.052952807,-0.013684643,-0.42655346,0.08618732,0.04417396,-3.6113906e-22,1.0599523e-15,8.4137165e-23,1.00435126e-22,-5.52189e-19,-2.5369792e-17,-1.5647031e-23,-2.2651924e-17
problem_0010,individual,0.0,-0.4148475,0.78148437,-0.3933693,0.052952807,-0.013684643,-0.42655346,0.08618732,0.04417396,-3.6113906e-22,1.0599523e-15,8.4137165e-23,1.00435126e-22,-5.52189e-19,-2.5369792e-17,-1.5647031e-23,-2.2651924e-17
motivationalAffordance_0002,individual,0.02487490133223137,0.59556717,0.6134622,-0.7117587,0.045649048,-0.02206197,-0.8052938,-0.7103763,1.0993632,-3.7728145e-22,1.137945e-15,1.9840179e-22,1.3856e-22,-5.8723454e-19,-2.7263445e-17,-4.935579e-23,-2.4241502e-17
Leaderboards,class,0.02156343636254915,0.57965904,-2.230262,0.9613463,2.629743,-0.5150935,-0.32515368,-0.025266483,-0.43156207,-3.541332e-21,2.0215077e-15,2.60918e-20,-1.7499289e-21,-1.9554029e-18,-4.3674303e-17,-1.02213965e-20,-4.203137e-17
tactic_0017,individual,0.02001065823692932,0.5482211,0.982874,0.94403994,-0.06708612,-0.036162894,1.1597947,-0.4652855,-0.020101745,6.836471e-22,1.1923097e-15,-1.2919508e-22,-2.9431802e-22,-2.1517359e-19,-2.9471254e-17,-6.5220937e-24,-2.5470181e-17
cKCurriculumInformation_0009,individual,0.0,-0.4148475,0.78148437,-0.3933693,0.052952807,-0.013684643,-0.42655346,0.08618732,0.04417396,-3.6113906e-22,1.0599523e-15,8.4137165e-23,1.00435126e-22,-5.52189e-19,-2.5369792e-17,-1.5647031e-23,-2.2651924e-17
matchColumnAnswer_0004,individual,0.0,-0.4148475,0.78148437,-0.3933693,0.052952807,-0.013684643,-0.42655346,0.08618732,0.04417396,-3.6113906e-22,1.0599523e-15,8.4137165e-23,1.00435126e-22,-5.52189e-19,-2.5369792e-17,-1.5647031e-23,-2.2651924e-17
trueOrFalseOption_0008,individual,0.0,-0.4148475,0.78148437,-0.3933693,0.052952807,-0.013684643,-0.42655346,0.08618732,0.04417396,-3.6113906e-22,1.0599523e-15,8.4137165e-23,1.00435126e-22,-5.52189e-19,-2.5369792e-17,-1.5647031e-23,-2.2651924e-17
socialGraph_0004,individual,0.0,-0.4148475,0.78148437,-0.3933693,0.052952807,-0.013684643,-0.42655346,0.08618732,0.04417396,-3.6113906e-22,1.0599523e-15,8.4137165e-23,1.00435126e-22,-5.52189e-19,-2.5369792e-17,-1.5647031e-23,-2.2651924e-17
gameContext_0004,individual,0.0,-0.4148475,0.78148437,-0.3933693,0.052952807,-0.013684643,-0.42655346,0.08618732,0.04417396,-3.6113906e-22,1.0599523e-15,8.4137165e-23,1.00435126e-22,-5.52189e-19,-2.5369792e-17,-1.5647031e-23,-2.2651924e-17
content_0005,individual,0.0,-0.4148475,0.78148437,-0.3933693,0.052952807,-0.013684643,-0.42655346,0.08618732,0.04417396,-3.6113906e-22,1.0599523e-15,8.4137165e-23,1.00435126e-22,-5.52189e-19,-2.5369792e-17,-1.5647031e-23,-2.2651924e-17
strategy_0001,individual,0.06854117089425188,3.5706694,0.732168,0.3980875,-0.12412244,0.10027022,0.4721562,0.3638496,-0.2930071,8.1071536e-22,1.0172285e-15,-1.1016352e-21,-2.8048153e-22,-1.0223112e-19,-2.5135307e-17,3.6174579e-22,-2.1604381e-17
hint_0009,individual,0.0,-0.4148475,0.78148437,-0.3933693,0.052952807,-0.013684643,-0.42655346,0.08618732,0.04417396,-3.6113906e-22,1.0599523e-15,8.4137165e-23,1.00435126e-22,-5.52189e-19,-2.5369792e-17,-1.5647031e-23,-2.2651924e-17
hint_0006,individual,0.0,-0.4148475,0.78148437,-0.3933693,0.052952807,-0.013684643,-0.42655346,0.08618732,0.04417396,-3.6113906e-22,1.0599523e-15,8.4137165e-23,1.00435126e-22,-5.52189e-19,-2.5369792e-17,-1.5647031e-23,-2.2651924e-17
brainHex_0020,individual,0.0,-0.4148475,0.78148437,-0.3933693,0.052952807,-0.013684643,-0.42655346,0.08618732,0.04417396,-3.6113906e-22,1.0599523e-15,8.4137165e-23,1.00435126e-22,-5.52189e-19,-2.5369792e-17,-1.5647031e-23,-2.2651924e-17
yeeTeamwork_0003,individual,0.0,-0.4148475,0.78148437,-0.3933693,0.052952807,-0.013684643,-0.42655346,0.08618732,0.04417396,-3.6113906e-22,1.0599523e-15,8.4137165e-23,1.00435126e-22,-5.52189e-19,-2.5369792e-17,-1.5647031e-23,-2.2651924e-17
metric_0019,individual,0.008698503619727717,0.021507736,0.7497435,-0.42147112,0.048594147,-0.007439748,-0.4673952,-0.011616357,-0.21966995,-3.143122e-22,1.0587027e-15,7.039932e-23,8.283912e-23,-5.341707e-19,-2.5312058e-17,-1.3666984e-23,-2.2430152e-17
playerAction_0009,individual,0.02879131820667566,1.54308,0.7140682,-0.25546402,-0.050098386,0.08543524,-0.27031115,0.8581358,1.3019909,8.2587704e-23,1.0003098e-15,-9.377846e-22,7.433414e-24,-3.704696e-19,-2.4442812e-17,3.5309467e-22,-2.1418341e-17
playerType_0005,individual,0.04983886275351703,2.0668745,0.80938244,0.50934273,-0.054793652,-0.0041945986,0.6130734,-0.6925937,-1.1531428,6.1753243e-22,1.116323e-15,-1.3873003e-22,-2.7066636e-22,-2.152173e-19,-2.76678e-17,1.036781e-24,-2.3826873e-17
socialGraph_0001,individual,0.0,-0.4148475,0.78148437,-0.3933693,0.052952807,-0.013684643,-0.42655346,0.08618732,0.04417396,-3.6113906e-22,1.0599523e-15,8.4137165e-23,1.00435126e-22,-5.52189e-19,-2.5369792e-17,-1.5647031e-23,-2.2651924e-17
conceptualKnowledge_0008,individual,0.0,-0.4148475,0.78148437,-0.3933693,0.052952807,-0.013684643,-0.42655346,0.08618732,0.04417396,-3.6113906e-22,1.0599523e-15,8.4137165e-23,1.00435126e-22,-5.52189e-19,-2.5369792e-17,-1.5647031e-23,-2.2651924e-17
competence_0002,individual,0.0,-0.4148475,0.78148437,-0.3933693,0.052952807,-0.013684643,-0.42655346,0.08618732,0.04417396,-3.6113906e-22,1.0599523e-15,8.4137165e-23,1.00435126e-22,-5.52189e-19,-2.5369792e-17,-1.5647031e-23,-2.2651924e-17
sequencing_0018,individual,0.0,-0.4148475,0.78148437,-0.3933693,0.052952807,-0.013684643,-0.42655346,0.08618732,0.04417396,-3.6113906e-22,1.0599523e-15,8.4137165e-23,1.00435126e-22,-5.52189e-19,-2.5369792e-17,-1.5647031e-23,-2.2651924e-17
Badges,class,0.020732930194478947,0.5475039,-2.22411,0.9736508,2.6299598,-0.51464343,-0.3106663,0.0047629997,-0.47967464,-3.539756e-21,2.0180382e-15,2.6087045e-20,-1.7518254e-21,-1.9532853e-18,-4.3592987e-17,-1.02200475e-20,-4.1950054e-17
engagementLoop_0002,individual,0.2662020540538049,19.081047,0.22216319,0.34751374,-0.78765595,1.1008983,0.25023168,10.570351,1.1082267,3.3437023e-21,-1.2580853e-16,-1.0027845e-20,-7.775722e-22,1.2491312e-18,5.404434e-19,3.625251e-21,2.7045977e-18
problemNext_0010,individual,0.00429370427438251,-0.19881387,0.76602566,-0.40659663,0.050787345,-0.010531074,-0.44600463,0.03930884,-0.090960614,-3.3761858e-22,1.0555457e-15,7.694043e-23,9.1510143e-23,-5.4128306e-19,-2.5352538e-17,-1.4563104e-23,-2.254066e-17
domain_0001,individual,0.010580623352133512,0.09415269,0.7357918,-0.44937775,0.048124257,-0.00849423,-0.5002516,-0.080173954,-0.11081662,-3.179393e-22,1.0662108e-15,8.150679e-23,8.714176e-23,-5.3836616e-19,-2.5486546e-17,-1.6848725e-23,-2.258643e-17
engagementLoop_0008,individual,0.21645091876191447,11.535566,0.13341671,-0.42054394,-0.22297864,0.299097,-0.6292698,-0.022923473,-4.102004,1.4850688e-21,8.440934e-16,-2.1194153e-21,-4.870034e-22,2.2732598e-19,-2.009575e-17,7.071157e-22,-1.7496063e-17
yeeMechanics_0001,individual,0.0,-0.4148475,0.78148437,-0.3933693,0.052952807,-0.013684643,-0.42655346,0.08618732,0.04417396,-3.6113906e-22,1.0599523e-15,8.4137165e-23,1.00435126e-22,-5.52189e-19,-2.5369792e-17,-1.5647031e-23,-2.2651924e-17
bug_0005,individual,0.0,-0.4148475,0.78148437,-0.3933693,0.052952807,-0.013684643,-0.42655346,0.08618732,0.04417396,-3.6113906e-22,1.0599523e-15,8.4137165e-23,1.00435126e-22,-5.52189e-19,-2.5369792e-17,-1.5647031e-23,-2.2651924e-17
exercise_0017,individual,0.0,-0.4148475,0.78148437,-0.3933693,0.052952807,-0.013684643,-0.42655346,0.08618732,0.04417396,-3.6113906e-22,1.0599523e-15,8.4137165e-23,1.00435126e-22,-5.52189e-19,-2.5369792e-17,-1.5647031e-23,-2.2651924e-17
competence_0014,individual,0.0,-0.4148475,0.78148437,-0.3933693,0.052952807,-0.013684643,-0.42655346,0.08618732,0.04417396,-3.6113906e-22,1.0599523e-15,8.4137165e-23,1.00435126e-22,-5.52189e-19,-2.5369792e-17,-1.5647031e-23,-2.2651924e-17
progression_0005,individual,0.0077331736330356685,-0.0461664,0.8908374,0.28380683,-0.0059526362,-0.026430352,0.37853348,-0.16154559,0.07235639,1.4973529e-22,1.1242427e-15,-1.9670064e-23,-9.286881e-23,-3.8632374e-19,-2.7607517e-17,-1.1207902e-23,-2.4084831e-17
studentModel_0019,individual,0.0038665868165178342,-0.23050696,0.83616084,-0.054781213,0.023500085,-0.020057498,-0.024009971,-0.037679132,0.058265176,-1.0580528e-22,1.095878e-15,3.2233563e-23,3.679768e-24,-4.6928526e-19,-2.6612923e-17,-1.3427467e-23,-2.3367364e-17
leaderboards_0003,individual,0.027066107715624843,0.87553626,1.1642196,1.9767472,-0.15321627,-0.058294613,2.3912508,-0.7808779,0.1428126,1.4268178e-21,1.2910116e-15,-2.7918815e-22,-5.758185e-22,2.0785033e-20,-3.2483902e-17,-9.372677e-25,-2.756804e-17
userAccount_0001,individual,0.0,-0.4148475,0.78148437,-0.3933693,0.052952807,-0.013684643,-0.42655346,0.08618732,0.04417396,-3.6113906e-22,1.0599523e-15,8.4137165e-23,1.00435126e-22,-5.52189e-19,-2.5369792e-17,-1.5647031e-23,-2.2651924e-17
content_0001,individual,0.0,-0.4148475,0.78148437,-0.3933693,0.052952807,-0.013684643,-0.42655346,0.08618732,0.04417396,-3.6113906e-22,1.0599523e-15,8.4137165e-23,1.00435126e-22,-5.52189e-19,-2.5369792e-17,-1.5647031e-23,-2.2651924e-17
brainHex_0014,individual,0.0,-0.4148475,0.78148437,-0.3933693,0.052952807,-0.013684643,-0.42655346,0.08618732,0.04417396,-3.6113906e-22,1.0599523e-15,8.4137165e-23,1.00435126e-22,-5.52189e-19,-2.5369792e-17,-1.5647031e-23,-2.2651924e-17
gDEMechanic_0002,individual,0.027066107715624843,0.87553626,1.1642196,1.9767472,-0.15321627,-0.058294613,2.3912508,-0.7808779,0.1428126,1.4268178e-21,1.2910116e-15,-2.7918815e-22,-5.758185e-22,2.0785033e-20,-3.2483902e-17,-9.372677e-25,-2.756804e-17
badges_0003,individual,0.027066107715624843,0.87553626,1.1642196,1.9767472,-0.15321627,-0.058294613,2.3912508,-0.7808779,0.1428126,1.4268178e-21,1.2910116e-15,-2.7918815e-22,-5.758185e-22,2.0785033e-20,-3.2483902e-17,-9.372677e-25,-2.756804e-17
yeeSocialComponent_0003,individual,0.015466347266071337,0.3225147,1.0001903,0.9609831,-0.06485811,-0.039176058,1.1836207,-0.4092785,0.10053887,6.6060964e-22,1.1958679e-15,-1.234773e-22,-2.8596594e-22,-2.2430918e-19,-2.9604784e-17,-7.182364e-24,-2.558677e-17
playerType_0006,individual,0.03780690011445761,2.3998666,0.821777,0.2802136,-0.106675595,0.13782933,0.34418294,1.5895371,-0.12558943,5.41192e-22,8.971276e-16,-1.4507454e-21,-1.7596766e-22,-1.630793e-19,-2.2598869e-17,5.108136e-22,-1.938727e-17
targetBehavior_0022,individual,0.01933293408258917,0.5068552,1.0548668,1.299571,-0.09431083,-0.045548905,1.5861641,-0.5331449,0.11463007,9.159435e-22,1.2322084e-15,-1.7538092e-22,-3.8251451e-22,-1.4275227e-19,-3.047414e-17,-4.962806e-24,-2.6283333e-17
strategy_0011,individual,0.041491935509761865,1.613674,0.972455,1.2231965,-0.105310515,-0.030167911,1.4768544,-0.79268855,-0.5211086,1.0322152e-21,1.2015397e-15,-2.0728975e-22,-4.25561e-22,-9.272834e-20,-3.0417135e-17,-7.104292e-25,-2.5886735e-17
leftColumn_0003,individual,0.0,-0.4148475,0.78148437,-0.3933693,0.052952807,-0.013684643,-0.42655346,0.08618732,0.04417396,-3.6113906e-22,1.0599523e-15,8.4137165e-23,1.00435126e-22,-5.52189e-19,-2.5369792e-17,-1.5647031e-23,-2.2651924e-17
totalWeight,datatype_property,0.0,-0.7087522,-2.070484,-0.15536167,-0.5699244,4.143098,-0.121833265,-0.041745704,-0.015220543,2.4078843e-20,1.1883218e-15,5.935199e-21,-1.147999e-20,8.568661e-18,-4.8734348e-17,-4.4092168e-21,-2.6229793e-17
FillBlanksOption,class,0.0038665868165178342,-0.31459847,-2.1649776,1.0210418,2.6394498,-0.5289352,-0.23932739,0.15903121,0.07079996,-3.6368324e-21,2.0395677e-15,2.6132264e-20,-1.7152014e-21,-1.9973326e-18,-4.3960156e-17,-1.0230349e-20,-4.244932e-17
behaviouralKnowledge_0017,individual,0.004934380461179526,-0.17408544,0.7612765,-0.4160961,0.050627396,-0.010890021,-0.45718902,0.015971746,-0.053906802,-3.3885327e-22,1.0581478e-15,8.0721435e-23,9.2974774e-23,-5.4276536e-19,-2.5406748e-17,-1.5646173e-23,-2.259487e-17
resourceUnit_0013,individual,0.015466347266071337,0.3225147,1.0001903,0.9609831,-0.06485811,-0.039176058,1.1836207,-0.4092785,0.10053887,6.6060964e-22,1.1958679e-15,-1.234773e-22,-2.8596594e-22,-2.2430918e-19,-2.9604784e-17,-7.182364e-24,-2.558677e-17
resolutionMethod_0008,individual,0.0,-0.4148475,0.78148437,-0.3933693,0.052952807,-0.013684643,-0.42655346,0.08618732,0.04417396,-3.6113906e-22,1.0599523e-15,8.4137165e-23,1.00435126e-22,-5.52189e-19,-2.5369792e-17,-1.5647031e-23,-2.2651924e-17
discursiveProblem_0002,individual,0.0,-0.4148475,0.78148437,-0.3933693,0.052952807,-0.013684643,-0.42655346,0.08618732,0.04417396,-3.6113906e-22,1.0599523e-15,8.4137165e-23,1.00435126e-22,-5.52189e-19,-2.5369792e-17,-1.5647031e-23,-2.2651924e-17
resourceUnit_0018,individual,0.015466347266071337,0.3225147,1.0001903,0.9609831,-0.06485811,-0.039176058,1.1836207,-0.4092785,0.10053887,6.6060964e-22,1.1958679e-15,-1.234773e-22,-2.8596594e-22,-2.2430918e-19,-2.9604784e-17,-7.182364e-24,-2.558677e-17
catalogue_0003,individual,0.0,-0.4148475,0.78148437,-0.3933693,0.052952807,-0.013684643,-0.42655346,0.08618732,0.04417396,-3.6113906e-22,1.0599523e-15,8.4137165e-23,1.00435126e-22,-5.52189e-19,-2.5369792e-17,-1.5647031e-23,-2.2651924e-17
multipleChoiceProblem_0007,individual,0.0,-0.4148475,0.78148437,-0.3933693,0.052952807,-0.013684643,-0.42655346,0.08618732,0.04417396,-3.6113906e-22,1.0599523e-15,8.4137165e-23,1.00435126e-22,-5.52189e-19,-2.5369792e-17,-1.5647031e-23,-2.2651924e-17
competence_0006,individual,0.0,-0.4148475,0.78148437,-0.3933693,0.052952807,-0.013684643,-0.42655346,0.08618732,0.04417396,-3.6113906e-22,1.0599523e-15,8.4137165e-23,1.00435126e-22,-5.52189e-19,-2.5369792e-17,-1.5647031e-23,-2.2651924e-17
socializer_0003,individual,0.0,-0.4148475,0.78148437,-0.3933693,0.052952807,-0.013684643,-0.42655346,0.08618732,0.04417396,-3.6113906e-22,1.0599523e-15,8.4137165e-23,1.00435126e-22,-5.52189e-19,-2.5369792e-17,-1.5647031e-23,-2.2651924e-17
curriculum_0005,individual,0.0,-0.4148475,0.78148437,-0.3933693,0.052952807,-0.013684643,-0.42655346,0.08618732,0.04417396,-3.6113906e-22,1.0599523e-15,8.4137165e-23,1.00435126e-22,-5.52189e-19,-2.5369792e-17,-1.5647031e-23,-2.2651924e-17
gamificationModel_0006,individual,0.0,-0.4148475,0.78148437,-0.3933693,0.052952807,-0.013684643,-0.42655346,0.08618732,0.04417396,-3.6113906e-22,1.0599523e-15,8.4137165e-23,1.00435126e-22,-5.52189e-19,-2.5369792e-17,-1.5647031e-23,-2.2651924e-17
competence_0018,individual,0.0,-0.4148475,0.78148437,-0.3933693,0.052952807,-0.013684643,-0.42655346,0.08618732,0.04417396,-3.6113906e-22,1.0599523e-15,8.4137165e-23,1.00435126e-22,-5.52189e-19,-2.5369792e-17,-1.5647031e-23,-2.2651924e-17
curriculum_0008,individual,0.0,-0.4148475,0.78148437,-0.3933693,0.052952807,-0.013684643,-0.42655346,0.08618732,0.04417396,-3.6113906e-22,1.0599523e-15,8.4137165e-23,1.00435126e-22,-5.52189e-19,-2.5369792e-17,-1.5647031e-23,-2.2651924e-17
studentModel_0008,individual,0.0077331736330356685,-0.0461664,0.8908374,0.28380683,-0.0059526362,-0.026430352,0.37853348,-0.16154559,0.07235639,1.4973529e-22,1.1242427e-15,-1.9670064e-23,-9.286881e-23,-3.8632374e-19,-2.7607517e-17,-1.1207902e-23,-2.4084831e-17
targetBehavior_0018,individual,0.02355545211399424,1.2118756,1.0606369,1.3344387,-0.14154741,0.032578886,1.6217703,0.51863354,0.3690181,1.0591462e-21,1.1098028e-15,-9.106591e-22,-4.0249216e-22,-5.026027e-20,-2.806948e-17,2.673559e-22,-2.3979465e-17
contentUnlocking_0003,individual,0.0,-0.4148475,0.78148437,-0.3933693,0.052952807,-0.013684643,-0.42655346,0.08618732,0.04417396,-3.6113906e-22,1.0599523e-15,8.4137165e-23,1.00435126e-22,-5.52189e-19,-2.5369792e-17,-1.5647031e-23,-2.2651924e-17
discursiveOption_0004,individual,0.0,-0.4148475,0.78148437,-0.3933693,0.052952807,-0.013684643,-0.42655346,0.08618732,0.04417396,-3.6113906e-22,1.0599523e-15,8.4137165e-23,1.00435126e-22,-5.52189e-19,-2.5369792e-17,-1.5647031e-23,-2.2651924e-17
categoryParticipation_0003,individual,0.10029721531199255,4.663751,0.4308741,-0.6700251,0.001668626,0.06354269,-0.84534425,-0.9386639,-3.3582015,2.0865535e-22,9.801772e-16,-1.0482398e-22,-1.2005509e-22,-3.147384e-19,-2.4262355e-17,1.5018978e-23,-2.0811184e-17
resourceUnit_0012,individual,0.023199520899107005,0.6911958,1.1095432,1.6381593,-0.123763554,-0.05192176,1.9887077,-0.6570115,0.12872137,1.1714839e-21,1.2555196e-15,-2.2728453e-22,-4.792699e-22,-5.87306e-20,-3.1484718e-17,-3.156832e-24,-2.696102e-17
metric_0041,individual,0.004578449246292296,-0.18782346,0.7639149,-0.4108186,0.050716255,-0.010690606,-0.45097548,0.0289368,-0.07449225,-3.3816733e-22,1.0568467e-15,7.862087e-23,9.2161086e-23,-5.4191833e-19,-2.5379643e-17,-1.5044467e-23,-2.2560989e-17
gDEDynamic_0002,individual,0.01597058315382825,0.3723918,0.8625145,0.2625417,-0.010196213,-0.019927122,0.34574115,-0.24255356,-0.21815515,1.9745075e-22,1.1212748e-15,-3.612911e-23,-1.115189e-22,-3.6788126e-19,-2.7273748e-17,-8.448372e-24,-2.3879151e-17
option_0010,individual,0.0,-0.4148475,0.78148437,-0.3933693,0.052952807,-0.013684643,-0.42655346,0.08618732,0.04417396,-3.6113906e-22,1.0599523e-15,8.4137165e-23,1.00435126e-22,-5.52189e-19,-2.5369792e-17,-1.5647031e-23,-2.2651924e-17
genericOperator_0001,individual,0.0,-0.4148475,0.78148437,-0.3933693,0.052952807,-0.013684643,-0.42655346,0.08618732,0.04417396,-3.6113906e-22,1.0599523e-15,8.4137165e-23,1.00435126e-22,-5.52189e-19,-2.5369792e-17,-1.5647031e-23,-2.2651924e-17
virtualGoods_0001,individual,0.0,-0.4148475,0.78148437,-0.3933693,0.052952807,-0.013684643,-0.42655346,0.08618732,0.04417396,-3.6113906e-22,1.0599523e-15,8.4137165e-23,1.00435126e-22,-5.52189e-19,-2.5369792e-17,-1.5647031e-23,-2.2651924e-17
gDEComponent_0004,individual,0.03203862366411371,1.1481851,1.0097911,1.26249,-0.10076341,-0.035989914,1.530873,-0.6673904,-0.30091938,9.868429e-22,1.2068835e-15,-1.9800643e-22,-4.096905e-22,-1.1369329e-19,-3.0424537e-17,-1.4144718e-24,-2.608216e-17
targetBehavior_0023,individual,0.011599760449553503,0.13817412,0.94551384,0.6223949,-0.035405386,-0.032803208,0.781077,-0.28541204,0.08644765,4.050691e-22,1.159037e-15,-7.1573684e-23,-1.8941739e-22,-3.065186e-19,-2.8589887e-17,-9.401928e-24,-2.4833578e-17
strategy_0020,individual,0.01933293408258917,0.5068552,1.0548668,1.299571,-0.09431083,-0.045548905,1.5861641,-0.5331449,0.11463007,9.159435e-22,1.2322084e-15,-1.7538092e-22,-3.8251451e-22,-1.4275227e-19,-3.047414e-17,-4.962806e-24,-2.6283333e-17
form_0005,individual,0.0,-0.4148475,0.78148437,-0.3933693,0.052952807,-0.013684643,-0.42655346,0.08618732,0.04417396,-3.6113906e-22,1.0599523e-15,8.4137165e-23,1.00435126e-22,-5.52189e-19,-2.5369792e-17,-1.5647031e-23,-2.2651924e-17
exercise_0013,individual,0.0,-0.4148475,0.78148437,-0.3933693,0.052952807,-0.013684643,-0.42655346,0.08618732,0.04417396,-3.6113906e-22,1.0599523e-15,8.4137165e-23,1.00435126e-22,-5.52189e-19,-2.5369792e-17,-1.5647031e-23,-2.2651924e-17
matchColumnOption_0002,individual,0.0,-0.4148475,0.78148437,-0.3933693,0.052952807,-0.013684643,-0.42655346,0.08618732,0.04417396,-3.6113906e-22,1.0599523e-15,8.4137165e-23,1.00435126e-22,-5.52189e-19,-2.5369792e-17,-1.5647031e-23,-2.2651924e-17
competence_0012,individual,0.0,-0.4148475,0.78148437,-0.3933693,0.052952807,-0.013684643,-0.42655346,0.08618732,0.04417396,-3.6113906e-22,1.0599523e-15,8.4137165e-23,1.00435126e-22,-5.52189e-19,-2.5369792e-17,-1.5647031e-23,-2.2651924e-17
activity_0019,individual,0.0,-0.4148475,0.78148437,-0.3933693,0.052952807,-0.013684643,-0.42655346,0.08618732,0.04417396,-3.6113906e-22,1.0599523e-15,8.4137165e-23,1.00435126e-22,-5.52189e-19,-2.5369792e-17,-1.5647031e-23,-2.2651924e-17
fillBlanksOption_0008,individual,0.0,-0.4148475,0.78148437,-0.3933693,0.052952807,-0.013684643,-0.42655346,0.08618732,0.04417396,-3.6113906e-22,1.0599523e-15,8.4137165e-23,1.00435126e-22,-5.52189e-19,-2.5369792e-17,-1.5647031e-23,-2.2651924e-17
problemUnit_0003,individual,0.0077331736330356685,-0.0461664,0.8908374,0.28380683,-0.0059526362,-0.026430352,0.37853348,-0.16154559,0.07235639,1.4973529e-22,1.1242427e-15,-1.9670064e-23,-9.286881e-23,-3.8632374e-19,-2.7607517e-17,-1.1207902e-23,-2.4084831e-17
activity_0012,individual,0.0,-0.4148475,0.78148437,-0.3933693,0.052952807,-0.013684643,-0.42655346,0.08618732,0.04417396,-3.6113906e-22,1.0599523e-15,8.4137165e-23,1.00435126e-22,-5.52189e-19,-2.5369792e-17,-1.5647031e-23,-2.2651924e-17
strategy_0008,individual,0.045089108123852736,1.7724084,1.0960976,1.9112617,-0.16208988,-0.046155542,2.2986393,-0.9992875,-0.3486707,1.5192651e-21,1.2734231e-15,-3.0296954e-22,-6.0957945e-22,5.863242e-20,-3.2457704e-17,1.9645824e-24,-2.7377574e-17
studentModel_0001,individual,0.011599760449553503,0.13817412,0.94551384,0.6223949,-0.035405386,-0.032803208,0.781077,-0.28541204,0.08644765,4.050691e-22,1.159037e-15,-7.1573684e-23,-1.8941739e-22,-3.065186e-19,-2.8589887e-17,-9.401928e-24,-2.4833578e-17
question_0005,individual,0.0,-0.4148475,0.78148437,-0.3933693,0.052952807,-0.013684643,-0.42655346,0.08618732,0.04417396,-3.6113906e-22,1.0599523e-15,8.4137165e-23,1.00435126e-22,-5.52189e-19,-2.5369792e-17,-1.5647031e-23,-2.2651924e-17
errorBug_0002,individual,0.0,-0.4148475,0.78148437,-0.3933693,0.052952807,-0.013684643,-0.42655346,0.08618732,0.04417396,-3.6113906e-22,1.0599523e-15,8.4137165e-23,1.00435126e-22,-5.52189e-19,-2.5369792e-17,-1.5647031e-23,-2.2651924e-17
domain_0010,individual,0.009156898492584593,0.039200585,0.7463455,-0.42826787,0.048479702,-0.0076965694,-0.47539747,-0.028313732,-0.19315846,-3.1519557e-22,1.0605458e-15,7.310457e-23,8.3887046e-23,-5.351898e-19,-2.535441e-17,-1.4441904e-23,-2.2468269e-17
teams_0005,individual,0.0,-0.4148475,0.78148437,-0.3933693,0.052952807,-0.013684643,-0.42655346,0.08618732,0.04417396,-3.6113906e-22,1.0599523e-15,8.4137165e-23,1.00435126e-22,-5.52189e-19,-2.5369792e-17,-1.5647031e-23,-2.2651924e-17
yeeRelationship_0001,individual,0.0,-0.4148475,0.78148437,-0.3933693,0.052952807,-0.013684643,-0.42655346,0.08618732,0.04417396,-3.6113906e-22,1.0599523e-15,8.4137165e-23,1.00435126e-22,-5.52189e-19,-2.5369792e-17,-1.5647031e-23,-2.2651924e-17
errorMisconception_0001,individual,0.0,-0.4148475,0.78148437,-0.3933693,0.052952807,-0.013684643,-0.42655346,0.08618732,0.04417396,-3.6113906e-22,1.0599523e-15,8.4137165e-23,1.00435126e-22,-5.52189e-19,-2.5369792e-17,-1.5647031e-23,-2.2651924e-17
strategy_0013,individual,0.027480674262263607,0.90674496,1.0941776,1.6251179,-0.12592588,-0.04876115,1.9694756,-0.7034328,-0.0071391077,1.1950287e-21,1.251113e-15,-2.3455536e-22,-4.8822357e-22,-4.8671643e-20,-3.13997e-17,-2.0516884e-24,-2.6754889e-17
yeeRolePlaying_0005,individual,0.0,-0.4148475,0.78148437,-0.3933693,0.052952807,-0.013684643,-0.42655346,0.08618732,0.04417396,-3.6113906e-22,1.0599523e-15,8.4137165e-23,1.00435126e-22,-5.52189e-19,-2.5369792e-17,-1.5647031e-23,-2.2651924e-17
progressiveLoop_0007,individual,0.0,-0.4148475,0.78148437,-0.3933693,0.052952807,-0.013684643,-0.42655346,0.08618732,0.04417396,-3.6113906e-22,1.0599523e-15,8.4137165e-23,1.00435126e-22,-5.52189e-19,-2.5369792e-17,-1.5647031e-23,-2.2651924e-17
discursiveProblem_0005,individual,0.0,-0.4148475,0.78148437,-0.3933693,0.052952807,-0.013684643,-0.42655346,0.08618732,0.04417396,-3.6113906e-22,1.0599523e-15,8.4137165e-23,1.00435126e-22,-5.52189e-19,-2.5369792e-17,-1.5647031e-23,-2.2651924e-17
domain_0006,individual,0.01515907259842581,0.32117668,0.7182224,-0.46682706,0.0458877,-0.0055002016,-0.5246736,-0.13742447,-0.2294828,-2.9496756e-22,1.0618925e-15,7.5990466e-23,7.886772e-23,-5.2780596e-19,-2.5445699e-17,-1.6246155e-23,-2.2732937e-17
discursiveProblem_0001,individual,0.0,-0.4148475,0.78148437,-0.3933693,0.052952807,-0.013684643,-0.42655346,0.08618732,0.04417396,-3.6113906e-22,1.0599523e-15,8.4137165e-23,1.00435126e-22,-5.52189e-19,-2.5369792e-17,-1.5647031e-23,-2.2651924e-17
gamificationModel_0008,individual,0.0,-0.4148475,0.78148437,-0.3933693,0.052952807,-0.013684643,-0.42655346,0.08618732,0.04417396,-3.6113906e-22,1.0599523e-15,8.4137165e-23,1.00435126e-22,-5.52189e-19,-2.5369792e-17,-1.5647031e-23,-2.2651924e-17
curriculumUnit_0002,individual,0.0038665868165178342,-0.23050696,0.83616084,-0.054781213,0.023500085,-0.020057498,-0.024009971,-0.037679132,0.058265176,-1.0580528e-22,1.095878e-15,3.2233563e-23,3.679768e-24,-4.6928526e-19,-2.6612923e-17,-1.3427467e-23,-2.3367364e-17
matchColumnOption_0006,individual,0.0,-0.4148475,0.78148437,-0.3933693,0.052952807,-0.013684643,-0.42655346,0.08618732,0.04417396,-3.6113906e-22,1.0599523e-15,8.4137165e-23,1.00435126e-22,-5.52189e-19,-2.5369792e-17,-1.5647031e-23,-2.2651924e-17
designPractice_0004,individual,0.023199520899107005,0.6911958,1.1095432,1.6381593,-0.123763554,-0.05192176,1.9887077,-0.6570115,0.12872137,1.1714839e-21,1.2555196e-15,-2.2728453e-22,-4.792699e-22,-5.87306e-20,-3.1484718e-17,-3.156832e-24,-2.696102e-17
sDTCompetence_0003,individual,0.016788377492795336,0.43437138,0.72251433,-0.44054875,0.04438743,-0.00085385895,-0.49761188,-0.08725026,-0.5187142,-2.6631242e-22,1.0484164e-15,5.30696e-23,6.385176e-23,-5.1187684e-19,-2.518666e-17,-1.0658041e-23,-2.2442583e-17
curriculumUnit_0001,individual,0.0077331736330356685,-0.0461664,0.8908374,0.28380683,-0.0059526362,-0.026430352,0.37853348,-0.16154559,0.07235639,1.4973529e-22,1.1242427e-15,-1.9670064e-23,-9.286881e-23,-3.8632374e-19,-2.7607517e-17,-1.1207902e-23,-2.4084831e-17
problem_0015,individual,0.0,-0.4148475,0.78148437,-0.3933693,0.052952807,-0.013684643,-0.42655346,0.08618732,0.04417396,-3.6113906e-22,1.0599523e-15,8.4137165e-23,1.00435126e-22,-5.52189e-19,-2.5369792e-17,-1.5647031e-23,-2.2651924e-17
resourceWeight_0005,individual,0.0,-0.4148475,0.78148437,-0.3933693,0.052952807,-0.013684643,-0.42655346,0.08618732,0.04417396,-3.6113906e-22,1.0599523e-15,8.4137165e-23,1.00435126e-22,-5.52189e-19,-2.5369792e-17,-1.5647031e-23,-2.2651924e-17
nonGameContext_0001,individual,0.0038665868165178342,-0.23050696,0.83616084,-0.054781213,0.023500085,-0.020057498,-0.024009971,-0.037679132,0.058265176,-1.0580528e-22,1.095878e-15,3.2233563e-23,3.679768e-24,-4.6928526e-19,-2.6612923e-17,-1.3427467e-23,-2.3367364e-17
context_0005,individual,0.0,-0.4148475,0.78148437,-0.3933693,0.052952807,-0.013684643,-0.42655346,0.08618732,0.04417396,-3.6113906e-22,1.0599523e-15,8.4137165e-23,1.00435126e-22,-5.52189e-19,-2.5369792e-17,-1.5647031e-23,-2.2651924e-17
genericOperator_0003,individual,0.0,-0.4148475,0.78148437,-0.3933693,0.052952807,-0.013684643,-0.42655346,0.08618732,0.04417396,-3.6113906e-22,1.0599523e-15,8.4137165e-23,1.00435126e-22,-5.52189e-19,-2.5369792e-17,-1.5647031e-23,-2.2651924e-17
bug_0004,individual,0.0,-0.4148475,0.78148437,-0.3933693,0.052952807,-0.013684643,-0.42655346,0.08618732,0.04417396,-3.6113906e-22,1.0599523e-15,8.4137165e-23,1.00435126e-22,-5.52189e-19,-2.5369792e-17,-1.5647031e-23,-2.2651924e-17
metric_0029,individual,0.013048293747192881,0.2397061,0.7338691,-0.43553007,0.04641468,-0.004317609,-0.48782545,-0.060537804,-0.3515607,-2.908998e-22,1.0536526e-15,6.353356e-23,7.404235e-23,-5.231473e-19,-2.5255963e-17,-1.2677866e-23,-2.2570306e-17
uRIResource_0010,individual,0.0,-0.4148475,0.78148437,-0.3933693,0.052952807,-0.013684643,-0.42655346,0.08618732,0.04417396,-3.6113906e-22,1.0599523e-15,8.4137165e-23,1.00435126e-22,-5.52189e-19,-2.5369792e-17,-1.5647031e-23,-2.2651924e-17
categoryExploration_0003,individual,0.04482856291436868,1.8184963,0.6128763,-0.55368847,0.03082592,0.016791299,-0.65408546,-0.45149747,-1.1977749,-1.2957947e-22,1.0350063e-15,2.3332638e-23,1.550939e-23,-4.5525844e-19,-2.4887704e-17,-8.005386e-24,-2.2037817e-17
hasCategory,object_property,0.0077331736330356685,-0.2655196,-1.953866,2.286578,-2.5332394,-1.1805292,-0.98097175,-0.03338551,0.015861288,-5.9186683e-21,2.5688095e-16,-3.02829e-20,6.33143e-21,-2.4835773e-18,-2.9961276e-18,1.26626464e-20,-6.737596e-18
curriculum_0007,individual,0.0,-0.4148475,0.78148437,-0.3933693,0.052952807,-0.013684643,-0.42655346,0.08618732,0.04417396,-3.6113906e-22,1.0599523e-15,8.4137165e-23,1.00435126e-22,-5.52189e-19,-2.5369792e-17,-1.5647031e-23,-2.2651924e-17
feedback_0005,individual,0.0038665868165178342,-0.23050696,0.83616084,-0.054781213,0.023500085,-0.020057498,-0.024009971,-0.037679132,0.058265176,-1.0580528e-22,1.095878e-15,3.2233563e-23,3.679768e-24,-4.6928526e-19,-2.6612923e-17,-1.3427467e-23,-2.3367364e-17
instrutionalPlan_0015,individual,0.0077331736330356685,-0.0461664,0.8908374,0.28380683,-0.0059526362,-0.026430352,0.37853348,-0.16154559,0.07235639,1.4973529e-22,1.1242427e-15,-1.9670064e-23,-9.286881e-23,-3.8632374e-19,-2.7607517e-17,-1.1207902e-23,-2.4084831e-17
behaviouralKnowledge_0015,individual,0.01551500381331304,0.3349147,0.715584,-0.47210455,0.045798842,-0.005699617,-0.5308871,-0.15038952,-0.20889734,-2.9565348e-22,1.0636272e-15,7.809101e-23,7.968141e-23,-5.28653e-19,-2.5486356e-17,-1.684786e-23,-2.2773594e-17
virtualGoods_0003,individual,0.0,-0.4148475,0.78148437,-0.3933693,0.052952807,-0.013684643,-0.42655346,0.08618732,0.04417396,-3.6113906e-22,1.0599523e-15,8.4137165e-23,1.00435126e-22,-5.52189e-19,-2.5369792e-17,-1.5647031e-23,-2.2651924e-17
problemUnit_0011,individual,0.011599760449553503,0.13817412,0.94551384,0.6223949,-0.035405386,-0.032803208,0.781077,-0.28541204,0.08644765,4.050691e-22,1.159037e-15,-7.1573684e-23,-1.8941739e-22,-3.065186e-19,-2.8589887e-17,-9.401928e-24,-2.4833578e-17
hint_0007,individual,0.0,-0.4148475,0.78148437,-0.3933693,0.052952807,-0.013684643,-0.42655346,0.08618732,0.04417396,-3.6113906e-22,1.0599523e-15,8.4137165e-23,1.00435126e-22,-5.52189e-19,-2.5369792e-17,-1.5647031e-23,-2.2651924e-17
strategy_0015,individual,0.03281897124880764,1.1783046,1.0040066,1.2509196,-0.10095823,-0.036427114,1.5172503,-0.69581515,-0.25578758,9.853391e-22,1.2103529e-15,-1.9340117e-22,-4.079066e-22,-1.1538735e-19,-3.0478747e-17,-2.7336555e-24,-2.613637e-17
playerType_0002,individual,0.04267009433265968,1.7199777,0.69584554,-0.17620198,0.0039709117,0.008234896,-0.20186645,-0.4654197,-1.1486826,1.0557039e-22,1.0662313e-15,-3.159191e-23,-7.6278975e-23,-3.7902548e-19,-2.5755066e-17,-3.9428846e-24,-2.2525708e-17
yeeAdvancement_0002,individual,0.0,-0.4148475,0.78148437,-0.3933693,0.052952807,-0.013684643,-0.42655346,0.08618732,0.04417396,-3.6113906e-22,1.0599523e-15,8.4137165e-23,1.00435126e-22,-5.52189e-19,-2.5369792e-17,-1.5647031e-23,-2.2651924e-17
daredevil_0005,individual,0.0,-0.4148475,0.78148437,-0.3933693,0.052952807,-0.013684643,-0.42655346,0.08618732,0.04417396,-3.6113906e-22,1.0599523e-15,8.4137165e-23,1.00435126e-22,-5.52189e-19,-2.5369792e-17,-1.5647031e-23,-2.2651924e-17
teams_0001,individual,0.0,-0.4148475,0.78148437,-0.3933693,0.052952807,-0.013684643,-0.42655346,0.08618732,0.04417396,-3.6113906e-22,1.0599523e-15,8.4137165e-23,1.00435126e-22,-5.52189e-19,-2.5369792e-17,-1.5647031e-23,-2.2651924e-17
option_0012,individual,0.0,-0.4148475,0.78148437,-0.3933693,0.052952807,-0.013684643,-0.42655346,0.08618732,0.04417396,-3.6113906e-22,1.0599523e-15,8.4137165e-23,1.00435126e-22,-5.52189e-19,-2.5369792e-17,-1.5647031e-23,-2.2651924e-17
sequencing_0013,individual,0.0,-0.4148475,0.78148437,-0.3933693,0.052952807,-0.013684643,-0.42655346,0.08618732,0.04417396,-3.6113906e-22,1.0599523e-15,8.4137165e-23,1.00435126e-22,-5.52189e-19,-2.5369792e-17,-1.5647031e-23,-2.2651924e-17
curriculum_0003,individual,0.0,-0.4148475,0.78148437,-0.3933693,0.052952807,-0.013684643,-0.42655346,0.08618732,0.04417396,-3.6113906e-22,1.0599523e-15,8.4137165e-23,1.00435126e-22,-5.52189e-19,-2.5369792e-17,-1.5647031e-23,-2.2651924e-17
trueOrFalseOption_0001,individual,0.0,-0.4148475,0.78148437,-0.3933693,0.052952807,-0.013684643,-0.42655346,0.08618732,0.04417396,-3.6113906e-22,1.0599523e-15,8.4137165e-23,1.00435126e-22,-5.52189e-19,-2.5369792e-17,-1.5647031e-23,-2.2651924e-17
strategy_0014,individual,0.023504604797581777,0.7181786,1.0403126,1.2881532,-0.096445814,-0.042326964,1.5688432,-0.5755782,-0.027562365,9.396991e-22,1.2156209e-15,-1.8329785e-22,-3.917185e-22,-1.307284e-19,-3.0400515e-17,-3.672583e-24,-2.6120764e-17
daredevil_0001,individual,0.0,-0.4148475,0.78148437,-0.3933693,0.052952807,-0.013684643,-0.42655346,0.08618732,0.04417396,-3.6113906e-22,1.0599523e-15,8.4137165e-23,1.00435126e-22,-5.52189e-19,-2.5369792e-17,-1.5647031e-23,-2.2651924e-17
transactions_0004,individual,0.0,-0.4148475,0.78148437,-0.3933693,0.052952807,-0.013684643,-0.42655346,0.08618732,0.04417396,-3.6113906e-22,1.0599523e-15,8.4137165e-23,1.00435126e-22,-5.52189e-19,-2.5369792e-17,-1.5647031e-23,-2.2651924e-17
gamificationModel_0007,individual,0.0,-0.4148475,0.78148437,-0.3933693,0.052952807,-0.013684643,-0.42655346,0.08618732,0.04417396,-3.6113906e-22,1.0599523e-15,8.4137165e-23,1.00435126e-22,-5.52189e-19,-2.5369792e-17,-1.5647031e-23,-2.2651924e-17
multipleChoiceOption_0018,individual,0.0,-0.4148475,0.78148437,-0.3933693,0.052952807,-0.013684643,-0.42655346,0.08618732,0.04417396,-3.6113906e-22,1.0599523e-15,8.4137165e-23,1.00435126e-22,-5.52189e-19,-2.5369792e-17,-1.5647031e-23,-2.2651924e-17
targetBehavior_0039,individual,0.01986683090492002,0.5426697,0.9839401,0.9461725,-0.06705022,-0.036082316,1.1623055,-0.4600465,-0.028420065,6.839243e-22,1.1923097e-15,-1.3004388e-22,-2.9464682e-22,-2.1517359e-19,-2.944415e-17,-6.278954e-24,-2.5443076e-17
trueOrFalseProblem_0008,individual,0.0,-0.4148475,0.78148437,-0.3933693,0.052952807,-0.013684643,-0.42655346,0.08618732,0.04417396,-3.6113906e-22,1.0599523e-15,8.4137165e-23,1.00435126e-22,-5.52189e-19,-2.5369792e-17,-1.5647031e-23,-2.2651924e-17
metric_0002,individual,0.004578449246292296,-0.18782346,0.7639149,-0.4108186,0.050716255,-0.010690606,-0.45097548,0.0289368,-0.07449225,-3.3816733e-22,1.0568467e-15,7.862087e-23,9.2161086e-23,-5.4191833e-19,-2.5379643e-17,-1.5044467e-23,-2.2560989e-17
behaviouralKnowledge_0009,individual,0.004578449246292296,-0.18782346,0.7639149,-0.4108186,0.050716255,-0.010690606,-0.45097548,0.0289368,-0.07449225,-3.3816733e-22,1.0568467e-15,7.862087e-23,9.2161086e-23,-5.4191833e-19,-2.5379643e-17,-1.5044467e-23,-2.2560989e-17
genericOperator_0005,individual,0.0,-0.4148475,0.78148437,-0.3933693,0.052952807,-0.013684643,-0.42655346,0.08618732,0.04417396,-3.6113906e-22,1.0599523e-15,8.4137165e-23,1.00435126e-22,-5.52189e-19,-2.5369792e-17,-1.5647031e-23,-2.2651924e-17
error_0001,individual,0.0,-0.4148475,0.78148437,-0.3933693,0.052952807,-0.013684643,-0.42655346,0.08618732,0.04417396,-3.6113906e-22,1.0599523e-15,8.4137165e-23,1.00435126e-22,-5.52189e-19,-2.5369792e-17,-1.5647031e-23,-2.2651924e-17
player_0019,individual,0.027066107715624843,0.87553626,1.1642196,1.9767472,-0.15321627,-0.058294613,2.3912508,-0.7808779,0.1428126,1.4268178e-21,1.2910116e-15,-2.7918815e-22,-5.758185e-22,2.0785033e-20,-3.2483902e-17,-9.372677e-25,-2.756804e-17
studentModel_0016,individual,0.0077331736330356685,-0.0461664,0.8908374,0.28380683,-0.0059526362,-0.026430352,0.37853348,-0.16154559,0.07235639,1.4973529e-22,1.1242427e-15,-1.9670064e-23,-9.286881e-23,-3.8632374e-19,-2.7607517e-17,-1.1207902e-23,-2.4084831e-17
question_0017,individual,0.0,-0.4148475,0.78148437,-0.3933693,0.052952807,-0.013684643,-0.42655346,0.08618732,0.04417396,-3.6113906e-22,1.0599523e-15,8.4137165e-23,1.00435126e-22,-5.52189e-19,-2.5369792e-17,-1.5647031e-23,-2.2651924e-17
sequencing_0014,individual,0.0,-0.4148475,0.78148437,-0.3933693,0.052952807,-0.013684643,-0.42655346,0.08618732,0.04417396,-3.6113906e-22,1.0599523e-15,8.4137165e-23,1.00435126e-22,-5.52189e-19,-2.5369792e-17,-1.5647031e-23,-2.2651924e-17
categoryEnjoyment_0001,individual,0.09317371361728274,4.2378793,0.4345703,-0.7157124,0.0067275893,0.050856195,-0.8875025,-1.0077537,-2.6198032,1.269982e-22,1.0142515e-15,-4.925481e-23,-8.011788e-23,-3.5407996e-19,-2.5210745e-17,2.0339075e-24,-2.1738384e-17
knowledgeUnit_0004,individual,0.0,-0.4148475,0.78148437,-0.3933693,0.052952807,-0.013684643,-0.42655346,0.08618732,0.04417396,-3.6113906e-22,1.0599523e-15,8.4137165e-23,1.00435126e-22,-5.52189e-19,-2.5369792e-17,-1.5647031e-23,-2.2651924e-17
multipleChoiceProblem_0006,individual,0.0,-0.4148475,0.78148437,-0.3933693,0.052952807,-0.013684643,-0.42655346,0.08618732,0.04417396,-3.6113906e-22,1.0599523e-15,8.4137165e-23,1.00435126e-22,-5.52189e-19,-2.5369792e-17,-1.5647031e-23,-2.2651924e-17
statement_0008,individual,0.0,-0.4148475,0.78148437,-0.3933693,0.052952807,-0.013684643,-0.42655346,0.08618732,0.04417396,-3.6113906e-22,1.0599523e-15,8.4137165e-23,1.00435126e-22,-5.52189e-19,-2.5369792e-17,-1.5647031e-23,-2.2651924e-17
bossFights_0003,individual,0.011599760449553503,0.13817412,0.94551384,0.6223949,-0.035405386,-0.032803208,0.781077,-0.28541204,0.08644765,4.050691e-22,1.159037e-15,-7.1573684e-23,-1.8941739e-22,-3.065186e-19,-2.8589887e-17,-9.401928e-24,-2.4833578e-17
yeeTeamwork_0001,individual,0.0,-0.4148475,0.78148437,-0.3933693,0.052952807,-0.013684643,-0.42655346,0.08618732,0.04417396,-3.6113906e-22,1.0599523e-15,8.4137165e-23,1.00435126e-22,-5.52189e-19,-2.5369792e-17,-1.5647031e-23,-2.2651924e-17
concept_0001,individual,0.0,-0.4148475,0.78148437,-0.3933693,0.052952807,-0.013684643,-0.42655346,0.08618732,0.04417396,-3.6113906e-22,1.0599523e-15,8.4137165e-23,1.00435126e-22,-5.52189e-19,-2.5369792e-17,-1.5647031e-23,-2.2651924e-17
knowledgeUnit_0019,individual,0.0,-0.4148475,0.78148437,-0.3933693,0.052952807,-0.013684643,-0.42655346,0.08618732,0.04417396,-3.6113906e-22,1.0599523e-15,8.4137165e-23,1.00435126e-22,-5.52189e-19,-2.5369792e-17,-1.5647031e-23,-2.2651924e-17
behaviouralKnowledge_0014,individual,0.009512829707471823,0.052938614,0.7437071,-0.43354532,0.048390843,-0.007895985,-0.481611,-0.041278787,-0.17257299,-3.1588151e-22,1.0619553e-15,7.520514e-23,8.470072e-23,-5.359839e-19,-2.5387444e-17,-1.5043609e-23,-2.2497915e-17
leadsToExploration,object_property,0.01933293408258917,0.28750202,-1.7898364,3.302342,-2.6215975,-1.1996477,0.22665846,-0.40498486,0.05813497,-5.1524604e-21,3.6484668e-16,-3.0437784e-20,6.041991e-21,-2.240006e-18,-5.9711703e-18,1.2668064e-20,-9.152939e-18
survivor_0002,individual,0.0,-0.4148475,0.78148437,-0.3933693,0.052952807,-0.013684643,-0.42655346,0.08618732,0.04417396,-3.6113906e-22,1.0599523e-15,8.4137165e-23,1.00435126e-22,-5.52189e-19,-2.5369792e-17,-1.5647031e-23,-2.2651924e-17
metric_0010,individual,0.00440048363884868,-0.19469246,0.7652341,-0.40817988,0.050760686,-0.010590899,-0.44786867,0.035419323,-0.08478499,-3.3782437e-22,1.0559794e-15,7.757061e-23,9.175425e-23,-5.414948e-19,-2.5352538e-17,-1.4743615e-23,-2.2547436e-17
strategy_0005,individual,0.025668753505636015,0.84733146,0.8233633,0.21961759,-0.014804436,-0.014242303,0.28744808,-0.37677082,-0.42418277,2.423511e-22,1.1132722e-15,-4.3967346e-23,-1.268296e-22,-3.492629e-19,-2.736475e-17,-8.158273e-24,-2.389815e-17
metric_0028,individual,0.013155073111659052,0.2438275,0.7330775,-0.4371133,0.04638802,-0.0043774336,-0.48968953,-0.06442732,-0.34538507,-2.9110558e-22,1.0540862e-15,6.416374e-23,7.428646e-23,-5.2335903e-19,-2.5255963e-17,-1.2858382e-23,-2.2570306e-17
sequencing_0020,individual,0.0,-0.4148475,0.78148437,-0.3933693,0.052952807,-0.013684643,-0.42655346,0.08618732,0.04417396,-3.6113906e-22,1.0599523e-15,8.4137165e-23,1.00435126e-22,-5.52189e-19,-2.5369792e-17,-1.5647031e-23,-2.2651924e-17
conceptualKnowledge_0007,individual,0.0,-0.4148475,0.78148437,-0.3933693,0.052952807,-0.013684643,-0.42655346,0.08618732,0.04417396,-3.6113906e-22,1.0599523e-15,8.4137165e-23,1.00435126e-22,-5.52189e-19,-2.5369792e-17,-1.5647031e-23,-2.2651924e-17
player_0012,individual,0.023199520899107005,0.6911958,1.1095432,1.6381593,-0.123763554,-0.05192176,1.9887077,-0.6570115,0.12872137,1.1714839e-21,1.2555196e-15,-2.2728453e-22,-4.792699e-22,-5.87306e-20,-3.1484718e-17,-3.156832e-24,-2.696102e-17
rightColumn_0007,individual,0.0,-0.4148475,0.78148437,-0.3933693,0.052952807,-0.013684643,-0.42655346,0.08618732,0.04417396,-3.6113906e-22,1.0599523e-15,8.4137165e-23,1.00435126e-22,-5.52189e-19,-2.5369792e-17,-1.5647031e-23,-2.2651924e-17
resourceUnit_0016,individual,0.01976005154045385,0.53854835,0.9847317,0.9477557,-0.06702356,-0.03602249,1.1641695,-0.456157,-0.0345957,6.8413007e-22,1.1923097e-15,-1.3067405e-22,-2.9489092e-22,-2.1475007e-19,-2.944415e-17,-6.098444e-24,-2.5443076e-17
studentModel_0017,individual,0.0038665868165178342,-0.23050696,0.83616084,-0.054781213,0.023500085,-0.020057498,-0.024009971,-0.037679132,0.058265176,-1.0580528e-22,1.095878e-15,3.2233563e-23,3.679768e-24,-4.6928526e-19,-2.6612923e-17,-1.3427467e-23,-2.3367364e-17
resourceUnit_0005,individual,0.01798419609236101,0.45011202,0.84758806,0.23268542,-0.01069893,-0.021055276,0.3105892,-0.3159009,-0.10169683,1.9357023e-22,1.129081e-15,-2.4245634e-23,-1.0691567e-22,-3.7211643e-19,-2.7463483e-17,-1.18524016e-23,-2.4068886e-17
gDEMechanic_0001,individual,0.03479928134866051,1.2442174,1.2735726,2.6539233,-0.2121217,-0.07104033,3.1963377,-1.028611,0.17099503,1.9376922e-21,1.3446863e-15,-3.8299538e-22,-7.689156e-22,1.8759231e-19,-3.4525093e-17,3.0882705e-24,-2.903667e-17
yeeCustomization_0001,individual,0.0,-0.4148475,0.78148437,-0.3933693,0.052952807,-0.013684643,-0.42655346,0.08618732,0.04417396,-3.6113906e-22,1.0599523e-15,8.4137165e-23,1.00435126e-22,-5.52189e-19,-2.5369792e-17,-1.5647031e-23,-2.2651924e-17
behaviouralKnowledge_0004,individual,0.009156898492584593,0.039200585,0.7463455,-0.42826787,0.048479702,-0.0076965694,-0.47539747,-0.028313732,-0.19315846,-3.1519557e-22,1.0605458e-15,7.310457e-23,8.3887046e-23,-5.351898e-19,-2.535441e-17,-1.4441904e-23,-2.2468269e-17
studentModel_0009,individual,0.011599760449553503,0.13817412,0.94551384,0.6223949,-0.035405386,-0.032803208,0.781077,-0.28541204,0.08644765,4.050691e-22,1.159037e-15,-7.1573684e-23,-1.8941739e-22,-3.065186e-19,-2.8589887e-17,-9.401928e-24,-2.4833578e-17
cooperation_0003,individual,0.0,-0.4148475,0.78148437,-0.3933693,0.052952807,-0.013684643,-0.42655346,0.08618732,0.04417396,-3.6113906e-22,1.0599523e-15,8.4137165e-23,1.00435126e-22,-5.52189e-19,-2.5369792e-17,-1.5647031e-23,-2.2651924e-17
resourceUnit_0020,individual,0.015466347266071337,0.3225147,1.0001903,0.9609831,-0.06485811,-0.039176058,1.1836207,-0.4092785,0.10053887,6.6060964e-22,1.1958679e-15,-1.234773e-22,-2.8596594e-22,-2.2430918e-19,-2.9604784e-17,-7.182364e-24,-2.558677e-17
turns_0003,individual,0.0,-0.4148475,0.78148437,-0.3933693,0.052952807,-0.013684643,-0.42655346,0.08618732,0.04417396,-3.6113906e-22,1.0599523e-15,8.4137165e-23,1.00435126e-22,-5.52189e-19,-2.5369792e-17,-1.5647031e-23,-2.2651924e-17
behaviouralKnowledge_0002,individual,0.018313796985169183,0.4932486,0.71120673,-0.46316648,0.044006597,-0.0017084957,-0.5242414,-0.14281479,-0.43049085,-2.692521e-22,1.0544879e-15,6.2071956e-23,6.733895e-23,-5.1526497e-19,-2.5322186e-17,-1.3236777e-23,-2.2578108e-17
tactic_0014,individual,0.02391138332888147,0.7338792,1.0372972,1.2821218,-0.096547365,-0.04255487,1.5617421,-0.59039545,-0.004036114,9.389151e-22,1.2173556e-15,-1.8089723e-22,-3.9078857e-22,-1.3157543e-19,-3.0454726e-17,-4.3602425e-24,-2.6147869e-17
activity_0009,individual,0.0,-0.4148475,0.78148437,-0.3933693,0.052952807,-0.013684643,-0.42655346,0.08618732,0.04417396,-3.6113906e-22,1.0599523e-15,8.4137165e-23,1.00435126e-22,-5.52189e-19,-2.5369792e-17,-1.5647031e-23,-2.2651924e-17
socialGraph_0002,individual,0.0,-0.4148475,0.78148437,-0.3933693,0.052952807,-0.013684643,-0.42655346,0.08618732,0.04417396,-3.6113906e-22,1.0599523e-15,8.4137165e-23,1.00435126e-22,-5.52189e-19,-2.5369792e-17,-1.5647031e-23,-2.2651924e-17
resourceUnit_0002,individual,0.025215907052342307,0.81464535,0.8936892,0.57181454,-0.04208527,-0.023754312,0.709892,-0.45282158,-0.27644503,4.74214e-22,1.1531709e-15,-8.882607e-23,-2.14512e-22,-2.772651e-19,-2.839474e-17,-7.392731e-24,-2.4521566e-17
item_0001,individual,0.0,-0.4148475,0.78148437,-0.3933693,0.052952807,-0.013684643,-0.42655346,0.08618732,0.04417396,-3.6113906e-22,1.0599523e-15,8.4137165e-23,1.00435126e-22,-5.52189e-19,-2.5369792e-17,-1.5647031e-23,-2.2651924e-17
player_0001,individual,0.027066107715624843,0.87553626,1.1642196,1.9767472,-0.15321627,-0.058294613,2.3912508,-0.7808779,0.1428126,1.4268178e-21,1.2910116e-15,-2.7918815e-22,-5.758185e-22,2.0785033e-20,-3.2483902e-17,-9.372677e-25,-2.756804e-17
competence_0010,individual,0.0,-0.4148475,0.78148437,-0.3933693,0.052952807,-0.013684643,-0.42655346,0.08618732,0.04417396,-3.6113906e-22,1.0599523e-15,8.4137165e-23,1.00435126e-22,-5.52189e-19,-2.5369792e-17,-1.5647031e-23,-2.2651924e-17
strategy_0012,individual,0.023504604797581777,0.7181786,1.0403126,1.2881532,-0.096445814,-0.042326964,1.5688432,-0.5755782,-0.027562365,9.396991e-22,1.2156209e-15,-1.8329785e-22,-3.917185e-22,-1.307284e-19,-3.0400515e-17,-3.672583e-24,-2.6120764e-17
playerAction_0015,individual,0.0038665868165178342,-0.23050696,0.83616084,-0.054781213,0.023500085,-0.020057498,-0.024009971,-0.037679132,0.058265176,-1.0580528e-22,1.095878e-15,3.2233563e-23,3.679768e-24,-4.6928526e-19,-2.6612923e-17,-1.3427467e-23,-2.3367364e-17
resolution_0009,individual,0.0,-0.4148475,0.78148437,-0.3933693,0.052952807,-0.013684643,-0.42655346,0.08618732,0.04417396,-3.6113906e-22,1.0599523e-15,8.4137165e-23,1.00435126e-22,-5.52189e-19,-2.5369792e-17,-1.5647031e-23,-2.2651924e-17
timeConstraints_0005,individual,0.0,-0.4148475,0.78148437,-0.3933693,0.052952807,-0.013684643,-0.42655346,0.08618732,0.04417396,-3.6113906e-22,1.0599523e-15,8.4137165e-23,1.00435126e-22,-5.52189e-19,-2.5369792e-17,-1.5647031e-23,-2.2651924e-17
problemNext_0003,individual,0.00440048363884868,-0.19469246,0.7652341,-0.40817988,0.050760686,-0.010590899,-0.44786867,0.035419323,-0.08478499,-3.3782437e-22,1.0559794e-15,7.757061e-23,9.175425e-23,-5.414948e-19,-2.5352538e-17,-1.4743615e-23,-2.2547436e-17
userAccount_0006,individual,0.0,-0.4148475,0.78148437,-0.3933693,0.052952807,-0.013684643,-0.42655346,0.08618732,0.04417396,-3.6113906e-22,1.0599523e-15,8.4137165e-23,1.00435126e-22,-5.52189e-19,-2.5369792e-17,-1.5647031e-23,-2.2651924e-17
mastermind_0003,individual,0.0,-0.4148475,0.78148437,-0.3933693,0.052952807,-0.013684643,-0.42655346,0.08618732,0.04417396,-3.6113906e-22,1.0599523e-15,8.4137165e-23,1.00435126e-22,-5.52189e-19,-2.5369792e-17,-1.5647031e-23,-2.2651924e-17
exercise_0002,individual,0.0,-0.4148475,0.78148437,-0.3933693,0.052952807,-0.013684643,-0.42655346,0.08618732,0.04417396,-3.6113906e-22,1.0599523e-15,8.4137165e-23,1.00435126e-22,-5.52189e-19,-2.5369792e-17,-1.5647031e-23,-2.2651924e-17
yeeImmersionComponent_0003,individual,0.015466347266071337,0.3225147,1.0001903,0.9609831,-0.06485811,-0.039176058,1.1836207,-0.4092785,0.10053887,6.6060964e-22,1.1958679e-15,-1.234773e-22,-2.8596594e-22,-2.2430918e-19,-2.9604784e-17,-7.182364e-24,-2.558677e-17
curriculum_0002,individual,0.0,-0.4148475,0.78148437,-0.3933693,0.052952807,-0.013684643,-0.42655346,0.08618732,0.04417396,-3.6113906e-22,1.0599523e-15,8.4137165e-23,1.00435126e-22,-5.52189e-19,-2.5369792e-17,-1.5647031e-23,-2.2651924e-17
exercise_0009,individual,0.0,-0.4148475,0.78148437,-0.3933693,0.052952807,-0.013684643,-0.42655346,0.08618732,0.04417396,-3.6113906e-22,1.0599523e-15,8.4137165e-23,1.00435126e-22,-5.52189e-19,-2.5369792e-17,-1.5647031e-23,-2.2651924e-17
userAccount_0003,individual,0.0,-0.4148475,0.78148437,-0.3933693,0.052952807,-0.013684643,-0.42655346,0.08618732,0.04417396,-3.6113906e-22,1.0599523e-15,8.4137165e-23,1.00435126e-22,-5.52189e-19,-2.5369792e-17,-1.5647031e-23,-2.2651924e-17
gDEComponent_0002,individual,0.06060649916584175,3.5293794,1.0868291,1.9744562,-0.25807118,0.1131933,2.3544803,1.0062742,-0.21912952,1.84915e-21,1.061432e-15,-1.757409e-21,-6.702578e-22,2.679695e-19,-2.7261512e-17,5.3663206e-22,-2.2791253e-17
exercise_0001,individual,0.0,-0.4148475,0.78148437,-0.3933693,0.052952807,-0.013684643,-0.42655346,0.08618732,0.04417396,-3.6113906e-22,1.0599523e-15,8.4137165e-23,1.00435126e-22,-5.52189e-19,-2.5369792e-17,-1.5647031e-23,-2.2651924e-17
multipleChoiceOption_0002,individual,0.0,-0.4148475,0.78148437,-0.3933693,0.052952807,-0.013684643,-0.42655346,0.08618732,0.04417396,-3.6113906e-22,1.0599523e-15,8.4137165e-23,1.00435126e-22,-5.52189e-19,-2.5369792e-17,-1.5647031e-23,-2.2651924e-17
domain_0009,individual,0.009156898492584593,0.039200585,0.7463455,-0.42826787,0.048479702,-0.0076965694,-0.47539747,-0.028313732,-0.19315846,-3.1519557e-22,1.0605458e-15,7.310457e-23,8.3887046e-23,-5.351898e-19,-2.535441e-17,-1.4441904e-23,-2.2468269e-17
progressiveLoop_0008,individual,0.0,-0.4148475,0.78148437,-0.3933693,0.052952807,-0.013684643,-0.42655346,0.08618732,0.04417396,-3.6113906e-22,1.0599523e-15,8.4137165e-23,1.00435126e-22,-5.52189e-19,-2.5369792e-17,-1.5647031e-23,-2.2651924e-17
behaviouralKnowledge_0001,individual,0.0,-0.4148475,0.78148437,-0.3933693,0.052952807,-0.013684643,-0.42655346,0.08618732,0.04417396,-3.6113906e-22,1.0599523e-15,8.4137165e-23,1.00435126e-22,-5.52189e-19,-2.5369792e-17,-1.5647031e-23,-2.2651924e-17
sequencing_0002,individual,0.0,-0.4148475,0.78148437,-0.3933693,0.052952807,-0.013684643,-0.42655346,0.08618732,0.04417396,-3.6113906e-22,1.0599523e-15,8.4137165e-23,1.00435126e-22,-5.52189e-19,-2.5369792e-17,-1.5647031e-23,-2.2651924e-17
targetBehavior_0019,individual,0.015822278480958567,0.35146016,0.9305829,0.6102231,-0.037553065,-0.029609753,0.7628685,-0.3296975,-0.05280407,4.2872674e-22,1.1551019e-15,-7.9190547e-23,-1.985051e-22,-2.9630698e-19,-2.8574792e-17,-8.1976595e-24,-2.4746513e-17
playerType_0001,individual,0.05058886067060084,2.1110299,0.73685384,0.15273991,-0.027586972,0.005150919,0.18544218,-0.6273669,-1.2836946,3.8509688e-22,1.0781591e-15,-9.211765e-23,-1.8230467e-22,-2.84674e-19,-2.6583598e-17,-2.3109522e-25,-2.3176352e-17
resolution_0007,individual,0.0,-0.4148475,0.78148437,-0.3933693,0.052952807,-0.013684643,-0.42655346,0.08618732,0.04417396,-3.6113906e-22,1.0599523e-15,8.4137165e-23,1.00435126e-22,-5.52189e-19,-2.5369792e-17,-1.5647031e-23,-2.2651924e-17
challenges_0005,individual,0.030932694532142674,1.0598769,1.2188962,2.3153353,-0.18266898,-0.06466748,2.7937942,-0.9047444,0.15690376,1.6821515e-21,1.3109669e-15,-3.310918e-22,-6.723671e-22,1.02300115e-19,-3.3568723e-17,1.2822966e-24,-2.8358984e-17
genericOperator_0004,individual,0.0,-0.4148475,0.78148437,-0.3933693,0.052952807,-0.013684643,-0.42655346,0.08618732,0.04417396,-3.6113906e-22,1.0599523e-15,8.4137165e-23,1.00435126e-22,-5.52189e-19,-2.5369792e-17,-1.5647031e-23,-2.2651924e-17
activity_0014,individual,0.0,-0.4148475,0.78148437,-0.3933693,0.052952807,-0.013684643,-0.42655346,0.08618732,0.04417396,-3.6113906e-22,1.0599523e-15,8.4137165e-23,1.00435126e-22,-5.52189e-19,-2.5369792e-17,-1.5647031e-23,-2.2651924e-17
theme_0004,individual,0.027066107715624843,0.87553626,1.1642196,1.9767472,-0.15321627,-0.058294613,2.3912508,-0.7808779,0.1428126,1.4268178e-21,1.2910116e-15,-2.7918815e-22,-5.758185e-22,2.0785033e-20,-3.2483902e-17,-9.372677e-25,-2.756804e-17
problem_0008,individual,0.0,-0.4148475,0.78148437,-0.3933693,0.052952807,-0.013684643,-0.42655346,0.08618732,0.04417396,-3.6113906e-22,1.0599523e-15,8.4137165e-23,1.00435126e-22,-5.52189e-19,-2.5369792e-17,-1.5647031e-23,-2.2651924e-17
metric_0011,individual,0.004578449246292296,-0.18782346,0.7639149,-0.4108186,0.050716255,-0.010690606,-0.45097548,0.0289368,-0.07449225,-3.3816733e-22,1.0568467e-15,7.862087e-23,9.2161086e-23,-5.4191833e-19,-2.5379643e-17,-1.5044467e-23,-2.2560989e-17
categoryEffectiveness_0001,individual,0.016512954528894504,0.42374077,0.72455597,-0.43646497,0.044456195,-0.0006995493,-0.4928038,-0.07721777,-0.5346435,-2.6578163e-22,1.047549e-15,5.144417e-23,6.322212e-23,-5.110298e-19,-2.5159555e-17,-1.0192436e-23,-2.2415478e-17
competence_0020,individual,0.0,-0.4148475,0.78148437,-0.3933693,0.052952807,-0.013684643,-0.42655346,0.08618732,0.04417396,-3.6113906e-22,1.0599523e-15,8.4137165e-23,1.00435126e-22,-5.52189e-19,-2.5369792e-17,-1.5647031e-23,-2.2651924e-17
resource_0009,individual,0.03066051995930073,0.86918473,0.5869444,-0.74710697,0.043111112,-0.019744266,-0.85078955,-0.81159884,1.0505142,-3.5663606e-22,1.1464417e-15,2.0000967e-22,1.330456e-22,-5.831133e-19,-2.7350019e-17,-5.0793952e-23,-2.4250426e-17
player_0010,individual,0.015466347266071337,0.3225147,1.0001903,0.9609831,-0.06485811,-0.039176058,1.1836207,-0.4092785,0.10053887,6.6060964e-22,1.1958679e-15,-1.234773e-22,-2.8596594e-22,-2.2430918e-19,-2.9604784e-17,-7.182364e-24,-2.558677e-17
bug_0003,individual,0.0,-0.4148475,0.78148437,-0.3933693,0.052952807,-0.013684643,-0.42655346,0.08618732,0.04417396,-3.6113906e-22,1.0599523e-15,8.4137165e-23,1.00435126e-22,-5.52189e-19,-2.5369792e-17,-1.5647031e-23,-2.2651924e-17
resource_0003,individual,0.004578449246292296,-0.18782346,0.7639149,-0.4108186,0.050716255,-0.010690606,-0.45097548,0.0289368,-0.07449225,-3.3816733e-22,1.0568467e-15,7.862087e-23,9.2161086e-23,-5.4191833e-19,-2.5379643e-17,-1.5044467e-23,-2.2560989e-17
gDEDynamic_0003,individual,0.024008840685338685,0.76805574,0.9026369,0.58971196,-0.041783914,-0.023078036,0.73096395,-0.40885332,-0.34625632,4.7654025e-22,1.1479667e-15,-9.594965e-23,-2.1727143e-22,-2.74724e-19,-2.828632e-17,-5.352175e-24,-2.4413146e-17
metric_0008,individual,0.009129936784088922,0.038159933,0.74654543,-0.4278681,0.048486434,-0.007681464,-0.47492677,-0.027331626,-0.19471781,-3.1514362e-22,1.0604374e-15,7.294546e-23,8.3825414e-23,-5.351236e-19,-2.5351868e-17,-1.4396327e-23,-2.2466151e-17
targetBehavior_0003,individual,0.011599760449553503,0.13817412,0.94551384,0.6223949,-0.035405386,-0.032803208,0.781077,-0.28541204,0.08644765,4.050691e-22,1.159037e-15,-7.1573684e-23,-1.8941739e-22,-3.065186e-19,-2.8589887e-17,-9.401928e-24,-2.4833578e-17
yeeRolePlaying_0002,individual,0.0,-0.4148475,0.78148437,-0.3933693,0.052952807,-0.013684643,-0.42655346,0.08618732,0.04417396,-3.6113906e-22,1.0599523e-15,8.4137165e-23,1.00435126e-22,-5.52189e-19,-2.5369792e-17,-1.5647031e-23,-2.2651924e-17
pedagogicalUnit_0003,individual,0.0,-0.4148475,0.78148437,-0.3933693,0.052952807,-0.013684643,-0.42655346,0.08618732,0.04417396,-3.6113906e-22,1.0599523e-15,8.4137165e-23,1.00435126e-22,-5.52189e-19,-2.5369792e-17,-1.5647031e-23,-2.2651924e-17
studentModel_0020,individual,0.0038665868165178342,-0.23050696,0.83616084,-0.054781213,0.023500085,-0.020057498,-0.024009971,-0.037679132,0.058265176,-1.0580528e-22,1.095878e-15,3.2233563e-23,3.679768e-24,-4.6928526e-19,-2.6612923e-17,-1.3427467e-23,-2.3367364e-17
discursiveOption_0006,individual,0.0,-0.4148475,0.78148437,-0.3933693,0.052952807,-0.013684643,-0.42655346,0.08618732,0.04417396,-3.6113906e-22,1.0599523e-15,8.4137165e-23,1.00435126e-22,-5.52189e-19,-2.5369792e-17,-1.5647031e-23,-2.2651924e-17
sDTCompetence_0005,individual,0.012527723974080926,0.21961345,0.73772794,-0.42781147,0.046544645,-0.004025953,-0.47873777,-0.04157567,-0.38166812,-2.898966e-22,1.0514841e-15,6.046139e-23,7.285231e-23,-5.220885e-19,-2.5201753e-17,-1.1797844e-23,-2.2516096e-17
sequencing_0016,individual,0.0,-0.4148475,0.78148437,-0.3933693,0.052952807,-0.013684643,-0.42655346,0.08618732,0.04417396,-3.6113906e-22,1.0599523e-15,8.4137165e-23,1.00435126e-22,-5.52189e-19,-2.5369792e-17,-1.5647031e-23,-2.2651924e-17
concept_0003,individual,0.0,-0.4148475,0.78148437,-0.3933693,0.052952807,-0.013684643,-0.42655346,0.08618732,0.04417396,-3.6113906e-22,1.0599523e-15,8.4137165e-23,1.00435126e-22,-5.52189e-19,-2.5369792e-17,-1.5647031e-23,-2.2651924e-17
comment_0005,individual,0.0,-0.4148475,0.78148437,-0.3933693,0.052952807,-0.013684643,-0.42655346,0.08618732,0.04417396,-3.6113906e-22,1.0599523e-15,8.4137165e-23,1.00435126e-22,-5.52189e-19,-2.5369792e-17,-1.5647031e-23,-2.2651924e-17
trueOrFalseProblem_0010,individual,0.0,-0.4148475,0.78148437,-0.3933693,0.052952807,-0.013684643,-0.42655346,0.08618732,0.04417396,-3.6113906e-22,1.0599523e-15,8.4137165e-23,1.00435126e-22,-5.52189e-19,-2.5369792e-17,-1.5647031e-23,-2.2651924e-17
achiever_0004,individual,0.0,-0.4148475,0.78148437,-0.3933693,0.052952807,-0.013684643,-0.42655346,0.08618732,0.04417396,-3.6113906e-22,1.0599523e-15,8.4137165e-23,1.00435126e-22,-5.52189e-19,-2.5369792e-17,-1.5647031e-23,-2.2651924e-17
hint_0010,individual,0.0,-0.4148475,0.78148437,-0.3933693,0.052952807,-0.013684643,-0.42655346,0.08618732,0.04417396,-3.6113906e-22,1.0599523e-15,8.4137165e-23,1.00435126e-22,-5.52189e-19,-2.5369792e-17,-1.5647031e-23,-2.2651924e-17
item_0005,individual,0.0,-0.4148475,0.78148437,-0.3933693,0.052952807,-0.013684643,-0.42655346,0.08618732,0.04417396,-3.6113906e-22,1.0599523e-15,8.4137165e-23,1.00435126e-22,-5.52189e-19,-2.5369792e-17,-1.5647031e-23,-2.2651924e-17
socializer_0004,individual,0.0,-0.4148475,0.78148437,-0.3933693,0.052952807,-0.013684643,-0.42655346,0.08618732,0.04417396,-3.6113906e-22,1.0599523e-15,8.4137165e-23,1.00435126e-22,-5.52189e-19,-2.5369792e-17,-1.5647031e-23,-2.2651924e-17
metric_0053,individual,0.00435410583396169,-0.19648252,0.7655779,-0.40749222,0.050772265,-0.010564915,-0.44705907,0.037108675,-0.087467276,-3.37735e-22,1.0559794e-15,7.7296896e-23,9.1648225e-23,-5.414948e-19,-2.5352538e-17,-1.4665215e-23,-2.254066e-17
transactions_0001,individual,0.0,-0.4148475,0.78148437,-0.3933693,0.052952807,-0.013684643,-0.42655346,0.08618732,0.04417396,-3.6113906e-22,1.0599523e-15,8.4137165e-23,1.00435126e-22,-5.52189e-19,-2.5369792e-17,-1.5647031e-23,-2.2651924e-17
sequencing_0004,individual,0.0,-0.4148475,0.78148437,-0.3933693,0.052952807,-0.013684643,-0.42655346,0.08618732,0.04417396,-3.6113906e-22,1.0599523e-15,8.4137165e-23,1.00435126e-22,-5.52189e-19,-2.5369792e-17,-1.5647031e-23,-2.2651924e-17
sDTCompetence_0004,individual,0.016808716419360322,0.4351564,0.72236353,-0.44085032,0.044382352,-0.0008652539,-0.49796695,-0.08799112,-0.5175379,-2.663516e-22,1.0484164e-15,5.3189634e-23,6.389826e-23,-5.1187684e-19,-2.518666e-17,-1.0692423e-23,-2.2442583e-17
brainHex_0007,individual,0.0,-0.4148475,0.78148437,-0.3933693,0.052952807,-0.013684643,-0.42655346,0.08618732,0.04417396,-3.6113906e-22,1.0599523e-15,8.4137165e-23,1.00435126e-22,-5.52189e-19,-2.5369792e-17,-1.5647031e-23,-2.2651924e-17
gifting_0003,individual,0.0,-0.4148475,0.78148437,-0.3933693,0.052952807,-0.013684643,-0.42655346,0.08618732,0.04417396,-3.6113906e-22,1.0599523e-15,8.4137165e-23,1.00435126e-22,-5.52189e-19,-2.5369792e-17,-1.5647031e-23,-2.2651924e-17
matchColumnOption_0001,individual,0.0,-0.4148475,0.78148437,-0.3933693,0.052952807,-0.013684643,-0.42655346,0.08618732,0.04417396,-3.6113906e-22,1.0599523e-15,8.4137165e-23,1.00435126e-22,-5.52189e-19,-2.5369792e-17,-1.5647031e-23,-2.2651924e-17
course_0007,individual,0.011599760449553503,0.13817412,0.94551384,0.6223949,-0.035405386,-0.032803208,0.781077,-0.28541204,0.08644765,4.050691e-22,1.159037e-15,-7.1573684e-23,-1.8941739e-22,-3.065186e-19,-2.8589887e-17,-9.401928e-24,-2.4833578e-17
player_0003,individual,0.023199520899107005,0.6911958,1.1095432,1.6381593,-0.123763554,-0.05192176,1.9887077,-0.6570115,0.12872137,1.1714839e-21,1.2555196e-15,-2.2728453e-22,-4.792699e-22,-5.87306e-20,-3.1484718e-17,-3.156832e-24,-2.696102e-17
matchColumnAnswer_0008,individual,0.0,-0.4148475,0.78148437,-0.3933693,0.052952807,-0.013684643,-0.42655346,0.08618732,0.04417396,-3.6113906e-22,1.0599523e-15,8.4137165e-23,1.00435126e-22,-5.52189e-19,-2.5369792e-17,-1.5647031e-23,-2.2651924e-17
yeeTeamwork_0002,individual,0.0,-0.4148475,0.78148437,-0.3933693,0.052952807,-0.013684643,-0.42655346,0.08618732,0.04417396,-3.6113906e-22,1.0599523e-15,8.4137165e-23,1.00435126e-22,-5.52189e-19,-2.5369792e-17,-1.5647031e-23,-2.2651924e-17
uRIResource_0003,individual,0.0,-0.4148475,0.78148437,-0.3933693,0.052952807,-0.013684643,-0.42655346,0.08618732,0.04417396,-3.6113906e-22,1.0599523e-15,8.4137165e-23,1.00435126e-22,-5.52189e-19,-2.5369792e-17,-1.5647031e-23,-2.2651924e-17
exercise_0019,individual,0.0,-0.4148475,0.78148437,-0.3933693,0.052952807,-0.013684643,-0.42655346,0.08618732,0.04417396,-3.6113906e-22,1.0599523e-15,8.4137165e-23,1.00435126e-22,-5.52189e-19,-2.5369792e-17,-1.5647031e-23,-2.2651924e-17
progression_0004,individual,0.0038665868165178342,-0.23050696,0.83616084,-0.054781213,0.023500085,-0.020057498,-0.024009971,-0.037679132,0.058265176,-1.0580528e-22,1.095878e-15,3.2233563e-23,3.679768e-24,-4.6928526e-19,-2.6612923e-17,-1.3427467e-23,-2.3367364e-17
yeeEscapism_0002,individual,0.0,-0.4148475,0.78148437,-0.3933693,0.052952807,-0.013684643,-0.42655346,0.08618732,0.04417396,-3.6113906e-22,1.0599523e-15,8.4137165e-23,1.00435126e-22,-5.52189e-19,-2.5369792e-17,-1.5647031e-23,-2.2651924e-17
multipleChoiceOption_0017,individual,0.0,-0.4148475,0.78148437,-0.3933693,0.052952807,-0.013684643,-0.42655346,0.08618732,0.04417396,-3.6113906e-22,1.0599523e-15,8.4137165e-23,1.00435126e-22,-5.52189e-19,-2.5369792e-17,-1.5647031e-23,-2.2651924e-17
instrutionalPlan_0001,individual,0.0077331736330356685,-0.0461664,0.8908374,0.28380683,-0.0059526362,-0.026430352,0.37853348,-0.16154559,0.07235639,1.4973529e-22,1.1242427e-15,-1.9670064e-23,-9.286881e-23,-3.8632374e-19,-2.7607517e-17,-1.1207902e-23,-2.4084831e-17
gamifiedITS_0002,individual,0.011599760449553503,0.13817412,0.94551384,0.6223949,-0.035405386,-0.032803208,0.781077,-0.28541204,0.08644765,4.050691e-22,1.159037e-15,-7.1573684e-23,-1.8941739e-22,-3.065186e-19,-2.8589887e-17,-9.401928e-24,-2.4833578e-17
cKCurriculumInformation_0007,individual,0.0,-0.4148475,0.78148437,-0.3933693,0.052952807,-0.013684643,-0.42655346,0.08618732,0.04417396,-3.6113906e-22,1.0599523e-15,8.4137165e-23,1.00435126e-22,-5.52189e-19,-2.5369792e-17,-1.5647031e-23,-2.2651924e-17
cKCurriculumInformation_0004,individual,0.0,-0.4148475,0.78148437,-0.3933693,0.052952807,-0.013684643,-0.42655346,0.08618732,0.04417396,-3.6113906e-22,1.0599523e-15,8.4137165e-23,1.00435126e-22,-5.52189e-19,-2.5369792e-17,-1.5647031e-23,-2.2651924e-17
nonGameContext_0005,individual,0.011599760449553503,0.13817412,0.94551384,0.6223949,-0.035405386,-0.032803208,0.781077,-0.28541204,0.08644765,4.050691e-22,1.159037e-15,-7.1573684e-23,-1.8941739e-22,-3.065186e-19,-2.8589887e-17,-9.401928e-24,-2.4833578e-17
brainHex_0019,individual,0.0,-0.4148475,0.78148437,-0.3933693,0.052952807,-0.013684643,-0.42655346,0.08618732,0.04417396,-3.6113906e-22,1.0599523e-15,8.4137165e-23,1.00435126e-22,-5.52189e-19,-2.5369792e-17,-1.5647031e-23,-2.2651924e-17
sequencing_0015,individual,0.0,-0.4148475,0.78148437,-0.3933693,0.052952807,-0.013684643,-0.42655346,0.08618732,0.04417396,-3.6113906e-22,1.0599523e-15,8.4137165e-23,1.00435126e-22,-5.52189e-19,-2.5369792e-17,-1.5647031e-23,-2.2651924e-17
instrutionalPlan_0010,individual,0.0077331736330356685,-0.0461664,0.8908374,0.28380683,-0.0059526362,-0.026430352,0.37853348,-0.16154559,0.07235639,1.4973529e-22,1.1242427e-15,-1.9670064e-23,-9.286881e-23,-3.8632374e-19,-2.7607517e-17,-1.1207902e-23,-2.4084831e-17
concept_0007,individual,0.0,-0.4148475,0.78148437,-0.3933693,0.052952807,-0.013684643,-0.42655346,0.08618732,0.04417396,-3.6113906e-22,1.0599523e-15,8.4137165e-23,1.00435126e-22,-5.52189e-19,-2.5369792e-17,-1.5647031e-23,-2.2651924e-17
resourceList_0002,individual,0.0,-0.4148475,0.78148437,-0.3933693,0.052952807,-0.013684643,-0.42655346,0.08618732,0.04417396,-3.6113906e-22,1.0599523e-15,8.4137165e-23,1.00435126e-22,-5.52189e-19,-2.5369792e-17,-1.5647031e-23,-2.2651924e-17
points_0001,individual,0.01933293408258917,0.5068552,1.0548668,1.299571,-0.09431083,-0.045548905,1.5861641,-0.5331449,0.11463007,9.159435e-22,1.2322084e-15,-1.7538092e-22,-3.8251451e-22,-1.4275227e-19,-3.047414e-17,-4.962806e-24,-2.6283333e-17
universalGenericOperator_0002,individual,0.0,-0.4148475,0.78148437,-0.3933693,0.052952807,-0.013684643,-0.42655346,0.08618732,0.04417396,-3.6113906e-22,1.0599523e-15,8.4137165e-23,1.00435126e-22,-5.52189e-19,-2.5369792e-17,-1.5647031e-23,-2.2651924e-17
facilitators,individual,0.0,-0.4148475,0.78148437,-0.3933693,0.052952807,-0.013684643,-0.42655346,0.08618732,0.04417396,-3.6113906e-22,1.0599523e-15,8.4137165e-23,1.00435126e-22,-5.52189e-19,-2.5369792e-17,-1.5647031e-23,-2.2651924e-17
player_0016,individual,0.023199520899107005,0.6911958,1.1095432,1.6381593,-0.123763554,-0.05192176,1.9887077,-0.6570115,0.12872137,1.1714839e-21,1.2555196e-15,-2.2728453e-22,-4.792699e-22,-5.87306e-20,-3.1484718e-17,-3.156832e-24,-2.696102e-17
methodStep_0007,individual,0.0,-0.4148475,0.78148437,-0.3933693,0.052952807,-0.013684643,-0.42655346,0.08618732,0.04417396,-3.6113906e-22,1.0599523e-15,8.4137165e-23,1.00435126e-22,-5.52189e-19,-2.5369792e-17,-1.5647031e-23,-2.2651924e-17
leftColumn_0009,individual,0.0,-0.4148475,0.78148437,-0.3933693,0.052952807,-0.013684643,-0.42655346,0.08618732,0.04417396,-3.6113906e-22,1.0599523e-15,8.4137165e-23,1.00435126e-22,-5.52189e-19,-2.5369792e-17,-1.5647031e-23,-2.2651924e-17
comment_0007,individual,0.0,-0.4148475,0.78148437,-0.3933693,0.052952807,-0.013684643,-0.42655346,0.08618732,0.04417396,-3.6113906e-22,1.0599523e-15,8.4137165e-23,1.00435126e-22,-5.52189e-19,-2.5369792e-17,-1.5647031e-23,-2.2651924e-17
resourceUnit_0008,individual,0.021224788706378516,0.6254983,0.83993584,0.23507284,-0.0126014445,-0.017311687,0.30952233,-0.32441902,-0.2977386,2.1912021e-22,1.1211861e-15,-3.765738e-23,-1.1824813e-22,-3.6043974e-19,-2.7194428e-17,-8.9881865e-24,-2.4060719e-17
uRIType_0001,individual,0.0,-0.4148475,0.78148437,-0.3933693,0.052952807,-0.013684643,-0.42655346,0.08618732,0.04417396,-3.6113906e-22,1.0599523e-15,8.4137165e-23,1.00435126e-22,-5.52189e-19,-2.5369792e-17,-1.5647031e-23,-2.2651924e-17
behaviouralKnowledge_0010,individual,0.009156898492584593,0.039200585,0.7463455,-0.42826787,0.048479702,-0.0076965694,-0.47539747,-0.028313732,-0.19315846,-3.1519557e-22,1.0605458e-15,7.310457e-23,8.3887046e-23,-5.351898e-19,-2.535441e-17,-1.4441904e-23,-2.2468269e-17
nonGameContext_0003,individual,0.0077331736330356685,-0.0461664,0.8908374,0.28380683,-0.0059526362,-0.026430352,0.37853348,-0.16154559,0.07235639,1.4973529e-22,1.1242427e-15,-1.9670064e-23,-9.286881e-23,-3.8632374e-19,-2.7607517e-17,-1.1207902e-23,-2.4084831e-17
course_0010,individual,0.0038665868165178342,-0.23050696,0.83616084,-0.054781213,0.023500085,-0.020057498,-0.024009971,-0.037679132,0.058265176,-1.0580528e-22,1.095878e-15,3.2233563e-23,3.679768e-24,-4.6928526e-19,-2.6612923e-17,-1.3427467e-23,-2.3367364e-17
sDTRelatedness_0002,individual,0.01669939468907353,0.43093687,0.7231739,-0.43922937,0.044409648,-0.0008040048,-0.49605852,-0.08400899,-0.5238606,-2.6614094e-22,1.047549e-15,5.254446e-23,6.3648333e-23,-5.114533e-19,-2.518666e-17,-1.0507615e-23,-2.2442583e-17
problemNext_0015,individual,0.008872153520674808,0.028210167,0.7484563,-0.42404586,0.048550792,-0.007537037,-0.47042662,-0.017941685,-0.20962682,-3.1464683e-22,1.0594074e-15,7.1424135e-23,8.32361e-23,-5.345545e-19,-2.5328151e-17,-1.3960541e-23,-2.2444552e-17
metric_0044,individual,0.00440048363884868,-0.19469246,0.7652341,-0.40817988,0.050760686,-0.010590899,-0.44786867,0.035419323,-0.08478499,-3.3782437e-22,1.0559794e-15,7.757061e-23,9.175425e-23,-5.414948e-19,-2.5352538e-17,-1.4743615e-23,-2.2547436e-17
uRIResource_0006,individual,0.0,-0.4148475,0.78148437,-0.3933693,0.052952807,-0.013684643,-0.42655346,0.08618732,0.04417396,-3.6113906e-22,1.0599523e-15,8.4137165e-23,1.00435126e-22,-5.52189e-19,-2.5369792e-17,-1.5647031e-23,-2.2651924e-17
activity_0018,individual,0.0,-0.4148475,0.78148437,-0.3933693,0.052952807,-0.013684643,-0.42655346,0.08618732,0.04417396,-3.6113906e-22,1.0599523e-15,8.4137165e-23,1.00435126e-22,-5.52189e-19,-2.5369792e-17,-1.5647031e-23,-2.2651924e-17
competition_0001,individual,0.0,-0.4148475,0.78148437,-0.3933693,0.052952807,-0.013684643,-0.42655346,0.08618732,0.04417396,-3.6113906e-22,1.0599523e-15,8.4137165e-23,1.00435126e-22,-5.52189e-19,-2.5369792e-17,-1.5647031e-23,-2.2651924e-17
gDEDynamic_0005,individual,0.008000122044201093,-0.020655435,0.82188946,-0.06563367,0.021374611,-0.01681419,-0.04066503,-0.07872334,-0.08613285,-8.197614e-23,1.0906053e-15,2.4091572e-23,-5.611376e-24,-4.614582e-19,-2.6331038e-17,-1.20727715e-23,-2.3239916e-17
emotions_0001,individual,0.011599760449553503,0.13817412,0.94551384,0.6223949,-0.035405386,-0.032803208,0.781077,-0.28541204,0.08644765,4.050691e-22,1.159037e-15,-7.1573684e-23,-1.8941739e-22,-3.065186e-19,-2.8589887e-17,-9.401928e-24,-2.4833578e-17
problemUnit_0017,individual,0.01933293408258917,0.5068552,1.0548668,1.299571,-0.09431083,-0.045548905,1.5861641,-0.5331449,0.11463007,9.159435e-22,1.2322084e-15,-1.7538092e-22,-3.8251451e-22,-1.4275227e-19,-3.047414e-17,-4.962806e-24,-2.6283333e-17
relationships_0003,individual,0.0077331736330356685,-0.0461664,0.8908374,0.28380683,-0.0059526362,-0.026430352,0.37853348,-0.16154559,0.07235639,1.4973529e-22,1.1242427e-15,-1.9670064e-23,-9.286881e-23,-3.8632374e-19,-2.7607517e-17,-1.1207902e-23,-2.4084831e-17
leftColumn_0004,individual,0.0,-0.4148475,0.78148437,-0.3933693,0.052952807,-0.013684643,-0.42655346,0.08618732,0.04417396,-3.6113906e-22,1.0599523e-15,8.4137165e-23,1.00435126e-22,-5.52189e-19,-2.5369792e-17,-1.5647031e-23,-2.2651924e-17
leftColumn_0006,individual,0.0,-0.4148475,0.78148437,-0.3933693,0.052952807,-0.013684643,-0.42655346,0.08618732,0.04417396,-3.6113906e-22,1.0599523e-15,8.4137165e-23,1.00435126e-22,-5.52189e-19,-2.5369792e-17,-1.5647031e-23,-2.2651924e-17
gifting_0001,individual,0.0,-0.4148475,0.78148437,-0.3933693,0.052952807,-0.013684643,-0.42655346,0.08618732,0.04417396,-3.6113906e-22,1.0599523e-15,8.4137165e-23,1.00435126e-22,-5.52189e-19,-2.5369792e-17,-1.5647031e-23,-2.2651924e-17
metric_0060,individual,0.0,-0.4148475,0.78148437,-0.3933693,0.052952807,-0.013684643,-0.42655346,0.08618732,0.04417396,-3.6113906e-22,1.0599523e-15,8.4137165e-23,1.00435126e-22,-5.52189e-19,-2.5369792e-17,-1.5647031e-23,-2.2651924e-17
targetBehavior_0030,individual,0.02355545211399424,0.7201412,1.0399357,1.2873992,-0.0964585,-0.042355455,1.5679556,-0.57743037,-0.024621591,9.396011e-22,1.2156209e-15,-1.8299778e-22,-3.9160224e-22,-1.307284e-19,-3.0400515e-17,-3.7585372e-24,-2.6120764e-17
cKCurriculumInformation_0006,individual,0.0,-0.4148475,0.78148437,-0.3933693,0.052952807,-0.013684643,-0.42655346,0.08618732,0.04417396,-3.6113906e-22,1.0599523e-15,8.4137165e-23,1.00435126e-22,-5.52189e-19,-2.5369792e-17,-1.5647031e-23,-2.2651924e-17
sequencing_0011,individual,0.0,-0.4148475,0.78148437,-0.3933693,0.052952807,-0.013684643,-0.42655346,0.08618732,0.04417396,-3.6113906e-22,1.0599523e-15,8.4137165e-23,1.00435126e-22,-5.52189e-19,-2.5369792e-17,-1.5647031e-23,-2.2651924e-17
option_0013,individual,0.0,-0.4148475,0.78148437,-0.3933693,0.052952807,-0.013684643,-0.42655346,0.08618732,0.04417396,-3.6113906e-22,1.0599523e-15,8.4137165e-23,1.00435126e-22,-5.52189e-19,-2.5369792e-17,-1.5647031e-23,-2.2651924e-17
playerType_0004,individual,0.03380556790944675,1.2772144,0.72881716,-0.14563842,0.008371023,0.002083001,-0.15812646,-0.36156854,-0.8944406,5.906347e-23,1.0750445e-15,-1.8833846e-23,-5.90625e-23,-4.0253152e-19,-2.603352e-17,-5.642274e-24,-2.2721133e-17
resourceWeight_0001,individual,0.0,-0.4148475,0.78148437,-0.3933693,0.052952807,-0.013684643,-0.42655346,0.08618732,0.04417396,-3.6113906e-22,1.0599523e-15,8.4137165e-23,1.00435126e-22,-5.52189e-19,-2.5369792e-17,-1.5647031e-23,-2.2651924e-17
exercise_0003,individual,0.0,-0.4148475,0.78148437,-0.3933693,0.052952807,-0.013684643,-0.42655346,0.08618732,0.04417396,-3.6113906e-22,1.0599523e-15,8.4137165e-23,1.00435126e-22,-5.52189e-19,-2.5369792e-17,-1.5647031e-23,-2.2651924e-17
multipleChoiceOption_0007,individual,0.0,-0.4148475,0.78148437,-0.3933693,0.052952807,-0.013684643,-0.42655346,0.08618732,0.04417396,-3.6113906e-22,1.0599523e-15,8.4137165e-23,1.00435126e-22,-5.52189e-19,-2.5369792e-17,-1.5647031e-23,-2.2651924e-17
competition_0002,individual,0.0,-0.4148475,0.78148437,-0.3933693,0.052952807,-0.013684643,-0.42655346,0.08618732,0.04417396,-3.6113906e-22,1.0599523e-15,8.4137165e-23,1.00435126e-22,-5.52189e-19,-2.5369792e-17,-1.5647031e-23,-2.2651924e-17
sequencing_0019,individual,0.0,-0.4148475,0.78148437,-0.3933693,0.052952807,-0.013684643,-0.42655346,0.08618732,0.04417396,-3.6113906e-22,1.0599523e-15,8.4137165e-23,1.00435126e-22,-5.52189e-19,-2.5369792e-17,-1.5647031e-23,-2.2651924e-17
item_0004,individual,0.0,-0.4148475,0.78148437,-0.3933693,0.052952807,-0.013684643,-0.42655346,0.08618732,0.04417396,-3.6113906e-22,1.0599523e-15,8.4137165e-23,1.00435126e-22,-5.52189e-19,-2.5369792e-17,-1.5647031e-23,-2.2651924e-17
problemNext_0001,individual,0.008516222305787576,0.014472148,0.7510947,-0.4187684,0.048639655,-0.0073376223,-0.46421307,-0.0049766316,-0.23021229,-3.139609e-22,1.0579708e-15,6.9323594e-23,8.242243e-23,-5.337604e-19,-2.5295117e-17,-1.3358836e-23,-2.2415329e-17
rewards_0002,individual,0.023199520899107005,0.6911958,1.1095432,1.6381593,-0.123763554,-0.05192176,1.9887077,-0.6570115,0.12872137,1.1714839e-21,1.2555196e-15,-2.2728453e-22,-4.792699e-22,-5.87306e-20,-3.1484718e-17,-3.156832e-24,-2.696102e-17
categoryEffectiveness_0002,individual,0.02478849953699643,0.8437709,0.6959504,-0.45829558,0.040203128,0.005782314,-0.52626187,-0.15961486,-0.8229494,-2.1813968e-22,1.0404139e-15,3.5210194e-23,4.465922e-23,-4.8987037e-19,-2.4871084e-17,-7.497378e-24,-2.2109216e-17
archetypeChemicalMessenger,datatype_property,0.0038665868165178342,-0.52441174,-2.0158074,0.18322638,-0.5993771,4.136725,0.2807102,-0.16561216,-0.0011293177,2.4333143e-20,1.2242475e-15,5.879159e-21,-1.1577573e-20,8.644789e-18,-4.9760638e-17,-4.4057566e-21,-2.6728391e-17
gamification_0005,individual,0.04002338431372155,1.537099,0.83303356,0.50356984,-0.049062613,-0.015372876,0.61790967,-0.66362625,-0.5704366,5.4106306e-22,1.1434584e-15,-9.904775e-23,-2.368832e-22,-2.5117073e-19,-2.829093e-17,-7.397483e-24,-2.4483022e-17
constraints_0005,individual,0.0038665868165178342,-0.23050696,0.83616084,-0.054781213,0.023500085,-0.020057498,-0.024009971,-0.037679132,0.058265176,-1.0580528e-22,1.095878e-15,3.2233563e-23,3.679768e-24,-4.6928526e-19,-2.6612923e-17,-1.3427467e-23,-2.3367364e-17
gamificationModel_0001,individual,0.0,-0.4148475,0.78148437,-0.3933693,0.052952807,-0.013684643,-0.42655346,0.08618732,0.04417396,-3.6113906e-22,1.0599523e-15,8.4137165e-23,1.00435126e-22,-5.52189e-19,-2.5369792e-17,-1.5647031e-23,-2.2651924e-17
yeeEscapism_0001,individual,0.0,-0.4148475,0.78148437,-0.3933693,0.052952807,-0.013684643,-0.42655346,0.08618732,0.04417396,-3.6113906e-22,1.0599523e-15,8.4137165e-23,1.00435126e-22,-5.52189e-19,-2.5369792e-17,-1.5647031e-23,-2.2651924e-17
question_0015,individual,0.0,-0.4148475,0.78148437,-0.3933693,0.052952807,-0.013684643,-0.42655346,0.08618732,0.04417396,-3.6113906e-22,1.0599523e-15,8.4137165e-23,1.00435126e-22,-5.52189e-19,-2.5369792e-17,-1.5647031e-23,-2.2651924e-17
metric_0046,individual,0.004765406454513563,-0.1806074,0.762529,-0.41359067,0.05066958,-0.010795351,-0.4542392,0.022126753,-0.063679494,-3.3852763e-22,1.0577141e-15,7.9724214e-23,9.2588485e-23,-5.4234185e-19,-2.5393196e-17,-1.5360523e-23,-2.2574541e-17
socializer_0001,individual,0.0,-0.4148475,0.78148437,-0.3933693,0.052952807,-0.013684643,-0.42655346,0.08618732,0.04417396,-3.6113906e-22,1.0599523e-15,8.4137165e-23,1.00435126e-22,-5.52189e-19,-2.5369792e-17,-1.5647031e-23,-2.2651924e-17
discursiveOption_0010,individual,0.0,-0.4148475,0.78148437,-0.3933693,0.052952807,-0.013684643,-0.42655346,0.08618732,0.04417396,-3.6113906e-22,1.0599523e-15,8.4137165e-23,1.00435126e-22,-5.52189e-19,-2.5369792e-17,-1.5647031e-23,-2.2651924e-17
resourceAcquisition_0004,individual,0.0,-0.4148475,0.78148437,-0.3933693,0.052952807,-0.013684643,-0.42655346,0.08618732,0.04417396,-3.6113906e-22,1.0599523e-15,8.4137165e-23,1.00435126e-22,-5.52189e-19,-2.5369792e-17,-1.5647031e-23,-2.2651924e-17
yeeEscapism_0003,individual,0.0,-0.4148475,0.78148437,-0.3933693,0.052952807,-0.013684643,-0.42655346,0.08618732,0.04417396,-3.6113906e-22,1.0599523e-15,8.4137165e-23,1.00435126e-22,-5.52189e-19,-2.5369792e-17,-1.5647031e-23,-2.2651924e-17
playerAction_0017,individual,0.02429766373451364,2.2782063,0.9350978,0.63757694,-0.18634376,0.20940413,0.7899722,2.9270897,1.7178888,8.012753e-22,8.489232e-16,-2.3962637e-21,-2.1455494e-22,-5.2785006e-20,-2.1852739e-17,8.594132e-22,-1.8485245e-17
resourceUnit_0010,individual,0.01986683090492002,0.5426697,0.9839401,0.9461725,-0.06705022,-0.036082316,1.1623055,-0.4600465,-0.028420065,6.839243e-22,1.1923097e-15,-1.3004388e-22,-2.9464682e-22,-2.1517359e-19,-2.944415e-17,-6.278954e-24,-2.5443076e-17
behaviouralKnowledge_0008,individual,0.009156898492584593,0.039200585,0.7463455,-0.42826787,0.048479702,-0.0076965694,-0.47539747,-0.028313732,-0.19315846,-3.1519557e-22,1.0605458e-15,7.310457e-23,8.3887046e-23,-5.351898e-19,-2.535441e-17,-1.4441904e-23,-2.2468269e-17
metric_0027,individual,0.0,-0.4148475,0.78148437,-0.3933693,0.052952807,-0.013684643,-0.42655346,0.08618732,0.04417396,-3.6113906e-22,1.0599523e-15,8.4137165e-23,1.00435126e-22,-5.52189e-19,-2.5369792e-17,-1.5647031e-23,-2.2651924e-17
instrutionalPlan_0013,individual,0.0038665868165178342,-0.23050696,0.83616084,-0.054781213,0.023500085,-0.020057498,-0.024009971,-0.037679132,0.058265176,-1.0580528e-22,1.095878e-15,3.2233563e-23,3.679768e-24,-4.6928526e-19,-2.6612923e-17,-1.3427467e-23,-2.3367364e-17
strategy_0007,individual,0.02797298805346384,0.925747,1.0905281,1.6178182,-0.1260488,-0.049036976,1.9608812,-0.7213657,0.021334121,1.1940799e-21,1.2528477e-15,-2.3164993e-22,-4.870981e-22,-4.9518676e-20,-3.145391e-17,-2.8839493e-24,-2.6754889e-17
targetBehavior_0002,individual,0.023199520899107005,0.6911958,1.1095432,1.6381593,-0.123763554,-0.05192176,1.9887077,-0.6570115,0.12872137,1.1714839e-21,1.2555196e-15,-2.2728453e-22,-4.792699e-22,-5.87306e-20,-3.1484718e-17,-3.156832e-24,-2.696102e-17
multipleChoiceProblem_0002,individual,0.0,-0.4148475,0.78148437,-0.3933693,0.052952807,-0.013684643,-0.42655346,0.08618732,0.04417396,-3.6113906e-22,1.0599523e-15,8.4137165e-23,1.00435126e-22,-5.52189e-19,-2.5369792e-17,-1.5647031e-23,-2.2651924e-17
player_0015,individual,0.027066107715624843,0.87553626,1.1642196,1.9767472,-0.15321627,-0.058294613,2.3912508,-0.7808779,0.1428126,1.4268178e-21,1.2910116e-15,-2.7918815e-22,-5.758185e-22,2.0785033e-20,-3.2483902e-17,-9.372677e-25,-2.756804e-17
behaviouralKnowledge_0012,individual,0.01587093502820027,0.34865275,0.7129455,-0.477382,0.04570998,-0.005899032,-0.5371007,-0.16335459,-0.18831186,-2.9633942e-22,1.0649283e-15,8.0191573e-23,8.049508e-23,-5.295e-19,-2.5513461e-17,-1.7449565e-23,-2.28007e-17
domainModel_0001,individual,0.0,-0.4148475,0.78148437,-0.3933693,0.052952807,-0.013684643,-0.42655346,0.08618732,0.04417396,-3.6113906e-22,1.0599523e-15,8.4137165e-23,1.00435126e-22,-5.52189e-19,-2.5369792e-17,-1.5647031e-23,-2.2651924e-17
rightColumn_0009,individual,0.0,-0.4148475,0.78148437,-0.3933693,0.052952807,-0.013684643,-0.42655346,0.08618732,0.04417396,-3.6113906e-22,1.0599523e-15,8.4137165e-23,1.00435126e-22,-5.52189e-19,-2.5369792e-17,-1.5647031e-23,-2.2651924e-17
sequencing_0003,individual,0.0,-0.4148475,0.78148437,-0.3933693,0.052952807,-0.013684643,-0.42655346,0.08618732,0.04417396,-3.6113906e-22,1.0599523e-15,8.4137165e-23,1.00435126e-22,-5.52189e-19,-2.5369792e-17,-1.5647031e-23,-2.2651924e-17
strategy_0018,individual,0.011599760449553503,0.13817412,0.94551384,0.6223949,-0.035405386,-0.032803208,0.781077,-0.28541204,0.08644765,4.050691e-22,1.159037e-15,-7.1573684e-23,-1.8941739e-22,-3.065186e-19,-2.8589887e-17,-9.401928e-24,-2.4833578e-17
gDEMechanic_0004,individual,0.030932694532142674,1.0598769,1.2188962,2.3153353,-0.18266898,-0.06466748,2.7937942,-0.9047444,0.15690376,1.6821515e-21,1.3109669e-15,-3.310918e-22,-6.723671e-22,1.02300115e-19,-3.3568723e-17,1.2822966e-24,-2.8358984e-17
activity_0001,individual,0.0,-0.4148475,0.78148437,-0.3933693,0.052952807,-0.013684643,-0.42655346,0.08618732,0.04417396,-3.6113906e-22,1.0599523e-15,8.4137165e-23,1.00435126e-22,-5.52189e-19,-2.5369792e-17,-1.5647031e-23,-2.2651924e-17
option_0014,individual,0.0,-0.4148475,0.78148437,-0.3933693,0.052952807,-0.013684643,-0.42655346,0.08618732,0.04417396,-3.6113906e-22,1.0599523e-15,8.4137165e-23,1.00435126e-22,-5.52189e-19,-2.5369792e-17,-1.5647031e-23,-2.2651924e-17
socialGraph_0005,individual,0.0,-0.4148475,0.78148437,-0.3933693,0.052952807,-0.013684643,-0.42655346,0.08618732,0.04417396,-3.6113906e-22,1.0599523e-15,8.4137165e-23,1.00435126e-22,-5.52189e-19,-2.5369792e-17,-1.5647031e-23,-2.2651924e-17
gifting_0004,individual,0.0,-0.4148475,0.78148437,-0.3933693,0.052952807,-0.013684643,-0.42655346,0.08618732,0.04417396,-3.6113906e-22,1.0599523e-15,8.4137165e-23,1.00435126e-22,-5.52189e-19,-2.5369792e-17,-1.5647031e-23,-2.2651924e-17
exercise_0008,individual,0.0,-0.4148475,0.78148437,-0.3933693,0.052952807,-0.013684643,-0.42655346,0.08618732,0.04417396,-3.6113906e-22,1.0599523e-15,8.4137165e-23,1.00435126e-22,-5.52189e-19,-2.5369792e-17,-1.5647031e-23,-2.2651924e-17
exercise_0010,individual,0.0,-0.4148475,0.78148437,-0.3933693,0.052952807,-0.013684643,-0.42655346,0.08618732,0.04417396,-3.6113906e-22,1.0599523e-15,8.4137165e-23,1.00435126e-22,-5.52189e-19,-2.5369792e-17,-1.5647031e-23,-2.2651924e-17
trueOrFalseOption_0005,individual,0.0,-0.4148475,0.78148437,-0.3933693,0.052952807,-0.013684643,-0.42655346,0.08618732,0.04417396,-3.6113906e-22,1.0599523e-15,8.4137165e-23,1.00435126e-22,-5.52189e-19,-2.5369792e-17,-1.5647031e-23,-2.2651924e-17
metric_0004,individual,0.009642261620855774,0.057934348,0.74274766,-0.43546444,0.048358526,-0.0079685,-0.4838705,-0.045993436,-0.16508724,-3.1613095e-22,1.0624703e-15,7.5968984e-23,8.4996613e-23,-5.3627505e-19,-2.5399302e-17,-1.5262414e-23,-2.2508503e-17
mtcu:hasPG,resource,0.0,-0.56079817,-2.261879,-2.4014323,-0.74481595,-1.0661644,1.7214217,0.25325593,-0.023364043,-5.807104e-21,1.3036809e-15,-1.10624025e-20,3.9297756e-21,-2.7485456e-18,-2.8188717e-17,4.9303697e-21,-2.9130032e-17
fillBlanksProblem_0002,individual,0.0,-0.4148475,0.78148437,-0.3933693,0.052952807,-0.013684643,-0.42655346,0.08618732,0.04417396,-3.6113906e-22,1.0599523e-15,8.4137165e-23,1.00435126e-22,-5.52189e-19,-2.5369792e-17,-1.5647031e-23,-2.2651924e-17
pedagogicalModel_0002,individual,0.0,-0.4148475,0.78148437,-0.3933693,0.052952807,-0.013684643,-0.42655346,0.08618732,0.04417396,-3.6113906e-22,1.0599523e-15,8.4137165e-23,1.00435126e-22,-5.52189e-19,-2.5369792e-17,-1.5647031e-23,-2.2651924e-17
emotions_0005,individual,0.0038665868165178342,-0.23050696,0.83616084,-0.054781213,0.023500085,-0.020057498,-0.024009971,-0.037679132,0.058265176,-1.0580528e-22,1.095878e-15,3.2233563e-23,3.679768e-24,-4.6928526e-19,-2.6612923e-17,-1.3427467e-23,-2.3367364e-17
status_0004,individual,0.0,-0.4148475,0.78148437,-0.3933693,0.052952807,-0.013684643,-0.42655346,0.08618732,0.04417396,-3.6113906e-22,1.0599523e-15,8.4137165e-23,1.00435126e-22,-5.52189e-19,-2.5369792e-17,-1.5647031e-23,-2.2651924e-17
uRIResource_0001,individual,0.0,-0.4148475,0.78148437,-0.3933693,0.052952807,-0.013684643,-0.42655346,0.08618732,0.04417396,-3.6113906e-22,1.0599523e-15,8.4137165e-23,1.00435126e-22,-5.52189e-19,-2.5369792e-17,-1.5647031e-23,-2.2651924e-17
uRIResource_0004,individual,0.0,-0.4148475,0.78148437,-0.3933693,0.052952807,-0.013684643,-0.42655346,0.08618732,0.04417396,-3.6113906e-22,1.0599523e-15,8.4137165e-23,1.00435126e-22,-5.52189e-19,-2.5369792e-17,-1.5647031e-23,-2.2651924e-17
categoryEnjoyment_0002,individual,0.08302359754410808,3.7454956,0.4770716,-0.6660872,0.011448661,0.045424584,-0.8213196,-0.8570739,-2.439914,8.296878e-23,1.0160501e-15,-4.4083756e-23,-6.584035e-23,-3.6942103e-19,-2.5078303e-17,2.5078235e-24,-2.1316203e-17
problem_0003,individual,0.0,-0.4148475,0.78148437,-0.3933693,0.052952807,-0.013684643,-0.42655346,0.08618732,0.04417396,-3.6113906e-22,1.0599523e-15,8.4137165e-23,1.00435126e-22,-5.52189e-19,-2.5369792e-17,-1.5647031e-23,-2.2651924e-17
targetBehavior_0005,individual,0.011904844348028272,0.16515702,0.8762833,0.27238894,-0.008087647,-0.023208411,0.36121264,-0.2039789,-0.06983605,1.7349095e-22,1.1252099e-15,-2.7586996e-23,-1.02072764e-22,-3.7830464e-19,-2.7532788e-17,-9.917679e-24,-2.3993322e-17
tactic_0009,individual,0.011599760449553503,0.13817412,0.94551384,0.6223949,-0.035405386,-0.032803208,0.781077,-0.28541204,0.08644765,4.050691e-22,1.159037e-15,-7.1573684e-23,-1.8941739e-22,-3.065186e-19,-2.8589887e-17,-9.401928e-24,-2.4833578e-17
engagementLoop_0005,individual,0.27055099930754783,20.15871,0.25672987,0.46131113,-0.86512625,1.2328906,0.3738774,12.434645,1.2405906,3.5956325e-21,-3.4241e-16,-1.1264678e-20,-8.2303184e-22,1.4012189e-18,4.1854247e-18,4.080725e-21,6.53405e-18
metric_0040,individual,0.004282919590984243,-0.19923013,0.7661056,-0.40643674,0.050790038,-0.010525032,-0.44581637,0.039701685,-0.09158436,-3.375978e-22,1.0555457e-15,7.687679e-23,9.148549e-23,-5.4128306e-19,-2.5352538e-17,-1.4544872e-23,-2.254066e-17
catalogue_0001,individual,0.0,-0.4148475,0.78148437,-0.3933693,0.052952807,-0.013684643,-0.42655346,0.08618732,0.04417396,-3.6113906e-22,1.0599523e-15,8.4137165e-23,1.00435126e-22,-5.52189e-19,-2.5369792e-17,-1.5647031e-23,-2.2651924e-17
uRIType_0005,individual,0.0,-0.4148475,0.78148437,-0.3933693,0.052952807,-0.013684643,-0.42655346,0.08618732,0.04417396,-3.6113906e-22,1.0599523e-15,8.4137165e-23,1.00435126e-22,-5.52189e-19,-2.5369792e-17,-1.5647031e-23,-2.2651924e-17
yeeMechanics_0002,individual,0.0,-0.4148475,0.78148437,-0.3933693,0.052952807,-0.013684643,-0.42655346,0.08618732,0.04417396,-3.6113906e-22,1.0599523e-15,8.4137165e-23,1.00435126e-22,-5.52189e-19,-2.5369792e-17,-1.5647031e-23,-2.2651924e-17
brainHex_0013,individual,0.0,-0.4148475,0.78148437,-0.3933693,0.052952807,-0.013684643,-0.42655346,0.08618732,0.04417396,-3.6113906e-22,1.0599523e-15,8.4137165e-23,1.00435126e-22,-5.52189e-19,-2.5369792e-17,-1.5647031e-23,-2.2651924e-17
problemNext_0012,individual,0.0,-0.4148475,0.78148437,-0.3933693,0.052952807,-0.013684643,-0.42655346,0.08618732,0.04417396,-3.6113906e-22,1.0599523e-15,8.4137165e-23,1.00435126e-22,-5.52189e-19,-2.5369792e-17,-1.5647031e-23,-2.2651924e-17
mastermind_0005,individual,0.0,-0.4148475,0.78148437,-0.3933693,0.052952807,-0.013684643,-0.42655346,0.08618732,0.04417396,-3.6113906e-22,1.0599523e-15,8.4137165e-23,1.00435126e-22,-5.52189e-19,-2.5369792e-17,-1.5647031e-23,-2.2651924e-17
avatars_0002,individual,0.0038665868165178342,-0.23050696,0.83616084,-0.054781213,0.023500085,-0.020057498,-0.024009971,-0.037679132,0.058265176,-1.0580528e-22,1.095878e-15,3.2233563e-23,3.679768e-24,-4.6928526e-19,-2.6612923e-17,-1.3427467e-23,-2.3367364e-17
progression_0001,individual,0.0038665868165178342,-0.23050696,0.83616084,-0.054781213,0.023500085,-0.020057498,-0.024009971,-0.037679132,0.058265176,-1.0580528e-22,1.095878e-15,3.2233563e-23,3.679768e-24,-4.6928526e-19,-2.6612923e-17,-1.3427467e-23,-2.3367364e-17
feedback_0004,individual,0.011599760449553503,0.13817412,0.94551384,0.6223949,-0.035405386,-0.032803208,0.781077,-0.28541204,0.08644765,4.050691e-22,1.159037e-15,-7.1573684e-23,-1.8941739e-22,-3.065186e-19,-2.8589887e-17,-9.401928e-24,-2.4833578e-17
cooperation_0001,individual,0.0,-0.4148475,0.78148437,-0.3933693,0.052952807,-0.013684643,-0.42655346,0.08618732,0.04417396,-3.6113906e-22,1.0599523e-15,8.4137165e-23,1.00435126e-22,-5.52189e-19,-2.5369792e-17,-1.5647031e-23,-2.2651924e-17
comment_0002,individual,0.0,-0.4148475,0.78148437,-0.3933693,0.052952807,-0.013684643,-0.42655346,0.08618732,0.04417396,-3.6113906e-22,1.0599523e-15,8.4137165e-23,1.00435126e-22,-5.52189e-19,-2.5369792e-17,-1.5647031e-23,-2.2651924e-17
compositeResource_0002,individual,0.0,-0.4148475,0.78148437,-0.3933693,0.052952807,-0.013684643,-0.42655346,0.08618732,0.04417396,-3.6113906e-22,1.0599523e-15,8.4137165e-23,1.00435126e-22,-5.52189e-19,-2.5369792e-17,-1.5647031e-23,-2.2651924e-17
instrutionalPlan_0019,individual,0.011599760449553503,0.13817412,0.94551384,0.6223949,-0.035405386,-0.032803208,0.781077,-0.28541204,0.08644765,4.050691e-22,1.159037e-15,-7.1573684e-23,-1.8941739e-22,-3.065186e-19,-2.8589887e-17,-9.401928e-24,-2.4833578e-17
gamification_0002,individual,0.031155993378996296,1.1690738,0.73395884,-0.15253842,0.0060517313,0.0047794683,-0.16251436,-0.27553675,-0.62864715,4.3176774e-23,1.0602934e-15,-6.7686676e-23,-4.7362956e-23,-4.0866067e-19,-2.5924479e-17,1.4992674e-23,-2.268913e-17
studentModel_0018,individual,0.0038665868165178342,-0.23050696,0.83616084,-0.054781213,0.023500085,-0.020057498,-0.024009971,-0.037679132,0.058265176,-1.0580528e-22,1.095878e-15,3.2233563e-23,3.679768e-24,-4.6928526e-19,-2.6612923e-17,-1.3427467e-23,-2.3367364e-17
errorMisconception_0003,individual,0.0,-0.4148475,0.78148437,-0.3933693,0.052952807,-0.013684643,-0.42655346,0.08618732,0.04417396,-3.6113906e-22,1.0599523e-15,8.4137165e-23,1.00435126e-22,-5.52189e-19,-2.5369792e-17,-1.5647031e-23,-2.2651924e-17
error_0004,individual,0.0,-0.4148475,0.78148437,-0.3933693,0.052952807,-0.013684643,-0.42655346,0.08618732,0.04417396,-3.6113906e-22,1.0599523e-15,8.4137165e-23,1.00435126e-22,-5.52189e-19,-2.5369792e-17,-1.5647031e-23,-2.2651924e-17
evaluationResource_0005,individual,0.0,-0.4148475,0.78148437,-0.3933693,0.052952807,-0.013684643,-0.42655346,0.08618732,0.04417396,-3.6113906e-22,1.0599523e-15,8.4137165e-23,1.00435126e-22,-5.52189e-19,-2.5369792e-17,-1.5647031e-23,-2.2651924e-17
playerAction_0006,individual,0.08374750042344735,5.1930814,0.46716505,-0.4858776,-0.22575259,0.27595854,-0.54617566,2.2001781,5.0428925,6.2237667e-22,9.130192e-16,-2.856677e-21,-2.3028003e-23,-1.4698744e-19,-2.285762e-17,1.0731127e-21,-1.9859435e-17
yeeMechanics_0003,individual,0.0,-0.4148475,0.78148437,-0.3933693,0.052952807,-0.013684643,-0.42655346,0.08618732,0.04417396,-3.6113906e-22,1.0599523e-15,8.4137165e-23,1.00435126e-22,-5.52189e-19,-2.5369792e-17,-1.5647031e-23,-2.2651924e-17
matchColumnAnswer_0007,individual,0.0,-0.4148475,0.78148437,-0.3933693,0.052952807,-0.013684643,-0.42655346,0.08618732,0.04417396,-3.6113906e-22,1.0599523e-15,8.4137165e-23,1.00435126e-22,-5.52189e-19,-2.5369792e-17,-1.5647031e-23,-2.2651924e-17
activity_0010,individual,0.0,-0.4148475,0.78148437,-0.3933693,0.052952807,-0.013684643,-0.42655346,0.08618732,0.04417396,-3.6113906e-22,1.0599523e-15,8.4137165e-23,1.00435126e-22,-5.52189e-19,-2.5369792e-17,-1.5647031e-23,-2.2651924e-17
has_Problems,object_property,0.0,-0.6342006,-2.0632188,1.609402,-2.4743335,-1.1677835,-1.7860585,0.2143474,-0.012321135,-6.4297496e-21,1.8218218e-16,-3.017744e-20,6.5249404e-21,-2.6494428e-18,-9.752426e-19,1.265738e-20,-5.738372e-18
categoryCompetition_0003,individual,0.0123412838139019,0.21241733,0.73911,-0.42504707,0.046591192,-0.003921497,-0.47548306,-0.034784455,-0.392451,-2.895373e-22,1.0506168e-15,5.93611e-23,7.2426083e-23,-5.2166497e-19,-2.51882e-17,-1.1482659e-23,-2.2502544e-17
hasPlayer,object_property,0.0077331736330356685,-0.2655196,-1.953866,2.286578,-2.5332394,-1.1805292,-0.98097175,-0.03338551,0.015861288,-5.9186683e-21,2.5688095e-16,-3.02829e-20,6.33143e-21,-2.4835773e-18,-2.9961276e-18,1.26626464e-20,-6.737596e-18
narrative_0002,individual,0.0077331736330356685,-0.0461664,0.8908374,0.28380683,-0.0059526362,-0.026430352,0.37853348,-0.16154559,0.07235639,1.4973529e-22,1.1242427e-15,-1.9670064e-23,-9.286881e-23,-3.8632374e-19,-2.7607517e-17,-1.1207902e-23,-2.4084831e-17
matchColumnAnswer_0003,individual,0.0,-0.4148475,0.78148437,-0.3933693,0.052952807,-0.013684643,-0.42655346,0.08618732,0.04417396,-3.6113906e-22,1.0599523e-15,8.4137165e-23,1.00435126e-22,-5.52189e-19,-2.5369792e-17,-1.5647031e-23,-2.2651924e-17
cooperation_0002,individual,0.0,-0.4148475,0.78148437,-0.3933693,0.052952807,-0.013684643,-0.42655346,0.08618732,0.04417396,-3.6113906e-22,1.0599523e-15,8.4137165e-23,1.00435126e-22,-5.52189e-19,-2.5369792e-17,-1.5647031e-23,-2.2651924e-17
tactic_0007,individual,0.029138094951690466,1.0874335,0.8839775,0.5708967,-0.050676875,-0.009558714,0.70470685,-0.32770026,-0.37615466,5.157341e-22,1.1314171e-15,-2.0341938e-22,-2.2586077e-22,-2.5704177e-19,-2.7984463e-17,3.3516513e-23,-2.4152804e-17
tactic_0005,individual,0.04106852520144147,2.3023486,1.0052737,1.2969167,-0.16985035,0.0775053,1.561402,0.79419976,0.018778268,1.2044273e-21,1.0488841e-15,-1.253062e-21,-4.4214217e-22,2.585627e-20,-2.7056108e-17,3.887116e-22,-2.2796759e-17
trueOrFalseProblem_0006,individual,0.0,-0.4148475,0.78148437,-0.3933693,0.052952807,-0.013684643,-0.42655346,0.08618732,0.04417396,-3.6113906e-22,1.0599523e-15,8.4137165e-23,1.00435126e-22,-5.52189e-19,-2.5369792e-17,-1.5647031e-23,-2.2651924e-17
relationships_0005,individual,0.0077331736330356685,-0.0461664,0.8908374,0.28380683,-0.0059526362,-0.026430352,0.37853348,-0.16154559,0.07235639,1.4973529e-22,1.1242427e-15,-1.9670064e-23,-9.286881e-23,-3.8632374e-19,-2.7607517e-17,-1.1207902e-23,-2.4084831e-17
levels_0001,individual,0.03479928134866051,1.2442174,1.2735726,2.6539233,-0.2121217,-0.07104033,3.1963377,-1.028611,0.17099503,1.9376922e-21,1.3446863e-15,-3.8299538e-22,-7.689156e-22,1.8759231e-19,-3.4525093e-17,3.0882705e-24,-2.903667e-17
playerAction_0019,individual,0.020084810523907527,1.213966,0.8465086,0.22122988,-0.07734892,0.08392164,0.29864123,1.1320848,0.990099,3.359463e-22,1.0024782e-15,-1.0641184e-21,-9.9607706e-23,-2.7623717e-19,-2.4835835e-17,3.804346e-22,-2.1472552e-17
resource_0020,individual,0.020662765508091895,0.48329723,0.6610553,-0.59886795,0.04560715,-0.014142888,-0.67625713,-0.44742334,0.4722891,-3.37369e-22,1.1064889e-15,1.4100725e-22,1.1019014e-22,-5.6082577e-19,-2.642167e-17,-3.3892664e-23,-2.3422028e-17
option_0006,individual,0.0,-0.4148475,0.78148437,-0.3933693,0.052952807,-0.013684643,-0.42655346,0.08618732,0.04417396,-3.6113906e-22,1.0599523e-15,8.4137165e-23,1.00435126e-22,-5.52189e-19,-2.5369792e-17,-1.5647031e-23,-2.2651924e-17
yeeAchievementComponent_0001,individual,0.011599760449553503,0.13817412,0.94551384,0.6223949,-0.035405386,-0.032803208,0.781077,-0.28541204,0.08644765,4.050691e-22,1.159037e-15,-7.1573684e-23,-1.8941739e-22,-3.065186e-19,-2.8589887e-17,-9.401928e-24,-2.4833578e-17
metric_0006,individual,0.0176461590898765,0.46747953,0.71615577,-0.45326725,0.044173278,-0.0013344423,-0.5125863,-0.11849557,-0.46910402,-2.6796547e-22,1.0518859e-15,5.813184e-23,6.58127e-23,-5.135709e-19,-2.5267976e-17,-1.2108125e-23,-2.2523898e-17
matchColumnProblem_0002,individual,0.0,-0.4148475,0.78148437,-0.3933693,0.052952807,-0.013684643,-0.42655346,0.08618732,0.04417396,-3.6113906e-22,1.0599523e-15,8.4137165e-23,1.00435126e-22,-5.52189e-19,-2.5369792e-17,-1.5647031e-23,-2.2651924e-17
daredevil_0002,individual,0.0,-0.4148475,0.78148437,-0.3933693,0.052952807,-0.013684643,-0.42655346,0.08618732,0.04417396,-3.6113906e-22,1.0599523e-15,8.4137165e-23,1.00435126e-22,-5.52189e-19,-2.5369792e-17,-1.5647031e-23,-2.2651924e-17
rightColumn_0003,individual,0.0,-0.4148475,0.78148437,-0.3933693,0.052952807,-0.013684643,-0.42655346,0.08618732,0.04417396,-3.6113906e-22,1.0599523e-15,8.4137165e-23,1.00435126e-22,-5.52189e-19,-2.5369792e-17,-1.5647031e-23,-2.2651924e-17
categoryCompetition_0001,individual,0.004103874293109321,-0.20614082,0.7674328,-0.40378198,0.050834738,-0.010424719,-0.44269073,0.046223536,-0.10193952,-3.3725275e-22,1.055112e-15,7.582015e-23,9.107618e-23,-5.4085954e-19,-2.5325433e-17,-1.4242196e-23,-2.2520331e-17
compositeResource_0004,individual,0.0,-0.4148475,0.78148437,-0.3933693,0.052952807,-0.013684643,-0.42655346,0.08618732,0.04417396,-3.6113906e-22,1.0599523e-15,8.4137165e-23,1.00435126e-22,-5.52189e-19,-2.5369792e-17,-1.5647031e-23,-2.2651924e-17
metric_0016,individual,0.008784790252599959,0.024838168,0.7491039,-0.4227505,0.048572604,-0.007488091,-0.46890152,-0.014759406,-0.21467954,-3.1447848e-22,1.059055e-15,7.090856e-23,8.303639e-23,-5.34356e-19,-2.5319681e-17,-1.3812853e-23,-2.2437352e-17
exercise_0011,individual,0.0,-0.4148475,0.78148437,-0.3933693,0.052952807,-0.013684643,-0.42655346,0.08618732,0.04417396,-3.6113906e-22,1.0599523e-15,8.4137165e-23,1.00435126e-22,-5.52189e-19,-2.5369792e-17,-1.5647031e-23,-2.2651924e-17
coversComponent,object_property,0.0077331736330356685,-0.2655196,-1.953866,2.286578,-2.5332394,-1.1805292,-0.98097175,-0.03338551,0.015861288,-5.9186683e-21,2.5688095e-16,-3.02829e-20,6.33143e-21,-2.4835773e-18,-2.9961276e-18,1.26626464e-20,-6.737596e-18
concept_0004,individual,0.0,-0.4148475,0.78148437,-0.3933693,0.052952807,-0.013684643,-0.42655346,0.08618732,0.04417396,-3.6113906e-22,1.0599523e-15,8.4137165e-23,1.00435126e-22,-5.52189e-19,-2.5369792e-17,-1.5647031e-23,-2.2651924e-17
resourceAcquisition_0005,individual,0.0,-0.4148475,0.78148437,-0.3933693,0.052952807,-0.013684643,-0.42655346,0.08618732,0.04417396,-3.6113906e-22,1.0599523e-15,8.4137165e-23,1.00435126e-22,-5.52189e-19,-2.5369792e-17,-1.5647031e-23,-2.2651924e-17
contentUnlocking_0004,individual,0.0,-0.4148475,0.78148437,-0.3933693,0.052952807,-0.013684643,-0.42655346,0.08618732,0.04417396,-3.6113906e-22,1.0599523e-15,8.4137165e-23,1.00435126e-22,-5.52189e-19,-2.5369792e-17,-1.5647031e-23,-2.2651924e-17
socializer_0005,individual,0.0,-0.4148475,0.78148437,-0.3933693,0.052952807,-0.013684643,-0.42655346,0.08618732,0.04417396,-3.6113906e-22,1.0599523e-15,8.4137165e-23,1.00435126e-22,-5.52189e-19,-2.5369792e-17,-1.5647031e-23,-2.2651924e-17
playerType_0003,individual,0.04217433299763819,1.6856351,0.7664896,0.17663123,-0.02329921,-0.0012530772,0.22132647,-0.5399073,-1.0034268,3.3772276e-22,1.0905174e-15,-7.670389e-23,-1.6405947e-22,-3.078747e-19,-2.7056108e-17,-2.6912084e-24,-2.35557e-17
timeConstraints_0004,individual,0.0,-0.4148475,0.78148437,-0.3933693,0.052952807,-0.013684643,-0.42655346,0.08618732,0.04417396,-3.6113906e-22,1.0599523e-15,8.4137165e-23,1.00435126e-22,-5.52189e-19,-2.5369792e-17,-1.5647031e-23,-2.2651924e-17
studentModel_0012,individual,0.0077331736330356685,-0.0461664,0.8908374,0.28380683,-0.0059526362,-0.026430352,0.37853348,-0.16154559,0.07235639,1.4973529e-22,1.1242427e-15,-1.9670064e-23,-9.286881e-23,-3.8632374e-19,-2.7607517e-17,-1.1207902e-23,-2.4084831e-17
strategy_0006,individual,0.041246584374362634,1.5889966,1.041243,1.572317,-0.13264316,-0.039796177,1.895676,-0.8762976,-0.36137018,1.263885e-21,1.2397037e-15,-2.509239e-22,-5.129759e-22,-2.1577575e-20,-3.1501337e-17,-2.9565876e-25,-2.6754096e-17
engagementLoop_0009,individual,0.26915643522954846,14.341663,0.06720163,0.06754792,-0.32576948,0.34910607,-0.08249822,-0.36846694,-4.724801,2.2559233e-21,8.305804e-16,-2.6188562e-21,-7.514675e-22,5.10991e-19,-2.1411855e-17,8.473878e-22,-1.7173385e-17
points_0004,individual,0.0077331736330356685,-0.0461664,0.8908374,0.28380683,-0.0059526362,-0.026430352,0.37853348,-0.16154559,0.07235639,1.4973529e-22,1.1242427e-15,-1.9670064e-23,-9.286881e-23,-3.8632374e-19,-2.7607517e-17,-1.1207902e-23,-2.4084831e-17
metric_0003,individual,0.0,-0.4148475,0.78148437,-0.3933693,0.052952807,-0.013684643,-0.42655346,0.08618732,0.04417396,-3.6113906e-22,1.0599523e-15,8.4137165e-23,1.00435126e-22,-5.52189e-19,-2.5369792e-17,-1.5647031e-23,-2.2651924e-17
narrative_0001,individual,0.0077331736330356685,-0.0461664,0.8908374,0.28380683,-0.0059526362,-0.026430352,0.37853348,-0.16154559,0.07235639,1.4973529e-22,1.1242427e-15,-1.9670064e-23,-9.286881e-23,-3.8632374e-19,-2.7607517e-17,-1.1207902e-23,-2.4084831e-17
context_0004,individual,0.0,-0.4148475,0.78148437,-0.3933693,0.052952807,-0.013684643,-0.42655346,0.08618732,0.04417396,-3.6113906e-22,1.0599523e-15,8.4137165e-23,1.00435126e-22,-5.52189e-19,-2.5369792e-17,-1.5647031e-23,-2.2651924e-17
multipleChoiceOption_0001,individual,0.0,-0.4148475,0.78148437,-0.3933693,0.052952807,-0.013684643,-0.42655346,0.08618732,0.04417396,-3.6113906e-22,1.0599523e-15,8.4137165e-23,1.00435126e-22,-5.52189e-19,-2.5369792e-17,-1.5647031e-23,-2.2651924e-17
trueOrFalseProblem_0009,individual,0.0,-0.4148475,0.78148437,-0.3933693,0.052952807,-0.013684643,-0.42655346,0.08618732,0.04417396,-3.6113906e-22,1.0599523e-15,8.4137165e-23,1.00435126e-22,-5.52189e-19,-2.5369792e-17,-1.5647031e-23,-2.2651924e-17
narrative_0003,individual,0.0077331736330356685,-0.0461664,0.8908374,0.28380683,-0.0059526362,-0.026430352,0.37853348,-0.16154559,0.07235639,1.4973529e-22,1.1242427e-15,-1.9670064e-23,-9.286881e-23,-3.8632374e-19,-2.7607517e-17,-1.1207902e-23,-2.4084831e-17
question_0020,individual,0.0,-0.4148475,0.78148437,-0.3933693,0.052952807,-0.013684643,-0.42655346,0.08618732,0.04417396,-3.6113906e-22,1.0599523e-15,8.4137165e-23,1.00435126e-22,-5.52189e-19,-2.5369792e-17,-1.5647031e-23,-2.2651924e-17
knowledgeUnit_0017,individual,0.0,-0.4148475,0.78148437,-0.3933693,0.052952807,-0.013684643,-0.42655346,0.08618732,0.04417396,-3.6113906e-22,1.0599523e-15,8.4137165e-23,1.00435126e-22,-5.52189e-19,-2.5369792e-17,-1.5647031e-23,-2.2651924e-17
option_0011,individual,0.0,-0.4148475,0.78148437,-0.3933693,0.052952807,-0.013684643,-0.42655346,0.08618732,0.04417396,-3.6113906e-22,1.0599523e-15,8.4137165e-23,1.00435126e-22,-5.52189e-19,-2.5369792e-17,-1.5647031e-23,-2.2651924e-17
universalGenericOperator_0001,individual,0.0,-0.4148475,0.78148437,-0.3933693,0.052952807,-0.013684643,-0.42655346,0.08618732,0.04417396,-3.6113906e-22,1.0599523e-15,8.4137165e-23,1.00435126e-22,-5.52189e-19,-2.5369792e-17,-1.5647031e-23,-2.2651924e-17
resourceUnit_0019,individual,0.01933293408258917,0.5068552,1.0548668,1.299571,-0.09431083,-0.045548905,1.5861641,-0.5331449,0.11463007,9.159435e-22,1.2322084e-15,-1.7538092e-22,-3.8251451e-22,-1.4275227e-19,-3.047414e-17,-4.962806e-24,-2.6283333e-17
metric_0038,individual,0.0,-0.4148475,0.78148437,-0.3933693,0.052952807,-0.013684643,-0.42655346,0.08618732,0.04417396,-3.6113906e-22,1.0599523e-15,8.4137165e-23,1.00435126e-22,-5.52189e-19,-2.5369792e-17,-1.5647031e-23,-2.2651924e-17
curriculum_0001,individual,0.0,-0.4148475,0.78148437,-0.3933693,0.052952807,-0.013684643,-0.42655346,0.08618732,0.04417396,-3.6113906e-22,1.0599523e-15,8.4137165e-23,1.00435126e-22,-5.52189e-19,-2.5369792e-17,-1.5647031e-23,-2.2651924e-17
matchColumnAnswer_0001,individual,0.0,-0.4148475,0.78148437,-0.3933693,0.052952807,-0.013684643,-0.42655346,0.08618732,0.04417396,-3.6113906e-22,1.0599523e-15,8.4137165e-23,1.00435126e-22,-5.52189e-19,-2.5369792e-17,-1.5647031e-23,-2.2651924e-17
Achiever,class,0.0038665868165178342,-0.31459847,-2.1649776,1.0210418,2.6394498,-0.5289352,-0.23932739,0.15903121,0.07079996,-3.6368324e-21,2.0395677e-15,2.6132264e-20,-1.7152014e-21,-1.9973326e-18,-4.3960156e-17,-1.0230349e-20,-4.244932e-17
depth_0005,individual,0.0,-0.4148475,0.78148437,-0.3933693,0.052952807,-0.013684643,-0.42655346,0.08618732,0.04417396,-3.6113906e-22,1.0599523e-15,8.4137165e-23,1.00435126e-22,-5.52189e-19,-2.5369792e-17,-1.5647031e-23,-2.2651924e-17
knowledgeUnit_0001,individual,0.0,-0.4148475,0.78148437,-0.3933693,0.052952807,-0.013684643,-0.42655346,0.08618732,0.04417396,-3.6113906e-22,1.0599523e-15,8.4137165e-23,1.00435126e-22,-5.52189e-19,-2.5369792e-17,-1.5647031e-23,-2.2651924e-17
targetBehavior_0036,individual,0.011599760449553503,0.13817412,0.94551384,0.6223949,-0.035405386,-0.032803208,0.781077,-0.28541204,0.08644765,4.050691e-22,1.159037e-15,-7.1573684e-23,-1.8941739e-22,-3.065186e-19,-2.8589887e-17,-9.401928e-24,-2.4833578e-17
content_0008,individual,0.0,-0.4148475,0.78148437,-0.3933693,0.052952807,-0.013684643,-0.42655346,0.08618732,0.04417396,-3.6113906e-22,1.0599523e-15,8.4137165e-23,1.00435126e-22,-5.52189e-19,-2.5369792e-17,-1.5647031e-23,-2.2651924e-17
points_0003,individual,0.011599760449553503,0.13817412,0.94551384,0.6223949,-0.035405386,-0.032803208,0.781077,-0.28541204,0.08644765,4.050691e-22,1.159037e-15,-7.1573684e-23,-1.8941739e-22,-3.065186e-19,-2.8589887e-17,-9.401928e-24,-2.4833578e-17
option_0015,individual,0.0,-0.4148475,0.78148437,-0.3933693,0.052952807,-0.013684643,-0.42655346,0.08618732,0.04417396,-3.6113906e-22,1.0599523e-15,8.4137165e-23,1.00435126e-22,-5.52189e-19,-2.5369792e-17,-1.5647031e-23,-2.2651924e-17
resolutionMethod_0007,individual,0.0,-0.4148475,0.78148437,-0.3933693,0.052952807,-0.013684643,-0.42655346,0.08618732,0.04417396,-3.6113906e-22,1.0599523e-15,8.4137165e-23,1.00435126e-22,-5.52189e-19,-2.5369792e-17,-1.5647031e-23,-2.2651924e-17
leftColumn_0005,individual,0.0,-0.4148475,0.78148437,-0.3933693,0.052952807,-0.013684643,-0.42655346,0.08618732,0.04417396,-3.6113906e-22,1.0599523e-15,8.4137165e-23,1.00435126e-22,-5.52189e-19,-2.5369792e-17,-1.5647031e-23,-2.2651924e-17
transactions_0002,individual,0.0,-0.4148475,0.78148437,-0.3933693,0.052952807,-0.013684643,-0.42655346,0.08618732,0.04417396,-3.6113906e-22,1.0599523e-15,8.4137165e-23,1.00435126e-22,-5.52189e-19,-2.5369792e-17,-1.5647031e-23,-2.2651924e-17
metric_0055,individual,0.013358925101779457,0.25169566,0.7315664,-0.44013587,0.046337128,-0.0044916444,-0.49324816,-0.07185278,-0.3335952,-2.9149842e-22,1.0549536e-15,6.536677e-23,7.475248e-23,-5.2378255e-19,-2.5283068e-17,-1.32029946e-23,-2.2583859e-17
teams_0004,individual,0.0,-0.4148475,0.78148437,-0.3933693,0.052952807,-0.013684643,-0.42655346,0.08618732,0.04417396,-3.6113906e-22,1.0599523e-15,8.4137165e-23,1.00435126e-22,-5.52189e-19,-2.5369792e-17,-1.5647031e-23,-2.2651924e-17
yeeRolePlaying_0001,individual,0.0,-0.4148475,0.78148437,-0.3933693,0.052952807,-0.013684643,-0.42655346,0.08618732,0.04417396,-3.6113906e-22,1.0599523e-15,8.4137165e-23,1.00435126e-22,-5.52189e-19,-2.5369792e-17,-1.5647031e-23,-2.2651924e-17
motivation_0004,individual,0.057496210718947706,2.4080505,0.5517132,-0.64064175,0.025476325,0.020812431,-0.76421714,-0.6938801,-1.2320613,-9.040172e-23,1.0365258e-15,3.3018966e-23,6.987083e-24,-4.4222213e-19,-2.5065715e-17,-1.2735213e-23,-2.220057e-17
evaluationResource_0004,individual,0.0,-0.4148475,0.78148437,-0.3933693,0.052952807,-0.013684643,-0.42655346,0.08618732,0.04417396,-3.6113906e-22,1.0599523e-15,8.4137165e-23,1.00435126e-22,-5.52189e-19,-2.5369792e-17,-1.5647031e-23,-2.2651924e-17
misconception_0003,individual,0.0,-0.4148475,0.78148437,-0.3933693,0.052952807,-0.013684643,-0.42655346,0.08618732,0.04417396,-3.6113906e-22,1.0599523e-15,8.4137165e-23,1.00435126e-22,-5.52189e-19,-2.5369792e-17,-1.5647031e-23,-2.2651924e-17
activity_0004,individual,0.0,-0.4148475,0.78148437,-0.3933693,0.052952807,-0.013684643,-0.42655346,0.08618732,0.04417396,-3.6113906e-22,1.0599523e-15,8.4137165e-23,1.00435126e-22,-5.52189e-19,-2.5369792e-17,-1.5647031e-23,-2.2651924e-17
theme_0003,individual,0.01933293408258917,0.5068552,1.0548668,1.299571,-0.09431083,-0.045548905,1.5861641,-0.5331449,0.11463007,9.159435e-22,1.2322084e-15,-1.7538092e-22,-3.8251451e-22,-1.4275227e-19,-3.047414e-17,-4.962806e-24,-2.6283333e-17
competence_0016,individual,0.0,-0.4148475,0.78148437,-0.3933693,0.052952807,-0.013684643,-0.42655346,0.08618732,0.04417396,-3.6113906e-22,1.0599523e-15,8.4137165e-23,1.00435126e-22,-5.52189e-19,-2.5369792e-17,-1.5647031e-23,-2.2651924e-17
levels_0003,individual,0.03479928134866051,1.2442174,1.2735726,2.6539233,-0.2121217,-0.07104033,3.1963377,-1.028611,0.17099503,1.9376922e-21,1.3446863e-15,-3.8299538e-22,-7.689156e-22,1.8759231e-19,-3.4525093e-17,3.0882705e-24,-2.903667e-17
metric_0039,individual,0.004729453145240241,-0.1819951,0.76279557,-0.4130576,0.05067856,-0.0107752085,-0.45361155,0.023436371,-0.06575888,-3.3845834e-22,1.0572804e-15,7.951204e-23,9.250629e-23,-5.4234185e-19,-2.5393196e-17,-1.5299743e-23,-2.2574541e-17
rewards_0003,individual,0.030932694532142674,1.0598769,1.2188962,2.3153353,-0.18266898,-0.06466748,2.7937942,-0.9047444,0.15690376,1.6821515e-21,1.3109669e-15,-3.310918e-22,-6.723671e-22,1.02300115e-19,-3.3568723e-17,1.2822966e-24,-2.8358984e-17
meututor_domain_cp.owl,resource,0.004758645549519755,-0.32681912,-2.2807841,-2.4215534,-0.74709743,-1.0632712,1.6938539,0.1894416,-0.13160853,-5.7844793e-21,1.2866976e-15,-1.1066855e-20,3.9219133e-21,-2.7422981e-18,-2.842896e-17,4.9306673e-21,-2.883581e-17
multipleChoiceProblem_0010,individual,0.0,-0.4148475,0.78148437,-0.3933693,0.052952807,-0.013684643,-0.42655346,0.08618732,0.04417396,-3.6113906e-22,1.0599523e-15,8.4137165e-23,1.00435126e-22,-5.52189e-19,-2.5369792e-17,-1.5647031e-23,-2.2651924e-17
studentModel_0014,individual,0.011599760449553503,0.13817412,0.94551384,0.6223949,-0.035405386,-0.032803208,0.781077,-0.28541204,0.08644765,4.050691e-22,1.159037e-15,-7.1573684e-23,-1.8941739e-22,-3.065186e-19,-2.8589887e-17,-9.401928e-24,-2.4833578e-17
competence_0017,individual,0.0,-0.4148475,0.78148437,-0.3933693,0.052952807,-0.013684643,-0.42655346,0.08618732,0.04417396,-3.6113906e-22,1.0599523e-15,8.4137165e-23,1.00435126e-22,-5.52189e-19,-2.5369792e-17,-1.5647031e-23,-2.2651924e-17
methodStep_0008,individual,0.0,-0.4148475,0.78148437,-0.3933693,0.052952807,-0.013684643,-0.42655346,0.08618732,0.04417396,-3.6113906e-22,1.0599523e-15,8.4137165e-23,1.00435126e-22,-5.52189e-19,-2.5369792e-17,-1.5647031e-23,-2.2651924e-17
relationships_0004,individual,0.0038665868165178342,-0.23050696,0.83616084,-0.054781213,0.023500085,-0.020057498,-0.024009971,-0.037679132,0.058265176,-1.0580528e-22,1.095878e-15,3.2233563e-23,3.679768e-24,-4.6928526e-19,-2.6612923e-17,-1.3427467e-23,-2.3367364e-17
instrutionalPlan_0018,individual,0.011599760449553503,0.13817412,0.94551384,0.6223949,-0.035405386,-0.032803208,0.781077,-0.28541204,0.08644765,4.050691e-22,1.159037e-15,-7.1573684e-23,-1.8941739e-22,-3.065186e-19,-2.8589887e-17,-9.401928e-24,-2.4833578e-17
matchColumnAnswer_0005,individual,0.0,-0.4148475,0.78148437,-0.3933693,0.052952807,-0.013684643,-0.42655346,0.08618732,0.04417396,-3.6113906e-22,1.0599523e-15,8.4137165e-23,1.00435126e-22,-5.52189e-19,-2.5369792e-17,-1.5647031e-23,-2.2651924e-17
metric_0058,individual,0.004934380461179526,-0.17408544,0.7612765,-0.4160961,0.050627396,-0.010890021,-0.45718902,0.015971746,-0.053906802,-3.3885327e-22,1.0581478e-15,8.0721435e-23,9.2974774e-23,-5.4276536e-19,-2.5406748e-17,-1.5646173e-23,-2.259487e-17
hint_0002,individual,0.0,-0.4148475,0.78148437,-0.3933693,0.052952807,-0.013684643,-0.42655346,0.08618732,0.04417396,-3.6113906e-22,1.0599523e-15,8.4137165e-23,1.00435126e-22,-5.52189e-19,-2.5369792e-17,-1.5647031e-23,-2.2651924e-17
knowledgeUnit_0018,individual,0.0,-0.4148475,0.78148437,-0.3933693,0.052952807,-0.013684643,-0.42655346,0.08618732,0.04417396,-3.6113906e-22,1.0599523e-15,8.4137165e-23,1.00435126e-22,-5.52189e-19,-2.5369792e-17,-1.5647031e-23,-2.2651924e-17
bugMisconception_0004,individual,0.0,-0.4148475,0.78148437,-0.3933693,0.052952807,-0.013684643,-0.42655346,0.08618732,0.04417396,-3.6113906e-22,1.0599523e-15,8.4137165e-23,1.00435126e-22,-5.52189e-19,-2.5369792e-17,-1.5647031e-23,-2.2651924e-17
metric_0042,individual,0.00451373656305964,-0.19032119,0.76439464,-0.4098591,0.05073241,-0.01065435,-0.44984576,0.031294003,-0.07823495,-3.3804262e-22,1.0568467e-15,7.8238985e-23,9.2013146e-23,-5.4191833e-19,-2.536609e-17,-1.4935068e-23,-2.2554213e-17
feedback_0003,individual,0.0038665868165178342,-0.23050696,0.83616084,-0.054781213,0.023500085,-0.020057498,-0.024009971,-0.037679132,0.058265176,-1.0580528e-22,1.095878e-15,3.2233563e-23,3.679768e-24,-4.6928526e-19,-2.6612923e-17,-1.3427467e-23,-2.3367364e-17
gameContext_0003,individual,0.0,-0.4148475,0.78148437,-0.3933693,0.052952807,-0.013684643,-0.42655346,0.08618732,0.04417396,-3.6113906e-22,1.0599523e-15,8.4137165e-23,1.00435126e-22,-5.52189e-19,-2.5369792e-17,-1.5647031e-23,-2.2651924e-17
problemNext_0006,individual,0.013272637159523488,0.24836516,0.7322061,-0.43885645,0.04635867,-0.0044433004,-0.49174184,-0.06870969,-0.3385857,-2.9133214e-22,1.0545199e-15,6.485753e-23,7.455521e-23,-5.235708e-19,-2.5269516e-17,-1.3057125e-23,-2.2583859e-17
form_0004,individual,0.0,-0.4148475,0.78148437,-0.3933693,0.052952807,-0.013684643,-0.42655346,0.08618732,0.04417396,-3.6113906e-22,1.0599523e-15,8.4137165e-23,1.00435126e-22,-5.52189e-19,-2.5369792e-17,-1.5647031e-23,-2.2651924e-17
writingEvaluation_0001,individual,0.0,-0.4148475,0.78148437,-0.3933693,0.052952807,-0.013684643,-0.42655346,0.08618732,0.04417396,-3.6113906e-22,1.0599523e-15,8.4137165e-23,1.00435126e-22,-5.52189e-19,-2.5369792e-17,-1.5647031e-23,-2.2651924e-17
discursiveOption_0007,individual,0.0,-0.4148475,0.78148437,-0.3933693,0.052952807,-0.013684643,-0.42655346,0.08618732,0.04417396,-3.6113906e-22,1.0599523e-15,8.4137165e-23,1.00435126e-22,-5.52189e-19,-2.5369792e-17,-1.5647031e-23,-2.2651924e-17
matchColumnProblem_0001,individual,0.0,-0.4148475,0.78148437,-0.3933693,0.052952807,-0.013684643,-0.42655346,0.08618732,0.04417396,-3.6113906e-22,1.0599523e-15,8.4137165e-23,1.00435126e-22,-5.52189e-19,-2.5369792e-17,-1.5647031e-23,-2.2651924e-17
yeeRelationship_0003,individual,0.0,-0.4148475,0.78148437,-0.3933693,0.052952807,-0.013684643,-0.42655346,0.08618732,0.04417396,-3.6113906e-22,1.0599523e-15,8.4137165e-23,1.00435126e-22,-5.52189e-19,-2.5369792e-17,-1.5647031e-23,-2.2651924e-17
uRIType_0004,individual,0.0,-0.4148475,0.78148437,-0.3933693,0.052952807,-0.013684643,-0.42655346,0.08618732,0.04417396,-3.6113906e-22,1.0599523e-15,8.4137165e-23,1.00435126e-22,-5.52189e-19,-2.5369792e-17,-1.5647031e-23,-2.2651924e-17
resolutionMethod_0001,individual,0.0,-0.4148475,0.78148437,-0.3933693,0.052952807,-0.013684643,-0.42655346,0.08618732,0.04417396,-3.6113906e-22,1.0599523e-15,8.4137165e-23,1.00435126e-22,-5.52189e-19,-2.5369792e-17,-1.5647031e-23,-2.2651924e-17
resource_0014,individual,0.023728328244617045,0.6519278,0.6547006,-0.59388536,0.043748304,-0.0103012435,-0.6742684,-0.44956586,0.26612437,-3.1148172e-22,1.0961533e-15,1.2656251e-22,9.8457547e-23,-5.468642e-19,-2.6245298e-17,-3.073255e-23,-2.345122e-17
seeker_0004,individual,0.0,-0.4148475,0.78148437,-0.3933693,0.052952807,-0.013684643,-0.42655346,0.08618732,0.04417396,-3.6113906e-22,1.0599523e-15,8.4137165e-23,1.00435126e-22,-5.52189e-19,-2.5369792e-17,-1.5647031e-23,-2.2651924e-17
targetBehavior_0028,individual,0.0077331736330356685,-0.0461664,0.8908374,0.28380683,-0.0059526362,-0.026430352,0.37853348,-0.16154559,0.07235639,1.4973529e-22,1.1242427e-15,-1.9670064e-23,-9.286881e-23,-3.8632374e-19,-2.7607517e-17,-1.1207902e-23,-2.4084831e-17
competence_0009,individual,0.0,-0.4148475,0.78148437,-0.3933693,0.052952807,-0.013684643,-0.42655346,0.08618732,0.04417396,-3.6113906e-22,1.0599523e-15,8.4137165e-23,1.00435126e-22,-5.52189e-19,-2.5369792e-17,-1.5647031e-23,-2.2651924e-17
knowledgeUnit_0015,individual,0.0,-0.4148475,0.78148437,-0.3933693,0.052952807,-0.013684643,-0.42655346,0.08618732,0.04417396,-3.6113906e-22,1.0599523e-15,8.4137165e-23,1.00435126e-22,-5.52189e-19,-2.5369792e-17,-1.5647031e-23,-2.2651924e-17
gDEComponent_0005,individual,0.06482054264451141,3.5231316,1.0627327,1.9414406,-0.2401169,0.08298704,2.3124304,0.47369063,-0.53434944,1.8195328e-21,1.1127258e-15,-1.4406968e-21,-6.7451035e-22,2.355932e-19,-2.8691626e-17,4.1699243e-22,-2.3587032e-17
tactic_0015,individual,0.03930501615163075,1.4836423,1.1895733,2.2920702,-0.18694621,-0.05823983,2.7586467,-0.9906667,-0.12580508,1.729607e-21,1.3160315e-15,-3.4675463e-22,-6.9070874e-22,1.2580616e-19,-3.34529e-17,3.8137575e-24,-2.810935e-17
gamificationModel_0009,individual,0.0,-0.4148475,0.78148437,-0.3933693,0.052952807,-0.013684643,-0.42655346,0.08618732,0.04417396,-3.6113906e-22,1.0599523e-15,8.4137165e-23,1.00435126e-22,-5.52189e-19,-2.5369792e-17,-1.5647031e-23,-2.2651924e-17
player_0002,individual,0.01933293408258917,0.5068552,1.0548668,1.299571,-0.09431083,-0.045548905,1.5861641,-0.5331449,0.11463007,9.159435e-22,1.2322084e-15,-1.7538092e-22,-3.8251451e-22,-1.4275227e-19,-3.047414e-17,-4.962806e-24,-2.6283333e-17
competence_0013,individual,0.0,-0.4148475,0.78148437,-0.3933693,0.052952807,-0.013684643,-0.42655346,0.08618732,0.04417396,-3.6113906e-22,1.0599523e-15,8.4137165e-23,1.00435126e-22,-5.52189e-19,-2.5369792e-17,-1.5647031e-23,-2.2651924e-17
metric_0005,individual,0.0,-0.4148475,0.78148437,-0.3933693,0.052952807,-0.013684643,-0.42655346,0.08618732,0.04417396,-3.6113906e-22,1.0599523e-15,8.4137165e-23,1.00435126e-22,-5.52189e-19,-2.5369792e-17,-1.5647031e-23,-2.2651924e-17
yeeSocializing_0002,individual,0.0,-0.4148475,0.78148437,-0.3933693,0.052952807,-0.013684643,-0.42655346,0.08618732,0.04417396,-3.6113906e-22,1.0599523e-15,8.4137165e-23,1.00435126e-22,-5.52189e-19,-2.5369792e-17,-1.5647031e-23,-2.2651924e-17
knowledgeUnit_0013,individual,0.0,-0.4148475,0.78148437,-0.3933693,0.052952807,-0.013684643,-0.42655346,0.08618732,0.04417396,-3.6113906e-22,1.0599523e-15,8.4137165e-23,1.00435126e-22,-5.52189e-19,-2.5369792e-17,-1.5647031e-23,-2.2651924e-17
feedback_0002,individual,0.0038665868165178342,-0.23050696,0.83616084,-0.054781213,0.023500085,-0.020057498,-0.024009971,-0.037679132,0.058265176,-1.0580528e-22,1.095878e-15,3.2233563e-23,3.679768e-24,-4.6928526e-19,-2.6612923e-17,-1.3427467e-23,-2.3367364e-17
exercise_0015,individual,0.0,-0.4148475,0.78148437,-0.3933693,0.052952807,-0.013684643,-0.42655346,0.08618732,0.04417396,-3.6113906e-22,1.0599523e-15,8.4137165e-23,1.00435126e-22,-5.52189e-19,-2.5369792e-17,-1.5647031e-23,-2.2651924e-17
virtualGoods_0004,individual,0.0,-0.4148475,0.78148437,-0.3933693,0.052952807,-0.013684643,-0.42655346,0.08618732,0.04417396,-3.6113906e-22,1.0599523e-15,8.4137165e-23,1.00435126e-22,-5.52189e-19,-2.5369792e-17,-1.5647031e-23,-2.2651924e-17
statement_0013,individual,0.0,-0.4148475,0.78148437,-0.3933693,0.052952807,-0.013684643,-0.42655346,0.08618732,0.04417396,-3.6113906e-22,1.0599523e-15,8.4137165e-23,1.00435126e-22,-5.52189e-19,-2.5369792e-17,-1.5647031e-23,-2.2651924e-17
compositeResource_0001,individual,0.0,-0.4148475,0.78148437,-0.3933693,0.052952807,-0.013684643,-0.42655346,0.08618732,0.04417396,-3.6113906e-22,1.0599523e-15,8.4137165e-23,1.00435126e-22,-5.52189e-19,-2.5369792e-17,-1.5647031e-23,-2.2651924e-17
catalogue_0002,individual,0.0,-0.4148475,0.78148437,-0.3933693,0.052952807,-0.013684643,-0.42655346,0.08618732,0.04417396,-3.6113906e-22,1.0599523e-15,8.4137165e-23,1.00435126e-22,-5.52189e-19,-2.5369792e-17,-1.5647031e-23,-2.2651924e-17
tactic_0004,individual,0.039821019051233725,1.5292882,0.83453363,0.50657034,-0.04901209,-0.015259497,0.6214424,-0.65625495,-0.58214045,5.41453e-22,1.1434584e-15,-1.0024202e-22,-2.373458e-22,-2.5117073e-19,-2.823672e-17,-7.055383e-24,-2.4483022e-17
multipleChoiceOption_0013,individual,0.0,-0.4148475,0.78148437,-0.3933693,0.052952807,-0.013684643,-0.42655346,0.08618732,0.04417396,-3.6113906e-22,1.0599523e-15,8.4137165e-23,1.00435126e-22,-5.52189e-19,-2.5369792e-17,-1.5647031e-23,-2.2651924e-17
emotions_0002,individual,0.0038665868165178342,-0.23050696,0.83616084,-0.054781213,0.023500085,-0.020057498,-0.024009971,-0.037679132,0.058265176,-1.0580528e-22,1.095878e-15,3.2233563e-23,3.679768e-24,-4.6928526e-19,-2.6612923e-17,-1.3427467e-23,-2.3367364e-17
playerAction_0005,individual,0.044839927685399975,2.8404248,0.7055034,-0.036010098,-0.14153402,0.17019358,-0.010083106,1.7233366,2.5352125,4.7092467e-22,9.486698e-16,-1.8690152e-21,-7.550195e-23,-2.0990962e-19,-2.3587462e-17,6.8912905e-22,-2.0382599e-17
designPractice_0003,individual,0.023199520899107005,0.6911958,1.1095432,1.6381593,-0.123763554,-0.05192176,1.9887077,-0.6570115,0.12872137,1.1714839e-21,1.2555196e-15,-2.2728453e-22,-4.792699e-22,-5.87306e-20,-3.1484718e-17,-3.156832e-24,-2.696102e-17
question_0018,individual,0.0,-0.4148475,0.78148437,-0.3933693,0.052952807,-0.013684643,-0.42655346,0.08618732,0.04417396,-3.6113906e-22,1.0599523e-15,8.4137165e-23,1.00435126e-22,-5.52189e-19,-2.5369792e-17,-1.5647031e-23,-2.2651924e-17
competence_0003,individual,0.0,-0.4148475,0.78148437,-0.3933693,0.052952807,-0.013684643,-0.42655346,0.08618732,0.04417396,-3.6113906e-22,1.0599523e-15,8.4137165e-23,1.00435126e-22,-5.52189e-19,-2.5369792e-17,-1.5647031e-23,-2.2651924e-17
option_0017,individual,0.0,-0.4148475,0.78148437,-0.3933693,0.052952807,-0.013684643,-0.42655346,0.08618732,0.04417396,-3.6113906e-22,1.0599523e-15,8.4137165e-23,1.00435126e-22,-5.52189e-19,-2.5369792e-17,-1.5647031e-23,-2.2651924e-17
strategy_0010,individual,0.036719341012161094,1.3639491,1.0584326,1.5890069,-0.1304194,-0.042818896,1.9192042,-0.82091224,-0.23974246,1.2408145e-21,1.2440723e-15,-2.4510542e-22,-5.045847e-22,-3.0942164e-20,-3.1435117e-17,-9.847887e-25,-2.6597217e-17
brainHex_0017,individual,0.0,-0.4148475,0.78148437,-0.3933693,0.052952807,-0.013684643,-0.42655346,0.08618732,0.04417396,-3.6113906e-22,1.0599523e-15,8.4137165e-23,1.00435126e-22,-5.52189e-19,-2.5369792e-17,-1.5647031e-23,-2.2651924e-17
relationships_0002,individual,0.011599760449553503,0.13817412,0.94551384,0.6223949,-0.035405386,-0.032803208,0.781077,-0.28541204,0.08644765,4.050691e-22,1.159037e-15,-7.1573684e-23,-1.8941739e-22,-3.065186e-19,-2.8589887e-17,-9.401928e-24,-2.4833578e-17
gDEDynamic_0001,individual,0.01573329567723676,0.34802565,0.93124247,0.61154246,-0.03753085,-0.029559897,0.76442194,-0.32645625,-0.057950426,4.288982e-22,1.1551019e-15,-7.971568e-23,-1.9870853e-22,-2.9588346e-19,-2.8547687e-17,-8.047233e-24,-2.4746513e-17
tactic_0018,individual,0.023199520899107005,0.6911958,1.1095432,1.6381593,-0.123763554,-0.05192176,1.9887077,-0.6570115,0.12872137,1.1714839e-21,1.2555196e-15,-2.2728453e-22,-4.792699e-22,-5.87306e-20,-3.1484718e-17,-3.156832e-24,-2.696102e-17
resourceWeight_0010,individual,0.0,-0.4148475,0.78148437,-0.3933693,0.052952807,-0.013684643,-0.42655346,0.08618732,0.04417396,-3.6113906e-22,1.0599523e-15,8.4137165e-23,1.00435126e-22,-5.52189e-19,-2.5369792e-17,-1.5647031e-23,-2.2651924e-17
designPractice_0002,individual,0.01933293408258917,0.5068552,1.0548668,1.299571,-0.09431083,-0.045548905,1.5861641,-0.5331449,0.11463007,9.159435e-22,1.2322084e-15,-1.7538092e-22,-3.8251451e-22,-1.4275227e-19,-3.047414e-17,-4.962806e-24,-2.6283333e-17
achievements_0001,individual,0.03866586816517834,1.428558,1.3282492,2.9925115,-0.24157442,-0.07741319,3.5988815,-1.1524774,0.18508619,2.1930258e-21,1.381951e-15,-4.3489904e-22,-8.65671e-22,2.6980176e-19,-3.5838146e-17,5.307835e-24,-2.9573024e-17
player_0014,individual,0.023199520899107005,0.6911958,1.1095432,1.6381593,-0.123763554,-0.05192176,1.9887077,-0.6570115,0.12872137,1.1714839e-21,1.2555196e-15,-2.2728453e-22,-4.792699e-22,-5.87306e-20,-3.1484718e-17,-3.156832e-24,-2.696102e-17
nonGameContext_0002,individual,0.0077331736330356685,-0.0461664,0.8908374,0.28380683,-0.0059526362,-0.026430352,0.37853348,-0.16154559,0.07235639,1.4973529e-22,1.1242427e-15,-1.9670064e-23,-9.286881e-23,-3.8632374e-19,-2.7607517e-17,-1.1207902e-23,-2.4084831e-17
conqueror_0003,individual,0.0,-0.4148475,0.78148437,-0.3933693,0.052952807,-0.013684643,-0.42655346,0.08618732,0.04417396,-3.6113906e-22,1.0599523e-15,8.4137165e-23,1.00435126e-22,-5.52189e-19,-2.5369792e-17,-1.5647031e-23,-2.2651924e-17
studentModel_0011,individual,0.0038665868165178342,-0.23050696,0.83616084,-0.054781213,0.023500085,-0.020057498,-0.024009971,-0.037679132,0.058265176,-1.0580528e-22,1.095878e-15,3.2233563e-23,3.679768e-24,-4.6928526e-19,-2.6612923e-17,-1.3427467e-23,-2.3367364e-17
metric_0021,individual,0.008978932885140976,0.032331575,0.74766475,-0.4256291,0.048524134,-0.007596862,-0.4722907,-0.021831201,-0.20345119,-3.1485261e-22,1.059814e-15,7.2054315e-23,8.348021e-23,-5.3479274e-19,-2.5337469e-17,-1.4141051e-23,-2.2453445e-17
evaluationResource_0001,individual,0.0,-0.4148475,0.78148437,-0.3933693,0.052952807,-0.013684643,-0.42655346,0.08618732,0.04417396,-3.6113906e-22,1.0599523e-15,8.4137165e-23,1.00435126e-22,-5.52189e-19,-2.5369792e-17,-1.5647031e-23,-2.2651924e-17
player_0008,individual,0.030932694532142674,1.0598769,1.2188962,2.3153353,-0.18266898,-0.06466748,2.7937942,-0.9047444,0.15690376,1.6821515e-21,1.3109669e-15,-3.310918e-22,-6.723671e-22,1.02300115e-19,-3.3568723e-17,1.2822966e-24,-2.8358984e-17
writingEvaluation_0004,individual,0.0,-0.4148475,0.78148437,-0.3933693,0.052952807,-0.013684643,-0.42655346,0.08618732,0.04417396,-3.6113906e-22,1.0599523e-15,8.4137165e-23,1.00435126e-22,-5.52189e-19,-2.5369792e-17,-1.5647031e-23,-2.2651924e-17
rewards_0001,individual,0.027066107715624843,0.87553626,1.1642196,1.9767472,-0.15321627,-0.058294613,2.3912508,-0.7808779,0.1428126,1.4268178e-21,1.2910116e-15,-2.7918815e-22,-5.758185e-22,2.0785033e-20,-3.2483902e-17,-9.372677e-25,-2.756804e-17
course_0009,individual,0.0038665868165178342,-0.23050696,0.83616084,-0.054781213,0.023500085,-0.020057498,-0.024009971,-0.037679132,0.058265176,-1.0580528e-22,1.095878e-15,3.2233563e-23,3.679768e-24,-4.6928526e-19,-2.6612923e-17,-1.3427467e-23,-2.3367364e-17
competition_0005,individual,0.0,-0.4148475,0.78148437,-0.3933693,0.052952807,-0.013684643,-0.42655346,0.08618732,0.04417396,-3.6113906e-22,1.0599523e-15,8.4137165e-23,1.00435126e-22,-5.52189e-19,-2.5369792e-17,-1.5647031e-23,-2.2651924e-17
yeeSocializing_0001,individual,0.0,-0.4148475,0.78148437,-0.3933693,0.052952807,-0.013684643,-0.42655346,0.08618732,0.04417396,-3.6113906e-22,1.0599523e-15,8.4137165e-23,1.00435126e-22,-5.52189e-19,-2.5369792e-17,-1.5647031e-23,-2.2651924e-17
behaviouralKnowledge_0005,individual,0.004934380461179526,-0.17408544,0.7612765,-0.4160961,0.050627396,-0.010890021,-0.45718902,0.015971746,-0.053906802,-3.3885327e-22,1.0581478e-15,8.0721435e-23,9.2974774e-23,-5.4276536e-19,-2.5406748e-17,-1.5646173e-23,-2.259487e-17
uRIResource_0009,individual,0.0,-0.4148475,0.78148437,-0.3933693,0.052952807,-0.013684643,-0.42655346,0.08618732,0.04417396,-3.6113906e-22,1.0599523e-15,8.4137165e-23,1.00435126e-22,-5.52189e-19,-2.5369792e-17,-1.5647031e-23,-2.2651924e-17
matchColumnOption_0008,individual,0.0,-0.4148475,0.78148437,-0.3933693,0.052952807,-0.013684643,-0.42655346,0.08618732,0.04417396,-3.6113906e-22,1.0599523e-15,8.4137165e-23,1.00435126e-22,-5.52189e-19,-2.5369792e-17,-1.5647031e-23,-2.2651924e-17
theme_0002,individual,0.03479928134866051,1.2442174,1.2735726,2.6539233,-0.2121217,-0.07104033,3.1963377,-1.028611,0.17099503,1.9376922e-21,1.3446863e-15,-3.8299538e-22,-7.689156e-22,1.8759231e-19,-3.4525093e-17,3.0882705e-24,-2.903667e-17
problemNext_0004,individual,0.004578449246292296,-0.18782346,0.7639149,-0.4108186,0.050716255,-0.010690606,-0.45097548,0.0289368,-0.07449225,-3.3816733e-22,1.0568467e-15,7.862087e-23,9.2161086e-23,-5.4191833e-19,-2.5379643e-17,-1.5044467e-23,-2.2560989e-17
multipleChoiceProblem_0004,individual,0.0,-0.4148475,0.78148437,-0.3933693,0.052952807,-0.013684643,-0.42655346,0.08618732,0.04417396,-3.6113906e-22,1.0599523e-15,8.4137165e-23,1.00435126e-22,-5.52189e-19,-2.5369792e-17,-1.5647031e-23,-2.2651924e-17
resourceList_0003,individual,0.0,-0.4148475,0.78148437,-0.3933693,0.052952807,-0.013684643,-0.42655346,0.08618732,0.04417396,-3.6113906e-22,1.0599523e-15,8.4137165e-23,1.00435126e-22,-5.52189e-19,-2.5369792e-17,-1.5647031e-23,-2.2651924e-17
resourceList_0004,individual,0.0,-0.4148475,0.78148437,-0.3933693,0.052952807,-0.013684643,-0.42655346,0.08618732,0.04417396,-3.6113906e-22,1.0599523e-15,8.4137165e-23,1.00435126e-22,-5.52189e-19,-2.5369792e-17,-1.5647031e-23,-2.2651924e-17
curriculum_0010,individual,0.0,-0.4148475,0.78148437,-0.3933693,0.052952807,-0.013684643,-0.42655346,0.08618732,0.04417396,-3.6113906e-22,1.0599523e-15,8.4137165e-23,1.00435126e-22,-5.52189e-19,-2.5369792e-17,-1.5647031e-23,-2.2651924e-17
domainModel_0004,individual,0.0,-0.4148475,0.78148437,-0.3933693,0.052952807,-0.013684643,-0.42655346,0.08618732,0.04417396,-3.6113906e-22,1.0599523e-15,8.4137165e-23,1.00435126e-22,-5.52189e-19,-2.5369792e-17,-1.5647031e-23,-2.2651924e-17
emotions_0003,individual,0.0038665868165178342,-0.23050696,0.83616084,-0.054781213,0.023500085,-0.020057498,-0.024009971,-0.037679132,0.058265176,-1.0580528e-22,1.095878e-15,3.2233563e-23,3.679768e-24,-4.6928526e-19,-2.6612923e-17,-1.3427467e-23,-2.3367364e-17
form_0003,individual,0.0,-0.4148475,0.78148437,-0.3933693,0.052952807,-0.013684643,-0.42655346,0.08618732,0.04417396,-3.6113906e-22,1.0599523e-15,8.4137165e-23,1.00435126e-22,-5.52189e-19,-2.5369792e-17,-1.5647031e-23,-2.2651924e-17
matchColumnProblem_0003,individual,0.0,-0.4148475,0.78148437,-0.3933693,0.052952807,-0.013684643,-0.42655346,0.08618732,0.04417396,-3.6113906e-22,1.0599523e-15,8.4137165e-23,1.00435126e-22,-5.52189e-19,-2.5369792e-17,-1.5647031e-23,-2.2651924e-17
targetBehavior_0040,individual,0.015893464723936015,0.35420775,0.9300552,0.6091676,-0.037570838,-0.029649636,0.7616258,-0.3322905,-0.048686977,4.2858957e-22,1.1559693e-15,-7.877044e-23,-1.9834238e-22,-2.9630698e-19,-2.8574792e-17,-8.318002e-24,-2.4746513e-17
activity_0017,individual,0.0,-0.4148475,0.78148437,-0.3933693,0.052952807,-0.013684643,-0.42655346,0.08618732,0.04417396,-3.6113906e-22,1.0599523e-15,8.4137165e-23,1.00435126e-22,-5.52189e-19,-2.5369792e-17,-1.5647031e-23,-2.2651924e-17
chances_0005,individual,0.0,-0.4148475,0.78148437,-0.3933693,0.052952807,-0.013684643,-0.42655346,0.08618732,0.04417396,-3.6113906e-22,1.0599523e-15,8.4137165e-23,1.00435126e-22,-5.52189e-19,-2.5369792e-17,-1.5647031e-23,-2.2651924e-17
metric_0052,individual,0.004578449246292296,-0.18782346,0.7639149,-0.4108186,0.050716255,-0.010690606,-0.45097548,0.0289368,-0.07449225,-3.3816733e-22,1.0568467e-15,7.862087e-23,9.2161086e-23,-5.4191833e-19,-2.5379643e-17,-1.5044467e-23,-2.2560989e-17
categoryPerformance_0002,individual,0.10489091875320859,4.8913636,0.41319165,-0.6877005,-0.0005717338,0.06652817,-0.8700324,-0.99647003,-3.4759853,2.315977e-22,9.966252e-16,-1.1025027e-22,-1.2829425e-22,-3.0367974e-19,-2.4436996e-17,1.5595758e-23,-2.1130696e-17
brainHex_0018,individual,0.0,-0.4148475,0.78148437,-0.3933693,0.052952807,-0.013684643,-0.42655346,0.08618732,0.04417396,-3.6113906e-22,1.0599523e-15,8.4137165e-23,1.00435126e-22,-5.52189e-19,-2.5369792e-17,-1.5647031e-23,-2.2651924e-17
resolution_0002,individual,0.0,-0.4148475,0.78148437,-0.3933693,0.052952807,-0.013684643,-0.42655346,0.08618732,0.04417396,-3.6113906e-22,1.0599523e-15,8.4137165e-23,1.00435126e-22,-5.52189e-19,-2.5369792e-17,-1.5647031e-23,-2.2651924e-17
targetBehavior_0011,individual,0.016000244088402185,0.35832918,0.92926365,0.60758436,-0.037597496,-0.02970946,0.75976175,-0.33618003,-0.04251134,4.283838e-22,1.1559693e-15,-7.814027e-23,-1.9809827e-22,-2.967305e-19,-2.8574792e-17,-8.498512e-24,-2.4746513e-17
gamificationModel_0005,individual,0.0,-0.4148475,0.78148437,-0.3933693,0.052952807,-0.013684643,-0.42655346,0.08618732,0.04417396,-3.6113906e-22,1.0599523e-15,8.4137165e-23,1.00435126e-22,-5.52189e-19,-2.5369792e-17,-1.5647031e-23,-2.2651924e-17
conqueror_0001,individual,0.0,-0.4148475,0.78148437,-0.3933693,0.052952807,-0.013684643,-0.42655346,0.08618732,0.04417396,-3.6113906e-22,1.0599523e-15,8.4137165e-23,1.00435126e-22,-5.52189e-19,-2.5369792e-17,-1.5647031e-23,-2.2651924e-17
playerAction_0008,individual,0.011599760449553503,0.13817412,0.94551384,0.6223949,-0.035405386,-0.032803208,0.781077,-0.28541204,0.08644765,4.050691e-22,1.159037e-15,-7.1573684e-23,-1.8941739e-22,-3.065186e-19,-2.8589887e-17,-9.401928e-24,-2.4833578e-17
targetBehavior_0027,individual,0.02749322517348952,0.90722936,1.0940845,1.6249318,-0.12592903,-0.048768185,1.9692565,-0.70388997,-0.0064132125,1.1950046e-21,1.251113e-15,-2.344813e-22,-4.881949e-22,-4.8671643e-20,-3.13997e-17,-2.0729056e-24,-2.6754889e-17
sequencing_0008,individual,0.0,-0.4148475,0.78148437,-0.3933693,0.052952807,-0.013684643,-0.42655346,0.08618732,0.04417396,-3.6113906e-22,1.0599523e-15,8.4137165e-23,1.00435126e-22,-5.52189e-19,-2.5369792e-17,-1.5647031e-23,-2.2651924e-17
gamificationModel_0010,individual,0.0,-0.4148475,0.78148437,-0.3933693,0.052952807,-0.013684643,-0.42655346,0.08618732,0.04417396,-3.6113906e-22,1.0599523e-15,8.4137165e-23,1.00435126e-22,-5.52189e-19,-2.5369792e-17,-1.5647031e-23,-2.2651924e-17
activity_0006,individual,0.0,-0.4148475,0.78148437,-0.3933693,0.052952807,-0.013684643,-0.42655346,0.08618732,0.04417396,-3.6113906e-22,1.0599523e-15,8.4137165e-23,1.00435126e-22,-5.52189e-19,-2.5369792e-17,-1.5647031e-23,-2.2651924e-17
instrutionalPlan_0011,individual,0.0038665868165178342,-0.23050696,0.83616084,-0.054781213,0.023500085,-0.020057498,-0.024009971,-0.037679132,0.058265176,-1.0580528e-22,1.095878e-15,3.2233563e-23,3.679768e-24,-4.6928526e-19,-2.6612923e-17,-1.3427467e-23,-2.3367364e-17
Resolution,class,0.0038665868165178342,-0.31459847,-2.1649776,1.0210418,2.6394498,-0.5289352,-0.23932739,0.15903121,0.07079996,-3.6368324e-21,2.0395677e-15,2.6132264e-20,-1.7152014e-21,-1.9973326e-18,-4.3960156e-17,-1.0230349e-20,-4.244932e-17
levels_0005,individual,0.023199520899107005,0.6911958,1.1095432,1.6381593,-0.123763554,-0.05192176,1.9887077,-0.6570115,0.12872137,1.1714839e-21,1.2555196e-15,-2.2728453e-22,-4.792699e-22,-5.87306e-20,-3.1484718e-17,-3.156832e-24,-2.696102e-17
methodStep_0006,individual,0.0,-0.4148475,0.78148437,-0.3933693,0.052952807,-0.013684643,-0.42655346,0.08618732,0.04417396,-3.6113906e-22,1.0599523e-15,8.4137165e-23,1.00435126e-22,-5.52189e-19,-2.5369792e-17,-1.5647031e-23,-2.2651924e-17
question_0007,individual,0.0,-0.4148475,0.78148437,-0.3933693,0.052952807,-0.013684643,-0.42655346,0.08618732,0.04417396,-3.6113906e-22,1.0599523e-15,8.4137165e-23,1.00435126e-22,-5.52189e-19,-2.5369792e-17,-1.5647031e-23,-2.2651924e-17
problemUnit_0001,individual,0.015466347266071337,0.3225147,1.0001903,0.9609831,-0.06485811,-0.039176058,1.1836207,-0.4092785,0.10053887,6.6060964e-22,1.1958679e-15,-1.234773e-22,-2.8596594e-22,-2.2430918e-19,-2.9604784e-17,-7.182364e-24,-2.558677e-17
brainHex_0012,individual,0.0,-0.4148475,0.78148437,-0.3933693,0.052952807,-0.013684643,-0.42655346,0.08618732,0.04417396,-3.6113906e-22,1.0599523e-15,8.4137165e-23,1.00435126e-22,-5.52189e-19,-2.5369792e-17,-1.5647031e-23,-2.2651924e-17
quests_0004,individual,0.0077331736330356685,-0.0461664,0.8908374,0.28380683,-0.0059526362,-0.026430352,0.37853348,-0.16154559,0.07235639,1.4973529e-22,1.1242427e-15,-1.9670064e-23,-9.286881e-23,-3.8632374e-19,-2.7607517e-17,-1.1207902e-23,-2.4084831e-17
targetBehavior_0024,individual,0.015466347266071337,0.3225147,1.0001903,0.9609831,-0.06485811,-0.039176058,1.1836207,-0.4092785,0.10053887,6.6060964e-22,1.1958679e-15,-1.234773e-22,-2.8596594e-22,-2.2430918e-19,-2.9604784e-17,-7.182364e-24,-2.558677e-17
metric_0049,individual,0.013892821924110304,0.2723027,0.7276088,-0.44805208,0.046203833,-0.0047907676,-0.5025684,-0.09130036,-0.302717,-2.9252732e-22,1.057122e-15,6.851759e-23,7.597299e-23,-5.250531e-19,-2.5323726e-17,-1.4105552e-23,-2.2638069e-17
container_0003,individual,0.0,-0.4148475,0.78148437,-0.3933693,0.052952807,-0.013684643,-0.42655346,0.08618732,0.04417396,-3.6113906e-22,1.0599523e-15,8.4137165e-23,1.00435126e-22,-5.52189e-19,-2.5369792e-17,-1.5647031e-23,-2.2651924e-17
player_0013,individual,0.030932694532142674,1.0598769,1.2188962,2.3153353,-0.18266898,-0.06466748,2.7937942,-0.9047444,0.15690376,1.6821515e-21,1.3109669e-15,-3.310918e-22,-6.723671e-22,1.02300115e-19,-3.3568723e-17,1.2822966e-24,-2.8358984e-17
errorBug_0005,individual,0.0,-0.4148475,0.78148437,-0.3933693,0.052952807,-0.013684643,-0.42655346,0.08618732,0.04417396,-3.6113906e-22,1.0599523e-15,8.4137165e-23,1.00435126e-22,-5.52189e-19,-2.5369792e-17,-1.5647031e-23,-2.2651924e-17
brainHex_0003,individual,0.0,-0.4148475,0.78148437,-0.3933693,0.052952807,-0.013684643,-0.42655346,0.08618732,0.04417396,-3.6113906e-22,1.0599523e-15,8.4137165e-23,1.00435126e-22,-5.52189e-19,-2.5369792e-17,-1.5647031e-23,-2.2651924e-17
playerAction_0003,individual,0.0077331736330356685,-0.0461664,0.8908374,0.28380683,-0.0059526362,-0.026430352,0.37853348,-0.16154559,0.07235639,1.4973529e-22,1.1242427e-15,-1.9670064e-23,-9.286881e-23,-3.8632374e-19,-2.7607517e-17,-1.1207902e-23,-2.4084831e-17
motivationAndNeedTheory_0005,individual,0.023340527444642156,0.63695973,0.65757525,-0.58813536,0.04384512,-0.010083973,-0.6674985,-0.43543997,0.24369575,-3.1073438e-22,1.0948522e-15,1.2427388e-22,9.757102e-23,-5.4601717e-19,-2.620464e-17,-3.0076975e-23,-2.3424115e-17
yeeCompetition_0002,individual,0.0,-0.4148475,0.78148437,-0.3933693,0.052952807,-0.013684643,-0.42655346,0.08618732,0.04417396,-3.6113906e-22,1.0599523e-15,8.4137165e-23,1.00435126e-22,-5.52189e-19,-2.5369792e-17,-1.5647031e-23,-2.2651924e-17
domain_0002,individual,0.0,-0.4148475,0.78148437,-0.3933693,0.052952807,-0.013684643,-0.42655346,0.08618732,0.04417396,-3.6113906e-22,1.0599523e-15,8.4137165e-23,1.00435126e-22,-5.52189e-19,-2.5369792e-17,-1.5647031e-23,-2.2651924e-17
designPractice_0009,individual,0.023199520899107005,0.6911958,1.1095432,1.6381593,-0.123763554,-0.05192176,1.9887077,-0.6570115,0.12872137,1.1714839e-21,1.2555196e-15,-2.2728453e-22,-4.792699e-22,-5.87306e-20,-3.1484718e-17,-3.156832e-24,-2.696102e-17
targetBehavior_0007,individual,0.016127362379433338,0.37844303,0.8613523,0.26021713,-0.010235354,-0.020014958,0.34300423,-0.24826436,-0.20908774,1.9714862e-22,1.1221422e-15,-3.5203858e-23,-1.111605e-22,-3.6788126e-19,-2.7300853e-17,-8.7134105e-24,-2.3906256e-17
motivationAndNeedTheory_0004,individual,0.0,-0.4148475,0.78148437,-0.3933693,0.052952807,-0.013684643,-0.42655346,0.08618732,0.04417396,-3.6113906e-22,1.0599523e-15,8.4137165e-23,1.00435126e-22,-5.52189e-19,-2.5369792e-17,-1.5647031e-23,-2.2651924e-17
domain_0005,individual,0.006002174105841219,-0.13287136,0.75336117,-0.43192852,0.05036081,-0.011488267,-0.47582966,-0.022923417,0.007849574,-3.4091105e-22,1.0624846e-15,8.7023083e-23,9.541581e-23,-5.450947e-19,-2.5501616e-17,-1.7451288e-23,-2.2682962e-17
conqueror_0002,individual,0.0,-0.4148475,0.78148437,-0.3933693,0.052952807,-0.013684643,-0.42655346,0.08618732,0.04417396,-3.6113906e-22,1.0599523e-15,8.4137165e-23,1.00435126e-22,-5.52189e-19,-2.5369792e-17,-1.5647031e-23,-2.2651924e-17
resourceAcquisition_0001,individual,0.0,-0.4148475,0.78148437,-0.3933693,0.052952807,-0.013684643,-0.42655346,0.08618732,0.04417396,-3.6113906e-22,1.0599523e-15,8.4137165e-23,1.00435126e-22,-5.52189e-19,-2.5369792e-17,-1.5647031e-23,-2.2651924e-17
conqueror_0005,individual,0.0,-0.4148475,0.78148437,-0.3933693,0.052952807,-0.013684643,-0.42655346,0.08618732,0.04417396,-3.6113906e-22,1.0599523e-15,8.4137165e-23,1.00435126e-22,-5.52189e-19,-2.5369792e-17,-1.5647031e-23,-2.2651924e-17
brainHex_0016,individual,0.0,-0.4148475,0.78148437,-0.3933693,0.052952807,-0.013684643,-0.42655346,0.08618732,0.04417396,-3.6113906e-22,1.0599523e-15,8.4137165e-23,1.00435126e-22,-5.52189e-19,-2.5369792e-17,-1.5647031e-23,-2.2651924e-17
status_0002,individual,0.0,-0.4148475,0.78148437,-0.3933693,0.052952807,-0.013684643,-0.42655346,0.08618732,0.04417396,-3.6113906e-22,1.0599523e-15,8.4137165e-23,1.00435126e-22,-5.52189e-19,-2.5369792e-17,-1.5647031e-23,-2.2651924e-17
achiever_0001,individual,0.0,-0.4148475,0.78148437,-0.3933693,0.052952807,-0.013684643,-0.42655346,0.08618732,0.04417396,-3.6113906e-22,1.0599523e-15,8.4137165e-23,1.00435126e-22,-5.52189e-19,-2.5369792e-17,-1.5647031e-23,-2.2651924e-17
playerAction_0002,individual,0.011599760449553503,0.13817412,0.94551384,0.6223949,-0.035405386,-0.032803208,0.781077,-0.28541204,0.08644765,4.050691e-22,1.159037e-15,-7.1573684e-23,-1.8941739e-22,-3.065186e-19,-2.8589887e-17,-9.401928e-24,-2.4833578e-17
behaviouralKnowledge_0007,individual,0.02151717791915426,0.6168909,0.68746084,-0.51066375,0.04320684,-0.0035032334,-0.5801633,-0.2595003,-0.2452217,-2.7542547e-22,1.0674984e-15,8.0976925e-23,7.466208e-23,-5.2246475e-19,-2.5620341e-17,-1.8652118e-23,-2.2822054e-17
userAccount_0002,individual,0.0,-0.4148475,0.78148437,-0.3933693,0.052952807,-0.013684643,-0.42655346,0.08618732,0.04417396,-3.6113906e-22,1.0599523e-15,8.4137165e-23,1.00435126e-22,-5.52189e-19,-2.5369792e-17,-1.5647031e-23,-2.2651924e-17
mt:Domain,resource,0.0,-0.56079817,-2.261879,-2.4014323,-0.74481595,-1.0661644,1.7214217,0.25325593,-0.023364043,-5.807104e-21,1.3036809e-15,-1.10624025e-20,3.9297756e-21,-2.7485456e-18,-2.8188717e-17,4.9303697e-21,-2.9130032e-17
option_0008,individual,0.0,-0.4148475,0.78148437,-0.3933693,0.052952807,-0.013684643,-0.42655346,0.08618732,0.04417396,-3.6113906e-22,1.0599523e-15,8.4137165e-23,1.00435126e-22,-5.52189e-19,-2.5369792e-17,-1.5647031e-23,-2.2651924e-17
selfDeterminationTheory_0003,individual,0.01933293408258917,0.5068552,1.0548668,1.299571,-0.09431083,-0.045548905,1.5861641,-0.5331449,0.11463007,9.159435e-22,1.2322084e-15,-1.7538092e-22,-3.8251451e-22,-1.4275227e-19,-3.047414e-17,-4.962806e-24,-2.6283333e-17
strategy_0002,individual,0.03919546942087782,1.4548358,0.8228012,0.46540913,-0.0477624,-0.0204682,0.576858,-0.7429917,-0.23485638,5.108636e-22,1.1652501e-15,-7.1397415e-23,-2.200352e-22,-2.7208845e-19,-2.8689813e-17,-1.4340355e-23,-2.4943747e-17
designPractice_0007,individual,0.027066107715624843,0.87553626,1.1642196,1.9767472,-0.15321627,-0.058294613,2.3912508,-0.7808779,0.1428126,1.4268178e-21,1.2910116e-15,-2.7918815e-22,-5.758185e-22,2.0785033e-20,-3.2483902e-17,-9.372677e-25,-2.756804e-17
instrutionalPlan_0009,individual,0.0038665868165178342,-0.23050696,0.83616084,-0.054781213,0.023500085,-0.020057498,-0.024009971,-0.037679132,0.058265176,-1.0580528e-22,1.095878e-15,3.2233563e-23,3.679768e-24,-4.6928526e-19,-2.6612923e-17,-1.3427467e-23,-2.3367364e-17
methodStep_0003,individual,0.0,-0.4148475,0.78148437,-0.3933693,0.052952807,-0.013684643,-0.42655346,0.08618732,0.04417396,-3.6113906e-22,1.0599523e-15,8.4137165e-23,1.00435126e-22,-5.52189e-19,-2.5369792e-17,-1.5647031e-23,-2.2651924e-17
targetBehavior_0025,individual,0.015466347266071337,0.3225147,1.0001903,0.9609831,-0.06485811,-0.039176058,1.1836207,-0.4092785,0.10053887,6.6060964e-22,1.1958679e-15,-1.234773e-22,-2.8596594e-22,-2.2430918e-19,-2.9604784e-17,-7.182364e-24,-2.558677e-17
resource_0017,individual,0.025567012455571057,0.6725885,0.6247014,-0.67158437,0.04438276,-0.016890557,-0.76187134,-0.62606406,0.7559286,-3.4682016e-22,1.1260858e-15,1.6994998e-22,1.2140155e-22,-5.717578e-19,-2.6877375e-17,-4.2183333e-23,-2.382818e-17
problem_0014,individual,0.0,-0.4148475,0.78148437,-0.3933693,0.052952807,-0.013684643,-0.42655346,0.08618732,0.04417396,-3.6113906e-22,1.0599523e-15,8.4137165e-23,1.00435126e-22,-5.52189e-19,-2.5369792e-17,-1.5647031e-23,-2.2651924e-17
resourceWeight_0007,individual,0.0,-0.4148475,0.78148437,-0.3933693,0.052952807,-0.013684643,-0.42655346,0.08618732,0.04417396,-3.6113906e-22,1.0599523e-15,8.4137165e-23,1.00435126e-22,-5.52189e-19,-2.5369792e-17,-1.5647031e-23,-2.2651924e-17
progressiveLoop_0002,individual,0.0,-0.4148475,0.78148437,-0.3933693,0.052952807,-0.013684643,-0.42655346,0.08618732,0.04417396,-3.6113906e-22,1.0599523e-15,8.4137165e-23,1.00435126e-22,-5.52189e-19,-2.5369792e-17,-1.5647031e-23,-2.2651924e-17
problem_0002,individual,0.0,-0.4148475,0.78148437,-0.3933693,0.052952807,-0.013684643,-0.42655346,0.08618732,0.04417396,-3.6113906e-22,1.0599523e-15,8.4137165e-23,1.00435126e-22,-5.52189e-19,-2.5369792e-17,-1.5647031e-23,-2.2651924e-17
comment_0008,individual,0.0,-0.4148475,0.78148437,-0.3933693,0.052952807,-0.013684643,-0.42655346,0.08618732,0.04417396,-3.6113906e-22,1.0599523e-15,8.4137165e-23,1.00435126e-22,-5.52189e-19,-2.5369792e-17,-1.5647031e-23,-2.2651924e-17
diagnosis_0001,individual,0.0,-0.4148475,0.78148437,-0.3933693,0.052952807,-0.013684643,-0.42655346,0.08618732,0.04417396,-3.6113906e-22,1.0599523e-15,8.4137165e-23,1.00435126e-22,-5.52189e-19,-2.5369792e-17,-1.5647031e-23,-2.2651924e-17
metric_0036,individual,0.008698503619727717,0.021507736,0.7497435,-0.42147112,0.048594147,-0.007439748,-0.4673952,-0.011616357,-0.21966995,-3.143122e-22,1.0587027e-15,7.039932e-23,8.283912e-23,-5.341707e-19,-2.5312058e-17,-1.3666984e-23,-2.2430152e-17
problemNext_0013,individual,0.012916705944636257,0.23462714,0.7348445,-0.433579,0.04644753,-0.004243885,-0.4855283,-0.055744622,-0.35917115,-2.9064622e-22,1.0532189e-15,6.275699e-23,7.374154e-23,-5.229355e-19,-2.524241e-17,-1.24554195e-23,-2.2556754e-17
diagnosis_0008,individual,0.0,-0.4148475,0.78148437,-0.3933693,0.052952807,-0.013684643,-0.42655346,0.08618732,0.04417396,-3.6113906e-22,1.0599523e-15,8.4137165e-23,1.00435126e-22,-5.52189e-19,-2.5369792e-17,-1.5647031e-23,-2.2651924e-17
studentModel_0006,individual,0.0077331736330356685,-0.0461664,0.8908374,0.28380683,-0.0059526362,-0.026430352,0.37853348,-0.16154559,0.07235639,1.4973529e-22,1.1242427e-15,-1.9670064e-23,-9.286881e-23,-3.8632374e-19,-2.7607517e-17,-1.1207902e-23,-2.4084831e-17
metric_0026,individual,0.009069535224509744,0.035828587,0.7469931,-0.4269725,0.048501514,-0.0076476233,-0.47387233,-0.025131455,-0.19821116,-3.1502722e-22,1.0601934e-15,7.2589e-23,8.368733e-23,-5.3499126e-19,-2.5345939e-17,-1.4294216e-23,-2.2461069e-17
engagementLoop_0003,individual,0.24662138509200052,18.712057,0.4226983,0.9305288,-0.8540592,1.167574,0.9505867,12.092273,1.318959,3.6710227e-21,-2.7002955e-16,-1.0864249e-20,-8.82631e-22,1.4155277e-18,3.834356e-18,3.919184e-21,5.3803582e-18
categoryEffectiveness_0003,individual,0.024758838602422496,0.84262604,0.6961702,-0.45785576,0.040210534,0.005798932,-0.5257441,-0.15853444,-0.8246649,-2.1808253e-22,1.0386791e-15,3.5035156e-23,4.4591417e-23,-4.8987037e-19,-2.4871084e-17,-7.447232e-24,-2.2109216e-17
brainHex_0001,individual,0.0,-0.4148475,0.78148437,-0.3933693,0.052952807,-0.013684643,-0.42655346,0.08618732,0.04417396,-3.6113906e-22,1.0599523e-15,8.4137165e-23,1.00435126e-22,-5.52189e-19,-2.5369792e-17,-1.5647031e-23,-2.2651924e-17
tactic_0006,individual,0.03697137678666082,1.8376663,1.0084882,1.2827181,-0.14423886,0.035194494,1.5493798,0.2627768,-0.039838698,1.1182348e-21,1.1226417e-15,-8.655324e-22,-4.270933e-22,-2.7554032e-20,-2.823672e-17,2.460219e-22,-2.3995131e-17
targetBehavior_0010,individual,0.011599760449553503,0.13817412,0.94551384,0.6223949,-0.035405386,-0.032803208,0.781077,-0.28541204,0.08644765,4.050691e-22,1.159037e-15,-7.1573684e-23,-1.8941739e-22,-3.065186e-19,-2.8589887e-17,-9.401928e-24,-2.4833578e-17
errorMisconception_0002,individual,0.0,-0.4148475,0.78148437,-0.3933693,0.052952807,-0.013684643,-0.42655346,0.08618732,0.04417396,-3.6113906e-22,1.0599523e-15,8.4137165e-23,1.00435126e-22,-5.52189e-19,-2.5369792e-17,-1.5647031e-23,-2.2651924e-17
brainHex_0004,individual,0.0,-0.4148475,0.78148437,-0.3933693,0.052952807,-0.013684643,-0.42655346,0.08618732,0.04417396,-3.6113906e-22,1.0599523e-15,8.4137165e-23,1.00435126e-22,-5.52189e-19,-2.5369792e-17,-1.5647031e-23,-2.2651924e-17
knowledgeUnit_0014,individual,0.0,-0.4148475,0.78148437,-0.3933693,0.052952807,-0.013684643,-0.42655346,0.08618732,0.04417396,-3.6113906e-22,1.0599523e-15,8.4137165e-23,1.00435126e-22,-5.52189e-19,-2.5369792e-17,-1.5647031e-23,-2.2651924e-17
Yees_Motivational_Components,class,0.02680748959522101,0.7720919,-2.2695549,0.88263744,2.6293485,-0.5195515,-0.41779146,-0.23851658,-0.13625392,-3.5538628e-21,2.0457938e-15,2.6137507e-20,-1.7377199e-21,-1.9685319e-18,-4.41893e-17,-1.0235761e-20,-4.251926e-17
methodStep_0004,individual,0.0,-0.4148475,0.78148437,-0.3933693,0.052952807,-0.013684643,-0.42655346,0.08618732,0.04417396,-3.6113906e-22,1.0599523e-15,8.4137165e-23,1.00435126e-22,-5.52189e-19,-2.5369792e-17,-1.5647031e-23,-2.2651924e-17
option_0003,individual,0.0,-0.4148475,0.78148437,-0.3933693,0.052952807,-0.013684643,-0.42655346,0.08618732,0.04417396,-3.6113906e-22,1.0599523e-15,8.4137165e-23,1.00435126e-22,-5.52189e-19,-2.5369792e-17,-1.5647031e-23,-2.2651924e-17
curriculumUnit_0003,individual,0.0077331736330356685,-0.0461664,0.8908374,0.28380683,-0.0059526362,-0.026430352,0.37853348,-0.16154559,0.07235639,1.4973529e-22,1.1242427e-15,-1.9670064e-23,-9.286881e-23,-3.8632374e-19,-2.7607517e-17,-1.1207902e-23,-2.4084831e-17
story_0004,individual,0.023199520899107005,0.6911958,1.1095432,1.6381593,-0.123763554,-0.05192176,1.9887077,-0.6570115,0.12872137,1.1714839e-21,1.2555196e-15,-2.2728453e-22,-4.792699e-22,-5.87306e-20,-3.1484718e-17,-3.156832e-24,-2.696102e-17
bugMisconception_0005,individual,0.0,-0.4148475,0.78148437,-0.3933693,0.052952807,-0.013684643,-0.42655346,0.08618732,0.04417396,-3.6113906e-22,1.0599523e-15,8.4137165e-23,1.00435126e-22,-5.52189e-19,-2.5369792e-17,-1.5647031e-23,-2.2651924e-17
brainHex_0008,individual,0.0,-0.4148475,0.78148437,-0.3933693,0.052952807,-0.013684643,-0.42655346,0.08618732,0.04417396,-3.6113906e-22,1.0599523e-15,8.4137165e-23,1.00435126e-22,-5.52189e-19,-2.5369792e-17,-1.5647031e-23,-2.2651924e-17
rightColumn_0005,individual,0.0,-0.4148475,0.78148437,-0.3933693,0.052952807,-0.013684643,-0.42655346,0.08618732,0.04417396,-3.6113906e-22,1.0599523e-15,8.4137165e-23,1.00435126e-22,-5.52189e-19,-2.5369792e-17,-1.5647031e-23,-2.2651924e-17
virtualGoods_0005,individual,0.0,-0.4148475,0.78148437,-0.3933693,0.052952807,-0.013684643,-0.42655346,0.08618732,0.04417396,-3.6113906e-22,1.0599523e-15,8.4137165e-23,1.00435126e-22,-5.52189e-19,-2.5369792e-17,-1.5647031e-23,-2.2651924e-17
course_0003,individual,0.011599760449553503,0.13817412,0.94551384,0.6223949,-0.035405386,-0.032803208,0.781077,-0.28541204,0.08644765,4.050691e-22,1.159037e-15,-7.1573684e-23,-1.8941739e-22,-3.065186e-19,-2.8589887e-17,-9.401928e-24,-2.4833578e-17
gamifiedITS_0001,individual,0.011599760449553503,0.13817412,0.94551384,0.6223949,-0.035405386,-0.032803208,0.781077,-0.28541204,0.08644765,4.050691e-22,1.159037e-15,-7.1573684e-23,-1.8941739e-22,-3.065186e-19,-2.8589887e-17,-9.401928e-24,-2.4833578e-17
combat_0002,individual,0.0,-0.4148475,0.78148437,-0.3933693,0.052952807,-0.013684643,-0.42655346,0.08618732,0.04417396,-3.6113906e-22,1.0599523e-15,8.4137165e-23,1.00435126e-22,-5.52189e-19,-2.5369792e-17,-1.5647031e-23,-2.2651924e-17
course_0005,individual,0.0038665868165178342,-0.23050696,0.83616084,-0.054781213,0.023500085,-0.020057498,-0.024009971,-0.037679132,0.058265176,-1.0580528e-22,1.095878e-15,3.2233563e-23,3.679768e-24,-4.6928526e-19,-2.6612923e-17,-1.3427467e-23,-2.3367364e-17
teams_0002,individual,0.0,-0.4148475,0.78148437,-0.3933693,0.052952807,-0.013684643,-0.42655346,0.08618732,0.04417396,-3.6113906e-22,1.0599523e-15,8.4137165e-23,1.00435126e-22,-5.52189e-19,-2.5369792e-17,-1.5647031e-23,-2.2651924e-17
statement_0002,individual,0.0,-0.4148475,0.78148437,-0.3933693,0.052952807,-0.013684643,-0.42655346,0.08618732,0.04417396,-3.6113906e-22,1.0599523e-15,8.4137165e-23,1.00435126e-22,-5.52189e-19,-2.5369792e-17,-1.5647031e-23,-2.2651924e-17
motivation_0003,individual,0.07330859208746636,3.1692905,0.48360848,-0.72378623,0.018248115,0.028630862,-0.87374216,-0.9412891,-1.4679337,-2.5489238e-23,1.0475542e-15,2.8727828e-23,-1.3086824e-23,-4.1812719e-19,-2.5201528e-17,-1.4438761e-23,-2.2140732e-17
statement_0007,individual,0.0,-0.4148475,0.78148437,-0.3933693,0.052952807,-0.013684643,-0.42655346,0.08618732,0.04417396,-3.6113906e-22,1.0599523e-15,8.4137165e-23,1.00435126e-22,-5.52189e-19,-2.5369792e-17,-1.5647031e-23,-2.2651924e-17
survivor_0005,individual,0.0,-0.4148475,0.78148437,-0.3933693,0.052952807,-0.013684643,-0.42655346,0.08618732,0.04417396,-3.6113906e-22,1.0599523e-15,8.4137165e-23,1.00435126e-22,-5.52189e-19,-2.5369792e-17,-1.5647031e-23,-2.2651924e-17
points_0002,individual,0.011599760449553503,0.13817412,0.94551384,0.6223949,-0.035405386,-0.032803208,0.781077,-0.28541204,0.08644765,4.050691e-22,1.159037e-15,-7.1573684e-23,-1.8941739e-22,-3.065186e-19,-2.8589887e-17,-9.401928e-24,-2.4833578e-17
selfDeterminationTheory_0001,individual,0.0077331736330356685,-0.0461664,0.8908374,0.28380683,-0.0059526362,-0.026430352,0.37853348,-0.16154559,0.07235639,1.4973529e-22,1.1242427e-15,-1.9670064e-23,-9.286881e-23,-3.8632374e-19,-2.7607517e-17,-1.1207902e-23,-2.4084831e-17
problem_0020,individual,0.0,-0.4148475,0.78148437,-0.3933693,0.052952807,-0.013684643,-0.42655346,0.08618732,0.04417396,-3.6113906e-22,1.0599523e-15,8.4137165e-23,1.00435126e-22,-5.52189e-19,-2.5369792e-17,-1.5647031e-23,-2.2651924e-17
resolutionMethod_0006,individual,0.0,-0.4148475,0.78148437,-0.3933693,0.052952807,-0.013684643,-0.42655346,0.08618732,0.04417396,-3.6113906e-22,1.0599523e-15,8.4137165e-23,1.00435126e-22,-5.52189e-19,-2.5369792e-17,-1.5647031e-23,-2.2651924e-17
motivation_0005,individual,0.04556171461898837,1.7964865,0.59107214,-0.6149955,0.03173638,0.010821373,-0.7223889,-0.5877259,-0.77190953,-1.6278742e-22,1.0567222e-15,6.019573e-23,3.592607e-23,-4.764815e-19,-2.5309373e-17,-1.7587256e-23,-2.2531459e-17
gamifiedITS_0003,individual,0.0077331736330356685,-0.0461664,0.8908374,0.28380683,-0.0059526362,-0.026430352,0.37853348,-0.16154559,0.07235639,1.4973529e-22,1.1242427e-15,-1.9670064e-23,-9.286881e-23,-3.8632374e-19,-2.7607517e-17,-1.1207902e-23,-2.4084831e-17
yeeSocialComponent_0001,individual,0.011599760449553503,0.13817412,0.94551384,0.6223949,-0.035405386,-0.032803208,0.781077,-0.28541204,0.08644765,4.050691e-22,1.159037e-15,-7.1573684e-23,-1.8941739e-22,-3.065186e-19,-2.8589887e-17,-9.401928e-24,-2.4833578e-17
gDEMechanic_0003,individual,0.04253245498169618,1.6128985,1.3829256,3.3310995,-0.27102718,-0.08378604,4.0014243,-1.2763437,0.19917747,2.4485665e-21,1.4156704e-15,-4.8680266e-22,-9.622196e-22,3.533999e-19,-3.6794512e-17,7.527396e-24,-3.041334e-17
quests_0001,individual,0.0038665868165178342,-0.23050696,0.83616084,-0.054781213,0.023500085,-0.020057498,-0.024009971,-0.037679132,0.058265176,-1.0580528e-22,1.095878e-15,3.2233563e-23,3.679768e-24,-4.6928526e-19,-2.6612923e-17,-1.3427467e-23,-2.3367364e-17
leftColumn_0010,individual,0.0,-0.4148475,0.78148437,-0.3933693,0.052952807,-0.013684643,-0.42655346,0.08618732,0.04417396,-3.6113906e-22,1.0599523e-15,8.4137165e-23,1.00435126e-22,-5.52189e-19,-2.5369792e-17,-1.5647031e-23,-2.2651924e-17
motivationalAffordance_0004,individual,0.0,-0.4148475,0.78148437,-0.3933693,0.052952807,-0.013684643,-0.42655346,0.08618732,0.04417396,-3.6113906e-22,1.0599523e-15,8.4137165e-23,1.00435126e-22,-5.52189e-19,-2.5369792e-17,-1.5647031e-23,-2.2651924e-17
designPractice_0001,individual,0.015466347266071337,0.3225147,1.0001903,0.9609831,-0.06485811,-0.039176058,1.1836207,-0.4092785,0.10053887,6.6060964e-22,1.1958679e-15,-1.234773e-22,-2.8596594e-22,-2.2430918e-19,-2.9604784e-17,-7.182364e-24,-2.558677e-17
diagnosis_0002,individual,0.0,-0.4148475,0.78148437,-0.3933693,0.052952807,-0.013684643,-0.42655346,0.08618732,0.04417396,-3.6113906e-22,1.0599523e-15,8.4137165e-23,1.00435126e-22,-5.52189e-19,-2.5369792e-17,-1.5647031e-23,-2.2651924e-17
misconception_0001,individual,0.0,-0.4148475,0.78148437,-0.3933693,0.052952807,-0.013684643,-0.42655346,0.08618732,0.04417396,-3.6113906e-22,1.0599523e-15,8.4137165e-23,1.00435126e-22,-5.52189e-19,-2.5369792e-17,-1.5647031e-23,-2.2651924e-17
chances_0001,individual,0.0,-0.4148475,0.78148437,-0.3933693,0.052952807,-0.013684643,-0.42655346,0.08618732,0.04417396,-3.6113906e-22,1.0599523e-15,8.4137165e-23,1.00435126e-22,-5.52189e-19,-2.5369792e-17,-1.5647031e-23,-2.2651924e-17
knowledgeUnit_0010,individual,0.0,-0.4148475,0.78148437,-0.3933693,0.052952807,-0.013684643,-0.42655346,0.08618732,0.04417396,-3.6113906e-22,1.0599523e-15,8.4137165e-23,1.00435126e-22,-5.52189e-19,-2.5369792e-17,-1.5647031e-23,-2.2651924e-17
problemNext_0019,individual,0.00440048363884868,-0.19469246,0.7652341,-0.40817988,0.050760686,-0.010590899,-0.44786867,0.035419323,-0.08478499,-3.3782437e-22,1.0559794e-15,7.757061e-23,9.175425e-23,-5.414948e-19,-2.5352538e-17,-1.4743615e-23,-2.2547436e-17
seeker_0003,individual,0.0,-0.4148475,0.78148437,-0.3933693,0.052952807,-0.013684643,-0.42655346,0.08618732,0.04417396,-3.6113906e-22,1.0599523e-15,8.4137165e-23,1.00435126e-22,-5.52189e-19,-2.5369792e-17,-1.5647031e-23,-2.2651924e-17
domain_0003,individual,0.018313796985169183,0.4932486,0.71120673,-0.46316648,0.044006597,-0.0017084957,-0.5242414,-0.14281479,-0.43049085,-2.692521e-22,1.0544879e-15,6.2071956e-23,6.733895e-23,-5.1526497e-19,-2.5322186e-17,-1.3236777e-23,-2.2578108e-17
playerAction_0007,individual,0.03494406828284756,2.6653814,0.8694305,0.5230724,-0.18330477,0.19771323,0.65151644,2.4837399,1.8908827,7.945494e-22,8.939373e-16,-2.2563821e-21,-2.0731721e-22,-6.990744e-20,-2.2586569e-17,8.0892736e-22,-1.9208914e-17
resolutionMethod_0010,individual,0.0,-0.4148475,0.78148437,-0.3933693,0.052952807,-0.013684643,-0.42655346,0.08618732,0.04417396,-3.6113906e-22,1.0599523e-15,8.4137165e-23,1.00435126e-22,-5.52189e-19,-2.5369792e-17,-1.5647031e-23,-2.2651924e-17
turns_0001,individual,0.0,-0.4148475,0.78148437,-0.3933693,0.052952807,-0.013684643,-0.42655346,0.08618732,0.04417396,-3.6113906e-22,1.0599523e-15,8.4137165e-23,1.00435126e-22,-5.52189e-19,-2.5369792e-17,-1.5647031e-23,-2.2651924e-17
competition_0004,individual,0.0,-0.4148475,0.78148437,-0.3933693,0.052952807,-0.013684643,-0.42655346,0.08618732,0.04417396,-3.6113906e-22,1.0599523e-15,8.4137165e-23,1.00435126e-22,-5.52189e-19,-2.5369792e-17,-1.5647031e-23,-2.2651924e-17
course_0004,individual,0.011599760449553503,0.13817412,0.94551384,0.6223949,-0.035405386,-0.032803208,0.781077,-0.28541204,0.08644765,4.050691e-22,1.159037e-15,-7.1573684e-23,-1.8941739e-22,-3.065186e-19,-2.8589887e-17,-9.401928e-24,-2.4833578e-17
problemUnit_0007,individual,0.011599760449553503,0.13817412,0.94551384,0.6223949,-0.035405386,-0.032803208,0.781077,-0.28541204,0.08644765,4.050691e-22,1.159037e-15,-7.1573684e-23,-1.8941739e-22,-3.065186e-19,-2.8589887e-17,-9.401928e-24,-2.4833578e-17
collections_0004,individual,0.0,-0.4148475,0.78148437,-0.3933693,0.052952807,-0.013684643,-0.42655346,0.08618732,0.04417396,-3.6113906e-22,1.0599523e-15,8.4137165e-23,1.00435126e-22,-5.52189e-19,-2.5369792e-17,-1.5647031e-23,-2.2651924e-17
typeTactic,datatype_property,0.0077331736330356685,-0.3400712,-1.9611311,0.5218144,-0.6288298,4.130352,0.68325365,-0.2894786,0.012961887,2.4589097e-20,1.2595511e-15,5.829737e-21,-1.1673501e-20,8.734527e-18,-5.0701023e-17,-4.4039504e-21,-2.7229017e-17
player_0018,individual,0.015466347266071337,0.3225147,1.0001903,0.9609831,-0.06485811,-0.039176058,1.1836207,-0.4092785,0.10053887,6.6060964e-22,1.1958679e-15,-1.234773e-22,-2.8596594e-22,-2.2430918e-19,-2.9604784e-17,-7.182364e-24,-2.558677e-17
diagnosis_0005,individual,0.0,-0.4148475,0.78148437,-0.3933693,0.052952807,-0.013684643,-0.42655346,0.08618732,0.04417396,-3.6113906e-22,1.0599523e-15,8.4137165e-23,1.00435126e-22,-5.52189e-19,-2.5369792e-17,-1.5647031e-23,-2.2651924e-17
activity_0002,individual,0.0,-0.4148475,0.78148437,-0.3933693,0.052952807,-0.013684643,-0.42655346,0.08618732,0.04417396,-3.6113906e-22,1.0599523e-15,8.4137165e-23,1.00435126e-22,-5.52189e-19,-2.5369792e-17,-1.5647031e-23,-2.2651924e-17
multipleChoiceOption_0005,individual,0.0,-0.4148475,0.78148437,-0.3933693,0.052952807,-0.013684643,-0.42655346,0.08618732,0.04417396,-3.6113906e-22,1.0599523e-15,8.4137165e-23,1.00435126e-22,-5.52189e-19,-2.5369792e-17,-1.5647031e-23,-2.2651924e-17
question_0016,individual,0.0,-0.4148475,0.78148437,-0.3933693,0.052952807,-0.013684643,-0.42655346,0.08618732,0.04417396,-3.6113906e-22,1.0599523e-15,8.4137165e-23,1.00435126e-22,-5.52189e-19,-2.5369792e-17,-1.5647031e-23,-2.2651924e-17
targetBehavior_0034,individual,0.02760000453795569,0.9113508,1.0932931,1.6233486,-0.12595569,-0.04882801,1.9673924,-0.70777947,-0.00023757535,1.1947988e-21,1.251113e-15,-2.3385111e-22,-4.879508e-22,-4.8671643e-20,-3.145391e-17,-2.2534159e-24,-2.6754889e-17
playerType_0007,individual,0.021010895524200403,0.6324499,0.77455235,-0.107238114,0.014845849,-0.0074261283,-0.10128199,-0.22408175,-0.48403758,-1.1664561e-23,1.0864916e-15,3.2665279e-24,-3.2089928e-23,-4.31167e-19,-2.608312e-17,-9.040188e-24,-2.3166252e-17
matchColumnProblem_0007,individual,0.0,-0.4148475,0.78148437,-0.3933693,0.052952807,-0.013684643,-0.42655346,0.08618732,0.04417396,-3.6113906e-22,1.0599523e-15,8.4137165e-23,1.00435126e-22,-5.52189e-19,-2.5369792e-17,-1.5647031e-23,-2.2651924e-17
categoryPerformance_0001,individual,0.11275579955029298,5.2452354,0.3712607,-0.75387853,-0.0036287743,0.06768095,-0.95182633,-1.1734313,-3.404579,2.48236e-22,9.990439e-16,-9.637146e-23,-1.2905532e-22,-3.0000804e-19,-2.4440368e-17,1.0642576e-23,-2.1299198e-17
competence_0008,individual,0.0,-0.4148475,0.78148437,-0.3933693,0.052952807,-0.013684643,-0.42655346,0.08618732,0.04417396,-3.6113906e-22,1.0599523e-15,8.4137165e-23,1.00435126e-22,-5.52189e-19,-2.5369792e-17,-1.5647031e-23,-2.2651924e-17
fillBlanksOption_0004,individual,0.0,-0.4148475,0.78148437,-0.3933693,0.052952807,-0.013684643,-0.42655346,0.08618732,0.04417396,-3.6113906e-22,1.0599523e-15,8.4137165e-23,1.00435126e-22,-5.52189e-19,-2.5369792e-17,-1.5647031e-23,-2.2651924e-17
question_0014,individual,0.0,-0.4148475,0.78148437,-0.3933693,0.052952807,-0.013684643,-0.42655346,0.08618732,0.04417396,-3.6113906e-22,1.0599523e-15,8.4137165e-23,1.00435126e-22,-5.52189e-19,-2.5369792e-17,-1.5647031e-23,-2.2651924e-17
resource_0007,individual,0.037018680453700936,1.2655165,0.5889214,-0.69007164,0.03824324,-0.0066289776,-0.79527074,-0.71463096,0.26785222,-2.7350398e-22,1.109043e-15,1.3992377e-22,9.135878e-23,-5.378931e-19,-2.6489696e-17,-3.651507e-23,-2.3627038e-17
comment_0003,individual,0.0,-0.4148475,0.78148437,-0.3933693,0.052952807,-0.013684643,-0.42655346,0.08618732,0.04417396,-3.6113906e-22,1.0599523e-15,8.4137165e-23,1.00435126e-22,-5.52189e-19,-2.5369792e-17,-1.5647031e-23,-2.2651924e-17
turns_0004,individual,0.0,-0.4148475,0.78148437,-0.3933693,0.052952807,-0.013684643,-0.42655346,0.08618732,0.04417396,-3.6113906e-22,1.0599523e-15,8.4137165e-23,1.00435126e-22,-5.52189e-19,-2.5369792e-17,-1.5647031e-23,-2.2651924e-17
discursiveOption_0009,individual,0.0,-0.4148475,0.78148437,-0.3933693,0.052952807,-0.013684643,-0.42655346,0.08618732,0.04417396,-3.6113906e-22,1.0599523e-15,8.4137165e-23,1.00435126e-22,-5.52189e-19,-2.5369792e-17,-1.5647031e-23,-2.2651924e-17
Chances,class,0.0038665868165178342,-0.31459847,-2.1649776,1.0210418,2.6394498,-0.5289352,-0.23932739,0.15903121,0.07079996,-3.6368324e-21,2.0395677e-15,2.6132264e-20,-1.7152014e-21,-1.9973326e-18,-4.3960156e-17,-1.0230349e-20,-4.244932e-17
fillBlanksProblem_0006,individual,0.0,-0.4148475,0.78148437,-0.3933693,0.052952807,-0.013684643,-0.42655346,0.08618732,0.04417396,-3.6113906e-22,1.0599523e-15,8.4137165e-23,1.00435126e-22,-5.52189e-19,-2.5369792e-17,-1.5647031e-23,-2.2651924e-17
trueOrFalseOption_0007,individual,0.0,-0.4148475,0.78148437,-0.3933693,0.052952807,-0.013684643,-0.42655346,0.08618732,0.04417396,-3.6113906e-22,1.0599523e-15,8.4137165e-23,1.00435126e-22,-5.52189e-19,-2.5369792e-17,-1.5647031e-23,-2.2651924e-17
activity_0005,individual,0.0,-0.4148475,0.78148437,-0.3933693,0.052952807,-0.013684643,-0.42655346,0.08618732,0.04417396,-3.6113906e-22,1.0599523e-15,8.4137165e-23,1.00435126e-22,-5.52189e-19,-2.5369792e-17,-1.5647031e-23,-2.2651924e-17
sequencing_0010,individual,0.0,-0.4148475,0.78148437,-0.3933693,0.052952807,-0.013684643,-0.42655346,0.08618732,0.04417396,-3.6113906e-22,1.0599523e-15,8.4137165e-23,1.00435126e-22,-5.52189e-19,-2.5369792e-17,-1.5647031e-23,-2.2651924e-17
knowledgeUnit_0008,individual,0.0,-0.4148475,0.78148437,-0.3933693,0.052952807,-0.013684643,-0.42655346,0.08618732,0.04417396,-3.6113906e-22,1.0599523e-15,8.4137165e-23,1.00435126e-22,-5.52189e-19,-2.5369792e-17,-1.5647031e-23,-2.2651924e-17
leaderboards_0002,individual,0.03479928134866051,1.2442174,1.2735726,2.6539233,-0.2121217,-0.07104033,3.1963377,-1.028611,0.17099503,1.9376922e-21,1.3446863e-15,-3.8299538e-22,-7.689156e-22,1.8759231e-19,-3.4525093e-17,3.0882705e-24,-2.903667e-17
combat_0004,individual,0.0,-0.4148475,0.78148437,-0.3933693,0.052952807,-0.013684643,-0.42655346,0.08618732,0.04417396,-3.6113906e-22,1.0599523e-15,8.4137165e-23,1.00435126e-22,-5.52189e-19,-2.5369792e-17,-1.5647031e-23,-2.2651924e-17
bugMisconception_0001,individual,0.0,-0.4148475,0.78148437,-0.3933693,0.052952807,-0.013684643,-0.42655346,0.08618732,0.04417396,-3.6113906e-22,1.0599523e-15,8.4137165e-23,1.00435126e-22,-5.52189e-19,-2.5369792e-17,-1.5647031e-23,-2.2651924e-17
contentUnlocking_0002,individual,0.0,-0.4148475,0.78148437,-0.3933693,0.052952807,-0.013684643,-0.42655346,0.08618732,0.04417396,-3.6113906e-22,1.0599523e-15,8.4137165e-23,1.00435126e-22,-5.52189e-19,-2.5369792e-17,-1.5647031e-23,-2.2651924e-17
resolution_0010,individual,0.0,-0.4148475,0.78148437,-0.3933693,0.052952807,-0.013684643,-0.42655346,0.08618732,0.04417396,-3.6113906e-22,1.0599523e-15,8.4137165e-23,1.00435126e-22,-5.52189e-19,-2.5369792e-17,-1.5647031e-23,-2.2651924e-17
metric_0045,individual,0.00429370427438251,-0.19881387,0.76602566,-0.40659663,0.050787345,-0.010531074,-0.44600463,0.03930884,-0.090960614,-3.3761858e-22,1.0555457e-15,7.694043e-23,9.1510143e-23,-5.4128306e-19,-2.5352538e-17,-1.4563104e-23,-2.254066e-17
mtcu:has_MissConception,resource,0.0,-0.56079817,-2.261879,-2.4014323,-0.74481595,-1.0661644,1.7214217,0.25325593,-0.023364043,-5.807104e-21,1.3036809e-15,-1.10624025e-20,3.9297756e-21,-2.7485456e-18,-2.8188717e-17,4.9303697e-21,-2.9130032e-17
content_0006,individual,0.0,-0.4148475,0.78148437,-0.3933693,0.052952807,-0.013684643,-0.42655346,0.08618732,0.04417396,-3.6113906e-22,1.0599523e-15,8.4137165e-23,1.00435126e-22,-5.52189e-19,-2.5369792e-17,-1.5647031e-23,-2.2651924e-17
fillBlanksProblem_0010,individual,0.0,-0.4148475,0.78148437,-0.3933693,0.052952807,-0.013684643,-0.42655346,0.08618732,0.04417396,-3.6113906e-22,1.0599523e-15,8.4137165e-23,1.00435126e-22,-5.52189e-19,-2.5369792e-17,-1.5647031e-23,-2.2651924e-17
problemUnit_0006,individual,0.01933293408258917,0.5068552,1.0548668,1.299571,-0.09431083,-0.045548905,1.5861641,-0.5331449,0.11463007,9.159435e-22,1.2322084e-15,-1.7538092e-22,-3.8251451e-22,-1.4275227e-19,-3.047414e-17,-4.962806e-24,-2.6283333e-17
multipleChoiceOption_0008,individual,0.0,-0.4148475,0.78148437,-0.3933693,0.052952807,-0.013684643,-0.42655346,0.08618732,0.04417396,-3.6113906e-22,1.0599523e-15,8.4137165e-23,1.00435126e-22,-5.52189e-19,-2.5369792e-17,-1.5647031e-23,-2.2651924e-17
motivationAndNeedTheory_0002,individual,0.0,-0.4148475,0.78148437,-0.3933693,0.052952807,-0.013684643,-0.42655346,0.08618732,0.04417396,-3.6113906e-22,1.0599523e-15,8.4137165e-23,1.00435126e-22,-5.52189e-19,-2.5369792e-17,-1.5647031e-23,-2.2651924e-17
motivationalAffordance_0001,individual,0.012697903284960139,0.12556644,0.70372736,-0.53120756,0.048689157,-0.015239641,-0.592718,-0.26682025,0.3951004,-3.5381467e-22,1.0893728e-15,1.265384e-22,1.1072265e-22,-5.601295e-19,-2.6125032e-17,-2.877047e-23,-2.3231839e-17
domainModel_0009,individual,0.0,-0.4148475,0.78148437,-0.3933693,0.052952807,-0.013684643,-0.42655346,0.08618732,0.04417396,-3.6113906e-22,1.0599523e-15,8.4137165e-23,1.00435126e-22,-5.52189e-19,-2.5369792e-17,-1.5647031e-23,-2.2651924e-17
error_0002,individual,0.0,-0.4148475,0.78148437,-0.3933693,0.052952807,-0.013684643,-0.42655346,0.08618732,0.04417396,-3.6113906e-22,1.0599523e-15,8.4137165e-23,1.00435126e-22,-5.52189e-19,-2.5369792e-17,-1.5647031e-23,-2.2651924e-17
studentModel_0015,individual,0.011599760449553503,0.13817412,0.94551384,0.6223949,-0.035405386,-0.032803208,0.781077,-0.28541204,0.08644765,4.050691e-22,1.159037e-15,-7.1573684e-23,-1.8941739e-22,-3.065186e-19,-2.8589887e-17,-9.401928e-24,-2.4833578e-17
resolution_0004,individual,0.0,-0.4148475,0.78148437,-0.3933693,0.052952807,-0.013684643,-0.42655346,0.08618732,0.04417396,-3.6113906e-22,1.0599523e-15,8.4137165e-23,1.00435126e-22,-5.52189e-19,-2.5369792e-17,-1.5647031e-23,-2.2651924e-17
winStates_0001,individual,0.0,-0.4148475,0.78148437,-0.3933693,0.052952807,-0.013684643,-0.42655346,0.08618732,0.04417396,-3.6113906e-22,1.0599523e-15,8.4137165e-23,1.00435126e-22,-5.52189e-19,-2.5369792e-17,-1.5647031e-23,-2.2651924e-17
categoryParticipation_0002,individual,0.1099736038872578,5.13785,0.39188445,-0.7126263,-0.0029341716,0.06923971,-0.903257,-1.0720878,-3.5654886,2.5359768e-22,9.851661e-16,-1.127908e-22,-1.3541559e-22,-2.9323178e-19,-2.4006687e-17,1.5345904e-23,-2.1082357e-17
studentModel_0004,individual,0.0038665868165178342,-0.23050696,0.83616084,-0.054781213,0.023500085,-0.020057498,-0.024009971,-0.037679132,0.058265176,-1.0580528e-22,1.095878e-15,3.2233563e-23,3.679768e-24,-4.6928526e-19,-2.6612923e-17,-1.3427467e-23,-2.3367364e-17
metric_0023,individual,0.008694187913231193,0.021341156,0.7497755,-0.42140713,0.048595224,-0.0074373297,-0.46731985,-0.011459149,-0.21991956,-3.1430387e-22,1.0586756e-15,7.037385e-23,8.2829265e-23,-5.3415746e-19,-2.531121e-17,-1.3659688e-23,-2.2429729e-17
categoryExploration_0002,individual,0.06962129972773282,3.0772786,0.52731097,-0.6186775,0.018075168,0.03625589,-0.75386786,-0.697454,-2.0646534,1.3411773e-23,1.0225202e-15,-2.556933e-23,-4.0256863e-23,-3.9798748e-19,-2.47885e-17,1.3711034e-25,-2.1527048e-17
metric_0056,individual,0.004578449246292296,-0.18782346,0.7639149,-0.4108186,0.050716255,-0.010690606,-0.45097548,0.0289368,-0.07449225,-3.3816733e-22,1.0568467e-15,7.862087e-23,9.2161086e-23,-5.4191833e-19,-2.5379643e-17,-1.5044467e-23,-2.2560989e-17
playerAction_0011,individual,0.01779864726425347,0.6241453,0.7604789,-0.18541524,-0.0055174795,0.018323107,-0.18254279,0.1586098,0.6939888,-3.604563e-23,1.0730955e-15,-3.1259698e-22,1.0884466e-23,-4.396074e-19,-2.5985449e-17,1.1835249e-22,-2.2890938e-17
multipleChoiceOption_0003,individual,0.0,-0.4148475,0.78148437,-0.3933693,0.052952807,-0.013684643,-0.42655346,0.08618732,0.04417396,-3.6113906e-22,1.0599523e-15,8.4137165e-23,1.00435126e-22,-5.52189e-19,-2.5369792e-17,-1.5647031e-23,-2.2651924e-17
problem_0017,individual,0.0,-0.4148475,0.78148437,-0.3933693,0.052952807,-0.013684643,-0.42655346,0.08618732,0.04417396,-3.6113906e-22,1.0599523e-15,8.4137165e-23,1.00435126e-22,-5.52189e-19,-2.5369792e-17,-1.5647031e-23,-2.2651924e-17
problem_0004,individual,0.0,-0.4148475,0.78148437,-0.3933693,0.052952807,-0.013684643,-0.42655346,0.08618732,0.04417396,-3.6113906e-22,1.0599523e-15,8.4137165e-23,1.00435126e-22,-5.52189e-19,-2.5369792e-17,-1.5647031e-23,-2.2651924e-17
comment_0010,individual,0.0,-0.4148475,0.78148437,-0.3933693,0.052952807,-0.013684643,-0.42655346,0.08618732,0.04417396,-3.6113906e-22,1.0599523e-15,8.4137165e-23,1.00435126e-22,-5.52189e-19,-2.5369792e-17,-1.5647031e-23,-2.2651924e-17
sequencing_0017,individual,0.0,-0.4148475,0.78148437,-0.3933693,0.052952807,-0.013684643,-0.42655346,0.08618732,0.04417396,-3.6113906e-22,1.0599523e-15,8.4137165e-23,1.00435126e-22,-5.52189e-19,-2.5369792e-17,-1.5647031e-23,-2.2651924e-17
conceptualKnowledge_0009,individual,0.0,-0.4148475,0.78148437,-0.3933693,0.052952807,-0.013684643,-0.42655346,0.08618732,0.04417396,-3.6113906e-22,1.0599523e-15,8.4137165e-23,1.00435126e-22,-5.52189e-19,-2.5369792e-17,-1.5647031e-23,-2.2651924e-17
behaviouralKnowledge_0019,individual,0.004934380461179526,-0.17408544,0.7612765,-0.4160961,0.050627396,-0.010890021,-0.45718902,0.015971746,-0.053906802,-3.3885327e-22,1.0581478e-15,8.0721435e-23,9.2974774e-23,-5.4276536e-19,-2.5406748e-17,-1.5646173e-23,-2.259487e-17
leaderboards_0001,individual,0.03479928134866051,1.2442174,1.2735726,2.6539233,-0.2121217,-0.07104033,3.1963377,-1.028611,0.17099503,1.9376922e-21,1.3446863e-15,-3.8299538e-22,-7.689156e-22,1.8759231e-19,-3.4525093e-17,3.0882705e-24,-2.903667e-17
resource_0012,individual,0.019230071818910403,0.427999,0.67167556,-0.5776251,0.045964837,-0.013340201,-0.65124637,-0.39523643,0.38942856,-3.3460799e-22,1.1007697e-15,1.325521e-22,1.0691491e-22,-5.5763616e-19,-2.6288687e-17,-3.1470684e-23,-2.330302e-17
resolutionMethod_0002,individual,0.0,-0.4148475,0.78148437,-0.3933693,0.052952807,-0.013684643,-0.42655346,0.08618732,0.04417396,-3.6113906e-22,1.0599523e-15,8.4137165e-23,1.00435126e-22,-5.52189e-19,-2.5369792e-17,-1.5647031e-23,-2.2651924e-17
bossFights_0004,individual,0.0038665868165178342,-0.23050696,0.83616084,-0.054781213,0.023500085,-0.020057498,-0.024009971,-0.037679132,0.058265176,-1.0580528e-22,1.095878e-15,3.2233563e-23,3.679768e-24,-4.6928526e-19,-2.6612923e-17,-1.3427467e-23,-2.3367364e-17
collections_0001,individual,0.0,-0.4148475,0.78148437,-0.3933693,0.052952807,-0.013684643,-0.42655346,0.08618732,0.04417396,-3.6113906e-22,1.0599523e-15,8.4137165e-23,1.00435126e-22,-5.52189e-19,-2.5369792e-17,-1.5647031e-23,-2.2651924e-17
option_0016,individual,0.0,-0.4148475,0.78148437,-0.3933693,0.052952807,-0.013684643,-0.42655346,0.08618732,0.04417396,-3.6113906e-22,1.0599523e-15,8.4137165e-23,1.00435126e-22,-5.52189e-19,-2.5369792e-17,-1.5647031e-23,-2.2651924e-17
collections_0002,individual,0.0,-0.4148475,0.78148437,-0.3933693,0.052952807,-0.013684643,-0.42655346,0.08618732,0.04417396,-3.6113906e-22,1.0599523e-15,8.4137165e-23,1.00435126e-22,-5.52189e-19,-2.5369792e-17,-1.5647031e-23,-2.2651924e-17
collections_0003,individual,0.0,-0.4148475,0.78148437,-0.3933693,0.052952807,-0.013684643,-0.42655346,0.08618732,0.04417396,-3.6113906e-22,1.0599523e-15,8.4137165e-23,1.00435126e-22,-5.52189e-19,-2.5369792e-17,-1.5647031e-23,-2.2651924e-17
gamifiedITS_0009,individual,0.0077331736330356685,-0.0461664,0.8908374,0.28380683,-0.0059526362,-0.026430352,0.37853348,-0.16154559,0.07235639,1.4973529e-22,1.1242427e-15,-1.9670064e-23,-9.286881e-23,-3.8632374e-19,-2.7607517e-17,-1.1207902e-23,-2.4084831e-17
player_0004,individual,0.023199520899107005,0.6911958,1.1095432,1.6381593,-0.123763554,-0.05192176,1.9887077,-0.6570115,0.12872137,1.1714839e-21,1.2555196e-15,-2.2728453e-22,-4.792699e-22,-5.87306e-20,-3.1484718e-17,-3.156832e-24,-2.696102e-17
story_0001,individual,0.027066107715624843,0.87553626,1.1642196,1.9767472,-0.15321627,-0.058294613,2.3912508,-0.7808779,0.1428126,1.4268178e-21,1.2910116e-15,-2.7918815e-22,-5.758185e-22,2.0785033e-20,-3.2483902e-17,-9.372677e-25,-2.756804e-17
misconception_0005,individual,0.0,-0.4148475,0.78148437,-0.3933693,0.052952807,-0.013684643,-0.42655346,0.08618732,0.04417396,-3.6113906e-22,1.0599523e-15,8.4137165e-23,1.00435126e-22,-5.52189e-19,-2.5369792e-17,-1.5647031e-23,-2.2651924e-17
problem_0009,individual,0.0,-0.4148475,0.78148437,-0.3933693,0.052952807,-0.013684643,-0.42655346,0.08618732,0.04417396,-3.6113906e-22,1.0599523e-15,8.4137165e-23,1.00435126e-22,-5.52189e-19,-2.5369792e-17,-1.5647031e-23,-2.2651924e-17
strategy_0004,individual,0.035697420621717525,1.3046128,0.91570044,0.86275804,-0.07428299,-0.028274093,1.0524625,-0.7081188,-0.26323932,7.488017e-22,1.1930057e-15,-1.3422759e-22,-3.1467911e-22,-1.9331438e-19,-2.9665595e-17,-8.013287e-24,-2.5485848e-17
chances_0003,individual,0.0,-0.4148475,0.78148437,-0.3933693,0.052952807,-0.013684643,-0.42655346,0.08618732,0.04417396,-3.6113906e-22,1.0599523e-15,8.4137165e-23,1.00435126e-22,-5.52189e-19,-2.5369792e-17,-1.5647031e-23,-2.2651924e-17
statement_0011,individual,0.0,-0.4148475,0.78148437,-0.3933693,0.052952807,-0.013684643,-0.42655346,0.08618732,0.04417396,-3.6113906e-22,1.0599523e-15,8.4137165e-23,1.00435126e-22,-5.52189e-19,-2.5369792e-17,-1.5647031e-23,-2.2651924e-17
instrutionalPlan_0017,individual,0.0038665868165178342,-0.23050696,0.83616084,-0.054781213,0.023500085,-0.020057498,-0.024009971,-0.037679132,0.058265176,-1.0580528e-22,1.095878e-15,3.2233563e-23,3.679768e-24,-4.6928526e-19,-2.6612923e-17,-1.3427467e-23,-2.3367364e-17
points_0005,individual,0.015466347266071337,0.3225147,1.0001903,0.9609831,-0.06485811,-0.039176058,1.1836207,-0.4092785,0.10053887,6.6060964e-22,1.1958679e-15,-1.234773e-22,-2.8596594e-22,-2.2430918e-19,-2.9604784e-17,-7.182364e-24,-2.558677e-17
problemNext_0016,individual,0.0,-0.4148475,0.78148437,-0.3933693,0.052952807,-0.013684643,-0.42655346,0.08618732,0.04417396,-3.6113906e-22,1.0599523e-15,8.4137165e-23,1.00435126e-22,-5.52189e-19,-2.5369792e-17,-1.5647031e-23,-2.2651924e-17
resourceList_0001,individual,0.0,-0.4148475,0.78148437,-0.3933693,0.052952807,-0.013684643,-0.42655346,0.08618732,0.04417396,-3.6113906e-22,1.0599523e-15,8.4137165e-23,1.00435126e-22,-5.52189e-19,-2.5369792e-17,-1.5647031e-23,-2.2651924e-17
concept_0005,individual,0.0,-0.4148475,0.78148437,-0.3933693,0.052952807,-0.013684643,-0.42655346,0.08618732,0.04417396,-3.6113906e-22,1.0599523e-15,8.4137165e-23,1.00435126e-22,-5.52189e-19,-2.5369792e-17,-1.5647031e-23,-2.2651924e-17
statement_0009,individual,0.0,-0.4148475,0.78148437,-0.3933693,0.052952807,-0.013684643,-0.42655346,0.08618732,0.04417396,-3.6113906e-22,1.0599523e-15,8.4137165e-23,1.00435126e-22,-5.52189e-19,-2.5369792e-17,-1.5647031e-23,-2.2651924e-17
fillBlanksProblem_0008,individual,0.0,-0.4148475,0.78148437,-0.3933693,0.052952807,-0.013684643,-0.42655346,0.08618732,0.04417396,-3.6113906e-22,1.0599523e-15,8.4137165e-23,1.00435126e-22,-5.52189e-19,-2.5369792e-17,-1.5647031e-23,-2.2651924e-17
problemNext_0002,individual,0.004222518031405065,-0.20156148,0.76655334,-0.40554115,0.050805118,-0.0104911905,-0.4447619,0.041901857,-0.095077716,-3.374814e-22,1.0555457e-15,7.652033e-23,9.134741e-23,-5.4128306e-19,-2.5338986e-17,-1.4442762e-23,-2.2533884e-17
survivor_0001,individual,0.0,-0.4148475,0.78148437,-0.3933693,0.052952807,-0.013684643,-0.42655346,0.08618732,0.04417396,-3.6113906e-22,1.0599523e-15,8.4137165e-23,1.00435126e-22,-5.52189e-19,-2.5369792e-17,-1.5647031e-23,-2.2651924e-17
quests_0002,individual,0.0038665868165178342,-0.23050696,0.83616084,-0.054781213,0.023500085,-0.020057498,-0.024009971,-0.037679132,0.058265176,-1.0580528e-22,1.095878e-15,3.2233563e-23,3.679768e-24,-4.6928526e-19,-2.6612923e-17,-1.3427467e-23,-2.3367364e-17
levels_0002,individual,0.023199520899107005,0.6911958,1.1095432,1.6381593,-0.123763554,-0.05192176,1.9887077,-0.6570115,0.12872137,1.1714839e-21,1.2555196e-15,-2.2728453e-22,-4.792699e-22,-5.87306e-20,-3.1484718e-17,-3.156832e-24,-2.696102e-17
targetBehavior_0017,individual,0.0077331736330356685,-0.0461664,0.8908374,0.28380683,-0.0059526362,-0.026430352,0.37853348,-0.16154559,0.07235639,1.4973529e-22,1.1242427e-15,-1.9670064e-23,-9.286881e-23,-3.8632374e-19,-2.7607517e-17,-1.1207902e-23,-2.4084831e-17
tactic_0003,individual,0.03104814160570491,1.1052697,0.7998568,0.19029258,-0.017240936,-0.011697002,0.24904399,-0.46319613,-0.4965263,2.637793e-22,1.1123351e-15,-4.4756863e-23,-1.3327266e-22,-3.4089804e-19,-2.7225522e-17,-8.909704e-24,-2.3773333e-17
knowledgeUnit_0011,individual,0.0,-0.4148475,0.78148437,-0.3933693,0.052952807,-0.013684643,-0.42655346,0.08618732,0.04417396,-3.6113906e-22,1.0599523e-15,8.4137165e-23,1.00435126e-22,-5.52189e-19,-2.5369792e-17,-1.5647031e-23,-2.2651924e-17
multipleChoiceProblem_0009,individual,0.0,-0.4148475,0.78148437,-0.3933693,0.052952807,-0.013684643,-0.42655346,0.08618732,0.04417396,-3.6113906e-22,1.0599523e-15,8.4137165e-23,1.00435126e-22,-5.52189e-19,-2.5369792e-17,-1.5647031e-23,-2.2651924e-17
challenges_0004,individual,0.027066107715624843,0.87553626,1.1642196,1.9767472,-0.15321627,-0.058294613,2.3912508,-0.7808779,0.1428126,1.4268178e-21,1.2910116e-15,-2.7918815e-22,-5.758185e-22,2.0785033e-20,-3.2483902e-17,-9.372677e-25,-2.756804e-17
sDTRelatedness_0003,individual,0.008516222305787576,0.014472148,0.7510947,-0.4187684,0.048639655,-0.0073376223,-0.46421307,-0.0049766316,-0.23021229,-3.139609e-22,1.0579708e-15,6.9323594e-23,8.242243e-23,-5.337604e-19,-2.5295117e-17,-1.3358836e-23,-2.2415329e-17
Error_Misconception,class,0.0038665868165178342,-0.31459847,-2.1649776,1.0210418,2.6394498,-0.5289352,-0.23932739,0.15903121,0.07079996,-3.6368324e-21,2.0395677e-15,2.6132264e-20,-1.7152014e-21,-1.9973326e-18,-4.3960156e-17,-1.0230349e-20,-4.244932e-17
yeeDiscovery_0003,individual,0.0,-0.4148475,0.78148437,-0.3933693,0.052952807,-0.013684643,-0.42655346,0.08618732,0.04417396,-3.6113906e-22,1.0599523e-15,8.4137165e-23,1.00435126e-22,-5.52189e-19,-2.5369792e-17,-1.5647031e-23,-2.2651924e-17
sDTAutonomy_0001,individual,0.008465374989375114,0.012509569,0.75147164,-0.41801447,0.048652347,-0.007309134,-0.4633254,-0.0031244766,-0.23315307,-3.1386291e-22,1.0577811e-15,6.90235e-23,8.230618e-23,-5.3365454e-19,-2.5290035e-17,-1.3272875e-23,-2.2411094e-17
studentModel_0005,individual,0.011599760449553503,0.13817412,0.94551384,0.6223949,-0.035405386,-0.032803208,0.781077,-0.28541204,0.08644765,4.050691e-22,1.159037e-15,-7.1573684e-23,-1.8941739e-22,-3.065186e-19,-2.8589887e-17,-9.401928e-24,-2.4833578e-17
matchColumnOption_0007,individual,0.0,-0.4148475,0.78148437,-0.3933693,0.052952807,-0.013684643,-0.42655346,0.08618732,0.04417396,-3.6113906e-22,1.0599523e-15,8.4137165e-23,1.00435126e-22,-5.52189e-19,-2.5369792e-17,-1.5647031e-23,-2.2651924e-17
Yee_Discovery,class,0.0038665868165178342,-0.31459847,-2.1649776,1.0210418,2.6394498,-0.5289352,-0.23932739,0.15903121,0.07079996,-3.6368324e-21,2.0395677e-15,2.6132264e-20,-1.7152014e-21,-1.9973326e-18,-4.3960156e-17,-1.0230349e-20,-4.244932e-17
diagnosis_0009,individual,0.0,-0.4148475,0.78148437,-0.3933693,0.052952807,-0.013684643,-0.42655346,0.08618732,0.04417396,-3.6113906e-22,1.0599523e-15,8.4137165e-23,1.00435126e-22,-5.52189e-19,-2.5369792e-17,-1.5647031e-23,-2.2651924e-17
methodStep_0001,individual,0.0,-0.4148475,0.78148437,-0.3933693,0.052952807,-0.013684643,-0.42655346,0.08618732,0.04417396,-3.6113906e-22,1.0599523e-15,8.4137165e-23,1.00435126e-22,-5.52189e-19,-2.5369792e-17,-1.5647031e-23,-2.2651924e-17
fillBlanksProblem_0001,individual,0.0,-0.4148475,0.78148437,-0.3933693,0.052952807,-0.013684643,-0.42655346,0.08618732,0.04417396,-3.6113906e-22,1.0599523e-15,8.4137165e-23,1.00435126e-22,-5.52189e-19,-2.5369792e-17,-1.5647031e-23,-2.2651924e-17
fillBlanksOption_0002,individual,0.0,-0.4148475,0.78148437,-0.3933693,0.052952807,-0.013684643,-0.42655346,0.08618732,0.04417396,-3.6113906e-22,1.0599523e-15,8.4137165e-23,1.00435126e-22,-5.52189e-19,-2.5369792e-17,-1.5647031e-23,-2.2651924e-17
MethodStep,class,0.0038665868165178342,-0.31459847,-2.1649776,1.0210418,2.6394498,-0.5289352,-0.23932739,0.15903121,0.07079996,-3.6368324e-21,2.0395677e-15,2.6132264e-20,-1.7152014e-21,-1.9973326e-18,-4.3960156e-17,-1.0230349e-20,-4.244932e-17
fillBlanksProblem_0004,individual,0.0,-0.4148475,0.78148437,-0.3933693,0.052952807,-0.013684643,-0.42655346,0.08618732,0.04417396,-3.6113906e-22,1.0599523e-15,8.4137165e-23,1.00435126e-22,-5.52189e-19,-2.5369792e-17,-1.5647031e-23,-2.2651924e-17
survivor_0003,individual,0.0,-0.4148475,0.78148437,-0.3933693,0.052952807,-0.013684643,-0.42655346,0.08618732,0.04417396,-3.6113906e-22,1.0599523e-15,8.4137165e-23,1.00435126e-22,-5.52189e-19,-2.5369792e-17,-1.5647031e-23,-2.2651924e-17
collections_0005,individual,0.0,-0.4148475,0.78148437,-0.3933693,0.052952807,-0.013684643,-0.42655346,0.08618732,0.04417396,-3.6113906e-22,1.0599523e-15,8.4137165e-23,1.00435126e-22,-5.52189e-19,-2.5369792e-17,-1.5647031e-23,-2.2651924e-17
multipleChoiceOption_0011,individual,0.0,-0.4148475,0.78148437,-0.3933693,0.052952807,-0.013684643,-0.42655346,0.08618732,0.04417396,-3.6113906e-22,1.0599523e-15,8.4137165e-23,1.00435126e-22,-5.52189e-19,-2.5369792e-17,-1.5647031e-23,-2.2651924e-17
resolution_0001,individual,0.0,-0.4148475,0.78148437,-0.3933693,0.052952807,-0.013684643,-0.42655346,0.08618732,0.04417396,-3.6113906e-22,1.0599523e-15,8.4137165e-23,1.00435126e-22,-5.52189e-19,-2.5369792e-17,-1.5647031e-23,-2.2651924e-17
problem_0016,individual,0.0,-0.4148475,0.78148437,-0.3933693,0.052952807,-0.013684643,-0.42655346,0.08618732,0.04417396,-3.6113906e-22,1.0599523e-15,8.4137165e-23,1.00435126e-22,-5.52189e-19,-2.5369792e-17,-1.5647031e-23,-2.2651924e-17
uRIType_0002,individual,0.0,-0.4148475,0.78148437,-0.3933693,0.052952807,-0.013684643,-0.42655346,0.08618732,0.04417396,-3.6113906e-22,1.0599523e-15,8.4137165e-23,1.00435126e-22,-5.52189e-19,-2.5369792e-17,-1.5647031e-23,-2.2651924e-17
leftColumn_0008,individual,0.0,-0.4148475,0.78148437,-0.3933693,0.052952807,-0.013684643,-0.42655346,0.08618732,0.04417396,-3.6113906e-22,1.0599523e-15,8.4137165e-23,1.00435126e-22,-5.52189e-19,-2.5369792e-17,-1.5647031e-23,-2.2651924e-17
challenges_0001,individual,0.027066107715624843,0.87553626,1.1642196,1.9767472,-0.15321627,-0.058294613,2.3912508,-0.7808779,0.1428126,1.4268178e-21,1.2910116e-15,-2.7918815e-22,-5.758185e-22,2.0785033e-20,-3.2483902e-17,-9.372677e-25,-2.756804e-17
targetBehavior_0012,individual,0.015466347266071337,0.3225147,1.0001903,0.9609831,-0.06485811,-0.039176058,1.1836207,-0.4092785,0.10053887,6.6060964e-22,1.1958679e-15,-1.234773e-22,-2.8596594e-22,-2.2430918e-19,-2.9604784e-17,-7.182364e-24,-2.558677e-17
competence_0004,individual,0.0,-0.4148475,0.78148437,-0.3933693,0.052952807,-0.013684643,-0.42655346,0.08618732,0.04417396,-3.6113906e-22,1.0599523e-15,8.4137165e-23,1.00435126e-22,-5.52189e-19,-2.5369792e-17,-1.5647031e-23,-2.2651924e-17
constraints_0004,individual,0.0077331736330356685,-0.0461664,0.8908374,0.28380683,-0.0059526362,-0.026430352,0.37853348,-0.16154559,0.07235639,1.4973529e-22,1.1242427e-15,-1.9670064e-23,-9.286881e-23,-3.8632374e-19,-2.7607517e-17,-1.1207902e-23,-2.4084831e-17
resource_0002,individual,0.0,-0.4148475,0.78148437,-0.3933693,0.052952807,-0.013684643,-0.42655346,0.08618732,0.04417396,-3.6113906e-22,1.0599523e-15,8.4137165e-23,1.00435126e-22,-5.52189e-19,-2.5369792e-17,-1.5647031e-23,-2.2651924e-17
story_0002,individual,0.023199520899107005,0.6911958,1.1095432,1.6381593,-0.123763554,-0.05192176,1.9887077,-0.6570115,0.12872137,1.1714839e-21,1.2555196e-15,-2.2728453e-22,-4.792699e-22,-5.87306e-20,-3.1484718e-17,-3.156832e-24,-2.696102e-17
matchColumnProblem_0008,individual,0.0,-0.4148475,0.78148437,-0.3933693,0.052952807,-0.013684643,-0.42655346,0.08618732,0.04417396,-3.6113906e-22,1.0599523e-15,8.4137165e-23,1.00435126e-22,-5.52189e-19,-2.5369792e-17,-1.5647031e-23,-2.2651924e-17
diagnosis_0010,individual,0.0,-0.4148475,0.78148437,-0.3933693,0.052952807,-0.013684643,-0.42655346,0.08618732,0.04417396,-3.6113906e-22,1.0599523e-15,8.4137165e-23,1.00435126e-22,-5.52189e-19,-2.5369792e-17,-1.5647031e-23,-2.2651924e-17
seeker_0005,individual,0.0,-0.4148475,0.78148437,-0.3933693,0.052952807,-0.013684643,-0.42655346,0.08618732,0.04417396,-3.6113906e-22,1.0599523e-15,8.4137165e-23,1.00435126e-22,-5.52189e-19,-2.5369792e-17,-1.5647031e-23,-2.2651924e-17
metric_0031,individual,0.0,-0.4148475,0.78148437,-0.3933693,0.052952807,-0.013684643,-0.42655346,0.08618732,0.04417396,-3.6113906e-22,1.0599523e-15,8.4137165e-23,1.00435126e-22,-5.52189e-19,-2.5369792e-17,-1.5647031e-23,-2.2651924e-17
narrative_0005,individual,0.0077331736330356685,-0.0461664,0.8908374,0.28380683,-0.0059526362,-0.026430352,0.37853348,-0.16154559,0.07235639,1.4973529e-22,1.1242427e-15,-1.9670064e-23,-9.286881e-23,-3.8632374e-19,-2.7607517e-17,-1.1207902e-23,-2.4084831e-17
comment_0009,individual,0.0,-0.4148475,0.78148437,-0.3933693,0.052952807,-0.013684643,-0.42655346,0.08618732,0.04417396,-3.6113906e-22,1.0599523e-15,8.4137165e-23,1.00435126e-22,-5.52189e-19,-2.5369792e-17,-1.5647031e-23,-2.2651924e-17
resourceAcquisition_0003,individual,0.0,-0.4148475,0.78148437,-0.3933693,0.052952807,-0.013684643,-0.42655346,0.08618732,0.04417396,-3.6113906e-22,1.0599523e-15,8.4137165e-23,1.00435126e-22,-5.52189e-19,-2.5369792e-17,-1.5647031e-23,-2.2651924e-17
yeeCompetition_0003,individual,0.0,-0.4148475,0.78148437,-0.3933693,0.052952807,-0.013684643,-0.42655346,0.08618732,0.04417396,-3.6113906e-22,1.0599523e-15,8.4137165e-23,1.00435126e-22,-5.52189e-19,-2.5369792e-17,-1.5647031e-23,-2.2651924e-17
statement_0004,individual,0.0,-0.4148475,0.78148437,-0.3933693,0.052952807,-0.013684643,-0.42655346,0.08618732,0.04417396,-3.6113906e-22,1.0599523e-15,8.4137165e-23,1.00435126e-22,-5.52189e-19,-2.5369792e-17,-1.5647031e-23,-2.2651924e-17
metric_0014,individual,0.004298019980879037,-0.1986473,0.76599365,-0.40666062,0.050786268,-0.010533492,-0.44607997,0.03915164,-0.09071102,-3.3762691e-22,1.0559794e-15,7.69659e-23,9.1520013e-23,-5.4128306e-19,-2.5352538e-17,-1.45704e-23,-2.254066e-17
Target_Behavior_Category,class,0.05270648236442399,2.011517,-2.408688,0.65843755,2.6114535,-0.5038419,-0.6936745,-0.655254,0.2823777,-3.486784e-21,2.0777146e-15,2.6061238e-20,-1.7367033e-21,-1.9619192e-18,-4.4681795e-17,-1.0205519e-20,-4.2995713e-17
brainHex_0010,individual,0.0,-0.4148475,0.78148437,-0.3933693,0.052952807,-0.013684643,-0.42655346,0.08618732,0.04417396,-3.6113906e-22,1.0599523e-15,8.4137165e-23,1.00435126e-22,-5.52189e-19,-2.5369792e-17,-1.5647031e-23,-2.2651924e-17
problem_0006,individual,0.0,-0.4148475,0.78148437,-0.3933693,0.052952807,-0.013684643,-0.42655346,0.08618732,0.04417396,-3.6113906e-22,1.0599523e-15,8.4137165e-23,1.00435126e-22,-5.52189e-19,-2.5369792e-17,-1.5647031e-23,-2.2651924e-17
yeeImmersionComponent_0001,individual,0.01933293408258917,0.5068552,1.0548668,1.299571,-0.09431083,-0.045548905,1.5861641,-0.5331449,0.11463007,9.159435e-22,1.2322084e-15,-1.7538092e-22,-3.8251451e-22,-1.4275227e-19,-3.047414e-17,-4.962806e-24,-2.6283333e-17
tactic_0001,individual,0.04501601008052181,1.7450087,0.7290554,0.08406065,-0.022915147,-0.008404341,0.11621416,-0.75294024,-0.4556139,3.004514e-22,1.1226417e-15,-2.7397215e-23,-1.3882258e-22,-3.3417996e-19,-2.7640407e-17,-1.5837556e-23,-2.4049342e-17
competence_0001,individual,0.0,-0.4148475,0.78148437,-0.3933693,0.052952807,-0.013684643,-0.42655346,0.08618732,0.04417396,-3.6113906e-22,1.0599523e-15,8.4137165e-23,1.00435126e-22,-5.52189e-19,-2.5369792e-17,-1.5647031e-23,-2.2651924e-17
health-care,individual,0.0,-0.4148475,0.78148437,-0.3933693,0.052952807,-0.013684643,-0.42655346,0.08618732,0.04417396,-3.6113906e-22,1.0599523e-15,8.4137165e-23,1.00435126e-22,-5.52189e-19,-2.5369792e-17,-1.5647031e-23,-2.2651924e-17
problemBasedEvaluation_0005,individual,0.0,-0.4148475,0.78148437,-0.3933693,0.052952807,-0.013684643,-0.42655346,0.08618732,0.04417396,-3.6113906e-22,1.0599523e-15,8.4137165e-23,1.00435126e-22,-5.52189e-19,-2.5369792e-17,-1.5647031e-23,-2.2651924e-17
resourceUnit_0011,individual,0.015466347266071337,0.3225147,1.0001903,0.9609831,-0.06485811,-0.039176058,1.1836207,-0.4092785,0.10053887,6.6060964e-22,1.1958679e-15,-1.234773e-22,-2.8596594e-22,-2.2430918e-19,-2.9604784e-17,-7.182364e-24,-2.558677e-17
metric_0054,individual,0.0,-0.4148475,0.78148437,-0.3933693,0.052952807,-0.013684643,-0.42655346,0.08618732,0.04417396,-3.6113906e-22,1.0599523e-15,8.4137165e-23,1.00435126e-22,-5.52189e-19,-2.5369792e-17,-1.5647031e-23,-2.2651924e-17
leftColumn_0007,individual,0.0,-0.4148475,0.78148437,-0.3933693,0.052952807,-0.013684643,-0.42655346,0.08618732,0.04417396,-3.6113906e-22,1.0599523e-15,8.4137165e-23,1.00435126e-22,-5.52189e-19,-2.5369792e-17,-1.5647031e-23,-2.2651924e-17
evaluationResource_0003,individual,0.0,-0.4148475,0.78148437,-0.3933693,0.052952807,-0.013684643,-0.42655346,0.08618732,0.04417396,-3.6113906e-22,1.0599523e-15,8.4137165e-23,1.00435126e-22,-5.52189e-19,-2.5369792e-17,-1.5647031e-23,-2.2651924e-17
brainHex_0015,individual,0.0,-0.4148475,0.78148437,-0.3933693,0.052952807,-0.013684643,-0.42655346,0.08618732,0.04417396,-3.6113906e-22,1.0599523e-15,8.4137165e-23,1.00435126e-22,-5.52189e-19,-2.5369792e-17,-1.5647031e-23,-2.2651924e-17
metric_0015,individual,0.01464352178420232,0.30127776,0.72204405,-0.4591829,0.046016414,-0.005211357,-0.5156735,-0.118645154,-0.2592999,-2.9397403e-22,1.0601578e-15,7.294791e-23,7.7689136e-23,-5.2674717e-19,-2.5405041e-17,-1.5374615e-23,-2.2692279e-17
fillBlanksOption_0003,individual,0.0,-0.4148475,0.78148437,-0.3933693,0.052952807,-0.013684643,-0.42655346,0.08618732,0.04417396,-3.6113906e-22,1.0599523e-15,8.4137165e-23,1.00435126e-22,-5.52189e-19,-2.5369792e-17,-1.5647031e-23,-2.2651924e-17
sequencing_0005,individual,0.0,-0.4148475,0.78148437,-0.3933693,0.052952807,-0.013684643,-0.42655346,0.08618732,0.04417396,-3.6113906e-22,1.0599523e-15,8.4137165e-23,1.00435126e-22,-5.52189e-19,-2.5369792e-17,-1.5647031e-23,-2.2651924e-17
item_0003,individual,0.0,-0.4148475,0.78148437,-0.3933693,0.052952807,-0.013684643,-0.42655346,0.08618732,0.04417396,-3.6113906e-22,1.0599523e-15,8.4137165e-23,1.00435126e-22,-5.52189e-19,-2.5369792e-17,-1.5647031e-23,-2.2651924e-17
option_0018,individual,0.0,-0.4148475,0.78148437,-0.3933693,0.052952807,-0.013684643,-0.42655346,0.08618732,0.04417396,-3.6113906e-22,1.0599523e-15,8.4137165e-23,1.00435126e-22,-5.52189e-19,-2.5369792e-17,-1.5647031e-23,-2.2651924e-17
form_0001,individual,0.0,-0.4148475,0.78148437,-0.3933693,0.052952807,-0.013684643,-0.42655346,0.08618732,0.04417396,-3.6113906e-22,1.0599523e-15,8.4137165e-23,1.00435126e-22,-5.52189e-19,-2.5369792e-17,-1.5647031e-23,-2.2651924e-17
activity_0003,individual,0.0,-0.4148475,0.78148437,-0.3933693,0.052952807,-0.013684643,-0.42655346,0.08618732,0.04417396,-3.6113906e-22,1.0599523e-15,8.4137165e-23,1.00435126e-22,-5.52189e-19,-2.5369792e-17,-1.5647031e-23,-2.2651924e-17
progressiveLoop_0001,individual,0.0,-0.4148475,0.78148437,-0.3933693,0.052952807,-0.013684643,-0.42655346,0.08618732,0.04417396,-3.6113906e-22,1.0599523e-15,8.4137165e-23,1.00435126e-22,-5.52189e-19,-2.5369792e-17,-1.5647031e-23,-2.2651924e-17
fillBlanksOption_0006,individual,0.0,-0.4148475,0.78148437,-0.3933693,0.052952807,-0.013684643,-0.42655346,0.08618732,0.04417396,-3.6113906e-22,1.0599523e-15,8.4137165e-23,1.00435126e-22,-5.52189e-19,-2.5369792e-17,-1.5647031e-23,-2.2651924e-17
resolutionMethod_0004,individual,0.0,-0.4148475,0.78148437,-0.3933693,0.052952807,-0.013684643,-0.42655346,0.08618732,0.04417396,-3.6113906e-22,1.0599523e-15,8.4137165e-23,1.00435126e-22,-5.52189e-19,-2.5369792e-17,-1.5647031e-23,-2.2651924e-17
achievements_0002,individual,0.015466347266071337,0.3225147,1.0001903,0.9609831,-0.06485811,-0.039176058,1.1836207,-0.4092785,0.10053887,6.6060964e-22,1.1958679e-15,-1.234773e-22,-2.8596594e-22,-2.2430918e-19,-2.9604784e-17,-7.182364e-24,-2.558677e-17
mastermind_0004,individual,0.0,-0.4148475,0.78148437,-0.3933693,0.052952807,-0.013684643,-0.42655346,0.08618732,0.04417396,-3.6113906e-22,1.0599523e-15,8.4137165e-23,1.00435126e-22,-5.52189e-19,-2.5369792e-17,-1.5647031e-23,-2.2651924e-17
metric_0013,individual,0.004729453145240241,-0.1819951,0.76279557,-0.4130576,0.05067856,-0.0107752085,-0.45361155,0.023436371,-0.06575888,-3.3845834e-22,1.0572804e-15,7.951204e-23,9.250629e-23,-5.4234185e-19,-2.5393196e-17,-1.5299743e-23,-2.2574541e-17
metric_0035,individual,0.0,-0.4148475,0.78148437,-0.3933693,0.052952807,-0.013684643,-0.42655346,0.08618732,0.04417396,-3.6113906e-22,1.0599523e-15,8.4137165e-23,1.00435126e-22,-5.52189e-19,-2.5369792e-17,-1.5647031e-23,-2.2651924e-17
rightColumn_0004,individual,0.0,-0.4148475,0.78148437,-0.3933693,0.052952807,-0.013684643,-0.42655346,0.08618732,0.04417396,-3.6113906e-22,1.0599523e-15,8.4137165e-23,1.00435126e-22,-5.52189e-19,-2.5369792e-17,-1.5647031e-23,-2.2651924e-17
behaviouralKnowledge_0006,individual,0.019025659414943642,0.5207247,0.7059299,-0.47372144,0.04382887,-0.0021073262,-0.5366685,-0.16874488,-0.38931993,-2.7062397e-22,1.05709e-15,6.627306e-23,6.8966316e-23,-5.1695903e-19,-2.54035e-17,-1.4440181e-23,-2.2632318e-17
domainModel_0003,individual,0.0,-0.4148475,0.78148437,-0.3933693,0.052952807,-0.013684643,-0.42655346,0.08618732,0.04417396,-3.6113906e-22,1.0599523e-15,8.4137165e-23,1.00435126e-22,-5.52189e-19,-2.5369792e-17,-1.5647031e-23,-2.2651924e-17
knowledgeUnit_0016,individual,0.0,-0.4148475,0.78148437,-0.3933693,0.052952807,-0.013684643,-0.42655346,0.08618732,0.04417396,-3.6113906e-22,1.0599523e-15,8.4137165e-23,1.00435126e-22,-5.52189e-19,-2.5369792e-17,-1.5647031e-23,-2.2651924e-17
status_0001,individual,0.0,-0.4148475,0.78148437,-0.3933693,0.052952807,-0.013684643,-0.42655346,0.08618732,0.04417396,-3.6113906e-22,1.0599523e-15,8.4137165e-23,1.00435126e-22,-5.52189e-19,-2.5369792e-17,-1.5647031e-23,-2.2651924e-17
multipleChoiceProblem_0008,individual,0.0,-0.4148475,0.78148437,-0.3933693,0.052952807,-0.013684643,-0.42655346,0.08618732,0.04417396,-3.6113906e-22,1.0599523e-15,8.4137165e-23,1.00435126e-22,-5.52189e-19,-2.5369792e-17,-1.5647031e-23,-2.2651924e-17
fillBlanksOption_0007,individual,0.0,-0.4148475,0.78148437,-0.3933693,0.052952807,-0.013684643,-0.42655346,0.08618732,0.04417396,-3.6113906e-22,1.0599523e-15,8.4137165e-23,1.00435126e-22,-5.52189e-19,-2.5369792e-17,-1.5647031e-23,-2.2651924e-17
problemNext_0011,individual,0.013379416523989657,0.2524866,0.73141456,-0.4404397,0.046332013,-0.0045031253,-0.4936059,-0.0725992,-0.33241007,-2.9153792e-22,1.0549536e-15,6.548771e-23,7.479932e-23,-5.2378255e-19,-2.5283068e-17,-1.3237635e-23,-2.2597411e-17
issue,datatype_property,0.0,-0.7087522,-2.070484,-0.15536167,-0.5699244,4.143098,-0.121833265,-0.041745704,-0.015220543,2.4078843e-20,1.1883218e-15,5.935199e-21,-1.147999e-20,8.568661e-18,-4.8734348e-17,-4.4092168e-21,-2.6229793e-17
question_0002,individual,0.0,-0.4148475,0.78148437,-0.3933693,0.052952807,-0.013684643,-0.42655346,0.08618732,0.04417396,-3.6113906e-22,1.0599523e-15,8.4137165e-23,1.00435126e-22,-5.52189e-19,-2.5369792e-17,-1.5647031e-23,-2.2651924e-17
categoryParticipation_0001,individual,0.09254624511821252,4.2639685,0.4555911,-0.6559725,0.005790742,0.056766927,-0.82104385,-0.87537485,-3.0395563,1.6000246e-22,9.96005e-16,-8.549421e-23,-1.00292973e-22,-3.2946878e-19,-2.4518025e-17,1.143712e-23,-2.0973692e-17
yeeAdvancement_0003,individual,0.0,-0.4148475,0.78148437,-0.3933693,0.052952807,-0.013684643,-0.42655346,0.08618732,0.04417396,-3.6113906e-22,1.0599523e-15,8.4137165e-23,1.00435126e-22,-5.52189e-19,-2.5369792e-17,-1.5647031e-23,-2.2651924e-17
metric_0057,individual,0.004578449246292296,-0.18782346,0.7639149,-0.4108186,0.050716255,-0.010690606,-0.45097548,0.0289368,-0.07449225,-3.3816733e-22,1.0568467e-15,7.862087e-23,9.2161086e-23,-5.4191833e-19,-2.5379643e-17,-1.5044467e-23,-2.2560989e-17
winStates_0004,individual,0.0,-0.4148475,0.78148437,-0.3933693,0.052952807,-0.013684643,-0.42655346,0.08618732,0.04417396,-3.6113906e-22,1.0599523e-15,8.4137165e-23,1.00435126e-22,-5.52189e-19,-2.5369792e-17,-1.5647031e-23,-2.2651924e-17
exercise_0005,individual,0.0,-0.4148475,0.78148437,-0.3933693,0.052952807,-0.013684643,-0.42655346,0.08618732,0.04417396,-3.6113906e-22,1.0599523e-15,8.4137165e-23,1.00435126e-22,-5.52189e-19,-2.5369792e-17,-1.5647031e-23,-2.2651924e-17
trueOrFalseProblem_0003,individual,0.0,-0.4148475,0.78148437,-0.3933693,0.052952807,-0.013684643,-0.42655346,0.08618732,0.04417396,-3.6113906e-22,1.0599523e-15,8.4137165e-23,1.00435126e-22,-5.52189e-19,-2.5369792e-17,-1.5647031e-23,-2.2651924e-17
sequencing_0001,individual,0.0,-0.4148475,0.78148437,-0.3933693,0.052952807,-0.013684643,-0.42655346,0.08618732,0.04417396,-3.6113906e-22,1.0599523e-15,8.4137165e-23,1.00435126e-22,-5.52189e-19,-2.5369792e-17,-1.5647031e-23,-2.2651924e-17
designPractice_0010,individual,0.01933293408258917,0.5068552,1.0548668,1.299571,-0.09431083,-0.045548905,1.5861641,-0.5331449,0.11463007,9.159435e-22,1.2322084e-15,-1.7538092e-22,-3.8251451e-22,-1.4275227e-19,-3.047414e-17,-4.962806e-24,-2.6283333e-17
depth_0003,individual,0.0,-0.4148475,0.78148437,-0.3933693,0.052952807,-0.013684643,-0.42655346,0.08618732,0.04417396,-3.6113906e-22,1.0599523e-15,8.4137165e-23,1.00435126e-22,-5.52189e-19,-2.5369792e-17,-1.5647031e-23,-2.2651924e-17
uRIType_0003,individual,0.0,-0.4148475,0.78148437,-0.3933693,0.052952807,-0.013684643,-0.42655346,0.08618732,0.04417396,-3.6113906e-22,1.0599523e-15,8.4137165e-23,1.00435126e-22,-5.52189e-19,-2.5369792e-17,-1.5647031e-23,-2.2651924e-17
conceptualKnowledge_0002,individual,0.0,-0.4148475,0.78148437,-0.3933693,0.052952807,-0.013684643,-0.42655346,0.08618732,0.04417396,-3.6113906e-22,1.0599523e-15,8.4137165e-23,1.00435126e-22,-5.52189e-19,-2.5369792e-17,-1.5647031e-23,-2.2651924e-17
resourceWeight_0009,individual,0.0,-0.4148475,0.78148437,-0.3933693,0.052952807,-0.013684643,-0.42655346,0.08618732,0.04417396,-3.6113906e-22,1.0599523e-15,8.4137165e-23,1.00435126e-22,-5.52189e-19,-2.5369792e-17,-1.5647031e-23,-2.2651924e-17
catalogue_0004,individual,0.0,-0.4148475,0.78148437,-0.3933693,0.052952807,-0.013684643,-0.42655346,0.08618732,0.04417396,-3.6113906e-22,1.0599523e-15,8.4137165e-23,1.00435126e-22,-5.52189e-19,-2.5369792e-17,-1.5647031e-23,-2.2651924e-17
combat_0005,individual,0.0,-0.4148475,0.78148437,-0.3933693,0.052952807,-0.013684643,-0.42655346,0.08618732,0.04417396,-3.6113906e-22,1.0599523e-15,8.4137165e-23,1.00435126e-22,-5.52189e-19,-2.5369792e-17,-1.5647031e-23,-2.2651924e-17
instrutionalPlan_0008,individual,0.0038665868165178342,-0.23050696,0.83616084,-0.054781213,0.023500085,-0.020057498,-0.024009971,-0.037679132,0.058265176,-1.0580528e-22,1.095878e-15,3.2233563e-23,3.679768e-24,-4.6928526e-19,-2.6612923e-17,-1.3427467e-23,-2.3367364e-17
errorMisconception_0004,individual,0.0,-0.4148475,0.78148437,-0.3933693,0.052952807,-0.013684643,-0.42655346,0.08618732,0.04417396,-3.6113906e-22,1.0599523e-15,8.4137165e-23,1.00435126e-22,-5.52189e-19,-2.5369792e-17,-1.5647031e-23,-2.2651924e-17
tactic_0010,individual,0.036691790710046926,1.3780931,0.99166775,1.243933,-0.10301863,-0.03303774,1.5051466,-0.7273626,-0.41526422,1.0096707e-21,1.2163168e-15,-2.0308179e-22,-4.1779374e-22,-1.0209293e-19,-3.0350914e-17,-9.382144e-25,-2.5946695e-17
pedagogicalUnit_0008,individual,0.0,-0.4148475,0.78148437,-0.3933693,0.052952807,-0.013684643,-0.42655346,0.08618732,0.04417396,-3.6113906e-22,1.0599523e-15,8.4137165e-23,1.00435126e-22,-5.52189e-19,-2.5369792e-17,-1.5647031e-23,-2.2651924e-17
targetBehavior_0021,individual,0.015466347266071337,0.3225147,1.0001903,0.9609831,-0.06485811,-0.039176058,1.1836207,-0.4092785,0.10053887,6.6060964e-22,1.1958679e-15,-1.234773e-22,-2.8596594e-22,-2.2430918e-19,-2.9604784e-17,-7.182364e-24,-2.558677e-17
badges_0005,individual,0.027066107715624843,0.87553626,1.1642196,1.9767472,-0.15321627,-0.058294613,2.3912508,-0.7808779,0.1428126,1.4268178e-21,1.2910116e-15,-2.7918815e-22,-5.758185e-22,2.0785033e-20,-3.2483902e-17,-9.372677e-25,-2.756804e-17
achiever_0003,individual,0.0,-0.4148475,0.78148437,-0.3933693,0.052952807,-0.013684643,-0.42655346,0.08618732,0.04417396,-3.6113906e-22,1.0599523e-15,8.4137165e-23,1.00435126e-22,-5.52189e-19,-2.5369792e-17,-1.5647031e-23,-2.2651924e-17
discursiveProblem_0003,individual,0.0,-0.4148475,0.78148437,-0.3933693,0.052952807,-0.013684643,-0.42655346,0.08618732,0.04417396,-3.6113906e-22,1.0599523e-15,8.4137165e-23,1.00435126e-22,-5.52189e-19,-2.5369792e-17,-1.5647031e-23,-2.2651924e-17
behaviouralKnowledge_0013,individual,0.0,-0.4148475,0.78148437,-0.3933693,0.052952807,-0.013684643,-0.42655346,0.08618732,0.04417396,-3.6113906e-22,1.0599523e-15,8.4137165e-23,1.00435126e-22,-5.52189e-19,-2.5369792e-17,-1.5647031e-23,-2.2651924e-17
hint_0005,individual,0.0,-0.4148475,0.78148437,-0.3933693,0.052952807,-0.013684643,-0.42655346,0.08618732,0.04417396,-3.6113906e-22,1.0599523e-15,8.4137165e-23,1.00435126e-22,-5.52189e-19,-2.5369792e-17,-1.5647031e-23,-2.2651924e-17
option_0004,individual,0.0,-0.4148475,0.78148437,-0.3933693,0.052952807,-0.013684643,-0.42655346,0.08618732,0.04417396,-3.6113906e-22,1.0599523e-15,8.4137165e-23,1.00435126e-22,-5.52189e-19,-2.5369792e-17,-1.5647031e-23,-2.2651924e-17
problemUnit_0009,individual,0.011599760449553503,0.13817412,0.94551384,0.6223949,-0.035405386,-0.032803208,0.781077,-0.28541204,0.08644765,4.050691e-22,1.159037e-15,-7.1573684e-23,-1.8941739e-22,-3.065186e-19,-2.8589887e-17,-9.401928e-24,-2.4833578e-17
problemUnit_0013,individual,0.015466347266071337,0.3225147,1.0001903,0.9609831,-0.06485811,-0.039176058,1.1836207,-0.4092785,0.10053887,6.6060964e-22,1.1958679e-15,-1.234773e-22,-2.8596594e-22,-2.2430918e-19,-2.9604784e-17,-7.182364e-24,-2.558677e-17
metric_0043,individual,0.005063812374563481,-0.1690897,0.760317,-0.4180152,0.050595082,-0.0109625375,-0.45944852,0.0112570925,-0.04642104,-3.391027e-22,1.0590151e-15,8.148528e-23,9.3270654e-23,-5.429771e-19,-2.54203e-17,-1.5864977e-23,-2.2601646e-17
Content_Unlocking,class,0.0038665868165178342,-0.31459847,-2.1649776,1.0210418,2.6394498,-0.5289352,-0.23932739,0.15903121,0.07079996,-3.6368324e-21,2.0395677e-15,2.6132264e-20,-1.7152014e-21,-1.9973326e-18,-4.3960156e-17,-1.0230349e-20,-4.244932e-17
matchColumnOption_0005,individual,0.0,-0.4148475,0.78148437,-0.3933693,0.052952807,-0.013684643,-0.42655346,0.08618732,0.04417396,-3.6113906e-22,1.0599523e-15,8.4137165e-23,1.00435126e-22,-5.52189e-19,-2.5369792e-17,-1.5647031e-23,-2.2651924e-17
metric_0034,individual,0.008623001670253747,0.018593557,0.7503032,-0.42035165,0.048612997,-0.007397447,-0.46607715,-0.008866147,-0.22403665,-3.141667e-22,1.0584045e-15,6.995375e-23,8.266652e-23,-5.3399865e-19,-2.5304434e-17,-1.3539346e-23,-2.2424223e-17
tactic_0002,individual,0.056671379604802875,2.3712711,0.89566565,1.1058012,-0.117806114,-0.016720174,1.3306544,-0.9680981,-0.3532123,1.083836e-21,1.2134676e-15,-2.8798393e-22,-4.299156e-22,-7.6303896e-20,-3.0378307e-17,2.95108e-23,-2.6103698e-17
UniversalGenericOperator,class,0.0038665868165178342,-0.31459847,-2.1649776,1.0210418,2.6394498,-0.5289352,-0.23932739,0.15903121,0.07079996,-3.6368324e-21,2.0395677e-15,2.6132264e-20,-1.7152014e-21,-1.9973326e-18,-4.3960156e-17,-1.0230349e-20,-4.244932e-17
resource_0001,individual,0.016899435364835187,0.2877347,0.67258245,-0.5935046,0.0476402,-0.017593605,-0.6660648,-0.41986412,0.63809806,-3.6191159e-22,1.1062863e-15,1.51334e-22,1.2032759e-22,-5.6944685e-19,-2.6518056e-17,-3.5873197e-23,-2.3584205e-17
competence_0005,individual,0.0,-0.4148475,0.78148437,-0.3933693,0.052952807,-0.013684643,-0.42655346,0.08618732,0.04417396,-3.6113906e-22,1.0599523e-15,8.4137165e-23,1.00435126e-22,-5.52189e-19,-2.5369792e-17,-1.5647031e-23,-2.2651924e-17
progressiveLoop_0005,individual,0.0,-0.4148475,0.78148437,-0.3933693,0.052952807,-0.013684643,-0.42655346,0.08618732,0.04417396,-3.6113906e-22,1.0599523e-15,8.4137165e-23,1.00435126e-22,-5.52189e-19,-2.5369792e-17,-1.5647031e-23,-2.2651924e-17
fillBlanksProblem_0009,individual,0.0,-0.4148475,0.78148437,-0.3933693,0.052952807,-0.013684643,-0.42655346,0.08618732,0.04417396,-3.6113906e-22,1.0599523e-15,8.4137165e-23,1.00435126e-22,-5.52189e-19,-2.5369792e-17,-1.5647031e-23,-2.2651924e-17
yeeAdvancement_0001,individual,0.0,-0.4148475,0.78148437,-0.3933693,0.052952807,-0.013684643,-0.42655346,0.08618732,0.04417396,-3.6113906e-22,1.0599523e-15,8.4137165e-23,1.00435126e-22,-5.52189e-19,-2.5369792e-17,-1.5647031e-23,-2.2651924e-17
universalGenericOperator_0003,individual,0.0,-0.4148475,0.78148437,-0.3933693,0.052952807,-0.013684643,-0.42655346,0.08618732,0.04417396,-3.6113906e-22,1.0599523e-15,8.4137165e-23,1.00435126e-22,-5.52189e-19,-2.5369792e-17,-1.5647031e-23,-2.2651924e-17
methodStep_0002,individual,0.0,-0.4148475,0.78148437,-0.3933693,0.052952807,-0.013684643,-0.42655346,0.08618732,0.04417396,-3.6113906e-22,1.0599523e-15,8.4137165e-23,1.00435126e-22,-5.52189e-19,-2.5369792e-17,-1.5647031e-23,-2.2651924e-17
conceptualKnowledge_0001,individual,0.0,-0.4148475,0.78148437,-0.3933693,0.052952807,-0.013684643,-0.42655346,0.08618732,0.04417396,-3.6113906e-22,1.0599523e-15,8.4137165e-23,1.00435126e-22,-5.52189e-19,-2.5369792e-17,-1.5647031e-23,-2.2651924e-17
progressiveLoop_0004,individual,0.0,-0.4148475,0.78148437,-0.3933693,0.052952807,-0.013684643,-0.42655346,0.08618732,0.04417396,-3.6113906e-22,1.0599523e-15,8.4137165e-23,1.00435126e-22,-5.52189e-19,-2.5369792e-17,-1.5647031e-23,-2.2651924e-17
crowdsourcing,individual,0.0,-0.4148475,0.78148437,-0.3933693,0.052952807,-0.013684643,-0.42655346,0.08618732,0.04417396,-3.6113906e-22,1.0599523e-15,8.4137165e-23,1.00435126e-22,-5.52189e-19,-2.5369792e-17,-1.5647031e-23,-2.2651924e-17
depth_0001,individual,0.0,-0.4148475,0.78148437,-0.3933693,0.052952807,-0.013684643,-0.42655346,0.08618732,0.04417396,-3.6113906e-22,1.0599523e-15,8.4137165e-23,1.00435126e-22,-5.52189e-19,-2.5369792e-17,-1.5647031e-23,-2.2651924e-17
resource_0004,individual,0.009512829707471823,0.052938614,0.7437071,-0.43354532,0.048390843,-0.007895985,-0.481611,-0.041278787,-0.17257299,-3.1588151e-22,1.0619553e-15,7.520514e-23,8.470072e-23,-5.359839e-19,-2.5387444e-17,-1.5043609e-23,-2.2497915e-17
matchColumnOption_0003,individual,0.0,-0.4148475,0.78148437,-0.3933693,0.052952807,-0.013684643,-0.42655346,0.08618732,0.04417396,-3.6113906e-22,1.0599523e-15,8.4137165e-23,1.00435126e-22,-5.52189e-19,-2.5369792e-17,-1.5647031e-23,-2.2651924e-17
hint_0003,individual,0.0,-0.4148475,0.78148437,-0.3933693,0.052952807,-0.013684643,-0.42655346,0.08618732,0.04417396,-3.6113906e-22,1.0599523e-15,8.4137165e-23,1.00435126e-22,-5.52189e-19,-2.5369792e-17,-1.5647031e-23,-2.2651924e-17
strategy_0019,individual,0.01933293408258917,0.5068552,1.0548668,1.299571,-0.09431083,-0.045548905,1.5861641,-0.5331449,0.11463007,9.159435e-22,1.2322084e-15,-1.7538092e-22,-3.8251451e-22,-1.4275227e-19,-3.047414e-17,-4.962806e-24,-2.6283333e-17
content_0009,individual,0.0,-0.4148475,0.78148437,-0.3933693,0.052952807,-0.013684643,-0.42655346,0.08618732,0.04417396,-3.6113906e-22,1.0599523e-15,8.4137165e-23,1.00435126e-22,-5.52189e-19,-2.5369792e-17,-1.5647031e-23,-2.2651924e-17
activity_0020,individual,0.0,-0.4148475,0.78148437,-0.3933693,0.052952807,-0.013684643,-0.42655346,0.08618732,0.04417396,-3.6113906e-22,1.0599523e-15,8.4137165e-23,1.00435126e-22,-5.52189e-19,-2.5369792e-17,-1.5647031e-23,-2.2651924e-17
yeeCustomization_0003,individual,0.0,-0.4148475,0.78148437,-0.3933693,0.052952807,-0.013684643,-0.42655346,0.08618732,0.04417396,-3.6113906e-22,1.0599523e-15,8.4137165e-23,1.00435126e-22,-5.52189e-19,-2.5369792e-17,-1.5647031e-23,-2.2651924e-17
sDTCompetence_0001,individual,0.008343341429985206,0.0077993893,0.75237626,-0.41620505,0.048682816,-0.0072407634,-0.46119505,0.0013206888,-0.24021094,-3.1362775e-22,1.0572932e-15,6.8303326e-23,8.20272e-23,-5.333766e-19,-2.5279023e-17,-1.30665784e-23,-2.240093e-17
selfDeterminationTheory_0002,individual,0.015466347266071337,0.3225147,1.0001903,0.9609831,-0.06485811,-0.039176058,1.1836207,-0.4092785,0.10053887,6.6060964e-22,1.1958679e-15,-1.234773e-22,-2.8596594e-22,-2.2430918e-19,-2.9604784e-17,-7.182364e-24,-2.558677e-17
option_0001,individual,0.0,-0.4148475,0.78148437,-0.3933693,0.052952807,-0.013684643,-0.42655346,0.08618732,0.04417396,-3.6113906e-22,1.0599523e-15,8.4137165e-23,1.00435126e-22,-5.52189e-19,-2.5369792e-17,-1.5647031e-23,-2.2651924e-17
activity_0011,individual,0.0,-0.4148475,0.78148437,-0.3933693,0.052952807,-0.013684643,-0.42655346,0.08618732,0.04417396,-3.6113906e-22,1.0599523e-15,8.4137165e-23,1.00435126e-22,-5.52189e-19,-2.5369792e-17,-1.5647031e-23,-2.2651924e-17
rightColumn_0010,individual,0.0,-0.4148475,0.78148437,-0.3933693,0.052952807,-0.013684643,-0.42655346,0.08618732,0.04417396,-3.6113906e-22,1.0599523e-15,8.4137165e-23,1.00435126e-22,-5.52189e-19,-2.5369792e-17,-1.5647031e-23,-2.2651924e-17
yeeDiscovery_0001,individual,0.0,-0.4148475,0.78148437,-0.3933693,0.052952807,-0.013684643,-0.42655346,0.08618732,0.04417396,-3.6113906e-22,1.0599523e-15,8.4137165e-23,1.00435126e-22,-5.52189e-19,-2.5369792e-17,-1.5647031e-23,-2.2651924e-17
question_0004,individual,0.0,-0.4148475,0.78148437,-0.3933693,0.052952807,-0.013684643,-0.42655346,0.08618732,0.04417396,-3.6113906e-22,1.0599523e-15,8.4137165e-23,1.00435126e-22,-5.52189e-19,-2.5369792e-17,-1.5647031e-23,-2.2651924e-17
badges_0002,individual,0.030932694532142674,1.0598769,1.2188962,2.3153353,-0.18266898,-0.06466748,2.7937942,-0.9047444,0.15690376,1.6821515e-21,1.3109669e-15,-3.310918e-22,-6.723671e-22,1.02300115e-19,-3.3568723e-17,1.2822966e-24,-2.8358984e-17
domain_0004,individual,0.009156898492584593,0.039200585,0.7463455,-0.42826787,0.048479702,-0.0076965694,-0.47539747,-0.028313732,-0.19315846,-3.1519557e-22,1.0605458e-15,7.310457e-23,8.3887046e-23,-5.351898e-19,-2.535441e-17,-1.4441904e-23,-2.2468269e-17
selfDeterminationTheory_0004,individual,0.01933293408258917,0.5068552,1.0548668,1.299571,-0.09431083,-0.045548905,1.5861641,-0.5331449,0.11463007,9.159435e-22,1.2322084e-15,-1.7538092e-22,-3.8251451e-22,-1.4275227e-19,-3.047414e-17,-4.962806e-24,-2.6283333e-17
gamifiedITS_0005,individual,0.0038665868165178342,-0.23050696,0.83616084,-0.054781213,0.023500085,-0.020057498,-0.024009971,-0.037679132,0.058265176,-1.0580528e-22,1.095878e-15,3.2233563e-23,3.679768e-24,-4.6928526e-19,-2.6612923e-17,-1.3427467e-23,-2.3367364e-17
evaluationResource_0002,individual,0.0,-0.4148475,0.78148437,-0.3933693,0.052952807,-0.013684643,-0.42655346,0.08618732,0.04417396,-3.6113906e-22,1.0599523e-15,8.4137165e-23,1.00435126e-22,-5.52189e-19,-2.5369792e-17,-1.5647031e-23,-2.2651924e-17
exercise_0018,individual,0.0,-0.4148475,0.78148437,-0.3933693,0.052952807,-0.013684643,-0.42655346,0.08618732,0.04417396,-3.6113906e-22,1.0599523e-15,8.4137165e-23,1.00435126e-22,-5.52189e-19,-2.5369792e-17,-1.5647031e-23,-2.2651924e-17
domain_0007,individual,0.018313796985169183,0.4932486,0.71120673,-0.46316648,0.044006597,-0.0017084957,-0.5242414,-0.14281479,-0.43049085,-2.692521e-22,1.0544879e-15,6.2071956e-23,6.733895e-23,-5.1526497e-19,-2.5322186e-17,-1.3236777e-23,-2.2578108e-17
instrutionalPlan_0005,individual,0.0077331736330356685,-0.0461664,0.8908374,0.28380683,-0.0059526362,-0.026430352,0.37853348,-0.16154559,0.07235639,1.4973529e-22,1.1242427e-15,-1.9670064e-23,-9.286881e-23,-3.8632374e-19,-2.7607517e-17,-1.1207902e-23,-2.4084831e-17
seeker_0002,individual,0.0,-0.4148475,0.78148437,-0.3933693,0.052952807,-0.013684643,-0.42655346,0.08618732,0.04417396,-3.6113906e-22,1.0599523e-15,8.4137165e-23,1.00435126e-22,-5.52189e-19,-2.5369792e-17,-1.5647031e-23,-2.2651924e-17
resourceUnit_0004,individual,0.04278725073062263,1.6636698,0.9628532,1.2039906,-0.1056339,-0.030893628,1.4542419,-0.83987135,-0.44619343,1.029719e-21,1.2050092e-15,-1.9964535e-22,-4.225998e-22,-9.6116474e-20,-3.0525555e-17,-2.9001682e-24,-2.5995155e-17
fillBlanksOption_0010,individual,0.0,-0.4148475,0.78148437,-0.3933693,0.052952807,-0.013684643,-0.42655346,0.08618732,0.04417396,-3.6113906e-22,1.0599523e-15,8.4137165e-23,1.00435126e-22,-5.52189e-19,-2.5369792e-17,-1.5647031e-23,-2.2651924e-17
gamifiedITS_0006,individual,0.011599760449553503,0.13817412,0.94551384,0.6223949,-0.035405386,-0.032803208,0.781077,-0.28541204,0.08644765,4.050691e-22,1.159037e-15,-7.1573684e-23,-1.8941739e-22,-3.065186e-19,-2.8589887e-17,-9.401928e-24,-2.4833578e-17
catalogue_0005,individual,0.0,-0.4148475,0.78148437,-0.3933693,0.052952807,-0.013684643,-0.42655346,0.08618732,0.04417396,-3.6113906e-22,1.0599523e-15,8.4137165e-23,1.00435126e-22,-5.52189e-19,-2.5369792e-17,-1.5647031e-23,-2.2651924e-17
userAccount_0009,individual,0.0,-0.4148475,0.78148437,-0.3933693,0.052952807,-0.013684643,-0.42655346,0.08618732,0.04417396,-3.6113906e-22,1.0599523e-15,8.4137165e-23,1.00435126e-22,-5.52189e-19,-2.5369792e-17,-1.5647031e-23,-2.2651924e-17
trueOrFalseProblem_0005,individual,0.0,-0.4148475,0.78148437,-0.3933693,0.052952807,-0.013684643,-0.42655346,0.08618732,0.04417396,-3.6113906e-22,1.0599523e-15,8.4137165e-23,1.00435126e-22,-5.52189e-19,-2.5369792e-17,-1.5647031e-23,-2.2651924e-17
question_0006,individual,0.0,-0.4148475,0.78148437,-0.3933693,0.052952807,-0.013684643,-0.42655346,0.08618732,0.04417396,-3.6113906e-22,1.0599523e-15,8.4137165e-23,1.00435126e-22,-5.52189e-19,-2.5369792e-17,-1.5647031e-23,-2.2651924e-17
multipleChoiceProblem_0005,individual,0.0,-0.4148475,0.78148437,-0.3933693,0.052952807,-0.013684643,-0.42655346,0.08618732,0.04417396,-3.6113906e-22,1.0599523e-15,8.4137165e-23,1.00435126e-22,-5.52189e-19,-2.5369792e-17,-1.5647031e-23,-2.2651924e-17
sDTAutonomy_0005,individual,0.004222518031405065,-0.20156148,0.76655334,-0.40554115,0.050805118,-0.0104911905,-0.4447619,0.041901857,-0.095077716,-3.374814e-22,1.0555457e-15,7.652033e-23,9.134741e-23,-5.4128306e-19,-2.5338986e-17,-1.4442762e-23,-2.2533884e-17
concept_0008,individual,0.0,-0.4148475,0.78148437,-0.3933693,0.052952807,-0.013684643,-0.42655346,0.08618732,0.04417396,-3.6113906e-22,1.0599523e-15,8.4137165e-23,1.00435126e-22,-5.52189e-19,-2.5369792e-17,-1.5647031e-23,-2.2651924e-17
rightColumn_0006,individual,0.0,-0.4148475,0.78148437,-0.3933693,0.052952807,-0.013684643,-0.42655346,0.08618732,0.04417396,-3.6113906e-22,1.0599523e-15,8.4137165e-23,1.00435126e-22,-5.52189e-19,-2.5369792e-17,-1.5647031e-23,-2.2651924e-17
levels_0004,individual,0.03479928134866051,1.2442174,1.2735726,2.6539233,-0.2121217,-0.07104033,3.1963377,-1.028611,0.17099503,1.9376922e-21,1.3446863e-15,-3.8299538e-22,-7.689156e-22,1.8759231e-19,-3.4525093e-17,3.0882705e-24,-2.903667e-17
metric_0022,individual,0.013632884080907244,0.26226974,0.72953564,-0.44419792,0.04626873,-0.004645134,-0.49803072,-0.08183193,-0.31775066,-2.9202639e-22,1.055821e-15,6.698357e-23,7.537876e-23,-5.2441783e-19,-2.5310173e-17,-1.3666125e-23,-2.2610964e-17
isChildOf_Strategy,object_property,0.0134560243972562,0.0056753685,-1.9799185,2.2521605,-2.5357616,-1.1781763,-1.0253717,-0.13232169,-0.036617856,-5.8979024e-21,2.435367e-16,-3.028166e-20,6.325772e-21,-2.4789464e-18,-3.2737641e-18,1.26613136e-20,-6.551219e-18
socializer_0002,individual,0.0,-0.4148475,0.78148437,-0.3933693,0.052952807,-0.013684643,-0.42655346,0.08618732,0.04417396,-3.6113906e-22,1.0599523e-15,8.4137165e-23,1.00435126e-22,-5.52189e-19,-2.5369792e-17,-1.5647031e-23,-2.2651924e-17
problemUnit_0020,individual,0.015466347266071337,0.3225147,1.0001903,0.9609831,-0.06485811,-0.039176058,1.1836207,-0.4092785,0.10053887,6.6060964e-22,1.1958679e-15,-1.234773e-22,-2.8596594e-22,-2.2430918e-19,-2.9604784e-17,-7.182364e-24,-2.558677e-17
turns_0005,individual,0.0,-0.4148475,0.78148437,-0.3933693,0.052952807,-0.013684643,-0.42655346,0.08618732,0.04417396,-3.6113906e-22,1.0599523e-15,8.4137165e-23,1.00435126e-22,-5.52189e-19,-2.5369792e-17,-1.5647031e-23,-2.2651924e-17
chances_0004,individual,0.0,-0.4148475,0.78148437,-0.3933693,0.052952807,-0.013684643,-0.42655346,0.08618732,0.04417396,-3.6113906e-22,1.0599523e-15,8.4137165e-23,1.00435126e-22,-5.52189e-19,-2.5369792e-17,-1.5647031e-23,-2.2651924e-17
conceptualKnowledge_0010,individual,0.0,-0.4148475,0.78148437,-0.3933693,0.052952807,-0.013684643,-0.42655346,0.08618732,0.04417396,-3.6113906e-22,1.0599523e-15,8.4137165e-23,1.00435126e-22,-5.52189e-19,-2.5369792e-17,-1.5647031e-23,-2.2651924e-17
isDescribedByModel,object_property,0.012311622879327964,-0.03849557,-1.9714353,2.2691288,-2.5354757,-1.177535,-1.0053936,-0.09063603,-0.1028049,-5.8956967e-21,2.387662e-16,-3.0288417e-20,6.3231556e-21,-2.4764053e-18,-3.1788965e-18,1.2663248e-20,-6.4563515e-18
isComposedBy,object_property,0.01933293408258917,0.28750202,-1.7898364,3.302342,-2.6215975,-1.1996477,0.22665846,-0.40498486,0.05813497,-5.1524604e-21,3.6484668e-16,-3.0437784e-20,6.041991e-21,-2.240006e-18,-5.9711703e-18,1.2668064e-20,-9.152939e-18
exercise_0004,individual,0.0,-0.4148475,0.78148437,-0.3933693,0.052952807,-0.013684643,-0.42655346,0.08618732,0.04417396,-3.6113906e-22,1.0599523e-15,8.4137165e-23,1.00435126e-22,-5.52189e-19,-2.5369792e-17,-1.5647031e-23,-2.2651924e-17
pedagogicalModel_0004,individual,0.0,-0.4148475,0.78148437,-0.3933693,0.052952807,-0.013684643,-0.42655346,0.08618732,0.04417396,-3.6113906e-22,1.0599523e-15,8.4137165e-23,1.00435126e-22,-5.52189e-19,-2.5369792e-17,-1.5647031e-23,-2.2651924e-17
methodStep_0010,individual,0.0,-0.4148475,0.78148437,-0.3933693,0.052952807,-0.013684643,-0.42655346,0.08618732,0.04417396,-3.6113906e-22,1.0599523e-15,8.4137165e-23,1.00435126e-22,-5.52189e-19,-2.5369792e-17,-1.5647031e-23,-2.2651924e-17
errorBug_0004,individual,0.0,-0.4148475,0.78148437,-0.3933693,0.052952807,-0.013684643,-0.42655346,0.08618732,0.04417396,-3.6113906e-22,1.0599523e-15,8.4137165e-23,1.00435126e-22,-5.52189e-19,-2.5369792e-17,-1.5647031e-23,-2.2651924e-17
instrutionalPlan_0002,individual,0.011599760449553503,0.13817412,0.94551384,0.6223949,-0.035405386,-0.032803208,0.781077,-0.28541204,0.08644765,4.050691e-22,1.159037e-15,-7.1573684e-23,-1.8941739e-22,-3.065186e-19,-2.8589887e-17,-9.401928e-24,-2.4833578e-17
knowledgeUnit_0009,individual,0.0,-0.4148475,0.78148437,-0.3933693,0.052952807,-0.013684643,-0.42655346,0.08618732,0.04417396,-3.6113906e-22,1.0599523e-15,8.4137165e-23,1.00435126e-22,-5.52189e-19,-2.5369792e-17,-1.5647031e-23,-2.2651924e-17
problemNext_0018,individual,0.008978932885140976,0.032331575,0.74766475,-0.4256291,0.048524134,-0.007596862,-0.4722907,-0.021831201,-0.20345119,-3.1485261e-22,1.059814e-15,7.2054315e-23,8.348021e-23,-5.3479274e-19,-2.5337469e-17,-1.4141051e-23,-2.2453445e-17
categoryExploration_0001,individual,0.038906897059513855,1.5396278,0.6404027,-0.51632303,0.03339782,0.014549824,-0.60621476,-0.3453193,-1.1567942,-1.4996266e-22,1.0289666e-15,2.0921866e-23,2.0712755e-23,-4.62929e-19,-2.4713061e-17,-6.337235e-24,-2.1989357e-17
content_0007,individual,0.0,-0.4148475,0.78148437,-0.3933693,0.052952807,-0.013684643,-0.42655346,0.08618732,0.04417396,-3.6113906e-22,1.0599523e-15,8.4137165e-23,1.00435126e-22,-5.52189e-19,-2.5369792e-17,-1.5647031e-23,-2.2651924e-17
competence_0015,individual,0.0,-0.4148475,0.78148437,-0.3933693,0.052952807,-0.013684643,-0.42655346,0.08618732,0.04417396,-3.6113906e-22,1.0599523e-15,8.4137165e-23,1.00435126e-22,-5.52189e-19,-2.5369792e-17,-1.5647031e-23,-2.2651924e-17
problem_0001,individual,0.0,-0.4148475,0.78148437,-0.3933693,0.052952807,-0.013684643,-0.42655346,0.08618732,0.04417396,-3.6113906e-22,1.0599523e-15,8.4137165e-23,1.00435126e-22,-5.52189e-19,-2.5369792e-17,-1.5647031e-23,-2.2651924e-17
gamificationModel_0003,individual,0.0,-0.4148475,0.78148437,-0.3933693,0.052952807,-0.013684643,-0.42655346,0.08618732,0.04417396,-3.6113906e-22,1.0599523e-15,8.4137165e-23,1.00435126e-22,-5.52189e-19,-2.5369792e-17,-1.5647031e-23,-2.2651924e-17
pedagogicalModel_0005,individual,0.0,-0.4148475,0.78148437,-0.3933693,0.052952807,-0.013684643,-0.42655346,0.08618732,0.04417396,-3.6113906e-22,1.0599523e-15,8.4137165e-23,1.00435126e-22,-5.52189e-19,-2.5369792e-17,-1.5647031e-23,-2.2651924e-17
form_0002,individual,0.0,-0.4148475,0.78148437,-0.3933693,0.052952807,-0.013684643,-0.42655346,0.08618732,0.04417396,-3.6113906e-22,1.0599523e-15,8.4137165e-23,1.00435126e-22,-5.52189e-19,-2.5369792e-17,-1.5647031e-23,-2.2651924e-17
multipleChoiceProblem_0003,individual,0.0,-0.4148475,0.78148437,-0.3933693,0.052952807,-0.013684643,-0.42655346,0.08618732,0.04417396,-3.6113906e-22,1.0599523e-15,8.4137165e-23,1.00435126e-22,-5.52189e-19,-2.5369792e-17,-1.5647031e-23,-2.2651924e-17
trueOrFalseProblem_0002,individual,0.0,-0.4148475,0.78148437,-0.3933693,0.052952807,-0.013684643,-0.42655346,0.08618732,0.04417396,-3.6113906e-22,1.0599523e-15,8.4137165e-23,1.00435126e-22,-5.52189e-19,-2.5369792e-17,-1.5647031e-23,-2.2651924e-17
userAccount_0007,individual,0.0,-0.4148475,0.78148437,-0.3933693,0.052952807,-0.013684643,-0.42655346,0.08618732,0.04417396,-3.6113906e-22,1.0599523e-15,8.4137165e-23,1.00435126e-22,-5.52189e-19,-2.5369792e-17,-1.5647031e-23,-2.2651924e-17
problem_0013,individual,0.0,-0.4148475,0.78148437,-0.3933693,0.052952807,-0.013684643,-0.42655346,0.08618732,0.04417396,-3.6113906e-22,1.0599523e-15,8.4137165e-23,1.00435126e-22,-5.52189e-19,-2.5369792e-17,-1.5647031e-23,-2.2651924e-17
strategy_0016,individual,0.01963801798106394,0.53383815,0.9856363,0.9495651,-0.066993095,-0.035954118,1.1662999,-0.45171183,-0.041653562,6.8436523e-22,1.1923097e-15,-1.3139424e-22,-2.9516992e-22,-2.1432656e-19,-2.9417044e-17,-5.8921473e-24,-2.5443076e-17
matchColumnProblem_0010,individual,0.0,-0.4148475,0.78148437,-0.3933693,0.052952807,-0.013684643,-0.42655346,0.08618732,0.04417396,-3.6113906e-22,1.0599523e-15,8.4137165e-23,1.00435126e-22,-5.52189e-19,-2.5369792e-17,-1.5647031e-23,-2.2651924e-17
resourceUnit_0017,individual,0.0077331736330356685,-0.0461664,0.8908374,0.28380683,-0.0059526362,-0.026430352,0.37853348,-0.16154559,0.07235639,1.4973529e-22,1.1242427e-15,-1.9670064e-23,-9.286881e-23,-3.8632374e-19,-2.7607517e-17,-1.1207902e-23,-2.4084831e-17
comment_0001,individual,0.0,-0.4148475,0.78148437,-0.3933693,0.052952807,-0.013684643,-0.42655346,0.08618732,0.04417396,-3.6113906e-22,1.0599523e-15,8.4137165e-23,1.00435126e-22,-5.52189e-19,-2.5369792e-17,-1.5647031e-23,-2.2651924e-17
writingEvaluation_0002,individual,0.0,-0.4148475,0.78148437,-0.3933693,0.052952807,-0.013684643,-0.42655346,0.08618732,0.04417396,-3.6113906e-22,1.0599523e-15,8.4137165e-23,1.00435126e-22,-5.52189e-19,-2.5369792e-17,-1.5647031e-23,-2.2651924e-17
multipleChoiceOption_0020,individual,0.0,-0.4148475,0.78148437,-0.3933693,0.052952807,-0.013684643,-0.42655346,0.08618732,0.04417396,-3.6113906e-22,1.0599523e-15,8.4137165e-23,1.00435126e-22,-5.52189e-19,-2.5369792e-17,-1.5647031e-23,-2.2651924e-17
yeeImmersionComponent_0002,individual,0.015466347266071337,0.3225147,1.0001903,0.9609831,-0.06485811,-0.039176058,1.1836207,-0.4092785,0.10053887,6.6060964e-22,1.1958679e-15,-1.234773e-22,-2.8596594e-22,-2.2430918e-19,-2.9604784e-17,-7.182364e-24,-2.558677e-17
Gamification_Context,class,0.027452141317202878,0.88584155,-2.2705925,0.8815801,2.621039,-0.5063703,-0.41931972,-0.06391465,-0.02783044,-3.5335007e-21,2.0301813e-15,2.6009807e-20,-1.7382142e-21,-1.9558264e-18,-4.3836933e-17,-1.01878545e-20,-4.2194e-17
conceptualKnowledge_0004,individual,0.0,-0.4148475,0.78148437,-0.3933693,0.052952807,-0.013684643,-0.42655346,0.08618732,0.04417396,-3.6113906e-22,1.0599523e-15,8.4137165e-23,1.00435126e-22,-5.52189e-19,-2.5369792e-17,-1.5647031e-23,-2.2651924e-17
GDE_Mechanic,class,0.02319425402935737,0.72149813,-2.2390296,0.9447128,2.622102,-0.50398475,-0.3449891,0.091182016,-0.27408746,-3.525295e-21,2.012834e-15,2.5984679e-20,-1.747948e-21,-1.9460855e-18,-4.3457462e-17,-1.0180656e-20,-4.1841634e-17
instrutionalPlan_0012,individual,0.0077331736330356685,-0.0461664,0.8908374,0.28380683,-0.0059526362,-0.026430352,0.37853348,-0.16154559,0.07235639,1.4973529e-22,1.1242427e-15,-1.9670064e-23,-9.286881e-23,-3.8632374e-19,-2.7607517e-17,-1.1207902e-23,-2.4084831e-17
transactions_0003,individual,0.0,-0.4148475,0.78148437,-0.3933693,0.052952807,-0.013684643,-0.42655346,0.08618732,0.04417396,-3.6113906e-22,1.0599523e-15,8.4137165e-23,1.00435126e-22,-5.52189e-19,-2.5369792e-17,-1.5647031e-23,-2.2651924e-17
targetBehavior_0033,individual,0.015466347266071337,0.3225147,1.0001903,0.9609831,-0.06485811,-0.039176058,1.1836207,-0.4092785,0.10053887,6.6060964e-22,1.1958679e-15,-1.234773e-22,-2.8596594e-22,-2.2430918e-19,-2.9604784e-17,-7.182364e-24,-2.558677e-17
instrutionalPlan_0020,individual,0.0077331736330356685,-0.0461664,0.8908374,0.28380683,-0.0059526362,-0.026430352,0.37853348,-0.16154559,0.07235639,1.4973529e-22,1.1242427e-15,-1.9670064e-23,-9.286881e-23,-3.8632374e-19,-2.7607517e-17,-1.1207902e-23,-2.4084831e-17
engagementLoop_0010,individual,0.2411276638647409,17.781322,0.48652384,1.2445482,-0.8190959,1.0557907,1.3340424,10.634401,1.0357405,3.7222186e-21,-7.75537e-17,-9.9397585e-21,-9.488382e-22,1.3736414e-18,-7.504894e-19,3.560004e-21,1.6922229e-18
GamificationModel,class,0.013735347738876889,0.16692561,-2.2053933,0.9755882,2.6347992,-0.523346,-0.3005985,0.018600069,-0.12536153,-3.5922612e-21,2.0623944e-15,2.6125432e-20,-1.7301222e-21,-1.9849144e-18,-4.3524768e-17,-1.0230348e-20,-4.1923313e-17
CurriculumUnit,class,0.014803141383538578,0.20813967,-2.2133086,0.9597558,2.6345327,-0.52394426,-0.31923914,-0.0202951,-0.06360517,-3.5943187e-21,2.0667312e-15,2.6131734e-20,-1.727681e-21,-1.9872437e-18,-4.363319e-17,-1.0232153e-20,-4.200463e-17
problemUnit_0004,individual,0.0077331736330356685,-0.0461664,0.8908374,0.28380683,-0.0059526362,-0.026430352,0.37853348,-0.16154559,0.07235639,1.4973529e-22,1.1242427e-15,-1.9670064e-23,-9.286881e-23,-3.8632374e-19,-2.7607517e-17,-1.1207902e-23,-2.4084831e-17
course_0008,individual,0.011599760449553503,0.13817412,0.94551384,0.6223949,-0.035405386,-0.032803208,0.781077,-0.28541204,0.08644765,4.050691e-22,1.159037e-15,-7.1573684e-23,-1.8941739e-22,-3.065186e-19,-2.8589887e-17,-9.401928e-24,-2.4833578e-17
problemBasedEvaluation_0002,individual,0.0,-0.4148475,0.78148437,-0.3933693,0.052952807,-0.013684643,-0.42655346,0.08618732,0.04417396,-3.6113906e-22,1.0599523e-15,8.4137165e-23,1.00435126e-22,-5.52189e-19,-2.5369792e-17,-1.5647031e-23,-2.2651924e-17
resource_0008,individual,0.036914547648091676,1.1105739,0.54058486,-0.8398368,0.041549735,-0.023248168,-0.959967,-1.0394064,1.4122188,-3.6868844e-22,1.1714055e-15,2.3691823e-22,1.4734268e-22,-5.9704966e-19,-2.7930236e-17,-6.1366436e-23,-2.476881e-17
targetBehavior_0001,individual,0.015466347266071337,0.3225147,1.0001903,0.9609831,-0.06485811,-0.039176058,1.1836207,-0.4092785,0.10053887,6.6060964e-22,1.1958679e-15,-1.234773e-22,-2.8596594e-22,-2.2430918e-19,-2.9604784e-17,-7.182364e-24,-2.558677e-17
motivation_0001,individual,0.08024964033751221,3.5378127,0.46489522,-0.72582996,0.014328203,0.035860397,-0.8839037,-0.9750762,-1.833421,2.4724497e-23,1.0388168e-15,4.6181937e-24,-3.4700483e-23,-3.9770391e-19,-2.5550812e-17,-9.4877185e-24,-2.2020812e-17
conqueror_0004,individual,0.0,-0.4148475,0.78148437,-0.3933693,0.052952807,-0.013684643,-0.42655346,0.08618732,0.04417396,-3.6113906e-22,1.0599523e-15,8.4137165e-23,1.00435126e-22,-5.52189e-19,-2.5369792e-17,-1.5647031e-23,-2.2651924e-17
problemUnit_0005,individual,0.015466347266071337,0.3225147,1.0001903,0.9609831,-0.06485811,-0.039176058,1.1836207,-0.4092785,0.10053887,6.6060964e-22,1.1958679e-15,-1.234773e-22,-2.8596594e-22,-2.2430918e-19,-2.9604784e-17,-7.182364e-24,-2.558677e-17
resolution_0011,individual,0.0,-0.4148475,0.78148437,-0.3933693,0.052952807,-0.013684643,-0.42655346,0.08618732,0.04417396,-3.6113906e-22,1.0599523e-15,8.4137165e-23,1.00435126e-22,-5.52189e-19,-2.5369792e-17,-1.5647031e-23,-2.2651924e-17
cKCurriculumInformation_0003,individual,0.0,-0.4148475,0.78148437,-0.3933693,0.052952807,-0.013684643,-0.42655346,0.08618732,0.04417396,-3.6113906e-22,1.0599523e-15,8.4137165e-23,1.00435126e-22,-5.52189e-19,-2.5369792e-17,-1.5647031e-23,-2.2651924e-17
playerAction_0004,individual,0.011599760449553503,0.13817412,0.94551384,0.6223949,-0.035405386,-0.032803208,0.781077,-0.28541204,0.08644765,4.050691e-22,1.159037e-15,-7.1573684e-23,-1.8941739e-22,-3.065186e-19,-2.8589887e-17,-9.401928e-24,-2.4833578e-17
resolution_0005,individual,0.0,-0.4148475,0.78148437,-0.3933693,0.052952807,-0.013684643,-0.42655346,0.08618732,0.04417396,-3.6113906e-22,1.0599523e-15,8.4137165e-23,1.00435126e-22,-5.52189e-19,-2.5369792e-17,-1.5647031e-23,-2.2651924e-17
relationships_0001,individual,0.0077331736330356685,-0.0461664,0.8908374,0.28380683,-0.0059526362,-0.026430352,0.37853348,-0.16154559,0.07235639,1.4973529e-22,1.1242427e-15,-1.9670064e-23,-9.286881e-23,-3.8632374e-19,-2.7607517e-17,-1.1207902e-23,-2.4084831e-17
player_0020,individual,0.023199520899107005,0.6911958,1.1095432,1.6381593,-0.123763554,-0.05192176,1.9887077,-0.6570115,0.12872137,1.1714839e-21,1.2555196e-15,-2.2728453e-22,-4.792699e-22,-5.87306e-20,-3.1484718e-17,-3.156832e-24,-2.696102e-17
TrueOrFalseProblem,class,0.0038665868165178342,-0.31459847,-2.1649776,1.0210418,2.6394498,-0.5289352,-0.23932739,0.15903121,0.07079996,-3.6368324e-21,2.0395677e-15,2.6132264e-20,-1.7152014e-21,-1.9973326e-18,-4.3960156e-17,-1.0230349e-20,-4.244932e-17
mtcu:CKCurriculumInformation,resource,0.0,-0.56079817,-2.261879,-2.4014323,-0.74481595,-1.0661644,1.7214217,0.25325593,-0.023364043,-5.807104e-21,1.3036809e-15,-1.10624025e-20,3.9297756e-21,-2.7485456e-18,-2.8188717e-17,4.9303697e-21,-2.9130032e-17
resourceAcquisition_0002,individual,0.0,-0.4148475,0.78148437,-0.3933693,0.052952807,-0.013684643,-0.42655346,0.08618732,0.04417396,-3.6113906e-22,1.0599523e-15,8.4137165e-23,1.00435126e-22,-5.52189e-19,-2.5369792e-17,-1.5647031e-23,-2.2651924e-17
problemNext_0009,individual,0.013094671552079874,0.24149616,0.7335253,-0.43621773,0.0464031,-0.004343593,-0.48863506,-0.062227152,-0.34887844,-2.9098918e-22,1.0536526e-15,6.380727e-23,7.4148375e-23,-5.2335903e-19,-2.5255963e-17,-1.2756272e-23,-2.2570306e-17
gDEComponent_0001,individual,0.03655952299319372,2.353891,0.96633327,0.9927907,-0.16413982,0.1239623,1.1986016,1.5225123,0.17620912,1.0137048e-21,9.665166e-16,-1.5906978e-21,-3.528352e-22,-1.4001505e-20,-2.4496221e-17,5.3130133e-22,-2.0850944e-17
behaviouralKnowledge_0018,individual,0.01409127895376412,0.2799626,0.7261377,-0.45099464,0.046154287,-0.004901956,-0.50603294,-0.09852931,-0.29123914,-2.9290978e-22,1.0575557e-15,6.968882e-23,7.642668e-23,-5.254766e-19,-2.5350831e-17,-1.4441046e-23,-2.2651621e-17
constraints_0001,individual,0.0077331736330356685,-0.0461664,0.8908374,0.28380683,-0.0059526362,-0.026430352,0.37853348,-0.16154559,0.07235639,1.4973529e-22,1.1242427e-15,-1.9670064e-23,-9.286881e-23,-3.8632374e-19,-2.7607517e-17,-1.1207902e-23,-2.4084831e-17
theme_0005,individual,0.01933293408258917,0.5068552,1.0548668,1.299571,-0.09431083,-0.045548905,1.5861641,-0.5331449,0.11463007,9.159435e-22,1.2322084e-15,-1.7538092e-22,-3.8251451e-22,-1.4275227e-19,-3.047414e-17,-4.962806e-24,-2.6283333e-17
option_0005,individual,0.0,-0.4148475,0.78148437,-0.3933693,0.052952807,-0.013684643,-0.42655346,0.08618732,0.04417396,-3.6113906e-22,1.0599523e-15,8.4137165e-23,1.00435126e-22,-5.52189e-19,-2.5369792e-17,-1.5647031e-23,-2.2651924e-17
rightColumn_0008,individual,0.0,-0.4148475,0.78148437,-0.3933693,0.052952807,-0.013684643,-0.42655346,0.08618732,0.04417396,-3.6113906e-22,1.0599523e-15,8.4137165e-23,1.00435126e-22,-5.52189e-19,-2.5369792e-17,-1.5647031e-23,-2.2651924e-17
instrutionalPlan_0016,individual,0.0038665868165178342,-0.23050696,0.83616084,-0.054781213,0.023500085,-0.020057498,-0.024009971,-0.037679132,0.058265176,-1.0580528e-22,1.095878e-15,3.2233563e-23,3.679768e-24,-4.6928526e-19,-2.6612923e-17,-1.3427467e-23,-2.3367364e-17
progressiveLoop_0009,individual,0.0,-0.4148475,0.78148437,-0.3933693,0.052952807,-0.013684643,-0.42655346,0.08618732,0.04417396,-3.6113906e-22,1.0599523e-15,8.4137165e-23,1.00435126e-22,-5.52189e-19,-2.5369792e-17,-1.5647031e-23,-2.2651924e-17
multipleChoiceOption_0006,individual,0.0,-0.4148475,0.78148437,-0.3933693,0.052952807,-0.013684643,-0.42655346,0.08618732,0.04417396,-3.6113906e-22,1.0599523e-15,8.4137165e-23,1.00435126e-22,-5.52189e-19,-2.5369792e-17,-1.5647031e-23,-2.2651924e-17
Constraints,class,0.0038665868165178342,-0.31459847,-2.1649776,1.0210418,2.6394498,-0.5289352,-0.23932739,0.15903121,0.07079996,-3.6368324e-21,2.0395677e-15,2.6132264e-20,-1.7152014e-21,-1.9973326e-18,-4.3960156e-17,-1.0230349e-20,-4.244932e-17
brainHex_0005,individual,0.0,-0.4148475,0.78148437,-0.3933693,0.052952807,-0.013684643,-0.42655346,0.08618732,0.04417396,-3.6113906e-22,1.0599523e-15,8.4137165e-23,1.00435126e-22,-5.52189e-19,-2.5369792e-17,-1.5647031e-23,-2.2651924e-17
statement_0006,individual,0.0,-0.4148475,0.78148437,-0.3933693,0.052952807,-0.013684643,-0.42655346,0.08618732,0.04417396,-3.6113906e-22,1.0599523e-15,8.4137165e-23,1.00435126e-22,-5.52189e-19,-2.5369792e-17,-1.5647031e-23,-2.2651924e-17
resourceUnit_0009,individual,0.037137669526705844,1.3953029,0.98836255,1.2373219,-0.103129946,-0.033287548,1.4973629,-0.743604,-0.3894766,1.0088114e-21,1.2163168e-15,-2.004504e-22,-4.1677443e-22,-1.0209293e-19,-3.0405124e-17,-1.6919741e-24,-2.6000906e-17
diagnosis_0004,individual,0.0,-0.4148475,0.78148437,-0.3933693,0.052952807,-0.013684643,-0.42655346,0.08618732,0.04417396,-3.6113906e-22,1.0599523e-15,8.4137165e-23,1.00435126e-22,-5.52189e-19,-2.5369792e-17,-1.5647031e-23,-2.2651924e-17
combat_0001,individual,0.0,-0.4148475,0.78148437,-0.3933693,0.052952807,-0.013684643,-0.42655346,0.08618732,0.04417396,-3.6113906e-22,1.0599523e-15,8.4137165e-23,1.00435126e-22,-5.52189e-19,-2.5369792e-17,-1.5647031e-23,-2.2651924e-17
matchColumnProblem_0006,individual,0.0,-0.4148475,0.78148437,-0.3933693,0.052952807,-0.013684643,-0.42655346,0.08618732,0.04417396,-3.6113906e-22,1.0599523e-15,8.4137165e-23,1.00435126e-22,-5.52189e-19,-2.5369792e-17,-1.5647031e-23,-2.2651924e-17
resourceWeight_0002,individual,0.0,-0.4148475,0.78148437,-0.3933693,0.052952807,-0.013684643,-0.42655346,0.08618732,0.04417396,-3.6113906e-22,1.0599523e-15,8.4137165e-23,1.00435126e-22,-5.52189e-19,-2.5369792e-17,-1.5647031e-23,-2.2651924e-17
isTiedTo,object_property,0.011599760449553503,-0.08117907,-1.8991895,2.6251662,-2.562692,-1.1869019,-0.5784283,-0.15725197,0.029952545,-5.6635417e-21,2.916752e-16,-3.033894e-20,6.233847e-21,-2.4071603e-18,-3.9784956e-18,1.2664452e-20,-7.269503e-18
uRIResource_0007,individual,0.0,-0.4148475,0.78148437,-0.3933693,0.052952807,-0.013684643,-0.42655346,0.08618732,0.04417396,-3.6113906e-22,1.0599523e-15,8.4137165e-23,1.00435126e-22,-5.52189e-19,-2.5369792e-17,-1.5647031e-23,-2.2651924e-17
targetBehavior_0004,individual,0.011904844348028272,0.16515702,0.8762833,0.27238894,-0.008087647,-0.023208411,0.36121264,-0.2039789,-0.06983605,1.7349095e-22,1.1252099e-15,-2.7586996e-23,-1.02072764e-22,-3.7830464e-19,-2.7532788e-17,-9.917679e-24,-2.3993322e-17
resource_0006,individual,0.03101704962190026,0.9332536,0.60067105,-0.70195687,0.041928604,-0.014384849,-0.8015088,-0.7150628,0.6876712,-3.255281e-22,1.1252099e-15,1.6957739e-22,1.1512e-22,-5.631696e-19,-2.6922924e-17,-4.3054198e-23,-2.4047532e-17
sDTRelatedness_0004,individual,0.004222518031405065,-0.20156148,0.76655334,-0.40554115,0.050805118,-0.0104911905,-0.4447619,0.041901857,-0.095077716,-3.374814e-22,1.0555457e-15,7.652033e-23,9.134741e-23,-5.4128306e-19,-2.5338986e-17,-1.4442762e-23,-2.2533884e-17
errorBug_0001,individual,0.0,-0.4148475,0.78148437,-0.3933693,0.052952807,-0.013684643,-0.42655346,0.08618732,0.04417396,-3.6113906e-22,1.0599523e-15,8.4137165e-23,1.00435126e-22,-5.52189e-19,-2.5369792e-17,-1.5647031e-23,-2.2651924e-17
playerAction_0014,individual,0.01761185748182722,0.6465583,0.7631106,-0.17981195,-0.008187045,0.022941878,-0.17604011,0.23144166,0.706899,-2.8484145e-23,1.0660752e-15,-3.5753436e-22,9.8014295e-24,-4.343399e-19,-2.58279e-17,1.3500046e-22,-2.2746942e-17
superKC,datatype_property,0.0,-0.7087522,-2.070484,-0.15536167,-0.5699244,4.143098,-0.121833265,-0.041745704,-0.015220543,2.4078843e-20,1.1883218e-15,5.935199e-21,-1.147999e-20,8.568661e-18,-4.8734348e-17,-4.4092168e-21,-2.6229793e-17
trueOrFalseOption_0004,individual,0.0,-0.4148475,0.78148437,-0.3933693,0.052952807,-0.013684643,-0.42655346,0.08618732,0.04417396,-3.6113906e-22,1.0599523e-15,8.4137165e-23,1.00435126e-22,-5.52189e-19,-2.5369792e-17,-1.5647031e-23,-2.2651924e-17
multipleChoiceOption_0019,individual,0.0,-0.4148475,0.78148437,-0.3933693,0.052952807,-0.013684643,-0.42655346,0.08618732,0.04417396,-3.6113906e-22,1.0599523e-15,8.4137165e-23,1.00435126e-22,-5.52189e-19,-2.5369792e-17,-1.5647031e-23,-2.2651924e-17
brainHex_0009,individual,0.0,-0.4148475,0.78148437,-0.3933693,0.052952807,-0.013684643,-0.42655346,0.08618732,0.04417396,-3.6113906e-22,1.0599523e-15,8.4137165e-23,1.00435126e-22,-5.52189e-19,-2.5369792e-17,-1.5647031e-23,-2.2651924e-17
sequencing_0009,individual,0.0,-0.4148475,0.78148437,-0.3933693,0.052952807,-0.013684643,-0.42655346,0.08618732,0.04417396,-3.6113906e-22,1.0599523e-15,8.4137165e-23,1.00435126e-22,-5.52189e-19,-2.5369792e-17,-1.5647031e-23,-2.2651924e-17
resourceUnit_0014,individual,0.011599760449553503,0.13817412,0.94551384,0.6223949,-0.035405386,-0.032803208,0.781077,-0.28541204,0.08644765,4.050691e-22,1.159037e-15,-7.1573684e-23,-1.8941739e-22,-3.065186e-19,-2.8589887e-17,-9.401928e-24,-2.4833578e-17
designPractice_0008,individual,0.01933293408258917,0.5068552,1.0548668,1.299571,-0.09431083,-0.045548905,1.5861641,-0.5331449,0.11463007,9.159435e-22,1.2322084e-15,-1.7538092e-22,-3.8251451e-22,-1.4275227e-19,-3.047414e-17,-4.962806e-24,-2.6283333e-17
motivationalAffordance_0003,individual,0.012697903284960139,0.12556644,0.70372736,-0.53120756,0.048689157,-0.015239641,-0.592718,-0.26682025,0.3951004,-3.5381467e-22,1.0893728e-15,1.265384e-22,1.1072265e-22,-5.601295e-19,-2.6125032e-17,-2.877047e-23,-2.3231839e-17
increaseHappiness,individual,0.0,-0.4148475,0.78148437,-0.3933693,0.052952807,-0.013684643,-0.42655346,0.08618732,0.04417396,-3.6113906e-22,1.0599523e-15,8.4137165e-23,1.00435126e-22,-5.52189e-19,-2.5369792e-17,-1.5647031e-23,-2.2651924e-17
categoryCompetition_0002,individual,0.008275545008101926,0.005182626,0.7528788,-0.41519982,0.04869974,-0.0072027794,-0.46001154,0.0037902135,-0.24413197,-3.1349709e-22,1.0570222e-15,6.7903216e-23,8.187222e-23,-5.33231e-19,-2.5272247e-17,-1.29519664e-23,-2.2395424e-17
resource_0016,individual,0.026959314905869867,0.8269433,0.64711964,-0.5913555,0.041848157,-0.006552264,-0.67516756,-0.45773408,0.06952695,-2.8591323e-22,1.0891824e-15,1.1309407e-22,8.7103124e-23,-5.343232e-19,-2.6135337e-17,-2.785209e-23,-2.328284e-17
playerAction_0020,individual,0.029040304912407416,2.92041,0.9192712,0.61117923,-0.2296289,0.27671582,0.7574278,3.7777689,2.359737,9.03759e-22,7.7086065e-16,-3.0477177e-21,-2.1388127e-22,1.1589524e-20,-2.0118015e-17,1.1045447e-21,-1.6858942e-17
metric_0050,individual,0.0,-0.4148475,0.78148437,-0.3933693,0.052952807,-0.013684643,-0.42655346,0.08618732,0.04417396,-3.6113906e-22,1.0599523e-15,8.4137165e-23,1.00435126e-22,-5.52189e-19,-2.5369792e-17,-1.5647031e-23,-2.2651924e-17
Yee_Escapism,class,0.0038665868165178342,-0.31459847,-2.1649776,1.0210418,2.6394498,-0.5289352,-0.23932739,0.15903121,0.07079996,-3.6368324e-21,2.0395677e-15,2.6132264e-20,-1.7152014e-21,-1.9973326e-18,-4.3960156e-17,-1.0230349e-20,-4.244932e-17
yeeAchievementComponent_0003,individual,0.015466347266071337,0.3225147,1.0001903,0.9609831,-0.06485811,-0.039176058,1.1836207,-0.4092785,0.10053887,6.6060964e-22,1.1958679e-15,-1.234773e-22,-2.8596594e-22,-2.2430918e-19,-2.9604784e-17,-7.182364e-24,-2.558677e-17
activity_0007,individual,0.0,-0.4148475,0.78148437,-0.3933693,0.052952807,-0.013684643,-0.42655346,0.08618732,0.04417396,-3.6113906e-22,1.0599523e-15,8.4137165e-23,1.00435126e-22,-5.52189e-19,-2.5369792e-17,-1.5647031e-23,-2.2651924e-17
content_0004,individual,0.0,-0.4148475,0.78148437,-0.3933693,0.052952807,-0.013684643,-0.42655346,0.08618732,0.04417396,-3.6113906e-22,1.0599523e-15,8.4137165e-23,1.00435126e-22,-5.52189e-19,-2.5369792e-17,-1.5647031e-23,-2.2651924e-17
comment_0004,individual,0.0,-0.4148475,0.78148437,-0.3933693,0.052952807,-0.013684643,-0.42655346,0.08618732,0.04417396,-3.6113906e-22,1.0599523e-15,8.4137165e-23,1.00435126e-22,-5.52189e-19,-2.5369792e-17,-1.5647031e-23,-2.2651924e-17
meututor_domain.owl,resource,0.004758645549519755,-0.32681912,-2.2807841,-2.4215534,-0.74709743,-1.0632712,1.6938539,0.1894416,-0.13160853,-5.7844793e-21,1.2866976e-15,-1.1066855e-20,3.9219133e-21,-2.7422981e-18,-2.842896e-17,4.9306673e-21,-2.883581e-17
timeConstraints_0002,individual,0.0,-0.4148475,0.78148437,-0.3933693,0.052952807,-0.013684643,-0.42655346,0.08618732,0.04417396,-3.6113906e-22,1.0599523e-15,8.4137165e-23,1.00435126e-22,-5.52189e-19,-2.5369792e-17,-1.5647031e-23,-2.2651924e-17
domainModel_0002,individual,0.0,-0.4148475,0.78148437,-0.3933693,0.052952807,-0.013684643,-0.42655346,0.08618732,0.04417396,-3.6113906e-22,1.0599523e-15,8.4137165e-23,1.00435126e-22,-5.52189e-19,-2.5369792e-17,-1.5647031e-23,-2.2651924e-17
resourceWeight_0004,individual,0.0,-0.4148475,0.78148437,-0.3933693,0.052952807,-0.013684643,-0.42655346,0.08618732,0.04417396,-3.6113906e-22,1.0599523e-15,8.4137165e-23,1.00435126e-22,-5.52189e-19,-2.5369792e-17,-1.5647031e-23,-2.2651924e-17
quests_0005,individual,0.0038665868165178342,-0.23050696,0.83616084,-0.054781213,0.023500085,-0.020057498,-0.024009971,-0.037679132,0.058265176,-1.0580528e-22,1.095878e-15,3.2233563e-23,3.679768e-24,-4.6928526e-19,-2.6612923e-17,-1.3427467e-23,-2.3367364e-17
playerAction_0010,individual,0.020548694254115533,1.2634962,0.76254046,-0.17518404,-0.05509564,0.09803646,-0.17219752,1.2469405,1.2798775,8.8281904e-23,9.707739e-16,-1.0853978e-21,5.3628752e-24,-3.5835842e-19,-2.37298e-17,4.0768304e-22,-2.0797073e-17
designPractice_0006,individual,0.015466347266071337,0.3225147,1.0001903,0.9609831,-0.06485811,-0.039176058,1.1836207,-0.4092785,0.10053887,6.6060964e-22,1.1958679e-15,-1.234773e-22,-2.8596594e-22,-2.2430918e-19,-2.9604784e-17,-7.182364e-24,-2.558677e-17
status_0005,individual,0.0,-0.4148475,0.78148437,-0.3933693,0.052952807,-0.013684643,-0.42655346,0.08618732,0.04417396,-3.6113906e-22,1.0599523e-15,8.4137165e-23,1.00435126e-22,-5.52189e-19,-2.5369792e-17,-1.5647031e-23,-2.2651924e-17
gameContext_0001,individual,0.0,-0.4148475,0.78148437,-0.3933693,0.052952807,-0.013684643,-0.42655346,0.08618732,0.04417396,-3.6113906e-22,1.0599523e-15,8.4137165e-23,1.00435126e-22,-5.52189e-19,-2.5369792e-17,-1.5647031e-23,-2.2651924e-17
studentModel_0010,individual,0.0038665868165178342,-0.23050696,0.83616084,-0.054781213,0.023500085,-0.020057498,-0.024009971,-0.037679132,0.058265176,-1.0580528e-22,1.095878e-15,3.2233563e-23,3.679768e-24,-4.6928526e-19,-2.6612923e-17,-1.3427467e-23,-2.3367364e-17
its_domain.owl,resource,0.025939123784222178,0.6661939,-2.021097,-0.75600696,-0.89482236,-1.0961707,3.674318,-0.49718878,0.04570128,-4.511578e-21,1.4983808e-15,-1.1316297e-20,3.4431874e-21,-2.3380963e-18,-3.349049e-17,4.9382283e-21,-3.2300715e-17
yeeSocializing_0003,individual,0.0,-0.4148475,0.78148437,-0.3933693,0.052952807,-0.013684643,-0.42655346,0.08618732,0.04417396,-3.6113906e-22,1.0599523e-15,8.4137165e-23,1.00435126e-22,-5.52189e-19,-2.5369792e-17,-1.5647031e-23,-2.2651924e-17
Survivor,class,0.0038665868165178342,-0.31459847,-2.1649776,1.0210418,2.6394498,-0.5289352,-0.23932739,0.15903121,0.07079996,-3.6368324e-21,2.0395677e-15,2.6132264e-20,-1.7152014e-21,-1.9973326e-18,-4.3960156e-17,-1.0230349e-20,-4.244932e-17
isAccomplishedWith,object_property,0.011599760449553503,-0.08117907,-1.8991895,2.6251662,-2.562692,-1.1869019,-0.5784283,-0.15725197,0.029952545,-5.6635417e-21,2.916752e-16,-3.033894e-20,6.233847e-21,-2.4071603e-18,-3.9784956e-18,1.2664452e-20,-7.269503e-18
curriculum_0006,individual,0.0,-0.4148475,0.78148437,-0.3933693,0.052952807,-0.013684643,-0.42655346,0.08618732,0.04417396,-3.6113906e-22,1.0599523e-15,8.4137165e-23,1.00435126e-22,-5.52189e-19,-2.5369792e-17,-1.5647031e-23,-2.2651924e-17
problemUnit_0019,individual,0.015466347266071337,0.3225147,1.0001903,0.9609831,-0.06485811,-0.039176058,1.1836207,-0.4092785,0.10053887,6.6060964e-22,1.1958679e-15,-1.234773e-22,-2.8596594e-22,-2.2430918e-19,-2.9604784e-17,-7.182364e-24,-2.558677e-17
problemNext_0017,individual,0.004934380461179526,-0.17408544,0.7612765,-0.4160961,0.050627396,-0.010890021,-0.45718902,0.015971746,-0.053906802,-3.3885327e-22,1.0581478e-15,8.0721435e-23,9.2974774e-23,-5.4276536e-19,-2.5406748e-17,-1.5646173e-23,-2.259487e-17
combat_0003,individual,0.0,-0.4148475,0.78148437,-0.3933693,0.052952807,-0.013684643,-0.42655346,0.08618732,0.04417396,-3.6113906e-22,1.0599523e-15,8.4137165e-23,1.00435126e-22,-5.52189e-19,-2.5369792e-17,-1.5647031e-23,-2.2651924e-17
domainModel_0006,individual,0.0,-0.4148475,0.78148437,-0.3933693,0.052952807,-0.013684643,-0.42655346,0.08618732,0.04417396,-3.6113906e-22,1.0599523e-15,8.4137165e-23,1.00435126e-22,-5.52189e-19,-2.5369792e-17,-1.5647031e-23,-2.2651924e-17
statement_0014,individual,0.0,-0.4148475,0.78148437,-0.3933693,0.052952807,-0.013684643,-0.42655346,0.08618732,0.04417396,-3.6113906e-22,1.0599523e-15,8.4137165e-23,1.00435126e-22,-5.52189e-19,-2.5369792e-17,-1.5647031e-23,-2.2651924e-17
discursiveProblem_0004,individual,0.0,-0.4148475,0.78148437,-0.3933693,0.052952807,-0.013684643,-0.42655346,0.08618732,0.04417396,-3.6113906e-22,1.0599523e-15,8.4137165e-23,1.00435126e-22,-5.52189e-19,-2.5369792e-17,-1.5647031e-23,-2.2651924e-17
content_0010,individual,0.0,-0.4148475,0.78148437,-0.3933693,0.052952807,-0.013684643,-0.42655346,0.08618732,0.04417396,-3.6113906e-22,1.0599523e-15,8.4137165e-23,1.00435126e-22,-5.52189e-19,-2.5369792e-17,-1.5647031e-23,-2.2651924e-17
cKCurriculumInformation_0010,individual,0.0,-0.4148475,0.78148437,-0.3933693,0.052952807,-0.013684643,-0.42655346,0.08618732,0.04417396,-3.6113906e-22,1.0599523e-15,8.4137165e-23,1.00435126e-22,-5.52189e-19,-2.5369792e-17,-1.5647031e-23,-2.2651924e-17
timeConstraints_0001,individual,0.0,-0.4148475,0.78148437,-0.3933693,0.052952807,-0.013684643,-0.42655346,0.08618732,0.04417396,-3.6113906e-22,1.0599523e-15,8.4137165e-23,1.00435126e-22,-5.52189e-19,-2.5369792e-17,-1.5647031e-23,-2.2651924e-17
leftColumn_0002,individual,0.0,-0.4148475,0.78148437,-0.3933693,0.052952807,-0.013684643,-0.42655346,0.08618732,0.04417396,-3.6113906e-22,1.0599523e-15,8.4137165e-23,1.00435126e-22,-5.52189e-19,-2.5369792e-17,-1.5647031e-23,-2.2651924e-17
fillBlanksProblem_0007,individual,0.0,-0.4148475,0.78148437,-0.3933693,0.052952807,-0.013684643,-0.42655346,0.08618732,0.04417396,-3.6113906e-22,1.0599523e-15,8.4137165e-23,1.00435126e-22,-5.52189e-19,-2.5369792e-17,-1.5647031e-23,-2.2651924e-17
instrutionalPlan_0004,individual,0.011599760449553503,0.13817412,0.94551384,0.6223949,-0.035405386,-0.032803208,0.781077,-0.28541204,0.08644765,4.050691e-22,1.159037e-15,-7.1573684e-23,-1.8941739e-22,-3.065186e-19,-2.8589887e-17,-9.401928e-24,-2.4833578e-17
misconception_0004,individual,0.0,-0.4148475,0.78148437,-0.3933693,0.052952807,-0.013684643,-0.42655346,0.08618732,0.04417396,-3.6113906e-22,1.0599523e-15,8.4137165e-23,1.00435126e-22,-5.52189e-19,-2.5369792e-17,-1.5647031e-23,-2.2651924e-17
targetBehavior_0032,individual,0.016000244088402185,0.35832918,0.92926365,0.60758436,-0.037597496,-0.02970946,0.75976175,-0.33618003,-0.04251134,4.283838e-22,1.1559693e-15,-7.814027e-23,-1.9809827e-22,-2.967305e-19,-2.8574792e-17,-8.498512e-24,-2.4746513e-17
knowledgeUnit_0003,individual,0.0,-0.4148475,0.78148437,-0.3933693,0.052952807,-0.013684643,-0.42655346,0.08618732,0.04417396,-3.6113906e-22,1.0599523e-15,8.4137165e-23,1.00435126e-22,-5.52189e-19,-2.5369792e-17,-1.5647031e-23,-2.2651924e-17
challenges_0003,individual,0.023199520899107005,0.6911958,1.1095432,1.6381593,-0.123763554,-0.05192176,1.9887077,-0.6570115,0.12872137,1.1714839e-21,1.2555196e-15,-2.2728453e-22,-4.792699e-22,-5.87306e-20,-3.1484718e-17,-3.156832e-24,-2.696102e-17
metric_0037,individual,0.004282919590984243,-0.19923013,0.7661056,-0.40643674,0.050790038,-0.010525032,-0.44581637,0.039701685,-0.09158436,-3.375978e-22,1.0555457e-15,7.687679e-23,9.148549e-23,-5.4128306e-19,-2.5352538e-17,-1.4544872e-23,-2.254066e-17
tactic_0020,individual,0.011599760449553503,0.13817412,0.94551384,0.6223949,-0.035405386,-0.032803208,0.781077,-0.28541204,0.08644765,4.050691e-22,1.159037e-15,-7.1573684e-23,-1.8941739e-22,-3.065186e-19,-2.8589887e-17,-9.401928e-24,-2.4833578e-17
container_0002,individual,0.0,-0.4148475,0.78148437,-0.3933693,0.052952807,-0.013684643,-0.42655346,0.08618732,0.04417396,-3.6113906e-22,1.0599523e-15,8.4137165e-23,1.00435126e-22,-5.52189e-19,-2.5369792e-17,-1.5647031e-23,-2.2651924e-17
userAccount_0004,individual,0.0,-0.4148475,0.78148437,-0.3933693,0.052952807,-0.013684643,-0.42655346,0.08618732,0.04417396,-3.6113906e-22,1.0599523e-15,8.4137165e-23,1.00435126e-22,-5.52189e-19,-2.5369792e-17,-1.5647031e-23,-2.2651924e-17
pedagogicalModel_0001,individual,0.0,-0.4148475,0.78148437,-0.3933693,0.052952807,-0.013684643,-0.42655346,0.08618732,0.04417396,-3.6113906e-22,1.0599523e-15,8.4137165e-23,1.00435126e-22,-5.52189e-19,-2.5369792e-17,-1.5647031e-23,-2.2651924e-17
targetBehavior_0020,individual,0.019993949195951172,0.5627836,0.9160288,0.5988051,-0.039688077,-0.026387814,0.74554783,-0.37213084,-0.1949965,4.524824e-22,1.1576153e-15,-8.710747e-23,-2.0770907e-22,-2.8632436e-19,-2.8387052e-17,-6.907443e-24,-2.460282e-17
trueOrFalseOption_0002,individual,0.0,-0.4148475,0.78148437,-0.3933693,0.052952807,-0.013684643,-0.42655346,0.08618732,0.04417396,-3.6113906e-22,1.0599523e-15,8.4137165e-23,1.00435126e-22,-5.52189e-19,-2.5369792e-17,-1.5647031e-23,-2.2651924e-17
constraints_0003,individual,0.0077331736330356685,-0.0461664,0.8908374,0.28380683,-0.0059526362,-0.026430352,0.37853348,-0.16154559,0.07235639,1.4973529e-22,1.1242427e-15,-1.9670064e-23,-9.286881e-23,-3.8632374e-19,-2.7607517e-17,-1.1207902e-23,-2.4084831e-17
rightColumn_0001,individual,0.0,-0.4148475,0.78148437,-0.3933693,0.052952807,-0.013684643,-0.42655346,0.08618732,0.04417396,-3.6113906e-22,1.0599523e-15,8.4137165e-23,1.00435126e-22,-5.52189e-19,-2.5369792e-17,-1.5647031e-23,-2.2651924e-17
yeeSocialComponent_0002,individual,0.023199520899107005,0.6911958,1.1095432,1.6381593,-0.123763554,-0.05192176,1.9887077,-0.6570115,0.12872137,1.1714839e-21,1.2555196e-15,-2.2728453e-22,-4.792699e-22,-5.87306e-20,-3.1484718e-17,-3.156832e-24,-2.696102e-17
order,datatype_property,0.0,-0.7087522,-2.070484,-0.15536167,-0.5699244,4.143098,-0.121833265,-0.041745704,-0.015220543,2.4078843e-20,1.1883218e-15,5.935199e-21,-1.147999e-20,8.568661e-18,-4.8734348e-17,-4.4092168e-21,-2.6229793e-17
trueOrFalseOption_0009,individual,0.0,-0.4148475,0.78148437,-0.3933693,0.052952807,-0.013684643,-0.42655346,0.08618732,0.04417396,-3.6113906e-22,1.0599523e-15,8.4137165e-23,1.00435126e-22,-5.52189e-19,-2.5369792e-17,-1.5647031e-23,-2.2651924e-17
bug_0001,individual,0.0,-0.4148475,0.78148437,-0.3933693,0.052952807,-0.013684643,-0.42655346,0.08618732,0.04417396,-3.6113906e-22,1.0599523e-15,8.4137165e-23,1.00435126e-22,-5.52189e-19,-2.5369792e-17,-1.5647031e-23,-2.2651924e-17
Self-Determination_Theory,class,0.008800967277697361,-0.073836416,-2.1851854,0.99831504,2.6371245,-0.52614063,-0.269963,0.08881563,-0.027280798,-3.6145466e-21,2.0236155e-15,2.6128849e-20,-1.7226618e-21,-1.9912924e-18,-4.331913e-17,-1.02303485e-20,-4.2171104e-17
yeeCompetition_0001,individual,0.0,-0.4148475,0.78148437,-0.3933693,0.052952807,-0.013684643,-0.42655346,0.08618732,0.04417396,-3.6113906e-22,1.0599523e-15,8.4137165e-23,1.00435126e-22,-5.52189e-19,-2.5369792e-17,-1.5647031e-23,-2.2651924e-17
comment_0006,individual,0.0,-0.4148475,0.78148437,-0.3933693,0.052952807,-0.013684643,-0.42655346,0.08618732,0.04417396,-3.6113906e-22,1.0599523e-15,8.4137165e-23,1.00435126e-22,-5.52189e-19,-2.5369792e-17,-1.5647031e-23,-2.2651924e-17
curriculum_0004,individual,0.0,-0.4148475,0.78148437,-0.3933693,0.052952807,-0.013684643,-0.42655346,0.08618732,0.04417396,-3.6113906e-22,1.0599523e-15,8.4137165e-23,1.00435126e-22,-5.52189e-19,-2.5369792e-17,-1.5647031e-23,-2.2651924e-17
matchColumnProblem_0004,individual,0.0,-0.4148475,0.78148437,-0.3933693,0.052952807,-0.013684643,-0.42655346,0.08618732,0.04417396,-3.6113906e-22,1.0599523e-15,8.4137165e-23,1.00435126e-22,-5.52189e-19,-2.5369792e-17,-1.5647031e-23,-2.2651924e-17
trueOrFalseProblem_0007,individual,0.0,-0.4148475,0.78148437,-0.3933693,0.052952807,-0.013684643,-0.42655346,0.08618732,0.04417396,-3.6113906e-22,1.0599523e-15,8.4137165e-23,1.00435126e-22,-5.52189e-19,-2.5369792e-17,-1.5647031e-23,-2.2651924e-17
methodStep_0005,individual,0.0,-0.4148475,0.78148437,-0.3933693,0.052952807,-0.013684643,-0.42655346,0.08618732,0.04417396,-3.6113906e-22,1.0599523e-15,8.4137165e-23,1.00435126e-22,-5.52189e-19,-2.5369792e-17,-1.5647031e-23,-2.2651924e-17
knowledgeUnit_0005,individual,0.0,-0.4148475,0.78148437,-0.3933693,0.052952807,-0.013684643,-0.42655346,0.08618732,0.04417396,-3.6113906e-22,1.0599523e-15,8.4137165e-23,1.00435126e-22,-5.52189e-19,-2.5369792e-17,-1.5647031e-23,-2.2651924e-17
yeeDiscovery_0002,individual,0.0,-0.4148475,0.78148437,-0.3933693,0.052952807,-0.013684643,-0.42655346,0.08618732,0.04417396,-3.6113906e-22,1.0599523e-15,8.4137165e-23,1.00435126e-22,-5.52189e-19,-2.5369792e-17,-1.5647031e-23,-2.2651924e-17
metricDescription,datatype_property,0.0077331736330356685,-0.3400712,-1.9611311,0.5218144,-0.6288298,4.130352,0.68325365,-0.2894786,0.012961887,2.4589097e-20,1.2595511e-15,5.829737e-21,-1.1673501e-20,8.734527e-18,-5.0701023e-17,-4.4039504e-21,-2.7229017e-17
gifting_0002,individual,0.0,-0.4148475,0.78148437,-0.3933693,0.052952807,-0.013684643,-0.42655346,0.08618732,0.04417396,-3.6113906e-22,1.0599523e-15,8.4137165e-23,1.00435126e-22,-5.52189e-19,-2.5369792e-17,-1.5647031e-23,-2.2651924e-17
teams_0003,individual,0.0,-0.4148475,0.78148437,-0.3933693,0.052952807,-0.013684643,-0.42655346,0.08618732,0.04417396,-3.6113906e-22,1.0599523e-15,8.4137165e-23,1.00435126e-22,-5.52189e-19,-2.5369792e-17,-1.5647031e-23,-2.2651924e-17
pedagogicalUnit_0009,individual,0.0,-0.4148475,0.78148437,-0.3933693,0.052952807,-0.013684643,-0.42655346,0.08618732,0.04417396,-3.6113906e-22,1.0599523e-15,8.4137165e-23,1.00435126e-22,-5.52189e-19,-2.5369792e-17,-1.5647031e-23,-2.2651924e-17
genericOperator_0002,individual,0.0,-0.4148475,0.78148437,-0.3933693,0.052952807,-0.013684643,-0.42655346,0.08618732,0.04417396,-3.6113906e-22,1.0599523e-15,8.4137165e-23,1.00435126e-22,-5.52189e-19,-2.5369792e-17,-1.5647031e-23,-2.2651924e-17
metric_0001,individual,0.0,-0.4148475,0.78148437,-0.3933693,0.052952807,-0.013684643,-0.42655346,0.08618732,0.04417396,-3.6113906e-22,1.0599523e-15,8.4137165e-23,1.00435126e-22,-5.52189e-19,-2.5369792e-17,-1.5647031e-23,-2.2651924e-17
problemUnit_0016,individual,0.023199520899107005,0.6911958,1.1095432,1.6381593,-0.123763554,-0.05192176,1.9887077,-0.6570115,0.12872137,1.1714839e-21,1.2555196e-15,-2.2728453e-22,-4.792699e-22,-5.87306e-20,-3.1484718e-17,-3.156832e-24,-2.696102e-17
gameContext_0005,individual,0.0,-0.4148475,0.78148437,-0.3933693,0.052952807,-0.013684643,-0.42655346,0.08618732,0.04417396,-3.6113906e-22,1.0599523e-15,8.4137165e-23,1.00435126e-22,-5.52189e-19,-2.5369792e-17,-1.5647031e-23,-2.2651924e-17
metric_0051,individual,0.00875458947281037,0.023672506,0.7493278,-0.42230272,0.048580144,-0.0074711707,-0.46837428,-0.013659328,-0.2164262,-3.1442027e-22,1.0589195e-15,7.0730316e-23,8.296735e-23,-5.342898e-19,-2.531714e-17,-1.3761798e-23,-2.243481e-17
resolution_0014,individual,0.0,-0.4148475,0.78148437,-0.3933693,0.052952807,-0.013684643,-0.42655346,0.08618732,0.04417396,-3.6113906e-22,1.0599523e-15,8.4137165e-23,1.00435126e-22,-5.52189e-19,-2.5369792e-17,-1.5647031e-23,-2.2651924e-17
pedagogicalUnit_0002,individual,0.0,-0.4148475,0.78148437,-0.3933693,0.052952807,-0.013684643,-0.42655346,0.08618732,0.04417396,-3.6113906e-22,1.0599523e-15,8.4137165e-23,1.00435126e-22,-5.52189e-19,-2.5369792e-17,-1.5647031e-23,-2.2651924e-17
ProblemBasedEvaluation,class,0.0038665868165178342,-0.31459847,-2.1649776,1.0210418,2.6394498,-0.5289352,-0.23932739,0.15903121,0.07079996,-3.6368324e-21,2.0395677e-15,2.6132264e-20,-1.7152014e-21,-1.9973326e-18,-4.3960156e-17,-1.0230349e-20,-4.244932e-17
interactsIn,object_property,0.012311622879327964,-0.03849557,-1.9714353,2.2691288,-2.5354757,-1.177535,-1.0053936,-0.09063603,-0.1028049,-5.8956967e-21,2.387662e-16,-3.0288417e-20,6.3231556e-21,-2.4764053e-18,-3.1788965e-18,1.2663248e-20,-6.4563515e-18
DesignPractice,class,0.024315971091010403,0.6759258,-2.2510858,0.91957974,2.6299706,-0.5181556,-0.37429664,-0.14776121,-0.2803521,-3.5490612e-21,2.0353854e-15,2.6122803e-20,-1.7434156e-21,-1.9630262e-18,-4.3945353e-17,-1.0231549e-20,-4.230242e-17
problemBasedEvaluation_0004,individual,0.0,-0.4148475,0.78148437,-0.3933693,0.052952807,-0.013684643,-0.42655346,0.08618732,0.04417396,-3.6113906e-22,1.0599523e-15,8.4137165e-23,1.00435126e-22,-5.52189e-19,-2.5369792e-17,-1.5647031e-23,-2.2651924e-17
quests_0003,individual,0.011599760449553503,0.13817412,0.94551384,0.6223949,-0.035405386,-0.032803208,0.781077,-0.28541204,0.08644765,4.050691e-22,1.159037e-15,-7.1573684e-23,-1.8941739e-22,-3.065186e-19,-2.8589887e-17,-9.401928e-24,-2.4833578e-17
mtr:Option,resource,0.0,-0.56079817,-2.261879,-2.4014323,-0.74481595,-1.0661644,1.7214217,0.25325593,-0.023364043,-5.807104e-21,1.3036809e-15,-1.10624025e-20,3.9297756e-21,-2.7485456e-18,-2.8188717e-17,4.9303697e-21,-2.9130032e-17
motivationalAffordance_0005,individual,0.023344307833294053,0.5867979,0.6411777,-0.6386278,0.044937678,-0.015645258,-0.72306925,-0.54510045,0.62737733,-3.425367e-22,1.1171954e-15,1.5683253e-22,1.163203e-22,-5.6680794e-19,-2.6670698e-17,-3.8425838e-23,-2.364395e-17
Catalogue,class,0.0038665868165178342,-0.31459847,-2.1649776,1.0210418,2.6394498,-0.5289352,-0.23932739,0.15903121,0.07079996,-3.6368324e-21,2.0395677e-15,2.6132264e-20,-1.7152014e-21,-1.9973326e-18,-4.3960156e-17,-1.0230349e-20,-4.244932e-17
tactic_0016,individual,0.03937773059495281,1.4712414,1.2560033,2.6364744,-0.21435827,-0.06804629,3.171916,-1.0858614,0.05232877,1.9606638e-21,1.3437871e-15,-3.885117e-22,-7.771897e-22,1.9695693e-19,-3.4537103e-17,3.690834e-24,-2.8976713e-17
trueOrFalseOption_0006,individual,0.0,-0.4148475,0.78148437,-0.3933693,0.052952807,-0.013684643,-0.42655346,0.08618732,0.04417396,-3.6113906e-22,1.0599523e-15,8.4137165e-23,1.00435126e-22,-5.52189e-19,-2.5369792e-17,-1.5647031e-23,-2.2651924e-17
statement_0010,individual,0.0,-0.4148475,0.78148437,-0.3933693,0.052952807,-0.013684643,-0.42655346,0.08618732,0.04417396,-3.6113906e-22,1.0599523e-15,8.4137165e-23,1.00435126e-22,-5.52189e-19,-2.5369792e-17,-1.5647031e-23,-2.2651924e-17
option_0002,individual,0.0,-0.4148475,0.78148437,-0.3933693,0.052952807,-0.013684643,-0.42655346,0.08618732,0.04417396,-3.6113906e-22,1.0599523e-15,8.4137165e-23,1.00435126e-22,-5.52189e-19,-2.5369792e-17,-1.5647031e-23,-2.2651924e-17
userAccount_0008,individual,0.0,-0.4148475,0.78148437,-0.3933693,0.052952807,-0.013684643,-0.42655346,0.08618732,0.04417396,-3.6113906e-22,1.0599523e-15,8.4137165e-23,1.00435126e-22,-5.52189e-19,-2.5369792e-17,-1.5647031e-23,-2.2651924e-17
targetBehavior_0015,individual,0.01933293408258917,0.5068552,1.0548668,1.299571,-0.09431083,-0.045548905,1.5861641,-0.5331449,0.11463007,9.159435e-22,1.2322084e-15,-1.7538092e-22,-3.8251451e-22,-1.4275227e-19,-3.047414e-17,-4.962806e-24,-2.6283333e-17
metric_0009,individual,0.013732476711669935,0.26611376,0.7287974,-0.4456746,0.046243865,-0.0047009317,-0.49976933,-0.085459664,-0.31199065,-2.9221831e-22,1.0562546e-15,6.7571313e-23,7.560644e-23,-5.246296e-19,-2.5310173e-17,-1.3834487e-23,-2.2624516e-17
metric_0025,individual,0.008978932885140976,0.032331575,0.74766475,-0.4256291,0.048524134,-0.007596862,-0.4722907,-0.021831201,-0.20345119,-3.1485261e-22,1.059814e-15,7.2054315e-23,8.348021e-23,-5.3479274e-19,-2.5337469e-17,-1.4141051e-23,-2.2453445e-17
cKCurriculumInformation_0001,individual,0.0,-0.4148475,0.78148437,-0.3933693,0.052952807,-0.013684643,-0.42655346,0.08618732,0.04417396,-3.6113906e-22,1.0599523e-15,8.4137165e-23,1.00435126e-22,-5.52189e-19,-2.5369792e-17,-1.5647031e-23,-2.2651924e-17
leaderboards_0004,individual,0.03479928134866051,1.2442174,1.2735726,2.6539233,-0.2121217,-0.07104033,3.1963377,-1.028611,0.17099503,1.9376922e-21,1.3446863e-15,-3.8299538e-22,-7.689156e-22,1.8759231e-19,-3.4525093e-17,3.0882705e-24,-2.903667e-17
problemBasedEvaluation_0003,individual,0.0,-0.4148475,0.78148437,-0.3933693,0.052952807,-0.013684643,-0.42655346,0.08618732,0.04417396,-3.6113906e-22,1.0599523e-15,8.4137165e-23,1.00435126e-22,-5.52189e-19,-2.5369792e-17,-1.5647031e-23,-2.2651924e-17
targetBehavior_0031,individual,0.015771431164546105,0.3494976,0.9309598,0.610977,-0.03754037,-0.029581266,0.7637562,-0.32784536,-0.055744845,4.2882474e-22,1.1551019e-15,-7.949062e-23,-1.9862134e-22,-2.9588346e-19,-2.8547687e-17,-8.111705e-24,-2.4746513e-17
transactions_0005,individual,0.0,-0.4148475,0.78148437,-0.3933693,0.052952807,-0.013684643,-0.42655346,0.08618732,0.04417396,-3.6113906e-22,1.0599523e-15,8.4137165e-23,1.00435126e-22,-5.52189e-19,-2.5369792e-17,-1.5647031e-23,-2.2651924e-17
selfDeterminationTheory_0005,individual,0.011599760449553503,0.13817412,0.94551384,0.6223949,-0.035405386,-0.032803208,0.781077,-0.28541204,0.08644765,4.050691e-22,1.159037e-15,-7.1573684e-23,-1.8941739e-22,-3.065186e-19,-2.8589887e-17,-9.401928e-24,-2.4833578e-17
business,individual,0.0,-0.4148475,0.78148437,-0.3933693,0.052952807,-0.013684643,-0.42655346,0.08618732,0.04417396,-3.6113906e-22,1.0599523e-15,8.4137165e-23,1.00435126e-22,-5.52189e-19,-2.5369792e-17,-1.5647031e-23,-2.2651924e-17
exercise_0006,individual,0.0,-0.4148475,0.78148437,-0.3933693,0.052952807,-0.013684643,-0.42655346,0.08618732,0.04417396,-3.6113906e-22,1.0599523e-15,8.4137165e-23,1.00435126e-22,-5.52189e-19,-2.5369792e-17,-1.5647031e-23,-2.2651924e-17
resolutionMethod_0005,individual,0.0,-0.4148475,0.78148437,-0.3933693,0.052952807,-0.013684643,-0.42655346,0.08618732,0.04417396,-3.6113906e-22,1.0599523e-15,8.4137165e-23,1.00435126e-22,-5.52189e-19,-2.5369792e-17,-1.5647031e-23,-2.2651924e-17
cooperation_0004,individual,0.0,-0.4148475,0.78148437,-0.3933693,0.052952807,-0.013684643,-0.42655346,0.08618732,0.04417396,-3.6113906e-22,1.0599523e-15,8.4137165e-23,1.00435126e-22,-5.52189e-19,-2.5369792e-17,-1.5647031e-23,-2.2651924e-17
gameContext_0002,individual,0.0,-0.4148475,0.78148437,-0.3933693,0.052952807,-0.013684643,-0.42655346,0.08618732,0.04417396,-3.6113906e-22,1.0599523e-15,8.4137165e-23,1.00435126e-22,-5.52189e-19,-2.5369792e-17,-1.5647031e-23,-2.2651924e-17
problemUnit_0014,individual,0.015466347266071337,0.3225147,1.0001903,0.9609831,-0.06485811,-0.039176058,1.1836207,-0.4092785,0.10053887,6.6060964e-22,1.1958679e-15,-1.234773e-22,-2.8596594e-22,-2.2430918e-19,-2.9604784e-17,-7.182364e-24,-2.558677e-17
multipleChoiceHasOption,object_property,0.0,-0.6342006,-2.0632188,1.609402,-2.4743335,-1.1677835,-1.7860585,0.2143474,-0.012321135,-6.4297496e-21,1.8218218e-16,-3.017744e-20,6.5249404e-21,-2.6494428e-18,-9.752426e-19,1.265738e-20,-5.738372e-18
fillBlanksProblem_0003,individual,0.0,-0.4148475,0.78148437,-0.3933693,0.052952807,-0.013684643,-0.42655346,0.08618732,0.04417396,-3.6113906e-22,1.0599523e-15,8.4137165e-23,1.00435126e-22,-5.52189e-19,-2.5369792e-17,-1.5647031e-23,-2.2651924e-17
userAccount_0005,individual,0.0,-0.4148475,0.78148437,-0.3933693,0.052952807,-0.013684643,-0.42655346,0.08618732,0.04417396,-3.6113906e-22,1.0599523e-15,8.4137165e-23,1.00435126e-22,-5.52189e-19,-2.5369792e-17,-1.5647031e-23,-2.2651924e-17
stepOrder,datatype_property,0.0,-0.7087522,-2.070484,-0.15536167,-0.5699244,4.143098,-0.121833265,-0.041745704,-0.015220543,2.4078843e-20,1.1883218e-15,5.935199e-21,-1.147999e-20,8.568661e-18,-4.8734348e-17,-4.4092168e-21,-2.6229793e-17
resourceUnit_0006,individual,0.03802855193878169,1.4448961,0.9147898,0.87863016,-0.07595849,-0.024020959,1.0672722,-0.6835091,-0.51188034,7.7610433e-22,1.1781528e-15,-1.5300659e-22,-3.2809066e-22,-1.7493777e-19,-2.9158292e-17,-3.6116135e-24,-2.5187754e-17
gamifiedITS_0007,individual,0.0077331736330356685,-0.0461664,0.8908374,0.28380683,-0.0059526362,-0.026430352,0.37853348,-0.16154559,0.07235639,1.4973529e-22,1.1242427e-15,-1.9670064e-23,-9.286881e-23,-3.8632374e-19,-2.7607517e-17,-1.1207902e-23,-2.4084831e-17
errorMisconception_0005,individual,0.0,-0.4148475,0.78148437,-0.3933693,0.052952807,-0.013684643,-0.42655346,0.08618732,0.04417396,-3.6113906e-22,1.0599523e-15,8.4137165e-23,1.00435126e-22,-5.52189e-19,-2.5369792e-17,-1.5647031e-23,-2.2651924e-17
problemNext_0014,individual,0.008872153520674808,0.028210167,0.7484563,-0.42404586,0.048550792,-0.007537037,-0.47042662,-0.017941685,-0.20962682,-3.1464683e-22,1.0594074e-15,7.1424135e-23,8.32361e-23,-5.345545e-19,-2.5328151e-17,-1.3960541e-23,-2.2444552e-17
categoryPerformance_0003,individual,0.1023946671140066,4.7447076,0.4153262,-0.7011244,0.0011449768,0.062367566,-0.88195974,-1.0150652,-3.2368941,2.0461325e-22,9.871161e-16,-9.244573e-23,-1.1526018e-22,-3.1812653e-19,-2.4479196e-17,1.1473218e-23,-2.1028025e-17
motivationAndNeedTheory_0003,individual,0.02025194017305041,0.5177482,0.68047017,-0.54234016,0.04461622,-0.00835355,-0.6135806,-0.3229359,0.06506575,-3.0478223e-22,1.0822755e-15,1.0604637e-22,9.051032e-23,-5.392409e-19,-2.5920037e-17,-2.4855694e-23,-2.3166617e-17
cKCurriculumInformation_0008,individual,0.0,-0.4148475,0.78148437,-0.3933693,0.052952807,-0.013684643,-0.42655346,0.08618732,0.04417396,-3.6113906e-22,1.0599523e-15,8.4137165e-23,1.00435126e-22,-5.52189e-19,-2.5369792e-17,-1.5647031e-23,-2.2651924e-17
trueOrFalseProblem_0001,individual,0.0,-0.4148475,0.78148437,-0.3933693,0.052952807,-0.013684643,-0.42655346,0.08618732,0.04417396,-3.6113906e-22,1.0599523e-15,8.4137165e-23,1.00435126e-22,-5.52189e-19,-2.5369792e-17,-1.5647031e-23,-2.2651924e-17
player_0006,individual,0.027066107715624843,0.87553626,1.1642196,1.9767472,-0.15321627,-0.058294613,2.3912508,-0.7808779,0.1428126,1.4268178e-21,1.2910116e-15,-2.7918815e-22,-5.758185e-22,2.0785033e-20,-3.2483902e-17,-9.372677e-25,-2.756804e-17
problemNext_0020,individual,0.018029052013259397,0.4822582,0.7133175,-0.4589445,0.044077687,-0.0015489634,-0.51927054,-0.13244274,-0.44695923,-2.6870337e-22,1.0536206e-15,6.039152e-23,6.668801e-23,-5.1441794e-19,-2.529508e-17,-1.2755414e-23,-2.2551003e-17
hasDomainModel,object_property,0.0077331736330356685,-0.2655196,-1.953866,2.286578,-2.5332394,-1.1805292,-0.98097175,-0.03338551,0.015861288,-5.9186683e-21,2.5688095e-16,-3.02829e-20,6.33143e-21,-2.4835773e-18,-2.9961276e-18,1.26626464e-20,-6.737596e-18
orientation,individual,0.0,-0.4148475,0.78148437,-0.3933693,0.052952807,-0.013684643,-0.42655346,0.08618732,0.04417396,-3.6113906e-22,1.0599523e-15,8.4137165e-23,1.00435126e-22,-5.52189e-19,-2.5369792e-17,-1.5647031e-23,-2.2651924e-17
Points,class,0.012074335402736476,0.102814846,-2.1930807,1.0002165,2.6352139,-0.5224154,-0.27160195,0.07910364,-0.22142702,-3.58906e-21,2.0558891e-15,2.611563e-20,-1.7339194e-21,-1.9813145e-18,-4.337569e-17,-1.022754e-20,-4.1787788e-17
sequencing_0012,individual,0.0,-0.4148475,0.78148437,-0.3933693,0.052952807,-0.013684643,-0.42655346,0.08618732,0.04417396,-3.6113906e-22,1.0599523e-15,8.4137165e-23,1.00435126e-22,-5.52189e-19,-2.5369792e-17,-1.5647031e-23,-2.2651924e-17
Yee_Customization,class,0.0038665868165178342,-0.31459847,-2.1649776,1.0210418,2.6394498,-0.5289352,-0.23932739,0.15903121,0.07079996,-3.6368324e-21,2.0395677e-15,2.6132264e-20,-1.7152014e-21,-1.9973326e-18,-4.3960156e-17,-1.0230349e-20,-4.244932e-17
activity_0008,individual,0.0,-0.4148475,0.78148437,-0.3933693,0.052952807,-0.013684643,-0.42655346,0.08618732,0.04417396,-3.6113906e-22,1.0599523e-15,8.4137165e-23,1.00435126e-22,-5.52189e-19,-2.5369792e-17,-1.5647031e-23,-2.2651924e-17
challenges_0002,individual,0.023199520899107005,0.6911958,1.1095432,1.6381593,-0.123763554,-0.05192176,1.9887077,-0.6570115,0.12872137,1.1714839e-21,1.2555196e-15,-2.2728453e-22,-4.792699e-22,-5.87306e-20,-3.1484718e-17,-3.156832e-24,-2.696102e-17
context_0001,individual,0.0,-0.4148475,0.78148437,-0.3933693,0.052952807,-0.013684643,-0.42655346,0.08618732,0.04417396,-3.6113906e-22,1.0599523e-15,8.4137165e-23,1.00435126e-22,-5.52189e-19,-2.5369792e-17,-1.5647031e-23,-2.2651924e-17
ckType,datatype_property,0.0,-0.7087522,-2.070484,-0.15536167,-0.5699244,4.143098,-0.121833265,-0.041745704,-0.015220543,2.4078843e-20,1.1883218e-15,5.935199e-21,-1.147999e-20,8.568661e-18,-4.8734348e-17,-4.4092168e-21,-2.6229793e-17
mastery,individual,0.0,-0.4148475,0.78148437,-0.3933693,0.052952807,-0.013684643,-0.42655346,0.08618732,0.04417396,-3.6113906e-22,1.0599523e-15,8.4137165e-23,1.00435126e-22,-5.52189e-19,-2.5369792e-17,-1.5647031e-23,-2.2651924e-17
type,datatype_property,0.0077331736330356685,-0.3400712,-1.9611311,0.5218144,-0.6288298,4.130352,0.68325365,-0.2894786,0.012961887,2.4589097e-20,1.2595511e-15,5.829737e-21,-1.1673501e-20,8.734527e-18,-5.0701023e-17,-4.4039504e-21,-2.7229017e-17
exercise_0020,individual,0.0,-0.4148475,0.78148437,-0.3933693,0.052952807,-0.013684643,-0.42655346,0.08618732,0.04417396,-3.6113906e-22,1.0599523e-15,8.4137165e-23,1.00435126e-22,-5.52189e-19,-2.5369792e-17,-1.5647031e-23,-2.2651924e-17
conceptualKnowledge_0005,individual,0.0,-0.4148475,0.78148437,-0.3933693,0.052952807,-0.013684643,-0.42655346,0.08618732,0.04417396,-3.6113906e-22,1.0599523e-15,8.4137165e-23,1.00435126e-22,-5.52189e-19,-2.5369792e-17,-1.5647031e-23,-2.2651924e-17
context_0002,individual,0.0,-0.4148475,0.78148437,-0.3933693,0.052952807,-0.013684643,-0.42655346,0.08618732,0.04417396,-3.6113906e-22,1.0599523e-15,8.4137165e-23,1.00435126e-22,-5.52189e-19,-2.5369792e-17,-1.5647031e-23,-2.2651924e-17
exercise_0016,individual,0.0,-0.4148475,0.78148437,-0.3933693,0.052952807,-0.013684643,-0.42655346,0.08618732,0.04417396,-3.6113906e-22,1.0599523e-15,8.4137165e-23,1.00435126e-22,-5.52189e-19,-2.5369792e-17,-1.5647031e-23,-2.2651924e-17
compositeResource_0003,individual,0.0,-0.4148475,0.78148437,-0.3933693,0.052952807,-0.013684643,-0.42655346,0.08618732,0.04417396,-3.6113906e-22,1.0599523e-15,8.4137165e-23,1.00435126e-22,-5.52189e-19,-2.5369792e-17,-1.5647031e-23,-2.2651924e-17
engagementLoop_0001,individual,0.3529959380528699,21.043583,-0.3904702,-0.91720015,-0.6145999,0.82510525,-1.2829995,4.346072,0.17010774,2.819447e-21,3.1834262e-16,-6.936766e-21,-6.55337e-22,9.013822e-19,-9.540417e-18,2.4914098e-21,-7.512731e-18
gDEMechanic_0005,individual,0.030932694532142674,1.0598769,1.2188962,2.3153353,-0.18266898,-0.06466748,2.7937942,-0.9047444,0.15690376,1.6821515e-21,1.3109669e-15,-3.310918e-22,-6.723671e-22,1.02300115e-19,-3.3568723e-17,1.2822966e-24,-2.8358984e-17
resolutionMethod_0009,individual,0.0,-0.4148475,0.78148437,-0.3933693,0.052952807,-0.013684643,-0.42655346,0.08618732,0.04417396,-3.6113906e-22,1.0599523e-15,8.4137165e-23,1.00435126e-22,-5.52189e-19,-2.5369792e-17,-1.5647031e-23,-2.2651924e-17
pedagogicalUnit_0001,individual,0.0,-0.4148475,0.78148437,-0.3933693,0.052952807,-0.013684643,-0.42655346,0.08618732,0.04417396,-3.6113906e-22,1.0599523e-15,8.4137165e-23,1.00435126e-22,-5.52189e-19,-2.5369792e-17,-1.5647031e-23,-2.2651924e-17
multipleChoiceProblem_0001,individual,0.0,-0.4148475,0.78148437,-0.3933693,0.052952807,-0.013684643,-0.42655346,0.08618732,0.04417396,-3.6113906e-22,1.0599523e-15,8.4137165e-23,1.00435126e-22,-5.52189e-19,-2.5369792e-17,-1.5647031e-23,-2.2651924e-17
Seeker,class,0.0038665868165178342,-0.31459847,-2.1649776,1.0210418,2.6394498,-0.5289352,-0.23932739,0.15903121,0.07079996,-3.6368324e-21,2.0395677e-15,2.6132264e-20,-1.7152014e-21,-1.9973326e-18,-4.3960156e-17,-1.0230349e-20,-4.244932e-17
problemUnit_0008,individual,0.011599760449553503,0.13817412,0.94551384,0.6223949,-0.035405386,-0.032803208,0.781077,-0.28541204,0.08644765,4.050691e-22,1.159037e-15,-7.1573684e-23,-1.8941739e-22,-3.065186e-19,-2.8589887e-17,-9.401928e-24,-2.4833578e-17
mtcu:isComposedByProblem,resource,0.0,-0.56079817,-2.261879,-2.4014323,-0.74481595,-1.0661644,1.7214217,0.25325593,-0.023364043,-5.807104e-21,1.3036809e-15,-1.10624025e-20,3.9297756e-21,-2.7485456e-18,-2.8188717e-17,4.9303697e-21,-2.9130032e-17
matchColumnOption_0004,individual,0.0,-0.4148475,0.78148437,-0.3933693,0.052952807,-0.013684643,-0.42655346,0.08618732,0.04417396,-3.6113906e-22,1.0599523e-15,8.4137165e-23,1.00435126e-22,-5.52189e-19,-2.5369792e-17,-1.5647031e-23,-2.2651924e-17
Yee_Social_Component,class,0.0038665868165178342,-0.31459847,-2.1649776,1.0210418,2.6394498,-0.5289352,-0.23932739,0.15903121,0.07079996,-3.6368324e-21,2.0395677e-15,2.6132264e-20,-1.7152014e-21,-1.9973326e-18,-4.3960156e-17,-1.0230349e-20,-4.244932e-17
question_0001,individual,0.0,-0.4148475,0.78148437,-0.3933693,0.052952807,-0.013684643,-0.42655346,0.08618732,0.04417396,-3.6113906e-22,1.0599523e-15,8.4137165e-23,1.00435126e-22,-5.52189e-19,-2.5369792e-17,-1.5647031e-23,-2.2651924e-17
matchColumnAnswer_0002,individual,0.0,-0.4148475,0.78148437,-0.3933693,0.052952807,-0.013684643,-0.42655346,0.08618732,0.04417396,-3.6113906e-22,1.0599523e-15,8.4137165e-23,1.00435126e-22,-5.52189e-19,-2.5369792e-17,-1.5647031e-23,-2.2651924e-17
isAppliedTo,object_property,0.012311622879327964,-0.03849557,-1.9714353,2.2691288,-2.5354757,-1.177535,-1.0053936,-0.09063603,-0.1028049,-5.8956967e-21,2.387662e-16,-3.0288417e-20,6.3231556e-21,-2.4764053e-18,-3.1788965e-18,1.2663248e-20,-6.4563515e-18
rewards_0005,individual,0.03479928134866051,1.2442174,1.2735726,2.6539233,-0.2121217,-0.07104033,3.1963377,-1.028611,0.17099503,1.9376922e-21,1.3446863e-15,-3.8299538e-22,-7.689156e-22,1.8759231e-19,-3.4525093e-17,3.0882705e-24,-2.903667e-17
daredevil_0004,individual,0.0,-0.4148475,0.78148437,-0.3933693,0.052952807,-0.013684643,-0.42655346,0.08618732,0.04417396,-3.6113906e-22,1.0599523e-15,8.4137165e-23,1.00435126e-22,-5.52189e-19,-2.5369792e-17,-1.5647031e-23,-2.2651924e-17
bossFights_0001,individual,0.0077331736330356685,-0.0461664,0.8908374,0.28380683,-0.0059526362,-0.026430352,0.37853348,-0.16154559,0.07235639,1.4973529e-22,1.1242427e-15,-1.9670064e-23,-9.286881e-23,-3.8632374e-19,-2.7607517e-17,-1.1207902e-23,-2.4084831e-17
Emotions,class,0.0038665868165178342,-0.31459847,-2.1649776,1.0210418,2.6394498,-0.5289352,-0.23932739,0.15903121,0.07079996,-3.6368324e-21,2.0395677e-15,2.6132264e-20,-1.7152014e-21,-1.9973326e-18,-4.3960156e-17,-1.0230349e-20,-4.244932e-17
enjoyment,individual,0.0,-0.4148475,0.78148437,-0.3933693,0.052952807,-0.013684643,-0.42655346,0.08618732,0.04417396,-3.6113906e-22,1.0599523e-15,8.4137165e-23,1.00435126e-22,-5.52189e-19,-2.5369792e-17,-1.5647031e-23,-2.2651924e-17
behaviouralKnowledge_0003,individual,0.010580623352133512,0.09415269,0.7357918,-0.44937775,0.048124257,-0.00849423,-0.5002516,-0.080173954,-0.11081662,-3.179393e-22,1.0662108e-15,8.150679e-23,8.714176e-23,-5.3836616e-19,-2.5486546e-17,-1.6848725e-23,-2.258643e-17
isChildOf_Tactic,object_property,0.0134560243972562,0.0056753685,-1.9799185,2.2521605,-2.5357616,-1.1781763,-1.0253717,-0.13232169,-0.036617856,-5.8979024e-21,2.435367e-16,-3.028166e-20,6.325772e-21,-2.4789464e-18,-3.2737641e-18,1.26613136e-20,-6.551219e-18
theme_0001,individual,0.01933293408258917,0.5068552,1.0548668,1.299571,-0.09431083,-0.045548905,1.5861641,-0.5331449,0.11463007,9.159435e-22,1.2322084e-15,-1.7538092e-22,-3.8251451e-22,-1.4275227e-19,-3.047414e-17,-4.962806e-24,-2.6283333e-17
satisfies,object_property,0.0077331736330356685,-0.2655196,-1.953866,2.286578,-2.5332394,-1.1805292,-0.98097175,-0.03338551,0.015861288,-5.9186683e-21,2.5688095e-16,-3.02829e-20,6.33143e-21,-2.4835773e-18,-2.9961276e-18,1.26626464e-20,-6.737596e-18
archetypeBrainRegion,datatype_property,0.0038665868165178342,-0.52441174,-2.0158074,0.18322638,-0.5993771,4.136725,0.2807102,-0.16561216,-0.0011293177,2.4333143e-20,1.2242475e-15,5.879159e-21,-1.1577573e-20,8.644789e-18,-4.9760638e-17,-4.4057566e-21,-2.6728391e-17
Curriculum,class,0.008800967277697361,-0.073836416,-2.1851854,0.99831504,2.6371245,-0.52614063,-0.269963,0.08881563,-0.027280798,-3.6145466e-21,2.0236155e-15,2.6128849e-20,-1.7226618e-21,-1.9912924e-18,-4.331913e-17,-1.02303485e-20,-4.2171104e-17
gamifiedITS_0010,individual,0.0077331736330356685,-0.0461664,0.8908374,0.28380683,-0.0059526362,-0.026430352,0.37853348,-0.16154559,0.07235639,1.4973529e-22,1.1242427e-15,-1.9670064e-23,-9.286881e-23,-3.8632374e-19,-2.7607517e-17,-1.1207902e-23,-2.4084831e-17
problem_0012,individual,0.0,-0.4148475,0.78148437,-0.3933693,0.052952807,-0.013684643,-0.42655346,0.08618732,0.04417396,-3.6113906e-22,1.0599523e-15,8.4137165e-23,1.00435126e-22,-5.52189e-19,-2.5369792e-17,-1.5647031e-23,-2.2651924e-17
mtr:ResolutionMethod,resource,0.0,-0.56079817,-2.261879,-2.4014323,-0.74481595,-1.0661644,1.7214217,0.25325593,-0.023364043,-5.807104e-21,1.3036809e-15,-1.10624025e-20,3.9297756e-21,-2.7485456e-18,-2.8188717e-17,4.9303697e-21,-2.9130032e-17
gamification_0004,individual,0.04768363862797419,2.0137577,0.7447635,0.15161407,-0.03174378,0.011150492,0.18778645,-0.48580346,-1.0160874,3.7474392e-22,1.0756646e-15,-1.7316373e-22,-1.7164876e-22,-2.86957e-19,-2.6711434e-17,3.2268564e-23,-2.3257606e-17
badges_0001,individual,0.03479928134866051,1.2442174,1.2735726,2.6539233,-0.2121217,-0.07104033,3.1963377,-1.028611,0.17099503,1.9376922e-21,1.3446863e-15,-3.8299538e-22,-7.689156e-22,1.8759231e-19,-3.4525093e-17,3.0882705e-24,-2.903667e-17
tactic_0012,individual,0.03183654632405294,1.1251781,1.0782582,1.6109688,-0.12810686,-0.04564242,1.9489391,-0.7525758,-0.13867821,1.2184294e-21,1.2450474e-15,-2.4138523e-22,-4.9700645e-22,-4.254252e-20,-3.145453e-17,-1.0728571e-24,-2.667847e-17
Mastermind,class,0.0038665868165178342,-0.31459847,-2.1649776,1.0210418,2.6394498,-0.5289352,-0.23932739,0.15903121,0.07079996,-3.6368324e-21,2.0395677e-15,2.6132264e-20,-1.7152014e-21,-1.9973326e-18,-4.3960156e-17,-1.0230349e-20,-4.244932e-17
GDE_Component,class,0.018259873568177844,0.48073605,-2.2188218,0.9674396,2.6244273,-0.5067794,-0.31435356,0.16139758,-0.17600675,-3.547581e-21,2.0276677e-15,2.5988096e-20,-1.7404876e-21,-1.950986e-18,-4.3347043e-17,-1.0180657e-20,-4.125349e-17
bug_0002,individual,0.0,-0.4148475,0.78148437,-0.3933693,0.052952807,-0.013684643,-0.42655346,0.08618732,0.04417396,-3.6113906e-22,1.0599523e-15,8.4137165e-23,1.00435126e-22,-5.52189e-19,-2.5369792e-17,-1.5647031e-23,-2.2651924e-17
Problem,class,0.008800967277697361,0.015031268,-2.1814444,1.0068161,2.6289759,-0.5125983,-0.26023746,0.28689948,0.043858908,-3.592942e-21,2.0047233e-15,2.5997345e-20,-1.7246298e-21,-1.9767207e-18,-4.2900697e-17,-1.0181352e-20,-4.178401e-17
problemNext_0005,individual,0.013201450916546042,0.24561757,0.7327338,-0.43780097,0.04637644,-0.0044034175,-0.49049914,-0.06611667,-0.3427028,-2.9119496e-22,1.0540862e-15,6.443743e-23,7.439248e-23,-5.235708e-19,-2.5269516e-17,-1.29367824e-23,-2.2583859e-17
sDTCompetence_0002,individual,0.012578571290493388,0.22157602,0.737351,-0.42856538,0.04653195,-0.0040544407,-0.4796254,-0.04342782,-0.37872735,-2.8999458e-22,1.0519178e-15,6.076146e-23,7.296854e-23,-5.220885e-19,-2.5201753e-17,-1.1883798e-23,-2.2529649e-17
gamifiedITS_0004,individual,0.0038665868165178342,-0.23050696,0.83616084,-0.054781213,0.023500085,-0.020057498,-0.024009971,-0.037679132,0.058265176,-1.0580528e-22,1.095878e-15,3.2233563e-23,3.679768e-24,-4.6928526e-19,-2.6612923e-17,-1.3427467e-23,-2.3367364e-17
sDTRelatedness_0001,individual,0.004171670714992603,-0.20352405,0.7669303,-0.4047872,0.050817814,-0.010462703,-0.44387427,0.043754004,-0.09801849,-3.3738341e-22,1.055112e-15,7.622026e-23,9.1231164e-23,-5.410713e-19,-2.5338986e-17,-1.4356808e-23,-2.2527108e-17
Virtual_Goods,class,0.0038665868165178342,-0.31459847,-2.1649776,1.0210418,2.6394498,-0.5289352,-0.23932739,0.15903121,0.07079996,-3.6368324e-21,2.0395677e-15,2.6132264e-20,-1.7152014e-21,-1.9973326e-18,-4.3960156e-17,-1.0230349e-20,-4.244932e-17
Turns,class,0.0038665868165178342,-0.31459847,-2.1649776,1.0210418,2.6394498,-0.5289352,-0.23932739,0.15903121,0.07079996,-3.6368324e-21,2.0395677e-15,2.6132264e-20,-1.7152014e-21,-1.9973326e-18,-4.3960156e-17,-1.0230349e-20,-4.244932e-17
hasConsistency,object_property,0.0,-0.6342006,-2.0632188,1.609402,-2.4743335,-1.1677835,-1.7860585,0.2143474,-0.012321135,-6.4297496e-21,1.8218218e-16,-3.017744e-20,6.5249404e-21,-2.6494428e-18,-9.752426e-19,1.265738e-20,-5.738372e-18
problemUnit_0010,individual,0.011599760449553503,0.13817412,0.94551384,0.6223949,-0.035405386,-0.032803208,0.781077,-0.28541204,0.08644765,4.050691e-22,1.159037e-15,-7.1573684e-23,-1.8941739e-22,-3.065186e-19,-2.8589887e-17,-9.401928e-24,-2.4833578e-17
curriculumUnit_0005,individual,0.0038665868165178342,-0.23050696,0.83616084,-0.054781213,0.023500085,-0.020057498,-0.024009971,-0.037679132,0.058265176,-1.0580528e-22,1.095878e-15,3.2233563e-23,3.679768e-24,-4.6928526e-19,-2.6612923e-17,-1.3427467e-23,-2.3367364e-17
error_0005,individual,0.0,-0.4148475,0.78148437,-0.3933693,0.052952807,-0.013684643,-0.42655346,0.08618732,0.04417396,-3.6113906e-22,1.0599523e-15,8.4137165e-23,1.00435126e-22,-5.52189e-19,-2.5369792e-17,-1.5647031e-23,-2.2651924e-17
isPartOfEngagementLoop,object_property,0.008160291090900346,-0.23382652,-2.024001,1.9347627,-2.505952,-1.1710027,-1.4029663,0.04360246,-0.1333645,-6.151102e-21,2.0307742e-16,-3.0240676e-20,6.4184332e-21,-2.5522929e-18,-2.1685764e-18,1.2661924e-20,-5.90581e-18
Motivation_And_Need_Theory,class,0.019904721100135653,0.45535523,-2.2347558,0.9345499,2.6321652,-0.5212433,-0.35279346,-0.09660105,-0.1520159,-3.572355e-21,2.0528212e-15,2.6129306e-20,-1.7347593e-21,-1.9687736e-18,-4.391625e-17,-1.0232434e-20,-4.1768485e-17
Yee_Socializing,class,0.0038665868165178342,-0.31459847,-2.1649776,1.0210418,2.6394498,-0.5289352,-0.23932739,0.15903121,0.07079996,-3.6368324e-21,2.0395677e-15,2.6132264e-20,-1.7152014e-21,-1.9973326e-18,-4.3960156e-17,-1.0230349e-20,-4.244932e-17
motivation_0002,individual,0.09129212995235417,4.0143323,0.3994094,-0.8391229,0.010477836,0.03523286,-1.0211694,-1.2677842,-1.5782361,3.523913e-23,1.0622036e-15,3.7249873e-23,-2.8197347e-23,-4.1036218e-19,-2.5942293e-17,-1.981267e-23,-2.2774003e-17
resource_0013,individual,0.012013317041315004,0.14945094,0.7251716,-0.47062063,0.04776657,-0.009296916,-0.52526236,-0.13236086,-0.027956069,-3.207003e-22,1.0719299e-15,8.996194e-23,9.0416984e-23,-5.4155577e-19,-2.561953e-17,-1.9270704e-23,-2.2705014e-17
tactic_0011,individual,0.024231197536522794,0.7614307,0.9679577,0.9318974,-0.069233336,-0.032968335,1.1416208,-0.50949883,-0.15946785,7.073087e-22,1.1757223e-15,-1.3682362e-22,-3.0341027e-22,-2.0357323e-19,-2.9370523e-17,-5.31448e-24,-2.5307612e-17
food,individual,0.0,-0.4148475,0.78148437,-0.3933693,0.052952807,-0.013684643,-0.42655346,0.08618732,0.04417396,-3.6113906e-22,1.0599523e-15,8.4137165e-23,1.00435126e-22,-5.52189e-19,-2.5369792e-17,-1.5647031e-23,-2.2651924e-17
submmitedDate,datatype_property,0.0,-0.7087522,-2.070484,-0.15536167,-0.5699244,4.143098,-0.121833265,-0.041745704,-0.015220543,2.4078843e-20,1.1883218e-15,5.935199e-21,-1.147999e-20,8.568661e-18,-4.8734348e-17,-4.4092168e-21,-2.6229793e-17
Time_Constraints,class,0.0038665868165178342,-0.31459847,-2.1649776,1.0210418,2.6394498,-0.5289352,-0.23932739,0.15903121,0.07079996,-3.6368324e-21,2.0395677e-15,2.6132264e-20,-1.7152014e-21,-1.9973326e-18,-4.3960156e-17,-1.0230349e-20,-4.244932e-17
hasContext,object_property,0.0,-0.6342006,-2.0632188,1.609402,-2.4743335,-1.1677835,-1.7860585,0.2143474,-0.012321135,-6.4297496e-21,1.8218218e-16,-3.017744e-20,6.5249404e-21,-2.6494428e-18,-9.752426e-19,1.265738e-20,-5.738372e-18
Content,class,0.0038665868165178342,-0.31459847,-2.1649776,1.0210418,2.6394498,-0.5289352,-0.23932739,0.15903121,0.07079996,-3.6368324e-21,2.0395677e-15,2.6132264e-20,-1.7152014e-21,-1.9973326e-18,-4.3960156e-17,-1.0230349e-20,-4.244932e-17
Item,class,0.0038665868165178342,-0.31459847,-2.1649776,1.0210418,2.6394498,-0.5289352,-0.23932739,0.15903121,0.07079996,-3.6368324e-21,2.0395677e-15,2.6132264e-20,-1.7152014e-21,-1.9973326e-18,-4.3960156e-17,-1.0230349e-20,-4.244932e-17
FillBlanksProblem,class,0.0038665868165178342,-0.31459847,-2.1649776,1.0210418,2.6394498,-0.5289352,-0.23932739,0.15903121,0.07079996,-3.6368324e-21,2.0395677e-15,2.6132264e-20,-1.7152014e-21,-1.9973326e-18,-4.3960156e-17,-1.0230349e-20,-4.244932e-17
Relationships,class,0.0038665868165178342,-0.31459847,-2.1649776,1.0210418,2.6394498,-0.5289352,-0.23932739,0.15903121,0.07079996,-3.6368324e-21,2.0395677e-15,2.6132264e-20,-1.7152014e-21,-1.9973326e-18,-4.3960156e-17,-1.0230349e-20,-4.244932e-17
knowledgeUnit_0007,individual,0.0,-0.4148475,0.78148437,-0.3933693,0.052952807,-0.013684643,-0.42655346,0.08618732,0.04417396,-3.6113906e-22,1.0599523e-15,8.4137165e-23,1.00435126e-22,-5.52189e-19,-2.5369792e-17,-1.5647031e-23,-2.2651924e-17
SDT_Relatedness,class,0.0038665868165178342,-0.31459847,-2.1649776,1.0210418,2.6394498,-0.5289352,-0.23932739,0.15903121,0.07079996,-3.6368324e-21,2.0395677e-15,2.6132264e-20,-1.7152014e-21,-1.9973326e-18,-4.3960156e-17,-1.0230349e-20,-4.244932e-17
Feedback,class,0.01224043663635052,0.11910011,-2.1938963,0.9986982,2.634267,-0.5210037,-0.27342096,0.09506261,-0.20391604,-3.58698e-21,2.0541544e-15,2.6102e-20,-1.7337582e-21,-1.980044e-18,-4.3335033e-17,-1.0222376e-20,-4.1760683e-17
statement_0003,individual,0.0,-0.4148475,0.78148437,-0.3933693,0.052952807,-0.013684643,-0.42655346,0.08618732,0.04417396,-3.6113906e-22,1.0599523e-15,8.4137165e-23,1.00435126e-22,-5.52189e-19,-2.5369792e-17,-1.5647031e-23,-2.2651924e-17
marketing,individual,0.0,-0.4148475,0.78148437,-0.3933693,0.052952807,-0.013684643,-0.42655346,0.08618732,0.04417396,-3.6113906e-22,1.0599523e-15,8.4137165e-23,1.00435126e-22,-5.52189e-19,-2.5369792e-17,-1.5647031e-23,-2.2651924e-17
describesType,object_property,0.011599760449553503,-0.08117907,-1.8991895,2.6251662,-2.562692,-1.1869019,-0.5784283,-0.15725197,0.029952545,-5.6635417e-21,2.916752e-16,-3.033894e-20,6.233847e-21,-2.4071603e-18,-3.9784956e-18,1.2664452e-20,-7.269503e-18
trueOrFalseHasOption,object_property,0.0,-0.6342006,-2.0632188,1.609402,-2.4743335,-1.1677835,-1.7860585,0.2143474,-0.012321135,-6.4297496e-21,1.8218218e-16,-3.017744e-20,6.5249404e-21,-2.6494428e-18,-9.752426e-19,1.265738e-20,-5.738372e-18
Course,class,0.018669728200056412,0.4076877,-2.225601,0.9528614,2.6324737,-0.5205514,-0.331234,-0.05161553,-0.22344232,-3.569975e-21,2.0484844e-15,2.6122018e-20,-1.7375825e-21,-1.9662325e-18,-4.3780724e-17,-1.0230347e-20,-4.168717e-17
bossFights_0005,individual,0.0038665868165178342,-0.23050696,0.83616084,-0.054781213,0.023500085,-0.020057498,-0.024009971,-0.037679132,0.058265176,-1.0580528e-22,1.095878e-15,3.2233563e-23,3.679768e-24,-4.6928526e-19,-2.6612923e-17,-1.3427467e-23,-2.3367364e-17
resolution_0015,individual,0.0,-0.4148475,0.78148437,-0.3933693,0.052952807,-0.013684643,-0.42655346,0.08618732,0.04417396,-3.6113906e-22,1.0599523e-15,8.4137165e-23,1.00435126e-22,-5.52189e-19,-2.5369792e-17,-1.5647031e-23,-2.2651924e-17
gado_core.owl,resource,0.006606189701633003,-0.2555087,-2.2944796,-2.4489472,-0.7475587,-1.0643063,1.6616011,0.12214345,-0.024754886,-5.78804e-21,1.2940701e-15,-1.10559515e-20,3.926137e-21,-2.7465333e-18,-2.859159e-17,4.927544e-21,-2.8991665e-17
mtr:level,resource,0.0,-0.56079817,-2.261879,-2.4014323,-0.74481595,-1.0661644,1.7214217,0.25325593,-0.023364043,-5.807104e-21,1.3036809e-15,-1.10624025e-20,3.9297756e-21,-2.7485456e-18,-2.8188717e-17,4.9303697e-21,-2.9130032e-17
CategoryPerformance,class,0.012881112823147535,0.22282204,-2.1953201,0.99675524,2.6268637,-0.5093251,-0.27596045,0.24780002,-0.10362693,-3.5690105e-21,2.0402764e-15,2.5988887e-20,-1.734043e-21,-1.9683972e-18,-4.3036877e-17,-1.01799074e-20,-4.1462527e-17
Transactions,class,0.0038665868165178342,-0.31459847,-2.1649776,1.0210418,2.6394498,-0.5289352,-0.23932739,0.15903121,0.07079996,-3.6368324e-21,2.0395677e-15,2.6132264e-20,-1.7152014e-21,-1.9973326e-18,-4.3960156e-17,-1.0230349e-20,-4.244932e-17
resourceUnit_0007,individual,0.01213365727188435,0.1739886,0.8745871,0.26899627,-0.008144773,-0.023336606,0.35721824,-0.21231358,-0.05660254,1.7304999e-22,1.1260773e-15,-2.6236643e-23,-1.01549686e-22,-3.7872816e-19,-2.754634e-17,-1.0304486e-23,-2.4006874e-17
THINGCurriculum,class,0.0038665868165178342,-0.31459847,-2.1649776,1.0210418,2.6394498,-0.5289352,-0.23932739,0.15903121,0.07079996,-3.6368324e-21,2.0395677e-15,2.6132264e-20,-1.7152014e-21,-1.9973326e-18,-4.3960156e-17,-1.0230349e-20,-4.244932e-17
satisfaction,individual,0.0,-0.4148475,0.78148437,-0.3933693,0.052952807,-0.013684643,-0.42655346,0.08618732,0.04417396,-3.6113906e-22,1.0599523e-15,8.4137165e-23,1.00435126e-22,-5.52189e-19,-2.5369792e-17,-1.5647031e-23,-2.2651924e-17
Error_Bug,class,0.0038665868165178342,-0.31459847,-2.1649776,1.0210418,2.6394498,-0.5289352,-0.23932739,0.15903121,0.07079996,-3.6368324e-21,2.0395677e-15,2.6132264e-20,-1.7152014e-21,-1.9973326e-18,-4.3960156e-17,-1.0230349e-20,-4.244932e-17
isComprisedOf,object_property,0.0077331736330356685,-0.2655196,-1.953866,2.286578,-2.5332394,-1.1805292,-0.98097175,-0.03338551,0.015861288,-5.9186683e-21,2.5688095e-16,-3.02829e-20,6.33143e-21,-2.4835773e-18,-2.9961276e-18,1.26626464e-20,-6.737596e-18
abilityScoreStandardDeviation,datatype_property,0.0077331736330356685,-0.3400712,-1.9611311,0.5218144,-0.6288298,4.130352,0.68325365,-0.2894786,0.012961887,2.4589097e-20,1.2595511e-15,5.829737e-21,-1.1673501e-20,8.734527e-18,-5.0701023e-17,-4.4039504e-21,-2.7229017e-17
Levels,class,0.016344310929459843,0.32790655,-2.2079434,0.9882951,2.6321397,-0.5177286,-0.2895473,0.055321127,-0.3499497,-3.563069e-21,2.0372087e-15,2.6093535e-20,-1.7431196e-21,-1.9594562e-18,-4.353678e-17,-1.0220916e-20,-4.1443224e-17
isUsedBy,object_property,0.015466347266071337,0.103161536,-1.844513,2.9637542,-2.5921447,-1.1932749,-0.17588486,-0.28111842,0.04404377,-5.4084146e-21,3.2850616e-16,-3.0388364e-20,6.137919e-21,-2.3181747e-18,-4.9933932e-18,1.2666258e-20,-8.673215e-18
Player_Type,class,0.02843064228843279,0.8850492,-2.2652173,0.90900695,2.6278498,-0.5149017,-0.3906224,-0.18811826,-0.42584115,-3.5251958e-21,2.0673703e-15,2.6114549e-20,-1.7527499e-21,-1.9543904e-18,-4.324831e-17,-1.0230162e-20,-4.192301e-17
explorationName,datatype_property,0.0077331736330356685,-0.3400712,-1.9611311,0.5218144,-0.6288298,4.130352,0.68325365,-0.2894786,0.012961887,2.4589097e-20,1.2595511e-15,5.829737e-21,-1.1673501e-20,8.734527e-18,-5.0701023e-17,-4.4039504e-21,-2.7229017e-17
effectiveness,individual,0.0,-0.4148475,0.78148437,-0.3933693,0.052952807,-0.013684643,-0.42655346,0.08618732,0.04417396,-3.6113906e-22,1.0599523e-15,8.4137165e-23,1.00435126e-22,-5.52189e-19,-2.5369792e-17,-1.5647031e-23,-2.2651924e-17
computer_science_and_engineering,individual,0.0,-0.4148475,0.78148437,-0.3933693,0.052952807,-0.013684643,-0.42655346,0.08618732,0.04417396,-3.6113906e-22,1.0599523e-15,8.4137165e-23,1.00435126e-22,-5.52189e-19,-2.5369792e-17,-1.5647031e-23,-2.2651924e-17
Level,datatype_property,0.0077331736330356685,-0.3400712,-1.9611311,0.5218144,-0.6288298,4.130352,0.68325365,-0.2894786,0.012961887,2.4589097e-20,1.2595511e-15,5.829737e-21,-1.1673501e-20,8.734527e-18,-5.0701023e-17,-4.4039504e-21,-2.7229017e-17
isSatisfiedWith,object_property,0.0077331736330356685,-0.2655196,-1.953866,2.286578,-2.5332394,-1.1805292,-0.98097175,-0.03338551,0.015861288,-5.9186683e-21,2.5688095e-16,-3.02829e-20,6.33143e-21,-2.4835773e-18,-2.9961276e-18,1.26626464e-20,-6.737596e-18
Cooperation,class,0.0038665868165178342,-0.31459847,-2.1649776,1.0210418,2.6394498,-0.5289352,-0.23932739,0.15903121,0.07079996,-3.6368324e-21,2.0395677e-15,2.6132264e-20,-1.7152014e-21,-1.9973326e-18,-4.3960156e-17,-1.0230349e-20,-4.244932e-17
hasDomain,resource,0.0,-0.56079817,-2.261879,-2.4014323,-0.74481595,-1.0661644,1.7214217,0.25325593,-0.023364043,-5.807104e-21,1.3036809e-15,-1.10624025e-20,3.9297756e-21,-2.7485456e-18,-2.8188717e-17,4.9303697e-21,-2.9130032e-17
diagnosis_0006,individual,0.0,-0.4148475,0.78148437,-0.3933693,0.052952807,-0.013684643,-0.42655346,0.08618732,0.04417396,-3.6113906e-22,1.0599523e-15,8.4137165e-23,1.00435126e-22,-5.52189e-19,-2.5369792e-17,-1.5647031e-23,-2.2651924e-17
matchColumnOption_0010,individual,0.0,-0.4148475,0.78148437,-0.3933693,0.052952807,-0.013684643,-0.42655346,0.08618732,0.04417396,-3.6113906e-22,1.0599523e-15,8.4137165e-23,1.00435126e-22,-5.52189e-19,-2.5369792e-17,-1.5647031e-23,-2.2651924e-17
affordsMotivation,object_property,0.0077331736330356685,-0.2655196,-1.953866,2.286578,-2.5332394,-1.1805292,-0.98097175,-0.03338551,0.015861288,-5.9186683e-21,2.5688095e-16,-3.02829e-20,6.33143e-21,-2.4835773e-18,-2.9961276e-18,1.26626464e-20,-6.737596e-18
metricValue,datatype_property,0.0077331736330356685,-0.3400712,-1.9611311,0.5218144,-0.6288298,4.130352,0.68325365,-0.2894786,0.012961887,2.4589097e-20,1.2595511e-15,5.829737e-21,-1.1673501e-20,8.734527e-18,-5.0701023e-17,-4.4039504e-21,-2.7229017e-17
leadsTo,object_property,0.012311622879327964,-0.03849557,-1.9714353,2.2691288,-2.5354757,-1.177535,-1.0053936,-0.09063603,-0.1028049,-5.8956967e-21,2.387662e-16,-3.0288417e-20,6.3231556e-21,-2.4764053e-18,-3.1788965e-18,1.2663248e-20,-6.4563515e-18
isParentOf_Strategy,object_property,0.0134560243972562,0.0056753685,-1.9799185,2.2521605,-2.5357616,-1.1781763,-1.0253717,-0.13232169,-0.036617856,-5.8979024e-21,2.435367e-16,-3.028166e-20,6.325772e-21,-2.4789464e-18,-3.2737641e-18,1.26613136e-20,-6.551219e-18
leadsToPerformance,object_property,0.03866586816517834,1.2092048,-1.516454,4.995282,-2.768861,-1.2315121,2.2393763,-1.0243173,0.12859106,-3.8759983e-21,5.076503e-16,-3.069813e-20,5.5573867e-21,-1.83084e-18,-1.11183364e-17,1.2678748e-20,-1.2442628e-17
has_Curriculum,object_property,0.0077331736330356685,-0.2655196,-1.953866,2.286578,-2.5332394,-1.1805292,-0.98097175,-0.03338551,0.015861288,-5.9186683e-21,2.5688095e-16,-3.02829e-20,6.33143e-21,-2.4835773e-18,-2.9961276e-18,1.26626464e-20,-6.737596e-18
Daredevil,class,0.0038665868165178342,-0.31459847,-2.1649776,1.0210418,2.6394498,-0.5289352,-0.23932739,0.15903121,0.07079996,-3.6368324e-21,2.0395677e-15,2.6132264e-20,-1.7152014e-21,-1.9973326e-18,-4.3960156e-17,-1.0230349e-20,-4.244932e-17
Gamification,class,0.02281136110597447,0.61785173,-2.2399325,0.9418889,2.6303463,-0.5173126,-0.34803042,-0.09295469,-0.36737195,-3.5461617e-21,2.0301813e-15,2.6113924e-20,-1.7468552e-21,-1.959638e-18,-4.3809828e-17,-1.0229006e-20,-4.2194e-17
hasActivityLoops,object_property,0.0077331736330356685,-0.2655196,-1.953866,2.286578,-2.5332394,-1.1805292,-0.98097175,-0.03338551,0.015861288,-5.9186683e-21,2.5688095e-16,-3.02829e-20,6.33143e-21,-2.4835773e-18,-2.9961276e-18,1.26626464e-20,-6.737596e-18
has_PedagogicalUnit,object_property,0.0077331736330356685,-0.2655196,-1.953866,2.286578,-2.5332394,-1.1805292,-0.98097175,-0.03338551,0.015861288,-5.9186683e-21,2.5688095e-16,-3.02829e-20,6.33143e-21,-2.4835773e-18,-2.9961276e-18,1.26626464e-20,-6.737596e-18
WritingEvaluation,class,0.0038665868165178342,-0.31459847,-2.1649776,1.0210418,2.6394498,-0.5289352,-0.23932739,0.15903121,0.07079996,-3.6368324e-21,2.0395677e-15,2.6132264e-20,-1.7152014e-21,-1.9973326e-18,-4.3960156e-17,-1.0230349e-20,-4.244932e-17
PedagogicalUnit,class,0.008800967277697361,-0.073836416,-2.1851854,0.99831504,2.6371245,-0.52614063,-0.269963,0.08881563,-0.027280798,-3.6145466e-21,2.0236155e-15,2.6128849e-20,-1.7226618e-21,-1.9912924e-18,-4.331913e-17,-1.02303485e-20,-4.2171104e-17
next_Curriculum,object_property,0.0038665868165178342,-0.4498601,-2.0085423,1.9479901,-2.5037866,-1.1741563,-1.3835151,0.09048094,0.0017700907,-6.1746226e-21,2.1810791e-16,-3.023348e-20,6.4273577e-21,-2.573315e-18,-2.0015339e-18,1.266084e-20,-6.23697e-18
mtcu:has_Curriculum,resource,0.0,-0.56079817,-2.261879,-2.4014323,-0.74481595,-1.0661644,1.7214217,0.25325593,-0.023364043,-5.807104e-21,1.3036809e-15,-1.10624025e-20,3.9297756e-21,-2.7485456e-18,-2.8188717e-17,4.9303697e-21,-2.9130032e-17
mtcu:hasPT,resource,0.0,-0.56079817,-2.261879,-2.4014323,-0.74481595,-1.0661644,1.7214217,0.25325593,-0.023364043,-5.807104e-21,1.3036809e-15,-1.10624025e-20,3.9297756e-21,-2.7485456e-18,-2.8188717e-17,4.9303697e-21,-2.9130032e-17
mtcp:isComposedByDepth,resource,0.0,-0.56079817,-2.261879,-2.4014323,-0.74481595,-1.0661644,1.7214217,0.25325593,-0.023364043,-5.807104e-21,1.3036809e-15,-1.10624025e-20,3.9297756e-21,-2.7485456e-18,-2.8188717e-17,4.9303697e-21,-2.9130032e-17
abilityScoreMean,datatype_property,0.0077331736330356685,-0.3400712,-1.9611311,0.5218144,-0.6288298,4.130352,0.68325365,-0.2894786,0.012961887,2.4589097e-20,1.2595511e-15,5.829737e-21,-1.1673501e-20,8.734527e-18,-5.0701023e-17,-4.4039504e-21,-2.7229017e-17
Yee_Immersion_Component,class,0.0038665868165178342,-0.31459847,-2.1649776,1.0210418,2.6394498,-0.5289352,-0.23932739,0.15903121,0.07079996,-3.6368324e-21,2.0395677e-15,2.6132264e-20,-1.7152014e-21,-1.9973326e-18,-4.3960156e-17,-1.0230349e-20,-4.244932e-17
mtr:WritingEvaluation,resource,0.0,-0.56079817,-2.261879,-2.4014323,-0.74481595,-1.0661644,1.7214217,0.25325593,-0.023364043,-5.807104e-21,1.3036809e-15,-1.10624025e-20,3.9297756e-21,-2.7485456e-18,-2.8188717e-17,4.9303697e-21,-2.9130032e-17
financial,individual,0.0,-0.4148475,0.78148437,-0.3933693,0.052952807,-0.013684643,-0.42655346,0.08618732,0.04417396,-3.6113906e-22,1.0599523e-15,8.4137165e-23,1.00435126e-22,-5.52189e-19,-2.5369792e-17,-1.5647031e-23,-2.2651924e-17
research,individual,0.0,-0.4148475,0.78148437,-0.3933693,0.052952807,-0.013684643,-0.42655346,0.08618732,0.04417396,-3.6113906e-22,1.0599523e-15,8.4137165e-23,1.00435126e-22,-5.52189e-19,-2.5369792e-17,-1.5647031e-23,-2.2651924e-17
hasStudentModel,object_property,0.0077331736330356685,-0.2655196,-1.953866,2.286578,-2.5332394,-1.1805292,-0.98097175,-0.03338551,0.015861288,-5.9186683e-21,2.5688095e-16,-3.02829e-20,6.33143e-21,-2.4835773e-18,-2.9961276e-18,1.26626464e-20,-6.737596e-18
BehaviouralKnowledge,class,0.008800967277697361,-0.073836416,-2.1851854,0.99831504,2.6371245,-0.52614063,-0.269963,0.08881563,-0.027280798,-3.6145466e-21,2.0236155e-15,2.6128849e-20,-1.7226618e-21,-1.9912924e-18,-4.331913e-17,-1.02303485e-20,-4.2171104e-17
Hint,class,0.0038665868165178342,-0.31459847,-2.1649776,1.0210418,2.6394498,-0.5289352,-0.23932739,0.15903121,0.07079996,-3.6368324e-21,2.0395677e-15,2.6132264e-20,-1.7152014e-21,-1.9973326e-18,-4.3960156e-17,-1.0230349e-20,-4.244932e-17
teachesDomain,object_property,0.0077331736330356685,-0.2655196,-1.953866,2.286578,-2.5332394,-1.1805292,-0.98097175,-0.03338551,0.015861288,-5.9186683e-21,2.5688095e-16,-3.02829e-20,6.33143e-21,-2.4835773e-18,-2.9961276e-18,1.26626464e-20,-6.737596e-18
Yee_Role-Playing,class,0.0038665868165178342,-0.31459847,-2.1649776,1.0210418,2.6394498,-0.5289352,-0.23932739,0.15903121,0.07079996,-3.6368324e-21,2.0395677e-15,2.6132264e-20,-1.7152014e-21,-1.9973326e-18,-4.3960156e-17,-1.0230349e-20,-4.244932e-17
Context,class,0.0038665868165178342,-0.31459847,-2.1649776,1.0210418,2.6394498,-0.5289352,-0.23932739,0.15903121,0.07079996,-3.6368324e-21,2.0395677e-15,2.6132264e-20,-1.7152014e-21,-1.9973326e-18,-4.3960156e-17,-1.0230349e-20,-4.244932e-17
mtr:item,resource,0.0,-0.56079817,-2.261879,-2.4014323,-0.74481595,-1.0661644,1.7214217,0.25325593,-0.023364043,-5.807104e-21,1.3036809e-15,-1.10624025e-20,3.9297756e-21,-2.7485456e-18,-2.8188717e-17,4.9303697e-21,-2.9130032e-17
PedagogicalModel,class,0.03814712888893397,1.159465,-2.3699822,0.6640656,2.627611,-0.53146386,-0.67125404,-0.76109403,0.90304285,-3.6075108e-21,2.1256796e-15,2.6236965e-20,-1.6930561e-21,-2.0094312e-18,-4.5596763e-17,-1.0263273e-20,-4.3286368e-17
has_MethodStep,object_property,0.0,-0.6342006,-2.0632188,1.609402,-2.4743335,-1.1677835,-1.7860585,0.2143474,-0.012321135,-6.4297496e-21,1.8218218e-16,-3.017744e-20,6.5249404e-21,-2.6494428e-18,-9.752426e-19,1.265738e-20,-5.738372e-18
fillBlanksHasOption,object_property,0.0,-0.6342006,-2.0632188,1.609402,-2.4743335,-1.1677835,-1.7860585,0.2143474,-0.012321135,-6.4297496e-21,1.8218218e-16,-3.017744e-20,6.5249404e-21,-2.6494428e-18,-9.752426e-19,1.265738e-20,-5.738372e-18
leadsToEffectiveness,object_property,0.011599760449553503,-0.08117907,-1.8991895,2.6251662,-2.562692,-1.1869019,-0.5784283,-0.15725197,0.029952545,-5.6635417e-21,2.916752e-16,-3.033894e-20,6.233847e-21,-2.4071603e-18,-3.9784956e-18,1.2664452e-20,-7.269503e-18
its_pedagogical.owl,resource,0.00844503606281013,-0.1494337,-2.2247717,-2.0802934,-0.77650523,-1.0695431,2.099543,0.07213892,-0.12793905,-5.529832e-21,1.3214862e-15,-1.1123959e-20,3.823919e-21,-2.652203e-18,-2.9403227e-17,4.9344324e-21,-2.932119e-17
increasePerformance,individual,0.0,-0.4148475,0.78148437,-0.3933693,0.052952807,-0.013684643,-0.42655346,0.08618732,0.04417396,-3.6113906e-22,1.0599523e-15,8.4137165e-23,1.00435126e-22,-5.52189e-19,-2.5369792e-17,-1.5647031e-23,-2.2651924e-17
mtr:order,resource,0.0,-0.56079817,-2.261879,-2.4014323,-0.74481595,-1.0661644,1.7214217,0.25325593,-0.023364043,-5.807104e-21,1.3036809e-15,-1.10624025e-20,3.9297756e-21,-2.7485456e-18,-2.8188717e-17,4.9303697e-21,-2.9130032e-17
Yee_Teamwork,class,0.0038665868165178342,-0.31459847,-2.1649776,1.0210418,2.6394498,-0.5289352,-0.23932739,0.15903121,0.07079996,-3.6368324e-21,2.0395677e-15,2.6132264e-20,-1.7152014e-21,-1.9973326e-18,-4.3960156e-17,-1.0230349e-20,-4.244932e-17
mtcp:Context,resource,0.0,-0.56079817,-2.261879,-2.4014323,-0.74481595,-1.0661644,1.7214217,0.25325593,-0.023364043,-5.807104e-21,1.3036809e-15,-1.10624025e-20,3.9297756e-21,-2.7485456e-18,-2.8188717e-17,4.9303697e-21,-2.9130032e-17
THINGInstrutionalPlan,class,0.04523263013291473,1.927593,-2.38743,0.6519493,2.5840056,-0.4621627,-0.69081426,0.08075338,1.2850718,-3.481348e-21,2.024977e-15,2.5588719e-20,-1.7054392e-21,-1.9367681e-18,-4.3809828e-17,-1.00219264e-20,-4.2112685e-17
Collections,class,0.0038665868165178342,-0.31459847,-2.1649776,1.0210418,2.6394498,-0.5289352,-0.23932739,0.15903121,0.07079996,-3.6368324e-21,2.0395677e-15,2.6132264e-20,-1.7152014e-21,-1.9973326e-18,-4.3960156e-17,-1.0230349e-20,-4.244932e-17
gato.owl,resource,0.011599760449553503,-0.007776655,-2.0978494,-1.3856677,-0.8331741,-1.0852829,2.9290519,-0.11834346,0.018909622,-5.040896e-21,1.4088371e-15,-1.1223903e-20,3.6386823e-21,-2.506475e-18,-3.119197e-17,4.937442e-21,-3.0606953e-17
importanceLevel,datatype_property,0.0,-0.7087522,-2.070484,-0.15536167,-0.5699244,4.143098,-0.121833265,-0.041745704,-0.015220543,2.4078843e-20,1.1883218e-15,5.935199e-21,-1.147999e-20,8.568661e-18,-4.8734348e-17,-4.4092168e-21,-2.6229793e-17
mtcu:Bug,resource,0.0,-0.56079817,-2.261879,-2.4014323,-0.74481595,-1.0661644,1.7214217,0.25325593,-0.023364043,-5.807104e-21,1.3036809e-15,-1.10624025e-20,3.9297756e-21,-2.7485456e-18,-2.8188717e-17,4.9303697e-21,-2.9130032e-17
mtr:MethodStep,resource,0.0,-0.56079817,-2.261879,-2.4014323,-0.74481595,-1.0661644,1.7214217,0.25325593,-0.023364043,-5.807104e-21,1.3036809e-15,-1.10624025e-20,3.9297756e-21,-2.7485456e-18,-2.8188717e-17,4.9303697e-21,-2.9130032e-17
statement,datatype_property,0.0077331736330356685,-0.3400712,-1.9611311,0.5218144,-0.6288298,4.130352,0.68325365,-0.2894786,0.012961887,2.4589097e-20,1.2595511e-15,5.829737e-21,-1.1673501e-20,8.734527e-18,-5.0701023e-17,-4.4039504e-21,-2.7229017e-17
Gifting,class,0.0038665868165178342,-0.31459847,-2.1649776,1.0210418,2.6394498,-0.5289352,-0.23932739,0.15903121,0.07079996,-3.6368324e-21,2.0395677e-15,2.6132264e-20,-1.7152014e-21,-1.9973326e-18,-4.3960156e-17,-1.0230349e-20,-4.244932e-17
Statement,class,0.0038665868165178342,-0.31459847,-2.1649776,1.0210418,2.6394498,-0.5289352,-0.23932739,0.15903121,0.07079996,-3.6368324e-21,2.0395677e-15,2.6132264e-20,-1.7152014e-21,-1.9973326e-18,-4.3960156e-17,-1.0230349e-20,-4.244932e-17
Game_Design_Element,class,0.06635361724595401,2.6388764,-2.4771118,0.55696124,2.6058593,-0.50036955,-0.8209053,-0.93331516,0.30474016,-3.449494e-21,2.1140043e-15,2.6076706e-20,-1.7429863e-21,-1.9426484e-18,-4.4728604e-17,-1.0211906e-20,-4.274608e-17
UserAccount,class,0.0038665868165178342,-0.31459847,-2.1649776,1.0210418,2.6394498,-0.5289352,-0.23932739,0.15903121,0.07079996,-3.6368324e-21,2.0395677e-15,2.6132264e-20,-1.7152014e-21,-1.9973326e-18,-4.3960156e-17,-1.0230349e-20,-4.244932e-17
mtr:multipleChoiceAnswer,resource,0.0,-0.56079817,-2.261879,-2.4014323,-0.74481595,-1.0661644,1.7214217,0.25325593,-0.023364043,-5.807104e-21,1.3036809e-15,-1.10624025e-20,3.9297756e-21,-2.7485456e-18,-2.8188717e-17,4.9303697e-21,-2.9130032e-17
score_Min,datatype_property,0.0077331736330356685,-0.3400712,-1.9611311,0.5218144,-0.6288298,4.130352,0.68325365,-0.2894786,0.012961887,2.4589097e-20,1.2595511e-15,5.829737e-21,-1.1673501e-20,8.734527e-18,-5.0701023e-17,-4.4039504e-21,-2.7229017e-17
time,datatype_property,0.0038665868165178342,-0.52441174,-2.0158074,0.18322638,-0.5993771,4.136725,0.2807102,-0.16561216,-0.0011293177,2.4333143e-20,1.2242475e-15,5.879159e-21,-1.1577573e-20,8.644789e-18,-4.9760638e-17,-4.4057566e-21,-2.6728391e-17
signal,individual,0.0,-0.4148475,0.78148437,-0.3933693,0.052952807,-0.013684643,-0.42655346,0.08618732,0.04417396,-3.6113906e-22,1.0599523e-15,8.4137165e-23,1.00435126e-22,-5.52189e-19,-2.5369792e-17,-1.5647031e-23,-2.2651924e-17
isComposedByContext,object_property,0.0,-0.6342006,-2.0632188,1.609402,-2.4743335,-1.1677835,-1.7860585,0.2143474,-0.012321135,-6.4297496e-21,1.8218218e-16,-3.017744e-20,6.5249404e-21,-2.6494428e-18,-9.752426e-19,1.265738e-20,-5.738372e-18
meututor_domain_curriculum.owl,resource,0.004758645549519755,-0.32681912,-2.2807841,-2.4215534,-0.74709743,-1.0632712,1.6938539,0.1894416,-0.13160853,-5.7844793e-21,1.2866976e-15,-1.1066855e-20,3.9219133e-21,-2.7422981e-18,-2.842896e-17,4.9306673e-21,-2.883581e-17
social_networks,individual,0.0,-0.4148475,0.78148437,-0.3933693,0.052952807,-0.013684643,-0.42655346,0.08618732,0.04417396,-3.6113906e-22,1.0599523e-15,8.4137165e-23,1.00435126e-22,-5.52189e-19,-2.5369792e-17,-1.5647031e-23,-2.2651924e-17
strategy,datatype_property,0.0077331736330356685,-0.3400712,-1.9611311,0.5218144,-0.6288298,4.130352,0.68325365,-0.2894786,0.012961887,2.4589097e-20,1.2595511e-15,5.829737e-21,-1.1673501e-20,8.734527e-18,-5.0701023e-17,-4.4039504e-21,-2.7229017e-17
mtcp:type,resource,0.0,-0.56079817,-2.261879,-2.4014323,-0.74481595,-1.0661644,1.7214217,0.25325593,-0.023364043,-5.807104e-21,1.3036809e-15,-1.10624025e-20,3.9297756e-21,-2.7485456e-18,-2.8188717e-17,4.9303697e-21,-2.9130032e-17
methodStep,datatype_property,0.0,-0.7087522,-2.070484,-0.15536167,-0.5699244,4.143098,-0.121833265,-0.041745704,-0.015220543,2.4078843e-20,1.1883218e-15,5.935199e-21,-1.147999e-20,8.568661e-18,-4.8734348e-17,-4.4092168e-21,-2.6229793e-17
purpose,individual,0.0,-0.4148475,0.78148437,-0.3933693,0.052952807,-0.013684643,-0.42655346,0.08618732,0.04417396,-3.6113906e-22,1.0599523e-15,8.4137165e-23,1.00435126e-22,-5.52189e-19,-2.5369792e-17,-1.5647031e-23,-2.2651924e-17
previous_Unit,object_property,0.0038665868165178342,-0.4498601,-2.0085423,1.9479901,-2.5037866,-1.1741563,-1.3835151,0.09048094,0.0017700907,-6.1746226e-21,2.1810791e-16,-3.023348e-20,6.4273577e-21,-2.573315e-18,-2.0015339e-18,1.266084e-20,-6.23697e-18
Yee_Mechanics,class,0.0038665868165178342,-0.31459847,-2.1649776,1.0210418,2.6394498,-0.5289352,-0.23932739,0.15903121,0.07079996,-3.6368324e-21,2.0395677e-15,2.6132264e-20,-1.7152014e-21,-1.9973326e-18,-4.3960156e-17,-1.0230349e-20,-4.244932e-17
teacher,datatype_property,0.0077331736330356685,-0.3400712,-1.9611311,0.5218144,-0.6288298,4.130352,0.68325365,-0.2894786,0.012961887,2.4589097e-20,1.2595511e-15,5.829737e-21,-1.1673501e-20,8.734527e-18,-5.0701023e-17,-4.4039504e-21,-2.7229017e-17
rate,datatype_property,0.0,-0.7087522,-2.070484,-0.15536167,-0.5699244,4.143098,-0.121833265,-0.041745704,-0.015220543,2.4078843e-20,1.1883218e-15,5.935199e-21,-1.147999e-20,8.568661e-18,-4.8734348e-17,-4.4092168e-21,-2.6229793e-17
Achievements,class,0.016344310929459843,0.32780683,-2.2079477,0.9882855,2.632149,-0.5177438,-0.2895582,0.055098817,-0.35002953,-3.5630934e-21,2.0372087e-15,2.6093682e-20,-1.7431173e-21,-1.9594562e-18,-4.353678e-17,-1.0220971e-20,-4.1443224e-17
Avatars,class,0.007970461109627158,-0.105891794,-2.179029,1.0106292,2.637332,-0.52567536,-0.2554647,0.119067416,-0.07531352,-3.612946e-21,2.0203087e-15,2.6123947e-20,-1.7245603e-21,-1.9894395e-18,-4.324205e-17,-1.02289445e-20,-4.2102494e-17
ResolutionMethod,class,0.0038665868165178342,-0.31459847,-2.1649776,1.0210418,2.6394498,-0.5289352,-0.23932739,0.15903121,0.07079996,-3.6368324e-21,2.0395677e-15,2.6132264e-20,-1.7152014e-21,-1.9973326e-18,-4.3960156e-17,-1.0230349e-20,-4.244932e-17
ProblemNext,class,0.018669728200056412,0.6742908,-2.2143776,0.9783648,2.608028,-0.47992432,-0.30205736,0.54263604,-0.010023186,-3.5051613e-21,1.9921059e-15,2.5727503e-20,-1.7434867e-21,-1.9226103e-18,-4.2533892e-17,-1.0083357e-20,-4.0521653e-17
Player,class,0.0590507952831803,2.5020561,-2.3883684,0.7703651,2.6014216,-0.47838846,-0.57754666,-0.34921694,-0.8489784,-3.3610279e-21,2.001032e-15,2.5902781e-20,-1.7981463e-21,-1.8872603e-18,-4.3280313e-17,-1.01583765e-20,-4.1390947e-17
has_Resource,object_property,0.0077331736330356685,-0.2655196,-1.953866,2.286578,-2.5332394,-1.1805292,-0.98097175,-0.03338551,0.015861288,-5.9186683e-21,2.5688095e-16,-3.02829e-20,6.33143e-21,-2.4835773e-18,-2.9961276e-18,1.26626464e-20,-6.737596e-18
Question,class,0.0038665868165178342,-0.31459847,-2.1649776,1.0210418,2.6394498,-0.5289352,-0.23932739,0.15903121,0.07079996,-3.6368324e-21,2.0395677e-15,2.6132264e-20,-1.7152014e-21,-1.9973326e-18,-4.3960156e-17,-1.0230349e-20,-4.244932e-17
DomainModel,class,0.008800967277697361,-0.073836416,-2.1851854,0.99831504,2.6371245,-0.52614063,-0.269963,0.08881563,-0.027280798,-3.6145466e-21,2.0236155e-15,2.6128849e-20,-1.7226618e-21,-1.9912924e-18,-4.331913e-17,-1.02303485e-20,-4.2171104e-17
Challenges,class,0.016344310929459843,0.32780683,-2.2079477,0.9882855,2.632149,-0.5177438,-0.2895582,0.055098817,-0.35002953,-3.5630934e-21,2.0372087e-15,2.6093682e-20,-1.7431173e-21,-1.9594562e-18,-4.353678e-17,-1.0220971e-20,-4.1443224e-17
Strategy,class,0.036117603834338693,1.2320538,-2.3058293,0.8454671,2.6248372,-0.5136492,-0.46931025,-0.35859862,-0.364725,-3.5082143e-21,2.0629636e-15,2.6127379e-20,-1.7539177e-21,-1.9544959e-18,-4.3705395e-17,-1.02348156e-20,-4.177109e-17
Domain,class,0.018669728200056412,0.4076877,-2.225601,0.9528614,2.6324737,-0.5205514,-0.331234,-0.05161553,-0.22344232,-3.569975e-21,2.0484844e-15,2.6122018e-20,-1.7375825e-21,-1.9662325e-18,-4.3780724e-17,-1.0230347e-20,-4.168717e-17
desiredPoints,datatype_property,0.0,-0.7087522,-2.070484,-0.15536167,-0.5699244,4.143098,-0.121833265,-0.041745704,-0.015220543,2.4078843e-20,1.1883218e-15,5.935199e-21,-1.147999e-20,8.568661e-18,-4.8734348e-17,-4.4092168e-21,-2.6229793e-17
hasPlayerInteraction,object_property,0.011599760449553503,-0.08117907,-1.8991895,2.6251662,-2.562692,-1.1869019,-0.5784283,-0.15725197,0.029952545,-5.6635417e-21,2.916752e-16,-3.033894e-20,6.233847e-21,-2.4071603e-18,-3.9784956e-18,1.2664452e-20,-7.269503e-18
MatchColumnAnswer,class,0.0038665868165178342,-0.31459847,-2.1649776,1.0210418,2.6394498,-0.5289352,-0.23932739,0.15903121,0.07079996,-3.6368324e-21,2.0395677e-15,2.6132264e-20,-1.7152014e-21,-1.9973326e-18,-4.3960156e-17,-1.0230349e-20,-4.244932e-17
value,datatype_property,0.0038665868165178342,-0.52441174,-2.0158074,0.18322638,-0.5993771,4.136725,0.2807102,-0.16561216,-0.0011293177,2.4333143e-20,1.2242475e-15,5.879159e-21,-1.1577573e-20,8.644789e-18,-4.9760638e-17,-4.4057566e-21,-2.6728391e-17
Yee_Advancement,class,0.0038665868165178342,-0.31459847,-2.1649776,1.0210418,2.6394498,-0.5289352,-0.23932739,0.15903121,0.07079996,-3.6368324e-21,2.0395677e-15,2.6132264e-20,-1.7152014e-21,-1.9973326e-18,-4.3960156e-17,-1.0230349e-20,-4.244932e-17
includes,object_property,0.0077331736330356685,-0.2655196,-1.953866,2.286578,-2.5332394,-1.1805292,-0.98097175,-0.03338551,0.015861288,-5.9186683e-21,2.5688095e-16,-3.02829e-20,6.33143e-21,-2.4835773e-18,-2.9961276e-18,1.26626464e-20,-6.737596e-18
Form,class,0.0038665868165178342,-0.31459847,-2.1649776,1.0210418,2.6394498,-0.5289352,-0.23932739,0.15903121,0.07079996,-3.6368324e-21,2.0395677e-15,2.6132264e-20,-1.7152014e-21,-1.9973326e-18,-4.3960156e-17,-1.0230349e-20,-4.244932e-17
matched_To,object_property,0.0,-0.6342006,-2.0632188,1.609402,-2.4743335,-1.1677835,-1.7860585,0.2143474,-0.012321135,-6.4297496e-21,1.8218218e-16,-3.017744e-20,6.5249404e-21,-2.6494428e-18,-9.752426e-19,1.265738e-20,-5.738372e-18
motivation,individual,0.0,-0.4148475,0.78148437,-0.3933693,0.052952807,-0.013684643,-0.42655346,0.08618732,0.04417396,-3.6113906e-22,1.0599523e-15,8.4137165e-23,1.00435126e-22,-5.52189e-19,-2.5369792e-17,-1.5647031e-23,-2.2651924e-17
Combat,class,0.0038665868165178342,-0.31459847,-2.1649776,1.0210418,2.6394498,-0.5289352,-0.23932739,0.15903121,0.07079996,-3.6368324e-21,2.0395677e-15,2.6132264e-20,-1.7152014e-21,-1.9973326e-18,-4.3960156e-17,-1.0230349e-20,-4.244932e-17
exercise,datatype_property,0.0,-0.7087522,-2.070484,-0.15536167,-0.5699244,4.143098,-0.121833265,-0.041745704,-0.015220543,2.4078843e-20,1.1883218e-15,5.935199e-21,-1.147999e-20,8.568661e-18,-4.8734348e-17,-4.4092168e-21,-2.6229793e-17
Progressive_Loop,class,0.009868760922359054,-0.03262235,-2.1931007,0.98248255,2.636858,-0.5267389,-0.28860363,0.049920462,0.034475576,-3.6166045e-21,2.027871e-15,2.613515e-20,-1.7202206e-21,-1.9936746e-18,-4.3418234e-17,-1.0232153e-20,-4.225962e-17
isUsedFor,object_property,0.012311622879327964,-0.03849557,-1.9714353,2.2691288,-2.5354757,-1.177535,-1.0053936,-0.09063603,-0.1028049,-5.8956967e-21,2.387662e-16,-3.0288417e-20,6.3231556e-21,-2.4764053e-18,-3.1788965e-18,1.2663248e-20,-6.4563515e-18
courseName,datatype_property,0.0077331736330356685,-0.3400712,-1.9611311,0.5218144,-0.6288298,4.130352,0.68325365,-0.2894786,0.012961887,2.4589097e-20,1.2595511e-15,5.829737e-21,-1.1673501e-20,8.734527e-18,-5.0701023e-17,-4.4039504e-21,-2.7229017e-17
leadsToParticipation,object_property,0.03479928134866051,1.0248642,-1.5711305,4.6566944,-2.7394083,-1.2251391,1.8368328,-0.90045077,0.114499904,-4.1311254e-21,4.7038567e-16,-3.064871e-20,5.6549694e-21,-1.906273e-18,-1.0022122e-17,1.2676943e-20,-1.19062764e-17
multipleChoiceAnswer,datatype_property,0.0,-0.7087522,-2.070484,-0.15536167,-0.5699244,4.143098,-0.121833265,-0.041745704,-0.015220543,2.4078843e-20,1.1883218e-15,5.935199e-21,-1.147999e-20,8.568661e-18,-4.8734348e-17,-4.4092168e-21,-2.6229793e-17
CompositeResource,class,0.0038665868165178342,-0.31459847,-2.1649776,1.0210418,2.6394498,-0.5289352,-0.23932739,0.15903121,0.07079996,-3.6368324e-21,2.0395677e-15,2.6132264e-20,-1.7152014e-21,-1.9973326e-18,-4.3960156e-17,-1.0230349e-20,-4.244932e-17
mtcu:KnowledgeUnit,resource,0.0,-0.56079817,-2.261879,-2.4014323,-0.74481595,-1.0661644,1.7214217,0.25325593,-0.023364043,-5.807104e-21,1.3036809e-15,-1.10624025e-20,3.9297756e-21,-2.7485456e-18,-2.8188717e-17,4.9303697e-21,-2.9130032e-17
Social_Graph,class,0.0038665868165178342,-0.31459847,-2.1649776,1.0210418,2.6394498,-0.5289352,-0.23932739,0.15903121,0.07079996,-3.6368324e-21,2.0395677e-15,2.6132264e-20,-1.7152014e-21,-1.9973326e-18,-4.3960156e-17,-1.0230349e-20,-4.244932e-17
BrainHex,class,0.0038665868165178342,-0.31459847,-2.1649776,1.0210418,2.6394498,-0.5289352,-0.23932739,0.15903121,0.07079996,-3.6368324e-21,2.0395677e-15,2.6132264e-20,-1.7152014e-21,-1.9973326e-18,-4.3960156e-17,-1.0230349e-20,-4.244932e-17
startDate,datatype_property,0.0,-0.7087522,-2.070484,-0.15536167,-0.5699244,4.143098,-0.121833265,-0.041745704,-0.015220543,2.4078843e-20,1.1883218e-15,5.935199e-21,-1.147999e-20,8.568661e-18,-4.8734348e-17,-4.4092168e-21,-2.6229793e-17
Conqueror,class,0.0038665868165178342,-0.31459847,-2.1649776,1.0210418,2.6394498,-0.5289352,-0.23932739,0.15903121,0.07079996,-3.6368324e-21,2.0395677e-15,2.6132264e-20,-1.7152014e-21,-1.9973326e-18,-4.3960156e-17,-1.0230349e-20,-4.244932e-17
Metric,class,0.028484565705424125,1.0648658,-2.2581348,0.9252097,2.6115394,-0.4878472,-0.3721127,0.20608525,-0.280443,-3.4820903e-21,2.0292063e-15,2.5851858e-20,-1.7565627e-21,-1.9255913e-18,-4.243516e-17,-1.013226e-20,-4.1136962e-17
has_discursiveOption,object_property,0.0,-0.6342006,-2.0632188,1.609402,-2.4743335,-1.1677835,-1.7860585,0.2143474,-0.012321135,-6.4297496e-21,1.8218218e-16,-3.017744e-20,6.5249404e-21,-2.6494428e-18,-9.752426e-19,1.265738e-20,-5.738372e-18
ResourceUnit,class,0.030674076411738842,0.97164,-2.2818475,0.8757431,2.6272898,-0.51615864,-0.42978638,-0.269837,-0.29609102,-3.529519e-21,2.0760439e-15,2.6127789e-20,-1.7476212e-21,-1.9594726e-18,-4.341094e-17,-1.02339545e-20,-4.2112744e-17
Bug,class,0.0038665868165178342,-0.31459847,-2.1649776,1.0210418,2.6394498,-0.5289352,-0.23932739,0.15903121,0.07079996,-3.6368324e-21,2.0395677e-15,2.6132264e-20,-1.7152014e-21,-1.9973326e-18,-4.3960156e-17,-1.0230349e-20,-4.244932e-17
Game_Context,class,0.0038665868165178342,-0.31459847,-2.1649776,1.0210418,2.6394498,-0.5289352,-0.23932739,0.15903121,0.07079996,-3.6368324e-21,2.0395677e-15,2.6132264e-20,-1.7152014e-21,-1.9973326e-18,-4.3960156e-17,-1.0230349e-20,-4.244932e-17
Target_Behavior,class,0.03723160956613015,1.4434533,-2.225137,1.2376199,2.583849,-0.4981664,-0.0041261734,-0.08507452,-0.40312114,-3.2145489e-21,2.0603674e-15,2.5864455e-20,-1.860745e-21,-1.8382524e-18,-4.3922854e-17,-1.0154861e-20,-4.2399402e-17
Diagnosis,class,0.0038665868165178342,-0.31459847,-2.1649776,1.0210418,2.6394498,-0.5289352,-0.23932739,0.15903121,0.07079996,-3.6368324e-21,2.0395677e-15,2.6132264e-20,-1.7152014e-21,-1.9973326e-18,-4.3960156e-17,-1.0230349e-20,-4.244932e-17
leadsToEnjoyment,object_property,0.03479928134866051,1.0248642,-1.5711305,4.6566944,-2.7394083,-1.2251391,1.8368328,-0.90045077,0.114499904,-4.1311254e-21,4.7038567e-16,-3.064871e-20,5.6549694e-21,-1.906273e-18,-1.0022122e-17,1.2676943e-20,-1.19062764e-17
Motivational_Component,class,0.008800967277697361,-0.073836416,-2.1851854,0.99831504,2.6371245,-0.52614063,-0.269963,0.08881563,-0.027280798,-3.6145466e-21,2.0236155e-15,2.6128849e-20,-1.7226618e-21,-1.9912924e-18,-4.331913e-17,-1.02303485e-20,-4.2171104e-17
isDescribedByType,object_property,0.012311622879327964,-0.03849557,-1.9714353,2.2691288,-2.5354757,-1.177535,-1.0053936,-0.09063603,-0.1028049,-5.8956967e-21,2.387662e-16,-3.0288417e-20,6.3231556e-21,-2.4764053e-18,-3.1788965e-18,1.2663248e-20,-6.4563515e-18
hasGameElement,object_property,0.011599760449553503,-0.08117907,-1.8991895,2.6251662,-2.562692,-1.1869019,-0.5784283,-0.15725197,0.029952545,-5.6635417e-21,2.916752e-16,-3.033894e-20,6.233847e-21,-2.4071603e-18,-3.9784956e-18,1.2664452e-20,-7.269503e-18
mtr:superKC,resource,0.0,-0.56079817,-2.261879,-2.4014323,-0.74481595,-1.0661644,1.7214217,0.25325593,-0.023364043,-5.807104e-21,1.3036809e-15,-1.10624025e-20,3.9297756e-21,-2.7485456e-18,-2.8188717e-17,4.9303697e-21,-2.9130032e-17
Yee_Relationship,class,0.0038665868165178342,-0.31459847,-2.1649776,1.0210418,2.6394498,-0.5289352,-0.23932739,0.15903121,0.07079996,-3.6368324e-21,2.0395677e-15,2.6132264e-20,-1.7152014e-21,-1.9973326e-18,-4.3960156e-17,-1.0230349e-20,-4.244932e-17
gado_full.owl,resource,0.00844503606281013,-0.1494337,-2.2247717,-2.0802934,-0.77650523,-1.0695431,2.099543,0.07213892,-0.12793905,-5.529832e-21,1.3214862e-15,-1.1123959e-20,3.823919e-21,-2.652203e-18,-2.9403227e-17,4.9344324e-21,-2.932119e-17
THINGDomain,class,0.0038665868165178342,-0.31459847,-2.1649776,1.0210418,2.6394498,-0.5289352,-0.23932739,0.15903121,0.07079996,-3.6368324e-21,2.0395677e-15,2.6132264e-20,-1.7152014e-21,-1.9973326e-18,-4.3960156e-17,-1.0230349e-20,-4.244932e-17
Narrative,class,0.0038665868165178342,-0.31459847,-2.1649776,1.0210418,2.6394498,-0.5289352,-0.23932739,0.15903121,0.07079996,-3.6368324e-21,2.0395677e-15,2.6132264e-20,-1.7152014e-21,-1.9973326e-18,-4.3960156e-17,-1.0230349e-20,-4.244932e-17
Yee_Achievement_Component,class,0.0038665868165178342,-0.31459847,-2.1649776,1.0210418,2.6394498,-0.5289352,-0.23932739,0.15903121,0.07079996,-3.6368324e-21,2.0395677e-15,2.6132264e-20,-1.7152014e-21,-1.9973326e-18,-4.3960156e-17,-1.0230349e-20,-4.244932e-17
Concept,class,0.0038665868165178342,-0.31459847,-2.1649776,1.0210418,2.6394498,-0.5289352,-0.23932739,0.15903121,0.07079996,-3.6368324e-21,2.0395677e-15,2.6132264e-20,-1.7152014e-21,-1.9973326e-18,-4.3960156e-17,-1.0230349e-20,-4.244932e-17
Teams,class,0.0038665868165178342,-0.31459847,-2.1649776,1.0210418,2.6394498,-0.5289352,-0.23932739,0.15903121,0.07079996,-3.6368324e-21,2.0395677e-15,2.6132264e-20,-1.7152014e-21,-1.9973326e-18,-4.3960156e-17,-1.0230349e-20,-4.244932e-17
mt:Competence,resource,0.0,-0.56079817,-2.261879,-2.4014323,-0.74481595,-1.0661644,1.7214217,0.25325593,-0.023364043,-5.807104e-21,1.3036809e-15,-1.10624025e-20,3.9297756e-21,-2.7485456e-18,-2.8188717e-17,4.9303697e-21,-2.9130032e-17
mtcu:Misconception,resource,0.0,-0.56079817,-2.261879,-2.4014323,-0.74481595,-1.0661644,1.7214217,0.25325593,-0.023364043,-5.807104e-21,1.3036809e-15,-1.10624025e-20,3.9297756e-21,-2.7485456e-18,-2.8188717e-17,4.9303697e-21,-2.9130032e-17
has_Sequencing,object_property,0.0077331736330356685,-0.2655196,-1.953866,2.286578,-2.5332394,-1.1805292,-0.98097175,-0.03338551,0.015861288,-5.9186683e-21,2.5688095e-16,-3.02829e-20,6.33143e-21,-2.4835773e-18,-2.9961276e-18,1.26626464e-20,-6.737596e-18
mtcu:hasDiscrepancy,resource,0.0,-0.56079817,-2.261879,-2.4014323,-0.74481595,-1.0661644,1.7214217,0.25325593,-0.023364043,-5.807104e-21,1.3036809e-15,-1.10624025e-20,3.9297756e-21,-2.7485456e-18,-2.8188717e-17,4.9303697e-21,-2.9130032e-17
leadsToCompetition,object_property,0.0077331736330356685,-0.2655196,-1.953866,2.286578,-2.5332394,-1.1805292,-0.98097175,-0.03338551,0.015861288,-5.9186683e-21,2.5688095e-16,-3.02829e-20,6.33143e-21,-2.4835773e-18,-2.9961276e-18,1.26626464e-20,-6.737596e-18
mtr:Content,resource,0.0,-0.56079817,-2.261879,-2.4014323,-0.74481595,-1.0661644,1.7214217,0.25325593,-0.023364043,-5.807104e-21,1.3036809e-15,-1.10624025e-20,3.9297756e-21,-2.7485456e-18,-2.8188717e-17,4.9303697e-21,-2.9130032e-17
meututor_domain_resource.owl,resource,0.004758645549519755,-0.32681912,-2.2807841,-2.4215534,-0.74709743,-1.0632712,1.6938539,0.1894416,-0.13160853,-5.7844793e-21,1.2866976e-15,-1.1066855e-20,3.9219133e-21,-2.7422981e-18,-2.842896e-17,4.9306673e-21,-2.883581e-17
autonomy,individual,0.0,-0.4148475,0.78148437,-0.3933693,0.052952807,-0.013684643,-0.42655346,0.08618732,0.04417396,-3.6113906e-22,1.0599523e-15,8.4137165e-23,1.00435126e-22,-5.52189e-19,-2.5369792e-17,-1.5647031e-23,-2.2651924e-17
Competence,class,0.0038665868165178342,-0.31459847,-2.1649776,1.0210418,2.6394498,-0.5289352,-0.23932739,0.15903121,0.07079996,-3.6368324e-21,2.0395677e-15,2.6132264e-20,-1.7152014e-21,-1.9973326e-18,-4.3960156e-17,-1.0230349e-20,-4.244932e-17
mtcu:BehaviouralKnowledge,resource,0.0,-0.56079817,-2.261879,-2.4014323,-0.74481595,-1.0661644,1.7214217,0.25325593,-0.023364043,-5.807104e-21,1.3036809e-15,-1.10624025e-20,3.9297756e-21,-2.7485456e-18,-2.8188717e-17,4.9303697e-21,-2.9130032e-17
Boss_Fights,class,0.008160291090900346,-0.098564856,-2.1804361,1.0078145,2.6372845,-0.5257817,-0.2587786,0.112152725,-0.06433462,-3.613312e-21,2.0210676e-15,2.6125068e-20,-1.7241263e-21,-1.989863e-18,-4.325984e-17,-1.0229265e-20,-4.2118164e-17
cluster,datatype_property,0.0,-0.7087522,-2.070484,-0.15536167,-0.5699244,4.143098,-0.121833265,-0.041745704,-0.015220543,2.4078843e-20,1.1883218e-15,5.935199e-21,-1.147999e-20,8.568661e-18,-4.8734348e-17,-4.4092168e-21,-2.6229793e-17
Story,class,0.01615448094818665,0.32047987,-2.2065406,0.99110013,2.6321962,-0.5176375,-0.2862443,0.062013507,-0.36100847,-3.5627275e-21,2.0363413e-15,2.6092563e-20,-1.7435513e-21,-1.9590327e-18,-4.353678e-17,-1.022065e-20,-4.141612e-17
CategoryExploration,class,0.013094671552079874,0.14219718,-2.200644,0.98508763,2.6349592,-0.52298707,-0.2894141,0.041937154,-0.16241536,-3.5910265e-21,2.0597923e-15,2.6121651e-20,-1.7315867e-21,-1.9836438e-18,-4.3470558e-17,-1.0229265e-20,-4.1869103e-17
mtcp:importanceLevel,resource,0.0,-0.56079817,-2.261879,-2.4014323,-0.74481595,-1.0661644,1.7214217,0.25325593,-0.023364043,-5.807104e-21,1.3036809e-15,-1.10624025e-20,3.9297756e-21,-2.7485456e-18,-2.8188717e-17,4.9303697e-21,-2.9130032e-17
tactic,datatype_property,0.0077331736330356685,-0.3400712,-1.9611311,0.5218144,-0.6288298,4.130352,0.68325365,-0.2894786,0.012961887,2.4589097e-20,1.2595511e-15,5.829737e-21,-1.1673501e-20,8.734527e-18,-5.0701023e-17,-4.4039504e-21,-2.7229017e-17
SDT_Competence,class,0.0038665868165178342,-0.31459847,-2.1649776,1.0210418,2.6394498,-0.5289352,-0.23932739,0.15903121,0.07079996,-3.6368324e-21,2.0395677e-15,2.6132264e-20,-1.7152014e-21,-1.9973326e-18,-4.3960156e-17,-1.0230349e-20,-4.244932e-17
Status,class,0.0038665868165178342,-0.31459847,-2.1649776,1.0210418,2.6394498,-0.5289352,-0.23932739,0.15903121,0.07079996,-3.6368324e-21,2.0395677e-15,2.6132264e-20,-1.7152014e-21,-1.9973326e-18,-4.3960156e-17,-1.0230349e-20,-4.244932e-17
item,datatype_property,0.0,-0.7087522,-2.070484,-0.15536167,-0.5699244,4.143098,-0.121833265,-0.041745704,-0.015220543,2.4078843e-20,1.1883218e-15,5.935199e-21,-1.147999e-20,8.568661e-18,-4.8734348e-17,-4.4092168e-21,-2.6229793e-17
metricExpectedValue,datatype_property,0.0077331736330356685,-0.3400712,-1.9611311,0.5218144,-0.6288298,4.130352,0.68325365,-0.2894786,0.012961887,2.4589097e-20,1.2595511e-15,5.829737e-21,-1.1673501e-20,8.734527e-18,-5.0701023e-17,-4.4039504e-21,-2.7229017e-17
GenericOperator,class,0.0038665868165178342,-0.31459847,-2.1649776,1.0210418,2.6394498,-0.5289352,-0.23932739,0.15903121,0.07079996,-3.6368324e-21,2.0395677e-15,2.6132264e-20,-1.7152014e-21,-1.9973326e-18,-4.3960156e-17,-1.0230349e-20,-4.244932e-17
MultipleChoiceOption,class,0.0038665868165178342,-0.31459847,-2.1649776,1.0210418,2.6394498,-0.5289352,-0.23932739,0.15903121,0.07079996,-3.6368324e-21,2.0395677e-15,2.6132264e-20,-1.7152014e-21,-1.9973326e-18,-4.3960156e-17,-1.0230349e-20,-4.244932e-17
recommendedFor,object_property,0.0077331736330356685,-0.2655196,-1.953866,2.286578,-2.5332394,-1.1805292,-0.98097175,-0.03338551,0.015861288,-5.9186683e-21,2.5688095e-16,-3.02829e-20,6.33143e-21,-2.4835773e-18,-2.9961276e-18,1.26626464e-20,-6.737596e-18
archetypeLikes,datatype_property,0.0038665868165178342,-0.52441174,-2.0158074,0.18322638,-0.5993771,4.136725,0.2807102,-0.16561216,-0.0011293177,2.4333143e-20,1.2242475e-15,5.879159e-21,-1.1577573e-20,8.644789e-18,-4.9760638e-17,-4.4057566e-21,-2.6728391e-17
hasTargetBehavior,object_property,0.0077331736330356685,-0.2655196,-1.953866,2.286578,-2.5332394,-1.1805292,-0.98097175,-0.03338551,0.015861288,-5.9186683e-21,2.5688095e-16,-3.02829e-20,6.33143e-21,-2.4835773e-18,-2.9961276e-18,1.26626464e-20,-6.737596e-18
hint,datatype_property,0.0,-0.7087522,-2.070484,-0.15536167,-0.5699244,4.143098,-0.121833265,-0.041745704,-0.015220543,2.4078843e-20,1.1883218e-15,5.935199e-21,-1.147999e-20,8.568661e-18,-4.8734348e-17,-4.4092168e-21,-2.6229793e-17
hasGamification,object_property,0.011599760449553503,-0.08117907,-1.8991895,2.6251662,-2.562692,-1.1869019,-0.5784283,-0.15725197,0.029952545,-5.6635417e-21,2.916752e-16,-3.033894e-20,6.233847e-21,-2.4071603e-18,-3.9784956e-18,1.2664452e-20,-7.269503e-18
has_Problem,object_property,0.0077331736330356685,-0.2655196,-1.953866,2.286578,-2.5332394,-1.1805292,-0.98097175,-0.03338551,0.015861288,-5.9186683e-21,2.5688095e-16,-3.02829e-20,6.33143e-21,-2.4835773e-18,-2.9961276e-18,1.26626464e-20,-6.737596e-18
typeStrategy,datatype_property,0.0077331736330356685,-0.3400712,-1.9611311,0.5218144,-0.6288298,4.130352,0.68325365,-0.2894786,0.012961887,2.4589097e-20,1.2595511e-15,5.829737e-21,-1.1673501e-20,8.734527e-18,-5.0701023e-17,-4.4039504e-21,-2.7229017e-17
CategoryCompetition,class,0.013735347738876889,0.16692561,-2.2053933,0.9755882,2.6347992,-0.523346,-0.3005985,0.018600069,-0.12536153,-3.5922612e-21,2.0623944e-15,2.6125432e-20,-1.7301222e-21,-1.9849144e-18,-4.3524768e-17,-1.0230348e-20,-4.1923313e-17
DiscursiveOption,class,0.0038665868165178342,-0.31459847,-2.1649776,1.0210418,2.6394498,-0.5289352,-0.23932739,0.15903121,0.07079996,-3.6368324e-21,2.0395677e-15,2.6132264e-20,-1.7152014e-21,-1.9973326e-18,-4.3960156e-17,-1.0230349e-20,-4.244932e-17
isParentOfHint,object_property,0.0,-0.6342006,-2.0632188,1.609402,-2.4743335,-1.1677835,-1.7860585,0.2143474,-0.012321135,-6.4297496e-21,1.8218218e-16,-3.017744e-20,6.5249404e-21,-2.6494428e-18,-9.752426e-19,1.265738e-20,-5.738372e-18
isMotivatedWith,object_property,0.0077331736330356685,-0.2655196,-1.953866,2.286578,-2.5332394,-1.1805292,-0.98097175,-0.03338551,0.015861288,-5.9186683e-21,2.5688095e-16,-3.02829e-20,6.33143e-21,-2.4835773e-18,-2.9961276e-18,1.26626464e-20,-6.737596e-18
Activity,class,0.0038665868165178342,-0.31459847,-2.1649776,1.0210418,2.6394498,-0.5289352,-0.23932739,0.15903121,0.07079996,-3.6368324e-21,2.0395677e-15,2.6132264e-20,-1.7152014e-21,-1.9973326e-18,-4.3960156e-17,-1.0230349e-20,-4.244932e-17
hasExample,object_property,0.0,-0.6342006,-2.0632188,1.609402,-2.4743335,-1.1677835,-1.7860585,0.2143474,-0.012321135,-6.4297496e-21,1.8218218e-16,-3.017744e-20,6.5249404e-21,-2.6494428e-18,-9.752426e-19,1.265738e-20,-5.738372e-18
Socializer,class,0.0038665868165178342,-0.31459847,-2.1649776,1.0210418,2.6394498,-0.5289352,-0.23932739,0.15903121,0.07079996,-3.6368324e-21,2.0395677e-15,2.6132264e-20,-1.7152014e-21,-1.9973326e-18,-4.3960156e-17,-1.0230349e-20,-4.244932e-17
has_Domain,object_property,0.0,-0.6342006,-2.0632188,1.609402,-2.4743335,-1.1677835,-1.7860585,0.2143474,-0.012321135,-6.4297496e-21,1.8218218e-16,-3.017744e-20,6.5249404e-21,-2.6494428e-18,-9.752426e-19,1.265738e-20,-5.738372e-18
computer-supported_cooperative_work,individual,0.0,-0.4148475,0.78148437,-0.3933693,0.052952807,-0.013684643,-0.42655346,0.08618732,0.04417396,-3.6113906e-22,1.0599523e-15,8.4137165e-23,1.00435126e-22,-5.52189e-19,-2.5369792e-17,-1.5647031e-23,-2.2651924e-17
methodDescription,datatype_property,0.0,-0.7087522,-2.070484,-0.15536167,-0.5699244,4.143098,-0.121833265,-0.041745704,-0.015220543,2.4078843e-20,1.1883218e-15,5.935199e-21,-1.147999e-20,8.568661e-18,-4.8734348e-17,-4.4092168e-21,-2.6229793e-17
StudentModel,class,0.018669728200056412,0.4076877,-2.225601,0.9528614,2.6324737,-0.5205514,-0.331234,-0.05161553,-0.22344232,-3.569975e-21,2.0484844e-15,2.6122018e-20,-1.7375825e-21,-1.9662325e-18,-4.3780724e-17,-1.0230347e-20,-4.168717e-17
ResourceWeight,class,0.0038665868165178342,-0.31459847,-2.1649776,1.0210418,2.6394498,-0.5289352,-0.23932739,0.15903121,0.07079996,-3.6368324e-21,2.0395677e-15,2.6132264e-20,-1.7152014e-21,-1.9973326e-18,-4.3960156e-17,-1.0230349e-20,-4.244932e-17
Win_States,class,0.0038665868165178342,-0.31459847,-2.1649776,1.0210418,2.6394498,-0.5289352,-0.23932739,0.15903121,0.07079996,-3.6368324e-21,2.0395677e-15,2.6132264e-20,-1.7152014e-21,-1.9973326e-18,-4.3960156e-17,-1.0230349e-20,-4.244932e-17
CategoryEnjoyment,class,0.012904841570806683,0.13487022,-2.1992369,0.98790234,2.6350064,-0.52288073,-0.2861002,0.04885186,-0.17339426,-3.5906606e-21,2.0593586e-15,2.6120532e-20,-1.7320207e-21,-1.9832203e-18,-4.3457006e-17,-1.0228944e-20,-4.185555e-17
education,individual,0.0,-0.4148475,0.78148437,-0.3933693,0.052952807,-0.013684643,-0.42655346,0.08618732,0.04417396,-3.6113906e-22,1.0599523e-15,8.4137165e-23,1.00435126e-22,-5.52189e-19,-2.5369792e-17,-1.5647031e-23,-2.2651924e-17
numberOfViews,datatype_property,0.0,-0.7087522,-2.070484,-0.15536167,-0.5699244,4.143098,-0.121833265,-0.041745704,-0.015220543,2.4078843e-20,1.1883218e-15,5.935199e-21,-1.147999e-20,8.568661e-18,-4.8734348e-17,-4.4092168e-21,-2.6229793e-17
spark,individual,0.0,-0.4148475,0.78148437,-0.3933693,0.052952807,-0.013684643,-0.42655346,0.08618732,0.04417396,-3.6113906e-22,1.0599523e-15,8.4137165e-23,1.00435126e-22,-5.52189e-19,-2.5369792e-17,-1.5647031e-23,-2.2651924e-17
mtr:Diagnosis,resource,0.0,-0.56079817,-2.261879,-2.4014323,-0.74481595,-1.0661644,1.7214217,0.25325593,-0.023364043,-5.807104e-21,1.3036809e-15,-1.10624025e-20,3.9297756e-21,-2.7485456e-18,-2.8188717e-17,4.9303697e-21,-2.9130032e-17
Activity_Loop,class,0.03763232186102284,1.284644,-2.3315566,0.77682215,2.6214783,-0.5132859,-0.54639477,-0.4242543,0.14191248,-3.5321262e-21,2.0933911e-15,2.6103101e-20,-1.7326982e-21,-1.967943e-18,-4.3844622e-17,-1.022122e-20,-4.2492215e-17
isParentOf_Tactic,object_property,0.0134560243972562,0.0056753685,-1.9799185,2.2521605,-2.5357616,-1.1781763,-1.0253717,-0.13232169,-0.036617856,-5.8979024e-21,2.435367e-16,-3.028166e-20,6.325772e-21,-2.4789464e-18,-3.2737641e-18,1.26613136e-20,-6.551219e-18
mtr:matched_To,resource,0.0,-0.56079817,-2.261879,-2.4014323,-0.74481595,-1.0661644,1.7214217,0.25325593,-0.023364043,-5.807104e-21,1.3036809e-15,-1.10624025e-20,3.9297756e-21,-2.7485456e-18,-2.8188717e-17,4.9303697e-21,-2.9130032e-17
tokenized_statement,datatype_property,0.0,-0.7087522,-2.070484,-0.15536167,-0.5699244,4.143098,-0.121833265,-0.041745704,-0.015220543,2.4078843e-20,1.1883218e-15,5.935199e-21,-1.147999e-20,8.568661e-18,-4.8734348e-17,-4.4092168e-21,-2.6229793e-17
mtcu:issue,resource,0.0,-0.56079817,-2.261879,-2.4014323,-0.74481595,-1.0661644,1.7214217,0.25325593,-0.023364043,-5.807104e-21,1.3036809e-15,-1.10624025e-20,3.9297756e-21,-2.7485456e-18,-2.8188717e-17,4.9303697e-21,-2.9130032e-17
hasPedagogicalModel,object_property,0.0077331736330356685,-0.2655196,-1.953866,2.286578,-2.5332394,-1.1805292,-0.98097175,-0.03338551,0.015861288,-5.9186683e-21,2.5688095e-16,-3.02829e-20,6.33143e-21,-2.4835773e-18,-2.9961276e-18,1.26626464e-20,-6.737596e-18
loopStatus,datatype_property,0.0077331736330356685,-0.3400712,-1.9611311,0.5218144,-0.6288298,4.130352,0.68325365,-0.2894786,0.012961887,2.4589097e-20,1.2595511e-15,5.829737e-21,-1.1673501e-20,8.734527e-18,-5.0701023e-17,-4.4039504e-21,-2.7229017e-17
next_Unit,object_property,0.0038665868165178342,-0.4498601,-2.0085423,1.9479901,-2.5037866,-1.1741563,-1.3835151,0.09048094,0.0017700907,-6.1746226e-21,2.1810791e-16,-3.023348e-20,6.4273577e-21,-2.573315e-18,-2.0015339e-18,1.266084e-20,-6.23697e-18
GDE_Dynamic,class,0.03881183780690345,1.3360442,-2.325801,0.80551904,2.6241643,-0.5151587,-0.5163439,-0.45673808,-0.2089026,-3.5134064e-21,2.073372e-15,2.6143278e-20,-1.7477585e-21,-1.960425e-18,-4.3976445e-17,-1.023937e-20,-4.198793e-17
hasPT,datatype_property,0.0,-0.7087522,-2.070484,-0.15536167,-0.5699244,4.143098,-0.121833265,-0.041745704,-0.015220543,2.4078843e-20,1.1883218e-15,5.935199e-21,-1.147999e-20,8.568661e-18,-4.8734348e-17,-4.4092168e-21,-2.6229793e-17
mtcu:domain,resource,0.0,-0.56079817,-2.261879,-2.4014323,-0.74481595,-1.0661644,1.7214217,0.25325593,-0.023364043,-5.807104e-21,1.3036809e-15,-1.10624025e-20,3.9297756e-21,-2.7485456e-18,-2.8188717e-17,4.9303697e-21,-2.9130032e-17
mtcu:hasTags,resource,0.0,-0.56079817,-2.261879,-2.4014323,-0.74481595,-1.0661644,1.7214217,0.25325593,-0.023364043,-5.807104e-21,1.3036809e-15,-1.10624025e-20,3.9297756e-21,-2.7485456e-18,-2.8188717e-17,4.9303697e-21,-2.9130032e-17
ProblemUnit,class,0.019737521844718105,0.8079632,-2.2184005,0.971377,2.5992832,-0.46643308,-0.3105795,0.70982814,0.12574725,-3.484742e-21,1.975626e-15,2.5596988e-20,-1.7430933e-21,-1.9094813e-18,-4.220863e-17,-1.0034186e-20,-4.0196392e-17
makesUseOf,object_property,0.016000244088402185,0.13897601,-1.9154396,2.6103554,-2.5648842,-1.1838083,-0.5997436,-0.20801996,-0.09900644,-5.6402267e-21,2.7472974e-16,-3.034551e-20,6.2251662e-21,-2.3872079e-18,-4.1802416e-18,1.2665356e-20,-7.832959e-18
CKCurriculumInformation,class,0.0038665868165178342,-0.31459847,-2.1649776,1.0210418,2.6394498,-0.5289352,-0.23932739,0.15903121,0.07079996,-3.6368324e-21,2.0395677e-15,2.6132264e-20,-1.7152014e-21,-1.9973326e-18,-4.3960156e-17,-1.0230349e-20,-4.244932e-17
URIResource,class,0.0038665868165178342,-0.31459847,-2.1649776,1.0210418,2.6394498,-0.5289352,-0.23932739,0.15903121,0.07079996,-3.6368324e-21,2.0395677e-15,2.6132264e-20,-1.7152014e-21,-1.9973326e-18,-4.3960156e-17,-1.0230349e-20,-4.244932e-17
MatchColumnProblem,class,0.0038665868165178342,-0.31459847,-2.1649776,1.0210418,2.6394498,-0.5289352,-0.23932739,0.15903121,0.07079996,-3.6368324e-21,2.0395677e-15,2.6132264e-20,-1.7152014e-21,-1.9973326e-18,-4.3960156e-17,-1.0230349e-20,-4.244932e-17
mtr:error,resource,0.0,-0.56079817,-2.261879,-2.4014323,-0.74481595,-1.0661644,1.7214217,0.25325593,-0.023364043,-5.807104e-21,1.3036809e-15,-1.10624025e-20,3.9297756e-21,-2.7485456e-18,-2.8188717e-17,4.9303697e-21,-2.9130032e-17
GamifiedITS,class,0.028538489122415463,0.88921183,-2.2660167,0.9074079,2.6278229,-0.51496214,-0.3925051,-0.19204669,-0.41960374,-3.5254034e-21,2.0673703e-15,2.6115186e-20,-1.7525033e-21,-1.9543904e-18,-4.324831e-17,-1.02303444e-20,-4.192301e-17
has_domain,object_property,0.0,-0.6342006,-2.0632188,1.609402,-2.4743335,-1.1677835,-1.7860585,0.2143474,-0.012321135,-6.4297496e-21,1.8218218e-16,-3.017744e-20,6.5249404e-21,-2.6494428e-18,-9.752426e-19,1.265738e-20,-5.738372e-18
error,datatype_property,0.0,-0.7087522,-2.070484,-0.15536167,-0.5699244,4.143098,-0.121833265,-0.041745704,-0.015220543,2.4078843e-20,1.1883218e-15,5.935199e-21,-1.147999e-20,8.568661e-18,-4.8734348e-17,-4.4092168e-21,-2.6229793e-17
Resource_Acquisition,class,0.0038665868165178342,-0.31459847,-2.1649776,1.0210418,2.6394498,-0.5289352,-0.23932739,0.15903121,0.07079996,-3.6368324e-21,2.0395677e-15,2.6132264e-20,-1.7152014e-21,-1.9973326e-18,-4.3960156e-17,-1.0230349e-20,-4.244932e-17
KnowledgeUnit,class,0.0038665868165178342,-0.31459847,-2.1649776,1.0210418,2.6394498,-0.5289352,-0.23932739,0.15903121,0.07079996,-3.6368324e-21,2.0395677e-15,2.6132264e-20,-1.7152014e-21,-1.9973326e-18,-4.3960156e-17,-1.0230349e-20,-4.244932e-17
testEngagementLoop,individual,0.0,-0.4148475,0.78148437,-0.3933693,0.052952807,-0.013684643,-0.42655346,0.08618732,0.04417396,-3.6113906e-22,1.0599523e-15,8.4137165e-23,1.00435126e-22,-5.52189e-19,-2.5369792e-17,-1.5647031e-23,-2.2651924e-17
Comment,class,0.0038665868165178342,-0.31459847,-2.1649776,1.0210418,2.6394498,-0.5289352,-0.23932739,0.15903121,0.07079996,-3.6368324e-21,2.0395677e-15,2.6132264e-20,-1.7152014e-21,-1.9973326e-18,-4.3960156e-17,-1.0230349e-20,-4.244932e-17
hasEloRating,object_property,0.0,-0.6342006,-2.0632188,1.609402,-2.4743335,-1.1677835,-1.7860585,0.2143474,-0.012321135,-6.4297496e-21,1.8218218e-16,-3.017744e-20,6.5249404e-21,-2.6494428e-18,-9.752426e-19,1.265738e-20,-5.738372e-18
Error,class,0.0038665868165178342,-0.31459847,-2.1649776,1.0210418,2.6394498,-0.5289352,-0.23932739,0.15903121,0.07079996,-3.6368324e-21,2.0395677e-15,2.6132264e-20,-1.7152014e-21,-1.9973326e-18,-4.3960156e-17,-1.0230349e-20,-4.244932e-17
has_comments,object_property,0.0,-0.6342006,-2.0632188,1.609402,-2.4743335,-1.1677835,-1.7860585,0.2143474,-0.012321135,-6.4297496e-21,1.8218218e-16,-3.017744e-20,6.5249404e-21,-2.6494428e-18,-9.752426e-19,1.265738e-20,-5.738372e-18
THINGPedagogicalModel,class,0.0318395820843506,0.99312985,-2.3484828,0.6737185,2.6150756,-0.5119636,-0.6527006,-0.35421506,1.4474485,-3.6157357e-21,2.0778798e-15,2.6001804e-20,-1.6739303e-21,-2.0135005e-18,-4.4620174e-17,-1.0171302e-20,-4.3306975e-17
ns,resource,0.004758645549519755,-0.32681912,-2.2807841,-2.4215534,-0.74709743,-1.0632712,1.6938539,0.1894416,-0.13160853,-5.7844793e-21,1.2866976e-15,-1.1066855e-20,3.9219133e-21,-2.7422981e-18,-2.842896e-17,4.9306673e-21,-2.883581e-17
mtcu:GenericOperator,resource,0.0,-0.56079817,-2.261879,-2.4014323,-0.74481595,-1.0661644,1.7214217,0.25325593,-0.023364043,-5.807104e-21,1.3036809e-15,-1.10624025e-20,3.9297756e-21,-2.7485456e-18,-2.8188717e-17,4.9303697e-21,-2.9130032e-17
Player_Model,class,0.035840599688908216,1.2154882,-2.318275,0.8033885,2.6219256,-0.512282,-0.51511633,-0.35898945,0.038287237,-3.5286733e-21,2.0864522e-15,2.6092527e-20,-1.7367943e-21,-1.9645548e-18,-4.3681992e-17,-1.0218191e-20,-4.235669e-17
has_hint,object_property,0.0,-0.6342006,-2.0632188,1.609402,-2.4743335,-1.1677835,-1.7860585,0.2143474,-0.012321135,-6.4297496e-21,1.8218218e-16,-3.017744e-20,6.5249404e-21,-2.6494428e-18,-9.752426e-19,1.265738e-20,-5.738372e-18
enabled,datatype_property,0.0,-0.7087522,-2.070484,-0.15536167,-0.5699244,4.143098,-0.121833265,-0.041745704,-0.015220543,2.4078843e-20,1.1883218e-15,5.935199e-21,-1.147999e-20,8.568661e-18,-4.8734348e-17,-4.4092168e-21,-2.6229793e-17
MultipleChoiceProblem,class,0.0038665868165178342,-0.31459847,-2.1649776,1.0210418,2.6394498,-0.5289352,-0.23932739,0.15903121,0.07079996,-3.6368324e-21,2.0395677e-15,2.6132264e-20,-1.7152014e-21,-1.9973326e-18,-4.3960156e-17,-1.0230349e-20,-4.244932e-17
sustainability,individual,0.0,-0.4148475,0.78148437,-0.3933693,0.052952807,-0.013684643,-0.42655346,0.08618732,0.04417396,-3.6113906e-22,1.0599523e-15,8.4137165e-23,1.00435126e-22,-5.52189e-19,-2.5369792e-17,-1.5647031e-23,-2.2651924e-17
score_Max,datatype_property,0.0077331736330356685,-0.3400712,-1.9611311,0.5218144,-0.6288298,4.130352,0.68325365,-0.2894786,0.012961887,2.4589097e-20,1.2595511e-15,5.829737e-21,-1.1673501e-20,8.734527e-18,-5.0701023e-17,-4.4039504e-21,-2.7229017e-17
enjoymentName,datatype_property,0.0077331736330356685,-0.3400712,-1.9611311,0.5218144,-0.6288298,4.130352,0.68325365,-0.2894786,0.012961887,2.4589097e-20,1.2595511e-15,5.829737e-21,-1.1673501e-20,8.734527e-18,-5.0701023e-17,-4.4039504e-21,-2.7229017e-17
corrected,datatype_property,0.0,-0.7087522,-2.070484,-0.15536167,-0.5699244,4.143098,-0.121833265,-0.041745704,-0.015220543,2.4078843e-20,1.1883218e-15,5.935199e-21,-1.147999e-20,8.568661e-18,-4.8734348e-17,-4.4092168e-21,-2.6229793e-17
composesDynamic,object_property,0.0077331736330356685,-0.2655196,-1.953866,2.286578,-2.5332394,-1.1805292,-0.98097175,-0.03338551,0.015861288,-5.9186683e-21,2.5688095e-16,-3.02829e-20,6.33143e-21,-2.4835773e-18,-2.9961276e-18,1.26626464e-20,-6.737596e-18
participationName,datatype_property,0.0077331736330356685,-0.3400712,-1.9611311,0.5218144,-0.6288298,4.130352,0.68325365,-0.2894786,0.012961887,2.4589097e-20,1.2595511e-15,5.829737e-21,-1.1673501e-20,8.734527e-18,-5.0701023e-17,-4.4039504e-21,-2.7229017e-17
RightColumn,class,0.0038665868165178342,-0.31459847,-2.1649776,1.0210418,2.6394498,-0.5289352,-0.23932739,0.15903121,0.07079996,-3.6368324e-21,2.0395677e-15,2.6132264e-20,-1.7152014e-21,-1.9973326e-18,-4.3960156e-17,-1.0230349e-20,-4.244932e-17
Container,class,0.0038665868165178342,-0.31459847,-2.1649776,1.0210418,2.6394498,-0.5289352,-0.23932739,0.15903121,0.07079996,-3.6368324e-21,2.0395677e-15,2.6132264e-20,-1.7152014e-21,-1.9973326e-18,-4.3960156e-17,-1.0230349e-20,-4.244932e-17
gdeCompatibilityScore,datatype_property,0.0038665868165178342,-0.52441174,-2.0158074,0.18322638,-0.5993771,4.136725,0.2807102,-0.16561216,-0.0011293177,2.4333143e-20,1.2242475e-15,5.879159e-21,-1.1577573e-20,8.644789e-18,-4.9760638e-17,-4.4057566e-21,-2.6728391e-17
usesResource,object_property,0.0077331736330356685,-0.2655196,-1.953866,2.286578,-2.5332394,-1.1805292,-0.98097175,-0.03338551,0.015861288,-5.9186683e-21,2.5688095e-16,-3.02829e-20,6.33143e-21,-2.4835773e-18,-2.9961276e-18,1.26626464e-20,-6.737596e-18
mtcp:isParentOfCurriculum,resource,0.0,-0.56079817,-2.261879,-2.4014323,-0.74481595,-1.0661644,1.7214217,0.25325593,-0.023364043,-5.807104e-21,1.3036809e-15,-1.10624025e-20,3.9297756e-21,-2.7485456e-18,-2.8188717e-17,4.9303697e-21,-2.9130032e-17
mtr:type_Test,resource,0.0,-0.56079817,-2.261879,-2.4014323,-0.74481595,-1.0661644,1.7214217,0.25325593,-0.023364043,-5.807104e-21,1.3036809e-15,-1.10624025e-20,3.9297756e-21,-2.7485456e-18,-2.8188717e-17,4.9303697e-21,-2.9130032e-17
hasKnowledgeUnit,object_property,0.0,-0.6342006,-2.0632188,1.609402,-2.4743335,-1.1677835,-1.7860585,0.2143474,-0.012321135,-6.4297496e-21,1.8218218e-16,-3.017744e-20,6.5249404e-21,-2.6494428e-18,-9.752426e-19,1.265738e-20,-5.738372e-18
hasTags,object_property,0.0,-0.6342006,-2.0632188,1.609402,-2.4743335,-1.1677835,-1.7860585,0.2143474,-0.012321135,-6.4297496e-21,1.8218218e-16,-3.017744e-20,6.5249404e-21,-2.6494428e-18,-9.752426e-19,1.265738e-20,-5.738372e-18
isComposedByDepth,object_property,0.0,-0.6342006,-2.0632188,1.609402,-2.4743335,-1.1677835,-1.7860585,0.2143474,-0.012321135,-6.4297496e-21,1.8218218e-16,-3.017744e-20,6.5249404e-21,-2.6494428e-18,-9.752426e-19,1.265738e-20,-5.738372e-18
mt:domain,resource,0.0,-0.56079817,-2.261879,-2.4014323,-0.74481595,-1.0661644,1.7214217,0.25325593,-0.023364043,-5.807104e-21,1.3036809e-15,-1.10624025e-20,3.9297756e-21,-2.7485456e-18,-2.8188717e-17,4.9303697e-21,-2.9130032e-17
mtcu:ConceptualKnowledge,resource,0.0,-0.56079817,-2.261879,-2.4014323,-0.74481595,-1.0661644,1.7214217,0.25325593,-0.023364043,-5.807104e-21,1.3036809e-15,-1.10624025e-20,3.9297756e-21,-2.7485456e-18,-2.8188717e-17,4.9303697e-21,-2.9130032e-17
typeStrategyTutoring,datatype_property,0.0077331736330356685,-0.3400712,-1.9611311,0.5218144,-0.6288298,4.130352,0.68325365,-0.2894786,0.012961887,2.4589097e-20,1.2595511e-15,5.829737e-21,-1.1673501e-20,8.734527e-18,-5.0701023e-17,-4.4039504e-21,-2.7229017e-17
Rewards,class,0.01615448094818665,0.32047987,-2.2065406,0.99110013,2.6321962,-0.5176375,-0.2862443,0.062013507,-0.36100847,-3.5627275e-21,2.0363413e-15,2.6092563e-20,-1.7435513e-21,-1.9590327e-18,-4.353678e-17,-1.022065e-20,-4.141612e-17
mtcu:Bug_Misconception,resource,0.0,-0.56079817,-2.261879,-2.4014323,-0.74481595,-1.0661644,1.7214217,0.25325593,-0.023364043,-5.807104e-21,1.3036809e-15,-1.10624025e-20,3.9297756e-21,-2.7485456e-18,-2.8188717e-17,4.9303697e-21,-2.9130032e-17
EvaluationResource,class,0.0038665868165178342,-0.31459847,-2.1649776,1.0210418,2.6394498,-0.5289352,-0.23932739,0.15903121,0.07079996,-3.6368324e-21,2.0395677e-15,2.6132264e-20,-1.7152014e-21,-1.9973326e-18,-4.3960156e-17,-1.0230349e-20,-4.244932e-17
hasGamificationModel,object_property,0.0077331736330356685,-0.2655196,-1.953866,2.286578,-2.5332394,-1.1805292,-0.98097175,-0.03338551,0.015861288,-5.9186683e-21,2.5688095e-16,-3.02829e-20,6.33143e-21,-2.4835773e-18,-2.9961276e-18,1.26626464e-20,-6.737596e-18
mt:isComposedByDepth,resource,0.0,-0.56079817,-2.261879,-2.4014323,-0.74481595,-1.0661644,1.7214217,0.25325593,-0.023364043,-5.807104e-21,1.3036809e-15,-1.10624025e-20,3.9297756e-21,-2.7485456e-18,-2.8188717e-17,4.9303697e-21,-2.9130032e-17
DiscursiveProblem,class,0.0038665868165178342,-0.31459847,-2.1649776,1.0210418,2.6394498,-0.5289352,-0.23932739,0.15903121,0.07079996,-3.6368324e-21,2.0395677e-15,2.6132264e-20,-1.7152014e-21,-1.9973326e-18,-4.3960156e-17,-1.0230349e-20,-4.244932e-17
has_Questions,object_property,0.0,-0.6342006,-2.0632188,1.609402,-2.4743335,-1.1677835,-1.7860585,0.2143474,-0.012321135,-6.4297496e-21,1.8218218e-16,-3.017744e-20,6.5249404e-21,-2.6494428e-18,-9.752426e-19,1.265738e-20,-5.738372e-18
SDT_Autonomy,class,0.0038665868165178342,-0.31459847,-2.1649776,1.0210418,2.6394498,-0.5289352,-0.23932739,0.15903121,0.07079996,-3.6368324e-21,2.0395677e-15,2.6132264e-20,-1.7152014e-21,-1.9973326e-18,-4.3960156e-17,-1.0230349e-20,-4.244932e-17
Yee_Competition,class,0.0038665868165178342,-0.31459847,-2.1649776,1.0210418,2.6394498,-0.5289352,-0.23932739,0.15903121,0.07079996,-3.6368324e-21,2.0395677e-15,2.6132264e-20,-1.7152014e-21,-1.9973326e-18,-4.3960156e-17,-1.0230349e-20,-4.244932e-17
engagementIndex,datatype_property,0.0038665868165178342,-0.52441174,-2.0158074,0.18322638,-0.5993771,4.136725,0.2807102,-0.16561216,-0.0011293177,2.4333143e-20,1.2242475e-15,5.879159e-21,-1.1577573e-20,8.644789e-18,-4.9760638e-17,-4.4057566e-21,-2.6728391e-17
hasError,object_property,0.0,-0.6342006,-2.0632188,1.609402,-2.4743335,-1.1677835,-1.7860585,0.2143474,-0.012321135,-6.4297496e-21,1.8218218e-16,-3.017744e-20,6.5249404e-21,-2.6494428e-18,-9.752426e-19,1.265738e-20,-5.738372e-18
ResourceList,class,0.0038665868165178342,-0.31459847,-2.1649776,1.0210418,2.6394498,-0.5289352,-0.23932739,0.15903121,0.07079996,-3.6368324e-21,2.0395677e-15,2.6132264e-20,-1.7152014e-21,-1.9973326e-18,-4.3960156e-17,-1.0230349e-20,-4.244932e-17
mt:hasDomains,resource,0.0,-0.56079817,-2.261879,-2.4014323,-0.74481595,-1.0661644,1.7214217,0.25325593,-0.023364043,-5.807104e-21,1.3036809e-15,-1.10624025e-20,3.9297756e-21,-2.7485456e-18,-2.8188717e-17,4.9303697e-21,-2.9130032e-17
Option,class,0.0038665868165178342,-0.31459847,-2.1649776,1.0210418,2.6394498,-0.5289352,-0.23932739,0.15903121,0.07079996,-3.6368324e-21,2.0395677e-15,2.6132264e-20,-1.7152014e-21,-1.9973326e-18,-4.3960156e-17,-1.0230349e-20,-4.244932e-17
posting_hour,datatype_property,0.0,-0.7087522,-2.070484,-0.15536167,-0.5699244,4.143098,-0.121833265,-0.041745704,-0.015220543,2.4078843e-20,1.1883218e-15,5.935199e-21,-1.147999e-20,8.568661e-18,-4.8734348e-17,-4.4092168e-21,-2.6229793e-17
isClassifiedBy,object_property,0.012311622879327964,-0.03849557,-1.9714353,2.2691288,-2.5354757,-1.177535,-1.0053936,-0.09063603,-0.1028049,-5.8956967e-21,2.387662e-16,-3.0288417e-20,6.3231556e-21,-2.4764053e-18,-3.1788965e-18,1.2663248e-20,-6.4563515e-18
isChildOfCurriculum,object_property,0.0,-0.6342006,-2.0632188,1.609402,-2.4743335,-1.1677835,-1.7860585,0.2143474,-0.012321135,-6.4297496e-21,1.8218218e-16,-3.017744e-20,6.5249404e-21,-2.6494428e-18,-9.752426e-19,1.265738e-20,-5.738372e-18
mtr:ProblemBasedEvaluation,resource,0.0,-0.56079817,-2.261879,-2.4014323,-0.74481595,-1.0661644,1.7214217,0.25325593,-0.023364043,-5.807104e-21,1.3036809e-15,-1.10624025e-20,3.9297756e-21,-2.7485456e-18,-2.8188717e-17,4.9303697e-21,-2.9130032e-17
mtr:corrected,resource,0.0,-0.56079817,-2.261879,-2.4014323,-0.74481595,-1.0661644,1.7214217,0.25325593,-0.023364043,-5.807104e-21,1.3036809e-15,-1.10624025e-20,3.9297756e-21,-2.7485456e-18,-2.8188717e-17,4.9303697e-21,-2.9130032e-17
mtr:ResourceList,resource,0.0,-0.56079817,-2.261879,-2.4014323,-0.74481595,-1.0661644,1.7214217,0.25325593,-0.023364043,-5.807104e-21,1.3036809e-15,-1.10624025e-20,3.9297756e-21,-2.7485456e-18,-2.8188717e-17,4.9303697e-21,-2.9130032e-17
Theme,class,0.01615448094818665,0.32047987,-2.2065406,0.99110013,2.6321962,-0.5176375,-0.2862443,0.062013507,-0.36100847,-3.5627275e-21,2.0363413e-15,2.6092563e-20,-1.7435513e-21,-1.9590327e-18,-4.353678e-17,-1.022065e-20,-4.141612e-17
Player_Action,class,0.025635824651761497,0.72686875,-2.2608695,0.90001,2.629641,-0.51889503,-0.39733753,-0.19583784,-0.20401773,-3.5516046e-21,2.0405896e-15,2.6130592e-20,-1.7403983e-21,-1.9659908e-18,-4.408088e-17,-1.023378e-20,-4.241084e-17
classifiesPlayer,object_property,0.011599760449553503,-0.08117907,-1.8991895,2.6251662,-2.562692,-1.1869019,-0.5784283,-0.15725197,0.029952545,-5.6635417e-21,2.916752e-16,-3.033894e-20,6.233847e-21,-2.4071603e-18,-3.9784956e-18,1.2664452e-20,-7.269503e-18
Misconception,class,0.0038665868165178342,-0.31459847,-2.1649776,1.0210418,2.6394498,-0.5289352,-0.23932739,0.15903121,0.07079996,-3.6368324e-21,2.0395677e-15,2.6132264e-20,-1.7152014e-21,-1.9973326e-18,-4.3960156e-17,-1.0230349e-20,-4.244932e-17
ThingResource,class,0.0038665868165178342,-0.31459847,-2.1649776,1.0210418,2.6394498,-0.5289352,-0.23932739,0.15903121,0.07079996,-3.6368324e-21,2.0395677e-15,2.6132264e-20,-1.7152014e-21,-1.9973326e-18,-4.3960156e-17,-1.0230349e-20,-4.244932e-17
Progression,class,0.0038665868165178342,-0.31459847,-2.1649776,1.0210418,2.6394498,-0.5289352,-0.23932739,0.15903121,0.07079996,-3.6368324e-21,2.0395677e-15,2.6132264e-20,-1.7152014e-21,-1.9973326e-18,-4.3960156e-17,-1.0230349e-20,-4.244932e-17
URIType,class,0.0038665868165178342,-0.31459847,-2.1649776,1.0210418,2.6394498,-0.5289352,-0.23932739,0.15903121,0.07079996,-3.6368324e-21,2.0395677e-15,2.6132264e-20,-1.7152014e-21,-1.9973326e-18,-4.3960156e-17,-1.0230349e-20,-4.244932e-17
mtr:Resolution,resource,0.0,-0.56079817,-2.261879,-2.4014323,-0.74481595,-1.0661644,1.7214217,0.25325593,-0.023364043,-5.807104e-21,1.3036809e-15,-1.10624025e-20,3.9297756e-21,-2.7485456e-18,-2.8188717e-17,4.9303697e-21,-2.9130032e-17
masteryScore,datatype_property,0.0038665868165178342,-0.52441174,-2.0158074,0.18322638,-0.5993771,4.136725,0.2807102,-0.16561216,-0.0011293177,2.4333143e-20,1.2242475e-15,5.879159e-21,-1.1577573e-20,8.644789e-18,-4.9760638e-17,-4.4057566e-21,-2.6728391e-17
has_ProblemNext,object_property,0.0077331736330356685,-0.2655196,-1.953866,2.286578,-2.5332394,-1.1805292,-0.98097175,-0.03338551,0.015861288,-5.9186683e-21,2.5688095e-16,-3.02829e-20,6.33143e-21,-2.4835773e-18,-2.9961276e-18,1.26626464e-20,-6.737596e-18
domain,datatype_property,0.0,-0.7087522,-2.070484,-0.15536167,-0.5699244,4.143098,-0.121833265,-0.041745704,-0.015220543,2.4078843e-20,1.1883218e-15,5.935199e-21,-1.147999e-20,8.568661e-18,-4.8734348e-17,-4.4092168e-21,-2.6229793e-17
power,individual,0.0,-0.4148475,0.78148437,-0.3933693,0.052952807,-0.013684643,-0.42655346,0.08618732,0.04417396,-3.6113906e-22,1.0599523e-15,8.4137165e-23,1.00435126e-22,-5.52189e-19,-2.5369792e-17,-1.5647031e-23,-2.2651924e-17
describesPlayer,object_property,0.011599760449553503,-0.08117907,-1.8991895,2.6251662,-2.562692,-1.1869019,-0.5784283,-0.15725197,0.029952545,-5.6635417e-21,2.916752e-16,-3.033894e-20,6.233847e-21,-2.4071603e-18,-3.9784956e-18,1.2664452e-20,-7.269503e-18
typeAssessment,datatype_property,0.0077331736330356685,-0.3400712,-1.9611311,0.5218144,-0.6288298,4.130352,0.68325365,-0.2894786,0.012961887,2.4589097e-20,1.2595511e-15,5.829737e-21,-1.1673501e-20,8.734527e-18,-5.0701023e-17,-4.4039504e-21,-2.7229017e-17
performance,individual,0.0,-0.4148475,0.78148437,-0.3933693,0.052952807,-0.013684643,-0.42655346,0.08618732,0.04417396,-3.6113906e-22,1.0599523e-15,8.4137165e-23,1.00435126e-22,-5.52189e-19,-2.5369792e-17,-1.5647031e-23,-2.2651924e-17
tiesComponent,object_property,0.012311622879327964,-0.03849557,-1.9714353,2.2691288,-2.5354757,-1.177535,-1.0053936,-0.09063603,-0.1028049,-5.8956967e-21,2.387662e-16,-3.0288417e-20,6.3231556e-21,-2.4764053e-18,-3.1788965e-18,1.2663248e-20,-6.4563515e-18
mtr:Problem,resource,0.0,-0.56079817,-2.261879,-2.4014323,-0.74481595,-1.0661644,1.7214217,0.25325593,-0.023364043,-5.807104e-21,1.3036809e-15,-1.10624025e-20,3.9297756e-21,-2.7485456e-18,-2.8188717e-17,4.9303697e-21,-2.9130032e-17
mtr:duration,resource,0.0,-0.56079817,-2.261879,-2.4014323,-0.74481595,-1.0661644,1.7214217,0.25325593,-0.023364043,-5.807104e-21,1.3036809e-15,-1.10624025e-20,3.9297756e-21,-2.7485456e-18,-2.8188717e-17,4.9303697e-21,-2.9130032e-17
comment,datatype_property,0.0,-0.7087522,-2.070484,-0.15536167,-0.5699244,4.143098,-0.121833265,-0.041745704,-0.015220543,2.4078843e-20,1.1883218e-15,5.935199e-21,-1.147999e-20,8.568661e-18,-4.8734348e-17,-4.4092168e-21,-2.6229793e-17
mtr:Comment,resource,0.0,-0.56079817,-2.261879,-2.4014323,-0.74481595,-1.0661644,1.7214217,0.25325593,-0.023364043,-5.807104e-21,1.3036809e-15,-1.10624025e-20,3.9297756e-21,-2.7485456e-18,-2.8188717e-17,4.9303697e-21,-2.9130032e-17
signupForTheSystem,individual,0.0,-0.4148475,0.78148437,-0.3933693,0.052952807,-0.013684643,-0.42655346,0.08618732,0.04417396,-3.6113906e-22,1.0599523e-15,8.4137165e-23,1.00435126e-22,-5.52189e-19,-2.5369792e-17,-1.5647031e-23,-2.2651924e-17
mtcu:weight,resource,0.0,-0.56079817,-2.261879,-2.4014323,-0.74481595,-1.0661644,1.7214217,0.25325593,-0.023364043,-5.807104e-21,1.3036809e-15,-1.10624025e-20,3.9297756e-21,-2.7485456e-18,-2.8188717e-17,4.9303697e-21,-2.9130032e-17
Non-Game_Context,class,0.013681424321885549,0.16484432,-2.2049935,0.97638774,2.6348126,-0.5233158,-0.29965714,0.020564258,-0.12848021,-3.592157e-21,2.0623944e-15,2.6125113e-20,-1.7302454e-21,-1.9849144e-18,-4.3524768e-17,-1.0230256e-20,-4.190976e-17
hasCatalogue,object_property,0.0,-0.6342006,-2.0632188,1.609402,-2.4743335,-1.1677835,-1.7860585,0.2143474,-0.012321135,-6.4297496e-21,1.8218218e-16,-3.017744e-20,6.5249404e-21,-2.6494428e-18,-9.752426e-19,1.265738e-20,-5.738372e-18
Motivational_Affordance,class,0.008160291090900346,-0.098564856,-2.1804361,1.0078145,2.6372845,-0.5257817,-0.2587786,0.112152725,-0.06433462,-3.613312e-21,2.0210676e-15,2.6125068e-20,-1.7241263e-21,-1.989863e-18,-4.325984e-17,-1.0229265e-20,-4.2118164e-17
hasMetric,object_property,0.011599760449553503,-0.08117907,-1.8991895,2.6251662,-2.562692,-1.1869019,-0.5784283,-0.15725197,0.029952545,-5.6635417e-21,2.916752e-16,-3.033894e-20,6.233847e-21,-2.4071603e-18,-3.9784956e-18,1.2664452e-20,-7.269503e-18
mtr:hasCalculations,resource,0.0,-0.56079817,-2.261879,-2.4014323,-0.74481595,-1.0661644,1.7214217,0.25325593,-0.023364043,-5.807104e-21,1.3036809e-15,-1.10624025e-20,3.9297756e-21,-2.7485456e-18,-2.8188717e-17,4.9303697e-21,-2.9130032e-17
type_Test,datatype_property,0.0,-0.7087522,-2.070484,-0.15536167,-0.5699244,4.143098,-0.121833265,-0.041745704,-0.015220543,2.4078843e-20,1.1883218e-15,5.935199e-21,-1.147999e-20,8.568661e-18,-4.8734348e-17,-4.4092168e-21,-2.6229793e-17
mtr:developmentStatus,resource,0.0,-0.56079817,-2.261879,-2.4014323,-0.74481595,-1.0661644,1.7214217,0.25325593,-0.023364043,-5.807104e-21,1.3036809e-15,-1.10624025e-20,3.9297756e-21,-2.7485456e-18,-2.8188717e-17,4.9303697e-21,-2.9130032e-17
hasSubDomain,object_property,0.0,-0.6342006,-2.0632188,1.609402,-2.4743335,-1.1677835,-1.7860585,0.2143474,-0.012321135,-6.4297496e-21,1.8218218e-16,-3.017744e-20,6.5249404e-21,-2.6494428e-18,-9.752426e-19,1.265738e-20,-5.738372e-18
Tactic,class,0.030115429728497473,0.95007765,-2.2777064,0.8840262,2.6274292,-0.5158456,-0.420034,-0.24948788,-0.32840064,-3.5284423e-21,2.0743091e-15,2.6124491e-20,-1.7488983e-21,-1.9586256e-18,-4.341094e-17,-1.023301e-20,-4.2058534e-17
mtr:has_Knowledge,resource,0.0,-0.56079817,-2.261879,-2.4014323,-0.74481595,-1.0661644,1.7214217,0.25325593,-0.023364043,-5.807104e-21,1.3036809e-15,-1.10624025e-20,3.9297756e-21,-2.7485456e-18,-2.8188717e-17,4.9303697e-21,-2.9130032e-17
mtr:difficulty,resource,0.0,-0.56079817,-2.261879,-2.4014323,-0.74481595,-1.0661644,1.7214217,0.25325593,-0.023364043,-5.807104e-21,1.3036809e-15,-1.10624025e-20,3.9297756e-21,-2.7485456e-18,-2.8188717e-17,4.9303697e-21,-2.9130032e-17
hasPedagogicalUnit,object_property,0.0,-0.6342006,-2.0632188,1.609402,-2.4743335,-1.1677835,-1.7860585,0.2143474,-0.012321135,-6.4297496e-21,1.8218218e-16,-3.017744e-20,6.5249404e-21,-2.6494428e-18,-9.752426e-19,1.265738e-20,-5.738372e-18
mtcp:issue,resource,0.0,-0.56079817,-2.261879,-2.4014323,-0.74481595,-1.0661644,1.7214217,0.25325593,-0.023364043,-5.807104e-21,1.3036809e-15,-1.10624025e-20,3.9297756e-21,-2.7485456e-18,-2.8188717e-17,4.9303697e-21,-2.9130032e-17
mtr:Activity,resource,0.0,-0.56079817,-2.261879,-2.4014323,-0.74481595,-1.0661644,1.7214217,0.25325593,-0.023364043,-5.807104e-21,1.3036809e-15,-1.10624025e-20,3.9297756e-21,-2.7485456e-18,-2.8188717e-17,4.9303697e-21,-2.9130032e-17
isChildOfHint,object_property,0.0,-0.6342006,-2.0632188,1.609402,-2.4743335,-1.1677835,-1.7860585,0.2143474,-0.012321135,-6.4297496e-21,1.8218218e-16,-3.017744e-20,6.5249404e-21,-2.6494428e-18,-9.752426e-19,1.265738e-20,-5.738372e-18
hasCurriculumInformation,object_property,0.0,-0.6342006,-2.0632188,1.609402,-2.4743335,-1.1677835,-1.7860585,0.2143474,-0.012321135,-6.4297496e-21,1.8218218e-16,-3.017744e-20,6.5249404e-21,-2.6494428e-18,-9.752426e-19,1.265738e-20,-5.738372e-18
difficulty,datatype_property,0.0,-0.7087522,-2.070484,-0.15536167,-0.5699244,4.143098,-0.121833265,-0.041745704,-0.015220543,2.4078843e-20,1.1883218e-15,5.935199e-21,-1.147999e-20,8.568661e-18,-4.8734348e-17,-4.4092168e-21,-2.6229793e-17
level,datatype_property,0.0,-0.7087522,-2.070484,-0.15536167,-0.5699244,4.143098,-0.121833265,-0.041745704,-0.015220543,2.4078843e-20,1.1883218e-15,5.935199e-21,-1.147999e-20,8.568661e-18,-4.8734348e-17,-4.4092168e-21,-2.6229793e-17
mtr:has_token,resource,0.0,-0.56079817,-2.261879,-2.4014323,-0.74481595,-1.0661644,1.7214217,0.25325593,-0.023364043,-5.807104e-21,1.3036809e-15,-1.10624025e-20,3.9297756e-21,-2.7485456e-18,-2.8188717e-17,4.9303697e-21,-2.9130032e-17
ConceptualKnowledge,class,0.0038665868165178342,-0.31459847,-2.1649776,1.0210418,2.6394498,-0.5289352,-0.23932739,0.15903121,0.07079996,-3.6368324e-21,2.0395677e-15,2.6132264e-20,-1.7152014e-21,-1.9973326e-18,-4.3960156e-17,-1.0230349e-20,-4.244932e-17
Competition,class,0.0038665868165178342,-0.31459847,-2.1649776,1.0210418,2.6394498,-0.5289352,-0.23932739,0.15903121,0.07079996,-3.6368324e-21,2.0395677e-15,2.6132264e-20,-1.7152014e-21,-1.9973326e-18,-4.3960156e-17,-1.0230349e-20,-4.244932e-17
currentOperation,datatype_property,0.0,-0.7087522,-2.070484,-0.15536167,-0.5699244,4.143098,-0.121833265,-0.041745704,-0.015220543,2.4078843e-20,1.1883218e-15,5.935199e-21,-1.147999e-20,8.568661e-18,-4.8734348e-17,-4.4092168e-21,-2.6229793e-17
mtcu:cluster,resource,0.0,-0.56079817,-2.261879,-2.4014323,-0.74481595,-1.0661644,1.7214217,0.25325593,-0.023364043,-5.807104e-21,1.3036809e-15,-1.10624025e-20,3.9297756e-21,-2.7485456e-18,-2.8188717e-17,4.9303697e-21,-2.9130032e-17
LeftColumn,class,0.0038665868165178342,-0.31459847,-2.1649776,1.0210418,2.6394498,-0.5289352,-0.23932739,0.15903121,0.07079996,-3.6368324e-21,2.0395677e-15,2.6132264e-20,-1.7152014e-21,-1.9973326e-18,-4.3960156e-17,-1.0230349e-20,-4.244932e-17
related_Curriculum,object_property,0.0,-0.6342006,-2.0632188,1.609402,-2.4743335,-1.1677835,-1.7860585,0.2143474,-0.012321135,-6.4297496e-21,1.8218218e-16,-3.017744e-20,6.5249404e-21,-2.6494428e-18,-9.752426e-19,1.265738e-20,-5.738372e-18
Sequencing,class,0.030771572819944245,1.3191259,-2.2966032,0.8159303,2.5887094,-0.45961985,-0.49387008,0.49798515,0.8321724,-3.4852746e-21,2.0016469e-15,2.5535914e-20,-1.7197574e-21,-1.9200692e-18,-4.2832047e-17,-1.0005822e-20,-4.0765598e-17
mt:hasSubDomain,resource,0.0,-0.56079817,-2.261879,-2.4014323,-0.74481595,-1.0661644,1.7214217,0.25325593,-0.023364043,-5.807104e-21,1.3036809e-15,-1.10624025e-20,3.9297756e-21,-2.7485456e-18,-2.8188717e-17,4.9303697e-21,-2.9130032e-17
performanceName,datatype_property,0.0077331736330356685,-0.3400712,-1.9611311,0.5218144,-0.6288298,4.130352,0.68325365,-0.2894786,0.012961887,2.4589097e-20,1.2595511e-15,5.829737e-21,-1.1673501e-20,8.734527e-18,-5.0701023e-17,-4.4039504e-21,-2.7229017e-17
mt:associatedDomain,resource,0.0,-0.56079817,-2.261879,-2.4014323,-0.74481595,-1.0661644,1.7214217,0.25325593,-0.023364043,-5.807104e-21,1.3036809e-15,-1.10624025e-20,3.9297756e-21,-2.7485456e-18,-2.8188717e-17,4.9303697e-21,-2.9130032e-17
CategoryEffectiveness,class,0.013379416523989657,0.15318759,-2.202755,0.98086566,2.634888,-0.52314657,-0.29438496,0.031565115,-0.14594698,-3.591575e-21,2.0610933e-15,2.6123331e-20,-1.7309358e-21,-1.9840674e-18,-4.3497663e-17,-1.0229746e-20,-4.1896208e-17
has_MissConception,object_property,0.0,-0.6342006,-2.0632188,1.609402,-2.4743335,-1.1677835,-1.7860585,0.2143474,-0.012321135,-6.4297496e-21,1.8218218e-16,-3.017744e-20,6.5249404e-21,-2.6494428e-18,-9.752426e-19,1.265738e-20,-5.738372e-18
hasCalculations,datatype_property,0.0,-0.7087522,-2.070484,-0.15536167,-0.5699244,4.143098,-0.121833265,-0.041745704,-0.015220543,2.4078843e-20,1.1883218e-15,5.935199e-21,-1.147999e-20,8.568661e-18,-4.8734348e-17,-4.4092168e-21,-2.6229793e-17
mtcp:hasContext,resource,0.0,-0.56079817,-2.261879,-2.4014323,-0.74481595,-1.0661644,1.7214217,0.25325593,-0.023364043,-5.807104e-21,1.3036809e-15,-1.10624025e-20,3.9297756e-21,-2.7485456e-18,-2.8188717e-17,4.9303697e-21,-2.9130032e-17
mtr:Hint,resource,0.0,-0.56079817,-2.261879,-2.4014323,-0.74481595,-1.0661644,1.7214217,0.25325593,-0.023364043,-5.807104e-21,1.3036809e-15,-1.10624025e-20,3.9297756e-21,-2.7485456e-18,-2.8188717e-17,4.9303697e-21,-2.9130032e-17
mtcp:isComposedByContext,resource,0.0,-0.56079817,-2.261879,-2.4014323,-0.74481595,-1.0661644,1.7214217,0.25325593,-0.023364043,-5.807104e-21,1.3036809e-15,-1.10624025e-20,3.9297756e-21,-2.7485456e-18,-2.8188717e-17,4.9303697e-21,-2.9130032e-17
Resource,class,0.024671902305897633,0.6896638,-2.253724,0.91430223,2.6298816,-0.518355,-0.38051018,-0.16072628,-0.25976664,-3.549747e-21,2.0371202e-15,2.6124903e-20,-1.742602e-21,-1.9638732e-18,-4.3999563e-17,-1.0232151e-20,-4.2329525e-17
CategoryParticipation,class,0.012904841570806683,0.13487022,-2.1992369,0.98790234,2.6350064,-0.52288073,-0.2861002,0.04885186,-0.17339426,-3.5906606e-21,2.0593586e-15,2.6120532e-20,-1.7320207e-21,-1.9832203e-18,-4.3457006e-17,-1.0228944e-20,-4.185555e-17
Motivation,class,0.013735347738876889,0.16692561,-2.2053933,0.9755882,2.6347992,-0.523346,-0.3005985,0.018600069,-0.12536153,-3.5922612e-21,2.0623944e-15,2.6125432e-20,-1.7301222e-21,-1.9849144e-18,-4.3524768e-17,-1.0230348e-20,-4.1923313e-17
Bug_Misconception,class,0.0038665868165178342,-0.31459847,-2.1649776,1.0210418,2.6394498,-0.5289352,-0.23932739,0.15903121,0.07079996,-3.6368324e-21,2.0395677e-15,2.6132264e-20,-1.7152014e-21,-1.9973326e-18,-4.3960156e-17,-1.0230349e-20,-4.244932e-17
associatedDomain,object_property,0.0,-0.6342006,-2.0632188,1.609402,-2.4743335,-1.1677835,-1.7860585,0.2143474,-0.012321135,-6.4297496e-21,1.8218218e-16,-3.017744e-20,6.5249404e-21,-2.6494428e-18,-9.752426e-19,1.265738e-20,-5.738372e-18
competionName,datatype_property,0.0077331736330356685,-0.3400712,-1.9611311,0.5218144,-0.6288298,4.130352,0.68325365,-0.2894786,0.012961887,2.4589097e-20,1.2595511e-15,5.829737e-21,-1.1673501e-20,8.734527e-18,-5.0701023e-17,-4.4039504e-21,-2.7229017e-17
weight,datatype_property,0.0,-0.7087522,-2.070484,-0.15536167,-0.5699244,4.143098,-0.121833265,-0.041745704,-0.015220543,2.4078843e-20,1.1883218e-15,5.935199e-21,-1.147999e-20,8.568661e-18,-4.8734348e-17,-4.4092168e-21,-2.6229793e-17
Quests,class,0.007970461109627158,-0.105891794,-2.179029,1.0106292,2.637332,-0.52567536,-0.2554647,0.119067416,-0.07531352,-3.612946e-21,2.0203087e-15,2.6123947e-20,-1.7245603e-21,-1.9894395e-18,-4.324205e-17,-1.02289445e-20,-4.2102494e-17
mtr:EvaluationResource,resource,0.0,-0.56079817,-2.261879,-2.4014323,-0.74481595,-1.0661644,1.7214217,0.25325593,-0.023364043,-5.807104e-21,1.3036809e-15,-1.10624025e-20,3.9297756e-21,-2.7485456e-18,-2.8188717e-17,4.9303697e-21,-2.9130032e-17
has_Resolution,object_property,0.0,-0.6342006,-2.0632188,1.609402,-2.4743335,-1.1677835,-1.7860585,0.2143474,-0.012321135,-6.4297496e-21,1.8218218e-16,-3.017744e-20,6.5249404e-21,-2.6494428e-18,-9.752426e-19,1.265738e-20,-5.738372e-18
hasResource,object_property,0.0,-0.6342006,-2.0632188,1.609402,-2.4743335,-1.1677835,-1.7860585,0.2143474,-0.012321135,-6.4297496e-21,1.8218218e-16,-3.017744e-20,6.5249404e-21,-2.6494428e-18,-9.752426e-19,1.265738e-20,-5.738372e-18
description,datatype_property,0.0,-0.7087522,-2.070484,-0.15536167,-0.5699244,4.143098,-0.121833265,-0.041745704,-0.015220543,2.4078843e-20,1.1883218e-15,5.935199e-21,-1.147999e-20,8.568661e-18,-4.8734348e-17,-4.4092168e-21,-2.6229793e-17
engagement,individual,0.0,-0.4148475,0.78148437,-0.3933693,0.052952807,-0.013684643,-0.42655346,0.08618732,0.04417396,-3.6113906e-22,1.0599523e-15,8.4137165e-23,1.00435126e-22,-5.52189e-19,-2.5369792e-17,-1.5647031e-23,-2.2651924e-17
participation,individual,0.0,-0.4148475,0.78148437,-0.3933693,0.052952807,-0.013684643,-0.42655346,0.08618732,0.04417396,-3.6113906e-22,1.0599523e-15,8.4137165e-23,1.00435126e-22,-5.52189e-19,-2.5369792e-17,-1.5647031e-23,-2.2651924e-17
mt:desiredPoints,resource,0.0,-0.56079817,-2.261879,-2.4014323,-0.74481595,-1.0661644,1.7214217,0.25325593,-0.023364043,-5.807104e-21,1.3036809e-15,-1.10624025e-20,3.9297756e-21,-2.7485456e-18,-2.8188717e-17,4.9303697e-21,-2.9130032e-17
TrueOrFalseOption,class,0.0038665868165178342,-0.31459847,-2.1649776,1.0210418,2.6394498,-0.5289352,-0.23932739,0.15903121,0.07079996,-3.6368324e-21,2.0395677e-15,2.6132264e-20,-1.7152014e-21,-1.9973326e-18,-4.3960156e-17,-1.0230349e-20,-4.244932e-17
hasConceptualKnowledge,object_property,0.0,-0.6342006,-2.0632188,1.609402,-2.4743335,-1.1677835,-1.7860585,0.2143474,-0.012321135,-6.4297496e-21,1.8218218e-16,-3.017744e-20,6.5249404e-21,-2.6494428e-18,-9.752426e-19,1.265738e-20,-5.738372e-18
isExplained,datatype_property,0.0038665868165178342,-0.52441174,-2.0158074,0.18322638,-0.5993771,4.136725,0.2807102,-0.16561216,-0.0011293177,2.4333143e-20,1.2242475e-15,5.879159e-21,-1.1577573e-20,8.644789e-18,-4.9760638e-17,-4.4057566e-21,-2.6728391e-17
term,datatype_property,0.0,-0.7087522,-2.070484,-0.15536167,-0.5699244,4.143098,-0.121833265,-0.041745704,-0.015220543,2.4078843e-20,1.1883218e-15,5.935199e-21,-1.147999e-20,8.568661e-18,-4.8734348e-17,-4.4092168e-21,-2.6229793e-17
has_token,datatype_property,0.0,-0.7087522,-2.070484,-0.15536167,-0.5699244,4.143098,-0.121833265,-0.041745704,-0.015220543,2.4078843e-20,1.1883218e-15,5.935199e-21,-1.147999e-20,8.568661e-18,-4.8734348e-17,-4.4092168e-21,-2.6229793e-17
matchesLevel,object_property,0.0077331736330356685,-0.2655196,-1.953866,2.286578,-2.5332394,-1.1805292,-0.98097175,-0.03338551,0.015861288,-5.9186683e-21,2.5688095e-16,-3.02829e-20,6.33143e-21,-2.4835773e-18,-2.9961276e-18,1.26626464e-20,-6.737596e-18
hasLO,object_property,0.0,-0.6342006,-2.0632188,1.609402,-2.4743335,-1.1677835,-1.7860585,0.2143474,-0.012321135,-6.4297496e-21,1.8218218e-16,-3.017744e-20,6.5249404e-21,-2.6494428e-18,-9.752426e-19,1.265738e-20,-5.738372e-18
has_Answers,datatype_property,0.0,-0.7087522,-2.070484,-0.15536167,-0.5699244,4.143098,-0.121833265,-0.041745704,-0.015220543,2.4078843e-20,1.1883218e-15,5.935199e-21,-1.147999e-20,8.568661e-18,-4.8734348e-17,-4.4092168e-21,-2.6229793e-17
mtr:OptionAnswer,resource,0.0,-0.56079817,-2.261879,-2.4014323,-0.74481595,-1.0661644,1.7214217,0.25325593,-0.023364043,-5.807104e-21,1.3036809e-15,-1.10624025e-20,3.9297756e-21,-2.7485456e-18,-2.8188717e-17,4.9303697e-21,-2.9130032e-17
isSubDomainOf,object_property,0.0,-0.6342006,-2.0632188,1.609402,-2.4743335,-1.1677835,-1.7860585,0.2143474,-0.012321135,-6.4297496e-21,1.8218218e-16,-3.017744e-20,6.5249404e-21,-2.6494428e-18,-9.752426e-19,1.265738e-20,-5.738372e-18
isComposedByLaterality,object_property,0.0,-0.6342006,-2.0632188,1.609402,-2.4743335,-1.1677835,-1.7860585,0.2143474,-0.012321135,-6.4297496e-21,1.8218218e-16,-3.017744e-20,6.5249404e-21,-2.6494428e-18,-9.752426e-19,1.265738e-20,-5.738372e-18
mtcu:rate,resource,0.0,-0.56079817,-2.261879,-2.4014323,-0.74481595,-1.0661644,1.7214217,0.25325593,-0.023364043,-5.807104e-21,1.3036809e-15,-1.10624025e-20,3.9297756e-21,-2.7485456e-18,-2.8188717e-17,4.9303697e-21,-2.9130032e-17
Engagement_Loop,class,0.02546142912123738,0.72013754,-2.2595768,0.90259576,2.6296847,-0.51879734,-0.39429307,-0.18948537,-0.21410397,-3.5512685e-21,2.0405896e-15,2.6129563e-20,-1.740797e-21,-1.9655673e-18,-4.4053773e-17,-1.0233485e-20,-4.241084e-17
hasBehaviouralKnowledge,object_property,0.0077331736330356685,-0.2655196,-1.953866,2.286578,-2.5332394,-1.1805292,-0.98097175,-0.03338551,0.015861288,-5.9186683e-21,2.5688095e-16,-3.02829e-20,6.33143e-21,-2.4835773e-18,-2.9961276e-18,1.26626464e-20,-6.737596e-18
mt:DomainModel,resource,0.0,-0.56079817,-2.261879,-2.4014323,-0.74481595,-1.0661644,1.7214217,0.25325593,-0.023364043,-5.807104e-21,1.3036809e-15,-1.10624025e-20,3.9297756e-21,-2.7485456e-18,-2.8188717e-17,4.9303697e-21,-2.9130032e-17
title,datatype_property,0.0,-0.7087522,-2.070484,-0.15536167,-0.5699244,4.143098,-0.121833265,-0.041745704,-0.015220543,2.4078843e-20,1.1883218e-15,5.935199e-21,-1.147999e-20,8.568661e-18,-4.8734348e-17,-4.4092168e-21,-2.6229793e-17
mtr:CompositeResource,resource,0.0,-0.56079817,-2.261879,-2.4014323,-0.74481595,-1.0661644,1.7214217,0.25325593,-0.023364043,-5.807104e-21,1.3036809e-15,-1.10624025e-20,3.9297756e-21,-2.7485456e-18,-2.8188717e-17,4.9303697e-21,-2.9130032e-17
mtcp:Depth,resource,0.0,-0.56079817,-2.261879,-2.4014323,-0.74481595,-1.0661644,1.7214217,0.25325593,-0.023364043,-5.807104e-21,1.3036809e-15,-1.10624025e-20,3.9297756e-21,-2.7485456e-18,-2.8188717e-17,4.9303697e-21,-2.9130032e-17
mtr:Form,resource,0.0,-0.56079817,-2.261879,-2.4014323,-0.74481595,-1.0661644,1.7214217,0.25325593,-0.023364043,-5.807104e-21,1.3036809e-15,-1.10624025e-20,3.9297756e-21,-2.7485456e-18,-2.8188717e-17,4.9303697e-21,-2.9130032e-17
interactionWithTheSystem,individual,0.0,-0.4148475,0.78148437,-0.3933693,0.052952807,-0.013684643,-0.42655346,0.08618732,0.04417396,-3.6113906e-22,1.0599523e-15,8.4137165e-23,1.00435126e-22,-5.52189e-19,-2.5369792e-17,-1.5647031e-23,-2.2651924e-17
archetypeBehavior,datatype_property,0.0038665868165178342,-0.52441174,-2.0158074,0.18322638,-0.5993771,4.136725,0.2807102,-0.16561216,-0.0011293177,2.4333143e-20,1.2242475e-15,5.879159e-21,-1.1577573e-20,8.644789e-18,-4.9760638e-17,-4.4057566e-21,-2.6728391e-17
hasLevel,object_property,0.0,-0.6342006,-2.0632188,1.609402,-2.4743335,-1.1677835,-1.7860585,0.2143474,-0.012321135,-6.4297496e-21,1.8218218e-16,-3.017744e-20,6.5249404e-21,-2.6494428e-18,-9.752426e-19,1.265738e-20,-5.738372e-18
mtr:URIType,resource,0.0,-0.56079817,-2.261879,-2.4014323,-0.74481595,-1.0661644,1.7214217,0.25325593,-0.023364043,-5.807104e-21,1.3036809e-15,-1.10624025e-20,3.9297756e-21,-2.7485456e-18,-2.8188717e-17,4.9303697e-21,-2.9130032e-17
instances,resource,0.0,-0.56079817,-2.261879,-2.4014323,-0.74481595,-1.0661644,1.7214217,0.25325593,-0.023364043,-5.807104e-21,1.3036809e-15,-1.10624025e-20,3.9297756e-21,-2.7485456e-18,-2.8188717e-17,4.9303697e-21,-2.9130032e-17
question,datatype_property,0.0,-0.7087522,-2.070484,-0.15536167,-0.5699244,4.143098,-0.121833265,-0.041745704,-0.015220543,2.4078843e-20,1.1883218e-15,5.935199e-21,-1.147999e-20,8.568661e-18,-4.8734348e-17,-4.4092168e-21,-2.6229793e-17
hasBug,object_property,0.0,-0.6342006,-2.0632188,1.609402,-2.4743335,-1.1677835,-1.7860585,0.2143474,-0.012321135,-6.4297496e-21,1.8218218e-16,-3.017744e-20,6.5249404e-21,-2.6494428e-18,-9.752426e-19,1.265738e-20,-5.738372e-18
numberOfFavorites,datatype_property,0.0,-0.7087522,-2.070484,-0.15536167,-0.5699244,4.143098,-0.121833265,-0.041745704,-0.015220543,2.4078843e-20,1.1883218e-15,5.935199e-21,-1.147999e-20,8.568661e-18,-4.8734348e-17,-4.4092168e-21,-2.6229793e-17
has_Depth,object_property,0.0,-0.6342006,-2.0632188,1.609402,-2.4743335,-1.1677835,-1.7860585,0.2143474,-0.012321135,-6.4297496e-21,1.8218218e-16,-3.017744e-20,6.5249404e-21,-2.6494428e-18,-9.752426e-19,1.265738e-20,-5.738372e-18
size,datatype_property,0.0,-0.7087522,-2.070484,-0.15536167,-0.5699244,4.143098,-0.121833265,-0.041745704,-0.015220543,2.4078843e-20,1.1883218e-15,5.935199e-21,-1.147999e-20,8.568661e-18,-4.8734348e-17,-4.4092168e-21,-2.6229793e-17
has_Context,object_property,0.0,-0.6342006,-2.0632188,1.609402,-2.4743335,-1.1677835,-1.7860585,0.2143474,-0.012321135,-6.4297496e-21,1.8218218e-16,-3.017744e-20,6.5249404e-21,-2.6494428e-18,-9.752426e-19,1.265738e-20,-5.738372e-18
subjects,datatype_property,0.0,-0.7087522,-2.070484,-0.15536167,-0.5699244,4.143098,-0.121833265,-0.041745704,-0.015220543,2.4078843e-20,1.1883218e-15,5.935199e-21,-1.147999e-20,8.568661e-18,-4.8734348e-17,-4.4092168e-21,-2.6229793e-17
mtcu:hasSuperConceptualKnowledge,resource,0.0,-0.56079817,-2.261879,-2.4014323,-0.74481595,-1.0661644,1.7214217,0.25325593,-0.023364043,-5.807104e-21,1.3036809e-15,-1.10624025e-20,3.9297756e-21,-2.7485456e-18,-2.8188717e-17,4.9303697e-21,-2.9130032e-17
mt:type,resource,0.0,-0.56079817,-2.261879,-2.4014323,-0.74481595,-1.0661644,1.7214217,0.25325593,-0.023364043,-5.807104e-21,1.3036809e-15,-1.10624025e-20,3.9297756e-21,-2.7485456e-18,-2.8188717e-17,4.9303697e-21,-2.9130032e-17
mtcu:precedence,resource,0.0,-0.56079817,-2.261879,-2.4014323,-0.74481595,-1.0661644,1.7214217,0.25325593,-0.023364043,-5.807104e-21,1.3036809e-15,-1.10624025e-20,3.9297756e-21,-2.7485456e-18,-2.8188717e-17,4.9303697e-21,-2.9130032e-17
mtr:Exercise,resource,0.0,-0.56079817,-2.261879,-2.4014323,-0.74481595,-1.0661644,1.7214217,0.25325593,-0.023364043,-5.807104e-21,1.3036809e-15,-1.10624025e-20,3.9297756e-21,-2.7485456e-18,-2.8188717e-17,4.9303697e-21,-2.9130032e-17
hasMisconception,object_property,0.0,-0.6342006,-2.0632188,1.609402,-2.4743335,-1.1677835,-1.7860585,0.2143474,-0.012321135,-6.4297496e-21,1.8218218e-16,-3.017744e-20,6.5249404e-21,-2.6494428e-18,-9.752426e-19,1.265738e-20,-5.738372e-18
hasPS,datatype_property,0.0,-0.7087522,-2.070484,-0.15536167,-0.5699244,4.143098,-0.121833265,-0.041745704,-0.015220543,2.4078843e-20,1.1883218e-15,5.935199e-21,-1.147999e-20,8.568661e-18,-4.8734348e-17,-4.4092168e-21,-2.6229793e-17
mtr:has_Epoch,resource,0.0,-0.56079817,-2.261879,-2.4014323,-0.74481595,-1.0661644,1.7214217,0.25325593,-0.023364043,-5.807104e-21,1.3036809e-15,-1.10624025e-20,3.9297756e-21,-2.7485456e-18,-2.8188717e-17,4.9303697e-21,-2.9130032e-17
mtcu:ResourceWeight,resource,0.0,-0.56079817,-2.261879,-2.4014323,-0.74481595,-1.0661644,1.7214217,0.25325593,-0.023364043,-5.807104e-21,1.3036809e-15,-1.10624025e-20,3.9297756e-21,-2.7485456e-18,-2.8188717e-17,4.9303697e-21,-2.9130032e-17
mtcu:PedagogicalUnit,resource,0.0,-0.56079817,-2.261879,-2.4014323,-0.74481595,-1.0661644,1.7214217,0.25325593,-0.023364043,-5.807104e-21,1.3036809e-15,-1.10624025e-20,3.9297756e-21,-2.7485456e-18,-2.8188717e-17,4.9303697e-21,-2.9130032e-17
mtcu:difficulty,resource,0.0,-0.56079817,-2.261879,-2.4014323,-0.74481595,-1.0661644,1.7214217,0.25325593,-0.023364043,-5.807104e-21,1.3036809e-15,-1.10624025e-20,3.9297756e-21,-2.7485456e-18,-2.8188717e-17,4.9303697e-21,-2.9130032e-17
isComposedByCurriculum,object_property,0.0,-0.6342006,-2.0632188,1.609402,-2.4743335,-1.1677835,-1.7860585,0.2143474,-0.012321135,-6.4297496e-21,1.8218218e-16,-3.017744e-20,6.5249404e-21,-2.6494428e-18,-9.752426e-19,1.265738e-20,-5.738372e-18
methodname,datatype_property,0.0,-0.7087522,-2.070484,-0.15536167,-0.5699244,4.143098,-0.121833265,-0.041745704,-0.015220543,2.4078843e-20,1.1883218e-15,5.935199e-21,-1.147999e-20,8.568661e-18,-4.8734348e-17,-4.4092168e-21,-2.6229793e-17
InstrutionalPlan,class,0.018669728200056412,0.4076877,-2.225601,0.9528614,2.6324737,-0.5205514,-0.331234,-0.05161553,-0.22344232,-3.569975e-21,2.0484844e-15,2.6122018e-20,-1.7375825e-21,-1.9662325e-18,-4.3780724e-17,-1.0230347e-20,-4.168717e-17
context,datatype_property,0.0,-0.7087522,-2.070484,-0.15536167,-0.5699244,4.143098,-0.121833265,-0.041745704,-0.015220543,2.4078843e-20,1.1883218e-15,5.935199e-21,-1.147999e-20,8.568661e-18,-4.8734348e-17,-4.4092168e-21,-2.6229793e-17
strategicTutoring,object_property,0.0038665868165178342,-0.4498601,-2.0085423,1.9479901,-2.5037866,-1.1741563,-1.3835151,0.09048094,0.0017700907,-6.1746226e-21,2.1810791e-16,-3.023348e-20,6.4273577e-21,-2.573315e-18,-2.0015339e-18,1.266084e-20,-6.23697e-18
hasConcept,object_property,0.0,-0.6342006,-2.0632188,1.609402,-2.4743335,-1.1677835,-1.7860585,0.2143474,-0.012321135,-6.4297496e-21,1.8218218e-16,-3.017744e-20,6.5249404e-21,-2.6494428e-18,-9.752426e-19,1.265738e-20,-5.738372e-18
mtr:has_Diagnosis,resource,0.0,-0.56079817,-2.261879,-2.4014323,-0.74481595,-1.0661644,1.7214217,0.25325593,-0.023364043,-5.807104e-21,1.3036809e-15,-1.10624025e-20,3.9297756e-21,-2.7485456e-18,-2.8188717e-17,4.9303697e-21,-2.9130032e-17
hasSuggestedTags,datatype_property,0.0,-0.7087522,-2.070484,-0.15536167,-0.5699244,4.143098,-0.121833265,-0.041745704,-0.015220543,2.4078843e-20,1.1883218e-15,5.935199e-21,-1.147999e-20,8.568661e-18,-4.8734348e-17,-4.4092168e-21,-2.6229793e-17
precedence,datatype_property,0.0,-0.7087522,-2.070484,-0.15536167,-0.5699244,4.143098,-0.121833265,-0.041745704,-0.015220543,2.4078843e-20,1.1883218e-15,5.935199e-21,-1.147999e-20,8.568661e-18,-4.8734348e-17,-4.4092168e-21,-2.6229793e-17
mtr:term,resource,0.0,-0.56079817,-2.261879,-2.4014323,-0.74481595,-1.0661644,1.7214217,0.25325593,-0.023364043,-5.807104e-21,1.3036809e-15,-1.10624025e-20,3.9297756e-21,-2.7485456e-18,-2.8188717e-17,4.9303697e-21,-2.9130032e-17
mt:hasLevel,resource,0.0,-0.56079817,-2.261879,-2.4014323,-0.74481595,-1.0661644,1.7214217,0.25325593,-0.023364043,-5.807104e-21,1.3036809e-15,-1.10624025e-20,3.9297756e-21,-2.7485456e-18,-2.8188717e-17,4.9303697e-21,-2.9130032e-17
developmentStatus,datatype_property,0.0,-0.7087522,-2.070484,-0.15536167,-0.5699244,4.143098,-0.121833265,-0.041745704,-0.015220543,2.4078843e-20,1.1883218e-15,5.935199e-21,-1.147999e-20,8.568661e-18,-4.8734348e-17,-4.4092168e-21,-2.6229793e-17
Exercise,class,0.0038665868165178342,-0.31459847,-2.1649776,1.0210418,2.6394498,-0.5289352,-0.23932739,0.15903121,0.07079996,-3.6368324e-21,2.0395677e-15,2.6132264e-20,-1.7152014e-21,-1.9973326e-18,-4.3960156e-17,-1.0230349e-20,-4.244932e-17
hasContent,object_property,0.0,-0.6342006,-2.0632188,1.609402,-2.4743335,-1.1677835,-1.7860585,0.2143474,-0.012321135,-6.4297496e-21,1.8218218e-16,-3.017744e-20,6.5249404e-21,-2.6494428e-18,-9.752426e-19,1.265738e-20,-5.738372e-18
has_ResolutionMethod,object_property,0.0,-0.6342006,-2.0632188,1.609402,-2.4743335,-1.1677835,-1.7860585,0.2143474,-0.012321135,-6.4297496e-21,1.8218218e-16,-3.017744e-20,6.5249404e-21,-2.6494428e-18,-9.752426e-19,1.265738e-20,-5.738372e-18
hasPG,datatype_property,0.0,-0.7087522,-2.070484,-0.15536167,-0.5699244,4.143098,-0.121833265,-0.041745704,-0.015220543,2.4078843e-20,1.1883218e-15,5.935199e-21,-1.147999e-20,8.568661e-18,-4.8734348e-17,-4.4092168e-21,-2.6229793e-17
mtr:has_Answers,resource,0.0,-0.56079817,-2.261879,-2.4014323,-0.74481595,-1.0661644,1.7214217,0.25325593,-0.023364043,-5.807104e-21,1.3036809e-15,-1.10624025e-20,3.9297756e-21,-2.7485456e-18,-2.8188717e-17,4.9303697e-21,-2.9130032e-17
mt:hasEloRating,resource,0.0,-0.56079817,-2.261879,-2.4014323,-0.74481595,-1.0661644,1.7214217,0.25325593,-0.023364043,-5.807104e-21,1.3036809e-15,-1.10624025e-20,3.9297756e-21,-2.7485456e-18,-2.8188717e-17,4.9303697e-21,-2.9130032e-17
mtcu:hasConsistency,resource,0.0,-0.56079817,-2.261879,-2.4014323,-0.74481595,-1.0661644,1.7214217,0.25325593,-0.023364043,-5.807104e-21,1.3036809e-15,-1.10624025e-20,3.9297756e-21,-2.7485456e-18,-2.8188717e-17,4.9303697e-21,-2.9130032e-17
mtr:context,resource,0.0,-0.56079817,-2.261879,-2.4014323,-0.74481595,-1.0661644,1.7214217,0.25325593,-0.023364043,-5.807104e-21,1.3036809e-15,-1.10624025e-20,3.9297756e-21,-2.7485456e-18,-2.8188717e-17,4.9303697e-21,-2.9130032e-17
has_Epoch,datatype_property,0.0,-0.7087522,-2.070484,-0.15536167,-0.5699244,4.143098,-0.121833265,-0.041745704,-0.015220543,2.4078843e-20,1.1883218e-15,5.935199e-21,-1.147999e-20,8.568661e-18,-4.8734348e-17,-4.4092168e-21,-2.6229793e-17
posting_date,datatype_property,0.0,-0.7087522,-2.070484,-0.15536167,-0.5699244,4.143098,-0.121833265,-0.041745704,-0.015220543,2.4078843e-20,1.1883218e-15,5.935199e-21,-1.147999e-20,8.568661e-18,-4.8734348e-17,-4.4092168e-21,-2.6229793e-17
mtcp:isComposedByLaterality,resource,0.0,-0.56079817,-2.261879,-2.4014323,-0.74481595,-1.0661644,1.7214217,0.25325593,-0.023364043,-5.807104e-21,1.3036809e-15,-1.10624025e-20,3.9297756e-21,-2.7485456e-18,-2.8188717e-17,4.9303697e-21,-2.9130032e-17
mtcu:hasKnowledgeUnit,resource,0.0,-0.56079817,-2.261879,-2.4014323,-0.74481595,-1.0661644,1.7214217,0.25325593,-0.023364043,-5.807104e-21,1.3036809e-15,-1.10624025e-20,3.9297756e-21,-2.7485456e-18,-2.8188717e-17,4.9303697e-21,-2.9130032e-17
hasDomains,object_property,0.0,-0.6342006,-2.0632188,1.609402,-2.4743335,-1.1677835,-1.7860585,0.2143474,-0.012321135,-6.4297496e-21,1.8218218e-16,-3.017744e-20,6.5249404e-21,-2.6494428e-18,-9.752426e-19,1.265738e-20,-5.738372e-18
hasPL,object_property,0.0,-0.6342006,-2.0632188,1.609402,-2.4743335,-1.1677835,-1.7860585,0.2143474,-0.012321135,-6.4297496e-21,1.8218218e-16,-3.017744e-20,6.5249404e-21,-2.6494428e-18,-9.752426e-19,1.265738e-20,-5.738372e-18
hasEvaluation,object_property,0.0,-0.6342006,-2.0632188,1.609402,-2.4743335,-1.1677835,-1.7860585,0.2143474,-0.012321135,-6.4297496e-21,1.8218218e-16,-3.017744e-20,6.5249404e-21,-2.6494428e-18,-9.752426e-19,1.265738e-20,-5.738372e-18
mt:isComposedByContext,resource,0.0,-0.56079817,-2.261879,-2.4014323,-0.74481595,-1.0661644,1.7214217,0.25325593,-0.023364043,-5.807104e-21,1.3036809e-15,-1.10624025e-20,3.9297756e-21,-2.7485456e-18,-2.8188717e-17,4.9303697e-21,-2.9130032e-17
effectivenessName,datatype_property,0.0077331736330356685,-0.3400712,-1.9611311,0.5218144,-0.6288298,4.130352,0.68325365,-0.2894786,0.012961887,2.4589097e-20,1.2595511e-15,5.829737e-21,-1.1673501e-20,8.734527e-18,-5.0701023e-17,-4.4039504e-21,-2.7229017e-17
mt:isComposedByCurriculum,resource,0.0,-0.56079817,-2.261879,-2.4014323,-0.74481595,-1.0661644,1.7214217,0.25325593,-0.023364043,-5.807104e-21,1.3036809e-15,-1.10624025e-20,3.9297756e-21,-2.7485456e-18,-2.8188717e-17,4.9303697e-21,-2.9130032e-17
isComposedByProblem,object_property,0.0,-0.6342006,-2.0632188,1.609402,-2.4743335,-1.1677835,-1.7860585,0.2143474,-0.012321135,-6.4297496e-21,1.8218218e-16,-3.017744e-20,6.5249404e-21,-2.6494428e-18,-9.752426e-19,1.265738e-20,-5.738372e-18
mtcu:Error,resource,0.0,-0.56079817,-2.261879,-2.4014323,-0.74481595,-1.0661644,1.7214217,0.25325593,-0.023364043,-5.807104e-21,1.3036809e-15,-1.10624025e-20,3.9297756e-21,-2.7485456e-18,-2.8188717e-17,4.9303697e-21,-2.9130032e-17
mtr:subjects,resource,0.0,-0.56079817,-2.261879,-2.4014323,-0.74481595,-1.0661644,1.7214217,0.25325593,-0.023364043,-5.807104e-21,1.3036809e-15,-1.10624025e-20,3.9297756e-21,-2.7485456e-18,-2.8188717e-17,4.9303697e-21,-2.9130032e-17
has_Diagnosis,object_property,0.0,-0.6342006,-2.0632188,1.609402,-2.4743335,-1.1677835,-1.7860585,0.2143474,-0.012321135,-6.4297496e-21,1.8218218e-16,-3.017744e-20,6.5249404e-21,-2.6494428e-18,-9.752426e-19,1.265738e-20,-5.738372e-18
mtcu:hasPL0,resource,0.0,-0.56079817,-2.261879,-2.4014323,-0.74481595,-1.0661644,1.7214217,0.25325593,-0.023364043,-5.807104e-21,1.3036809e-15,-1.10624025e-20,3.9297756e-21,-2.7485456e-18,-2.8188717e-17,4.9303697e-21,-2.9130032e-17
hasExplanation,object_property,0.0,-0.6342006,-2.0632188,1.609402,-2.4743335,-1.1677835,-1.7860585,0.2143474,-0.012321135,-6.4297496e-21,1.8218218e-16,-3.017744e-20,6.5249404e-21,-2.6494428e-18,-9.752426e-19,1.265738e-20,-5.738372e-18
mtr:size,resource,0.0,-0.56079817,-2.261879,-2.4014323,-0.74481595,-1.0661644,1.7214217,0.25325593,-0.023364043,-5.807104e-21,1.3036809e-15,-1.10624025e-20,3.9297756e-21,-2.7485456e-18,-2.8188717e-17,4.9303697e-21,-2.9130032e-17
MatchColumnOption,class,0.0038665868165178342,-0.31459847,-2.1649776,1.0210418,2.6394498,-0.5289352,-0.23932739,0.15903121,0.07079996,-3.6368324e-21,2.0395677e-15,2.6132264e-20,-1.7152014e-21,-1.9973326e-18,-4.3960156e-17,-1.0230349e-20,-4.244932e-17
mtr:hasOption,resource,0.0,-0.56079817,-2.261879,-2.4014323,-0.74481595,-1.0661644,1.7214217,0.25325593,-0.023364043,-5.807104e-21,1.3036809e-15,-1.10624025e-20,3.9297756e-21,-2.7485456e-18,-2.8188717e-17,4.9303697e-21,-2.9130032e-17
mtcu:hasPedagogicalUnit,resource,0.0,-0.56079817,-2.261879,-2.4014323,-0.74481595,-1.0661644,1.7214217,0.25325593,-0.023364043,-5.807104e-21,1.3036809e-15,-1.10624025e-20,3.9297756e-21,-2.7485456e-18,-2.8188717e-17,4.9303697e-21,-2.9130032e-17
mtcu:UniversalGenericOperator,resource,0.0,-0.56079817,-2.261879,-2.4014323,-0.74481595,-1.0661644,1.7214217,0.25325593,-0.023364043,-5.807104e-21,1.3036809e-15,-1.10624025e-20,3.9297756e-21,-2.7485456e-18,-2.8188717e-17,4.9303697e-21,-2.9130032e-17
OptionAnswer,datatype_property,0.0,-0.7087522,-2.070484,-0.15536167,-0.5699244,4.143098,-0.121833265,-0.041745704,-0.015220543,2.4078843e-20,1.1883218e-15,5.935199e-21,-1.147999e-20,8.568661e-18,-4.8734348e-17,-4.4092168e-21,-2.6229793e-17
mtcu:ckType,resource,0.0,-0.56079817,-2.261879,-2.4014323,-0.74481595,-1.0661644,1.7214217,0.25325593,-0.023364043,-5.807104e-21,1.3036809e-15,-1.10624025e-20,3.9297756e-21,-2.7485456e-18,-2.8188717e-17,4.9303697e-21,-2.9130032e-17
duration,datatype_property,0.0,-0.7087522,-2.070484,-0.15536167,-0.5699244,4.143098,-0.121833265,-0.041745704,-0.015220543,2.4078843e-20,1.1883218e-15,5.935199e-21,-1.147999e-20,8.568661e-18,-4.8734348e-17,-4.4092168e-21,-2.6229793e-17
mtcu:Error_Bug,resource,0.0,-0.56079817,-2.261879,-2.4014323,-0.74481595,-1.0661644,1.7214217,0.25325593,-0.023364043,-5.807104e-21,1.3036809e-15,-1.10624025e-20,3.9297756e-21,-2.7485456e-18,-2.8188717e-17,4.9303697e-21,-2.9130032e-17
mtr:tokenized_statement,resource,0.0,-0.56079817,-2.261879,-2.4014323,-0.74481595,-1.0661644,1.7214217,0.25325593,-0.023364043,-5.807104e-21,1.3036809e-15,-1.10624025e-20,3.9297756e-21,-2.7485456e-18,-2.8188717e-17,4.9303697e-21,-2.9130032e-17
mtr:Concept,resource,0.0,-0.56079817,-2.261879,-2.4014323,-0.74481595,-1.0661644,1.7214217,0.25325593,-0.023364043,-5.807104e-21,1.3036809e-15,-1.10624025e-20,3.9297756e-21,-2.7485456e-18,-2.8188717e-17,4.9303697e-21,-2.9130032e-17
loopQuality,datatype_property,0.0038665868165178342,-0.52441174,-2.0158074,0.18322638,-0.5993771,4.136725,0.2807102,-0.16561216,-0.0011293177,2.4333143e-20,1.2242475e-15,5.879159e-21,-1.1577573e-20,8.644789e-18,-4.9760638e-17,-4.4057566e-21,-2.6728391e-17
mtr:enabled,resource,0.0,-0.56079817,-2.261879,-2.4014323,-0.74481595,-1.0661644,1.7214217,0.25325593,-0.023364043,-5.807104e-21,1.3036809e-15,-1.10624025e-20,3.9297756e-21,-2.7485456e-18,-2.8188717e-17,4.9303697e-21,-2.9130032e-17
mtcp:isChildOfCurriculum,resource,0.0,-0.56079817,-2.261879,-2.4014323,-0.74481595,-1.0661644,1.7214217,0.25325593,-0.023364043,-5.807104e-21,1.3036809e-15,-1.10624025e-20,3.9297756e-21,-2.7485456e-18,-2.8188717e-17,4.9303697e-21,-2.9130032e-17
account_of,object_property,0.0,-0.6342006,-2.0632188,1.609402,-2.4743335,-1.1677835,-1.7860585,0.2143474,-0.012321135,-6.4297496e-21,1.8218218e-16,-3.017744e-20,6.5249404e-21,-2.6494428e-18,-9.752426e-19,1.265738e-20,-5.738372e-18
mtcu:Catalogue,resource,0.0,-0.56079817,-2.261879,-2.4014323,-0.74481595,-1.0661644,1.7214217,0.25325593,-0.023364043,-5.807104e-21,1.3036809e-15,-1.10624025e-20,3.9297756e-21,-2.7485456e-18,-2.8188717e-17,4.9303697e-21,-2.9130032e-17
has_Knowledge,datatype_property,0.0,-0.7087522,-2.070484,-0.15536167,-0.5699244,4.143098,-0.121833265,-0.041745704,-0.015220543,2.4078843e-20,1.1883218e-15,5.935199e-21,-1.147999e-20,8.568661e-18,-4.8734348e-17,-4.4092168e-21,-2.6229793e-17
mtcu:hasDomain,resource,0.0,-0.56079817,-2.261879,-2.4014323,-0.74481595,-1.0661644,1.7214217,0.25325593,-0.023364043,-5.807104e-21,1.3036809e-15,-1.10624025e-20,3.9297756e-21,-2.7485456e-18,-2.8188717e-17,4.9303697e-21,-2.9130032e-17
mtcu:hasConceptualKnowledge,resource,0.0,-0.56079817,-2.261879,-2.4014323,-0.74481595,-1.0661644,1.7214217,0.25325593,-0.023364043,-5.807104e-21,1.3036809e-15,-1.10624025e-20,3.9297756e-21,-2.7485456e-18,-2.8188717e-17,4.9303697e-21,-2.9130032e-17
hasCurriculum,object_property,0.0,-0.6342006,-2.0632188,1.609402,-2.4743335,-1.1677835,-1.7860585,0.2143474,-0.012321135,-6.4297496e-21,1.8218218e-16,-3.017744e-20,6.5249404e-21,-2.6494428e-18,-9.752426e-19,1.265738e-20,-5.738372e-18
mtcu:isComposedByLaterality,resource,0.0,-0.56079817,-2.261879,-2.4014323,-0.74481595,-1.0661644,1.7214217,0.25325593,-0.023364043,-5.807104e-21,1.3036809e-15,-1.10624025e-20,3.9297756e-21,-2.7485456e-18,-2.8188717e-17,4.9303697e-21,-2.9130032e-17
mtr:URIResource,resource,0.0,-0.56079817,-2.261879,-2.4014323,-0.74481595,-1.0661644,1.7214217,0.25325593,-0.023364043,-5.807104e-21,1.3036809e-15,-1.10624025e-20,3.9297756e-21,-2.7485456e-18,-2.8188717e-17,4.9303697e-21,-2.9130032e-17
mtr:MatchColumnAnswer,resource,0.0,-0.56079817,-2.261879,-2.4014323,-0.74481595,-1.0661644,1.7214217,0.25325593,-0.023364043,-5.807104e-21,1.3036809e-15,-1.10624025e-20,3.9297756e-21,-2.7485456e-18,-2.8188717e-17,4.9303697e-21,-2.9130032e-17
mtr:DiscursiveProblem,resource,0.0,-0.56079817,-2.261879,-2.4014323,-0.74481595,-1.0661644,1.7214217,0.25325593,-0.023364043,-5.807104e-21,1.3036809e-15,-1.10624025e-20,3.9297756e-21,-2.7485456e-18,-2.8188717e-17,4.9303697e-21,-2.9130032e-17
mtr:Question,resource,0.0,-0.56079817,-2.261879,-2.4014323,-0.74481595,-1.0661644,1.7214217,0.25325593,-0.023364043,-5.807104e-21,1.3036809e-15,-1.10624025e-20,3.9297756e-21,-2.7485456e-18,-2.8188717e-17,4.9303697e-21,-2.9130032e-17
mtr:issue,resource,0.0,-0.56079817,-2.261879,-2.4014323,-0.74481595,-1.0661644,1.7214217,0.25325593,-0.023364043,-5.807104e-21,1.3036809e-15,-1.10624025e-20,3.9297756e-21,-2.7485456e-18,-2.8188717e-17,4.9303697e-21,-2.9130032e-17
mtcu:hasExplanation,resource,0.0,-0.56079817,-2.261879,-2.4014323,-0.74481595,-1.0661644,1.7214217,0.25325593,-0.023364043,-5.807104e-21,1.3036809e-15,-1.10624025e-20,3.9297756e-21,-2.7485456e-18,-2.8188717e-17,4.9303697e-21,-2.9130032e-17
mtcu:hasPS,resource,0.0,-0.56079817,-2.261879,-2.4014323,-0.74481595,-1.0661644,1.7214217,0.25325593,-0.023364043,-5.807104e-21,1.3036809e-15,-1.10624025e-20,3.9297756e-21,-2.7485456e-18,-2.8188717e-17,4.9303697e-21,-2.9130032e-17
has_member,object_property,0.0,-0.6342006,-2.0632188,1.609402,-2.4743335,-1.1677835,-1.7860585,0.2143474,-0.012321135,-6.4297496e-21,1.8218218e-16,-3.017744e-20,6.5249404e-21,-2.6494428e-18,-9.752426e-19,1.265738e-20,-5.738372e-18
hasSuperConceptualKnowledge,object_property,0.0,-0.6342006,-2.0632188,1.609402,-2.4743335,-1.1677835,-1.7860585,0.2143474,-0.012321135,-6.4297496e-21,1.8218218e-16,-3.017744e-20,6.5249404e-21,-2.6494428e-18,-9.752426e-19,1.265738e-20,-5.738372e-18
mtcp:Curriculum,resource,0.0,-0.56079817,-2.261879,-2.4014323,-0.74481595,-1.0661644,1.7214217,0.25325593,-0.023364043,-5.807104e-21,1.3036809e-15,-1.10624025e-20,3.9297756e-21,-2.7485456e-18,-2.8188717e-17,4.9303697e-21,-2.9130032e-17
mtcu:hasLO,resource,0.0,-0.56079817,-2.261879,-2.4014323,-0.74481595,-1.0661644,1.7214217,0.25325593,-0.023364043,-5.807104e-21,1.3036809e-15,-1.10624025e-20,3.9297756e-21,-2.7485456e-18,-2.8188717e-17,4.9303697e-21,-2.9130032e-17
hasDiscrepancy,object_property,0.0,-0.6342006,-2.0632188,1.609402,-2.4743335,-1.1677835,-1.7860585,0.2143474,-0.012321135,-6.4297496e-21,1.8218218e-16,-3.017744e-20,6.5249404e-21,-2.6494428e-18,-9.752426e-19,1.265738e-20,-5.738372e-18
mtr:Statement,resource,0.0,-0.56079817,-2.261879,-2.4014323,-0.74481595,-1.0661644,1.7214217,0.25325593,-0.023364043,-5.807104e-21,1.3036809e-15,-1.10624025e-20,3.9297756e-21,-2.7485456e-18,-2.8188717e-17,4.9303697e-21,-2.9130032e-17
resolution,datatype_property,0.0,-0.7087522,-2.070484,-0.15536167,-0.5699244,4.143098,-0.121833265,-0.041745704,-0.015220543,2.4078843e-20,1.1883218e-15,5.935199e-21,-1.147999e-20,8.568661e-18,-4.8734348e-17,-4.4092168e-21,-2.6229793e-17
mtcu:Error_Misconception,resource,0.0,-0.56079817,-2.261879,-2.4014323,-0.74481595,-1.0661644,1.7214217,0.25325593,-0.023364043,-5.807104e-21,1.3036809e-15,-1.10624025e-20,3.9297756e-21,-2.7485456e-18,-2.8188717e-17,4.9303697e-21,-2.9130032e-17
endDate,datatype_property,0.0,-0.7087522,-2.070484,-0.15536167,-0.5699244,4.143098,-0.121833265,-0.041745704,-0.015220543,2.4078843e-20,1.1883218e-15,5.935199e-21,-1.147999e-20,8.568661e-18,-4.8734348e-17,-4.4092168e-21,-2.6229793e-17
stepName,datatype_property,0.0,-0.7087522,-2.070484,-0.15536167,-0.5699244,4.143098,-0.121833265,-0.041745704,-0.015220543,2.4078843e-20,1.1883218e-15,5.935199e-21,-1.147999e-20,8.568661e-18,-4.8734348e-17,-4.4092168e-21,-2.6229793e-17
mtcu:hasBehaviouralKnowledge,resource,0.0,-0.56079817,-2.261879,-2.4014323,-0.74481595,-1.0661644,1.7214217,0.25325593,-0.023364043,-5.807104e-21,1.3036809e-15,-1.10624025e-20,3.9297756e-21,-2.7485456e-18,-2.8188717e-17,4.9303697e-21,-2.9130032e-17
isParentOfCurriculum,object_property,0.0,-0.6342006,-2.0632188,1.609402,-2.4743335,-1.1677835,-1.7860585,0.2143474,-0.012321135,-6.4297496e-21,1.8218218e-16,-3.017744e-20,6.5249404e-21,-2.6494428e-18,-9.752426e-19,1.265738e-20,-5.738372e-18
mtcu:hasCatalogue,resource,0.0,-0.56079817,-2.261879,-2.4014323,-0.74481595,-1.0661644,1.7214217,0.25325593,-0.023364043,-5.807104e-21,1.3036809e-15,-1.10624025e-20,3.9297756e-21,-2.7485456e-18,-2.8188717e-17,4.9303697e-21,-2.9130032e-17
Thing,resource,0.9999998546936675,44.87846,-7.448379,-10.369304,-1.1431917,-0.87037987,-8.187091,-21.277365,5.6611423,-3.4101167e-21,2.611001e-15,-9.585777e-21,3.667106e-21,-2.3212704e-18,-5.822327e-17,4.3744376e-21,-5.60273e-17
string,resource,0.11282754472459634,4.9008236,-2.7381127,-2.9647508,-0.7970414,-1.0070757,0.9728773,-1.4470674,-1.9341152,-5.3250475e-21,1.3360108e-15,-1.1112342e-20,3.775412e-21,-2.572412e-18,-2.842115e-17,4.9231678e-21,-2.856311e-17
float,resource,0.031741870056400535,0.9662022,-2.3989565,-2.5694575,-0.7593016,-1.0505931,1.5003271,-0.24582791,-0.48833576,-5.6775048e-21,1.328378e-15,-1.1070294e-20,3.8898956e-21,-2.7031675e-18,-2.796106e-17,4.9267645e-21,-2.8451797e-17
1.0,resource,0.004578449246292296,-0.3337742,-2.2794483,-2.4188814,-0.7470525,-1.0631702,1.6969997,0.19600539,-0.14203027,-5.784132e-21,1.2858302e-15,-1.1067919e-20,3.9215013e-21,-2.7418746e-18,-2.8415408e-17,4.930972e-21,-2.8822258e-17
double,resource,0.009868760922359054,-0.07927415,-2.3022947,-2.4468856,-0.7494668,-1.0605751,1.6601508,0.11282475,-0.21952556,-5.7625323e-21,1.3271511e-15,-1.1069234e-20,3.914855e-21,-2.7366946e-18,-2.780064e-17,4.9303713e-21,-2.8571566e-17
boolean,resource,0.004934380461179526,-0.3200362,-2.2820868,-2.4241588,-0.74714136,-1.0633696,1.6907861,0.18304034,-0.121444814,-5.784818e-21,1.2871313e-15,-1.1065818e-20,3.922315e-21,-2.7427216e-18,-2.8442513e-17,4.9303705e-21,-2.885614e-17
