source,target,relation,structural
strategy_0009,strategy_0008,isChildOf_Strategy,False
targetBehavior_0009,metric_0057,hasMetric,False
resourceUnit_0001,engagementLoop_0010,isPartOfEngagementLoop,False
playerAction_0013,resource_0014,usesResource,False
achievements_0005,categoryExploration_0002,leadsToExploration,False
strategy_0011,strategy_0003,isParentOf_Strategy,False
FillBlanksOption,Thing,subClassOf,True
targetBehavior_0029,engagementLoop_0001,isPartOfEngagementLoop,False
leadsToExploration,Boss_Fights,domain,False
resourceUnit_0016,resourceUnit_0006,previous_Unit,False
gDEMechanic_0001,gamification_0001,isUsedBy,False
player_0016,playerType_0001,isDescribedByType,False
rewards_0002,categoryPerformance_0002,leadsToPerformance,False
archetypeChemicalMessenger,string,range,False
gDEMechanic_0004,gamification_0005,isUsedBy,False
targetBehavior_0026,metric_0048,hasMetric,False
hasPlayer,Player,range,False
challenges_0005,categoryPerformance_0002,leadsToPerformance,False
levels_0003,engagementLoop_0007,isPartOfEngagementLoop,False
tactic_0015,engagementLoop_0005,isPartOfEngagementLoop,False
yeeSocialComponent_0003,engagementLoop_0004,isPartOfEngagementLoop,False
tactic_0018,tactic_0012,isChildOf_Tactic,False
player_0008,playerType_0003,isDescribedByType,False
rewards_0001,categoryPerformance_0003,leadsToPerformance,False
Resolution,Thing,subClassOf,True
targetBehavior_0024,metric_0021,hasMetric,False
selfDeterminationTheory_0003,gamification_0002,isUsedBy,False
playerAction_0005,resource_0006,usesResource,False
targetBehavior_0018,engagementLoop_0001,isPartOfEngagementLoop,False
leaderboards_0001,categoryParticipation_0002,leadsToParticipation,False
targetBehavior_0040,engagementLoop_0008,isPartOfEngagementLoop,False
gDEMechanic_0004,gDEComponent_0005,tiesComponent,False
emotions_0001,motivation_0001,affordsMotivation,False
gamifiedITS_0003,engagementLoop_0009,isPartOfEngagementLoop,False
Target_Behavior_Category,Thing,subClassOf,True
gDEComponent_0003,engagementLoop_0002,isPartOfEngagementLoop,False
course_0007,domain_0003,teachesDomain,False
player_0012,engagementLoop_0009,isPartOfEngagementLoop,False
achievements_0003,categoryExploration_0002,leadsToExploration,False
player_0004,sDTAutonomy_0002,satisfies,False
studentModel_0004,behaviouralKnowledge_0007,hasBehaviouralKnowledge,False
targetBehavior_0021,engagementLoop_0010,isPartOfEngagementLoop,False
engagementLoop_0007,playerAction_0014,isComposedBy,False
targetBehavior_0018,metric_0006,hasMetric,False
resourceUnit_0011,engagementLoop_0009,isPartOfEngagementLoop,False
isChildOf_Strategy,Strategy,range,False
problemUnit_0009,problemNext_0011,has_ProblemNext,False
badges_0002,engagementLoop_0003,isPartOfEngagementLoop,False
instrutionalPlan_0019,engagementLoop_0001,isPartOfEngagementLoop,False
leaderboards_0002,categoryParticipation_0002,leadsToParticipation,False
gDEMechanic_0003,engagementLoop_0002,isPartOfEngagementLoop,False
player_0004,playerType_0005,isDescribedByType,False
gDEDynamic_0001,motivation_0004,affordsMotivation,False
GamificationModel,Thing,subClassOf,True
targetBehavior_0027,metric_0020,hasMetric,False
Constraints,GDE_Dynamic,subClassOf,True
strategy_0017,engagementLoop_0006,isPartOfEngagementLoop,False
Yee_Escapism,Thing,subClassOf,True
rewards_0003,categoryPerformance_0001,leadsToPerformance,False
problemUnit_0018,engagementLoop_0003,isPartOfEngagementLoop,False
player_0015,sDTCompetence_0003,satisfies,False
its_domain.owl,meututor_domain_cp.owl,imports,False
isAccomplishedWith,leadsTo,inverseOf,False
strategy_0002,strategy_0002,isChildOf_Strategy,False
rewards_0004,categoryPerformance_0001,leadsToPerformance,False
rewards_0001,categoryParticipation_0003,leadsToParticipation,False
narrative_0001,motivation_0005,affordsMotivation,False
achievements_0005,categoryEnjoyment_0002,leadsToEnjoyment,False
yeeSocialComponent_0002,engagementLoop_0002,isPartOfEngagementLoop,False
Self-Determination_Theory,Motivation_And_Need_Theory,subClassOf,True
story_0001,categoryEnjoyment_0002,leadsToEnjoyment,False
tactic_0001,engagementLoop_0001,isPartOfEngagementLoop,False
yeeImmersionComponent_0002,playerType_0003,describesType,False
strategy_0013,engagementLoop_0007,isPartOfEngagementLoop,False
player_0015,sDTCompetence_0001,satisfies,False
strategy_0015,strategy_0006,isParentOf_Strategy,False
player_0003,sDTCompetence_0005,satisfies,False
targetBehavior_0019,metric_0009,hasMetric,False
Catalogue,Thing,subClassOf,True
strategy_0007,engagementLoop_0005,isPartOfEngagementLoop,False
levels_0003,categoryParticipation_0003,leadsToParticipation,False
tactic_0014,tactic_0011,isChildOf_Tactic,False
strategy_0009,strategy_0008,isParentOf_Strategy,False
theme_0002,categoryEnjoyment_0001,leadsToEnjoyment,False
badges_0003,categoryEnjoyment_0002,leadsToEnjoyment,False
designPractice_0009,gDEComponent_0002,hasGameElement,False
strategy_0004,strategy_0002,isChildOf_Strategy,False
leadsToExploration,Levels,domain,False
resourceUnit_0004,engagementLoop_0009,isPartOfEngagementLoop,False
resourceUnit_0006,resourceUnit_0004,previous_Unit,False
resourceUnit_0001,resourceUnit_0001,previous_Unit,False
Points,Thing,subClassOf,True
problemUnit_0009,engagementLoop_0007,isPartOfEngagementLoop,False
player_0002,sDTRelatedness_0003,satisfies,False
selfDeterminationTheory_0005,gamification_0004,isUsedBy,False
instrutionalPlan_0002,engagementLoop_0006,isPartOfEngagementLoop,False
targetBehavior_0034,engagementLoop_0010,isPartOfEngagementLoop,False
Yee_Social_Component,Yees_Motivational_Components,subClassOf,True
player_0012,playerType_0001,isDescribedByType,False
gamifiedITS_0007,engagementLoop_0003,isPartOfEngagementLoop,False
strategy_0013,engagementLoop_0008,isPartOfEngagementLoop,False
yeeImmersionComponent_0003,playerType_0006,describesType,False
resourceUnit_0004,resourceUnit_0003,previous_Unit,False
selfDeterminationTheory_0004,gamification_0003,isUsedBy,False
achievements_0005,categoryEnjoyment_0003,leadsToEnjoyment,False
challenges_0005,categoryPerformance_0001,leadsToPerformance,False
engagementLoop_0004,motivationalAffordance_0002,isComposedBy,False
isChildOf_Strategy,isParentOf_Strategy,inverseOf,False
engagementLoop_0002,playerAction_0020,isComposedBy,False
CurriculumUnit,THINGInstrutionalPlan,subClassOf,True
tactic_0003,tactic_0002,isChildOf_Tactic,False
problemUnit_0001,problemNext_0011,has_ProblemNext,False
isChildOf_Tactic,Tactic,domain,False
levels_0005,engagementLoop_0010,isPartOfEngagementLoop,False
theme_0001,engagementLoop_0002,isPartOfEngagementLoop,False
satisfies,Thing,range,False
tactic_0008,tactic_0005,isParentOf_Tactic,False
yeeAchievementComponent_0002,playerType_0001,describesType,False
challenges_0004,categoryParticipation_0002,leadsToParticipation,False
tactic_0018,engagementLoop_0009,isPartOfEngagementLoop,False
designPractice_0005,engagementLoop_0009,isPartOfEngagementLoop,False
studentModel_0002,behaviouralKnowledge_0020,hasBehaviouralKnowledge,False
course_0004,domain_0009,teachesDomain,False
strategy_0008,engagementLoop_0005,isPartOfEngagementLoop,False
targetBehavior_0012,engagementLoop_0006,isPartOfEngagementLoop,False
tactic_0017,tactic_0006,isChildOf_Tactic,False
Problem,Thing,subClassOf,True
quests_0004,categoryEnjoyment_0001,leadsToEnjoyment,False
instrutionalPlan_0017,engagementLoop_0004,isPartOfEngagementLoop,False
Virtual_Goods,Thing,subClassOf,True
tactic_0013,tactic_0005,isParentOf_Tactic,False
leaderboards_0001,categoryPerformance_0002,leadsToPerformance,False
badges_0001,categoryEffectiveness_0002,leadsToEffectiveness,False
strategy_0019,strategy_0011,isChildOf_Strategy,False
challenges_0005,categoryParticipation_0002,leadsToParticipation,False
problemUnit_0003,engagementLoop_0005,isPartOfEngagementLoop,False
Content,Thing,subClassOf,True
Item,Thing,subClassOf,True
targetBehavior_0007,metric_0015,hasMetric,False
targetBehavior_0020,engagementLoop_0009,isPartOfEngagementLoop,False
leaderboards_0002,categoryPerformance_0002,leadsToPerformance,False
Feedback,Thing,subClassOf,True
instrutionalPlan_0019,engagementLoop_0009,isPartOfEngagementLoop,False
course_0008,domain_0007,teachesDomain,False
course_0010,domain_0005,teachesDomain,False
playerAction_0007,resource_0006,usesResource,False
targetBehavior_0013,engagementLoop_0001,isPartOfEngagementLoop,False
problemUnit_0018,engagementLoop_0002,isPartOfEngagementLoop,False
problemUnit_0004,problemNext_0007,has_ProblemNext,False
points_0001,categoryEnjoyment_0001,leadsToEnjoyment,False
story_0002,categoryParticipation_0003,leadsToParticipation,False
gDEMechanic_0004,gDEDynamic_0002,composesDynamic,False
THINGCurriculum,Thing,subClassOf,True
engagementLoop_0008,engagementLoop_0005,isPartOfEngagementLoop,False
targetBehavior_0029,metric_0024,hasMetric,False
resourceUnit_0003,engagementLoop_0002,isPartOfEngagementLoop,False
isComprisedOf,Motivational_Component,range,False
abilityScoreStandardDeviation,Domain,domain,False
tactic_0019,tactic_0017,isParentOf_Tactic,False
designPractice_0005,gDEComponent_0002,hasGameElement,False
rewards_0003,categoryParticipation_0003,leadsToParticipation,False
Levels,Thing,subClassOf,True
nonGameContext_0003,gamification_0005,hasGamification,False
tactic_0012,engagementLoop_0004,isPartOfEngagementLoop,False
explorationName,CategoryExploration,domain,False
achievements_0001,engagementLoop_0007,isPartOfEngagementLoop,False
gDEMechanic_0005,engagementLoop_0002,isPartOfEngagementLoop,False
constraints_0002,motivation_0003,affordsMotivation,False
Level,InstrutionalPlan,domain,False
engagementLoop_0002,engagementLoop_0002,isPartOfEngagementLoop,False
player_0013,engagementLoop_0007,isPartOfEngagementLoop,False
player_0019,playerType_0004,isDescribedByType,False
studentModel_0014,behaviouralKnowledge_0006,hasBehaviouralKnowledge,False
targetBehavior_0015,metric_0055,hasMetric,False
strategy_0013,strategy_0010,isChildOf_Strategy,False
Transactions,Thing,subClassOf,True
isParentOf_Strategy,isChildOf_Strategy,inverseOf,False
gamification_0003,motivationAndNeedTheory_0005,makesUseOf,False
leadsToPerformance,Theme,domain,False
story_0004,categoryPerformance_0002,leadsToPerformance,False
Gamification,Thing,subClassOf,True
points_0004,categoryEnjoyment_0001,leadsToEnjoyment,False
levels_0003,categoryExploration_0003,leadsToExploration,False
hasActivityLoops,GamificationModel,domain,False
narrative_0002,motivation_0001,affordsMotivation,False
strategy_0001,engagementLoop_0010,isPartOfEngagementLoop,False
problemUnit_0017,engagementLoop_0007,isPartOfEngagementLoop,False
tactic_0011,engagementLoop_0005,isPartOfEngagementLoop,False
bossFights_0004,categoryExploration_0002,leadsToExploration,False
player_0004,playerType_0002,isDescribedByType,False
tactic_0004,tactic_0002,isChildOf_Tactic,False
has_PedagogicalUnit,PedagogicalUnit,range,False
player_0006,engagementLoop_0001,isPartOfEngagementLoop,False
gamifiedITS_0002,engagementLoop_0006,isPartOfEngagementLoop,False
emotions_0004,motivation_0004,affordsMotivation,False
story_0004,categoryParticipation_0002,leadsToParticipation,False
rewards_0004,categoryEnjoyment_0001,leadsToEnjoyment,False
WritingEvaluation,Thing,subClassOf,True
PedagogicalUnit,Thing,subClassOf,True
problemUnit_0006,engagementLoop_0008,isPartOfEngagementLoop,False
player_0013,engagementLoop_0008,isPartOfEngagementLoop,False
problemUnit_0014,engagementLoop_0001,isPartOfEngagementLoop,False
strategy_0001,strategy_0001,isChildOf_Strategy,False
selfDeterminationTheory_0004,engagementLoop_0007,isPartOfEngagementLoop,False
strategy_0016,strategy_0011,isChildOf_Strategy,False
instrutionalPlan_0001,engagementLoop_0006,isPartOfEngagementLoop,False
leadsTo,Activity_Loop,domain,False
achievements_0001,engagementLoop_0003,isPartOfEngagementLoop,False
curriculumUnit_0004,engagementLoop_0001,isPartOfEngagementLoop,False
playerType_0005,engagementLoop_0008,isPartOfEngagementLoop,False
playerAction_0020,resource_0005,usesResource,False
studentModel_0016,behaviouralKnowledge_0019,hasBehaviouralKnowledge,False
course_0002,domain_0006,teachesDomain,False
Yee_Immersion_Component,Yees_Motivational_Components,subClassOf,True
affordsMotivation,Motivation,range,False
levels_0001,categoryExploration_0001,leadsToExploration,False
avatars_0003,categoryEnjoyment_0003,leadsToEnjoyment,False
resourceUnit_0016,engagementLoop_0009,isPartOfEngagementLoop,False
tactic_0017,tactic_0006,isParentOf_Tactic,False
problemUnit_0006,problemNext_0015,has_ProblemNext,False
gamification_0005,motivationAndNeedTheory_0005,makesUseOf,False
playerType_0001,engagementLoop_0010,isPartOfEngagementLoop,False
challenges_0002,engagementLoop_0005,isPartOfEngagementLoop,False
player_0002,sDTCompetence_0004,satisfies,False
targetBehavior_0006,engagementLoop_0003,isPartOfEngagementLoop,False
playerAction_0014,resource_0007,usesResource,False
strategy_0018,strategy_0015,isChildOf_Strategy,False
targetBehavior_0014,metric_0006,hasMetric,False
hasStudentModel,StudentModel,range,False
yeeImmersionComponent_0002,engagementLoop_0007,isPartOfEngagementLoop,False
isComposedBy,Player_Action,range,False
engagementLoop_0010,engagementLoop_0006,isPartOfEngagementLoop,False
BehaviouralKnowledge,Thing,subClassOf,True
Hint,Thing,subClassOf,True
problemUnit_0018,problemNext_0014,has_ProblemNext,False
badges_0004,categoryEffectiveness_0003,leadsToEffectiveness,False
leaderboards_0001,categoryEffectiveness_0003,leadsToEffectiveness,False
leadsToPerformance,Feedback,domain,False
targetBehavior_0014,metric_0026,hasMetric,False
targetBehavior_0013,engagementLoop_0009,isPartOfEngagementLoop,False
leadsToEffectiveness,CategoryEffectiveness,range,False
its_pedagogical.owl,its_domain.owl,imports,False
problemUnit_0002,problemNext_0020,has_ProblemNext,False
CategoryPerformance,Target_Behavior_Category,subClassOf,True
has_Curriculum,CurriculumUnit,domain,False
coversComponent,Game_Design_Element,range,False
tactic_0015,tactic_0005,isParentOf_Tactic,False
targetBehavior_0009,metric_0022,hasMetric,False
isChildOf_Tactic,Tactic,range,False
gDEComponent_0002,engagementLoop_0002,isPartOfEngagementLoop,False
theme_0001,categoryEnjoyment_0002,leadsToEnjoyment,False
THINGInstrutionalPlan,THINGPedagogicalModel,subClassOf,True
Collections,Thing,subClassOf,True
targetBehavior_0036,metric_0026,hasMetric,False
tactic_0015,tactic_0001,isChildOf_Tactic,False
player_0011,sDTRelatedness_0002,satisfies,False
studentModel_0012,behaviouralKnowledge_0017,hasBehaviouralKnowledge,False
isTiedTo,GDE_Component,domain,False
achievements_0004,categoryExploration_0002,leadsToExploration,False
Game_Design_Element,Thing,subClassOf,True
tactic_0008,tactic_0007,isChildOf_Tactic,False
constraints_0001,motivation_0003,affordsMotivation,False
engagementLoop_0005,engagementLoop_0004,isPartOfEngagementLoop,False
strategy_0011,strategy_0011,isParentOf_Strategy,False
player_0001,sDTRelatedness_0002,satisfies,False
strategy_0005,strategy_0004,isChildOf_Strategy,False
player_0009,sDTAutonomy_0002,satisfies,False
designPractice_0009,targetBehavior_0018,hasTargetBehavior,False
nonGameContext_0002,gamification_0002,hasGamification,False
strategy_0020,strategy_0015,isChildOf_Strategy,False
strategy_0007,strategy_0004,isParentOf_Strategy,False
targetBehavior_0020,engagementLoop_0005,isPartOfEngagementLoop,False
score_Min,ProblemNext,domain,False
tactic_0007,engagementLoop_0002,isPartOfEngagementLoop,False
problemUnit_0008,engagementLoop_0006,isPartOfEngagementLoop,False
story_0001,categoryPerformance_0003,leadsToPerformance,False
player_0006,sDTCompetence_0004,satisfies,False
playerType_0003,engagementLoop_0005,isPartOfEngagementLoop,False
tactic_0006,tactic_0005,isParentOf_Tactic,False
tactic_0010,engagementLoop_0009,isPartOfEngagementLoop,False
Survivor,Thing,subClassOf,True
designPractice_0009,gDEComponent_0005,hasGameElement,False
gamifiedITS_0003,engagementLoop_0003,isPartOfEngagementLoop,False
studentModel_0006,behaviouralKnowledge_0007,hasBehaviouralKnowledge,False
player_0012,engagementLoop_0003,isPartOfEngagementLoop,False
player_0001,playerType_0005,isDescribedByType,False
playerType_0004,engagementLoop_0004,isPartOfEngagementLoop,False
Leaderboards,Thing,subClassOf,True
designPractice_0007,targetBehavior_0031,hasTargetBehavior,False
story_0001,engagementLoop_0005,isPartOfEngagementLoop,False
challenges_0003,engagementLoop_0005,isPartOfEngagementLoop,False
points_0003,categoryEnjoyment_0003,leadsToEnjoyment,False
relationships_0005,motivation_0002,affordsMotivation,False
targetBehavior_0011,metric_0039,hasMetric,False
player_0010,engagementLoop_0010,isPartOfEngagementLoop,False
yeeSocialComponent_0003,engagementLoop_0005,isPartOfEngagementLoop,False
strategy_0006,engagementLoop_0010,isPartOfEngagementLoop,False
designPractice_0010,engagementLoop_0010,isPartOfEngagementLoop,False
targetBehavior_0039,engagementLoop_0009,isPartOfEngagementLoop,False
previous_Unit,ResourceUnit,domain,False
targetBehavior_0034,metric_0014,hasMetric,False
problemUnit_0001,engagementLoop_0003,isPartOfEngagementLoop,False
challenges_0002,engagementLoop_0007,isPartOfEngagementLoop,False
yeeAchievementComponent_0003,playerType_0002,describesType,False
player_0014,sDTAutonomy_0004,satisfies,False
designPractice_0004,targetBehavior_0019,hasTargetBehavior,False
studentModel_0008,behaviouralKnowledge_0015,hasBehaviouralKnowledge,False
tactic_0005,engagementLoop_0009,isPartOfEngagementLoop,False
theme_0003,categoryParticipation_0002,leadsToParticipation,False
Avatars,Thing,subClassOf,True
ResolutionMethod,Thing,subClassOf,True
bossFights_0002,categoryExploration_0003,leadsToExploration,False
ProblemNext,THINGInstrutionalPlan,subClassOf,True
tactic_0003,tactic_0002,isParentOf_Tactic,False
Player,Thing,subClassOf,True
resourceUnit_0004,engagementLoop_0008,isPartOfEngagementLoop,False
player_0008,playerType_0005,isDescribedByType,False
badges_0003,engagementLoop_0006,isPartOfEngagementLoop,False
targetBehavior_0020,metric_0046,hasMetric,False
yeeImmersionComponent_0001,engagementLoop_0004,isPartOfEngagementLoop,False
course_0001,domain_0007,teachesDomain,False
rewards_0003,engagementLoop_0004,isPartOfEngagementLoop,False
tactic_0002,engagementLoop_0010,isPartOfEngagementLoop,False
player_0013,engagementLoop_0003,isPartOfEngagementLoop,False
has_Resource,Resource,range,False
leaderboards_0003,categoryCompetition_0002,leadsToCompetition,False
badges_0002,categoryEnjoyment_0003,leadsToEnjoyment,False
Question,Thing,subClassOf,True
DomainModel,Thing,subClassOf,True
designPractice_0002,gDEComponent_0001,hasGameElement,False
player_0009,playerType_0002,isDescribedByType,False
resourceUnit_0019,resourceUnit_0004,previous_Unit,False
Domain,Thing,subClassOf,True
gato.owl,its_pedagogical.owl,imports,False
strategy_0006,strategy_0003,isParentOf_Strategy,False
resourceUnit_0014,engagementLoop_0008,isPartOfEngagementLoop,False
strategy_0011,strategy_0007,isChildOf_Strategy,False
targetBehavior_0026,metric_0051,hasMetric,False
strategy_0004,strategy_0003,isParentOf_Strategy,False
targetBehavior_0029,engagementLoop_0008,isPartOfEngagementLoop,False
value,float,range,False
isUsedBy,Motivation_And_Need_Theory,domain,False
constraints_0002,motivation_0001,affordsMotivation,False
player_0020,engagementLoop_0001,isPartOfEngagementLoop,False
achievements_0004,engagementLoop_0005,isPartOfEngagementLoop,False
includes,Player,range,False
narrative_0005,motivation_0002,affordsMotivation,False
strategy_0003,strategy_0002,isParentOf_Strategy,False
studentModel_0010,behaviouralKnowledge_0003,hasBehaviouralKnowledge,False
problemUnit_0019,engagementLoop_0009,isPartOfEngagementLoop,False
nonGameContext_0005,gamification_0001,hasGamification,False
levels_0004,engagementLoop_0009,isPartOfEngagementLoop,False
badges_0002,categoryEffectiveness_0001,leadsToEffectiveness,False
Motivation_And_Need_Theory,Thing,subClassOf,True
gDEComponent_0001,gamification_0003,isUsedBy,False
instrutionalPlan_0019,engagementLoop_0007,isPartOfEngagementLoop,False
levels_0001,categoryParticipation_0001,leadsToParticipation,False
targetBehavior_0029,engagementLoop_0003,isPartOfEngagementLoop,False
targetBehavior_0022,metric_0016,hasMetric,False
problemUnit_0013,problemNext_0018,has_ProblemNext,False
leadsToParticipation,Challenges,domain,False
theme_0002,engagementLoop_0001,isPartOfEngagementLoop,False
yeeImmersionComponent_0002,engagementLoop_0008,isPartOfEngagementLoop,False
player_0010,playerType_0006,isDescribedByType,False
designPractice_0002,targetBehavior_0014,hasTargetBehavior,False
designPractice_0001,targetBehavior_0039,hasTargetBehavior,False
strategy_0016,engagementLoop_0010,isPartOfEngagementLoop,False
story_0001,engagementLoop_0007,isPartOfEngagementLoop,False
achievements_0003,categoryExploration_0003,leadsToExploration,False
Progressive_Loop,Activity_Loop,subClassOf,True
yeeImmersionComponent_0001,engagementLoop_0001,isPartOfEngagementLoop,False
theme_0004,engagementLoop_0006,isPartOfEngagementLoop,False
gDEDynamic_0003,motivation_0002,affordsMotivation,False
isAppliedTo,Gamification,domain,False
designPractice_0004,engagementLoop_0007,isPartOfEngagementLoop,False
narrative_0005,motivation_0003,affordsMotivation,False
avatars_0002,categoryEnjoyment_0002,leadsToEnjoyment,False
problemUnit_0017,problemNext_0009,has_ProblemNext,False
instrutionalPlan_0004,engagementLoop_0007,isPartOfEngagementLoop,False
challenges_0003,categoryPerformance_0003,leadsToPerformance,False
nonGameContext_0004,gamification_0005,hasGamification,False
theme_0003,engagementLoop_0010,isPartOfEngagementLoop,False
tactic_0006,engagementLoop_0001,isPartOfEngagementLoop,False
strategy_0003,engagementLoop_0004,isPartOfEngagementLoop,False
hasPlayerInteraction,Player,range,False
designPractice_0010,targetBehavior_0040,hasTargetBehavior,False
engagementLoop_0004,playerAction_0006,isComposedBy,False
targetBehavior_0021,metric_0010,hasMetric,False
resourceUnit_0018,engagementLoop_0004,isPartOfEngagementLoop,False
Bug,Thing,subClassOf,True
theme_0003,categoryPerformance_0001,leadsToPerformance,False
Diagnosis,Thing,subClassOf,True
leadsToEnjoyment,Theme,domain,False
leadsToEnjoyment,Points,domain,False
problemUnit_0015,problemNext_0002,has_ProblemNext,False
designPractice_0002,engagementLoop_0005,isPartOfEngagementLoop,False
problemUnit_0016,engagementLoop_0010,isPartOfEngagementLoop,False
relationships_0001,motivation_0002,affordsMotivation,False
Motivational_Component,Thing,subClassOf,True
instrutionalPlan_0004,engagementLoop_0008,isPartOfEngagementLoop,False
problemUnit_0015,engagementLoop_0010,isPartOfEngagementLoop,False
Target_Behavior,Thing,subClassOf,True
targetBehavior_0011,engagementLoop_0006,isPartOfEngagementLoop,False
player_0006,engagementLoop_0007,isPartOfEngagementLoop,False
bossFights_0002,categoryExploration_0001,leadsToExploration,False
tactic_0007,tactic_0002,isParentOf_Tactic,False
player_0008,sDTAutonomy_0002,satisfies,False
tactic_0010,engagementLoop_0005,isPartOfEngagementLoop,False
resourceUnit_0019,resourceUnit_0016,previous_Unit,False
instrutionalPlan_0014,engagementLoop_0010,isPartOfEngagementLoop,False
strategy_0019,strategy_0003,isParentOf_Strategy,False
targetBehavior_0038,engagementLoop_0006,isPartOfEngagementLoop,False
strategy_0017,strategy_0014,isChildOf_Strategy,False
curriculumUnit_0004,engagementLoop_0007,isPartOfEngagementLoop,False
studentModel_0003,behaviouralKnowledge_0008,hasBehaviouralKnowledge,False
instrutionalPlan_0004,engagementLoop_0003,isPartOfEngagementLoop,False
Social_Graph,Thing,subClassOf,True
targetBehavior_0019,engagementLoop_0004,isPartOfEngagementLoop,False
badges_0005,categoryEffectiveness_0003,leadsToEffectiveness,False
designPractice_0005,targetBehavior_0007,hasTargetBehavior,False
engagementLoop_0006,motivationalAffordance_0005,isComposedBy,False
course_0008,domain_0003,teachesDomain,False
strategy_0010,strategy_0008,isChildOf_Strategy,False
studentModel_0018,behaviouralKnowledge_0012,hasBehaviouralKnowledge,False
Narrative,GDE_Dynamic,subClassOf,True
Yee_Achievement_Component,Yees_Motivational_Components,subClassOf,True
problemUnit_0017,engagementLoop_0002,isPartOfEngagementLoop,False
relationships_0001,motivation_0003,affordsMotivation,False
Teams,Thing,subClassOf,True
leaderboards_0004,categoryCompetition_0001,leadsToCompetition,False
designPractice_0007,engagementLoop_0006,isPartOfEngagementLoop,False
tactic_0001,tactic_0001,isChildOf_Tactic,False
resourceUnit_0008,engagementLoop_0010,isPartOfEngagementLoop,False
studentModel_0009,behaviouralKnowledge_0014,hasBehaviouralKnowledge,False
isUsedBy,Game_Design_Element,domain,False
gDEComponent_0002,gamification_0004,isUsedBy,False
gDEMechanic_0003,gamification_0004,isUsedBy,False
strategy_0012,engagementLoop_0005,isPartOfEngagementLoop,False
player_0012,sDTRelatedness_0003,satisfies,False
resourceUnit_0006,resourceUnit_0001,previous_Unit,False
previous_Unit,ResourceUnit,range,False
badges_0001,engagementLoop_0005,isPartOfEngagementLoop,False
achievements_0001,categoryEnjoyment_0002,leadsToEnjoyment,False
Target_Behavior,Player_Action,equivalentClass,True
resourceUnit_0002,engagementLoop_0002,isPartOfEngagementLoop,False
leaderboards_0004,categoryPerformance_0001,leadsToPerformance,False
theme_0002,engagementLoop_0009,isPartOfEngagementLoop,False
tactic_0013,engagementLoop_0005,isPartOfEngagementLoop,False
player_0001,engagementLoop_0010,isPartOfEngagementLoop,False
strategy_0008,strategy_0005,isParentOf_Strategy,False
rewards_0005,engagementLoop_0010,isPartOfEngagementLoop,False
resourceUnit_0009,engagementLoop_0005,isPartOfEngagementLoop,False
studentModel_0016,behaviouralKnowledge_0006,hasBehaviouralKnowledge,False
resourceUnit_0013,resourceUnit_0002,previous_Unit,False
designPractice_0005,engagementLoop_0003,isPartOfEngagementLoop,False
designPractice_0005,gDEComponent_0005,hasGameElement,False
problemUnit_0006,problemNext_0020,has_ProblemNext,False
tactic,string,range,False
tactic_0016,tactic_0004,isParentOf_Tactic,False
instrutionalPlan_0020,engagementLoop_0010,isPartOfEngagementLoop,False
SDT_Competence,Thing,subClassOf,True
leaderboards_0004,categoryParticipation_0002,leadsToParticipation,False
isUsedBy,makesUseOf,inverseOf,False
problemUnit_0019,engagementLoop_0005,isPartOfEngagementLoop,False
targetBehavior_0037,metric_0002,hasMetric,False
course_0006,domain_0009,teachesDomain,False
levels_0004,engagementLoop_0005,isPartOfEngagementLoop,False
gDEMechanic_0005,gDEComponent_0005,tiesComponent,False
Status,Thing,subClassOf,True
tactic_0013,tactic_0005,isChildOf_Tactic,False
levels_0001,categoryPerformance_0002,leadsToPerformance,False
theme_0005,categoryEnjoyment_0002,leadsToEnjoyment,False
strategy_0003,strategy_0001,isChildOf_Strategy,False
recommendedFor,GamifiedITS,range,False
achievements_0001,categoryExploration_0002,leadsToExploration,False
archetypeLikes,string,range,False
hasTargetBehavior,DesignPractice,domain,False
rewards_0005,categoryParticipation_0002,leadsToParticipation,False
strategy_0004,strategy_0004,isChildOf_Strategy,False
gamifiedITS_0006,engagementLoop_0004,isPartOfEngagementLoop,False
strategy_0008,strategy_0001,isParentOf_Strategy,False
targetBehavior_0013,engagementLoop_0003,isPartOfEngagementLoop,False
levels_0001,categoryParticipation_0002,leadsToParticipation,False
instrutionalPlan_0018,engagementLoop_0001,isPartOfEngagementLoop,False
selfDeterminationTheory_0001,engagementLoop_0009,isPartOfEngagementLoop,False
hasGamification,Gamification,range,False
has_Problem,ProblemUnit,domain,False
resourceUnit_0013,engagementLoop_0001,isPartOfEngagementLoop,False
tactic_0011,tactic_0008,isChildOf_Tactic,False
progression_0005,motivation_0004,affordsMotivation,False
resourceUnit_0017,resourceUnit_0006,previous_Unit,False
gDEDynamic_0003,motivation_0003,affordsMotivation,False
targetBehavior_0023,engagementLoop_0008,isPartOfEngagementLoop,False
targetBehavior_0039,engagementLoop_0007,isPartOfEngagementLoop,False
DiscursiveOption,Thing,subClassOf,True
levels_0004,categoryParticipation_0003,leadsToParticipation,False
tactic_0011,engagementLoop_0002,isPartOfEngagementLoop,False
Conqueror,Thing,subClassOf,True
story_0002,categoryEnjoyment_0003,leadsToEnjoyment,False
gDEMechanic_0005,gDEDynamic_0004,composesDynamic,False
Activity,Thing,subClassOf,True
targetBehavior_0025,engagementLoop_0005,isPartOfEngagementLoop,False
tactic_0005,engagementLoop_0007,isPartOfEngagementLoop,False
gDEMechanic_0002,gDEComponent_0003,tiesComponent,False
resourceUnit_0011,resourceUnit_0008,previous_Unit,False
strategy_0012,engagementLoop_0007,isPartOfEngagementLoop,False
targetBehavior_0033,metric_0025,hasMetric,False
leaderboards_0001,categoryCompetition_0003,leadsToCompetition,False
achievements_0005,categoryExploration_0001,leadsToExploration,False
theme_0005,categoryEnjoyment_0003,leadsToEnjoyment,False
tactic_0015,tactic_0008,isParentOf_Tactic,False
StudentModel,Thing,subClassOf,True
ResourceWeight,Thing,subClassOf,True
Win_States,Thing,subClassOf,True
problemUnit_0018,problemNext_0010,has_ProblemNext,False
tactic_0014,engagementLoop_0006,isPartOfEngagementLoop,False
leadsToPerformance,Achievements,domain,False
story_0003,categoryEnjoyment_0001,leadsToEnjoyment,False
challenges_0001,categoryExploration_0003,leadsToExploration,False
gamification_0005,motivationAndNeedTheory_0003,makesUseOf,False
problemUnit_0014,engagementLoop_0008,isPartOfEngagementLoop,False
player_0004,engagementLoop_0001,isPartOfEngagementLoop,False
designPractice_0008,gDEComponent_0003,hasGameElement,False
designPractice_0006,engagementLoop_0008,isPartOfEngagementLoop,False
achievements_0002,categoryPerformance_0002,leadsToPerformance,False
leaderboards_0002,categoryCompetition_0003,leadsToCompetition,False
problemUnit_0016,problemNext_0001,has_ProblemNext,False
instrutionalPlan_0003,engagementLoop_0010,isPartOfEngagementLoop,False
quests_0003,categoryEnjoyment_0001,leadsToEnjoyment,False
feedback_0002,categoryPerformance_0001,leadsToPerformance,False
problemUnit_0012,problemNext_0013,has_ProblemNext,False
narrative_0001,motivation_0001,affordsMotivation,False
gDEMechanic_0004,motivation_0001,affordsMotivation,False
player_0003,engagementLoop_0001,isPartOfEngagementLoop,False
loopStatus,Engagement_Loop,domain,False
player_0006,playerType_0003,isDescribedByType,False
designPractice_0005,engagementLoop_0002,isPartOfEngagementLoop,False
playerAction_0005,resource_0009,usesResource,False
abilityScoreMean,float,range,False
tactic_0004,engagementLoop_0010,isPartOfEngagementLoop,False
player_0005,playerType_0002,isDescribedByType,False
strategy_0012,engagementLoop_0003,isPartOfEngagementLoop,False
problemUnit_0006,problemNext_0007,has_ProblemNext,False
tactic_0012,engagementLoop_0003,isPartOfEngagementLoop,False
tactic_0008,engagementLoop_0006,isPartOfEngagementLoop,False
gDEMechanic_0003,motivation_0002,affordsMotivation,False
targetBehavior_0006,metric_0056,hasMetric,False
isParentOf_Strategy,Strategy,domain,False
resourceUnit_0020,engagementLoop_0005,isPartOfEngagementLoop,False
challenges_0004,categoryPerformance_0002,leadsToPerformance,False
badges_0003,categoryEffectiveness_0003,leadsToEffectiveness,False
rewards_0005,categoryPerformance_0001,leadsToPerformance,False
loopDifficulty,Progressive_Loop,domain,False
targetBehavior_0025,metric_0023,hasMetric,False
bossFights_0001,categoryExploration_0003,leadsToExploration,False
problemUnit_0010,engagementLoop_0003,isPartOfEngagementLoop,False
resourceUnit_0015,resourceUnit_0006,previous_Unit,False
theme_0002,categoryPerformance_0003,leadsToPerformance,False
levels_0001,categoryPerformance_0001,leadsToPerformance,False
tactic_0017,engagementLoop_0007,isPartOfEngagementLoop,False
designPractice_0003,engagementLoop_0010,isPartOfEngagementLoop,False
gDEComponent_0001,motivation_0004,affordsMotivation,False
studentModel_0006,behaviouralKnowledge_0012,hasBehaviouralKnowledge,False
coversComponent,Player_Type,domain,False
player_0019,engagementLoop_0002,isPartOfEngagementLoop,False
SDT_Relatedness,Thing,subClassOf,True
tactic_0005,tactic_0001,isChildOf_Tactic,False
designPractice_0004,targetBehavior_0007,hasTargetBehavior,False
levels_0005,engagementLoop_0004,isPartOfEngagementLoop,False
rewards_0003,categoryEnjoyment_0002,leadsToEnjoyment,False
playerAction_0018,resource_0012,usesResource,False
CKCurriculumInformation,Thing,subClassOf,True
hasCategory,Target_Behavior,domain,False
selfDeterminationTheory_0001,gamification_0003,isUsedBy,False
leadsToPerformance,Leaderboards,domain,False
URIResource,Thing,subClassOf,True
MatchColumnProblem,Thing,subClassOf,True
resourceUnit_0013,engagementLoop_0009,isPartOfEngagementLoop,False
badges_0004,categoryParticipation_0002,leadsToParticipation,False
tactic_0019,tactic_0019,isChildOf_Tactic,False
feedback_0001,categoryPerformance_0002,leadsToPerformance,False
course_0001,domain_0003,teachesDomain,False
resourceUnit_0019,engagementLoop_0010,isPartOfEngagementLoop,False
targetBehavior_0010,metric_0024,hasMetric,False
strategy_0014,strategy_0011,isChildOf_Strategy,False
targetBehavior_0003,metric_0011,hasMetric,False
rewards_0002,engagementLoop_0009,isPartOfEngagementLoop,False
resourceUnit_0008,resourceUnit_0005,previous_Unit,False
problemUnit_0008,problemNext_0018,has_ProblemNext,False
studentModel_0012,behaviouralKnowledge_0006,hasBehaviouralKnowledge,False
BrainHex,Thing,subClassOf,True
tactic_0009,engagementLoop_0003,isPartOfEngagementLoop,False
gDEMechanic_0001,engagementLoop_0004,isPartOfEngagementLoop,False
resourceUnit_0010,resourceUnit_0006,previous_Unit,False
targetBehavior_0025,engagementLoop_0008,isPartOfEngagementLoop,False
leaderboards_0001,engagementLoop_0009,isPartOfEngagementLoop,False
resourceUnit_0017,engagementLoop_0009,isPartOfEngagementLoop,False
strategy_0004,engagementLoop_0001,isPartOfEngagementLoop,False
points_0002,categoryParticipation_0003,leadsToParticipation,False
time,float,range,False
leadsToParticipation,Theme,domain,False
leadsToParticipation,Points,domain,False
studentModel_0001,behaviouralKnowledge_0002,hasBehaviouralKnowledge,False
Resource_Acquisition,Thing,subClassOf,True
levels_0003,engagementLoop_0006,isPartOfEngagementLoop,False
designPractice_0004,gDEComponent_0005,hasGameElement,False
KnowledgeUnit,Thing,subClassOf,True
playerAction_0001,resource_0020,usesResource,False
strategy_0006,strategy_0002,isParentOf_Strategy,False
tactic_0004,tactic_0004,isChildOf_Tactic,False
strategy_0004,strategy_0002,isParentOf_Strategy,False
tactic_0017,tactic_0001,isChildOf_Tactic,False
player_0007,engagementLoop_0009,isPartOfEngagementLoop,False
Comment,Thing,subClassOf,True
constraints_0004,motivation_0002,affordsMotivation,False
player_0017,sDTCompetence_0005,satisfies,False
playerAction_0019,resource_0007,usesResource,False
strategy_0009,engagementLoop_0004,isPartOfEngagementLoop,False
studentModel_0013,behaviouralKnowledge_0012,hasBehaviouralKnowledge,False
problemUnit_0010,problemNext_0014,has_ProblemNext,False
course_0001,domain_0010,teachesDomain,False
Error,Thing,subClassOf,True
course_0003,domain_0007,teachesDomain,False
challenges_0004,categoryPerformance_0001,leadsToPerformance,False
avatars_0001,categoryEnjoyment_0003,leadsToEnjoyment,False
strategy_0010,strategy_0006,isParentOf_Strategy,False
engagementLoop_0005,engagementLoop_0003,isPartOfEngagementLoop,False
resourceUnit_0007,engagementLoop_0007,isPartOfEngagementLoop,False
affordsMotivation,Game_Design_Element,domain,False
bossFights_0001,categoryExploration_0001,leadsToExploration,False
resourceUnit_0018,engagementLoop_0005,isPartOfEngagementLoop,False
gDEDynamic_0003,motivation_0001,affordsMotivation,False
levels_0002,categoryParticipation_0003,leadsToParticipation,False
player_0003,sDTAutonomy_0004,satisfies,False
hasPlayer,Player_Action,domain,False
levels_0004,categoryPerformance_0003,leadsToPerformance,False
tactic_0013,engagementLoop_0003,isPartOfEngagementLoop,False
MultipleChoiceProblem,Thing,subClassOf,True
engagementLoop_0009,playerAction_0011,isComposedBy,False
levels_0004,engagementLoop_0008,isPartOfEngagementLoop,False
tactic_0012,tactic_0011,isChildOf_Tactic,False
leaderboards_0005,categoryParticipation_0002,leadsToParticipation,False
player_0019,sDTCompetence_0004,satisfies,False
yeeAchievementComponent_0003,playerType_0004,describesType,False
leaderboards_0004,categoryEffectiveness_0003,leadsToEffectiveness,False
problemUnit_0020,problemNext_0011,has_ProblemNext,False
tactic_0012,tactic_0001,isChildOf_Tactic,False
feedback_0001,categoryPerformance_0001,leadsToPerformance,False
rewards_0003,categoryPerformance_0003,leadsToPerformance,False
score_Max,ProblemNext,domain,False
points_0001,categoryParticipation_0003,leadsToParticipation,False
playerAction_0007,resource_0011,usesResource,False
enjoymentName,CategoryEnjoyment,domain,False
engagementLoop_0003,playerAction_0017,isComposedBy,False
points_0005,categoryEnjoyment_0001,leadsToEnjoyment,False
composesDynamic,GDE_Dynamic,range,False
participationName,CategoryParticipation,domain,False
RightColumn,Thing,subClassOf,True
player_0016,playerType_0007,isDescribedByType,False
metricDescription,Metric,domain,False
Gifting,Thing,subClassOf,True
yeeImmersionComponent_0001,engagementLoop_0008,isPartOfEngagementLoop,False
tactic_0002,engagementLoop_0004,isPartOfEngagementLoop,False
designPractice_0003,gDEComponent_0001,hasGameElement,False
playerAction_0016,resource_0020,usesResource,False
resourceUnit_0009,resourceUnit_0008,previous_Unit,False
strategy_0005,engagementLoop_0007,isPartOfEngagementLoop,False
gdeCompatibilityScore,DesignPractice,domain,False
yeeSocialComponent_0003,engagementLoop_0002,isPartOfEngagementLoop,False
usesResource,Resource,range,False
rewards_0005,categoryEnjoyment_0001,leadsToEnjoyment,False
engagementLoop_0010,engagementLoop_0010,isPartOfEngagementLoop,False
isParentOf_Strategy,Strategy,range,False
strategy_0017,strategy_0012,isChildOf_Strategy,False
Strategy,PedagogicalModel,subClassOf,True
rewards_0001,engagementLoop_0006,isPartOfEngagementLoop,False
strategy_0006,engagementLoop_0001,isPartOfEngagementLoop,False
its_domain.owl,meututor_domain_resource.owl,imports,False
hasGameElement,GDE_Component,range,False
gDEComponent_0004,engagementLoop_0001,isPartOfEngagementLoop,False
theme_0005,engagementLoop_0006,isPartOfEngagementLoop,False
isTiedTo,tiesComponent,inverseOf,False
leaderboards_0002,categoryEffectiveness_0001,leadsToEffectiveness,False
achievements_0003,categoryPerformance_0002,leadsToPerformance,False
challenges_0002,categoryExploration_0002,leadsToExploration,False
gDEMechanic_0001,motivation_0004,affordsMotivation,False
story_0005,categoryParticipation_0003,leadsToParticipation,False
narrative_0003,motivation_0001,affordsMotivation,False
challenges_0001,categoryExploration_0001,leadsToExploration,False
targetBehavior_0021,metric_0028,hasMetric,False
targetBehavior_0001,metric_0055,hasMetric,False
describesType,Player_Model,domain,False
resourceUnit_0006,engagementLoop_0004,isPartOfEngagementLoop,False
tactic_0006,engagementLoop_0003,isPartOfEngagementLoop,False
leadsToEnjoyment,Achievements,domain,False
typeStrategyTutoring,Strategy,domain,False
studentModel_0001,behaviouralKnowledge_0010,hasBehaviouralKnowledge,False
isAccomplishedWith,Target_Behavior,domain,False
gDEMechanic_0005,motivation_0003,affordsMotivation,False
badges_0005,categoryParticipation_0001,leadsToParticipation,False
Rewards,Thing,subClassOf,True
strategy_0010,strategy_0003,isParentOf_Strategy,False
gDEMechanic_0001,gDEDynamic_0003,composesDynamic,False
studentModel_0014,behaviouralKnowledge_0002,hasBehaviouralKnowledge,False
studentModel_0019,behaviouralKnowledge_0020,hasBehaviouralKnowledge,False
rewards_0004,categoryParticipation_0003,leadsToParticipation,False
interactsIn,Player,domain,False
strategy_0015,engagementLoop_0007,isPartOfEngagementLoop,False
tactic_0018,tactic_0007,isParentOf_Tactic,False
tactic_0013,tactic_0007,isChildOf_Tactic,False
instrutionalPlan_0016,engagementLoop_0009,isPartOfEngagementLoop,False
strategy_0018,strategy_0002,isParentOf_Strategy,False
strategy_0009,strategy_0001,isChildOf_Strategy,False
course_0007,domain_0008,teachesDomain,False
targetBehavior_0034,engagementLoop_0005,isPartOfEngagementLoop,False
designPractice_0009,engagementLoop_0006,isPartOfEngagementLoop,False
story_0004,engagementLoop_0004,isPartOfEngagementLoop,False
strategy_0007,strategy_0006,isChildOf_Strategy,False
levels_0002,engagementLoop_0003,isPartOfEngagementLoop,False
player_0007,sDTAutonomy_0004,satisfies,False
typeTactic,Tactic,domain,False
strategy_0002,strategy_0001,isChildOf_Strategy,False
isAppliedTo,Non-Game_Context,range,False
relationships_0002,motivation_0005,affordsMotivation,False
gDEMechanic_0003,motivation_0001,affordsMotivation,False
leaderboards_0005,categoryPerformance_0001,leadsToPerformance,False
designPractice_0003,targetBehavior_0013,hasTargetBehavior,False
player_0020,engagementLoop_0008,isPartOfEngagementLoop,False
player_0013,sDTAutonomy_0003,satisfies,False
badges_0005,categoryPerformance_0002,leadsToPerformance,False
gDEMechanic_0002,motivation_0002,affordsMotivation,False
yeeSocialComponent_0003,playerType_0002,describesType,False
gDEComponent_0002,gamification_0001,isUsedBy,False
player_0003,sDTAutonomy_0003,satisfies,False
playerAction_0015,resource_0010,usesResource,False
achievements_0005,engagementLoop_0010,isPartOfEngagementLoop,False
problemUnit_0001,engagementLoop_0006,isPartOfEngagementLoop,False
isDescribedByModel,Player_Model,range,False
metricValue,Metric,domain,False
strategy_0006,strategy_0001,isChildOf_Strategy,False
instrutionalPlan_0009,engagementLoop_0004,isPartOfEngagementLoop,False
tactic_0015,tactic_0015,isChildOf_Tactic,False
player_0018,sDTRelatedness_0005,satisfies,False
ResourceList,Thing,subClassOf,True
badges_0003,categoryParticipation_0001,leadsToParticipation,False
gamification_0004,motivationAndNeedTheory_0003,makesUseOf,False
hasDomainModel,GamifiedITS,domain,False
challenges_0005,categoryParticipation_0003,leadsToParticipation,False
problemUnit_0016,problemNext_0008,has_ProblemNext,False
Option,Thing,subClassOf,True
story_0005,categoryPerformance_0003,leadsToPerformance,False
tactic_0007,tactic_0003,isChildOf_Tactic,False
leaderboards_0001,categoryParticipation_0003,leadsToParticipation,False
challenges_0003,categoryExploration_0002,leadsToExploration,False
selfDeterminationTheory_0002,gamification_0004,isUsedBy,False
yeeSocialComponent_0001,playerType_0001,describesType,False
engagementIndex,Resource,domain,False
achievements_0005,categoryPerformance_0002,leadsToPerformance,False
rewards_0004,categoryPerformance_0003,leadsToPerformance,False
badges_0001,categoryEnjoyment_0002,leadsToEnjoyment,False
playerAction_0006,resource_0008,usesResource,False
instrutionalPlan_0018,engagementLoop_0007,isPartOfEngagementLoop,False
hasDomainModel,DomainModel,range,False
leaderboards_0002,categoryParticipation_0003,leadsToParticipation,False
CategoryEnjoyment,Target_Behavior_Category,subClassOf,True
gado_full.owl,gado_core.owl,imports,False
tactic_0009,engagementLoop_0002,isPartOfEngagementLoop,False
Misconception,Thing,subClassOf,True
yeeImmersionComponent_0003,playerType_0003,describesType,False
isChildOf_Tactic,isParentOf_Tactic,inverseOf,False
ThingResource,Thing,subClassOf,True
engagementLoop_0009,playerAction_0016,isComposedBy,False
engagementLoop_0006,engagementLoop_0006,isPartOfEngagementLoop,False
targetBehavior_0030,engagementLoop_0008,isPartOfEngagementLoop,False
strategy_0011,engagementLoop_0004,isPartOfEngagementLoop,False
achievements_0003,categoryPerformance_0001,leadsToPerformance,False
player_0002,sDTAutonomy_0001,satisfies,False
badges_0004,categoryEnjoyment_0001,leadsToEnjoyment,False
avatars_0004,categoryEnjoyment_0001,leadsToEnjoyment,False
selfDeterminationTheory_0003,gamification_0004,isUsedBy,False
strategy_0005,strategy_0004,isParentOf_Strategy,False
rewards_0004,engagementLoop_0003,isPartOfEngagementLoop,False
URIType,Thing,subClassOf,True
strategy_0012,strategy_0001,isParentOf_Strategy,False
gDEMechanic_0005,gDEDynamic_0001,composesDynamic,False
player_0019,sDTAutonomy_0003,satisfies,False
gDEComponent_0005,engagementLoop_0010,isPartOfEngagementLoop,False
strategy_0020,strategy_0008,isParentOf_Strategy,False
problemUnit_0005,engagementLoop_0004,isPartOfEngagementLoop,False
theme_0004,categoryParticipation_0001,leadsToParticipation,False
rewards_0002,categoryPerformance_0003,leadsToPerformance,False
course_0004,domain_0006,teachesDomain,False
gDEComponent_0005,gamification_0004,isUsedBy,False
challenges_0005,categoryPerformance_0003,leadsToPerformance,False
badges_0001,categoryEnjoyment_0003,leadsToEnjoyment,False
gDEMechanic_0003,gDEComponent_0001,tiesComponent,False
resourceUnit_0012,resourceUnit_0002,previous_Unit,False
story_0003,categoryParticipation_0001,leadsToParticipation,False
strategy_0002,strategy_0001,isParentOf_Strategy,False
playerAction_0010,resource_0001,usesResource,False
targetBehavior_0018,engagementLoop_0006,isPartOfEngagementLoop,False
instrutionalPlan_0015,engagementLoop_0001,isPartOfEngagementLoop,False
instrutionalPlan_0018,engagementLoop_0003,isPartOfEngagementLoop,False
leaderboards_0001,categoryPerformance_0003,leadsToPerformance,False
player_0007,engagementLoop_0007,isPartOfEngagementLoop,False
has_ProblemNext,ProblemNext,range,False
gamifiedITS_0006,engagementLoop_0007,isPartOfEngagementLoop,False
leaderboards_0002,engagementLoop_0007,isPartOfEngagementLoop,False
gDEComponent_0001,engagementLoop_0005,isPartOfEngagementLoop,False
story_0004,categoryEnjoyment_0003,leadsToEnjoyment,False
levels_0005,categoryPerformance_0003,leadsToPerformance,False
Turns,Thing,subClassOf,True
studentModel_0009,behaviouralKnowledge_0002,hasBehaviouralKnowledge,False
gamification_0002,motivationAndNeedTheory_0005,makesUseOf,False
describesPlayer,isDescribedByType,inverseOf,False
targetBehavior_0015,engagementLoop_0006,isPartOfEngagementLoop,False
resourceUnit_0012,resourceUnit_0006,previous_Unit,False
badges_0005,categoryPerformance_0001,leadsToPerformance,False
targetBehavior_0010,metric_0041,hasMetric,False
hasPlayerInteraction,Gamification_Context,domain,False
typeAssessment,string,range,False
leadsToExploration,Challenges,domain,False
challenges_0005,engagementLoop_0003,isPartOfEngagementLoop,False
studentModel_0003,behaviouralKnowledge_0007,hasBehaviouralKnowledge,False
resourceUnit_0011,engagementLoop_0006,isPartOfEngagementLoop,False
CategoryExploration,Target_Behavior_Category,subClassOf,True
leaderboards_0002,categoryPerformance_0003,leadsToPerformance,False
gDEComponent_0002,motivation_0001,affordsMotivation,False
engagementLoop_0004,engagementLoop_0004,isPartOfEngagementLoop,False
challenges_0004,categoryParticipation_0003,leadsToParticipation,False
tactic_0013,engagementLoop_0002,isPartOfEngagementLoop,False
player_0004,engagementLoop_0008,isPartOfEngagementLoop,False
Gamification_Context,Thing,subClassOf,True
targetBehavior_0004,engagementLoop_0002,isPartOfEngagementLoop,False
targetBehavior_0022,metric_0023,hasMetric,False
tiesComponent,GDE_Mechanic,domain,False
isUsedFor,Metric,domain,False
player_0002,engagementLoop_0010,isPartOfEngagementLoop,False
enjoymentName,string,range,False
story_0003,categoryPerformance_0002,leadsToPerformance,False
rewards_0001,categoryEnjoyment_0001,leadsToEnjoyment,False
gamifiedITS_0004,engagementLoop_0003,isPartOfEngagementLoop,False
engagementLoop_0007,engagementLoop_0001,isPartOfEngagementLoop,False
theme_0004,categoryParticipation_0002,leadsToParticipation,False
playerAction_0011,resource_0014,usesResource,False
player_0001,engagementLoop_0001,isPartOfEngagementLoop,False
resourceUnit_0020,engagementLoop_0002,isPartOfEngagementLoop,False
designPractice_0002,gDEComponent_0002,hasGameElement,False
Yee_Relationship,Thing,subClassOf,True
studentModel_0009,behaviouralKnowledge_0003,hasBehaviouralKnowledge,False
Time_Constraints,Thing,subClassOf,True
player_0019,playerType_0007,isDescribedByType,False
targetBehavior_0032,metric_0008,hasMetric,False
targetBehavior_0034,metric_0019,hasMetric,False
gDEComponent_0003,gamification_0004,isUsedBy,False
levels_0005,categoryParticipation_0003,leadsToParticipation,False
targetBehavior_0036,metric_0022,hasMetric,False
Non-Game_Context,Gamification_Context,subClassOf,True
leaderboards_0001,categoryEffectiveness_0002,leadsToEffectiveness,False
targetBehavior_0017,engagementLoop_0005,isPartOfEngagementLoop,False
resourceUnit_0015,engagementLoop_0007,isPartOfEngagementLoop,False
player_0008,sDTCompetence_0005,satisfies,False
points_0005,categoryParticipation_0001,leadsToParticipation,False
leadsToCompetition,Leaderboards,domain,False
badges_0003,categoryPerformance_0001,leadsToPerformance,False
instrutionalPlan_0011,engagementLoop_0007,isPartOfEngagementLoop,False
Motivational_Affordance,Thing,subClassOf,True
typeAssessment,Tactic,domain,False
player_0013,playerType_0003,isDescribedByType,False
resourceUnit_0018,resourceUnit_0008,previous_Unit,False
player_0008,engagementLoop_0009,isPartOfEngagementLoop,False
player_0002,playerType_0005,isDescribedByType,False
selfDeterminationTheory_0005,gamification_0003,isUsedBy,False
player_0008,engagementLoop_0001,isPartOfEngagementLoop,False
nonGameContext_0001,gamification_0003,hasGamification,False
feedback_0004,categoryPerformance_0002,leadsToPerformance,False
rewards_0003,engagementLoop_0002,isPartOfEngagementLoop,False
tactic_0010,tactic_0007,isParentOf_Tactic,False
hasGamification,Non-Game_Context,domain,False
gDEDynamic_0002,motivation_0005,affordsMotivation,False
studentModel_0020,behaviouralKnowledge_0011,hasBehaviouralKnowledge,False
isSatisfiedWith,Game_Design_Element,range,False
targetBehavior_0039,metric_0042,hasMetric,False
leadsToPerformance,Badges,domain,False
isComposedBy,Motivational_Affordance,range,False
story_0005,engagementLoop_0003,isPartOfEngagementLoop,False
targetBehavior_0019,engagementLoop_0003,isPartOfEngagementLoop,False
player_0001,playerType_0004,isDescribedByType,False
resourceUnit_0014,engagementLoop_0006,isPartOfEngagementLoop,False
yeeSocialComponent_0002,engagementLoop_0010,isPartOfEngagementLoop,False
strategy_0009,engagementLoop_0005,isPartOfEngagementLoop,False
instrutionalPlan_0003,engagementLoop_0004,isPartOfEngagementLoop,False
achievements_0001,categoryExploration_0003,leadsToExploration,False
targetBehavior_0016,engagementLoop_0010,isPartOfEngagementLoop,False
hasPlayerInteraction,interactsIn,inverseOf,False
its_domain.owl,meututor_domain_curriculum.owl,imports,False
narrative_0002,motivation_0004,affordsMotivation,False
strategy_0020,strategy_0015,isParentOf_Strategy,False
targetBehavior_0040,metric_0015,hasMetric,False
player_0011,engagementLoop_0004,isPartOfEngagementLoop,False
gato.owl,1.0,versionIRI,False
strategy_0001,engagementLoop_0007,isPartOfEngagementLoop,False
playerAction_0004,resource_0006,usesResource,False
player_0010,sDTAutonomy_0004,satisfies,False
tactic_0018,engagementLoop_0006,isPartOfEngagementLoop,False
constraints_0004,motivation_0001,affordsMotivation,False
tactic_0009,tactic_0002,isParentOf_Tactic,False
course_0003,domain_0003,teachesDomain,False
engagementLoop_0001,playerAction_0006,isComposedBy,False
levels_0001,engagementLoop_0004,isPartOfEngagementLoop,False
player_0005,engagementLoop_0010,isPartOfEngagementLoop,False
resourceUnit_0010,engagementLoop_0007,isPartOfEngagementLoop,False
designPractice_0005,targetBehavior_0020,hasTargetBehavior,False
Socializer,Thing,subClassOf,True
gDEDynamic_0005,motivation_0005,affordsMotivation,False
targetBehavior_0001,engagementLoop_0001,isPartOfEngagementLoop,False
player_0014,playerType_0005,isDescribedByType,False
points_0003,categoryParticipation_0001,leadsToParticipation,False
gDEDynamic_0001,motivation_0002,affordsMotivation,False
relationships_0002,motivation_0002,affordsMotivation,False
resourceUnit_0010,resourceUnit_0005,previous_Unit,False
theme_0001,categoryParticipation_0001,leadsToParticipation,False
instrutionalPlan_0005,engagementLoop_0010,isPartOfEngagementLoop,False
avatars_0005,categoryEnjoyment_0003,leadsToEnjoyment,False
story_0004,categoryParticipation_0003,leadsToParticipation,False
classifiesPlayer,Player,range,False
ConceptualKnowledge,Thing,subClassOf,True
gDEMechanic_0002,gamification_0001,isUsedBy,False
targetBehavior_0029,metric_0029,hasMetric,False
targetBehavior_0034,engagementLoop_0003,isPartOfEngagementLoop,False
targetBehavior_0001,metric_0044,hasMetric,False
tactic_0011,tactic_0004,isParentOf_Tactic,False
LeftColumn,Thing,subClassOf,True
levels_0004,categoryExploration_0002,leadsToExploration,False
challenges_0001,engagementLoop_0010,isPartOfEngagementLoop,False
theme_0002,categoryEnjoyment_0003,leadsToEnjoyment,False
isClassifiedBy,Player,domain,False
designPractice_0007,gDEComponent_0003,hasGameElement,False
rewards_0005,engagementLoop_0009,isPartOfEngagementLoop,False
targetBehavior_0015,metric_0045,hasMetric,False
relationships_0004,motivation_0004,affordsMotivation,False
badges_0002,categoryParticipation_0001,leadsToParticipation,False
designPractice_0006,targetBehavior_0032,hasTargetBehavior,False
playerAction_0017,resource_0011,usesResource,False
performanceName,string,range,False
isDescribedByType,Player,domain,False
targetBehavior_0032,engagementLoop_0006,isPartOfEngagementLoop,False
designPractice_0004,engagementLoop_0006,isPartOfEngagementLoop,False
playerType_0006,engagementLoop_0009,isPartOfEngagementLoop,False
course_0003,domain_0010,teachesDomain,False
gDEMechanic_0001,engagementLoop_0008,isPartOfEngagementLoop,False
levels_0001,engagementLoop_0001,isPartOfEngagementLoop,False
targetBehavior_0015,metric_0048,hasMetric,False
feedback_0004,categoryPerformance_0001,leadsToPerformance,False
hasMetric,Metric,range,False
badges_0004,categoryEffectiveness_0002,leadsToEffectiveness,False
player_0014,sDTCompetence_0003,satisfies,False
challenges_0001,categoryPerformance_0002,leadsToPerformance,False
story_0004,engagementLoop_0007,isPartOfEngagementLoop,False
challenges_0001,categoryParticipation_0002,leadsToParticipation,False
isDescribedByModel,Player_Type,domain,False
player_0006,sDTCompetence_0003,satisfies,False
yeeImmersionComponent_0002,playerType_0004,describesType,False
strategy_0002,engagementLoop_0007,isPartOfEngagementLoop,False
classifiesPlayer,isClassifiedBy,inverseOf,False
points_0001,categoryEnjoyment_0002,leadsToEnjoyment,False
player_0011,playerType_0004,isDescribedByType,False
emotions_0004,motivation_0005,affordsMotivation,False
achievements_0001,categoryExploration_0001,leadsToExploration,False
playerAction_0013,resource_0016,usesResource,False
gDEComponent_0003,motivation_0002,affordsMotivation,False
playerAction_0006,resource_0019,usesResource,False
problemUnit_0013,engagementLoop_0001,isPartOfEngagementLoop,False
problemUnit_0020,problemNext_0020,has_ProblemNext,False
bossFights_0003,categoryExploration_0002,leadsToExploration,False
achievements_0005,categoryEnjoyment_0001,leadsToEnjoyment,False
player_0011,playerType_0001,isDescribedByType,False
levels_0002,categoryExploration_0002,leadsToExploration,False
leadsToParticipation,Leaderboards,domain,False
targetBehavior_0027,metric_0037,hasMetric,False
Challenges,Thing,subClassOf,True
playerAction_0017,resource_0005,usesResource,False
targetBehavior_0038,metric_0029,hasMetric,False
resourceUnit_0005,engagementLoop_0006,isPartOfEngagementLoop,False
player_0001,playerType_0001,isDescribedByType,False
theme_0003,engagementLoop_0005,isPartOfEngagementLoop,False
yeeAchievementComponent_0001,playerType_0007,describesType,False
selfDeterminationTheory_0005,engagementLoop_0008,isPartOfEngagementLoop,False
gamification_0003,motivationAndNeedTheory_0001,makesUseOf,False
Resource,Thing,subClassOf,True
strategy_0003,strategy_0001,isParentOf_Strategy,False
resourceUnit_0015,engagementLoop_0003,isPartOfEngagementLoop,False
badges_0003,categoryEnjoyment_0001,leadsToEnjoyment,False
strategy_0016,strategy_0009,isChildOf_Strategy,False
points_0005,categoryParticipation_0002,leadsToParticipation,False
CategoryParticipation,Target_Behavior_Category,subClassOf,True
Competition,Thing,subClassOf,True
Emotions,GDE_Dynamic,subClassOf,True
playerAction_0016,resource_0013,usesResource,False
targetBehavior_0005,metric_0043,hasMetric,False
Motivation,Thing,subClassOf,True
describesPlayer,Player,range,False
tactic_0016,engagementLoop_0005,isPartOfEngagementLoop,False
tactic_0018,tactic_0002,isChildOf_Tactic,False
designPractice_0003,targetBehavior_0030,hasTargetBehavior,False
constraints_0003,motivation_0002,affordsMotivation,False
targetBehavior_0035,engagementLoop_0005,isPartOfEngagementLoop,False
gDEComponent_0004,engagementLoop_0008,isPartOfEngagementLoop,False
Bug_Misconception,Thing,subClassOf,True
curriculumUnit_0003,engagementLoop_0009,isPartOfEngagementLoop,False
challenges_0005,engagementLoop_0002,isPartOfEngagementLoop,False
CategoryEffectiveness,Target_Behavior_Category,subClassOf,True
strategy_0017,engagementLoop_0001,isPartOfEngagementLoop,False
problemUnit_0005,problemNext_0006,has_ProblemNext,False
competionName,CategoryCompetition,domain,False
targetBehavior_0021,metric_0048,hasMetric,False
designPractice_0008,gDEComponent_0001,hasGameElement,False
hasGamificationModel,GamificationModel,range,False
player_0005,playerType_0001,isDescribedByType,False
resourceUnit_0001,engagementLoop_0002,isPartOfEngagementLoop,False
targetBehavior_0008,engagementLoop_0004,isPartOfEngagementLoop,False
leadsToPerformance,Levels,domain,False
strategy_0017,strategy_0016,isParentOf_Strategy,False
Depth,Thing,subClassOf,True
strategy_0020,engagementLoop_0009,isPartOfEngagementLoop,False
problemUnit_0020,engagementLoop_0002,isPartOfEngagementLoop,False
studentModel_0002,behaviouralKnowledge_0005,hasBehaviouralKnowledge,False
player_0017,engagementLoop_0004,isPartOfEngagementLoop,False
Quests,Thing,subClassOf,True
player_0006,sDTRelatedness_0005,satisfies,False
gamification_0005,motivationAndNeedTheory_0001,makesUseOf,False
player_0009,engagementLoop_0007,isPartOfEngagementLoop,False
resourceUnit_0016,resourceUnit_0009,previous_Unit,False
tactic_0016,tactic_0005,isChildOf_Tactic,False
resourceUnit_0009,resourceUnit_0009,previous_Unit,False
has_Sequencing,Sequencing,range,False
course_0008,domain_0006,teachesDomain,False
quests_0004,categoryEnjoyment_0002,leadsToEnjoyment,False
Boss_Fights,Thing,subClassOf,True
rewards_0001,categoryParticipation_0001,leadsToParticipation,False
resourceUnit_0012,engagementLoop_0001,isPartOfEngagementLoop,False
leaderboards_0002,engagementLoop_0002,isPartOfEngagementLoop,False
Cooperation,Thing,subClassOf,True
points_0002,categoryEnjoyment_0003,leadsToEnjoyment,False
gDEDynamic_0001,motivation_0003,affordsMotivation,False
resourceUnit_0006,engagementLoop_0007,isPartOfEngagementLoop,False
leaderboards_0005,categoryEffectiveness_0002,leadsToEffectiveness,False
badges_0004,engagementLoop_0001,isPartOfEngagementLoop,False
Progression,GDE_Dynamic,subClassOf,True
strategy_0017,strategy_0001,isParentOf_Strategy,False
targetBehavior_0034,metric_0036,hasMetric,False
player_0003,engagementLoop_0002,isPartOfEngagementLoop,False
makesUseOf,Gamification,domain,False
strategy_0013,strategy_0011,isParentOf_Strategy,False
teacher,Course,domain,False
points_0003,categoryParticipation_0002,leadsToParticipation,False
levels_0003,categoryParticipation_0001,leadsToParticipation,False
gamifiedITS_0001,engagementLoop_0001,isPartOfEngagementLoop,False
theme_0004,categoryEnjoyment_0001,leadsToEnjoyment,False
targetBehavior_0030,metric_0053,hasMetric,False
tactic_0003,engagementLoop_0001,isPartOfEngagementLoop,False
gDEComponent_0005,motivation_0003,affordsMotivation,False
player_0007,playerType_0003,isDescribedByType,False
engagementLoop_0007,engagementLoop_0005,isPartOfEngagementLoop,False
studentModel_0005,behaviouralKnowledge_0010,hasBehaviouralKnowledge,False
Yee_Discovery,Thing,subClassOf,True
TrueOrFalseOption,Thing,subClassOf,True
strategy_0015,strategy_0005,isParentOf_Strategy,False
designPractice_0004,targetBehavior_0020,hasTargetBehavior,False
strategy_0008,strategy_0008,isChildOf_Strategy,False
metricValue,double,range,False
targetBehavior_0027,engagementLoop_0005,isPartOfEngagementLoop,False
player_0014,engagementLoop_0006,isPartOfEngagementLoop,False
leadsToEnjoyment,Badges,domain,False
selfDeterminationTheory_0002,gamification_0001,isUsedBy,False
designPractice_0009,targetBehavior_0008,hasTargetBehavior,False
badges_0002,categoryPerformance_0002,leadsToPerformance,False
player_0017,engagementLoop_0001,isPartOfEngagementLoop,False
playerType_0006,engagementLoop_0005,isPartOfEngagementLoop,False
targetBehavior_0039,engagementLoop_0006,isPartOfEngagementLoop,False
player_0008,playerType_0006,isDescribedByType,False
tactic_0016,engagementLoop_0007,isPartOfEngagementLoop,False
studentModel_0003,behaviouralKnowledge_0004,hasBehaviouralKnowledge,False
strategy_0020,strategy_0009,isChildOf_Strategy,False
targetBehavior_0025,metric_0019,hasMetric,False
badges_0002,categoryParticipation_0002,leadsToParticipation,False
performanceName,CategoryPerformance,domain,False
engagementLoop_0010,playerAction_0007,isComposedBy,False
strategy_0019,engagementLoop_0008,isPartOfEngagementLoop,False
story_0001,categoryEnjoyment_0001,leadsToEnjoyment,False
teacher,string,range,False
tactic_0012,engagementLoop_0006,isPartOfEngagementLoop,False
yeeAchievementComponent_0002,engagementLoop_0007,isPartOfEngagementLoop,False
gDEDynamic_0002,motivation_0003,affordsMotivation,False
nonGameContext_0005,gamification_0002,hasGamification,False
tactic_0005,tactic_0002,isChildOf_Tactic,False
strategy_0010,strategy_0005,isChildOf_Strategy,False
describesType,Player_Type,range,False
player_0012,sDTRelatedness_0002,satisfies,False
player_0014,sDTAutonomy_0002,satisfies,False
targetBehavior_0017,metric_0058,hasMetric,False
progression_0002,motivation_0005,affordsMotivation,False
problemUnit_0016,engagementLoop_0005,isPartOfEngagementLoop,False
story_0005,categoryEnjoyment_0002,leadsToEnjoyment,False
leadsToEffectiveness,Leaderboards,domain,False
designPractice_0007,gDEComponent_0004,hasGameElement,False
Sequencing,THINGInstrutionalPlan,subClassOf,True
resourceUnit_0009,engagementLoop_0006,isPartOfEngagementLoop,False
constraints_0001,motivation_0004,affordsMotivation,False
player_0016,sDTCompetence_0002,satisfies,False
targetBehavior_0002,engagementLoop_0008,isPartOfEngagementLoop,False
typeStrategyTutoring,string,range,False
targetBehavior_0035,engagementLoop_0008,isPartOfEngagementLoop,False
problemUnit_0015,engagementLoop_0005,isPartOfEngagementLoop,False
tactic_0013,tactic_0010,isChildOf_Tactic,False
tactic_0005,tactic_0003,isChildOf_Tactic,False
gDEMechanic_0004,engagementLoop_0004,isPartOfEngagementLoop,False
gDEComponent_0005,gamification_0001,isUsedBy,False
player_0010,engagementLoop_0003,isPartOfEngagementLoop,False
problemUnit_0019,engagementLoop_0006,isPartOfEngagementLoop,False
Seeker,Thing,subClassOf,True
playerAction_0019,resource_0018,usesResource,False
story_0002,categoryParticipation_0001,leadsToParticipation,False
designPractice_0010,gDEComponent_0005,hasGameElement,False
targetBehavior_0007,engagementLoop_0003,isPartOfEngagementLoop,False
player_0013,sDTCompetence_0002,satisfies,False
matchesLevel,Resource,domain,False
yeeSocialComponent_0002,playerType_0004,describesType,False
achievements_0001,categoryPerformance_0002,leadsToPerformance,False
studentModel_0011,behaviouralKnowledge_0007,hasBehaviouralKnowledge,False
leaderboards_0005,categoryCompetition_0003,leadsToCompetition,False
achievements_0004,categoryEnjoyment_0001,leadsToEnjoyment,False
resourceUnit_0020,resourceUnit_0009,previous_Unit,False
designPractice_0002,gDEComponent_0005,hasGameElement,False
targetBehavior_0008,metric_0009,hasMetric,False
story_0005,categoryEnjoyment_0003,leadsToEnjoyment,False
leaderboards_0004,categoryPerformance_0003,leadsToPerformance,False
tactic_0017,engagementLoop_0006,isPartOfEngagementLoop,False
hasBehaviouralKnowledge,StudentModel,domain,False
selfDeterminationTheory_0004,gamification_0005,isUsedBy,False
targetBehavior_0027,engagementLoop_0007,isPartOfEngagementLoop,False
engagementLoop_0010,engagementLoop_0004,isPartOfEngagementLoop,False
player_0013,sDTRelatedness_0002,satisfies,False
gDEDynamic_0004,motivation_0003,affordsMotivation,False
strategy_0017,strategy_0009,isParentOf_Strategy,False
gDEMechanic_0005,gDEComponent_0004,tiesComponent,False
interactsIn,Gamification_Context,range,False
playerType_0007,engagementLoop_0008,isPartOfEngagementLoop,False
targetBehavior_0030,metric_0051,hasMetric,False
gamification_0001,motivationAndNeedTheory_0003,makesUseOf,False
strategy_0012,strategy_0003,isChildOf_Strategy,False
targetBehavior_0031,metric_0055,hasMetric,False
engagementLoop_0010,playerAction_0009,isComposedBy,False
rewards_0002,categoryEnjoyment_0002,leadsToEnjoyment,False
leaderboards_0004,engagementLoop_0005,isPartOfEngagementLoop,False
leaderboards_0003,categoryEffectiveness_0002,leadsToEffectiveness,False
Yee_Socializing,Thing,subClassOf,True
rewards_0001,categoryPerformance_0001,leadsToPerformance,False
selfDeterminationTheory_0004,gamification_0004,isUsedBy,False
achievements_0002,categoryExploration_0002,leadsToExploration,False
targetBehavior_0028,metric_0049,hasMetric,False
Chances,Thing,subClassOf,True
badges_0002,categoryPerformance_0001,leadsToPerformance,False
resourceUnit_0003,resourceUnit_0001,previous_Unit,False
problemUnit_0005,engagementLoop_0008,isPartOfEngagementLoop,False
gDEMechanic_0004,engagementLoop_0009,isPartOfEngagementLoop,False
relationships_0005,motivation_0004,affordsMotivation,False
course_0005,domain_0008,teachesDomain,False
resourceUnit_0012,engagementLoop_0005,isPartOfEngagementLoop,False
isComposedBy,isPartOfEngagementLoop,inverseOf,False
MethodStep,Thing,subClassOf,True
problemUnit_0011,engagementLoop_0001,isPartOfEngagementLoop,False
hasCategory,Target_Behavior_Category,range,False
FillBlanksProblem,Thing,subClassOf,True
targetBehavior_0012,engagementLoop_0009,isPartOfEngagementLoop,False
participationName,string,range,False
tactic_0010,tactic_0010,isChildOf_Tactic,False
problemUnit_0016,engagementLoop_0007,isPartOfEngagementLoop,False
resourceUnit_0019,engagementLoop_0009,isPartOfEngagementLoop,False
playerType_0002,engagementLoop_0008,isPartOfEngagementLoop,False
badges_0003,categoryEffectiveness_0002,leadsToEffectiveness,False
rewards_0001,categoryParticipation_0002,leadsToParticipation,False
instrutionalPlan_0013,engagementLoop_0007,isPartOfEngagementLoop,False
playerAction_0016,resource_0011,usesResource,False
type,string,range,False
gDEMechanic_0002,gDEDynamic_0003,composesDynamic,False
theme_0005,categoryParticipation_0002,leadsToParticipation,False
leaderboards_0004,categoryParticipation_0003,leadsToParticipation,False
feedback_0005,categoryPerformance_0003,leadsToPerformance,False
tactic_0010,tactic_0003,isChildOf_Tactic,False
resourceUnit_0015,engagementLoop_0002,isPartOfEngagementLoop,False
player_0017,sDTAutonomy_0004,satisfies,False
targetBehavior_0005,engagementLoop_0001,isPartOfEngagementLoop,False
Error_Bug,Thing,subClassOf,True
levels_0003,categoryParticipation_0002,leadsToParticipation,False
strategy_0015,strategy_0009,isParentOf_Strategy,False
constraints_0003,motivation_0001,affordsMotivation,False
instrutionalPlan_0008,engagementLoop_0001,isPartOfEngagementLoop,False
player_0018,engagementLoop_0009,isPartOfEngagementLoop,False
rewards_0005,categoryParticipation_0003,leadsToParticipation,False
targetBehavior_0028,engagementLoop_0006,isPartOfEngagementLoop,False
playerAction_0001,resource_0009,usesResource,False
levels_0001,categoryParticipation_0003,leadsToParticipation,False
targetBehavior_0001,engagementLoop_0007,isPartOfEngagementLoop,False
leadsToEnjoyment,Avatars,domain,False
course_0004,domain_0004,teachesDomain,False
DesignPractice,Thing,subClassOf,True
levels_0005,categoryExploration_0002,leadsToExploration,False
targetBehavior_0023,metric_0052,hasMetric,False
targetBehavior_0024,metric_0032,hasMetric,False
gDEComponent_0005,motivation_0001,affordsMotivation,False
designPractice_0007,targetBehavior_0004,hasTargetBehavior,False
achievements_0001,categoryPerformance_0001,leadsToPerformance,False
Daredevil,Thing,subClassOf,True
resourceUnit_0011,resourceUnit_0004,previous_Unit,False
badges_0005,engagementLoop_0001,isPartOfEngagementLoop,False
yeeAchievementComponent_0001,engagementLoop_0009,isPartOfEngagementLoop,False
teachesDomain,Domain,range,False
leaderboards_0004,engagementLoop_0007,isPartOfEngagementLoop,False
designPractice_0008,targetBehavior_0027,hasTargetBehavior,False
targetBehavior_0012,metric_0028,hasMetric,False
leadsToPerformance,Rewards,domain,False
strategy_0020,engagementLoop_0007,isPartOfEngagementLoop,False
playerType_0005,engagementLoop_0010,isPartOfEngagementLoop,False
leadsToPerformance,Story,domain,False
strategy_0010,strategy_0009,isChildOf_Strategy,False
gamifiedITS_0009,engagementLoop_0004,isPartOfEngagementLoop,False
playerAction_0002,resource_0008,usesResource,False
tactic_0015,engagementLoop_0010,isPartOfEngagementLoop,False
engagementLoop_0002,playerAction_0005,isComposedBy,False
gDEMechanic_0004,gDEDynamic_0003,composesDynamic,False
resourceUnit_0012,engagementLoop_0007,isPartOfEngagementLoop,False
problemUnit_0011,problemNext_0006,has_ProblemNext,False
rewards_0003,engagementLoop_0006,isPartOfEngagementLoop,False
curriculumUnit_0003,engagementLoop_0008,isPartOfEngagementLoop,False
badges_0001,categoryEffectiveness_0003,leadsToEffectiveness,False
isSatisfiedWith,Self-Determination_Theory,domain,False
isMotivatedWith,Yees_Motivational_Components,domain,False
competionName,string,range,False
targetBehavior_0031,engagementLoop_0003,isPartOfEngagementLoop,False
yeeSocialComponent_0002,playerType_0001,describesType,False
Mastermind,Thing,subClassOf,True
player_0018,playerType_0004,isDescribedByType,False
hasTargetBehavior,Target_Behavior,range,False
targetBehavior_0032,metric_0015,hasMetric,False
tactic_0009,tactic_0002,isChildOf_Tactic,False
playerAction_0008,resource_0013,usesResource,False
Course,Thing,subClassOf,True
playerAction_0001,resource_0012,usesResource,False
player_0011,engagementLoop_0008,isPartOfEngagementLoop,False
progression_0001,motivation_0005,affordsMotivation,False
isComposedBy,Engagement_Loop,domain,False
levels_0004,categoryExploration_0003,leadsToExploration,False
archetypeBehavior,string,range,False
gDEMechanic_0001,gDEComponent_0002,tiesComponent,False
targetBehavior_0009,engagementLoop_0001,isPartOfEngagementLoop,False
isPartOfEngagementLoop,Engagement_Loop,range,False
story_0002,categoryPerformance_0002,leadsToPerformance,False
progression_0003,motivation_0002,affordsMotivation,False
narrative_0004,motivation_0003,affordsMotivation,False
instrutionalPlan_0001,engagementLoop_0009,isPartOfEngagementLoop,False
designPractice_0001,engagementLoop_0002,isPartOfEngagementLoop,False
progression_0005,motivation_0005,affordsMotivation,False
relationships_0003,motivation_0002,affordsMotivation,False
isParentOf_Tactic,isChildOf_Tactic,inverseOf,False
gDEComponent_0003,motivation_0001,affordsMotivation,False
targetBehavior_0008,engagementLoop_0007,isPartOfEngagementLoop,False
levels_0003,categoryPerformance_0001,leadsToPerformance,False
explorationName,string,range,False
Context,Thing,subClassOf,True
gamification_0004,motivationAndNeedTheory_0001,makesUseOf,False
problemUnit_0020,problemNext_0013,has_ProblemNext,False
tactic_0002,tactic_0001,isParentOf_Tactic,False
gamifiedITS_0008,engagementLoop_0005,isPartOfEngagementLoop,False
abilityScoreMean,Domain,domain,False
instrutionalPlan_0002,engagementLoop_0005,isPartOfEngagementLoop,False
ResourceUnit,Sequencing,subClassOf,True
progression_0004,motivation_0003,affordsMotivation,False
player_0016,sDTCompetence_0003,satisfies,False
achievements_0003,engagementLoop_0009,isPartOfEngagementLoop,False
targetBehavior_0014,metric_0016,hasMetric,False
rewards_0003,categoryParticipation_0002,leadsToParticipation,False
strategy,Strategy,domain,False
challenges_0004,categoryExploration_0002,leadsToExploration,False
studentModel_0015,behaviouralKnowledge_0006,hasBehaviouralKnowledge,False
problemUnit_0017,problemNext_0001,has_ProblemNext,False
tactic_0011,tactic_0004,isChildOf_Tactic,False
targetBehavior_0037,engagementLoop_0004,isPartOfEngagementLoop,False
studentModel_0001,behaviouralKnowledge_0018,hasBehaviouralKnowledge,False
player_0017,sDTAutonomy_0003,satisfies,False
hasPedagogicalModel,GamifiedITS,domain,False
story_0001,categoryParticipation_0001,leadsToParticipation,False
Statement,Thing,subClassOf,True
challenges_0003,categoryParticipation_0001,leadsToParticipation,False
bossFights_0005,categoryExploration_0003,leadsToExploration,False
strategy_0019,engagementLoop_0002,isPartOfEngagementLoop,False
designPractice_0009,gDEComponent_0001,hasGameElement,False
UserAccount,Thing,subClassOf,True
instrutionalPlan_0020,engagementLoop_0003,isPartOfEngagementLoop,False
hasActivityLoops,Activity_Loop,range,False
targetBehavior_0018,metric_0032,hasMetric,False
leadsToParticipation,Badges,domain,False
hasStudentModel,GamifiedITS,domain,False
score_Min,float,range,False
gDEDynamic_0004,motivation_0001,affordsMotivation,False
targetBehavior_0035,metric_0030,hasMetric,False
tactic_0005,tactic_0002,isParentOf_Tactic,False
narrative_0003,motivation_0004,affordsMotivation,False
gDEComponent_0005,engagementLoop_0001,isPartOfEngagementLoop,False
badges_0004,categoryParticipation_0003,leadsToParticipation,False
yeeSocialComponent_0002,playerType_0006,describesType,False
gDEMechanic_0002,gamification_0003,isUsedBy,False
bossFights_0003,categoryExploration_0003,leadsToExploration,False
SDT_Autonomy,Thing,subClassOf,True
designPractice_0003,gDEComponent_0002,hasGameElement,False
playerAction_0003,resource_0017,usesResource,False
problemUnit_0015,problemNext_0005,has_ProblemNext,False
gDEMechanic_0002,engagementLoop_0007,isPartOfEngagementLoop,False
engagementLoop_0003,motivationalAffordance_0003,isComposedBy,False
tactic_0016,engagementLoop_0002,isPartOfEngagementLoop,False
yeeImmersionComponent_0003,playerType_0002,describesType,False
targetBehavior_0002,engagementLoop_0002,isPartOfEngagementLoop,False
tactic_0012,tactic_0010,isParentOf_Tactic,False
targetBehavior_0022,metric_0049,hasMetric,False
designPractice_0010,engagementLoop_0002,isPartOfEngagementLoop,False
strategy_0011,strategy_0010,isParentOf_Strategy,False
player_0012,playerType_0005,isDescribedByType,False
engagementLoop_0001,engagementLoop_0001,isPartOfEngagementLoop,False
tactic_0005,tactic_0003,isParentOf_Tactic,False
describesType,isDescribedByModel,inverseOf,False
yeeAchievementComponent_0002,engagementLoop_0002,isPartOfEngagementLoop,False
progression_0002,motivation_0003,affordsMotivation,False
story_0001,categoryPerformance_0002,leadsToPerformance,False
Game_Context,Gamification_Context,subClassOf,True
designPractice_0006,gDEComponent_0004,hasGameElement,False
leadsToEnjoyment,Rewards,domain,False
isTiedTo,GDE_Mechanic,range,False
strategy_0014,engagementLoop_0009,isPartOfEngagementLoop,False
instrutionalPlan_0015,engagementLoop_0002,isPartOfEngagementLoop,False
badges_0005,categoryEnjoyment_0002,leadsToEnjoyment,False
challenges_0002,categoryParticipation_0001,leadsToParticipation,False
tactic_0002,engagementLoop_0002,isPartOfEngagementLoop,False
classifiesPlayer,Player_Model,domain,False
leadsToParticipation,CategoryParticipation,range,False
resourceUnit_0002,resourceUnit_0001,previous_Unit,False
Exercise,Thing,subClassOf,True
leaderboards_0002,categoryCompetition_0002,leadsToCompetition,False
rewards_0004,engagementLoop_0006,isPartOfEngagementLoop,False
gDEMechanic_0003,gDEComponent_0002,tiesComponent,False
nonGameContext_0002,gamification_0001,hasGamification,False
tactic_0016,tactic_0001,isParentOf_Tactic,False
instrutionalPlan_0002,engagementLoop_0007,isPartOfEngagementLoop,False
problemUnit_0003,problemNext_0017,has_ProblemNext,False
quests_0003,categoryEnjoyment_0002,leadsToEnjoyment,False
nonGameContext_0003,gamification_0002,hasGamification,False
MatchColumnAnswer,Thing,subClassOf,True
leaderboards_0005,engagementLoop_0005,isPartOfEngagementLoop,False
badges_0004,categoryPerformance_0003,leadsToPerformance,False
achievements_0001,categoryEnjoyment_0001,leadsToEnjoyment,False
isParentOf_Tactic,Tactic,domain,False
strategy_0019,strategy_0001,isParentOf_Strategy,False
problemUnit_0015,problemNext_0009,has_ProblemNext,False
problemUnit_0005,problemNext_0005,has_ProblemNext,False
theme_0005,categoryPerformance_0001,leadsToPerformance,False
designPractice_0001,targetBehavior_0011,hasTargetBehavior,False
engagementLoop_0007,engagementLoop_0002,isPartOfEngagementLoop,False
resourceUnit_0013,engagementLoop_0006,isPartOfEngagementLoop,False
badges_0004,engagementLoop_0008,isPartOfEngagementLoop,False
strategy_0008,strategy_0003,isParentOf_Strategy,False
targetBehavior_0038,engagementLoop_0001,isPartOfEngagementLoop,False
quests_0001,categoryEnjoyment_0001,leadsToEnjoyment,False
player_0005,engagementLoop_0004,isPartOfEngagementLoop,False
targetBehavior_0018,engagementLoop_0010,isPartOfEngagementLoop,False
badges_0005,categoryEnjoyment_0003,leadsToEnjoyment,False
feedback_0001,categoryPerformance_0003,leadsToPerformance,False
quests_0005,categoryEnjoyment_0003,leadsToEnjoyment,False
gamifiedITS_0001,engagementLoop_0008,isPartOfEngagementLoop,False
theme_0003,categoryEnjoyment_0003,leadsToEnjoyment,False
gDEMechanic_0003,engagementLoop_0001,isPartOfEngagementLoop,False
Yee_Teamwork,Thing,subClassOf,True
player_0019,engagementLoop_0010,isPartOfEngagementLoop,False
playerAction_0020,resource_0016,usesResource,False
tactic_0006,tactic_0003,isChildOf_Tactic,False
typeStrategy,Strategy,domain,False
hasGamificationModel,GamifiedITS,domain,False
next_Curriculum,CurriculumUnit,range,False
quests_0003,categoryEnjoyment_0003,leadsToEnjoyment,False
CompositeResource,Thing,subClassOf,True
targetBehavior_0016,engagementLoop_0009,isPartOfEngagementLoop,False
makesUseOf,Motivation_And_Need_Theory,range,False
targetBehavior_0030,metric_0029,hasMetric,False
yeeSocialComponent_0002,engagementLoop_0001,isPartOfEngagementLoop,False
isParentOf_Tactic,Tactic,range,False
bossFights_0003,categoryExploration_0001,leadsToExploration,False
player_0008,engagementLoop_0002,isPartOfEngagementLoop,False
player_0015,playerType_0007,isDescribedByType,False
Metric,Thing,subClassOf,True
strategy_0010,engagementLoop_0008,isPartOfEngagementLoop,False
player_0013,playerType_0002,isDescribedByType,False
problemUnit_0011,problemNext_0015,has_ProblemNext,False
gamifiedITS_0006,engagementLoop_0006,isPartOfEngagementLoop,False
player_0003,playerType_0002,isDescribedByType,False
targetBehavior_0016,metric_0006,hasMetric,False
gDEMechanic_0003,gamification_0002,isUsedBy,False
player_0017,engagementLoop_0003,isPartOfEngagementLoop,False
player_0018,playerType_0006,isDescribedByType,False
player_0005,engagementLoop_0001,isPartOfEngagementLoop,False
leadsToExploration,Achievements,domain,False
leadsToExploration,CategoryExploration,range,False
challenges_0003,categoryPerformance_0002,leadsToPerformance,False
instrutionalPlan_0012,engagementLoop_0001,isPartOfEngagementLoop,False
leaderboards_0003,categoryEffectiveness_0001,leadsToEffectiveness,False
story_0003,engagementLoop_0009,isPartOfEngagementLoop,False
leadsToEnjoyment,Story,domain,False
type,ResourceUnit,domain,False
has_PedagogicalUnit,InstrutionalPlan,domain,False
playerAction_0008,resource_0011,usesResource,False
targetBehavior_0013,metric_0022,hasMetric,False
tactic_0018,tactic_0004,isChildOf_Tactic,False
gDEComponent_0002,engagementLoop_0004,isPartOfEngagementLoop,False
gamifiedITS_0010,engagementLoop_0007,isPartOfEngagementLoop,False
playerAction_0012,resource_0007,usesResource,False
typeTactic,string,range,False
satisfies,Player,domain,False
teachesDomain,Course,domain,False
problemUnit_0007,engagementLoop_0008,isPartOfEngagementLoop,False
problemUnit_0004,engagementLoop_0001,isPartOfEngagementLoop,False
masteryScore,Player,domain,False
leaderboards_0003,engagementLoop_0009,isPartOfEngagementLoop,False
THINGDomain,Thing,subClassOf,True
hasMetric,Target_Behavior,domain,False
targetBehavior_0026,engagementLoop_0004,isPartOfEngagementLoop,False
playerAction_0020,resource_0010,usesResource,False
leadsTo,Target_Behavior,range,False
resourceUnit_0018,resourceUnit_0007,previous_Unit,False
has_Problem,Problem,range,False
leaderboards_0005,categoryPerformance_0003,leadsToPerformance,False
isExplained,ProblemUnit,domain,False
has_Curriculum,Curriculum,range,False
emotions_0004,motivation_0001,affordsMotivation,False
leadsToParticipation,Levels,domain,False
challenges_0001,engagementLoop_0001,isPartOfEngagementLoop,False
next_Curriculum,CurriculumUnit,domain,False
player_0015,engagementLoop_0008,isPartOfEngagementLoop,False
selfDeterminationTheory_0002,engagementLoop_0009,isPartOfEngagementLoop,False
targetBehavior_0022,engagementLoop_0003,isPartOfEngagementLoop,False
isDescribedByType,Player_Type,range,False
challenges_0004,engagementLoop_0008,isPartOfEngagementLoop,False
recommendedFor,DesignPractice,domain,False
relationships_0003,motivation_0001,affordsMotivation,False
Concept,Thing,subClassOf,True
CategoryCompetition,Target_Behavior_Category,subClassOf,True
achievements_0004,categoryPerformance_0001,leadsToPerformance,False
problemUnit_0013,problemNext_0020,has_ProblemNext,False
Yee_Mechanics,Thing,subClassOf,True
player_0005,sDTRelatedness_0004,satisfies,False
targetBehavior_0024,engagementLoop_0005,isPartOfEngagementLoop,False
course_0006,domain_0004,teachesDomain,False
challenges_0002,categoryPerformance_0002,leadsToPerformance,False
player_0015,engagementLoop_0003,isPartOfEngagementLoop,False
problemUnit_0014,problemNext_0008,has_ProblemNext,False
resourceUnit_0016,engagementLoop_0010,isPartOfEngagementLoop,False
rewards_0005,engagementLoop_0002,isPartOfEngagementLoop,False
Player_Type,Thing,subClassOf,True
isComprisedOf,Motivation,domain,False
Competence,Thing,subClassOf,True
yeeAchievementComponent_0003,engagementLoop_0001,isPartOfEngagementLoop,False
targetBehavior_0033,metric_0012,hasMetric,False
gamifiedITS_0010,engagementLoop_0003,isPartOfEngagementLoop,False
player_0019,sDTCompetence_0001,satisfies,False
problemUnit_0018,engagementLoop_0001,isPartOfEngagementLoop,False
problemUnit_0019,problemNext_0003,has_ProblemNext,False
tactic_0014,engagementLoop_0001,isPartOfEngagementLoop,False
gamifiedITS_0002,engagementLoop_0008,isPartOfEngagementLoop,False
tactic_0014,tactic_0012,isChildOf_Tactic,False
usesResource,Player_Action,domain,False
story_0002,categoryEnjoyment_0001,leadsToEnjoyment,False
selfDeterminationTheory_0003,engagementLoop_0009,isPartOfEngagementLoop,False
emotions_0005,motivation_0002,affordsMotivation,False
isComposedBy,Feedback,range,False
targetBehavior_0033,engagementLoop_0002,isPartOfEngagementLoop,False
targetBehavior_0023,metric_0004,hasMetric,False
gDEComponent_0004,gamification_0005,isUsedBy,False
gamifiedITS_0001,engagementLoop_0003,isPartOfEngagementLoop,False
hasPedagogicalModel,THINGInstrutionalPlan,range,False
playerType_0003,engagementLoop_0010,isPartOfEngagementLoop,False
studentModel_0013,behaviouralKnowledge_0014,hasBehaviouralKnowledge,False
achievements_0003,categoryPerformance_0003,leadsToPerformance,False
targetBehavior_0002,metric_0024,hasMetric,False
playerAction_0002,resource_0015,usesResource,False
instrutionalPlan_0010,engagementLoop_0007,isPartOfEngagementLoop,False
problemUnit_0007,problemNext_0004,has_ProblemNext,False
makesUseOf,Game_Design_Element,range,False
gamifiedITS_0002,engagementLoop_0003,isPartOfEngagementLoop,False
emotions_0003,motivation_0002,affordsMotivation,False
isAccomplishedWith,Activity_Loop,range,False
isUsedFor,Target_Behavior,range,False
designPractice_0003,gDEComponent_0005,hasGameElement,False
Achiever,Thing,subClassOf,True
engagementLoop_0002,engagementLoop_0001,isPartOfEngagementLoop,False
gDEComponent_0004,gamification_0004,isUsedBy,False
playerAction_0004,resource_0007,usesResource,False
yeeImmersionComponent_0001,playerType_0001,describesType,False
GenericOperator,Thing,subClassOf,True
MultipleChoiceOption,Thing,subClassOf,True
challenges_0003,categoryPerformance_0001,leadsToPerformance,False
problemUnit_0013,engagementLoop_0002,isPartOfEngagementLoop,False
gDEComponent_0002,gamification_0002,isUsedBy,False
emotions_0001,motivation_0005,affordsMotivation,False
playerAction_0008,resource_0007,usesResource,False
leadsToEffectiveness,Badges,domain,False
playerAction_0012,resource_0004,usesResource,False
player_0004,playerType_0003,isDescribedByType,False
rewards_0005,categoryEnjoyment_0002,leadsToEnjoyment,False
playerType_0001,engagementLoop_0006,isPartOfEngagementLoop,False
targetBehavior_0033,metric_0036,hasMetric,False
metricDescription,string,range,False
archetypeBrainRegion,string,range,False
studentModel_0007,behaviouralKnowledge_0008,hasBehaviouralKnowledge,False
hasGamification,isAppliedTo,inverseOf,False
strategy_0008,strategy_0004,isChildOf_Strategy,False
yeeImmersionComponent_0003,engagementLoop_0006,isPartOfEngagementLoop,False
problemUnit_0012,engagementLoop_0001,isPartOfEngagementLoop,False
gDEMechanic_0001,engagementLoop_0006,isPartOfEngagementLoop,False
engagementLoop_0008,playerAction_0005,isComposedBy,False
avatars_0001,categoryEnjoyment_0001,leadsToEnjoyment,False
resourceUnit_0007,resourceUnit_0004,previous_Unit,False
Badges,Thing,subClassOf,True
hasGameElement,DesignPractice,domain,False
resourceUnit_0014,resourceUnit_0001,previous_Unit,False
achievements_0002,engagementLoop_0002,isPartOfEngagementLoop,False
points_0005,categoryEnjoyment_0003,leadsToEnjoyment,False
GDE_Dynamic,Game_Design_Element,subClassOf,True
targetBehavior_0011,metric_0013,hasMetric,False
MatchColumnOption,Thing,subClassOf,True
resourceUnit_0005,resourceUnit_0001,previous_Unit,False
Relationships,GDE_Dynamic,subClassOf,True
course_0009,domain_0001,teachesDomain,False
engagementLoop_0001,playerAction_0001,isComposedBy,False
leadsToEnjoyment,CategoryEnjoyment,range,False
playerAction_0017,resource_0018,usesResource,False
theme_0004,engagementLoop_0005,isPartOfEngagementLoop,False
selfDeterminationTheory_0002,gamification_0003,isUsedBy,False
achievements_0005,engagementLoop_0007,isPartOfEngagementLoop,False
engagementLoop_0005,playerAction_0006,isComposedBy,False
playerAction_0009,resource_0017,usesResource,False
player_0006,playerType_0001,isDescribedByType,False
rewards_0005,categoryEnjoyment_0003,leadsToEnjoyment,False
instrutionalPlan_0005,engagementLoop_0005,isPartOfEngagementLoop,False
targetBehavior_0008,metric_0033,hasMetric,False
story_0003,engagementLoop_0005,isPartOfEngagementLoop,False
studentModel_0015,behaviouralKnowledge_0020,hasBehaviouralKnowledge,False
targetBehavior_0037,engagementLoop_0005,isPartOfEngagementLoop,False
strategy_0009,engagementLoop_0006,isPartOfEngagementLoop,False
playerAction_0002,resource_0003,usesResource,False
Activity_Loop,Thing,subClassOf,True
emotions_0002,motivation_0002,affordsMotivation,False
hasBehaviouralKnowledge,BehaviouralKnowledge,range,False
constraints_0005,motivation_0002,affordsMotivation,False
designPractice_0008,gDEComponent_0002,hasGameElement,False
gDEMechanic_0005,motivation_0004,affordsMotivation,False
leadsToPerformance,CategoryPerformance,range,False
achievements_0005,categoryPerformance_0003,leadsToPerformance,False
player_0011,sDTCompetence_0004,satisfies,False
metricExpectedValue,Metric,domain,False
yeeImmersionComponent_0001,playerType_0006,describesType,False
problemUnit_0010,engagementLoop_0010,isPartOfEngagementLoop,False
statement,string,range,False
yeeAchievementComponent_0001,playerType_0005,describesType,False
playerAction_0003,resource_0016,usesResource,False
leaderboards_0004,categoryEffectiveness_0001,leadsToEffectiveness,False
tactic_0008,tactic_0006,isParentOf_Tactic,False
strategy_0006,strategy_0006,isChildOf_Strategy,False
leaderboards_0005,engagementLoop_0003,isPartOfEngagementLoop,False
gDEMechanic_0001,gDEDynamic_0002,composesDynamic,False
strategy_0014,engagementLoop_0003,isPartOfEngagementLoop,False
levels_0004,categoryParticipation_0001,leadsToParticipation,False
levels_0003,engagementLoop_0001,isPartOfEngagementLoop,False
Yees_Motivational_Components,Player_Model,subClassOf,True
progression_0002,motivation_0001,affordsMotivation,False
theme_0004,categoryParticipation_0003,leadsToParticipation,False
tactic_0019,engagementLoop_0010,isPartOfEngagementLoop,False
player_0020,sDTCompetence_0002,satisfies,False
selfDeterminationTheory_0003,gamification_0003,isUsedBy,False
instrutionalPlan_0006,engagementLoop_0001,isPartOfEngagementLoop,False
ProblemUnit,Sequencing,subClassOf,True
Yee_Advancement,Thing,subClassOf,True
Engagement_Loop,Activity_Loop,subClassOf,True
theme_0002,categoryParticipation_0001,leadsToParticipation,False
badges_0001,categoryPerformance_0002,leadsToPerformance,False
curriculumUnit_0001,engagementLoop_0005,isPartOfEngagementLoop,False
strategy_0007,strategy_0004,isChildOf_Strategy,False
resourceUnit_0003,engagementLoop_0009,isPartOfEngagementLoop,False
story_0003,categoryParticipation_0003,leadsToParticipation,False
Story,Thing,subClassOf,True
badges_0001,categoryParticipation_0002,leadsToParticipation,False
problemUnit_0007,problemNext_0009,has_ProblemNext,False
Curriculum,Thing,subClassOf,True
next_Unit,ResourceUnit,domain,False
tactic,Tactic,domain,False
player_0020,playerType_0005,isDescribedByType,False
tactic_0015,tactic_0006,isChildOf_Tactic,False
yeeSocialComponent_0001,playerType_0003,describesType,False
leaderboards_0003,categoryParticipation_0003,leadsToParticipation,False
challenges_0004,categoryExploration_0003,leadsToExploration,False
challenges_0005,categoryExploration_0001,leadsToExploration,False
score_Max,float,range,False
achievements_0002,categoryEnjoyment_0003,leadsToEnjoyment,False
player_0011,sDTRelatedness_0001,satisfies,False
selfDeterminationTheory_0003,engagementLoop_0005,isPartOfEngagementLoop,False
resourceUnit_0019,engagementLoop_0002,isPartOfEngagementLoop,False
GDE_Mechanic,Game_Design_Element,subClassOf,True
course_0007,domain_0007,teachesDomain,False
courseName,Course,domain,False
feedback_0003,categoryPerformance_0001,leadsToPerformance,False
its_domain.owl,ns,imports,False
loopQuality,Engagement_Loop,domain,False
tactic_0002,tactic_0002,isChildOf_Tactic,False
problemUnit_0012,engagementLoop_0009,isPartOfEngagementLoop,False
Error_Misconception,Thing,subClassOf,True
studentModel_0005,behaviouralKnowledge_0004,hasBehaviouralKnowledge,False
has_Sequencing,InstrutionalPlan,domain,False
engagementLoop_0005,playerAction_0010,isComposedBy,False
instrutionalPlan_0012,engagementLoop_0007,isPartOfEngagementLoop,False
strategy_0020,strategy_0009,isParentOf_Strategy,False
gDEComponent_0005,engagementLoop_0008,isPartOfEngagementLoop,False
Tactic,PedagogicalModel,subClassOf,True
Content_Unlocking,Thing,subClassOf,True
UniversalGenericOperator,Thing,subClassOf,True
GamifiedITS,Thing,subClassOf,True
targetBehavior_0036,engagementLoop_0007,isPartOfEngagementLoop,False
instrutionalPlan_0007,engagementLoop_0008,isPartOfEngagementLoop,False
curriculumUnit_0002,engagementLoop_0006,isPartOfEngagementLoop,False
theme_0004,categoryPerformance_0003,leadsToPerformance,False
isClassifiedBy,Player_Model,range,False
targetBehavior_0006,metric_0025,hasMetric,False
targetBehavior_0014,engagementLoop_0005,isPartOfEngagementLoop,False
next_Unit,ResourceUnit,range,False
tactic_0014,tactic_0006,isParentOf_Tactic,False
TrueOrFalseProblem,Thing,subClassOf,True
targetBehavior_0016,metric_0008,hasMetric,False
gDEMechanic_0003,gDEComponent_0005,tiesComponent,False
Level,string,range,False
gDEMechanic_0002,gDEComponent_0002,tiesComponent,False
targetBehavior_0022,engagementLoop_0002,isPartOfEngagementLoop,False
leaderboards_0003,engagementLoop_0007,isPartOfEngagementLoop,False
instrutionalPlan_0007,engagementLoop_0003,isPartOfEngagementLoop,False
studentModel_0007,behaviouralKnowledge_0002,hasBehaviouralKnowledge,False
problemUnit_0008,problemNext_0005,has_ProblemNext,False
problemUnit_0009,engagementLoop_0001,isPartOfEngagementLoop,False
tactic_0019,tactic_0004,isParentOf_Tactic,False
tactic_0015,engagementLoop_0001,isPartOfEngagementLoop,False
problemUnit_0016,problemNext_0013,has_ProblemNext,False
points_0001,categoryParticipation_0001,leadsToParticipation,False
courseName,string,range,False
leadsToParticipation,Rewards,domain,False
resourceUnit_0009,resourceUnit_0001,previous_Unit,False
strategy_0003,strategy_0002,isChildOf_Strategy,False
badges_0001,engagementLoop_0010,isPartOfEngagementLoop,False
player_0015,engagementLoop_0002,isPartOfEngagementLoop,False
leadsToParticipation,Story,domain,False
designPractice_0010,gDEComponent_0003,hasGameElement,False
studentModel_0014,behaviouralKnowledge_0015,hasBehaviouralKnowledge,False
theme_0001,engagementLoop_0005,isPartOfEngagementLoop,False
ProblemBasedEvaluation,Thing,subClassOf,True
levels_0001,categoryExploration_0002,leadsToExploration,False
leaderboards_0003,categoryPerformance_0003,leadsToPerformance,False
targetBehavior_0031,metric_0049,hasMetric,False
targetBehavior_0038,engagementLoop_0007,isPartOfEngagementLoop,False
badges_0001,categoryPerformance_0001,leadsToPerformance,False
targetBehavior_0012,metric_0034,hasMetric,False
playerAction_0004,resource_0014,usesResource,False
resourceUnit_0020,resourceUnit_0010,previous_Unit,False
studentModel_0017,behaviouralKnowledge_0015,hasBehaviouralKnowledge,False
gDEMechanic_0003,gDEDynamic_0004,composesDynamic,False
feedback_0004,categoryPerformance_0003,leadsToPerformance,False
Yee_Customization,Thing,subClassOf,True
gamification_0001,motivationAndNeedTheory_0001,makesUseOf,False
gDEMechanic_0003,engagementLoop_0007,isPartOfEngagementLoop,False
strategy_0018,engagementLoop_0008,isPartOfEngagementLoop,False
its_domain.owl,meututor_domain.owl,imports,False
achievements_0001,engagementLoop_0004,isPartOfEngagementLoop,False
THINGPedagogicalModel,Thing,subClassOf,True
targetBehavior_0002,engagementLoop_0006,isPartOfEngagementLoop,False
includes,StudentModel,domain,False
targetBehavior_0008,metric_0028,hasMetric,False
GDE_Component,Game_Design_Element,subClassOf,True
strategy_0013,strategy_0001,isChildOf_Strategy,False
loopStatus,boolean,range,False
leadsToCompetition,CategoryCompetition,range,False
gamifiedITS_0005,engagementLoop_0009,isPartOfEngagementLoop,False
engagementLoop_0003,engagementLoop_0003,isPartOfEngagementLoop,False
tactic_0016,tactic_0010,isChildOf_Tactic,False
strategy,string,range,False
strategy_0015,strategy_0015,isChildOf_Strategy,False
playerType_0005,engagementLoop_0004,isPartOfEngagementLoop,False
emotions_0001,motivation_0002,affordsMotivation,False
problemUnit_0012,problemNext_0006,has_ProblemNext,False
player_0014,playerType_0006,isDescribedByType,False
engagementLoop_0003,motivationalAffordance_0001,isComposedBy,False
theme_0002,categoryPerformance_0001,leadsToPerformance,False
challenges_0001,categoryParticipation_0003,leadsToParticipation,False
gamifiedITS_0009,engagementLoop_0008,isPartOfEngagementLoop,False
Yee_Role-Playing,Thing,subClassOf,True
designPractice_0001,gDEComponent_0003,hasGameElement,False
tactic_0008,engagementLoop_0009,isPartOfEngagementLoop,False
tiesComponent,GDE_Component,range,False
tactic_0016,tactic_0003,isChildOf_Tactic,False
engagementLoop_0010,motivationalAffordance_0005,isComposedBy,False
strategy_0007,engagementLoop_0001,isPartOfEngagementLoop,False
targetBehavior_0026,engagementLoop_0005,isPartOfEngagementLoop,False
designPractice_0007,engagementLoop_0008,isPartOfEngagementLoop,False
levels_0004,categoryPerformance_0002,leadsToPerformance,False
player_0016,sDTAutonomy_0005,satisfies,False
resourceUnit_0004,resourceUnit_0002,previous_Unit,False
theme_0002,categoryPerformance_0002,leadsToPerformance,False
badges_0004,categoryEnjoyment_0002,leadsToEnjoyment,False
avatars_0004,categoryEnjoyment_0002,leadsToEnjoyment,False
engagementLoop_0009,playerAction_0009,isComposedBy,False
has_Resource,ResourceUnit,domain,False
Container,Thing,subClassOf,True
problemUnit_0002,engagementLoop_0009,isPartOfEngagementLoop,False
selfDeterminationTheory_0004,engagementLoop_0004,isPartOfEngagementLoop,False
levels_0005,categoryExploration_0001,leadsToExploration,False
theme_0002,categoryParticipation_0002,leadsToParticipation,False
instrutionalPlan_0010,engagementLoop_0002,isPartOfEngagementLoop,False
gato.owl,gado_full.owl,imports,False
levels_0003,categoryExploration_0002,leadsToExploration,False
tactic_0020,tactic_0014,isChildOf_Tactic,False
targetBehavior_0040,metric_0009,hasMetric,False
hasGameElement,GDE_Mechanic,range,False
targetBehavior_0004,metric_0004,hasMetric,False
gDEMechanic_0004,gDEDynamic_0005,composesDynamic,False
player_0001,engagementLoop_0006,isPartOfEngagementLoop,False
tactic_0020,engagementLoop_0003,isPartOfEngagementLoop,False
designPractice_0008,engagementLoop_0008,isPartOfEngagementLoop,False
targetBehavior_0010,engagementLoop_0001,isPartOfEngagementLoop,False
levels_0002,engagementLoop_0010,isPartOfEngagementLoop,False
targetBehavior_0027,engagementLoop_0006,isPartOfEngagementLoop,False
leaderboards_0001,categoryParticipation_0001,leadsToParticipation,False
levels_0002,categoryPerformance_0001,leadsToPerformance,False
studentModel_0005,behaviouralKnowledge_0018,hasBehaviouralKnowledge,False
strategy_0008,engagementLoop_0001,isPartOfEngagementLoop,False
hasMetric,isUsedFor,inverseOf,False
engagementLoop_0006,playerAction_0007,isComposedBy,False
targetBehavior_0015,engagementLoop_0004,isPartOfEngagementLoop,False
theme_0001,categoryPerformance_0003,leadsToPerformance,False
player_0020,playerType_0002,isDescribedByType,False
targetBehavior_0002,metric_0047,hasMetric,False
engagementLoop_0006,engagementLoop_0001,isPartOfEngagementLoop,False
tactic_0016,tactic_0015,isParentOf_Tactic,False
yeeSocialComponent_0001,engagementLoop_0007,isPartOfEngagementLoop,False
leaderboards_0005,engagementLoop_0002,isPartOfEngagementLoop,False
isChildOf_Strategy,Strategy,domain,False
isMotivatedWith,Game_Design_Element,range,False
strategy_0014,engagementLoop_0002,isPartOfEngagementLoop,False
gDEComponent_0004,motivation_0003,affordsMotivation,False
strategy_0007,strategy_0001,isChildOf_Strategy,False
nonGameContext_0005,gamification_0005,hasGamification,False
resourceUnit_0012,resourceUnit_0009,previous_Unit,False
badges_0002,engagementLoop_0007,isPartOfEngagementLoop,False
strategy_0013,strategy_0001,isParentOf_Strategy,False
DiscursiveProblem,Thing,subClassOf,True
EvaluationResource,Thing,subClassOf,True
levels_0002,categoryParticipation_0002,leadsToParticipation,False
course_0006,domain_0001,teachesDomain,False
resourceUnit_0002,engagementLoop_0001,isPartOfEngagementLoop,False
playerAction_0013,resource_0004,usesResource,False
targetBehavior_0003,metric_0021,hasMetric,False
player_0015,sDTAutonomy_0001,satisfies,False
problemUnit_0014,problemNext_0019,has_ProblemNext,False
gDEComponent_0002,engagementLoop_0007,isPartOfEngagementLoop,False
Yee_Competition,Thing,subClassOf,True
leadsToPerformance,Challenges,domain,False
composesDynamic,GDE_Mechanic,domain,False
engagementLoop_0003,engagementLoop_0002,isPartOfEngagementLoop,False
problemUnit_0015,engagementLoop_0006,isPartOfEngagementLoop,False
story_0005,categoryParticipation_0001,leadsToParticipation,False
resourceUnit_0003,engagementLoop_0007,isPartOfEngagementLoop,False
designPractice_0007,targetBehavior_0005,hasTargetBehavior,False
effectivenessName,CategoryEffectiveness,domain,False
targetBehavior_0003,engagementLoop_0009,isPartOfEngagementLoop,False
describesPlayer,Player_Type,domain,False
achievements_0003,categoryEnjoyment_0003,leadsToEnjoyment,False
strategy_0014,strategy_0005,isParentOf_Strategy,False
matchesLevel,Player,range,False
has_ProblemNext,ProblemUnit,domain,False
tactic_0006,tactic_0004,isChildOf_Tactic,False
Achievements,Thing,subClassOf,True
gDEMechanic_0005,gamification_0003,isUsedBy,False
metricExpectedValue,double,range,False
points_0001,categoryParticipation_0002,leadsToParticipation,False
playerAction_0007,resource_0016,usesResource,False
curriculumUnit_0001,engagementLoop_0003,isPartOfEngagementLoop,False
Player_Model,Thing,subClassOf,True
typeStrategy,string,range,False
rewards_0004,categoryParticipation_0001,leadsToParticipation,False
studentModel_0015,behaviouralKnowledge_0016,hasBehaviouralKnowledge,False
studentModel_0008,behaviouralKnowledge_0018,hasBehaviouralKnowledge,False
gDEMechanic_0001,motivation_0003,affordsMotivation,False
strategy_0016,strategy_0010,isParentOf_Strategy,False
resourceUnit_0010,resourceUnit_0004,previous_Unit,False
engagementLoop_0006,playerAction_0019,isComposedBy,False
player_0016,engagementLoop_0009,isPartOfEngagementLoop,False
strategy_0007,engagementLoop_0009,isPartOfEngagementLoop,False
relationships_0002,motivation_0004,affordsMotivation,False
statement,ResourceUnit,domain,False
yeeAchievementComponent_0003,engagementLoop_0003,isPartOfEngagementLoop,False
achievements_0003,engagementLoop_0002,isPartOfEngagementLoop,False
problemUnit_0001,engagementLoop_0009,isPartOfEngagementLoop,False
challenges_0002,engagementLoop_0004,isPartOfEngagementLoop,False
Theme,Thing,subClassOf,True
player_0017,playerType_0005,isDescribedByType,False
Player_Action,Thing,subClassOf,True
targetBehavior_0024,metric_0006,hasMetric,False
quests_0002,categoryEnjoyment_0003,leadsToEnjoyment,False
targetBehavior_0030,engagementLoop_0010,isPartOfEngagementLoop,False
targetBehavior_0027,metric_0040,hasMetric,False
player_0020,sDTRelatedness_0005,satisfies,False
isUsedBy,Gamification,range,False
gDEComponent_0001,gamification_0001,isUsedBy,False
PedagogicalModel,Thing,subClassOf,True
strategicTutoring,Strategy,range,False
Form,Thing,subClassOf,True
leadsToEnjoyment,Quests,domain,False
abilityScoreStandardDeviation,float,range,False
points_0002,categoryParticipation_0002,leadsToParticipation,False
problemUnit_0006,engagementLoop_0009,isPartOfEngagementLoop,False
curriculumUnit_0005,engagementLoop_0006,isPartOfEngagementLoop,False
rewards_0004,categoryPerformance_0002,leadsToPerformance,False
tactic_0020,tactic_0016,isParentOf_Tactic,False
rewards_0002,categoryParticipation_0001,leadsToParticipation,False
points_0004,categoryParticipation_0002,leadsToParticipation,False
strategy_0013,strategy_0013,isParentOf_Strategy,False
Combat,Thing,subClassOf,True
targetBehavior_0002,metric_0034,hasMetric,False
InstrutionalPlan,PedagogicalModel,subClassOf,True
gamifiedITS_0007,engagementLoop_0008,isPartOfEngagementLoop,False
bossFights_0002,categoryExploration_0002,leadsToExploration,False
rewards_0002,engagementLoop_0010,isPartOfEngagementLoop,False
problemUnit_0012,engagementLoop_0008,isPartOfEngagementLoop,False
resourceUnit_0004,engagementLoop_0001,isPartOfEngagementLoop,False
studentModel_0007,behaviouralKnowledge_0009,hasBehaviouralKnowledge,False
engagementLoop_0009,engagementLoop_0009,isPartOfEngagementLoop,False
problemUnit_0017,engagementLoop_0009,isPartOfEngagementLoop,False
story_0002,engagementLoop_0009,isPartOfEngagementLoop,False
effectivenessName,string,range,False
achievements_0003,categoryEnjoyment_0002,leadsToEnjoyment,False
designPractice_0006,targetBehavior_0034,hasTargetBehavior,False
