id,label,type,iri,archetypeBrainRegion,archetypeLikes,difficulty,level,numberOfViews,weight,archetypeBehavior,numberOfFavorites,rate,loopDifficulty,loopStatus,loopQuality,engagementIndex,metricExpectedValue,metricDescription,metricValue,masteryScore,gdeCompatibilityScore
diagnosis_0007,diagnosis_0007,individual,http://nsxai.org/instances#diagnosis_0007,cerebellum,Chemistry,hard,medium,numberOfViews_value_831,0.428,survivor,numberOfFavorites_value_380,0.814,,,,,,,,,
status_0003,status_0003,individual,http://nsxai.org/instances#status_0003,prefrontal,Biology,easy,hard,numberOfViews_value_31,0.199,social,numberOfFavorites_value_225,0.28,,,,,,,,,
Depth,Depth,class,http://meututor.com.br/Ontologies/meututor_domain_cp.owl#Depth,,,,,,,,,,,,,,,,,,
studentModel_0002,studentModel_0002,individual,http://nsxai.org/instances#studentModel_0002,prefrontal,Mathematics,expert,easy,numberOfViews_value_463,0.931,exploratory,numberOfFavorites_value_640,0.099,,,,,,,,,
progressiveLoop_0010,progressiveLoop_0010,individual,http://nsxai.org/instances#progressiveLoop_0010,prefrontal,Biology,hard,expert,numberOfViews_value_260,0.835,competitive,numberOfFavorites_value_411,0.723,0.37,,,,,,,,
constraints_0002,constraints_0002,individual,http://nsxai.org/instances#constraints_0002,prefrontal,Calculus,easy,expert,numberOfViews_value_915,0.52,survivor,numberOfFavorites_value_488,0.516,,,,,,,,,
yeeRolePlaying_0003,yeeRolePlaying_0003,individual,http://nsxai.org/instances#yeeRolePlaying_0003,prefrontal,Statistics,medium,medium,numberOfViews_value_996,0.126,social,numberOfFavorites_value_943,0.231,,,,,,,,,
feedback_0001,feedback_0001,individual,http://nsxai.org/instances#feedback_0001,prefrontal,Literature,expert,expert,numberOfViews_value_90,0.631,competitive,numberOfFavorites_value_459,0.364,,,,,,,,,
gDEDynamic_0004,gDEDynamic_0004,individual,http://nsxai.org/instances#gDEDynamic_0004,hippocampus,Statistics,hard,medium,numberOfViews_value_181,0.549,competitive,numberOfFavorites_value_214,0.799,,,,,,,,,
strategy_0009,strategy_0009,individual,http://nsxai.org/instances#strategy_0009,hippocampus,Calculus,medium,hard,numberOfViews_value_383,0.864,competitive,numberOfFavorites_value_102,0.355,,,,,,,,,
knowledgeUnit_0020,knowledgeUnit_0020,individual,http://nsxai.org/instances#knowledgeUnit_0020,prefrontal,Statistics,medium,easy,numberOfViews_value_620,0.76,exploratory,numberOfFavorites_value_9,0.947,,,,,,,,,
engagementLoop_0004,engagementLoop_0004,individual,http://nsxai.org/instances#engagementLoop_0004,cerebellum,Philosophy,easy,easy,numberOfViews_value_231,0.737,competitive,numberOfFavorites_value_630,0.525,,false,0.183,,,,,,
hint_0001,hint_0001,individual,http://nsxai.org/instances#hint_0001,hippocampus,Geography,expert,expert,numberOfViews_value_196,0.08,cooperative,numberOfFavorites_value_305,0.385,,,,,,,,,
resource_0019,resource_0019,individual,http://nsxai.org/instances#resource_0019,cerebellum,Statistics,easy,easy,766,0.402,social,130,0.163,,,,0.771,,,,,
problemUnit_0002,problemUnit_0002,individual,http://nsxai.org/instances#problemUnit_0002,hippocampus,Biology,medium,expert,numberOfViews_value_678,0.197,cooperative,numberOfFavorites_value_844,0.035,,,,,,,,,
metric_0030,metric_0030,individual,http://nsxai.org/instances#metric_0030,cerebellum,Mathematics,medium,expert,numberOfViews_value_363,0.527,competitive,numberOfFavorites_value_617,0.053,,,,,47.67,hint_usage,42.26,,
competence_0007,competence_0007,individual,http://nsxai.org/instances#competence_0007,striatum,Biology,easy,medium,numberOfViews_value_999,0.65,achiever,numberOfFavorites_value_502,0.277,,,,,,,,,
gamificationModel_0004,gamificationModel_0004,individual,http://nsxai.org/instances#gamificationModel_0004,striatum,Economics,expert,expert,numberOfViews_value_795,0.313,social,numberOfFavorites_value_610,0.62,,,,,,,,,
progressiveLoop_0006,progressiveLoop_0006,individual,http://nsxai.org/instances#progressiveLoop_0006,amygdala,Algebra,expert,easy,numberOfViews_value_508,0.76,competitive,numberOfFavorites_value_158,0.228,0.41,,,,,,,,
winStates_0003,winStates_0003,individual,http://nsxai.org/instances#winStates_0003,prefrontal,Calculus,easy,expert,numberOfViews_value_882,0.848,cooperative,numberOfFavorites_value_404,0.857,,,,,,,,,
diagnosis_0003,diagnosis_0003,individual,http://nsxai.org/instances#diagnosis_0003,amygdala,Computer Science,medium,expert,numberOfViews_value_905,0.693,achiever,numberOfFavorites_value_142,0.645,,,,,,,,,
metric_0048,metric_0048,individual,http://nsxai.org/instances#metric_0048,amygdala,Chemistry,hard,medium,numberOfViews_value_364,0.316,social,numberOfFavorites_value_589,0.791,,,,,71.09,completion_rate,45.95,,
tactic_0008,tactic_0008,individual,http://nsxai.org/instances#tactic_0008,striatum,Physics,medium,hard,numberOfViews_value_755,0.178,competitive,numberOfFavorites_value_448,0.805,,,,,,,,,
cooperation_0005,cooperation_0005,individual,http://nsxai.org/instances#cooperation_0005,hippocampus,Algebra,hard,medium,numberOfViews_value_738,0.418,social,numberOfFavorites_value_144,0.935,,,,,,,,,
concept_0009,concept_0009,individual,http://nsxai.org/instances#concept_0009,striatum,Biology,medium,hard,numberOfViews_value_193,0.655,competitive,numberOfFavorites_value_439,0.933,,,,,,,,,
metric_0012,metric_0012,individual,http://nsxai.org/instances#metric_0012,striatum,Calculus,easy,easy,numberOfViews_value_591,0.635,survivor,numberOfFavorites_value_340,0.491,,,,,56.02,engagement_score,39.19,,
problemNext_0007,problemNext_0007,individual,http://nsxai.org/instances#problemNext_0007,striatum,Data Science,expert,easy,numberOfViews_value_6,0.12,social,numberOfFavorites_value_200,0.695,,,,,,,,,
domainModel_0008,domainModel_0008,individual,http://nsxai.org/instances#domainModel_0008,prefrontal,Economics,medium,easy,numberOfViews_value_924,0.198,achiever,numberOfFavorites_value_954,0.402,,,,,,,,,
errorBug_0003,errorBug_0003,individual,http://nsxai.org/instances#errorBug_0003,amygdala,Statistics,expert,expert,numberOfViews_value_686,0.993,cooperative,numberOfFavorites_value_498,0.821,,,,,,,,,
resolution_0013,resolution_0013,individual,http://nsxai.org/instances#resolution_0013,striatum,Computer Science,hard,easy,numberOfViews_value_206,0.967,competitive,numberOfFavorites_value_604,0.455,,,,,,,,,
turns_0002,turns_0002,individual,http://nsxai.org/instances#turns_0002,prefrontal,Chemistry,hard,easy,numberOfViews_value_927,0.068,social,numberOfFavorites_value_247,0.22,,,,,,,,,
statement_0015,statement_0015,individual,http://nsxai.org/instances#statement_0015,prefrontal,Calculus,hard,medium,numberOfViews_value_235,0.139,cooperative,numberOfFavorites_value_403,0.666,,,,,,,,,
problem_0007,problem_0007,individual,http://nsxai.org/instances#problem_0007,prefrontal,Biology,medium,medium,numberOfViews_value_78,0.269,achiever,numberOfFavorites_value_203,0.126,,,,,,,,,
matchColumnAnswer_0009,matchColumnAnswer_0009,individual,http://nsxai.org/instances#matchColumnAnswer_0009,cerebellum,Calculus,easy,medium,numberOfViews_value_709,0.964,exploratory,numberOfFavorites_value_983,0.238,,,,,,,,,
discursiveOption_0001,discursiveOption_0001,individual,http://nsxai.org/instances#discursiveOption_0001,prefrontal,Computer Science,hard,expert,numberOfViews_value_573,0.989,competitive,numberOfFavorites_value_25,0.889,,,,,,,,,
multipleChoiceOption_0016,multipleChoiceOption_0016,individual,http://nsxai.org/instances#multipleChoiceOption_0016,prefrontal,Chemistry,hard,expert,numberOfViews_value_347,0.382,exploratory,numberOfFavorites_value_832,0.31,,,,,,,,,
daredevil_0003,daredevil_0003,individual,http://nsxai.org/instances#daredevil_0003,prefrontal,Statistics,expert,easy,numberOfViews_value_907,0.159,competitive,numberOfFavorites_value_674,0.647,,,,,,,,,
resolution_0003,resolution_0003,individual,http://nsxai.org/instances#resolution_0003,amygdala,Literature,easy,hard,numberOfViews_value_803,0.027,survivor,numberOfFavorites_value_435,0.592,,,,,,,,,
resourceWeight_0008,resourceWeight_0008,individual,http://nsxai.org/instances#resourceWeight_0008,prefrontal,Chemistry,easy,expert,numberOfViews_value_935,0.744,competitive,numberOfFavorites_value_619,0.401,,,,,,,,,
course_0001,course_0001,individual,http://nsxai.org/instances#course_0001,prefrontal,Computer Science,medium,easy,numberOfViews_value_536,0.93,social,numberOfFavorites_value_181,0.348,,,,,,,,,
categoryEnjoyment_0003,categoryEnjoyment_0003,individual,http://nsxai.org/instances#categoryEnjoyment_0003,striatum,Literature,medium,expert,numberOfViews_value_200,0.553,survivor,numberOfFavorites_value_877,0.493,,,,,,,,,
domainModel_0005,domainModel_0005,individual,http://nsxai.org/instances#domainModel_0005,striatum,Chemistry,medium,medium,numberOfViews_value_58,0.143,achiever,numberOfFavorites_value_660,0.615,,,,,,,,,
targetBehavior_0035,targetBehavior_0035,individual,http://nsxai.org/instances#targetBehavior_0035,prefrontal,Mathematics,easy,easy,numberOfViews_value_920,0.038,survivor,numberOfFavorites_value_852,0.145,,,,,,,,,
context_0003,context_0003,individual,http://nsxai.org/instances#context_0003,prefrontal,Algebra,medium,easy,numberOfViews_value_800,0.351,exploratory,numberOfFavorites_value_935,0.991,,,,,,,,,
badges_0004,badges_0004,individual,http://nsxai.org/instances#badges_0004,striatum,Mathematics,expert,easy,numberOfViews_value_41,0.038,exploratory,numberOfFavorites_value_371,0.285,,,,,,,,,
question_0009,question_0009,individual,http://nsxai.org/instances#question_0009,amygdala,Physics,medium,medium,numberOfViews_value_407,0.17,survivor,numberOfFavorites_value_721,0.803,,,,,,,,,
winStates_0005,winStates_0005,individual,http://nsxai.org/instances#winStates_0005,striatum,History,medium,hard,numberOfViews_value_870,0.175,competitive,numberOfFavorites_value_415,0.576,,,,,,,,,
activity_0013,activity_0013,individual,http://nsxai.org/instances#activity_0013,amygdala,Literature,hard,easy,numberOfViews_value_375,0.97,exploratory,numberOfFavorites_value_65,0.407,,,,,,,,,
multipleChoiceOption_0012,multipleChoiceOption_0012,individual,http://nsxai.org/instances#multipleChoiceOption_0012,striatum,History,easy,expert,numberOfViews_value_345,0.335,social,numberOfFavorites_value_630,0.731,,,,,,,,,
knowledgeUnit_0012,knowledgeUnit_0012,individual,http://nsxai.org/instances#knowledgeUnit_0012,hippocampus,Physics,expert,expert,numberOfViews_value_618,0.366,achiever,numberOfFavorites_value_923,0.269,,,,,,,,,
avatars_0005,avatars_0005,individual,http://nsxai.org/instances#avatars_0005,prefrontal,Physics,easy,hard,numberOfViews_value_239,0.465,social,numberOfFavorites_value_829,0.794,,,,,,,,,
studentModel_0013,studentModel_0013,individual,http://nsxai.org/instances#studentModel_0013,striatum,Data Science,easy,expert,numberOfViews_value_1,0.726,survivor,numberOfFavorites_value_267,0.378,,,,,,,,,
achiever_0005,achiever_0005,individual,http://nsxai.org/instances#achiever_0005,amygdala,Statistics,medium,expert,numberOfViews_value_203,0.245,achiever,numberOfFavorites_value_838,0.704,,,,,,,,,
gifting_0005,gifting_0005,individual,http://nsxai.org/instances#gifting_0005,prefrontal,Economics,expert,easy,numberOfViews_value_364,0.242,achiever,numberOfFavorites_value_681,0.499,,,,,,,,,
hint_0004,hint_0004,individual,http://nsxai.org/instances#hint_0004,amygdala,Data Science,easy,medium,numberOfViews_value_148,0.068,cooperative,numberOfFavorites_value_614,0.301,,,,,,,,,
water,water,individual,http://surveys.nees.com.br/ontologies/gado_core.owl#water,,,,,,,,,,,,,,,,,,
resource_0010,resource_0010,individual,http://nsxai.org/instances#resource_0010,amygdala,Geography,easy,hard,748,0.957,social,184,0.465,,,,0.867,,,,,
statement_0012,statement_0012,individual,http://nsxai.org/instances#statement_0012,hippocampus,Statistics,hard,hard,numberOfViews_value_929,0.86,exploratory,numberOfFavorites_value_885,0.416,,,,,,,,,
uRIResource_0008,uRIResource_0008,individual,http://nsxai.org/instances#uRIResource_0008,cerebellum,History,hard,expert,numberOfViews_value_612,0.156,achiever,numberOfFavorites_value_407,0.008,,,,,,,,,
leftColumn_0001,leftColumn_0001,individual,http://nsxai.org/instances#leftColumn_0001,prefrontal,Calculus,hard,expert,numberOfViews_value_791,0.744,survivor,numberOfFavorites_value_813,0.993,,,,,,,,,
brainHex_0006,brainHex_0006,individual,http://nsxai.org/instances#brainHex_0006,hippocampus,Chemistry,medium,easy,numberOfViews_value_792,0.927,exploratory,numberOfFavorites_value_473,0.87,,,,,,,,,
resolution_0006,resolution_0006,individual,http://nsxai.org/instances#resolution_0006,striatum,Philosophy,medium,easy,numberOfViews_value_703,0.434,exploratory,numberOfFavorites_value_128,0.435,,,,,,,,,
option_0019,option_0019,individual,http://nsxai.org/instances#option_0019,hippocampus,Literature,medium,hard,numberOfViews_value_647,0.255,exploratory,numberOfFavorites_value_85,0.036,,,,,,,,,
yeeRelationship_0002,yeeRelationship_0002,individual,http://nsxai.org/instances#yeeRelationship_0002,striatum,History,easy,hard,numberOfViews_value_714,0.967,social,numberOfFavorites_value_306,0.462,,,,,,,,,
metric_0059,metric_0059,individual,http://nsxai.org/instances#metric_0059,cerebellum,Geography,expert,medium,numberOfViews_value_977,0.518,cooperative,numberOfFavorites_value_846,0.42,,,,,18.53,score,12.66,,
player_0017,player_0017,individual,http://nsxai.org/instances#player_0017,cerebellum,History,medium,expert,numberOfViews_value_609,0.081,competitive,numberOfFavorites_value_421,0.019,,,,,,,,0.258,
strategy_0003,strategy_0003,individual,http://nsxai.org/instances#strategy_0003,hippocampus,Mathematics,expert,easy,numberOfViews_value_46,0.03,competitive,numberOfFavorites_value_582,0.049,,,,,,,,,
resolution_0008,resolution_0008,individual,http://nsxai.org/instances#resolution_0008,hippocampus,Mathematics,easy,medium,numberOfViews_value_814,0.007,survivor,numberOfFavorites_value_494,0.123,,,,,,,,,
resolution_0012,resolution_0012,individual,http://nsxai.org/instances#resolution_0012,striatum,Physics,hard,expert,numberOfViews_value_992,0.682,achiever,numberOfFavorites_value_263,0.662,,,,,,,,,
targetBehavior_0009,targetBehavior_0009,individual,http://nsxai.org/instances#targetBehavior_0009,hippocampus,Literature,hard,medium,numberOfViews_value_993,0.697,social,numberOfFavorites_value_203,0.388,,,,,,,,,
metric_0007,metric_0007,individual,http://nsxai.org/instances#metric_0007,cerebellum,Algebra,expert,easy,numberOfViews_value_869,0.179,achiever,numberOfFavorites_value_761,0.217,,,,,74.44,hint_usage,79.47,,
question_0012,question_0012,individual,http://nsxai.org/instances#question_0012,amygdala,Algebra,expert,medium,numberOfViews_value_225,0.462,social,numberOfFavorites_value_190,0.917,,,,,,,,,
bugMisconception_0002,bugMisconception_0002,individual,http://nsxai.org/instances#bugMisconception_0002,prefrontal,Mathematics,hard,hard,numberOfViews_value_872,0.546,competitive,numberOfFavorites_value_841,0.85,,,,,,,,,
behaviouralKnowledge_0020,behaviouralKnowledge_0020,individual,http://nsxai.org/instances#behaviouralKnowledge_0020,striatum,Economics,expert,hard,numberOfViews_value_191,0.542,social,numberOfFavorites_value_659,0.61,,,,,,,,,
item_0002,item_0002,individual,http://nsxai.org/instances#item_0002,cerebellum,Algebra,medium,hard,numberOfViews_value_432,0.622,social,numberOfFavorites_value_852,0.467,,,,,,,,,
matchColumnAnswer_0010,matchColumnAnswer_0010,individual,http://nsxai.org/instances#matchColumnAnswer_0010,hippocampus,Algebra,hard,medium,numberOfViews_value_727,0.088,competitive,numberOfFavorites_value_389,0.767,,,,,,,,,
targetBehavior_0008,targetBehavior_0008,individual,http://nsxai.org/instances#targetBehavior_0008,cerebellum,Economics,expert,medium,numberOfViews_value_471,0.386,cooperative,numberOfFavorites_value_68,0.428,,,,,,,,,
resourceList_0005,resourceList_0005,individual,http://nsxai.org/instances#resourceList_0005,cerebellum,Physics,medium,medium,numberOfViews_value_3,0.544,survivor,numberOfFavorites_value_827,0.656,,,,,,,,,
concept_0002,concept_0002,individual,http://nsxai.org/instances#concept_0002,prefrontal,Calculus,medium,medium,numberOfViews_value_997,0.14,social,numberOfFavorites_value_979,0.176,,,,,,,,,
question_0003,question_0003,individual,http://nsxai.org/instances#question_0003,striatum,Biology,expert,hard,numberOfViews_value_627,0.985,achiever,numberOfFavorites_value_83,0.607,,,,,,,,,
course_0006,course_0006,individual,http://nsxai.org/instances#course_0006,striatum,Data Science,medium,easy,numberOfViews_value_28,0.345,social,numberOfFavorites_value_427,0.114,,,,,,,,,
instrutionalPlan_0003,instrutionalPlan_0003,individual,http://nsxai.org/instances#instrutionalPlan_0003,striatum,Algebra,hard,easy,numberOfViews_value_730,0.544,achiever,numberOfFavorites_value_933,0.881,,,,,,,,,
behaviouralKnowledge_0011,behaviouralKnowledge_0011,individual,http://nsxai.org/instances#behaviouralKnowledge_0011,prefrontal,Economics,medium,hard,numberOfViews_value_262,0.374,competitive,numberOfFavorites_value_464,0.046,,,,,,,,,
resolutionMethod_0003,resolutionMethod_0003,individual,http://nsxai.org/instances#resolutionMethod_0003,prefrontal,Economics,hard,expert,numberOfViews_value_820,0.17,achiever,numberOfFavorites_value_167,0.041,,,,,,,,,
statement_0001,statement_0001,individual,http://nsxai.org/instances#statement_0001,striatum,History,expert,hard,numberOfViews_value_273,0.865,achiever,numberOfFavorites_value_792,0.725,,,,,,,,,
methodStep_0009,methodStep_0009,individual,http://nsxai.org/instances#methodStep_0009,hippocampus,Computer Science,hard,medium,numberOfViews_value_900,0.62,achiever,numberOfFavorites_value_406,0.999,,,,,,,,,
depth_0004,depth_0004,individual,http://nsxai.org/instances#depth_0004,cerebellum,Philosophy,expert,conceptual,numberOfViews_value_879,0.187,cooperative,numberOfFavorites_value_47,0.341,,,,,,,,,
metric_0018,metric_0018,individual,http://nsxai.org/instances#metric_0018,striatum,Economics,medium,medium,numberOfViews_value_975,0.858,exploratory,numberOfFavorites_value_519,0.892,,,,,87.76,attempt_count,104.92,,
option_0007,option_0007,individual,http://nsxai.org/instances#option_0007,amygdala,Geography,expert,medium,numberOfViews_value_473,0.726,exploratory,numberOfFavorites_value_504,0.186,,,,,,,,,
playerAction_0018,playerAction_0018,individual,http://nsxai.org/instances#playerAction_0018,hippocampus,Economics,expert,hard,numberOfViews_value_308,0.334,exploratory,numberOfFavorites_value_116,0.824,,,,,,,,,
metric_0047,metric_0047,individual,http://nsxai.org/instances#metric_0047,prefrontal,History,hard,hard,numberOfViews_value_251,0.18,survivor,numberOfFavorites_value_75,0.815,,,,,63.73,hint_usage,45.93,,
metric_0024,metric_0024,individual,http://nsxai.org/instances#metric_0024,cerebellum,Physics,easy,hard,numberOfViews_value_37,0.69,social,numberOfFavorites_value_251,0.736,,,,,33.47,hint_usage,16.74,,
sDTAutonomy_0002,sDTAutonomy_0002,individual,http://nsxai.org/instances#sDTAutonomy_0002,cerebellum,Economics,medium,easy,numberOfViews_value_575,0.758,survivor,numberOfFavorites_value_904,0.011,,,,,,,,,
trueOrFalseOption_0003,trueOrFalseOption_0003,individual,http://nsxai.org/instances#trueOrFalseOption_0003,cerebellum,Geography,expert,expert,numberOfViews_value_688,0.564,achiever,numberOfFavorites_value_336,0.188,,,,,,,,,
achiever_0002,achiever_0002,individual,http://nsxai.org/instances#achiever_0002,amygdala,Philosophy,expert,easy,numberOfViews_value_810,0.709,achiever,numberOfFavorites_value_261,0.18,,,,,,,,,
gamificationModel_0002,gamificationModel_0002,individual,http://nsxai.org/instances#gamificationModel_0002,prefrontal,Calculus,hard,hard,numberOfViews_value_298,0.096,competitive,numberOfFavorites_value_950,0.915,,,,,,,,,
metric_0033,metric_0033,individual,http://nsxai.org/instances#metric_0033,striatum,Computer Science,expert,expert,numberOfViews_value_175,0.405,social,numberOfFavorites_value_801,0.736,,,,,17.5,engagement_score,9.8,,
targetBehavior_0029,targetBehavior_0029,individual,http://nsxai.org/instances#targetBehavior_0029,striatum,Chemistry,expert,easy,numberOfViews_value_703,0.37,achiever,numberOfFavorites_value_500,0.422,,,,,,,,,
content_0003,content_0003,individual,http://nsxai.org/instances#content_0003,striatum,Physics,medium,hard,numberOfViews_value_466,0.024,competitive,numberOfFavorites_value_820,0.54,,,,,,,,,
domain_0008,domain_0008,individual,http://nsxai.org/instances#domain_0008,amygdala,Mathematics,hard,hard,numberOfViews_value_30,0.213,achiever,numberOfFavorites_value_463,0.899,,,,,,,,,
exercise_0014,exercise_0014,individual,http://nsxai.org/instances#exercise_0014,striatum,Literature,hard,easy,numberOfViews_value_639,0.375,exploratory,numberOfFavorites_value_248,0.343,,,,,,,,,
pedagogicalUnit_0006,pedagogicalUnit_0006,individual,http://nsxai.org/instances#pedagogicalUnit_0006,prefrontal,Statistics,medium,hard,numberOfViews_value_585,0.533,achiever,numberOfFavorites_value_884,0.553,,,,,,,,,
loopDifficulty,loopDifficulty,datatype_property,http://surveys.nees.com.br/ontologies/gado_full.owl#loopDifficulty,,,,,,,,,,,,,,,,,,
problem_0011,problem_0011,individual,http://nsxai.org/instances#problem_0011,hippocampus,Calculus,expert,medium,numberOfViews_value_87,0.04,cooperative,numberOfFavorites_value_779,0.17,,,,,,,,,
timeConstraints_0003,timeConstraints_0003,individual,http://nsxai.org/instances#timeConstraints_0003,hippocampus,Biology,hard,expert,numberOfViews_value_440,0.987,achiever,numberOfFavorites_value_649,0.987,,,,,,,,,
pedagogicalUnit_0005,pedagogicalUnit_0005,individual,http://nsxai.org/instances#pedagogicalUnit_0005,hippocampus,Mathematics,hard,easy,numberOfViews_value_172,0.383,exploratory,numberOfFavorites_value_721,0.851,,,,,,,,,
question_0008,question_0008,individual,http://nsxai.org/instances#question_0008,amygdala,Computer Science,hard,hard,numberOfViews_value_542,0.075,achiever,numberOfFavorites_value_88,0.391,,,,,,,,,
knowledgeUnit_0006,knowledgeUnit_0006,individual,http://nsxai.org/instances#knowledgeUnit_0006,hippocampus,Economics,expert,expert,numberOfViews_value_783,0.97,cooperative,numberOfFavorites_value_394,0.503,,,,,,,,,
leaderboards_0005,leaderboards_0005,individual,http://nsxai.org/instances#leaderboards_0005,cerebellum,Computer Science,medium,easy,numberOfViews_value_672,0.267,competitive,numberOfFavorites_value_445,0.602,,,,,,,,,
metric_0020,metric_0020,individual,http://nsxai.org/instances#metric_0020,amygdala,Chemistry,expert,medium,numberOfViews_value_73,0.075,cooperative,numberOfFavorites_value_145,0.21,,,,,29.64,streak_count,28.33,,
gDEComponent_0003,gDEComponent_0003,individual,http://nsxai.org/instances#gDEComponent_0003,striatum,Philosophy,medium,medium,numberOfViews_value_195,0.067,competitive,numberOfFavorites_value_384,0.935,,,,,,,,,
socialGraph_0003,socialGraph_0003,individual,http://nsxai.org/instances#socialGraph_0003,prefrontal,Algebra,expert,hard,numberOfViews_value_245,0.537,achiever,numberOfFavorites_value_867,0.702,,,,,,,,,
tactic_0013,tactic_0013,individual,http://nsxai.org/instances#tactic_0013,cerebellum,History,hard,hard,numberOfViews_value_533,0.262,cooperative,numberOfFavorites_value_588,0.75,,,,,,,,,
winStates_0002,winStates_0002,individual,http://nsxai.org/instances#winStates_0002,amygdala,Physics,medium,hard,numberOfViews_value_767,0.682,achiever,numberOfFavorites_value_690,0.34,,,,,,,,,
problem_0018,problem_0018,individual,http://nsxai.org/instances#problem_0018,striatum,Economics,expert,easy,numberOfViews_value_626,0.172,cooperative,numberOfFavorites_value_580,0.83,,,,,,,,,
multipleChoiceOption_0009,multipleChoiceOption_0009,individual,http://nsxai.org/instances#multipleChoiceOption_0009,cerebellum,Computer Science,medium,medium,numberOfViews_value_735,0.217,survivor,numberOfFavorites_value_235,0.136,,,,,,,,,
pedagogicalUnit_0004,pedagogicalUnit_0004,individual,http://nsxai.org/instances#pedagogicalUnit_0004,amygdala,Algebra,medium,easy,numberOfViews_value_27,0.983,cooperative,numberOfFavorites_value_341,0.706,,,,,,,,,
course_0002,course_0002,individual,http://nsxai.org/instances#course_0002,cerebellum,Chemistry,hard,expert,numberOfViews_value_57,0.393,competitive,numberOfFavorites_value_664,0.63,,,,,,,,,
resourceUnit_0001,resourceUnit_0001,individual,http://nsxai.org/instances#resourceUnit_0001,striatum,Statistics,expert,medium,numberOfViews_value_725,0.805,achiever,numberOfFavorites_value_127,0.069,,,,,,,,,
discursiveOption_0005,discursiveOption_0005,individual,http://nsxai.org/instances#discursiveOption_0005,cerebellum,Chemistry,hard,medium,numberOfViews_value_972,0.557,achiever,numberOfFavorites_value_981,0.549,,,,,,,,,
matchColumnProblem_0009,matchColumnProblem_0009,individual,http://nsxai.org/instances#matchColumnProblem_0009,cerebellum,Chemistry,easy,hard,numberOfViews_value_351,0.994,social,numberOfFavorites_value_249,0.243,,,,,,,,,
motivationAndNeedTheory_0001,motivationAndNeedTheory_0001,individual,http://nsxai.org/instances#motivationAndNeedTheory_0001,hippocampus,Physics,hard,expert,numberOfViews_value_908,0.781,survivor,numberOfFavorites_value_892,0.548,,,,,,,,,
discursiveOption_0003,discursiveOption_0003,individual,http://nsxai.org/instances#discursiveOption_0003,prefrontal,Economics,hard,medium,numberOfViews_value_316,0.828,cooperative,numberOfFavorites_value_765,0.718,,,,,,,,,
container_0001,container_0001,individual,http://nsxai.org/instances#container_0001,striatum,Philosophy,medium,easy,numberOfViews_value_609,0.443,social,numberOfFavorites_value_706,0.523,,,,,,,,,
domainModel_0007,domainModel_0007,individual,http://nsxai.org/instances#domainModel_0007,amygdala,Geography,medium,medium,numberOfViews_value_475,0.406,social,numberOfFavorites_value_922,0.626,,,,,,,,,
curriculum_0009,curriculum_0009,individual,http://nsxai.org/instances#curriculum_0009,striatum,Chemistry,hard,medium,numberOfViews_value_284,0.653,social,numberOfFavorites_value_82,0.269,,,,,,,,,
discursiveOption_0002,discursiveOption_0002,individual,http://nsxai.org/instances#discursiveOption_0002,prefrontal,Philosophy,medium,medium,numberOfViews_value_236,0.727,survivor,numberOfFavorites_value_758,0.553,,,,,,,,,
narrative_0004,narrative_0004,individual,http://nsxai.org/instances#narrative_0004,cerebellum,Philosophy,easy,easy,numberOfViews_value_74,0.41,social,numberOfFavorites_value_762,0.967,,,,,,,,,
avatars_0003,avatars_0003,individual,http://nsxai.org/instances#avatars_0003,amygdala,Chemistry,easy,expert,numberOfViews_value_645,0.676,competitive,numberOfFavorites_value_834,0.297,,,,,,,,,
engagementLoop_0007,engagementLoop_0007,individual,http://nsxai.org/instances#engagementLoop_0007,hippocampus,Calculus,easy,medium,numberOfViews_value_489,0.559,survivor,numberOfFavorites_value_188,0.735,,false,0.53,,,,,,
pedagogicalModel_0003,pedagogicalModel_0003,individual,http://nsxai.org/instances#pedagogicalModel_0003,amygdala,Literature,easy,expert,numberOfViews_value_183,0.37,survivor,numberOfFavorites_value_776,0.896,,,,,,,,,
domainModel_0010,domainModel_0010,individual,http://nsxai.org/instances#domainModel_0010,hippocampus,Philosophy,medium,expert,numberOfViews_value_37,0.263,social,numberOfFavorites_value_398,0.649,,,,,,,,,
gamification_0001,gamification_0001,individual,http://nsxai.org/instances#gamification_0001,amygdala,Algebra,hard,expert,numberOfViews_value_384,0.498,social,numberOfFavorites_value_102,0.428,,,,,,,,,
progression_0002,progression_0002,individual,http://nsxai.org/instances#progression_0002,amygdala,Economics,expert,hard,numberOfViews_value_642,0.122,survivor,numberOfFavorites_value_253,0.467,,,,,,,,,
trueOrFalseOption_0010,trueOrFalseOption_0010,individual,http://nsxai.org/instances#trueOrFalseOption_0010,amygdala,Statistics,hard,medium,numberOfViews_value_369,0.759,competitive,numberOfFavorites_value_907,0.324,,,,,,,,,
conceptualKnowledge_0006,conceptualKnowledge_0006,individual,http://nsxai.org/instances#conceptualKnowledge_0006,prefrontal,Mathematics,medium,expert,numberOfViews_value_930,0.312,cooperative,numberOfFavorites_value_2,0.737,,,,,,,,,
instrutionalPlan_0007,instrutionalPlan_0007,individual,http://nsxai.org/instances#instrutionalPlan_0007,striatum,Literature,easy,hard,numberOfViews_value_879,0.507,exploratory,numberOfFavorites_value_499,0.267,,,,,,,,,
contentUnlocking_0005,contentUnlocking_0005,individual,http://nsxai.org/instances#contentUnlocking_0005,amygdala,Mathematics,hard,medium,numberOfViews_value_164,0.982,social,numberOfFavorites_value_315,0.401,,,,,,,,,
multipleChoiceOption_0004,multipleChoiceOption_0004,individual,http://nsxai.org/instances#multipleChoiceOption_0004,striatum,Physics,easy,medium,numberOfViews_value_548,0.946,competitive,numberOfFavorites_value_691,0.271,,,,,,,,,
achievements_0003,achievements_0003,individual,http://nsxai.org/instances#achievements_0003,cerebellum,Chemistry,easy,expert,numberOfViews_value_103,0.05,cooperative,numberOfFavorites_value_994,0.169,,,,,,,,,
metric_0032,metric_0032,individual,http://nsxai.org/instances#metric_0032,hippocampus,Physics,easy,medium,numberOfViews_value_552,0.995,survivor,numberOfFavorites_value_473,0.218,,,,,50.95,completion_rate,37.13,,
hint_0008,hint_0008,individual,http://nsxai.org/instances#hint_0008,hippocampus,Mathematics,medium,hard,numberOfViews_value_431,0.557,social,numberOfFavorites_value_955,0.831,,,,,,,,,
playerAction_0001,playerAction_0001,individual,http://nsxai.org/instances#playerAction_0001,prefrontal,Physics,hard,expert,numberOfViews_value_164,0.865,cooperative,numberOfFavorites_value_382,0.137,,,,,,,,,
matchColumnOption_0009,matchColumnOption_0009,individual,http://nsxai.org/instances#matchColumnOption_0009,striatum,Algebra,easy,expert,numberOfViews_value_408,0.989,social,numberOfFavorites_value_735,0.599,,,,,,,,,
bugMisconception_0003,bugMisconception_0003,individual,http://nsxai.org/instances#bugMisconception_0003,cerebellum,Mathematics,expert,expert,numberOfViews_value_489,0.092,competitive,numberOfFavorites_value_869,0.085,,,,,,,,,
yeeAchievementComponent_0002,yeeAchievementComponent_0002,individual,http://nsxai.org/instances#yeeAchievementComponent_0002,hippocampus,Mathematics,easy,medium,numberOfViews_value_815,0.728,cooperative,numberOfFavorites_value_699,0.195,,,,,,,,,
player_0005,player_0005,individual,http://nsxai.org/instances#player_0005,striatum,Mathematics,hard,easy,numberOfViews_value_621,1.0,exploratory,numberOfFavorites_value_967,0.479,,,,,,,,0.222,
yeeRolePlaying_0004,yeeRolePlaying_0004,individual,http://nsxai.org/instances#yeeRolePlaying_0004,striatum,Statistics,medium,medium,numberOfViews_value_676,0.077,survivor,numberOfFavorites_value_183,0.262,,,,,,,,,
progressiveLoop_0003,progressiveLoop_0003,individual,http://nsxai.org/instances#progressiveLoop_0003,prefrontal,Geography,expert,hard,numberOfViews_value_925,0.577,survivor,numberOfFavorites_value_215,0.126,0.38,,,,,,,,
statement_0005,statement_0005,individual,http://nsxai.org/instances#statement_0005,striatum,Algebra,medium,medium,numberOfViews_value_868,0.744,social,numberOfFavorites_value_780,0.943,,,,,,,,,
engagementLoop_0006,engagementLoop_0006,individual,http://nsxai.org/instances#engagementLoop_0006,prefrontal,Economics,medium,expert,numberOfViews_value_170,0.31,social,numberOfFavorites_value_89,0.065,,false,0.559,,,,,,
competence_0011,competence_0011,individual,http://nsxai.org/instances#competence_0011,hippocampus,Calculus,medium,easy,numberOfViews_value_376,0.024,survivor,numberOfFavorites_value_276,0.6,,,,,,,,,
competence_0019,competence_0019,individual,http://nsxai.org/instances#competence_0019,amygdala,Literature,easy,hard,numberOfViews_value_373,0.148,exploratory,numberOfFavorites_value_35,0.059,,,,,,,,,
activity_0016,activity_0016,individual,http://nsxai.org/instances#activity_0016,prefrontal,Chemistry,easy,medium,numberOfViews_value_840,0.575,survivor,numberOfFavorites_value_340,0.238,,,,,,,,,
contentUnlocking_0001,contentUnlocking_0001,individual,http://nsxai.org/instances#contentUnlocking_0001,amygdala,Literature,easy,medium,numberOfViews_value_403,0.795,social,numberOfFavorites_value_167,0.975,,,,,,,,,
exercise_0012,exercise_0012,individual,http://nsxai.org/instances#exercise_0012,amygdala,Algebra,expert,hard,numberOfViews_value_366,0.597,social,numberOfFavorites_value_408,0.467,,,,,,,,,
targetBehavior_0026,targetBehavior_0026,individual,http://nsxai.org/instances#targetBehavior_0026,hippocampus,Algebra,hard,expert,numberOfViews_value_154,0.418,social,numberOfFavorites_value_30,0.511,,,,,,,,,
userAccount_0010,userAccount_0010,individual,http://nsxai.org/instances#userAccount_0010,amygdala,Computer Science,hard,expert,numberOfViews_value_6,0.673,achiever,numberOfFavorites_value_705,0.818,,,,,,,,,
option_0020,option_0020,individual,http://nsxai.org/instances#option_0020,hippocampus,Physics,easy,hard,numberOfViews_value_941,0.548,exploratory,numberOfFavorites_value_854,0.279,,,,,,,,,
writingEvaluation_0005,writingEvaluation_0005,individual,http://nsxai.org/instances#writingEvaluation_0005,hippocampus,Statistics,expert,hard,numberOfViews_value_917,0.722,exploratory,numberOfFavorites_value_645,0.444,,,,,,,,,
resource_0015,resource_0015,individual,http://nsxai.org/instances#resource_0015,hippocampus,Computer Science,hard,easy,908,0.812,social,184,0.588,,,,0.973,,,,,
content_0002,content_0002,individual,http://nsxai.org/instances#content_0002,striatum,Biology,medium,easy,numberOfViews_value_959,0.278,social,numberOfFavorites_value_119,0.155,,,,,,,,,
rightColumn_0002,rightColumn_0002,individual,http://nsxai.org/instances#rightColumn_0002,cerebellum,History,hard,easy,numberOfViews_value_643,0.976,exploratory,numberOfFavorites_value_290,0.619,,,,,,,,,
problemUnit_0015,problemUnit_0015,individual,http://nsxai.org/instances#problemUnit_0015,amygdala,Literature,expert,hard,numberOfViews_value_684,0.75,achiever,numberOfFavorites_value_188,0.345,,,,,,,,,
studentModel_0007,studentModel_0007,individual,http://nsxai.org/instances#studentModel_0007,hippocampus,Biology,expert,easy,numberOfViews_value_476,0.026,exploratory,numberOfFavorites_value_591,0.045,,,,,,,,,
fillBlanksOption_0001,fillBlanksOption_0001,individual,http://nsxai.org/instances#fillBlanksOption_0001,striatum,Philosophy,easy,easy,numberOfViews_value_748,0.727,exploratory,numberOfFavorites_value_739,0.088,,,,,,,,,
gamifiedITS_0008,gamifiedITS_0008,individual,http://nsxai.org/instances#gamifiedITS_0008,amygdala,Data Science,expert,expert,numberOfViews_value_31,0.786,exploratory,numberOfFavorites_value_809,0.941,,,,,,,,,
instrutionalPlan_0006,instrutionalPlan_0006,individual,http://nsxai.org/instances#instrutionalPlan_0006,prefrontal,Statistics,easy,hard,numberOfViews_value_437,0.263,social,numberOfFavorites_value_986,0.898,,,,,,,,,
resourceUnit_0003,resourceUnit_0003,individual,http://nsxai.org/instances#resourceUnit_0003,amygdala,History,medium,expert,numberOfViews_value_226,0.357,survivor,numberOfFavorites_value_96,0.354,,,,,,,,,
fillBlanksOption_0005,fillBlanksOption_0005,individual,http://nsxai.org/instances#fillBlanksOption_0005,cerebellum,Literature,easy,medium,numberOfViews_value_497,0.219,survivor,numberOfFavorites_value_448,0.839,,,,,,,,,
trueOrFalseProblem_0004,trueOrFalseProblem_0004,individual,http://nsxai.org/instances#trueOrFalseProblem_0004,prefrontal,History,medium,hard,numberOfViews_value_547,0.858,cooperative,numberOfFavorites_value_3,0.853,,,,,,,,,
activity_0015,activity_0015,individual,http://nsxai.org/instances#activity_0015,amygdala,Computer Science,expert,medium,numberOfViews_value_415,0.244,social,numberOfFavorites_value_882,0.731,,,,,,,,,
resource_0011,resource_0011,individual,http://nsxai.org/instances#resource_0011,amygdala,Geography,medium,medium,352,0.751,competitive,93,0.388,,,,0.421,,,,,
bossFights_0002,bossFights_0002,individual,http://nsxai.org/instances#bossFights_0002,prefrontal,Algebra,medium,hard,numberOfViews_value_509,0.39,achiever,numberOfFavorites_value_179,0.956,,,,,,,,,
concept_0006,concept_0006,individual,http://nsxai.org/instances#concept_0006,prefrontal,History,medium,easy,numberOfViews_value_720,0.751,competitive,numberOfFavorites_value_424,0.842,,,,,,,,,
achievements_0004,achievements_0004,individual,http://nsxai.org/instances#achievements_0004,prefrontal,Computer Science,easy,easy,numberOfViews_value_325,0.248,exploratory,numberOfFavorites_value_591,0.909,,,,,,,,,
pedagogicalUnit_0007,pedagogicalUnit_0007,individual,http://nsxai.org/instances#pedagogicalUnit_0007,prefrontal,Physics,medium,medium,numberOfViews_value_171,0.182,achiever,numberOfFavorites_value_919,0.838,,,,,,,,,
player_0009,player_0009,individual,http://nsxai.org/instances#player_0009,hippocampus,Algebra,medium,easy,numberOfViews_value_545,0.501,social,numberOfFavorites_value_453,0.636,,,,,,,,0.969,
curriculumUnit_0004,curriculumUnit_0004,individual,http://nsxai.org/instances#curriculumUnit_0004,amygdala,Biology,hard,hard,numberOfViews_value_842,0.564,social,numberOfFavorites_value_442,0.085,,,,,,,,,
fillBlanksOption_0009,fillBlanksOption_0009,individual,http://nsxai.org/instances#fillBlanksOption_0009,striatum,Philosophy,hard,hard,numberOfViews_value_105,0.488,exploratory,numberOfFavorites_value_477,0.747,,,,,,,,,
virtualGoods_0002,virtualGoods_0002,individual,http://nsxai.org/instances#virtualGoods_0002,striatum,Mathematics,expert,expert,numberOfViews_value_288,0.898,social,numberOfFavorites_value_659,0.379,,,,,,,,,
brainHex_0002,brainHex_0002,individual,http://nsxai.org/instances#brainHex_0002,striatum,Philosophy,expert,medium,numberOfViews_value_814,0.091,achiever,numberOfFavorites_value_584,0.494,,,,,,,,,
personal,personal,individual,http://surveys.nees.com.br/ontologies/gado_core.owl#personal,,,,,,,,,,,,,,,,,,
studentModel_0003,studentModel_0003,individual,http://nsxai.org/instances#studentModel_0003,amygdala,History,expert,expert,numberOfViews_value_395,0.063,exploratory,numberOfFavorites_value_680,0.437,,,,,,,,,
avatars_0001,avatars_0001,individual,http://nsxai.org/instances#avatars_0001,amygdala,History,medium,easy,numberOfViews_value_912,0.105,social,numberOfFavorites_value_629,0.933,,,,,,,,,
problemUnit_0012,problemUnit_0012,individual,http://nsxai.org/instances#problemUnit_0012,cerebellum,Statistics,medium,easy,numberOfViews_value_320,0.278,achiever,numberOfFavorites_value_182,0.461,,,,,,,,,
progression_0003,progression_0003,individual,http://nsxai.org/instances#progression_0003,hippocampus,Chemistry,easy,hard,numberOfViews_value_477,0.762,achiever,numberOfFavorites_value_255,0.107,,,,,,,,,
avatars_0004,avatars_0004,individual,http://nsxai.org/instances#avatars_0004,cerebellum,Economics,easy,easy,numberOfViews_value_32,0.879,exploratory,numberOfFavorites_value_416,0.79,,,,,,,,,
resource_0005,resource_0005,individual,http://nsxai.org/instances#resource_0005,cerebellum,Chemistry,expert,medium,283,0.116,survivor,164,0.135,,,,0.517,,,,,
compositeResource_0005,compositeResource_0005,individual,http://nsxai.org/instances#compositeResource_0005,cerebellum,Computer Science,expert,easy,numberOfViews_value_423,0.514,social,numberOfFavorites_value_548,0.651,,,,,,,,,
seeker_0001,seeker_0001,individual,http://nsxai.org/instances#seeker_0001,striatum,Mathematics,hard,hard,numberOfViews_value_516,0.478,exploratory,numberOfFavorites_value_788,0.437,,,,,,,,,
conceptualKnowledge_0003,conceptualKnowledge_0003,individual,http://nsxai.org/instances#conceptualKnowledge_0003,cerebellum,Computer Science,medium,easy,numberOfViews_value_285,0.354,exploratory,numberOfFavorites_value_4,0.595,,,,,,,,,
question_0013,question_0013,individual,http://nsxai.org/instances#question_0013,cerebellum,Computer Science,easy,expert,numberOfViews_value_7,0.235,social,numberOfFavorites_value_384,0.614,,,,,,,,,
mastermind_0001,mastermind_0001,individual,http://nsxai.org/instances#mastermind_0001,hippocampus,Biology,hard,expert,numberOfViews_value_51,0.8,exploratory,numberOfFavorites_value_173,0.687,,,,,,,,,
targetBehavior_0016,targetBehavior_0016,individual,http://nsxai.org/instances#targetBehavior_0016,cerebellum,Biology,easy,expert,numberOfViews_value_364,0.946,survivor,numberOfFavorites_value_989,0.268,,,,,,,,,
targetBehavior_0013,targetBehavior_0013,individual,http://nsxai.org/instances#targetBehavior_0013,striatum,Biology,expert,expert,numberOfViews_value_229,0.887,achiever,numberOfFavorites_value_962,0.686,,,,,,,,,
emotions_0004,emotions_0004,individual,http://nsxai.org/instances#emotions_0004,hippocampus,Calculus,expert,medium,numberOfViews_value_699,0.051,survivor,numberOfFavorites_value_146,0.369,,,,,,,,,
mastermind_0002,mastermind_0002,individual,http://nsxai.org/instances#mastermind_0002,hippocampus,Data Science,medium,medium,numberOfViews_value_612,0.418,exploratory,numberOfFavorites_value_754,0.283,,,,,,,,,
targetBehavior_0037,targetBehavior_0037,individual,http://nsxai.org/instances#targetBehavior_0037,amygdala,Statistics,expert,hard,numberOfViews_value_339,0.34,cooperative,numberOfFavorites_value_511,0.535,,,,,,,,,
playerAction_0012,playerAction_0012,individual,http://nsxai.org/instances#playerAction_0012,prefrontal,Physics,hard,hard,numberOfViews_value_992,0.275,social,numberOfFavorites_value_146,0.036,,,,,,,,,
depth_0002,depth_0002,individual,http://nsxai.org/instances#depth_0002,prefrontal,Data Science,easy,conceptual,numberOfViews_value_150,0.111,survivor,numberOfFavorites_value_651,0.003,,,,,,,,,
player_0011,player_0011,individual,http://nsxai.org/instances#player_0011,striatum,Computer Science,hard,expert,numberOfViews_value_221,0.154,competitive,numberOfFavorites_value_755,0.585,,,,,,,,0.929,
exercise_0007,exercise_0007,individual,http://nsxai.org/instances#exercise_0007,amygdala,Geography,medium,hard,numberOfViews_value_467,0.874,social,numberOfFavorites_value_973,0.427,,,,,,,,,
question_0019,question_0019,individual,http://nsxai.org/instances#question_0019,striatum,Data Science,medium,hard,numberOfViews_value_322,0.539,survivor,numberOfFavorites_value_529,0.569,,,,,,,,,
multipleChoiceOption_0010,multipleChoiceOption_0010,individual,http://nsxai.org/instances#multipleChoiceOption_0010,prefrontal,Algebra,medium,expert,numberOfViews_value_310,0.626,cooperative,numberOfFavorites_value_315,0.646,,,,,,,,,
fillBlanksProblem_0005,fillBlanksProblem_0005,individual,http://nsxai.org/instances#fillBlanksProblem_0005,striatum,Mathematics,expert,easy,numberOfViews_value_661,0.401,achiever,numberOfFavorites_value_499,0.297,,,,,,,,,
cKCurriculumInformation_0002,cKCurriculumInformation_0002,individual,http://nsxai.org/instances#cKCurriculumInformation_0002,cerebellum,Data Science,medium,expert,numberOfViews_value_727,0.995,social,numberOfFavorites_value_421,0.845,,,,,,,,,
question_0011,question_0011,individual,http://nsxai.org/instances#question_0011,amygdala,Data Science,medium,medium,numberOfViews_value_770,0.937,achiever,numberOfFavorites_value_605,0.995,,,,,,,,,
competition_0003,competition_0003,individual,http://nsxai.org/instances#competition_0003,cerebellum,History,medium,hard,numberOfViews_value_530,0.572,competitive,numberOfFavorites_value_697,0.494,,,,,,,,,
multipleChoiceOption_0015,multipleChoiceOption_0015,individual,http://nsxai.org/instances#multipleChoiceOption_0015,cerebellum,Statistics,expert,easy,numberOfViews_value_585,0.54,achiever,numberOfFavorites_value_882,0.593,,,,,,,,,
option_0009,option_0009,individual,http://nsxai.org/instances#option_0009,amygdala,Data Science,hard,medium,numberOfViews_value_134,0.996,social,numberOfFavorites_value_921,0.588,,,,,,,,,
writingEvaluation_0003,writingEvaluation_0003,individual,http://nsxai.org/instances#writingEvaluation_0003,amygdala,Algebra,easy,easy,numberOfViews_value_158,0.494,survivor,numberOfFavorites_value_647,0.619,,,,,,,,,
targetBehavior_0006,targetBehavior_0006,individual,http://nsxai.org/instances#targetBehavior_0006,striatum,Calculus,expert,medium,numberOfViews_value_914,0.439,cooperative,numberOfFavorites_value_231,0.583,,,,,,,,,
concept_0010,concept_0010,individual,http://nsxai.org/instances#concept_0010,prefrontal,Geography,medium,expert,numberOfViews_value_283,0.814,cooperative,numberOfFavorites_value_629,0.066,,,,,,,,,
instrutionalPlan_0014,instrutionalPlan_0014,individual,http://nsxai.org/instances#instrutionalPlan_0014,striatum,Literature,easy,expert,numberOfViews_value_553,0.761,achiever,numberOfFavorites_value_833,0.848,,,,,,,,,
sequencing_0007,sequencing_0007,individual,http://nsxai.org/instances#sequencing_0007,amygdala,Computer Science,expert,hard,numberOfViews_value_792,0.006,social,numberOfFavorites_value_194,0.021,,,,,,,,,
targetBehavior_0014,targetBehavior_0014,individual,http://nsxai.org/instances#targetBehavior_0014,hippocampus,Biology,easy,expert,numberOfViews_value_187,0.637,social,numberOfFavorites_value_793,0.274,,,,,,,,,
question_0010,question_0010,individual,http://nsxai.org/instances#question_0010,hippocampus,Mathematics,expert,easy,numberOfViews_value_574,0.691,exploratory,numberOfFavorites_value_117,0.624,,,,,,,,,
pedagogicalUnit_0010,pedagogicalUnit_0010,individual,http://nsxai.org/instances#pedagogicalUnit_0010,amygdala,Computer Science,expert,easy,numberOfViews_value_133,0.398,competitive,numberOfFavorites_value_108,0.609,,,,,,,,,
behaviouralKnowledge_0016,behaviouralKnowledge_0016,individual,http://nsxai.org/instances#behaviouralKnowledge_0016,prefrontal,Chemistry,easy,medium,numberOfViews_value_559,0.164,social,numberOfFavorites_value_684,0.85,,,,,,,,,
problem_0005,problem_0005,individual,http://nsxai.org/instances#problem_0005,prefrontal,Biology,hard,expert,numberOfViews_value_383,0.563,achiever,numberOfFavorites_value_601,0.048,,,,,,,,,
sDTRelatedness_0005,sDTRelatedness_0005,individual,http://nsxai.org/instances#sDTRelatedness_0005,hippocampus,Data Science,medium,expert,numberOfViews_value_506,0.712,exploratory,numberOfFavorites_value_904,0.869,,,,,,,,,
uRIResource_0005,uRIResource_0005,individual,http://nsxai.org/instances#uRIResource_0005,prefrontal,Physics,expert,easy,numberOfViews_value_477,0.715,survivor,numberOfFavorites_value_507,0.12,,,,,,,,,
uRIResource_0002,uRIResource_0002,individual,http://nsxai.org/instances#uRIResource_0002,amygdala,Philosophy,expert,hard,numberOfViews_value_956,0.719,social,numberOfFavorites_value_461,0.454,,,,,,,,,
chances_0002,chances_0002,individual,http://nsxai.org/instances#chances_0002,striatum,Geography,easy,expert,numberOfViews_value_699,0.921,competitive,numberOfFavorites_value_580,0.068,,,,,,,,,
brainHex_0011,brainHex_0011,individual,http://nsxai.org/instances#brainHex_0011,hippocampus,Physics,medium,easy,numberOfViews_value_225,0.412,cooperative,numberOfFavorites_value_520,0.64,,,,,,,,,
misconception_0002,misconception_0002,individual,http://nsxai.org/instances#misconception_0002,amygdala,History,easy,medium,numberOfViews_value_72,0.099,cooperative,numberOfFavorites_value_139,0.305,,,,,,,,,
resourceWeight_0006,resourceWeight_0006,individual,http://nsxai.org/instances#resourceWeight_0006,striatum,Economics,expert,easy,numberOfViews_value_309,0.442,social,numberOfFavorites_value_495,0.998,,,,,,,,,
nonGameContext_0004,nonGameContext_0004,individual,http://nsxai.org/instances#nonGameContext_0004,amygdala,Literature,medium,hard,numberOfViews_value_302,0.542,survivor,numberOfFavorites_value_361,0.256,,,,,,,,,
sequencing_0006,sequencing_0006,individual,http://nsxai.org/instances#sequencing_0006,amygdala,Data Science,hard,expert,numberOfViews_value_753,0.119,exploratory,numberOfFavorites_value_69,0.748,,,,,,,,,
designPractice_0005,designPractice_0005,individual,http://nsxai.org/instances#designPractice_0005,prefrontal,Data Science,hard,easy,numberOfViews_value_255,0.592,cooperative,numberOfFavorites_value_299,0.497,,,,,,,,,0.532
story_0005,story_0005,individual,http://nsxai.org/instances#story_0005,striatum,Philosophy,hard,hard,numberOfViews_value_953,0.669,exploratory,numberOfFavorites_value_102,0.931,,,,,,,,,
strategy_0017,strategy_0017,individual,http://nsxai.org/instances#strategy_0017,cerebellum,Mathematics,medium,hard,numberOfViews_value_265,0.433,cooperative,numberOfFavorites_value_285,0.138,,,,,,,,,
metric_0017,metric_0017,individual,http://nsxai.org/instances#metric_0017,amygdala,History,expert,medium,numberOfViews_value_328,0.966,achiever,numberOfFavorites_value_474,0.276,,,,,48.6,correct_answers,43.9,,
playerAction_0013,playerAction_0013,individual,http://nsxai.org/instances#playerAction_0013,hippocampus,Mathematics,expert,easy,numberOfViews_value_888,0.462,cooperative,numberOfFavorites_value_401,0.832,,,,,,,,,
problemBasedEvaluation_0001,problemBasedEvaluation_0001,individual,http://nsxai.org/instances#problemBasedEvaluation_0001,hippocampus,Biology,easy,medium,numberOfViews_value_130,0.595,competitive,numberOfFavorites_value_625,0.04,,,,,,,,,
yeeCustomization_0002,yeeCustomization_0002,individual,http://nsxai.org/instances#yeeCustomization_0002,cerebellum,Physics,expert,expert,numberOfViews_value_116,0.625,competitive,numberOfFavorites_value_69,0.893,,,,,,,,,
sDTAutonomy_0004,sDTAutonomy_0004,individual,http://nsxai.org/instances#sDTAutonomy_0004,striatum,Data Science,medium,easy,numberOfViews_value_44,0.55,social,numberOfFavorites_value_993,0.728,,,,,,,,,
problemUnit_0018,problemUnit_0018,individual,http://nsxai.org/instances#problemUnit_0018,amygdala,Statistics,easy,expert,numberOfViews_value_438,0.416,exploratory,numberOfFavorites_value_343,0.792,,,,,,,,,
sDTAutonomy_0003,sDTAutonomy_0003,individual,http://nsxai.org/instances#sDTAutonomy_0003,amygdala,Algebra,expert,expert,numberOfViews_value_339,0.97,exploratory,numberOfFavorites_value_33,0.321,,,,,,,,,
targetBehavior_0038,targetBehavior_0038,individual,http://nsxai.org/instances#targetBehavior_0038,cerebellum,History,easy,easy,numberOfViews_value_531,0.615,achiever,numberOfFavorites_value_801,0.287,,,,,,,,,
story_0003,story_0003,individual,http://nsxai.org/instances#story_0003,amygdala,Economics,hard,expert,numberOfViews_value_383,0.364,exploratory,numberOfFavorites_value_402,0.27,,,,,,,,,
rewards_0004,rewards_0004,individual,http://nsxai.org/instances#rewards_0004,hippocampus,Biology,easy,hard,numberOfViews_value_120,0.752,achiever,numberOfFavorites_value_589,0.167,,,,,,,,,
gamification_0003,gamification_0003,individual,http://nsxai.org/instances#gamification_0003,amygdala,Algebra,easy,easy,numberOfViews_value_469,0.348,exploratory,numberOfFavorites_value_589,0.59,,,,,,,,,
playerAction_0016,playerAction_0016,individual,http://nsxai.org/instances#playerAction_0016,hippocampus,Geography,easy,medium,numberOfViews_value_672,0.722,competitive,numberOfFavorites_value_40,0.358,,,,,,,,,
knowledgeUnit_0002,knowledgeUnit_0002,individual,http://nsxai.org/instances#knowledgeUnit_0002,cerebellum,Physics,easy,expert,numberOfViews_value_597,0.152,survivor,numberOfFavorites_value_782,0.642,,,,,,,,,
matchColumnProblem_0005,matchColumnProblem_0005,individual,http://nsxai.org/instances#matchColumnProblem_0005,amygdala,Philosophy,hard,expert,numberOfViews_value_526,0.336,competitive,numberOfFavorites_value_338,0.079,,,,,,,,,
problem_0019,problem_0019,individual,http://nsxai.org/instances#problem_0019,prefrontal,Economics,easy,medium,numberOfViews_value_205,0.006,exploratory,numberOfFavorites_value_2,0.471,,,,,,,,,
resourceUnit_0015,resourceUnit_0015,individual,http://nsxai.org/instances#resourceUnit_0015,cerebellum,Geography,hard,medium,numberOfViews_value_987,0.932,achiever,numberOfFavorites_value_870,0.709,,,,,,,,,
discursiveOption_0008,discursiveOption_0008,individual,http://nsxai.org/instances#discursiveOption_0008,amygdala,Literature,medium,hard,numberOfViews_value_708,0.473,survivor,numberOfFavorites_value_612,0.861,,,,,,,,,
cKCurriculumInformation_0005,cKCurriculumInformation_0005,individual,http://nsxai.org/instances#cKCurriculumInformation_0005,striatum,Algebra,medium,medium,numberOfViews_value_712,0.735,exploratory,numberOfFavorites_value_571,0.204,,,,,,,,,
multipleChoiceOption_0014,multipleChoiceOption_0014,individual,http://nsxai.org/instances#multipleChoiceOption_0014,amygdala,Algebra,easy,expert,numberOfViews_value_985,0.787,exploratory,numberOfFavorites_value_446,0.992,,,,,,,,,
player_0007,player_0007,individual,http://nsxai.org/instances#player_0007,prefrontal,Data Science,easy,expert,numberOfViews_value_767,0.52,exploratory,numberOfFavorites_value_661,0.864,,,,,,,,0.416,
survivor_0004,survivor_0004,individual,http://nsxai.org/instances#survivor_0004,amygdala,Computer Science,medium,medium,numberOfViews_value_131,0.037,survivor,numberOfFavorites_value_67,0.98,,,,,,,,,
problemNext_0008,problemNext_0008,individual,http://nsxai.org/instances#problemNext_0008,amygdala,Statistics,easy,easy,numberOfViews_value_325,0.713,survivor,numberOfFavorites_value_922,0.37,,,,,,,,,
resourceWeight_0003,resourceWeight_0003,individual,http://nsxai.org/instances#resourceWeight_0003,hippocampus,Biology,hard,medium,numberOfViews_value_611,0.863,competitive,numberOfFavorites_value_458,0.582,,,,,,,,,
achievements_0005,achievements_0005,individual,http://nsxai.org/instances#achievements_0005,cerebellum,Mathematics,expert,hard,numberOfViews_value_585,0.4,social,numberOfFavorites_value_278,0.274,,,,,,,,,
matchColumnAnswer_0006,matchColumnAnswer_0006,individual,http://nsxai.org/instances#matchColumnAnswer_0006,cerebellum,Algebra,easy,medium,numberOfViews_value_670,0.513,social,numberOfFavorites_value_764,0.363,,,,,,,,,
tactic_0019,tactic_0019,individual,http://nsxai.org/instances#tactic_0019,striatum,Philosophy,expert,easy,numberOfViews_value_399,0.692,social,numberOfFavorites_value_330,0.509,,,,,,,,,
resource_0018,resource_0018,individual,http://nsxai.org/instances#resource_0018,hippocampus,Geography,easy,easy,353,0.265,survivor,173,0.647,,,,0.581,,,,,
error_0003,error_0003,individual,http://nsxai.org/instances#error_0003,hippocampus,Data Science,medium,easy,numberOfViews_value_667,0.381,exploratory,numberOfFavorites_value_272,0.787,,,,,,,,,
problem_0010,problem_0010,individual,http://nsxai.org/instances#problem_0010,amygdala,History,expert,medium,numberOfViews_value_109,0.74,achiever,numberOfFavorites_value_774,0.405,,,,,,,,,
motivationalAffordance_0002,motivationalAffordance_0002,individual,http://nsxai.org/instances#motivationalAffordance_0002,striatum,History,expert,hard,numberOfViews_value_201,0.696,cooperative,numberOfFavorites_value_767,0.528,,,,,,,,,
Leaderboards,Leaderboards,class,http://surveys.nees.com.br/ontologies/gado_core.owl#Leaderboards,,,,,,,,,,,,,,,,,,
tactic_0017,tactic_0017,individual,http://nsxai.org/instances#tactic_0017,cerebellum,History,expert,easy,numberOfViews_value_378,0.779,competitive,numberOfFavorites_value_531,0.102,,,,,,,,,
cKCurriculumInformation_0009,cKCurriculumInformation_0009,individual,http://nsxai.org/instances#cKCurriculumInformation_0009,cerebellum,Biology,expert,easy,numberOfViews_value_567,0.91,survivor,numberOfFavorites_value_920,0.434,,,,,,,,,
matchColumnAnswer_0004,matchColumnAnswer_0004,individual,http://nsxai.org/instances#matchColumnAnswer_0004,prefrontal,Geography,expert,expert,numberOfViews_value_467,0.917,cooperative,numberOfFavorites_value_945,0.227,,,,,,,,,
trueOrFalseOption_0008,trueOrFalseOption_0008,individual,http://nsxai.org/instances#trueOrFalseOption_0008,hippocampus,History,hard,expert,numberOfViews_value_771,0.452,social,numberOfFavorites_value_640,0.829,,,,,,,,,
socialGraph_0004,socialGraph_0004,individual,http://nsxai.org/instances#socialGraph_0004,amygdala,Economics,expert,easy,numberOfViews_value_484,0.975,social,numberOfFavorites_value_48,0.524,,,,,,,,,
gameContext_0004,gameContext_0004,individual,http://nsxai.org/instances#gameContext_0004,hippocampus,Statistics,easy,hard,numberOfViews_value_261,0.629,competitive,numberOfFavorites_value_423,0.873,,,,,,,,,
content_0005,content_0005,individual,http://nsxai.org/instances#content_0005,striatum,Biology,medium,hard,numberOfViews_value_185,0.588,exploratory,numberOfFavorites_value_932,0.664,,,,,,,,,
strategy_0001,strategy_0001,individual,http://nsxai.org/instances#strategy_0001,prefrontal,Computer Science,expert,easy,numberOfViews_value_820,0.973,survivor,numberOfFavorites_value_426,0.62,,,,,,,,,
hint_0009,hint_0009,individual,http://nsxai.org/instances#hint_0009,striatum,Data Science,medium,hard,numberOfViews_value_623,0.42,competitive,numberOfFavorites_value_291,0.193,,,,,,,,,
hint_0006,hint_0006,individual,http://nsxai.org/instances#hint_0006,amygdala,Calculus,hard,easy,numberOfViews_value_94,0.687,cooperative,numberOfFavorites_value_601,0.152,,,,,,,,,
brainHex_0020,brainHex_0020,individual,http://nsxai.org/instances#brainHex_0020,prefrontal,Mathematics,easy,hard,numberOfViews_value_148,0.077,exploratory,numberOfFavorites_value_844,0.292,,,,,,,,,
yeeTeamwork_0003,yeeTeamwork_0003,individual,http://nsxai.org/instances#yeeTeamwork_0003,prefrontal,Chemistry,medium,medium,numberOfViews_value_557,0.935,cooperative,numberOfFavorites_value_636,0.442,,,,,,,,,
metric_0019,metric_0019,individual,http://nsxai.org/instances#metric_0019,hippocampus,Geography,expert,easy,numberOfViews_value_796,0.676,competitive,numberOfFavorites_value_802,0.698,,,,,31.59,score,22.17,,
playerAction_0009,playerAction_0009,individual,http://nsxai.org/instances#playerAction_0009,cerebellum,Geography,easy,medium,numberOfViews_value_741,0.79,competitive,numberOfFavorites_value_792,0.312,,,,,,,,,
playerType_0005,playerType_0005,individual,http://nsxai.org/instances#playerType_0005,hippocampus,Economics,expert,easy,numberOfViews_value_576,0.583,exploratory,numberOfFavorites_value_472,0.138,,,,,,,,,
socialGraph_0001,socialGraph_0001,individual,http://nsxai.org/instances#socialGraph_0001,amygdala,Calculus,expert,medium,numberOfViews_value_749,0.234,survivor,numberOfFavorites_value_92,0.306,,,,,,,,,
conceptualKnowledge_0008,conceptualKnowledge_0008,individual,http://nsxai.org/instances#conceptualKnowledge_0008,hippocampus,Chemistry,medium,easy,numberOfViews_value_14,0.252,survivor,numberOfFavorites_value_753,0.662,,,,,,,,,
competence_0002,competence_0002,individual,http://nsxai.org/instances#competence_0002,hippocampus,Economics,easy,medium,numberOfViews_value_508,0.548,social,numberOfFavorites_value_111,0.732,,,,,,,,,
sequencing_0018,sequencing_0018,individual,http://nsxai.org/instances#sequencing_0018,prefrontal,Mathematics,medium,medium,numberOfViews_value_804,0.575,social,numberOfFavorites_value_940,0.519,,,,,,,,,
Badges,Badges,class,http://surveys.nees.com.br/ontologies/gado_core.owl#Badges,,,,,,,,,,,,,,,,,,
engagementLoop_0002,engagementLoop_0002,individual,http://nsxai.org/instances#engagementLoop_0002,prefrontal,Statistics,expert,easy,numberOfViews_value_842,0.289,cooperative,numberOfFavorites_value_431,0.648,,false,0.7,,,,,,
problemNext_0010,problemNext_0010,individual,http://nsxai.org/instances#problemNext_0010,prefrontal,History,expert,easy,numberOfViews_value_144,0.702,exploratory,numberOfFavorites_value_487,0.538,,,,,,,,,
domain_0001,domain_0001,individual,http://nsxai.org/instances#domain_0001,amygdala,Computer Science,medium,easy,numberOfViews_value_949,0.864,exploratory,numberOfFavorites_value_764,0.801,,,,,,,,,
engagementLoop_0008,engagementLoop_0008,individual,http://nsxai.org/instances#engagementLoop_0008,cerebellum,Economics,hard,easy,numberOfViews_value_741,0.962,survivor,numberOfFavorites_value_877,0.599,,false,0.136,,,,,,
yeeMechanics_0001,yeeMechanics_0001,individual,http://nsxai.org/instances#yeeMechanics_0001,striatum,Economics,easy,easy,numberOfViews_value_576,0.524,survivor,numberOfFavorites_value_394,0.436,,,,,,,,,
bug_0005,bug_0005,individual,http://nsxai.org/instances#bug_0005,prefrontal,Literature,easy,expert,numberOfViews_value_767,0.854,cooperative,numberOfFavorites_value_21,0.241,,,,,,,,,
exercise_0017,exercise_0017,individual,http://nsxai.org/instances#exercise_0017,amygdala,Physics,easy,easy,numberOfViews_value_546,0.193,cooperative,numberOfFavorites_value_452,0.314,,,,,,,,,
competence_0014,competence_0014,individual,http://nsxai.org/instances#competence_0014,striatum,History,medium,easy,numberOfViews_value_932,0.142,social,numberOfFavorites_value_477,0.794,,,,,,,,,
progression_0005,progression_0005,individual,http://nsxai.org/instances#progression_0005,amygdala,Data Science,expert,expert,numberOfViews_value_202,0.664,survivor,numberOfFavorites_value_936,0.739,,,,,,,,,
studentModel_0019,studentModel_0019,individual,http://nsxai.org/instances#studentModel_0019,cerebellum,Geography,expert,medium,numberOfViews_value_780,0.983,social,numberOfFavorites_value_460,0.51,,,,,,,,,
leaderboards_0003,leaderboards_0003,individual,http://nsxai.org/instances#leaderboards_0003,amygdala,Computer Science,medium,hard,numberOfViews_value_150,0.862,survivor,numberOfFavorites_value_989,0.307,,,,,,,,,
userAccount_0001,userAccount_0001,individual,http://nsxai.org/instances#userAccount_0001,hippocampus,Data Science,medium,easy,numberOfViews_value_827,0.716,survivor,numberOfFavorites_value_271,0.602,,,,,,,,,
content_0001,content_0001,individual,http://nsxai.org/instances#content_0001,striatum,Geography,expert,expert,numberOfViews_value_525,0.653,exploratory,numberOfFavorites_value_718,0.39,,,,,,,,,
brainHex_0014,brainHex_0014,individual,http://nsxai.org/instances#brainHex_0014,striatum,Chemistry,easy,hard,numberOfViews_value_814,0.703,survivor,numberOfFavorites_value_590,0.464,,,,,,,,,
gDEMechanic_0002,gDEMechanic_0002,individual,http://nsxai.org/instances#gDEMechanic_0002,cerebellum,Calculus,expert,expert,numberOfViews_value_823,0.095,cooperative,numberOfFavorites_value_523,0.944,,,,,,,,,
badges_0003,badges_0003,individual,http://nsxai.org/instances#badges_0003,striatum,Chemistry,expert,hard,numberOfViews_value_53,0.159,cooperative,numberOfFavorites_value_958,0.95,,,,,,,,,
yeeSocialComponent_0003,yeeSocialComponent_0003,individual,http://nsxai.org/instances#yeeSocialComponent_0003,cerebellum,Economics,medium,hard,numberOfViews_value_87,0.97,achiever,numberOfFavorites_value_813,0.171,,,,,,,,,
playerType_0006,playerType_0006,individual,http://nsxai.org/instances#playerType_0006,hippocampus,Geography,easy,hard,numberOfViews_value_913,0.046,competitive,numberOfFavorites_value_956,0.102,,,,,,,,,
targetBehavior_0022,targetBehavior_0022,individual,http://nsxai.org/instances#targetBehavior_0022,amygdala,Literature,medium,medium,numberOfViews_value_888,0.312,social,numberOfFavorites_value_628,0.257,,,,,,,,,
strategy_0011,strategy_0011,individual,http://nsxai.org/instances#strategy_0011,striatum,Computer Science,expert,hard,numberOfViews_value_57,0.249,achiever,numberOfFavorites_value_224,0.939,,,,,,,,,
leftColumn_0003,leftColumn_0003,individual,http://nsxai.org/instances#leftColumn_0003,hippocampus,Literature,hard,medium,numberOfViews_value_196,0.557,exploratory,numberOfFavorites_value_403,0.635,,,,,,,,,
totalWeight,totalWeight,datatype_property,http://meututor.com.br/Ontologies/meututor_domain_curriculum.owl#totalWeight,,,,,,,,,,,,,,,,,,
FillBlanksOption,FillBlanksOption,class,http://meututor.com.br/Ontologies/meututor_domain_resource.owl#FillBlanksOption,,,,,,,,,,,,,,,,,,
behaviouralKnowledge_0017,behaviouralKnowledge_0017,individual,http://nsxai.org/instances#behaviouralKnowledge_0017,amygdala,Mathematics,expert,hard,numberOfViews_value_704,0.075,social,numberOfFavorites_value_749,0.513,,,,,,,,,
resourceUnit_0013,resourceUnit_0013,individual,http://nsxai.org/instances#resourceUnit_0013,prefrontal,Economics,easy,easy,numberOfViews_value_972,0.796,cooperative,numberOfFavorites_value_274,0.374,,,,,,,,,
resolutionMethod_0008,resolutionMethod_0008,individual,http://nsxai.org/instances#resolutionMethod_0008,striatum,Chemistry,hard,hard,numberOfViews_value_485,0.139,exploratory,numberOfFavorites_value_458,0.463,,,,,,,,,
discursiveProblem_0002,discursiveProblem_0002,individual,http://nsxai.org/instances#discursiveProblem_0002,amygdala,Literature,medium,medium,numberOfViews_value_249,0.441,achiever,numberOfFavorites_value_836,0.677,,,,,,,,,
resourceUnit_0018,resourceUnit_0018,individual,http://nsxai.org/instances#resourceUnit_0018,amygdala,Algebra,hard,easy,numberOfViews_value_33,0.495,cooperative,numberOfFavorites_value_699,0.274,,,,,,,,,
catalogue_0003,catalogue_0003,individual,http://nsxai.org/instances#catalogue_0003,amygdala,Calculus,easy,hard,numberOfViews_value_92,0.05,exploratory,numberOfFavorites_value_60,0.575,,,,,,,,,
multipleChoiceProblem_0007,multipleChoiceProblem_0007,individual,http://nsxai.org/instances#multipleChoiceProblem_0007,amygdala,Data Science,medium,expert,numberOfViews_value_365,0.581,social,numberOfFavorites_value_718,0.243,,,,,,,,,
competence_0006,competence_0006,individual,http://nsxai.org/instances#competence_0006,cerebellum,Philosophy,expert,expert,numberOfViews_value_417,0.553,competitive,numberOfFavorites_value_269,0.214,,,,,,,,,
socializer_0003,socializer_0003,individual,http://nsxai.org/instances#socializer_0003,cerebellum,Data Science,medium,easy,numberOfViews_value_573,0.105,cooperative,numberOfFavorites_value_603,0.378,,,,,,,,,
curriculum_0005,curriculum_0005,individual,http://nsxai.org/instances#curriculum_0005,cerebellum,Geography,easy,easy,numberOfViews_value_338,0.932,competitive,numberOfFavorites_value_752,0.575,,,,,,,,,
gamificationModel_0006,gamificationModel_0006,individual,http://nsxai.org/instances#gamificationModel_0006,prefrontal,Calculus,expert,easy,numberOfViews_value_85,0.426,social,numberOfFavorites_value_54,0.27,,,,,,,,,
competence_0018,competence_0018,individual,http://nsxai.org/instances#competence_0018,striatum,Mathematics,hard,hard,numberOfViews_value_267,0.988,competitive,numberOfFavorites_value_873,0.039,,,,,,,,,
curriculum_0008,curriculum_0008,individual,http://nsxai.org/instances#curriculum_0008,hippocampus,Computer Science,easy,medium,numberOfViews_value_445,0.224,social,numberOfFavorites_value_637,0.383,,,,,,,,,
studentModel_0008,studentModel_0008,individual,http://nsxai.org/instances#studentModel_0008,amygdala,Data Science,expert,hard,numberOfViews_value_925,0.648,achiever,numberOfFavorites_value_411,0.019,,,,,,,,,
targetBehavior_0018,targetBehavior_0018,individual,http://nsxai.org/instances#targetBehavior_0018,amygdala,History,hard,expert,numberOfViews_value_502,0.921,achiever,numberOfFavorites_value_762,0.651,,,,,,,,,
contentUnlocking_0003,contentUnlocking_0003,individual,http://nsxai.org/instances#contentUnlocking_0003,amygdala,Computer Science,hard,hard,numberOfViews_value_552,0.795,survivor,numberOfFavorites_value_848,0.349,,,,,,,,,
discursiveOption_0004,discursiveOption_0004,individual,http://nsxai.org/instances#discursiveOption_0004,striatum,Literature,easy,medium,numberOfViews_value_405,0.776,achiever,numberOfFavorites_value_973,0.729,,,,,,,,,
categoryParticipation_0003,categoryParticipation_0003,individual,http://nsxai.org/instances#categoryParticipation_0003,prefrontal,Physics,expert,hard,numberOfViews_value_72,0.533,survivor,numberOfFavorites_value_100,0.692,,,,,,,,,
resourceUnit_0012,resourceUnit_0012,individual,http://nsxai.org/instances#resourceUnit_0012,prefrontal,Mathematics,hard,expert,numberOfViews_value_53,0.189,survivor,numberOfFavorites_value_504,0.829,,,,,,,,,
metric_0041,metric_0041,individual,http://nsxai.org/instances#metric_0041,amygdala,Biology,medium,hard,numberOfViews_value_242,0.853,achiever,numberOfFavorites_value_102,0.401,,,,,40.64,score,26.53,,
gDEDynamic_0002,gDEDynamic_0002,individual,http://nsxai.org/instances#gDEDynamic_0002,striatum,Statistics,medium,easy,numberOfViews_value_299,0.48,achiever,numberOfFavorites_value_358,0.399,,,,,,,,,
option_0010,option_0010,individual,http://nsxai.org/instances#option_0010,cerebellum,Physics,easy,easy,numberOfViews_value_34,0.357,social,numberOfFavorites_value_710,0.866,,,,,,,,,
genericOperator_0001,genericOperator_0001,individual,http://nsxai.org/instances#genericOperator_0001,hippocampus,Biology,expert,medium,numberOfViews_value_225,0.337,cooperative,numberOfFavorites_value_23,0.338,,,,,,,,,
virtualGoods_0001,virtualGoods_0001,individual,http://nsxai.org/instances#virtualGoods_0001,amygdala,Data Science,expert,expert,numberOfViews_value_676,0.223,cooperative,numberOfFavorites_value_580,0.775,,,,,,,,,
gDEComponent_0004,gDEComponent_0004,individual,http://nsxai.org/instances#gDEComponent_0004,prefrontal,Physics,expert,medium,numberOfViews_value_329,0.562,competitive,numberOfFavorites_value_949,0.06,,,,,,,,,
targetBehavior_0023,targetBehavior_0023,individual,http://nsxai.org/instances#targetBehavior_0023,hippocampus,Literature,expert,hard,numberOfViews_value_514,0.942,exploratory,numberOfFavorites_value_496,0.16,,,,,,,,,
strategy_0020,strategy_0020,individual,http://nsxai.org/instances#strategy_0020,hippocampus,Physics,hard,easy,numberOfViews_value_303,0.187,achiever,numberOfFavorites_value_416,0.946,,,,,,,,,
form_0005,form_0005,individual,http://nsxai.org/instances#form_0005,cerebellum,Philosophy,easy,medium,numberOfViews_value_608,0.131,exploratory,numberOfFavorites_value_166,0.129,,,,,,,,,
exercise_0013,exercise_0013,individual,http://nsxai.org/instances#exercise_0013,striatum,Mathematics,easy,hard,numberOfViews_value_807,0.585,cooperative,numberOfFavorites_value_459,0.736,,,,,,,,,
matchColumnOption_0002,matchColumnOption_0002,individual,http://nsxai.org/instances#matchColumnOption_0002,hippocampus,Biology,hard,easy,numberOfViews_value_752,0.452,competitive,numberOfFavorites_value_820,0.11,,,,,,,,,
competence_0012,competence_0012,individual,http://nsxai.org/instances#competence_0012,hippocampus,Data Science,medium,easy,numberOfViews_value_802,0.232,cooperative,numberOfFavorites_value_837,0.312,,,,,,,,,
activity_0019,activity_0019,individual,http://nsxai.org/instances#activity_0019,cerebellum,Geography,medium,hard,numberOfViews_value_75,0.59,competitive,numberOfFavorites_value_717,0.132,,,,,,,,,
fillBlanksOption_0008,fillBlanksOption_0008,individual,http://nsxai.org/instances#fillBlanksOption_0008,prefrontal,Data Science,easy,hard,numberOfViews_value_361,0.467,achiever,numberOfFavorites_value_178,0.211,,,,,,,,,
problemUnit_0003,problemUnit_0003,individual,http://nsxai.org/instances#problemUnit_0003,amygdala,Literature,hard,easy,numberOfViews_value_78,0.588,exploratory,numberOfFavorites_value_773,0.566,,,,,,,,,
activity_0012,activity_0012,individual,http://nsxai.org/instances#activity_0012,hippocampus,History,medium,hard,numberOfViews_value_289,0.717,cooperative,numberOfFavorites_value_620,0.392,,,,,,,,,
strategy_0008,strategy_0008,individual,http://nsxai.org/instances#strategy_0008,cerebellum,Geography,medium,medium,numberOfViews_value_679,0.754,survivor,numberOfFavorites_value_396,0.085,,,,,,,,,
studentModel_0001,studentModel_0001,individual,http://nsxai.org/instances#studentModel_0001,striatum,Philosophy,expert,expert,numberOfViews_value_715,0.117,exploratory,numberOfFavorites_value_977,0.105,,,,,,,,,
question_0005,question_0005,individual,http://nsxai.org/instances#question_0005,amygdala,Algebra,expert,hard,numberOfViews_value_992,0.079,social,numberOfFavorites_value_922,0.483,,,,,,,,,
errorBug_0002,errorBug_0002,individual,http://nsxai.org/instances#errorBug_0002,striatum,Mathematics,expert,hard,numberOfViews_value_490,0.156,social,numberOfFavorites_value_413,0.099,,,,,,,,,
domain_0010,domain_0010,individual,http://nsxai.org/instances#domain_0010,amygdala,Algebra,hard,hard,numberOfViews_value_822,0.063,cooperative,numberOfFavorites_value_208,0.023,,,,,,,,,
teams_0005,teams_0005,individual,http://nsxai.org/instances#teams_0005,amygdala,Economics,medium,expert,numberOfViews_value_858,0.051,achiever,numberOfFavorites_value_168,0.058,,,,,,,,,
yeeRelationship_0001,yeeRelationship_0001,individual,http://nsxai.org/instances#yeeRelationship_0001,hippocampus,Chemistry,expert,hard,numberOfViews_value_617,0.429,exploratory,numberOfFavorites_value_291,0.115,,,,,,,,,
errorMisconception_0001,errorMisconception_0001,individual,http://nsxai.org/instances#errorMisconception_0001,prefrontal,Physics,expert,hard,numberOfViews_value_356,0.711,exploratory,numberOfFavorites_value_912,0.922,,,,,,,,,
strategy_0013,strategy_0013,individual,http://nsxai.org/instances#strategy_0013,cerebellum,Chemistry,expert,easy,numberOfViews_value_957,0.312,achiever,numberOfFavorites_value_212,0.313,,,,,,,,,
yeeRolePlaying_0005,yeeRolePlaying_0005,individual,http://nsxai.org/instances#yeeRolePlaying_0005,cerebellum,Economics,hard,easy,numberOfViews_value_170,0.349,competitive,numberOfFavorites_value_320,0.482,,,,,,,,,
progressiveLoop_0007,progressiveLoop_0007,individual,http://nsxai.org/instances#progressiveLoop_0007,prefrontal,Geography,easy,easy,numberOfViews_value_4,0.961,survivor,numberOfFavorites_value_107,0.555,0.15,,,,,,,,
discursiveProblem_0005,discursiveProblem_0005,individual,http://nsxai.org/instances#discursiveProblem_0005,hippocampus,Statistics,hard,hard,numberOfViews_value_164,0.146,social,numberOfFavorites_value_318,0.069,,,,,,,,,
domain_0006,domain_0006,individual,http://nsxai.org/instances#domain_0006,hippocampus,Economics,expert,medium,numberOfViews_value_889,0.993,exploratory,numberOfFavorites_value_54,0.369,,,,,,,,,
discursiveProblem_0001,discursiveProblem_0001,individual,http://nsxai.org/instances#discursiveProblem_0001,amygdala,Geography,expert,hard,numberOfViews_value_453,0.095,exploratory,numberOfFavorites_value_671,0.247,,,,,,,,,
gamificationModel_0008,gamificationModel_0008,individual,http://nsxai.org/instances#gamificationModel_0008,cerebellum,Calculus,hard,expert,numberOfViews_value_45,0.791,survivor,numberOfFavorites_value_455,0.145,,,,,,,,,
curriculumUnit_0002,curriculumUnit_0002,individual,http://nsxai.org/instances#curriculumUnit_0002,cerebellum,Calculus,expert,expert,numberOfViews_value_975,0.568,cooperative,numberOfFavorites_value_294,0.899,,,,,,,,,
matchColumnOption_0006,matchColumnOption_0006,individual,http://nsxai.org/instances#matchColumnOption_0006,striatum,Algebra,easy,medium,numberOfViews_value_346,0.029,social,numberOfFavorites_value_972,0.678,,,,,,,,,
designPractice_0004,designPractice_0004,individual,http://nsxai.org/instances#designPractice_0004,cerebellum,Geography,expert,expert,numberOfViews_value_175,0.914,achiever,numberOfFavorites_value_277,0.462,,,,,,,,,0.972
sDTCompetence_0003,sDTCompetence_0003,individual,http://nsxai.org/instances#sDTCompetence_0003,amygdala,Biology,hard,hard,numberOfViews_value_799,0.256,competitive,numberOfFavorites_value_81,0.89,,,,,,,,,
curriculumUnit_0001,curriculumUnit_0001,individual,http://nsxai.org/instances#curriculumUnit_0001,cerebellum,Geography,hard,easy,numberOfViews_value_84,0.256,competitive,numberOfFavorites_value_403,0.669,,,,,,,,,
problem_0015,problem_0015,individual,http://nsxai.org/instances#problem_0015,striatum,History,easy,easy,numberOfViews_value_585,0.963,social,numberOfFavorites_value_624,0.752,,,,,,,,,
resourceWeight_0005,resourceWeight_0005,individual,http://nsxai.org/instances#resourceWeight_0005,hippocampus,Mathematics,hard,medium,numberOfViews_value_266,0.875,exploratory,numberOfFavorites_value_153,0.382,,,,,,,,,
nonGameContext_0001,nonGameContext_0001,individual,http://nsxai.org/instances#nonGameContext_0001,cerebellum,Philosophy,expert,easy,numberOfViews_value_485,0.867,exploratory,numberOfFavorites_value_816,0.205,,,,,,,,,
context_0005,context_0005,individual,http://nsxai.org/instances#context_0005,cerebellum,Geography,easy,expert,numberOfViews_value_54,0.755,achiever,numberOfFavorites_value_759,0.311,,,,,,,,,
genericOperator_0003,genericOperator_0003,individual,http://nsxai.org/instances#genericOperator_0003,striatum,Calculus,medium,hard,numberOfViews_value_151,0.789,survivor,numberOfFavorites_value_758,0.872,,,,,,,,,
bug_0004,bug_0004,individual,http://nsxai.org/instances#bug_0004,cerebellum,Economics,easy,medium,numberOfViews_value_579,0.409,competitive,numberOfFavorites_value_18,0.084,,,,,,,,,
metric_0029,metric_0029,individual,http://nsxai.org/instances#metric_0029,amygdala,History,hard,easy,numberOfViews_value_784,0.867,social,numberOfFavorites_value_343,0.745,,,,,36.99,mastery_level,33.11,,
uRIResource_0010,uRIResource_0010,individual,http://nsxai.org/instances#uRIResource_0010,hippocampus,Philosophy,medium,easy,numberOfViews_value_555,0.554,achiever,numberOfFavorites_value_528,0.768,,,,,,,,,
categoryExploration_0003,categoryExploration_0003,individual,http://nsxai.org/instances#categoryExploration_0003,prefrontal,Philosophy,easy,hard,numberOfViews_value_249,0.152,survivor,numberOfFavorites_value_351,0.375,,,,,,,,,
hasCategory,hasCategory,object_property,http://surveys.nees.com.br/ontologies/gado_full.owl#hasCategory,,,,,,,,,,,,,,,,,,
curriculum_0007,curriculum_0007,individual,http://nsxai.org/instances#curriculum_0007,amygdala,Geography,hard,easy,numberOfViews_value_637,0.735,cooperative,numberOfFavorites_value_974,0.544,,,,,,,,,
feedback_0005,feedback_0005,individual,http://nsxai.org/instances#feedback_0005,striatum,Mathematics,easy,medium,numberOfViews_value_369,0.818,social,numberOfFavorites_value_97,0.398,,,,,,,,,
instrutionalPlan_0015,instrutionalPlan_0015,individual,http://nsxai.org/instances#instrutionalPlan_0015,amygdala,Computer Science,hard,expert,numberOfViews_value_780,0.189,exploratory,numberOfFavorites_value_993,0.383,,,,,,,,,
behaviouralKnowledge_0015,behaviouralKnowledge_0015,individual,http://nsxai.org/instances#behaviouralKnowledge_0015,cerebellum,Calculus,easy,expert,numberOfViews_value_946,0.282,survivor,numberOfFavorites_value_394,0.495,,,,,,,,,
virtualGoods_0003,virtualGoods_0003,individual,http://nsxai.org/instances#virtualGoods_0003,prefrontal,Chemistry,easy,expert,numberOfViews_value_187,0.958,social,numberOfFavorites_value_786,0.258,,,,,,,,,
problemUnit_0011,problemUnit_0011,individual,http://nsxai.org/instances#problemUnit_0011,amygdala,Algebra,easy,expert,numberOfViews_value_652,0.185,social,numberOfFavorites_value_688,0.917,,,,,,,,,
hint_0007,hint_0007,individual,http://nsxai.org/instances#hint_0007,striatum,Geography,hard,easy,numberOfViews_value_322,0.431,survivor,numberOfFavorites_value_57,0.246,,,,,,,,,
strategy_0015,strategy_0015,individual,http://nsxai.org/instances#strategy_0015,amygdala,Statistics,easy,expert,numberOfViews_value_114,0.362,competitive,numberOfFavorites_value_123,0.801,,,,,,,,,
playerType_0002,playerType_0002,individual,http://nsxai.org/instances#playerType_0002,hippocampus,Computer Science,easy,hard,numberOfViews_value_978,0.052,cooperative,numberOfFavorites_value_499,0.905,,,,,,,,,
yeeAdvancement_0002,yeeAdvancement_0002,individual,http://nsxai.org/instances#yeeAdvancement_0002,cerebellum,History,medium,easy,numberOfViews_value_436,0.554,social,numberOfFavorites_value_732,0.057,,,,,,,,,
daredevil_0005,daredevil_0005,individual,http://nsxai.org/instances#daredevil_0005,striatum,Mathematics,hard,easy,numberOfViews_value_561,0.789,competitive,numberOfFavorites_value_833,0.812,,,,,,,,,
teams_0001,teams_0001,individual,http://nsxai.org/instances#teams_0001,hippocampus,Literature,medium,medium,numberOfViews_value_104,0.033,competitive,numberOfFavorites_value_55,0.451,,,,,,,,,
option_0012,option_0012,individual,http://nsxai.org/instances#option_0012,amygdala,Economics,expert,medium,numberOfViews_value_338,0.332,competitive,numberOfFavorites_value_795,0.29,,,,,,,,,
sequencing_0013,sequencing_0013,individual,http://nsxai.org/instances#sequencing_0013,cerebellum,Literature,hard,medium,numberOfViews_value_401,0.075,cooperative,numberOfFavorites_value_430,0.722,,,,,,,,,
curriculum_0003,curriculum_0003,individual,http://nsxai.org/instances#curriculum_0003,prefrontal,Algebra,hard,medium,numberOfViews_value_394,0.581,social,numberOfFavorites_value_914,0.698,,,,,,,,,
trueOrFalseOption_0001,trueOrFalseOption_0001,individual,http://nsxai.org/instances#trueOrFalseOption_0001,prefrontal,Philosophy,easy,expert,numberOfViews_value_129,0.74,cooperative,numberOfFavorites_value_69,0.201,,,,,,,,,
strategy_0014,strategy_0014,individual,http://nsxai.org/instances#strategy_0014,amygdala,Geography,expert,easy,numberOfViews_value_940,0.78,exploratory,numberOfFavorites_value_355,0.427,,,,,,,,,
daredevil_0001,daredevil_0001,individual,http://nsxai.org/instances#daredevil_0001,hippocampus,Calculus,expert,hard,numberOfViews_value_651,0.022,competitive,numberOfFavorites_value_509,0.02,,,,,,,,,
transactions_0004,transactions_0004,individual,http://nsxai.org/instances#transactions_0004,striatum,History,easy,medium,numberOfViews_value_132,0.837,survivor,numberOfFavorites_value_835,0.414,,,,,,,,,
gamificationModel_0007,gamificationModel_0007,individual,http://nsxai.org/instances#gamificationModel_0007,amygdala,Computer Science,hard,expert,numberOfViews_value_572,0.261,survivor,numberOfFavorites_value_576,0.179,,,,,,,,,
multipleChoiceOption_0018,multipleChoiceOption_0018,individual,http://nsxai.org/instances#multipleChoiceOption_0018,amygdala,Philosophy,easy,medium,numberOfViews_value_200,0.311,exploratory,numberOfFavorites_value_781,0.008,,,,,,,,,
targetBehavior_0039,targetBehavior_0039,individual,http://nsxai.org/instances#targetBehavior_0039,cerebellum,Biology,hard,easy,numberOfViews_value_124,0.183,achiever,numberOfFavorites_value_877,0.268,,,,,,,,,
trueOrFalseProblem_0008,trueOrFalseProblem_0008,individual,http://nsxai.org/instances#trueOrFalseProblem_0008,amygdala,Calculus,easy,medium,numberOfViews_value_61,0.829,achiever,numberOfFavorites_value_108,0.557,,,,,,,,,
metric_0002,metric_0002,individual,http://nsxai.org/instances#metric_0002,hippocampus,Calculus,hard,hard,numberOfViews_value_255,0.585,social,numberOfFavorites_value_738,0.39,,,,,74.35,streak_count,37.4,,
behaviouralKnowledge_0009,behaviouralKnowledge_0009,individual,http://nsxai.org/instances#behaviouralKnowledge_0009,hippocampus,Statistics,hard,hard,numberOfViews_value_262,0.397,social,numberOfFavorites_value_95,0.539,,,,,,,,,
genericOperator_0005,genericOperator_0005,individual,http://nsxai.org/instances#genericOperator_0005,amygdala,Statistics,hard,hard,numberOfViews_value_195,0.019,survivor,numberOfFavorites_value_321,0.443,,,,,,,,,
error_0001,error_0001,individual,http://nsxai.org/instances#error_0001,striatum,Chemistry,medium,expert,numberOfViews_value_930,0.655,cooperative,numberOfFavorites_value_319,0.829,,,,,,,,,
player_0019,player_0019,individual,http://nsxai.org/instances#player_0019,cerebellum,Algebra,expert,hard,numberOfViews_value_802,0.783,exploratory,numberOfFavorites_value_222,0.763,,,,,,,,0.349,
studentModel_0016,studentModel_0016,individual,http://nsxai.org/instances#studentModel_0016,striatum,Physics,easy,easy,numberOfViews_value_677,0.474,exploratory,numberOfFavorites_value_691,0.489,,,,,,,,,
question_0017,question_0017,individual,http://nsxai.org/instances#question_0017,cerebellum,Calculus,medium,expert,numberOfViews_value_484,0.104,achiever,numberOfFavorites_value_739,0.205,,,,,,,,,
sequencing_0014,sequencing_0014,individual,http://nsxai.org/instances#sequencing_0014,amygdala,Mathematics,expert,easy,numberOfViews_value_886,0.911,cooperative,numberOfFavorites_value_614,0.07,,,,,,,,,
categoryEnjoyment_0001,categoryEnjoyment_0001,individual,http://nsxai.org/instances#categoryEnjoyment_0001,striatum,Geography,medium,easy,numberOfViews_value_33,0.799,competitive,numberOfFavorites_value_182,0.994,,,,,,,,,
knowledgeUnit_0004,knowledgeUnit_0004,individual,http://nsxai.org/instances#knowledgeUnit_0004,prefrontal,Data Science,easy,easy,numberOfViews_value_428,0.748,survivor,numberOfFavorites_value_948,0.005,,,,,,,,,
multipleChoiceProblem_0006,multipleChoiceProblem_0006,individual,http://nsxai.org/instances#multipleChoiceProblem_0006,striatum,Literature,easy,easy,numberOfViews_value_964,0.473,social,numberOfFavorites_value_921,0.665,,,,,,,,,
statement_0008,statement_0008,individual,http://nsxai.org/instances#statement_0008,striatum,Algebra,easy,medium,numberOfViews_value_139,0.111,social,numberOfFavorites_value_770,0.25,,,,,,,,,
bossFights_0003,bossFights_0003,individual,http://nsxai.org/instances#bossFights_0003,cerebellum,Computer Science,medium,medium,numberOfViews_value_465,0.226,social,numberOfFavorites_value_357,0.959,,,,,,,,,
yeeTeamwork_0001,yeeTeamwork_0001,individual,http://nsxai.org/instances#yeeTeamwork_0001,striatum,History,expert,hard,numberOfViews_value_719,0.921,achiever,numberOfFavorites_value_533,0.206,,,,,,,,,
concept_0001,concept_0001,individual,http://nsxai.org/instances#concept_0001,prefrontal,Algebra,medium,hard,numberOfViews_value_99,0.942,exploratory,numberOfFavorites_value_98,0.809,,,,,,,,,
knowledgeUnit_0019,knowledgeUnit_0019,individual,http://nsxai.org/instances#knowledgeUnit_0019,cerebellum,Mathematics,hard,easy,numberOfViews_value_782,0.116,cooperative,numberOfFavorites_value_550,0.259,,,,,,,,,
behaviouralKnowledge_0014,behaviouralKnowledge_0014,individual,http://nsxai.org/instances#behaviouralKnowledge_0014,cerebellum,Algebra,hard,easy,numberOfViews_value_993,0.833,exploratory,numberOfFavorites_value_844,0.899,,,,,,,,,
leadsToExploration,leadsToExploration,object_property,http://surveys.nees.com.br/ontologies/gado_full.owl#leadsToExploration,,,,,,,,,,,,,,,,,,
survivor_0002,survivor_0002,individual,http://nsxai.org/instances#survivor_0002,prefrontal,History,medium,expert,numberOfViews_value_390,0.985,survivor,numberOfFavorites_value_697,0.968,,,,,,,,,
metric_0010,metric_0010,individual,http://nsxai.org/instances#metric_0010,striatum,Computer Science,hard,medium,numberOfViews_value_6,0.76,competitive,numberOfFavorites_value_340,0.679,,,,,46.23,engagement_score,55.39,,
strategy_0005,strategy_0005,individual,http://nsxai.org/instances#strategy_0005,prefrontal,Geography,easy,hard,numberOfViews_value_658,0.852,survivor,numberOfFavorites_value_603,0.887,,,,,,,,,
metric_0028,metric_0028,individual,http://nsxai.org/instances#metric_0028,hippocampus,Calculus,medium,hard,numberOfViews_value_193,0.186,social,numberOfFavorites_value_457,0.743,,,,,86.18,error_rate,51.33,,
sequencing_0020,sequencing_0020,individual,http://nsxai.org/instances#sequencing_0020,prefrontal,Biology,easy,expert,numberOfViews_value_84,0.949,social,numberOfFavorites_value_649,0.946,,,,,,,,,
conceptualKnowledge_0007,conceptualKnowledge_0007,individual,http://nsxai.org/instances#conceptualKnowledge_0007,prefrontal,Geography,expert,easy,numberOfViews_value_784,0.211,survivor,numberOfFavorites_value_548,0.773,,,,,,,,,
player_0012,player_0012,individual,http://nsxai.org/instances#player_0012,striatum,Economics,expert,easy,numberOfViews_value_971,0.204,social,numberOfFavorites_value_766,0.429,,,,,,,,0.795,
rightColumn_0007,rightColumn_0007,individual,http://nsxai.org/instances#rightColumn_0007,striatum,Chemistry,expert,medium,numberOfViews_value_743,0.729,social,numberOfFavorites_value_644,0.136,,,,,,,,,
resourceUnit_0016,resourceUnit_0016,individual,http://nsxai.org/instances#resourceUnit_0016,cerebellum,Philosophy,medium,expert,numberOfViews_value_523,0.115,exploratory,numberOfFavorites_value_33,0.48,,,,,,,,,
studentModel_0017,studentModel_0017,individual,http://nsxai.org/instances#studentModel_0017,amygdala,Literature,hard,expert,numberOfViews_value_293,0.61,cooperative,numberOfFavorites_value_132,0.666,,,,,,,,,
resourceUnit_0005,resourceUnit_0005,individual,http://nsxai.org/instances#resourceUnit_0005,amygdala,Algebra,easy,expert,numberOfViews_value_347,0.47,survivor,numberOfFavorites_value_429,0.546,,,,,,,,,
gDEMechanic_0001,gDEMechanic_0001,individual,http://nsxai.org/instances#gDEMechanic_0001,striatum,Chemistry,medium,expert,numberOfViews_value_803,0.511,survivor,numberOfFavorites_value_717,0.403,,,,,,,,,
yeeCustomization_0001,yeeCustomization_0001,individual,http://nsxai.org/instances#yeeCustomization_0001,prefrontal,History,medium,expert,numberOfViews_value_438,0.444,cooperative,numberOfFavorites_value_233,0.48,,,,,,,,,
behaviouralKnowledge_0004,behaviouralKnowledge_0004,individual,http://nsxai.org/instances#behaviouralKnowledge_0004,amygdala,Algebra,hard,expert,numberOfViews_value_3,0.148,survivor,numberOfFavorites_value_51,0.159,,,,,,,,,
studentModel_0009,studentModel_0009,individual,http://nsxai.org/instances#studentModel_0009,hippocampus,History,easy,medium,numberOfViews_value_351,0.778,social,numberOfFavorites_value_816,0.329,,,,,,,,,
cooperation_0003,cooperation_0003,individual,http://nsxai.org/instances#cooperation_0003,hippocampus,Mathematics,medium,medium,numberOfViews_value_49,0.916,competitive,numberOfFavorites_value_508,0.993,,,,,,,,,
resourceUnit_0020,resourceUnit_0020,individual,http://nsxai.org/instances#resourceUnit_0020,hippocampus,History,expert,easy,numberOfViews_value_429,0.487,survivor,numberOfFavorites_value_334,0.754,,,,,,,,,
turns_0003,turns_0003,individual,http://nsxai.org/instances#turns_0003,striatum,History,medium,hard,numberOfViews_value_933,0.206,social,numberOfFavorites_value_234,0.685,,,,,,,,,
behaviouralKnowledge_0002,behaviouralKnowledge_0002,individual,http://nsxai.org/instances#behaviouralKnowledge_0002,amygdala,Data Science,medium,medium,numberOfViews_value_973,0.837,cooperative,numberOfFavorites_value_547,0.449,,,,,,,,,
tactic_0014,tactic_0014,individual,http://nsxai.org/instances#tactic_0014,striatum,History,expert,expert,numberOfViews_value_487,0.35,survivor,numberOfFavorites_value_437,0.365,,,,,,,,,
activity_0009,activity_0009,individual,http://nsxai.org/instances#activity_0009,amygdala,Literature,medium,easy,numberOfViews_value_645,0.85,survivor,numberOfFavorites_value_710,0.985,,,,,,,,,
socialGraph_0002,socialGraph_0002,individual,http://nsxai.org/instances#socialGraph_0002,amygdala,Statistics,expert,medium,numberOfViews_value_803,0.14,social,numberOfFavorites_value_56,0.963,,,,,,,,,
resourceUnit_0002,resourceUnit_0002,individual,http://nsxai.org/instances#resourceUnit_0002,cerebellum,Statistics,easy,easy,numberOfViews_value_305,0.863,achiever,numberOfFavorites_value_147,0.656,,,,,,,,,
item_0001,item_0001,individual,http://nsxai.org/instances#item_0001,cerebellum,Algebra,medium,easy,numberOfViews_value_426,0.521,achiever,numberOfFavorites_value_478,0.638,,,,,,,,,
player_0001,player_0001,individual,http://nsxai.org/instances#player_0001,prefrontal,Philosophy,hard,expert,numberOfViews_value_587,0.068,competitive,numberOfFavorites_value_453,0.843,,,,,,,,0.395,
competence_0010,competence_0010,individual,http://nsxai.org/instances#competence_0010,hippocampus,Data Science,medium,expert,numberOfViews_value_784,0.107,cooperative,numberOfFavorites_value_555,0.174,,,,,,,,,
strategy_0012,strategy_0012,individual,http://nsxai.org/instances#strategy_0012,amygdala,Physics,hard,expert,numberOfViews_value_622,0.586,exploratory,numberOfFavorites_value_518,0.528,,,,,,,,,
playerAction_0015,playerAction_0015,individual,http://nsxai.org/instances#playerAction_0015,hippocampus,Chemistry,medium,medium,numberOfViews_value_630,0.789,survivor,numberOfFavorites_value_717,0.136,,,,,,,,,
resolution_0009,resolution_0009,individual,http://nsxai.org/instances#resolution_0009,cerebellum,Algebra,medium,medium,numberOfViews_value_5,0.627,cooperative,numberOfFavorites_value_186,0.257,,,,,,,,,
timeConstraints_0005,timeConstraints_0005,individual,http://nsxai.org/instances#timeConstraints_0005,amygdala,Data Science,medium,medium,numberOfViews_value_3,0.719,achiever,numberOfFavorites_value_241,0.831,,,,,,,,,
problemNext_0003,problemNext_0003,individual,http://nsxai.org/instances#problemNext_0003,amygdala,Physics,hard,medium,numberOfViews_value_975,0.023,cooperative,numberOfFavorites_value_404,0.324,,,,,,,,,
userAccount_0006,userAccount_0006,individual,http://nsxai.org/instances#userAccount_0006,cerebellum,Mathematics,easy,medium,numberOfViews_value_952,0.942,competitive,numberOfFavorites_value_324,0.862,,,,,,,,,
mastermind_0003,mastermind_0003,individual,http://nsxai.org/instances#mastermind_0003,cerebellum,History,medium,medium,numberOfViews_value_155,0.142,exploratory,numberOfFavorites_value_973,0.317,,,,,,,,,
exercise_0002,exercise_0002,individual,http://nsxai.org/instances#exercise_0002,striatum,Statistics,medium,medium,numberOfViews_value_193,0.892,survivor,numberOfFavorites_value_724,0.911,,,,,,,,,
yeeImmersionComponent_0003,yeeImmersionComponent_0003,individual,http://nsxai.org/instances#yeeImmersionComponent_0003,hippocampus,Calculus,easy,easy,numberOfViews_value_716,0.885,social,numberOfFavorites_value_896,0.146,,,,,,,,,
curriculum_0002,curriculum_0002,individual,http://nsxai.org/instances#curriculum_0002,prefrontal,Chemistry,expert,expert,numberOfViews_value_480,0.698,social,numberOfFavorites_value_143,0.668,,,,,,,,,
exercise_0009,exercise_0009,individual,http://nsxai.org/instances#exercise_0009,cerebellum,Geography,medium,medium,numberOfViews_value_552,0.825,social,numberOfFavorites_value_247,0.343,,,,,,,,,
userAccount_0003,userAccount_0003,individual,http://nsxai.org/instances#userAccount_0003,cerebellum,Physics,hard,medium,numberOfViews_value_306,0.68,cooperative,numberOfFavorites_value_641,0.553,,,,,,,,,
gDEComponent_0002,gDEComponent_0002,individual,http://nsxai.org/instances#gDEComponent_0002,cerebellum,Biology,easy,easy,numberOfViews_value_587,0.816,exploratory,numberOfFavorites_value_516,0.508,,,,,,,,,
exercise_0001,exercise_0001,individual,http://nsxai.org/instances#exercise_0001,hippocampus,Philosophy,easy,hard,numberOfViews_value_47,0.5,achiever,numberOfFavorites_value_869,0.207,,,,,,,,,
multipleChoiceOption_0002,multipleChoiceOption_0002,individual,http://nsxai.org/instances#multipleChoiceOption_0002,striatum,Literature,hard,hard,numberOfViews_value_985,0.085,competitive,numberOfFavorites_value_764,0.781,,,,,,,,,
domain_0009,domain_0009,individual,http://nsxai.org/instances#domain_0009,prefrontal,Calculus,hard,easy,numberOfViews_value_391,0.72,survivor,numberOfFavorites_value_456,0.5,,,,,,,,,
progressiveLoop_0008,progressiveLoop_0008,individual,http://nsxai.org/instances#progressiveLoop_0008,cerebellum,Literature,hard,medium,numberOfViews_value_218,0.323,social,numberOfFavorites_value_544,0.544,0.82,,,,,,,,
behaviouralKnowledge_0001,behaviouralKnowledge_0001,individual,http://nsxai.org/instances#behaviouralKnowledge_0001,cerebellum,Mathematics,medium,easy,numberOfViews_value_384,0.295,social,numberOfFavorites_value_176,0.827,,,,,,,,,
sequencing_0002,sequencing_0002,individual,http://nsxai.org/instances#sequencing_0002,prefrontal,Data Science,hard,expert,numberOfViews_value_882,0.762,cooperative,numberOfFavorites_value_441,0.208,,,,,,,,,
targetBehavior_0019,targetBehavior_0019,individual,http://nsxai.org/instances#targetBehavior_0019,prefrontal,Computer Science,hard,medium,numberOfViews_value_36,0.156,competitive,numberOfFavorites_value_155,0.365,,,,,,,,,
playerType_0001,playerType_0001,individual,http://nsxai.org/instances#playerType_0001,cerebellum,Economics,expert,medium,numberOfViews_value_366,0.602,achiever,numberOfFavorites_value_678,0.858,,,,,,,,,
resolution_0007,resolution_0007,individual,http://nsxai.org/instances#resolution_0007,amygdala,Computer Science,hard,medium,numberOfViews_value_136,0.699,exploratory,numberOfFavorites_value_235,0.926,,,,,,,,,
challenges_0005,challenges_0005,individual,http://nsxai.org/instances#challenges_0005,cerebellum,Physics,expert,medium,numberOfViews_value_383,0.143,exploratory,numberOfFavorites_value_751,0.706,,,,,,,,,
genericOperator_0004,genericOperator_0004,individual,http://nsxai.org/instances#genericOperator_0004,hippocampus,Data Science,easy,medium,numberOfViews_value_767,0.036,achiever,numberOfFavorites_value_398,0.824,,,,,,,,,
activity_0014,activity_0014,individual,http://nsxai.org/instances#activity_0014,striatum,Geography,hard,easy,numberOfViews_value_545,0.375,exploratory,numberOfFavorites_value_590,0.567,,,,,,,,,
theme_0004,theme_0004,individual,http://nsxai.org/instances#theme_0004,prefrontal,Physics,medium,medium,numberOfViews_value_406,0.853,exploratory,numberOfFavorites_value_667,0.211,,,,,,,,,
problem_0008,problem_0008,individual,http://nsxai.org/instances#problem_0008,cerebellum,Philosophy,expert,hard,numberOfViews_value_196,0.151,exploratory,numberOfFavorites_value_63,0.951,,,,,,,,,
metric_0011,metric_0011,individual,http://nsxai.org/instances#metric_0011,cerebellum,History,easy,medium,numberOfViews_value_492,0.001,exploratory,numberOfFavorites_value_489,0.27,,,,,70.86,hint_usage,44.65,,
categoryEffectiveness_0001,categoryEffectiveness_0001,individual,http://nsxai.org/instances#categoryEffectiveness_0001,prefrontal,Computer Science,medium,expert,numberOfViews_value_810,0.6,exploratory,numberOfFavorites_value_482,0.378,,,,,,,,,
competence_0020,competence_0020,individual,http://nsxai.org/instances#competence_0020,striatum,Algebra,easy,medium,numberOfViews_value_879,0.495,exploratory,numberOfFavorites_value_675,0.14,,,,,,,,,
resource_0009,resource_0009,individual,http://nsxai.org/instances#resource_0009,prefrontal,Mathematics,easy,expert,193,0.423,competitive,179,0.763,,,,0.487,,,,,
player_0010,player_0010,individual,http://nsxai.org/instances#player_0010,amygdala,Literature,hard,hard,numberOfViews_value_200,0.348,exploratory,numberOfFavorites_value_517,0.853,,,,,,,,0.506,
bug_0003,bug_0003,individual,http://nsxai.org/instances#bug_0003,hippocampus,Data Science,expert,easy,numberOfViews_value_817,0.623,survivor,numberOfFavorites_value_122,0.423,,,,,,,,,
resource_0003,resource_0003,individual,http://nsxai.org/instances#resource_0003,prefrontal,Geography,easy,expert,651,0.027,survivor,41,0.435,,,,0.516,,,,,
gDEDynamic_0003,gDEDynamic_0003,individual,http://nsxai.org/instances#gDEDynamic_0003,prefrontal,Computer Science,hard,hard,numberOfViews_value_686,0.376,competitive,numberOfFavorites_value_554,0.479,,,,,,,,,
metric_0008,metric_0008,individual,http://nsxai.org/instances#metric_0008,amygdala,Physics,easy,medium,numberOfViews_value_793,0.105,exploratory,numberOfFavorites_value_964,0.419,,,,,60.44,error_rate,36.25,,
targetBehavior_0003,targetBehavior_0003,individual,http://nsxai.org/instances#targetBehavior_0003,hippocampus,Geography,expert,easy,numberOfViews_value_222,0.267,achiever,numberOfFavorites_value_238,0.488,,,,,,,,,
yeeRolePlaying_0002,yeeRolePlaying_0002,individual,http://nsxai.org/instances#yeeRolePlaying_0002,striatum,Economics,expert,hard,numberOfViews_value_5,0.124,competitive,numberOfFavorites_value_248,0.196,,,,,,,,,
pedagogicalUnit_0003,pedagogicalUnit_0003,individual,http://nsxai.org/instances#pedagogicalUnit_0003,amygdala,Physics,expert,easy,numberOfViews_value_62,0.96,exploratory,numberOfFavorites_value_575,0.852,,,,,,,,,
studentModel_0020,studentModel_0020,individual,http://nsxai.org/instances#studentModel_0020,amygdala,History,easy,easy,numberOfViews_value_358,0.48,cooperative,numberOfFavorites_value_637,0.579,,,,,,,,,
discursiveOption_0006,discursiveOption_0006,individual,http://nsxai.org/instances#discursiveOption_0006,cerebellum,History,easy,hard,numberOfViews_value_194,0.123,competitive,numberOfFavorites_value_872,0.141,,,,,,,,,
sDTCompetence_0005,sDTCompetence_0005,individual,http://nsxai.org/instances#sDTCompetence_0005,amygdala,Geography,medium,medium,numberOfViews_value_562,0.74,competitive,numberOfFavorites_value_265,0.728,,,,,,,,,
sequencing_0016,sequencing_0016,individual,http://nsxai.org/instances#sequencing_0016,hippocampus,Philosophy,hard,easy,numberOfViews_value_825,0.446,survivor,numberOfFavorites_value_758,0.974,,,,,,,,,
concept_0003,concept_0003,individual,http://nsxai.org/instances#concept_0003,cerebellum,Literature,hard,hard,numberOfViews_value_380,0.67,exploratory,numberOfFavorites_value_414,0.437,,,,,,,,,
comment_0005,comment_0005,individual,http://nsxai.org/instances#comment_0005,striatum,Data Science,medium,medium,numberOfViews_value_844,0.7,cooperative,numberOfFavorites_value_391,0.849,,,,,,,,,
trueOrFalseProblem_0010,trueOrFalseProblem_0010,individual,http://nsxai.org/instances#trueOrFalseProblem_0010,prefrontal,Philosophy,easy,medium,numberOfViews_value_640,0.196,competitive,numberOfFavorites_value_980,0.666,,,,,,,,,
achiever_0004,achiever_0004,individual,http://nsxai.org/instances#achiever_0004,prefrontal,History,medium,easy,numberOfViews_value_342,0.874,achiever,numberOfFavorites_value_90,0.34,,,,,,,,,
hint_0010,hint_0010,individual,http://nsxai.org/instances#hint_0010,cerebellum,Algebra,medium,medium,numberOfViews_value_248,0.504,competitive,numberOfFavorites_value_814,0.249,,,,,,,,,
item_0005,item_0005,individual,http://nsxai.org/instances#item_0005,cerebellum,Geography,hard,medium,numberOfViews_value_715,0.69,social,numberOfFavorites_value_300,0.743,,,,,,,,,
socializer_0004,socializer_0004,individual,http://nsxai.org/instances#socializer_0004,prefrontal,Calculus,expert,expert,numberOfViews_value_892,0.04,cooperative,numberOfFavorites_value_70,0.121,,,,,,,,,
metric_0053,metric_0053,individual,http://nsxai.org/instances#metric_0053,striatum,Data Science,medium,medium,numberOfViews_value_553,0.461,competitive,numberOfFavorites_value_290,0.732,,,,,23.93,error_rate,25.16,,
transactions_0001,transactions_0001,individual,http://nsxai.org/instances#transactions_0001,amygdala,Mathematics,easy,expert,numberOfViews_value_713,0.171,exploratory,numberOfFavorites_value_136,0.852,,,,,,,,,
sequencing_0004,sequencing_0004,individual,http://nsxai.org/instances#sequencing_0004,prefrontal,Statistics,hard,expert,numberOfViews_value_678,0.354,cooperative,numberOfFavorites_value_214,0.145,,,,,,,,,
sDTCompetence_0004,sDTCompetence_0004,individual,http://nsxai.org/instances#sDTCompetence_0004,amygdala,Philosophy,medium,medium,numberOfViews_value_249,0.132,competitive,numberOfFavorites_value_253,0.29,,,,,,,,,
brainHex_0007,brainHex_0007,individual,http://nsxai.org/instances#brainHex_0007,cerebellum,Statistics,easy,hard,numberOfViews_value_332,0.605,competitive,numberOfFavorites_value_789,0.958,,,,,,,,,
gifting_0003,gifting_0003,individual,http://nsxai.org/instances#gifting_0003,cerebellum,Algebra,expert,easy,numberOfViews_value_571,0.246,achiever,numberOfFavorites_value_460,0.772,,,,,,,,,
matchColumnOption_0001,matchColumnOption_0001,individual,http://nsxai.org/instances#matchColumnOption_0001,cerebellum,Philosophy,expert,hard,numberOfViews_value_987,0.127,achiever,numberOfFavorites_value_659,0.884,,,,,,,,,
course_0007,course_0007,individual,http://nsxai.org/instances#course_0007,striatum,Computer Science,hard,medium,numberOfViews_value_257,0.346,competitive,numberOfFavorites_value_491,0.748,,,,,,,,,
player_0003,player_0003,individual,http://nsxai.org/instances#player_0003,prefrontal,Philosophy,hard,easy,numberOfViews_value_87,0.94,competitive,numberOfFavorites_value_707,0.627,,,,,,,,0.824,
matchColumnAnswer_0008,matchColumnAnswer_0008,individual,http://nsxai.org/instances#matchColumnAnswer_0008,hippocampus,Calculus,hard,hard,numberOfViews_value_314,0.16,exploratory,numberOfFavorites_value_731,0.162,,,,,,,,,
yeeTeamwork_0002,yeeTeamwork_0002,individual,http://nsxai.org/instances#yeeTeamwork_0002,cerebellum,History,expert,easy,numberOfViews_value_364,0.834,achiever,numberOfFavorites_value_956,0.005,,,,,,,,,
uRIResource_0003,uRIResource_0003,individual,http://nsxai.org/instances#uRIResource_0003,cerebellum,Economics,hard,expert,numberOfViews_value_446,0.999,achiever,numberOfFavorites_value_127,0.719,,,,,,,,,
exercise_0019,exercise_0019,individual,http://nsxai.org/instances#exercise_0019,cerebellum,Algebra,easy,expert,numberOfViews_value_753,0.662,social,numberOfFavorites_value_506,0.345,,,,,,,,,
progression_0004,progression_0004,individual,http://nsxai.org/instances#progression_0004,amygdala,Computer Science,expert,easy,numberOfViews_value_290,0.212,competitive,numberOfFavorites_value_885,0.78,,,,,,,,,
yeeEscapism_0002,yeeEscapism_0002,individual,http://nsxai.org/instances#yeeEscapism_0002,striatum,Philosophy,easy,medium,numberOfViews_value_616,0.96,exploratory,numberOfFavorites_value_33,0.18,,,,,,,,,
multipleChoiceOption_0017,multipleChoiceOption_0017,individual,http://nsxai.org/instances#multipleChoiceOption_0017,hippocampus,Algebra,expert,hard,numberOfViews_value_384,0.314,survivor,numberOfFavorites_value_934,0.1,,,,,,,,,
instrutionalPlan_0001,instrutionalPlan_0001,individual,http://nsxai.org/instances#instrutionalPlan_0001,amygdala,Literature,expert,easy,numberOfViews_value_874,0.097,competitive,numberOfFavorites_value_524,0.108,,,,,,,,,
gamifiedITS_0002,gamifiedITS_0002,individual,http://nsxai.org/instances#gamifiedITS_0002,cerebellum,Biology,hard,easy,numberOfViews_value_720,0.602,exploratory,numberOfFavorites_value_960,0.953,,,,,,,,,
cKCurriculumInformation_0007,cKCurriculumInformation_0007,individual,http://nsxai.org/instances#cKCurriculumInformation_0007,amygdala,History,expert,easy,numberOfViews_value_722,0.843,cooperative,numberOfFavorites_value_462,0.287,,,,,,,,,
cKCurriculumInformation_0004,cKCurriculumInformation_0004,individual,http://nsxai.org/instances#cKCurriculumInformation_0004,amygdala,Philosophy,hard,hard,numberOfViews_value_62,0.428,social,numberOfFavorites_value_398,0.963,,,,,,,,,
nonGameContext_0005,nonGameContext_0005,individual,http://nsxai.org/instances#nonGameContext_0005,amygdala,Calculus,medium,hard,numberOfViews_value_101,0.756,social,numberOfFavorites_value_611,0.135,,,,,,,,,
brainHex_0019,brainHex_0019,individual,http://nsxai.org/instances#brainHex_0019,hippocampus,Statistics,expert,medium,numberOfViews_value_994,0.585,competitive,numberOfFavorites_value_505,0.823,,,,,,,,,
sequencing_0015,sequencing_0015,individual,http://nsxai.org/instances#sequencing_0015,cerebellum,Literature,medium,easy,numberOfViews_value_595,0.997,survivor,numberOfFavorites_value_370,0.434,,,,,,,,,
instrutionalPlan_0010,instrutionalPlan_0010,individual,http://nsxai.org/instances#instrutionalPlan_0010,cerebellum,Biology,medium,medium,numberOfViews_value_434,0.279,cooperative,numberOfFavorites_value_418,0.326,,,,,,,,,
concept_0007,concept_0007,individual,http://nsxai.org/instances#concept_0007,hippocampus,Literature,hard,hard,numberOfViews_value_886,0.081,competitive,numberOfFavorites_value_73,0.585,,,,,,,,,
resourceList_0002,resourceList_0002,individual,http://nsxai.org/instances#resourceList_0002,amygdala,Computer Science,easy,medium,numberOfViews_value_914,0.43,exploratory,numberOfFavorites_value_319,0.07,,,,,,,,,
points_0001,points_0001,individual,http://nsxai.org/instances#points_0001,hippocampus,Algebra,expert,hard,numberOfViews_value_148,0.555,cooperative,numberOfFavorites_value_841,0.854,,,,,,,,,
universalGenericOperator_0002,universalGenericOperator_0002,individual,http://nsxai.org/instances#universalGenericOperator_0002,amygdala,Mathematics,medium,expert,numberOfViews_value_346,0.863,competitive,numberOfFavorites_value_566,0.668,,,,,,,,,
facilitators,facilitators,individual,http://surveys.nees.com.br/ontologies/gado_core.owl#facilitators,,,,,,,,,,,,,,,,,,
player_0016,player_0016,individual,http://nsxai.org/instances#player_0016,hippocampus,Statistics,expert,expert,numberOfViews_value_785,0.815,survivor,numberOfFavorites_value_462,0.124,,,,,,,,0.411,
methodStep_0007,methodStep_0007,individual,http://nsxai.org/instances#methodStep_0007,amygdala,Geography,expert,easy,numberOfViews_value_57,0.707,exploratory,numberOfFavorites_value_788,0.751,,,,,,,,,
leftColumn_0009,leftColumn_0009,individual,http://nsxai.org/instances#leftColumn_0009,striatum,History,expert,medium,numberOfViews_value_411,0.364,achiever,numberOfFavorites_value_310,0.033,,,,,,,,,
comment_0007,comment_0007,individual,http://nsxai.org/instances#comment_0007,striatum,Literature,expert,expert,numberOfViews_value_786,0.399,survivor,numberOfFavorites_value_524,0.079,,,,,,,,,
resourceUnit_0008,resourceUnit_0008,individual,http://nsxai.org/instances#resourceUnit_0008,amygdala,Calculus,easy,medium,numberOfViews_value_633,0.743,competitive,numberOfFavorites_value_163,0.351,,,,,,,,,
uRIType_0001,uRIType_0001,individual,http://nsxai.org/instances#uRIType_0001,hippocampus,Calculus,expert,hard,numberOfViews_value_795,0.635,exploratory,numberOfFavorites_value_433,0.802,,,,,,,,,
behaviouralKnowledge_0010,behaviouralKnowledge_0010,individual,http://nsxai.org/instances#behaviouralKnowledge_0010,striatum,Algebra,easy,hard,numberOfViews_value_188,0.398,social,numberOfFavorites_value_564,0.885,,,,,,,,,
nonGameContext_0003,nonGameContext_0003,individual,http://nsxai.org/instances#nonGameContext_0003,prefrontal,Biology,medium,expert,numberOfViews_value_414,0.498,achiever,numberOfFavorites_value_295,0.707,,,,,,,,,
course_0010,course_0010,individual,http://nsxai.org/instances#course_0010,prefrontal,Literature,hard,hard,numberOfViews_value_784,0.442,cooperative,numberOfFavorites_value_323,0.5,,,,,,,,,
sDTRelatedness_0002,sDTRelatedness_0002,individual,http://nsxai.org/instances#sDTRelatedness_0002,striatum,Statistics,expert,easy,numberOfViews_value_784,0.581,survivor,numberOfFavorites_value_31,0.132,,,,,,,,,
problemNext_0015,problemNext_0015,individual,http://nsxai.org/instances#problemNext_0015,cerebellum,Calculus,expert,medium,numberOfViews_value_485,0.927,survivor,numberOfFavorites_value_588,0.98,,,,,,,,,
metric_0044,metric_0044,individual,http://nsxai.org/instances#metric_0044,cerebellum,Data Science,expert,easy,numberOfViews_value_829,0.226,social,numberOfFavorites_value_376,0.404,,,,,20.56,correct_answers,19.67,,
uRIResource_0006,uRIResource_0006,individual,http://nsxai.org/instances#uRIResource_0006,striatum,Chemistry,expert,expert,numberOfViews_value_429,0.135,competitive,numberOfFavorites_value_344,0.719,,,,,,,,,
activity_0018,activity_0018,individual,http://nsxai.org/instances#activity_0018,hippocampus,Computer Science,medium,expert,numberOfViews_value_948,0.405,exploratory,numberOfFavorites_value_536,0.843,,,,,,,,,
competition_0001,competition_0001,individual,http://nsxai.org/instances#competition_0001,amygdala,Algebra,expert,hard,numberOfViews_value_735,0.187,social,numberOfFavorites_value_618,0.956,,,,,,,,,
gDEDynamic_0005,gDEDynamic_0005,individual,http://nsxai.org/instances#gDEDynamic_0005,hippocampus,Literature,medium,hard,numberOfViews_value_377,0.429,exploratory,numberOfFavorites_value_970,0.349,,,,,,,,,
emotions_0001,emotions_0001,individual,http://nsxai.org/instances#emotions_0001,hippocampus,Chemistry,expert,medium,numberOfViews_value_376,0.796,cooperative,numberOfFavorites_value_762,0.335,,,,,,,,,
problemUnit_0017,problemUnit_0017,individual,http://nsxai.org/instances#problemUnit_0017,amygdala,Calculus,easy,expert,numberOfViews_value_557,0.692,competitive,numberOfFavorites_value_389,0.815,,,,,,,,,
relationships_0003,relationships_0003,individual,http://nsxai.org/instances#relationships_0003,hippocampus,Biology,expert,easy,numberOfViews_value_465,0.273,social,numberOfFavorites_value_107,0.764,,,,,,,,,
leftColumn_0004,leftColumn_0004,individual,http://nsxai.org/instances#leftColumn_0004,striatum,Algebra,easy,medium,numberOfViews_value_81,0.124,survivor,numberOfFavorites_value_269,0.501,,,,,,,,,
leftColumn_0006,leftColumn_0006,individual,http://nsxai.org/instances#leftColumn_0006,striatum,History,hard,expert,numberOfViews_value_288,0.557,cooperative,numberOfFavorites_value_63,0.94,,,,,,,,,
gifting_0001,gifting_0001,individual,http://nsxai.org/instances#gifting_0001,prefrontal,Biology,expert,expert,numberOfViews_value_250,0.536,survivor,numberOfFavorites_value_579,0.017,,,,,,,,,
metric_0060,metric_0060,individual,http://nsxai.org/instances#metric_0060,cerebellum,Mathematics,hard,easy,numberOfViews_value_278,0.895,survivor,numberOfFavorites_value_289,0.25,,,,,78.98,score,53.94,,
targetBehavior_0030,targetBehavior_0030,individual,http://nsxai.org/instances#targetBehavior_0030,hippocampus,Algebra,hard,expert,numberOfViews_value_29,0.658,survivor,numberOfFavorites_value_811,0.639,,,,,,,,,
cKCurriculumInformation_0006,cKCurriculumInformation_0006,individual,http://nsxai.org/instances#cKCurriculumInformation_0006,prefrontal,Calculus,easy,easy,numberOfViews_value_847,0.764,exploratory,numberOfFavorites_value_253,0.438,,,,,,,,,
sequencing_0011,sequencing_0011,individual,http://nsxai.org/instances#sequencing_0011,prefrontal,History,easy,expert,numberOfViews_value_559,0.048,competitive,numberOfFavorites_value_270,0.906,,,,,,,,,
option_0013,option_0013,individual,http://nsxai.org/instances#option_0013,prefrontal,Data Science,hard,easy,numberOfViews_value_352,0.311,social,numberOfFavorites_value_227,0.983,,,,,,,,,
playerType_0004,playerType_0004,individual,http://nsxai.org/instances#playerType_0004,cerebellum,Mathematics,easy,hard,numberOfViews_value_201,0.286,achiever,numberOfFavorites_value_829,0.018,,,,,,,,,
resourceWeight_0001,resourceWeight_0001,individual,http://nsxai.org/instances#resourceWeight_0001,prefrontal,Data Science,hard,easy,numberOfViews_value_3,0.002,social,numberOfFavorites_value_818,0.879,,,,,,,,,
exercise_0003,exercise_0003,individual,http://nsxai.org/instances#exercise_0003,hippocampus,Literature,expert,hard,numberOfViews_value_429,0.788,cooperative,numberOfFavorites_value_96,0.662,,,,,,,,,
multipleChoiceOption_0007,multipleChoiceOption_0007,individual,http://nsxai.org/instances#multipleChoiceOption_0007,cerebellum,Computer Science,medium,medium,numberOfViews_value_487,0.752,survivor,numberOfFavorites_value_873,0.499,,,,,,,,,
competition_0002,competition_0002,individual,http://nsxai.org/instances#competition_0002,prefrontal,Chemistry,easy,easy,numberOfViews_value_220,0.371,achiever,numberOfFavorites_value_457,0.153,,,,,,,,,
sequencing_0019,sequencing_0019,individual,http://nsxai.org/instances#sequencing_0019,hippocampus,Philosophy,medium,hard,numberOfViews_value_521,0.719,achiever,numberOfFavorites_value_897,0.682,,,,,,,,,
item_0004,item_0004,individual,http://nsxai.org/instances#item_0004,amygdala,Algebra,expert,medium,numberOfViews_value_569,0.668,achiever,numberOfFavorites_value_501,0.75,,,,,,,,,
problemNext_0001,problemNext_0001,individual,http://nsxai.org/instances#problemNext_0001,striatum,Algebra,medium,expert,numberOfViews_value_692,0.348,exploratory,numberOfFavorites_value_268,0.956,,,,,,,,,
rewards_0002,rewards_0002,individual,http://nsxai.org/instances#rewards_0002,striatum,Economics,medium,easy,numberOfViews_value_828,0.365,competitive,numberOfFavorites_value_462,0.167,,,,,,,,,
categoryEffectiveness_0002,categoryEffectiveness_0002,individual,http://nsxai.org/instances#categoryEffectiveness_0002,striatum,Philosophy,hard,expert,numberOfViews_value_392,0.935,social,numberOfFavorites_value_280,0.889,,,,,,,,,
archetypeChemicalMessenger,archetypeChemicalMessenger,datatype_property,http://surveys.nees.com.br/ontologies/gado_core.owl#archetypeChemicalMessenger,,,,,,,,,,,,,,,,,,
gamification_0005,gamification_0005,individual,http://nsxai.org/instances#gamification_0005,striatum,Calculus,hard,easy,numberOfViews_value_913,0.848,achiever,numberOfFavorites_value_688,0.862,,,,,,,,,
constraints_0005,constraints_0005,individual,http://nsxai.org/instances#constraints_0005,striatum,Philosophy,hard,medium,numberOfViews_value_169,0.827,achiever,numberOfFavorites_value_301,0.178,,,,,,,,,
gamificationModel_0001,gamificationModel_0001,individual,http://nsxai.org/instances#gamificationModel_0001,cerebellum,Literature,easy,medium,numberOfViews_value_443,0.613,competitive,numberOfFavorites_value_852,0.606,,,,,,,,,
yeeEscapism_0001,yeeEscapism_0001,individual,http://nsxai.org/instances#yeeEscapism_0001,cerebellum,Computer Science,medium,medium,numberOfViews_value_975,0.473,exploratory,numberOfFavorites_value_640,0.772,,,,,,,,,
question_0015,question_0015,individual,http://nsxai.org/instances#question_0015,hippocampus,Physics,expert,medium,numberOfViews_value_760,0.709,survivor,numberOfFavorites_value_454,0.961,,,,,,,,,
metric_0046,metric_0046,individual,http://nsxai.org/instances#metric_0046,prefrontal,Biology,easy,expert,numberOfViews_value_378,0.945,survivor,numberOfFavorites_value_418,0.869,,,,,32.44,engagement_score,38.45,,
socializer_0001,socializer_0001,individual,http://nsxai.org/instances#socializer_0001,amygdala,Geography,expert,medium,numberOfViews_value_677,0.362,cooperative,numberOfFavorites_value_819,0.852,,,,,,,,,
discursiveOption_0010,discursiveOption_0010,individual,http://nsxai.org/instances#discursiveOption_0010,prefrontal,Algebra,medium,hard,numberOfViews_value_733,0.994,survivor,numberOfFavorites_value_568,0.353,,,,,,,,,
resourceAcquisition_0004,resourceAcquisition_0004,individual,http://nsxai.org/instances#resourceAcquisition_0004,prefrontal,Calculus,hard,easy,numberOfViews_value_941,0.166,survivor,numberOfFavorites_value_422,0.711,,,,,,,,,
yeeEscapism_0003,yeeEscapism_0003,individual,http://nsxai.org/instances#yeeEscapism_0003,hippocampus,Calculus,hard,medium,numberOfViews_value_755,0.482,social,numberOfFavorites_value_846,0.199,,,,,,,,,
playerAction_0017,playerAction_0017,individual,http://nsxai.org/instances#playerAction_0017,amygdala,Computer Science,expert,hard,numberOfViews_value_386,0.1,achiever,numberOfFavorites_value_814,0.737,,,,,,,,,
resourceUnit_0010,resourceUnit_0010,individual,http://nsxai.org/instances#resourceUnit_0010,striatum,Economics,hard,medium,numberOfViews_value_314,0.953,exploratory,numberOfFavorites_value_925,0.262,,,,,,,,,
behaviouralKnowledge_0008,behaviouralKnowledge_0008,individual,http://nsxai.org/instances#behaviouralKnowledge_0008,prefrontal,Philosophy,easy,easy,numberOfViews_value_131,0.761,achiever,numberOfFavorites_value_563,0.084,,,,,,,,,
metric_0027,metric_0027,individual,http://nsxai.org/instances#metric_0027,amygdala,History,hard,expert,numberOfViews_value_608,0.58,survivor,numberOfFavorites_value_143,0.064,,,,,31.13,hint_usage,24.95,,
instrutionalPlan_0013,instrutionalPlan_0013,individual,http://nsxai.org/instances#instrutionalPlan_0013,striatum,Data Science,easy,medium,numberOfViews_value_547,0.454,survivor,numberOfFavorites_value_631,0.293,,,,,,,,,
strategy_0007,strategy_0007,individual,http://nsxai.org/instances#strategy_0007,cerebellum,Literature,expert,expert,numberOfViews_value_405,0.237,competitive,numberOfFavorites_value_663,0.219,,,,,,,,,
targetBehavior_0002,targetBehavior_0002,individual,http://nsxai.org/instances#targetBehavior_0002,prefrontal,Statistics,easy,medium,numberOfViews_value_159,0.144,achiever,numberOfFavorites_value_783,0.226,,,,,,,,,
multipleChoiceProblem_0002,multipleChoiceProblem_0002,individual,http://nsxai.org/instances#multipleChoiceProblem_0002,striatum,Computer Science,easy,expert,numberOfViews_value_423,0.387,competitive,numberOfFavorites_value_692,0.966,,,,,,,,,
player_0015,player_0015,individual,http://nsxai.org/instances#player_0015,striatum,Data Science,easy,hard,numberOfViews_value_234,0.812,survivor,numberOfFavorites_value_435,0.86,,,,,,,,0.785,
behaviouralKnowledge_0012,behaviouralKnowledge_0012,individual,http://nsxai.org/instances#behaviouralKnowledge_0012,cerebellum,Data Science,medium,expert,numberOfViews_value_717,0.021,survivor,numberOfFavorites_value_638,0.33,,,,,,,,,
domainModel_0001,domainModel_0001,individual,http://nsxai.org/instances#domainModel_0001,hippocampus,Literature,medium,hard,numberOfViews_value_531,0.155,competitive,numberOfFavorites_value_605,0.097,,,,,,,,,
rightColumn_0009,rightColumn_0009,individual,http://nsxai.org/instances#rightColumn_0009,striatum,Biology,medium,medium,numberOfViews_value_518,0.084,achiever,numberOfFavorites_value_244,0.871,,,,,,,,,
sequencing_0003,sequencing_0003,individual,http://nsxai.org/instances#sequencing_0003,cerebellum,Economics,expert,medium,numberOfViews_value_219,0.488,exploratory,numberOfFavorites_value_238,0.977,,,,,,,,,
strategy_0018,strategy_0018,individual,http://nsxai.org/instances#strategy_0018,amygdala,Philosophy,hard,hard,numberOfViews_value_531,0.424,exploratory,numberOfFavorites_value_289,0.45,,,,,,,,,
gDEMechanic_0004,gDEMechanic_0004,individual,http://nsxai.org/instances#gDEMechanic_0004,amygdala,Computer Science,easy,hard,numberOfViews_value_10,0.103,achiever,numberOfFavorites_value_22,0.851,,,,,,,,,
activity_0001,activity_0001,individual,http://nsxai.org/instances#activity_0001,prefrontal,History,easy,medium,numberOfViews_value_415,0.295,social,numberOfFavorites_value_463,0.179,,,,,,,,,
option_0014,option_0014,individual,http://nsxai.org/instances#option_0014,striatum,Geography,easy,expert,numberOfViews_value_522,0.336,survivor,numberOfFavorites_value_425,0.339,,,,,,,,,
socialGraph_0005,socialGraph_0005,individual,http://nsxai.org/instances#socialGraph_0005,cerebellum,Physics,hard,expert,numberOfViews_value_860,0.201,competitive,numberOfFavorites_value_652,0.553,,,,,,,,,
gifting_0004,gifting_0004,individual,http://nsxai.org/instances#gifting_0004,cerebellum,Philosophy,hard,medium,numberOfViews_value_206,0.361,survivor,numberOfFavorites_value_712,0.3,,,,,,,,,
exercise_0008,exercise_0008,individual,http://nsxai.org/instances#exercise_0008,hippocampus,Data Science,expert,hard,numberOfViews_value_967,0.759,social,numberOfFavorites_value_433,0.082,,,,,,,,,
exercise_0010,exercise_0010,individual,http://nsxai.org/instances#exercise_0010,striatum,Calculus,medium,expert,numberOfViews_value_425,0.333,survivor,numberOfFavorites_value_336,0.549,,,,,,,,,
trueOrFalseOption_0005,trueOrFalseOption_0005,individual,http://nsxai.org/instances#trueOrFalseOption_0005,cerebellum,Data Science,medium,hard,numberOfViews_value_479,0.176,survivor,numberOfFavorites_value_807,0.137,,,,,,,,,
metric_0004,metric_0004,individual,http://nsxai.org/instances#metric_0004,amygdala,History,expert,easy,numberOfViews_value_21,0.561,competitive,numberOfFavorites_value_237,0.359,,,,,64.33,engagement_score,55.82,,
mtcu:hasPG,mtcu:hasPG,resource,mtcu:hasPG,,,,,,,,,,,,,,,,,,
fillBlanksProblem_0002,fillBlanksProblem_0002,individual,http://nsxai.org/instances#fillBlanksProblem_0002,hippocampus,Computer Science,medium,easy,numberOfViews_value_980,0.992,cooperative,numberOfFavorites_value_132,0.85,,,,,,,,,
pedagogicalModel_0002,pedagogicalModel_0002,individual,http://nsxai.org/instances#pedagogicalModel_0002,prefrontal,Statistics,medium,easy,numberOfViews_value_926,0.198,achiever,numberOfFavorites_value_398,0.494,,,,,,,,,
emotions_0005,emotions_0005,individual,http://nsxai.org/instances#emotions_0005,prefrontal,Calculus,medium,easy,numberOfViews_value_270,0.174,exploratory,numberOfFavorites_value_64,0.309,,,,,,,,,
status_0004,status_0004,individual,http://nsxai.org/instances#status_0004,striatum,Calculus,medium,hard,numberOfViews_value_152,0.81,achiever,numberOfFavorites_value_23,0.948,,,,,,,,,
uRIResource_0001,uRIResource_0001,individual,http://nsxai.org/instances#uRIResource_0001,amygdala,Physics,expert,easy,numberOfViews_value_257,0.588,cooperative,numberOfFavorites_value_704,0.463,,,,,,,,,
uRIResource_0004,uRIResource_0004,individual,http://nsxai.org/instances#uRIResource_0004,striatum,Chemistry,expert,medium,numberOfViews_value_492,0.161,exploratory,numberOfFavorites_value_611,0.584,,,,,,,,,
categoryEnjoyment_0002,categoryEnjoyment_0002,individual,http://nsxai.org/instances#categoryEnjoyment_0002,amygdala,Literature,medium,hard,numberOfViews_value_590,0.475,cooperative,numberOfFavorites_value_474,0.432,,,,,,,,,
problem_0003,problem_0003,individual,http://nsxai.org/instances#problem_0003,prefrontal,Mathematics,expert,expert,numberOfViews_value_826,0.107,social,numberOfFavorites_value_878,0.607,,,,,,,,,
targetBehavior_0005,targetBehavior_0005,individual,http://nsxai.org/instances#targetBehavior_0005,amygdala,Algebra,hard,hard,numberOfViews_value_703,0.264,competitive,numberOfFavorites_value_859,0.997,,,,,,,,,
tactic_0009,tactic_0009,individual,http://nsxai.org/instances#tactic_0009,prefrontal,History,easy,expert,numberOfViews_value_49,0.627,competitive,numberOfFavorites_value_129,0.599,,,,,,,,,
engagementLoop_0005,engagementLoop_0005,individual,http://nsxai.org/instances#engagementLoop_0005,striatum,Algebra,expert,easy,numberOfViews_value_207,0.338,survivor,numberOfFavorites_value_193,0.877,,false,0.409,,,,,,
metric_0040,metric_0040,individual,http://nsxai.org/instances#metric_0040,striatum,Computer Science,medium,hard,numberOfViews_value_961,0.813,cooperative,numberOfFavorites_value_229,0.871,,,,,69.39,error_rate,64.19,,
catalogue_0001,catalogue_0001,individual,http://nsxai.org/instances#catalogue_0001,cerebellum,Geography,expert,expert,numberOfViews_value_584,0.015,achiever,numberOfFavorites_value_80,0.388,,,,,,,,,
uRIType_0005,uRIType_0005,individual,http://nsxai.org/instances#uRIType_0005,amygdala,Biology,medium,medium,numberOfViews_value_894,0.827,exploratory,numberOfFavorites_value_678,0.238,,,,,,,,,
yeeMechanics_0002,yeeMechanics_0002,individual,http://nsxai.org/instances#yeeMechanics_0002,prefrontal,Data Science,hard,hard,numberOfViews_value_844,0.249,exploratory,numberOfFavorites_value_11,0.791,,,,,,,,,
brainHex_0013,brainHex_0013,individual,http://nsxai.org/instances#brainHex_0013,cerebellum,History,medium,medium,numberOfViews_value_42,0.086,survivor,numberOfFavorites_value_46,0.97,,,,,,,,,
problemNext_0012,problemNext_0012,individual,http://nsxai.org/instances#problemNext_0012,prefrontal,Chemistry,expert,hard,numberOfViews_value_547,0.687,survivor,numberOfFavorites_value_404,0.345,,,,,,,,,
mastermind_0005,mastermind_0005,individual,http://nsxai.org/instances#mastermind_0005,amygdala,Chemistry,easy,hard,numberOfViews_value_99,0.771,exploratory,numberOfFavorites_value_682,0.255,,,,,,,,,
avatars_0002,avatars_0002,individual,http://nsxai.org/instances#avatars_0002,cerebellum,Literature,medium,easy,numberOfViews_value_959,0.083,competitive,numberOfFavorites_value_668,0.525,,,,,,,,,
progression_0001,progression_0001,individual,http://nsxai.org/instances#progression_0001,striatum,Data Science,medium,expert,numberOfViews_value_499,0.58,competitive,numberOfFavorites_value_768,0.023,,,,,,,,,
feedback_0004,feedback_0004,individual,http://nsxai.org/instances#feedback_0004,striatum,Data Science,expert,expert,numberOfViews_value_988,0.584,cooperative,numberOfFavorites_value_619,0.706,,,,,,,,,
cooperation_0001,cooperation_0001,individual,http://nsxai.org/instances#cooperation_0001,amygdala,Data Science,expert,expert,numberOfViews_value_468,0.564,achiever,numberOfFavorites_value_426,0.704,,,,,,,,,
comment_0002,comment_0002,individual,http://nsxai.org/instances#comment_0002,prefrontal,Calculus,expert,medium,numberOfViews_value_178,0.513,cooperative,numberOfFavorites_value_63,0.534,,,,,,,,,
compositeResource_0002,compositeResource_0002,individual,http://nsxai.org/instances#compositeResource_0002,striatum,History,medium,expert,numberOfViews_value_2,0.425,cooperative,numberOfFavorites_value_80,0.934,,,,,,,,,
instrutionalPlan_0019,instrutionalPlan_0019,individual,http://nsxai.org/instances#instrutionalPlan_0019,prefrontal,Chemistry,medium,easy,numberOfViews_value_756,0.355,survivor,numberOfFavorites_value_806,0.256,,,,,,,,,
gamification_0002,gamification_0002,individual,http://nsxai.org/instances#gamification_0002,cerebellum,Algebra,hard,hard,numberOfViews_value_138,0.142,survivor,numberOfFavorites_value_863,0.716,,,,,,,,,
studentModel_0018,studentModel_0018,individual,http://nsxai.org/instances#studentModel_0018,striatum,Computer Science,medium,hard,numberOfViews_value_877,0.296,competitive,numberOfFavorites_value_788,0.196,,,,,,,,,
errorMisconception_0003,errorMisconception_0003,individual,http://nsxai.org/instances#errorMisconception_0003,cerebellum,Biology,expert,hard,numberOfViews_value_9,0.837,achiever,numberOfFavorites_value_991,0.017,,,,,,,,,
error_0004,error_0004,individual,http://nsxai.org/instances#error_0004,cerebellum,Biology,hard,hard,numberOfViews_value_116,0.079,social,numberOfFavorites_value_50,0.167,,,,,,,,,
evaluationResource_0005,evaluationResource_0005,individual,http://nsxai.org/instances#evaluationResource_0005,cerebellum,History,expert,medium,numberOfViews_value_173,0.517,exploratory,numberOfFavorites_value_97,0.336,,,,,,,,,
playerAction_0006,playerAction_0006,individual,http://nsxai.org/instances#playerAction_0006,striatum,Calculus,easy,easy,numberOfViews_value_633,0.335,social,numberOfFavorites_value_86,0.805,,,,,,,,,
yeeMechanics_0003,yeeMechanics_0003,individual,http://nsxai.org/instances#yeeMechanics_0003,cerebellum,Calculus,hard,easy,numberOfViews_value_931,0.182,achiever,numberOfFavorites_value_466,0.902,,,,,,,,,
matchColumnAnswer_0007,matchColumnAnswer_0007,individual,http://nsxai.org/instances#matchColumnAnswer_0007,cerebellum,Calculus,expert,hard,numberOfViews_value_29,0.306,social,numberOfFavorites_value_566,0.558,,,,,,,,,
activity_0010,activity_0010,individual,http://nsxai.org/instances#activity_0010,hippocampus,Chemistry,medium,medium,numberOfViews_value_400,0.47,achiever,numberOfFavorites_value_297,0.314,,,,,,,,,
has_Problems,has_Problems,object_property,http://meututor.com.br/Ontologies/meututor_domain_resource.owl#has_Problems,,,,,,,,,,,,,,,,,,
categoryCompetition_0003,categoryCompetition_0003,individual,http://nsxai.org/instances#categoryCompetition_0003,amygdala,Physics,expert,hard,numberOfViews_value_291,0.807,social,numberOfFavorites_value_203,0.768,,,,,,,,,
hasPlayer,hasPlayer,object_property,http://surveys.nees.com.br/ontologies/gado_full.owl#hasPlayer,,,,,,,,,,,,,,,,,,
narrative_0002,narrative_0002,individual,http://nsxai.org/instances#narrative_0002,striatum,Mathematics,medium,easy,numberOfViews_value_353,0.983,competitive,numberOfFavorites_value_790,0.299,,,,,,,,,
matchColumnAnswer_0003,matchColumnAnswer_0003,individual,http://nsxai.org/instances#matchColumnAnswer_0003,cerebellum,Economics,easy,easy,numberOfViews_value_705,0.841,survivor,numberOfFavorites_value_101,0.562,,,,,,,,,
cooperation_0002,cooperation_0002,individual,http://nsxai.org/instances#cooperation_0002,hippocampus,Mathematics,hard,easy,numberOfViews_value_435,0.907,survivor,numberOfFavorites_value_558,0.382,,,,,,,,,
tactic_0007,tactic_0007,individual,http://nsxai.org/instances#tactic_0007,prefrontal,Calculus,medium,medium,numberOfViews_value_114,0.295,competitive,numberOfFavorites_value_155,0.76,,,,,,,,,
tactic_0005,tactic_0005,individual,http://nsxai.org/instances#tactic_0005,cerebellum,Computer Science,expert,easy,numberOfViews_value_29,0.184,competitive,numberOfFavorites_value_271,0.411,,,,,,,,,
trueOrFalseProblem_0006,trueOrFalseProblem_0006,individual,http://nsxai.org/instances#trueOrFalseProblem_0006,hippocampus,Statistics,hard,hard,numberOfViews_value_942,0.426,social,numberOfFavorites_value_577,0.93,,,,,,,,,
relationships_0005,relationships_0005,individual,http://nsxai.org/instances#relationships_0005,amygdala,Physics,medium,easy,numberOfViews_value_699,0.73,exploratory,numberOfFavorites_value_464,0.92,,,,,,,,,
levels_0001,levels_0001,individual,http://nsxai.org/instances#levels_0001,prefrontal,Philosophy,medium,easy,numberOfViews_value_75,0.785,survivor,numberOfFavorites_value_479,0.378,,,,,,,,,
playerAction_0019,playerAction_0019,individual,http://nsxai.org/instances#playerAction_0019,cerebellum,Literature,easy,easy,numberOfViews_value_371,0.654,social,numberOfFavorites_value_319,0.672,,,,,,,,,
resource_0020,resource_0020,individual,http://nsxai.org/instances#resource_0020,amygdala,Statistics,hard,medium,363,0.283,social,18,0.57,,,,0.278,,,,,
option_0006,option_0006,individual,http://nsxai.org/instances#option_0006,striatum,Statistics,medium,easy,numberOfViews_value_895,0.264,social,numberOfFavorites_value_699,0.784,,,,,,,,,
yeeAchievementComponent_0001,yeeAchievementComponent_0001,individual,http://nsxai.org/instances#yeeAchievementComponent_0001,hippocampus,Literature,easy,expert,numberOfViews_value_281,0.69,survivor,numberOfFavorites_value_722,0.153,,,,,,,,,
metric_0006,metric_0006,individual,http://nsxai.org/instances#metric_0006,amygdala,Data Science,easy,hard,numberOfViews_value_215,0.514,competitive,numberOfFavorites_value_484,0.869,,,,,30.48,mastery_level,31.63,,
matchColumnProblem_0002,matchColumnProblem_0002,individual,http://nsxai.org/instances#matchColumnProblem_0002,amygdala,Calculus,expert,expert,numberOfViews_value_704,0.211,social,numberOfFavorites_value_803,0.113,,,,,,,,,
daredevil_0002,daredevil_0002,individual,http://nsxai.org/instances#daredevil_0002,amygdala,Philosophy,hard,expert,numberOfViews_value_206,0.515,competitive,numberOfFavorites_value_535,0.414,,,,,,,,,
rightColumn_0003,rightColumn_0003,individual,http://nsxai.org/instances#rightColumn_0003,hippocampus,Biology,medium,easy,numberOfViews_value_814,0.467,exploratory,numberOfFavorites_value_480,0.22,,,,,,,,,
categoryCompetition_0001,categoryCompetition_0001,individual,http://nsxai.org/instances#categoryCompetition_0001,prefrontal,Algebra,hard,medium,numberOfViews_value_465,0.128,achiever,numberOfFavorites_value_11,0.848,,,,,,,,,
compositeResource_0004,compositeResource_0004,individual,http://nsxai.org/instances#compositeResource_0004,amygdala,History,easy,medium,numberOfViews_value_283,0.937,social,numberOfFavorites_value_370,0.722,,,,,,,,,
metric_0016,metric_0016,individual,http://nsxai.org/instances#metric_0016,amygdala,Chemistry,expert,easy,numberOfViews_value_830,0.611,achiever,numberOfFavorites_value_882,0.773,,,,,23.23,time_on_task,19.85,,
exercise_0011,exercise_0011,individual,http://nsxai.org/instances#exercise_0011,prefrontal,Physics,expert,expert,numberOfViews_value_880,0.447,survivor,numberOfFavorites_value_792,0.22,,,,,,,,,
coversComponent,coversComponent,object_property,http://surveys.nees.com.br/ontologies/gado_full.owl#coversComponent,,,,,,,,,,,,,,,,,,
concept_0004,concept_0004,individual,http://nsxai.org/instances#concept_0004,amygdala,History,expert,expert,numberOfViews_value_106,0.208,social,numberOfFavorites_value_305,0.318,,,,,,,,,
resourceAcquisition_0005,resourceAcquisition_0005,individual,http://nsxai.org/instances#resourceAcquisition_0005,cerebellum,Statistics,expert,hard,numberOfViews_value_497,0.847,cooperative,numberOfFavorites_value_873,0.582,,,,,,,,,
contentUnlocking_0004,contentUnlocking_0004,individual,http://nsxai.org/instances#contentUnlocking_0004,amygdala,Physics,medium,hard,numberOfViews_value_110,0.646,social,numberOfFavorites_value_618,0.964,,,,,,,,,
socializer_0005,socializer_0005,individual,http://nsxai.org/instances#socializer_0005,striatum,Statistics,easy,easy,numberOfViews_value_515,0.277,cooperative,numberOfFavorites_value_488,0.67,,,,,,,,,
playerType_0003,playerType_0003,individual,http://nsxai.org/instances#playerType_0003,striatum,Data Science,medium,medium,numberOfViews_value_872,0.606,exploratory,numberOfFavorites_value_488,0.677,,,,,,,,,
timeConstraints_0004,timeConstraints_0004,individual,http://nsxai.org/instances#timeConstraints_0004,prefrontal,Data Science,expert,medium,numberOfViews_value_39,0.434,survivor,numberOfFavorites_value_812,0.52,,,,,,,,,
studentModel_0012,studentModel_0012,individual,http://nsxai.org/instances#studentModel_0012,amygdala,Statistics,hard,easy,numberOfViews_value_324,0.632,achiever,numberOfFavorites_value_631,0.795,,,,,,,,,
strategy_0006,strategy_0006,individual,http://nsxai.org/instances#strategy_0006,hippocampus,History,easy,hard,numberOfViews_value_809,0.226,social,numberOfFavorites_value_302,0.941,,,,,,,,,
engagementLoop_0009,engagementLoop_0009,individual,http://nsxai.org/instances#engagementLoop_0009,hippocampus,Chemistry,hard,expert,numberOfViews_value_535,0.374,cooperative,numberOfFavorites_value_211,0.839,,false,0.994,,,,,,
points_0004,points_0004,individual,http://nsxai.org/instances#points_0004,striatum,History,expert,easy,numberOfViews_value_363,0.79,social,numberOfFavorites_value_672,0.691,,,,,,,,,
metric_0003,metric_0003,individual,http://nsxai.org/instances#metric_0003,prefrontal,Geography,expert,easy,numberOfViews_value_23,0.4,exploratory,numberOfFavorites_value_974,0.374,,,,,83.41,attempt_count,81.04,,
narrative_0001,narrative_0001,individual,http://nsxai.org/instances#narrative_0001,amygdala,Economics,expert,expert,numberOfViews_value_886,0.882,survivor,numberOfFavorites_value_617,0.196,,,,,,,,,
context_0004,context_0004,individual,http://nsxai.org/instances#context_0004,amygdala,Data Science,medium,hard,numberOfViews_value_422,0.726,survivor,numberOfFavorites_value_871,0.494,,,,,,,,,
multipleChoiceOption_0001,multipleChoiceOption_0001,individual,http://nsxai.org/instances#multipleChoiceOption_0001,hippocampus,Geography,hard,expert,numberOfViews_value_872,0.846,survivor,numberOfFavorites_value_8,0.849,,,,,,,,,
trueOrFalseProblem_0009,trueOrFalseProblem_0009,individual,http://nsxai.org/instances#trueOrFalseProblem_0009,hippocampus,Biology,expert,medium,numberOfViews_value_655,0.405,survivor,numberOfFavorites_value_514,0.781,,,,,,,,,
narrative_0003,narrative_0003,individual,http://nsxai.org/instances#narrative_0003,amygdala,Statistics,easy,medium,numberOfViews_value_871,0.37,exploratory,numberOfFavorites_value_517,0.912,,,,,,,,,
question_0020,question_0020,individual,http://nsxai.org/instances#question_0020,amygdala,Statistics,expert,easy,numberOfViews_value_318,0.875,survivor,numberOfFavorites_value_634,0.468,,,,,,,,,
knowledgeUnit_0017,knowledgeUnit_0017,individual,http://nsxai.org/instances#knowledgeUnit_0017,cerebellum,Calculus,medium,medium,numberOfViews_value_62,0.906,competitive,numberOfFavorites_value_634,0.461,,,,,,,,,
option_0011,option_0011,individual,http://nsxai.org/instances#option_0011,prefrontal,Calculus,medium,easy,numberOfViews_value_250,0.87,survivor,numberOfFavorites_value_43,0.678,,,,,,,,,
universalGenericOperator_0001,universalGenericOperator_0001,individual,http://nsxai.org/instances#universalGenericOperator_0001,striatum,Mathematics,medium,hard,numberOfViews_value_635,0.839,exploratory,numberOfFavorites_value_116,0.322,,,,,,,,,
resourceUnit_0019,resourceUnit_0019,individual,http://nsxai.org/instances#resourceUnit_0019,prefrontal,Statistics,medium,expert,numberOfViews_value_979,0.522,competitive,numberOfFavorites_value_733,0.384,,,,,,,,,
metric_0038,metric_0038,individual,http://nsxai.org/instances#metric_0038,prefrontal,Geography,hard,expert,numberOfViews_value_4,0.993,achiever,numberOfFavorites_value_940,0.223,,,,,57.04,error_rate,35.77,,
curriculum_0001,curriculum_0001,individual,http://nsxai.org/instances#curriculum_0001,cerebellum,Calculus,medium,easy,numberOfViews_value_486,0.495,exploratory,numberOfFavorites_value_107,0.144,,,,,,,,,
matchColumnAnswer_0001,matchColumnAnswer_0001,individual,http://nsxai.org/instances#matchColumnAnswer_0001,cerebellum,Statistics,easy,medium,numberOfViews_value_84,0.494,cooperative,numberOfFavorites_value_769,0.665,,,,,,,,,
Achiever,Achiever,class,http://surveys.nees.com.br/ontologies/gado_full.owl#Achiever,,,,,,,,,,,,,,,,,,
depth_0005,depth_0005,individual,http://nsxai.org/instances#depth_0005,striatum,Data Science,easy,procedural,numberOfViews_value_172,0.12,social,numberOfFavorites_value_555,0.012,,,,,,,,,
knowledgeUnit_0001,knowledgeUnit_0001,individual,http://nsxai.org/instances#knowledgeUnit_0001,striatum,Computer Science,easy,expert,numberOfViews_value_738,0.654,cooperative,numberOfFavorites_value_685,0.81,,,,,,,,,
targetBehavior_0036,targetBehavior_0036,individual,http://nsxai.org/instances#targetBehavior_0036,striatum,Biology,easy,easy,numberOfViews_value_316,0.674,social,numberOfFavorites_value_873,0.741,,,,,,,,,
content_0008,content_0008,individual,http://nsxai.org/instances#content_0008,hippocampus,Data Science,expert,expert,numberOfViews_value_801,0.97,survivor,numberOfFavorites_value_939,0.514,,,,,,,,,
points_0003,points_0003,individual,http://nsxai.org/instances#points_0003,striatum,Literature,hard,expert,numberOfViews_value_712,0.925,social,numberOfFavorites_value_334,0.977,,,,,,,,,
option_0015,option_0015,individual,http://nsxai.org/instances#option_0015,striatum,Geography,medium,medium,numberOfViews_value_862,0.778,competitive,numberOfFavorites_value_379,0.556,,,,,,,,,
resolutionMethod_0007,resolutionMethod_0007,individual,http://nsxai.org/instances#resolutionMethod_0007,striatum,Geography,expert,medium,numberOfViews_value_502,0.302,competitive,numberOfFavorites_value_226,0.14,,,,,,,,,
leftColumn_0005,leftColumn_0005,individual,http://nsxai.org/instances#leftColumn_0005,hippocampus,Calculus,expert,expert,numberOfViews_value_275,0.503,exploratory,numberOfFavorites_value_744,0.1,,,,,,,,,
transactions_0002,transactions_0002,individual,http://nsxai.org/instances#transactions_0002,striatum,Physics,medium,medium,numberOfViews_value_891,0.523,cooperative,numberOfFavorites_value_508,0.67,,,,,,,,,
metric_0055,metric_0055,individual,http://nsxai.org/instances#metric_0055,striatum,Physics,medium,easy,numberOfViews_value_622,0.484,social,numberOfFavorites_value_896,0.334,,,,,61.21,engagement_score,51.66,,
teams_0004,teams_0004,individual,http://nsxai.org/instances#teams_0004,cerebellum,Algebra,medium,expert,numberOfViews_value_234,0.681,competitive,numberOfFavorites_value_890,0.403,,,,,,,,,
yeeRolePlaying_0001,yeeRolePlaying_0001,individual,http://nsxai.org/instances#yeeRolePlaying_0001,cerebellum,Mathematics,easy,medium,numberOfViews_value_391,0.897,social,numberOfFavorites_value_447,0.814,,,,,,,,,
motivation_0004,motivation_0004,individual,http://nsxai.org/instances#motivation_0004,hippocampus,Geography,hard,expert,numberOfViews_value_995,0.389,social,numberOfFavorites_value_279,0.812,,,,,,,,,
evaluationResource_0004,evaluationResource_0004,individual,http://nsxai.org/instances#evaluationResource_0004,striatum,Data Science,expert,easy,numberOfViews_value_117,0.223,cooperative,numberOfFavorites_value_550,0.058,,,,,,,,,
misconception_0003,misconception_0003,individual,http://nsxai.org/instances#misconception_0003,hippocampus,Algebra,expert,easy,numberOfViews_value_314,0.885,achiever,numberOfFavorites_value_263,0.041,,,,,,,,,
activity_0004,activity_0004,individual,http://nsxai.org/instances#activity_0004,prefrontal,Physics,expert,expert,numberOfViews_value_482,0.944,survivor,numberOfFavorites_value_557,0.84,,,,,,,,,
theme_0003,theme_0003,individual,http://nsxai.org/instances#theme_0003,hippocampus,Physics,easy,easy,numberOfViews_value_130,0.85,achiever,numberOfFavorites_value_497,0.827,,,,,,,,,
competence_0016,competence_0016,individual,http://nsxai.org/instances#competence_0016,hippocampus,Chemistry,easy,hard,numberOfViews_value_23,0.343,cooperative,numberOfFavorites_value_835,0.669,,,,,,,,,
levels_0003,levels_0003,individual,http://nsxai.org/instances#levels_0003,cerebellum,Algebra,medium,expert,numberOfViews_value_549,0.456,cooperative,numberOfFavorites_value_328,0.235,,,,,,,,,
metric_0039,metric_0039,individual,http://nsxai.org/instances#metric_0039,striatum,Computer Science,hard,easy,numberOfViews_value_676,0.991,competitive,numberOfFavorites_value_69,0.059,,,,,17.31,time_on_task,9.68,,
rewards_0003,rewards_0003,individual,http://nsxai.org/instances#rewards_0003,prefrontal,Biology,medium,medium,numberOfViews_value_93,0.394,achiever,numberOfFavorites_value_870,0.008,,,,,,,,,
meututor_domain_cp.owl,meututor_domain_cp.owl,resource,http://meututor.com.br/Ontologies/meututor_domain_cp.owl,,,,,,,,,,,,,,,,,,
multipleChoiceProblem_0010,multipleChoiceProblem_0010,individual,http://nsxai.org/instances#multipleChoiceProblem_0010,hippocampus,History,hard,hard,numberOfViews_value_588,0.789,exploratory,numberOfFavorites_value_512,0.71,,,,,,,,,
studentModel_0014,studentModel_0014,individual,http://nsxai.org/instances#studentModel_0014,prefrontal,Biology,easy,hard,numberOfViews_value_267,0.969,exploratory,numberOfFavorites_value_907,0.779,,,,,,,,,
competence_0017,competence_0017,individual,http://nsxai.org/instances#competence_0017,prefrontal,Data Science,easy,medium,numberOfViews_value_345,0.436,social,numberOfFavorites_value_169,0.314,,,,,,,,,
methodStep_0008,methodStep_0008,individual,http://nsxai.org/instances#methodStep_0008,hippocampus,Philosophy,medium,medium,numberOfViews_value_416,0.493,competitive,numberOfFavorites_value_771,0.69,,,,,,,,,
relationships_0004,relationships_0004,individual,http://nsxai.org/instances#relationships_0004,amygdala,Data Science,easy,medium,numberOfViews_value_421,0.674,exploratory,numberOfFavorites_value_821,0.439,,,,,,,,,
instrutionalPlan_0018,instrutionalPlan_0018,individual,http://nsxai.org/instances#instrutionalPlan_0018,prefrontal,Geography,hard,easy,numberOfViews_value_709,0.61,competitive,numberOfFavorites_value_319,0.595,,,,,,,,,
matchColumnAnswer_0005,matchColumnAnswer_0005,individual,http://nsxai.org/instances#matchColumnAnswer_0005,prefrontal,Mathematics,medium,hard,numberOfViews_value_484,0.139,cooperative,numberOfFavorites_value_3,0.253,,,,,,,,,
metric_0058,metric_0058,individual,http://nsxai.org/instances#metric_0058,striatum,Philosophy,expert,hard,numberOfViews_value_733,0.223,achiever,numberOfFavorites_value_350,0.438,,,,,18.34,streak_count,13.94,,
hint_0002,hint_0002,individual,http://nsxai.org/instances#hint_0002,amygdala,Economics,hard,expert,numberOfViews_value_129,0.419,survivor,numberOfFavorites_value_142,0.293,,,,,,,,,
knowledgeUnit_0018,knowledgeUnit_0018,individual,http://nsxai.org/instances#knowledgeUnit_0018,striatum,Chemistry,medium,hard,numberOfViews_value_79,0.486,achiever,numberOfFavorites_value_423,0.508,,,,,,,,,
bugMisconception_0004,bugMisconception_0004,individual,http://nsxai.org/instances#bugMisconception_0004,striatum,Statistics,expert,easy,numberOfViews_value_146,0.605,cooperative,numberOfFavorites_value_396,0.293,,,,,,,,,
metric_0042,metric_0042,individual,http://nsxai.org/instances#metric_0042,striatum,Geography,hard,expert,numberOfViews_value_491,0.737,achiever,numberOfFavorites_value_785,0.298,,,,,14.24,hint_usage,9.93,,
feedback_0003,feedback_0003,individual,http://nsxai.org/instances#feedback_0003,prefrontal,Biology,hard,expert,numberOfViews_value_315,0.362,survivor,numberOfFavorites_value_211,0.133,,,,,,,,,
gameContext_0003,gameContext_0003,individual,http://nsxai.org/instances#gameContext_0003,prefrontal,Calculus,easy,easy,numberOfViews_value_35,0.702,competitive,numberOfFavorites_value_190,0.234,,,,,,,,,
problemNext_0006,problemNext_0006,individual,http://nsxai.org/instances#problemNext_0006,hippocampus,History,medium,medium,numberOfViews_value_169,0.263,exploratory,numberOfFavorites_value_147,0.731,,,,,,,,,
form_0004,form_0004,individual,http://nsxai.org/instances#form_0004,hippocampus,Literature,expert,medium,numberOfViews_value_725,0.23,competitive,numberOfFavorites_value_548,0.276,,,,,,,,,
writingEvaluation_0001,writingEvaluation_0001,individual,http://nsxai.org/instances#writingEvaluation_0001,striatum,Algebra,medium,hard,numberOfViews_value_729,0.764,social,numberOfFavorites_value_233,0.264,,,,,,,,,
discursiveOption_0007,discursiveOption_0007,individual,http://nsxai.org/instances#discursiveOption_0007,striatum,History,hard,medium,numberOfViews_value_390,0.598,social,numberOfFavorites_value_288,0.391,,,,,,,,,
matchColumnProblem_0001,matchColumnProblem_0001,individual,http://nsxai.org/instances#matchColumnProblem_0001,prefrontal,Literature,easy,medium,numberOfViews_value_640,0.362,survivor,numberOfFavorites_value_927,0.106,,,,,,,,,
yeeRelationship_0003,yeeRelationship_0003,individual,http://nsxai.org/instances#yeeRelationship_0003,prefrontal,Physics,easy,easy,numberOfViews_value_678,0.688,social,numberOfFavorites_value_490,0.304,,,,,,,,,
uRIType_0004,uRIType_0004,individual,http://nsxai.org/instances#uRIType_0004,cerebellum,Mathematics,expert,easy,numberOfViews_value_19,0.414,competitive,numberOfFavorites_value_527,0.688,,,,,,,,,
resolutionMethod_0001,resolutionMethod_0001,individual,http://nsxai.org/instances#resolutionMethod_0001,cerebellum,History,expert,easy,numberOfViews_value_7,0.686,exploratory,numberOfFavorites_value_713,0.418,,,,,,,,,
resource_0014,resource_0014,individual,http://nsxai.org/instances#resource_0014,prefrontal,Mathematics,expert,medium,927,0.567,survivor,60,0.641,,,,0.738,,,,,
seeker_0004,seeker_0004,individual,http://nsxai.org/instances#seeker_0004,prefrontal,Geography,expert,expert,numberOfViews_value_49,0.36,exploratory,numberOfFavorites_value_571,0.941,,,,,,,,,
targetBehavior_0028,targetBehavior_0028,individual,http://nsxai.org/instances#targetBehavior_0028,striatum,Philosophy,easy,medium,numberOfViews_value_393,0.574,survivor,numberOfFavorites_value_908,0.432,,,,,,,,,
competence_0009,competence_0009,individual,http://nsxai.org/instances#competence_0009,amygdala,Philosophy,medium,hard,numberOfViews_value_634,0.055,achiever,numberOfFavorites_value_226,0.361,,,,,,,,,
knowledgeUnit_0015,knowledgeUnit_0015,individual,http://nsxai.org/instances#knowledgeUnit_0015,hippocampus,Data Science,expert,medium,numberOfViews_value_541,0.328,cooperative,numberOfFavorites_value_215,0.082,,,,,,,,,
gDEComponent_0005,gDEComponent_0005,individual,http://nsxai.org/instances#gDEComponent_0005,amygdala,Statistics,hard,medium,numberOfViews_value_666,0.081,cooperative,numberOfFavorites_value_480,0.136,,,,,,,,,
tactic_0015,tactic_0015,individual,http://nsxai.org/instances#tactic_0015,cerebellum,Calculus,easy,expert,numberOfViews_value_911,0.503,survivor,numberOfFavorites_value_788,0.159,,,,,,,,,
gamificationModel_0009,gamificationModel_0009,individual,http://nsxai.org/instances#gamificationModel_0009,hippocampus,Literature,expert,easy,numberOfViews_value_184,0.313,social,numberOfFavorites_value_257,0.737,,,,,,,,,
player_0002,player_0002,individual,http://nsxai.org/instances#player_0002,hippocampus,Literature,hard,hard,numberOfViews_value_845,0.252,survivor,numberOfFavorites_value_858,0.395,,,,,,,,0.298,
competence_0013,competence_0013,individual,http://nsxai.org/instances#competence_0013,cerebellum,Literature,medium,expert,numberOfViews_value_621,0.248,achiever,numberOfFavorites_value_806,0.175,,,,,,,,,
metric_0005,metric_0005,individual,http://nsxai.org/instances#metric_0005,amygdala,History,medium,medium,numberOfViews_value_125,0.795,survivor,numberOfFavorites_value_135,0.774,,,,,39.1,progress_ratio,34.98,,
yeeSocializing_0002,yeeSocializing_0002,individual,http://nsxai.org/instances#yeeSocializing_0002,prefrontal,Economics,hard,expert,numberOfViews_value_844,0.53,cooperative,numberOfFavorites_value_752,0.403,,,,,,,,,
knowledgeUnit_0013,knowledgeUnit_0013,individual,http://nsxai.org/instances#knowledgeUnit_0013,cerebellum,Literature,medium,easy,numberOfViews_value_300,0.184,achiever,numberOfFavorites_value_193,0.285,,,,,,,,,
feedback_0002,feedback_0002,individual,http://nsxai.org/instances#feedback_0002,amygdala,Physics,expert,easy,numberOfViews_value_915,0.548,survivor,numberOfFavorites_value_782,0.021,,,,,,,,,
exercise_0015,exercise_0015,individual,http://nsxai.org/instances#exercise_0015,prefrontal,Philosophy,easy,expert,numberOfViews_value_98,0.103,cooperative,numberOfFavorites_value_310,0.327,,,,,,,,,
virtualGoods_0004,virtualGoods_0004,individual,http://nsxai.org/instances#virtualGoods_0004,cerebellum,Calculus,medium,easy,numberOfViews_value_239,0.897,achiever,numberOfFavorites_value_785,0.603,,,,,,,,,
statement_0013,statement_0013,individual,http://nsxai.org/instances#statement_0013,prefrontal,Chemistry,expert,medium,numberOfViews_value_750,0.754,achiever,numberOfFavorites_value_577,0.304,,,,,,,,,
compositeResource_0001,compositeResource_0001,individual,http://nsxai.org/instances#compositeResource_0001,amygdala,Biology,expert,medium,numberOfViews_value_579,0.632,exploratory,numberOfFavorites_value_415,0.727,,,,,,,,,
catalogue_0002,catalogue_0002,individual,http://nsxai.org/instances#catalogue_0002,hippocampus,Physics,hard,expert,numberOfViews_value_145,0.457,social,numberOfFavorites_value_167,0.957,,,,,,,,,
tactic_0004,tactic_0004,individual,http://nsxai.org/instances#tactic_0004,striatum,Philosophy,hard,medium,numberOfViews_value_41,0.919,survivor,numberOfFavorites_value_476,0.565,,,,,,,,,
multipleChoiceOption_0013,multipleChoiceOption_0013,individual,http://nsxai.org/instances#multipleChoiceOption_0013,cerebellum,Biology,expert,easy,numberOfViews_value_99,0.351,competitive,numberOfFavorites_value_817,0.683,,,,,,,,,
emotions_0002,emotions_0002,individual,http://nsxai.org/instances#emotions_0002,striatum,Mathematics,hard,hard,numberOfViews_value_551,0.167,social,numberOfFavorites_value_302,0.489,,,,,,,,,
playerAction_0005,playerAction_0005,individual,http://nsxai.org/instances#playerAction_0005,striatum,Geography,easy,hard,numberOfViews_value_443,0.025,cooperative,numberOfFavorites_value_79,0.381,,,,,,,,,
designPractice_0003,designPractice_0003,individual,http://nsxai.org/instances#designPractice_0003,cerebellum,Economics,easy,medium,numberOfViews_value_727,0.69,survivor,numberOfFavorites_value_906,0.037,,,,,,,,,0.518
question_0018,question_0018,individual,http://nsxai.org/instances#question_0018,cerebellum,Algebra,easy,easy,numberOfViews_value_514,0.076,survivor,numberOfFavorites_value_758,0.5,,,,,,,,,
competence_0003,competence_0003,individual,http://nsxai.org/instances#competence_0003,hippocampus,History,hard,hard,numberOfViews_value_986,0.92,survivor,numberOfFavorites_value_40,0.304,,,,,,,,,
option_0017,option_0017,individual,http://nsxai.org/instances#option_0017,cerebellum,Literature,hard,medium,numberOfViews_value_157,0.526,social,numberOfFavorites_value_965,0.566,,,,,,,,,
strategy_0010,strategy_0010,individual,http://nsxai.org/instances#strategy_0010,striatum,Philosophy,medium,hard,numberOfViews_value_494,0.453,exploratory,numberOfFavorites_value_445,0.717,,,,,,,,,
brainHex_0017,brainHex_0017,individual,http://nsxai.org/instances#brainHex_0017,hippocampus,Philosophy,medium,medium,numberOfViews_value_116,0.405,competitive,numberOfFavorites_value_706,0.302,,,,,,,,,
relationships_0002,relationships_0002,individual,http://nsxai.org/instances#relationships_0002,hippocampus,Physics,hard,hard,numberOfViews_value_965,0.86,survivor,numberOfFavorites_value_78,0.4,,,,,,,,,
gDEDynamic_0001,gDEDynamic_0001,individual,http://nsxai.org/instances#gDEDynamic_0001,prefrontal,Economics,hard,medium,numberOfViews_value_721,0.582,competitive,numberOfFavorites_value_777,0.858,,,,,,,,,
tactic_0018,tactic_0018,individual,http://nsxai.org/instances#tactic_0018,cerebellum,Biology,hard,medium,numberOfViews_value_522,0.995,survivor,numberOfFavorites_value_9,0.258,,,,,,,,,
resourceWeight_0010,resourceWeight_0010,individual,http://nsxai.org/instances#resourceWeight_0010,cerebellum,Algebra,medium,hard,numberOfViews_value_787,0.447,survivor,numberOfFavorites_value_818,0.339,,,,,,,,,
designPractice_0002,designPractice_0002,individual,http://nsxai.org/instances#designPractice_0002,cerebellum,Statistics,expert,easy,numberOfViews_value_468,0.266,survivor,numberOfFavorites_value_279,0.515,,,,,,,,,0.642
achievements_0001,achievements_0001,individual,http://nsxai.org/instances#achievements_0001,striatum,Computer Science,easy,medium,numberOfViews_value_747,0.15,cooperative,numberOfFavorites_value_694,0.199,,,,,,,,,
player_0014,player_0014,individual,http://nsxai.org/instances#player_0014,cerebellum,Literature,expert,hard,numberOfViews_value_829,0.028,achiever,numberOfFavorites_value_645,0.555,,,,,,,,0.631,
nonGameContext_0002,nonGameContext_0002,individual,http://nsxai.org/instances#nonGameContext_0002,striatum,Literature,medium,hard,numberOfViews_value_778,0.142,achiever,numberOfFavorites_value_823,0.051,,,,,,,,,
conqueror_0003,conqueror_0003,individual,http://nsxai.org/instances#conqueror_0003,amygdala,Data Science,expert,expert,numberOfViews_value_948,0.857,competitive,numberOfFavorites_value_760,0.985,,,,,,,,,
studentModel_0011,studentModel_0011,individual,http://nsxai.org/instances#studentModel_0011,prefrontal,Computer Science,expert,hard,numberOfViews_value_509,0.516,exploratory,numberOfFavorites_value_798,0.023,,,,,,,,,
metric_0021,metric_0021,individual,http://nsxai.org/instances#metric_0021,amygdala,Philosophy,medium,medium,numberOfViews_value_799,0.675,competitive,numberOfFavorites_value_251,0.529,,,,,23.9,xp_earned,26.32,,
evaluationResource_0001,evaluationResource_0001,individual,http://nsxai.org/instances#evaluationResource_0001,striatum,Physics,expert,expert,numberOfViews_value_276,0.466,survivor,numberOfFavorites_value_248,0.738,,,,,,,,,
player_0008,player_0008,individual,http://nsxai.org/instances#player_0008,prefrontal,History,easy,hard,numberOfViews_value_835,0.05,achiever,numberOfFavorites_value_598,0.176,,,,,,,,0.346,
writingEvaluation_0004,writingEvaluation_0004,individual,http://nsxai.org/instances#writingEvaluation_0004,striatum,Geography,expert,hard,numberOfViews_value_434,0.671,competitive,numberOfFavorites_value_404,0.098,,,,,,,,,
rewards_0001,rewards_0001,individual,http://nsxai.org/instances#rewards_0001,amygdala,Geography,hard,expert,numberOfViews_value_437,0.076,competitive,numberOfFavorites_value_84,0.397,,,,,,,,,
course_0009,course_0009,individual,http://nsxai.org/instances#course_0009,hippocampus,Literature,expert,expert,numberOfViews_value_12,0.248,survivor,numberOfFavorites_value_344,0.465,,,,,,,,,
competition_0005,competition_0005,individual,http://nsxai.org/instances#competition_0005,striatum,Algebra,hard,expert,numberOfViews_value_362,0.248,exploratory,numberOfFavorites_value_598,0.384,,,,,,,,,
yeeSocializing_0001,yeeSocializing_0001,individual,http://nsxai.org/instances#yeeSocializing_0001,hippocampus,Mathematics,hard,hard,numberOfViews_value_898,0.655,competitive,numberOfFavorites_value_473,0.944,,,,,,,,,
behaviouralKnowledge_0005,behaviouralKnowledge_0005,individual,http://nsxai.org/instances#behaviouralKnowledge_0005,amygdala,Biology,expert,expert,numberOfViews_value_570,0.602,cooperative,numberOfFavorites_value_912,0.407,,,,,,,,,
uRIResource_0009,uRIResource_0009,individual,http://nsxai.org/instances#uRIResource_0009,amygdala,Calculus,hard,hard,numberOfViews_value_442,0.334,survivor,numberOfFavorites_value_938,0.868,,,,,,,,,
matchColumnOption_0008,matchColumnOption_0008,individual,http://nsxai.org/instances#matchColumnOption_0008,striatum,Economics,hard,hard,numberOfViews_value_564,0.503,achiever,numberOfFavorites_value_464,0.416,,,,,,,,,
theme_0002,theme_0002,individual,http://nsxai.org/instances#theme_0002,striatum,Algebra,medium,medium,numberOfViews_value_98,0.525,exploratory,numberOfFavorites_value_996,0.813,,,,,,,,,
problemNext_0004,problemNext_0004,individual,http://nsxai.org/instances#problemNext_0004,prefrontal,Physics,expert,expert,numberOfViews_value_944,0.834,exploratory,numberOfFavorites_value_84,0.412,,,,,,,,,
multipleChoiceProblem_0004,multipleChoiceProblem_0004,individual,http://nsxai.org/instances#multipleChoiceProblem_0004,prefrontal,History,expert,medium,numberOfViews_value_963,0.8,competitive,numberOfFavorites_value_638,0.222,,,,,,,,,
resourceList_0003,resourceList_0003,individual,http://nsxai.org/instances#resourceList_0003,cerebellum,Biology,easy,medium,numberOfViews_value_17,0.311,social,numberOfFavorites_value_747,0.977,,,,,,,,,
resourceList_0004,resourceList_0004,individual,http://nsxai.org/instances#resourceList_0004,prefrontal,Computer Science,expert,easy,numberOfViews_value_515,0.468,cooperative,numberOfFavorites_value_173,0.055,,,,,,,,,
curriculum_0010,curriculum_0010,individual,http://nsxai.org/instances#curriculum_0010,hippocampus,Statistics,hard,hard,numberOfViews_value_384,0.35,survivor,numberOfFavorites_value_668,0.718,,,,,,,,,
domainModel_0004,domainModel_0004,individual,http://nsxai.org/instances#domainModel_0004,amygdala,Statistics,hard,easy,numberOfViews_value_758,0.488,achiever,numberOfFavorites_value_967,0.901,,,,,,,,,
emotions_0003,emotions_0003,individual,http://nsxai.org/instances#emotions_0003,cerebellum,Physics,medium,hard,numberOfViews_value_533,0.924,social,numberOfFavorites_value_838,0.88,,,,,,,,,
form_0003,form_0003,individual,http://nsxai.org/instances#form_0003,prefrontal,History,expert,easy,numberOfViews_value_672,0.234,social,numberOfFavorites_value_721,0.3,,,,,,,,,
matchColumnProblem_0003,matchColumnProblem_0003,individual,http://nsxai.org/instances#matchColumnProblem_0003,cerebellum,Algebra,easy,expert,numberOfViews_value_120,0.503,exploratory,numberOfFavorites_value_923,0.956,,,,,,,,,
targetBehavior_0040,targetBehavior_0040,individual,http://nsxai.org/instances#targetBehavior_0040,striatum,Philosophy,hard,easy,numberOfViews_value_363,0.189,exploratory,numberOfFavorites_value_830,0.34,,,,,,,,,
activity_0017,activity_0017,individual,http://nsxai.org/instances#activity_0017,prefrontal,Mathematics,medium,medium,numberOfViews_value_321,0.204,achiever,numberOfFavorites_value_630,0.449,,,,,,,,,
chances_0005,chances_0005,individual,http://nsxai.org/instances#chances_0005,amygdala,Physics,medium,hard,numberOfViews_value_844,0.489,competitive,numberOfFavorites_value_869,0.415,,,,,,,,,
metric_0052,metric_0052,individual,http://nsxai.org/instances#metric_0052,amygdala,Philosophy,hard,medium,numberOfViews_value_907,0.096,competitive,numberOfFavorites_value_545,0.556,,,,,67.6,streak_count,68.17,,
categoryPerformance_0002,categoryPerformance_0002,individual,http://nsxai.org/instances#categoryPerformance_0002,striatum,Mathematics,expert,expert,numberOfViews_value_752,0.958,survivor,numberOfFavorites_value_103,0.188,,,,,,,,,
brainHex_0018,brainHex_0018,individual,http://nsxai.org/instances#brainHex_0018,cerebellum,Algebra,medium,expert,numberOfViews_value_826,0.943,achiever,numberOfFavorites_value_168,0.318,,,,,,,,,
resolution_0002,resolution_0002,individual,http://nsxai.org/instances#resolution_0002,hippocampus,Computer Science,expert,easy,numberOfViews_value_920,0.105,achiever,numberOfFavorites_value_83,0.283,,,,,,,,,
targetBehavior_0011,targetBehavior_0011,individual,http://nsxai.org/instances#targetBehavior_0011,amygdala,Chemistry,hard,hard,numberOfViews_value_181,0.787,exploratory,numberOfFavorites_value_897,0.08,,,,,,,,,
gamificationModel_0005,gamificationModel_0005,individual,http://nsxai.org/instances#gamificationModel_0005,hippocampus,Philosophy,expert,expert,numberOfViews_value_723,0.092,exploratory,numberOfFavorites_value_107,0.843,,,,,,,,,
conqueror_0001,conqueror_0001,individual,http://nsxai.org/instances#conqueror_0001,cerebellum,Data Science,hard,medium,numberOfViews_value_803,0.442,competitive,numberOfFavorites_value_782,0.691,,,,,,,,,
playerAction_0008,playerAction_0008,individual,http://nsxai.org/instances#playerAction_0008,cerebellum,Philosophy,medium,medium,numberOfViews_value_732,0.512,social,numberOfFavorites_value_662,0.317,,,,,,,,,
targetBehavior_0027,targetBehavior_0027,individual,http://nsxai.org/instances#targetBehavior_0027,striatum,Economics,easy,expert,numberOfViews_value_953,0.106,survivor,numberOfFavorites_value_353,0.392,,,,,,,,,
sequencing_0008,sequencing_0008,individual,http://nsxai.org/instances#sequencing_0008,prefrontal,History,expert,medium,numberOfViews_value_367,0.74,survivor,numberOfFavorites_value_620,0.444,,,,,,,,,
gamificationModel_0010,gamificationModel_0010,individual,http://nsxai.org/instances#gamificationModel_0010,cerebellum,Algebra,medium,easy,numberOfViews_value_828,0.177,competitive,numberOfFavorites_value_275,0.362,,,,,,,,,
activity_0006,activity_0006,individual,http://nsxai.org/instances#activity_0006,prefrontal,Biology,expert,medium,numberOfViews_value_42,0.991,competitive,numberOfFavorites_value_471,0.642,,,,,,,,,
instrutionalPlan_0011,instrutionalPlan_0011,individual,http://nsxai.org/instances#instrutionalPlan_0011,amygdala,Statistics,medium,easy,numberOfViews_value_656,0.215,cooperative,numberOfFavorites_value_588,0.151,,,,,,,,,
Resolution,Resolution,class,http://meututor.com.br/Ontologies/meututor_domain_resource.owl#Resolution,,,,,,,,,,,,,,,,,,
levels_0005,levels_0005,individual,http://nsxai.org/instances#levels_0005,amygdala,Statistics,expert,medium,numberOfViews_value_560,0.834,competitive,numberOfFavorites_value_727,0.784,,,,,,,,,
methodStep_0006,methodStep_0006,individual,http://nsxai.org/instances#methodStep_0006,striatum,History,medium,easy,numberOfViews_value_562,0.393,achiever,numberOfFavorites_value_708,0.671,,,,,,,,,
question_0007,question_0007,individual,http://nsxai.org/instances#question_0007,cerebellum,Algebra,expert,medium,numberOfViews_value_638,0.837,cooperative,numberOfFavorites_value_399,0.643,,,,,,,,,
problemUnit_0001,problemUnit_0001,individual,http://nsxai.org/instances#problemUnit_0001,striatum,Literature,expert,medium,numberOfViews_value_346,0.184,survivor,numberOfFavorites_value_750,0.819,,,,,,,,,
brainHex_0012,brainHex_0012,individual,http://nsxai.org/instances#brainHex_0012,prefrontal,History,easy,medium,numberOfViews_value_912,0.235,exploratory,numberOfFavorites_value_56,0.515,,,,,,,,,
quests_0004,quests_0004,individual,http://nsxai.org/instances#quests_0004,hippocampus,Literature,medium,hard,numberOfViews_value_708,0.319,survivor,numberOfFavorites_value_99,0.919,,,,,,,,,
targetBehavior_0024,targetBehavior_0024,individual,http://nsxai.org/instances#targetBehavior_0024,cerebellum,Geography,easy,easy,numberOfViews_value_659,0.812,social,numberOfFavorites_value_409,0.359,,,,,,,,,
metric_0049,metric_0049,individual,http://nsxai.org/instances#metric_0049,cerebellum,Literature,hard,hard,numberOfViews_value_192,0.443,survivor,numberOfFavorites_value_944,0.797,,,,,55.0,streak_count,58.82,,
container_0003,container_0003,individual,http://nsxai.org/instances#container_0003,striatum,Mathematics,medium,easy,numberOfViews_value_935,0.625,survivor,numberOfFavorites_value_862,0.362,,,,,,,,,
player_0013,player_0013,individual,http://nsxai.org/instances#player_0013,hippocampus,History,hard,easy,numberOfViews_value_780,0.263,achiever,numberOfFavorites_value_654,0.449,,,,,,,,0.446,
errorBug_0005,errorBug_0005,individual,http://nsxai.org/instances#errorBug_0005,hippocampus,History,expert,expert,numberOfViews_value_861,0.216,cooperative,numberOfFavorites_value_243,0.566,,,,,,,,,
brainHex_0003,brainHex_0003,individual,http://nsxai.org/instances#brainHex_0003,hippocampus,Calculus,medium,medium,numberOfViews_value_881,0.555,exploratory,numberOfFavorites_value_426,0.173,,,,,,,,,
playerAction_0003,playerAction_0003,individual,http://nsxai.org/instances#playerAction_0003,striatum,Biology,easy,medium,numberOfViews_value_668,0.084,competitive,numberOfFavorites_value_298,0.486,,,,,,,,,
motivationAndNeedTheory_0005,motivationAndNeedTheory_0005,individual,http://nsxai.org/instances#motivationAndNeedTheory_0005,cerebellum,Algebra,expert,hard,numberOfViews_value_563,0.448,survivor,numberOfFavorites_value_185,0.565,,,,,,,,,
yeeCompetition_0002,yeeCompetition_0002,individual,http://nsxai.org/instances#yeeCompetition_0002,striatum,Data Science,medium,medium,numberOfViews_value_150,0.994,exploratory,numberOfFavorites_value_952,0.767,,,,,,,,,
domain_0002,domain_0002,individual,http://nsxai.org/instances#domain_0002,striatum,Data Science,medium,easy,numberOfViews_value_773,0.188,survivor,numberOfFavorites_value_289,0.124,,,,,,,,,
designPractice_0009,designPractice_0009,individual,http://nsxai.org/instances#designPractice_0009,cerebellum,Literature,hard,expert,numberOfViews_value_264,0.544,survivor,numberOfFavorites_value_848,0.049,,,,,,,,,0.61
targetBehavior_0007,targetBehavior_0007,individual,http://nsxai.org/instances#targetBehavior_0007,striatum,Economics,expert,hard,numberOfViews_value_218,0.504,competitive,numberOfFavorites_value_474,0.622,,,,,,,,,
motivationAndNeedTheory_0004,motivationAndNeedTheory_0004,individual,http://nsxai.org/instances#motivationAndNeedTheory_0004,amygdala,Algebra,medium,hard,numberOfViews_value_728,0.165,social,numberOfFavorites_value_850,0.293,,,,,,,,,
domain_0005,domain_0005,individual,http://nsxai.org/instances#domain_0005,cerebellum,Data Science,easy,easy,numberOfViews_value_336,0.081,exploratory,numberOfFavorites_value_4,0.75,,,,,,,,,
conqueror_0002,conqueror_0002,individual,http://nsxai.org/instances#conqueror_0002,hippocampus,Algebra,hard,expert,numberOfViews_value_690,0.729,competitive,numberOfFavorites_value_451,0.161,,,,,,,,,
resourceAcquisition_0001,resourceAcquisition_0001,individual,http://nsxai.org/instances#resourceAcquisition_0001,cerebellum,Data Science,easy,hard,numberOfViews_value_953,0.348,achiever,numberOfFavorites_value_169,0.831,,,,,,,,,
conqueror_0005,conqueror_0005,individual,http://nsxai.org/instances#conqueror_0005,hippocampus,Economics,easy,easy,numberOfViews_value_760,0.685,competitive,numberOfFavorites_value_829,0.675,,,,,,,,,
brainHex_0016,brainHex_0016,individual,http://nsxai.org/instances#brainHex_0016,hippocampus,Literature,easy,medium,numberOfViews_value_49,0.947,achiever,numberOfFavorites_value_866,0.872,,,,,,,,,
status_0002,status_0002,individual,http://nsxai.org/instances#status_0002,prefrontal,Chemistry,expert,easy,numberOfViews_value_455,0.25,competitive,numberOfFavorites_value_662,0.452,,,,,,,,,
achiever_0001,achiever_0001,individual,http://nsxai.org/instances#achiever_0001,prefrontal,Statistics,medium,expert,numberOfViews_value_125,0.692,achiever,numberOfFavorites_value_138,0.672,,,,,,,,,
playerAction_0002,playerAction_0002,individual,http://nsxai.org/instances#playerAction_0002,hippocampus,Economics,hard,expert,numberOfViews_value_131,0.889,competitive,numberOfFavorites_value_456,0.561,,,,,,,,,
behaviouralKnowledge_0007,behaviouralKnowledge_0007,individual,http://nsxai.org/instances#behaviouralKnowledge_0007,striatum,Calculus,medium,hard,numberOfViews_value_323,0.972,exploratory,numberOfFavorites_value_602,0.982,,,,,,,,,
userAccount_0002,userAccount_0002,individual,http://nsxai.org/instances#userAccount_0002,prefrontal,Physics,easy,medium,numberOfViews_value_672,0.245,survivor,numberOfFavorites_value_218,0.635,,,,,,,,,
mt:Domain,mt:Domain,resource,mt:Domain,,,,,,,,,,,,,,,,,,
option_0008,option_0008,individual,http://nsxai.org/instances#option_0008,cerebellum,Computer Science,easy,hard,numberOfViews_value_889,0.205,survivor,numberOfFavorites_value_8,0.036,,,,,,,,,
selfDeterminationTheory_0003,selfDeterminationTheory_0003,individual,http://nsxai.org/instances#selfDeterminationTheory_0003,prefrontal,Economics,hard,hard,numberOfViews_value_142,0.705,cooperative,numberOfFavorites_value_78,0.859,,,,,,,,,
strategy_0002,strategy_0002,individual,http://nsxai.org/instances#strategy_0002,amygdala,Data Science,expert,expert,numberOfViews_value_321,0.173,achiever,numberOfFavorites_value_845,0.184,,,,,,,,,
designPractice_0007,designPractice_0007,individual,http://nsxai.org/instances#designPractice_0007,hippocampus,Geography,medium,hard,numberOfViews_value_191,0.437,competitive,numberOfFavorites_value_427,0.62,,,,,,,,,0.784
instrutionalPlan_0009,instrutionalPlan_0009,individual,http://nsxai.org/instances#instrutionalPlan_0009,prefrontal,Algebra,expert,expert,numberOfViews_value_876,0.38,achiever,numberOfFavorites_value_630,0.145,,,,,,,,,
methodStep_0003,methodStep_0003,individual,http://nsxai.org/instances#methodStep_0003,prefrontal,Chemistry,hard,easy,numberOfViews_value_307,0.739,exploratory,numberOfFavorites_value_95,0.16,,,,,,,,,
targetBehavior_0025,targetBehavior_0025,individual,http://nsxai.org/instances#targetBehavior_0025,hippocampus,Literature,easy,easy,numberOfViews_value_572,0.912,cooperative,numberOfFavorites_value_248,0.615,,,,,,,,,
resource_0017,resource_0017,individual,http://nsxai.org/instances#resource_0017,prefrontal,Algebra,hard,easy,825,0.503,survivor,28,0.436,,,,0.606,,,,,
problem_0014,problem_0014,individual,http://nsxai.org/instances#problem_0014,prefrontal,Calculus,medium,hard,numberOfViews_value_401,0.559,exploratory,numberOfFavorites_value_94,0.842,,,,,,,,,
resourceWeight_0007,resourceWeight_0007,individual,http://nsxai.org/instances#resourceWeight_0007,striatum,Philosophy,hard,hard,numberOfViews_value_742,0.101,exploratory,numberOfFavorites_value_184,0.818,,,,,,,,,
progressiveLoop_0002,progressiveLoop_0002,individual,http://nsxai.org/instances#progressiveLoop_0002,prefrontal,Geography,expert,medium,numberOfViews_value_64,0.915,achiever,numberOfFavorites_value_441,0.097,0.79,,,,,,,,
problem_0002,problem_0002,individual,http://nsxai.org/instances#problem_0002,prefrontal,Data Science,expert,expert,numberOfViews_value_163,0.957,cooperative,numberOfFavorites_value_261,0.578,,,,,,,,,
comment_0008,comment_0008,individual,http://nsxai.org/instances#comment_0008,prefrontal,Economics,expert,medium,numberOfViews_value_825,0.044,social,numberOfFavorites_value_861,0.046,,,,,,,,,
diagnosis_0001,diagnosis_0001,individual,http://nsxai.org/instances#diagnosis_0001,hippocampus,Statistics,hard,expert,numberOfViews_value_169,0.993,competitive,numberOfFavorites_value_164,0.805,,,,,,,,,
metric_0036,metric_0036,individual,http://nsxai.org/instances#metric_0036,prefrontal,Mathematics,easy,expert,numberOfViews_value_823,0.985,survivor,numberOfFavorites_value_227,0.295,,,,,78.78,attempt_count,42.11,,
problemNext_0013,problemNext_0013,individual,http://nsxai.org/instances#problemNext_0013,hippocampus,Chemistry,easy,expert,numberOfViews_value_983,0.164,social,numberOfFavorites_value_670,0.959,,,,,,,,,
diagnosis_0008,diagnosis_0008,individual,http://nsxai.org/instances#diagnosis_0008,cerebellum,Chemistry,easy,hard,numberOfViews_value_501,0.319,achiever,numberOfFavorites_value_298,0.76,,,,,,,,,
studentModel_0006,studentModel_0006,individual,http://nsxai.org/instances#studentModel_0006,striatum,Economics,easy,medium,numberOfViews_value_552,0.371,cooperative,numberOfFavorites_value_734,0.478,,,,,,,,,
metric_0026,metric_0026,individual,http://nsxai.org/instances#metric_0026,prefrontal,Chemistry,hard,hard,numberOfViews_value_355,0.919,competitive,numberOfFavorites_value_442,0.456,,,,,81.18,correct_answers,87.66,,
engagementLoop_0003,engagementLoop_0003,individual,http://nsxai.org/instances#engagementLoop_0003,amygdala,Computer Science,expert,hard,numberOfViews_value_528,0.616,cooperative,numberOfFavorites_value_291,0.949,,false,0.149,,,,,,
categoryEffectiveness_0003,categoryEffectiveness_0003,individual,http://nsxai.org/instances#categoryEffectiveness_0003,amygdala,Economics,hard,medium,numberOfViews_value_740,0.347,competitive,numberOfFavorites_value_480,0.77,,,,,,,,,
brainHex_0001,brainHex_0001,individual,http://nsxai.org/instances#brainHex_0001,prefrontal,History,hard,medium,numberOfViews_value_349,0.768,cooperative,numberOfFavorites_value_68,0.461,,,,,,,,,
tactic_0006,tactic_0006,individual,http://nsxai.org/instances#tactic_0006,amygdala,Mathematics,easy,medium,numberOfViews_value_473,0.436,survivor,numberOfFavorites_value_87,0.473,,,,,,,,,
targetBehavior_0010,targetBehavior_0010,individual,http://nsxai.org/instances#targetBehavior_0010,striatum,Data Science,medium,easy,numberOfViews_value_393,0.594,survivor,numberOfFavorites_value_412,0.95,,,,,,,,,
errorMisconception_0002,errorMisconception_0002,individual,http://nsxai.org/instances#errorMisconception_0002,cerebellum,Philosophy,medium,hard,numberOfViews_value_424,0.719,exploratory,numberOfFavorites_value_289,0.695,,,,,,,,,
brainHex_0004,brainHex_0004,individual,http://nsxai.org/instances#brainHex_0004,prefrontal,History,medium,hard,numberOfViews_value_525,0.984,social,numberOfFavorites_value_465,0.731,,,,,,,,,
knowledgeUnit_0014,knowledgeUnit_0014,individual,http://nsxai.org/instances#knowledgeUnit_0014,cerebellum,Literature,hard,hard,numberOfViews_value_469,0.906,achiever,numberOfFavorites_value_742,0.228,,,,,,,,,
Yees_Motivational_Components,Yees_Motivational_Components,class,http://surveys.nees.com.br/ontologies/gado_full.owl#Yees_Motivational_Components,,,,,,,,,,,,,,,,,,
methodStep_0004,methodStep_0004,individual,http://nsxai.org/instances#methodStep_0004,prefrontal,Economics,medium,easy,numberOfViews_value_490,0.286,social,numberOfFavorites_value_363,0.992,,,,,,,,,
option_0003,option_0003,individual,http://nsxai.org/instances#option_0003,striatum,Biology,expert,expert,numberOfViews_value_992,0.183,survivor,numberOfFavorites_value_388,0.499,,,,,,,,,
curriculumUnit_0003,curriculumUnit_0003,individual,http://nsxai.org/instances#curriculumUnit_0003,hippocampus,Biology,expert,easy,numberOfViews_value_894,0.47,survivor,numberOfFavorites_value_913,0.873,,,,,,,,,
story_0004,story_0004,individual,http://nsxai.org/instances#story_0004,prefrontal,Calculus,medium,hard,numberOfViews_value_393,0.275,exploratory,numberOfFavorites_value_530,0.509,,,,,,,,,
bugMisconception_0005,bugMisconception_0005,individual,http://nsxai.org/instances#bugMisconception_0005,cerebellum,Philosophy,easy,expert,numberOfViews_value_255,0.074,survivor,numberOfFavorites_value_192,0.833,,,,,,,,,
brainHex_0008,brainHex_0008,individual,http://nsxai.org/instances#brainHex_0008,striatum,Statistics,easy,expert,numberOfViews_value_800,0.019,achiever,numberOfFavorites_value_746,0.728,,,,,,,,,
rightColumn_0005,rightColumn_0005,individual,http://nsxai.org/instances#rightColumn_0005,amygdala,Data Science,medium,easy,numberOfViews_value_411,0.547,cooperative,numberOfFavorites_value_43,0.026,,,,,,,,,
virtualGoods_0005,virtualGoods_0005,individual,http://nsxai.org/instances#virtualGoods_0005,amygdala,Geography,medium,medium,numberOfViews_value_629,0.179,survivor,numberOfFavorites_value_564,0.552,,,,,,,,,
course_0003,course_0003,individual,http://nsxai.org/instances#course_0003,amygdala,Data Science,expert,easy,numberOfViews_value_200,0.92,achiever,numberOfFavorites_value_586,0.986,,,,,,,,,
gamifiedITS_0001,gamifiedITS_0001,individual,http://nsxai.org/instances#gamifiedITS_0001,striatum,Computer Science,easy,hard,numberOfViews_value_526,0.759,achiever,numberOfFavorites_value_126,0.372,,,,,,,,,
combat_0002,combat_0002,individual,http://nsxai.org/instances#combat_0002,striatum,History,expert,medium,numberOfViews_value_232,0.31,achiever,numberOfFavorites_value_197,0.595,,,,,,,,,
course_0005,course_0005,individual,http://nsxai.org/instances#course_0005,amygdala,Computer Science,easy,expert,numberOfViews_value_267,0.74,exploratory,numberOfFavorites_value_990,0.54,,,,,,,,,
teams_0002,teams_0002,individual,http://nsxai.org/instances#teams_0002,prefrontal,Geography,easy,hard,numberOfViews_value_684,0.397,social,numberOfFavorites_value_714,0.844,,,,,,,,,
statement_0002,statement_0002,individual,http://nsxai.org/instances#statement_0002,prefrontal,Chemistry,expert,easy,numberOfViews_value_140,0.617,competitive,numberOfFavorites_value_277,0.08,,,,,,,,,
motivation_0003,motivation_0003,individual,http://nsxai.org/instances#motivation_0003,striatum,Algebra,hard,expert,numberOfViews_value_752,0.113,social,numberOfFavorites_value_913,0.658,,,,,,,,,
statement_0007,statement_0007,individual,http://nsxai.org/instances#statement_0007,striatum,Philosophy,expert,expert,numberOfViews_value_646,0.048,cooperative,numberOfFavorites_value_17,0.804,,,,,,,,,
survivor_0005,survivor_0005,individual,http://nsxai.org/instances#survivor_0005,hippocampus,Statistics,hard,medium,numberOfViews_value_100,0.225,survivor,numberOfFavorites_value_641,0.759,,,,,,,,,
points_0002,points_0002,individual,http://nsxai.org/instances#points_0002,amygdala,Geography,hard,hard,numberOfViews_value_700,0.056,social,numberOfFavorites_value_717,0.197,,,,,,,,,
selfDeterminationTheory_0001,selfDeterminationTheory_0001,individual,http://nsxai.org/instances#selfDeterminationTheory_0001,prefrontal,History,expert,hard,numberOfViews_value_707,0.687,social,numberOfFavorites_value_949,0.08,,,,,,,,,
problem_0020,problem_0020,individual,http://nsxai.org/instances#problem_0020,cerebellum,Computer Science,hard,easy,numberOfViews_value_176,0.019,competitive,numberOfFavorites_value_113,0.947,,,,,,,,,
resolutionMethod_0006,resolutionMethod_0006,individual,http://nsxai.org/instances#resolutionMethod_0006,prefrontal,Algebra,hard,easy,numberOfViews_value_507,0.094,competitive,numberOfFavorites_value_659,0.689,,,,,,,,,
motivation_0005,motivation_0005,individual,http://nsxai.org/instances#motivation_0005,prefrontal,Literature,expert,easy,numberOfViews_value_408,0.811,survivor,numberOfFavorites_value_851,0.235,,,,,,,,,
gamifiedITS_0003,gamifiedITS_0003,individual,http://nsxai.org/instances#gamifiedITS_0003,amygdala,Literature,easy,medium,numberOfViews_value_988,0.714,social,numberOfFavorites_value_802,0.312,,,,,,,,,
yeeSocialComponent_0001,yeeSocialComponent_0001,individual,http://nsxai.org/instances#yeeSocialComponent_0001,striatum,History,expert,hard,numberOfViews_value_598,0.826,social,numberOfFavorites_value_153,0.255,,,,,,,,,
gDEMechanic_0003,gDEMechanic_0003,individual,http://nsxai.org/instances#gDEMechanic_0003,cerebellum,Computer Science,hard,expert,numberOfViews_value_763,0.502,cooperative,numberOfFavorites_value_428,0.256,,,,,,,,,
quests_0001,quests_0001,individual,http://nsxai.org/instances#quests_0001,cerebellum,Computer Science,hard,hard,numberOfViews_value_476,0.081,cooperative,numberOfFavorites_value_540,0.446,,,,,,,,,
leftColumn_0010,leftColumn_0010,individual,http://nsxai.org/instances#leftColumn_0010,amygdala,Computer Science,medium,easy,numberOfViews_value_576,0.329,cooperative,numberOfFavorites_value_198,0.834,,,,,,,,,
motivationalAffordance_0004,motivationalAffordance_0004,individual,http://nsxai.org/instances#motivationalAffordance_0004,hippocampus,Economics,medium,medium,numberOfViews_value_301,0.123,survivor,numberOfFavorites_value_802,0.555,,,,,,,,,
designPractice_0001,designPractice_0001,individual,http://nsxai.org/instances#designPractice_0001,striatum,Geography,expert,easy,numberOfViews_value_922,0.121,survivor,numberOfFavorites_value_893,0.354,,,,,,,,,0.622
diagnosis_0002,diagnosis_0002,individual,http://nsxai.org/instances#diagnosis_0002,amygdala,Economics,expert,medium,numberOfViews_value_506,0.32,social,numberOfFavorites_value_915,0.597,,,,,,,,,
misconception_0001,misconception_0001,individual,http://nsxai.org/instances#misconception_0001,prefrontal,Physics,easy,medium,numberOfViews_value_477,0.839,competitive,numberOfFavorites_value_975,0.69,,,,,,,,,
chances_0001,chances_0001,individual,http://nsxai.org/instances#chances_0001,prefrontal,Economics,expert,expert,numberOfViews_value_988,0.345,social,numberOfFavorites_value_508,0.149,,,,,,,,,
knowledgeUnit_0010,knowledgeUnit_0010,individual,http://nsxai.org/instances#knowledgeUnit_0010,amygdala,History,expert,medium,numberOfViews_value_221,0.94,cooperative,numberOfFavorites_value_242,0.917,,,,,,,,,
problemNext_0019,problemNext_0019,individual,http://nsxai.org/instances#problemNext_0019,prefrontal,Computer Science,easy,easy,numberOfViews_value_594,0.534,exploratory,numberOfFavorites_value_846,0.777,,,,,,,,,
seeker_0003,seeker_0003,individual,http://nsxai.org/instances#seeker_0003,striatum,Computer Science,medium,expert,numberOfViews_value_433,0.392,exploratory,numberOfFavorites_value_20,0.295,,,,,,,,,
domain_0003,domain_0003,individual,http://nsxai.org/instances#domain_0003,amygdala,Statistics,medium,medium,numberOfViews_value_375,0.353,achiever,numberOfFavorites_value_410,0.587,,,,,,,,,
playerAction_0007,playerAction_0007,individual,http://nsxai.org/instances#playerAction_0007,amygdala,Physics,hard,hard,numberOfViews_value_628,0.976,achiever,numberOfFavorites_value_784,0.841,,,,,,,,,
resolutionMethod_0010,resolutionMethod_0010,individual,http://nsxai.org/instances#resolutionMethod_0010,prefrontal,Chemistry,medium,expert,numberOfViews_value_317,0.014,achiever,numberOfFavorites_value_674,0.751,,,,,,,,,
turns_0001,turns_0001,individual,http://nsxai.org/instances#turns_0001,amygdala,Algebra,hard,medium,numberOfViews_value_182,0.388,survivor,numberOfFavorites_value_460,0.664,,,,,,,,,
competition_0004,competition_0004,individual,http://nsxai.org/instances#competition_0004,prefrontal,Economics,medium,hard,numberOfViews_value_825,0.659,exploratory,numberOfFavorites_value_251,0.942,,,,,,,,,
course_0004,course_0004,individual,http://nsxai.org/instances#course_0004,amygdala,Data Science,medium,medium,numberOfViews_value_450,0.883,survivor,numberOfFavorites_value_875,0.22,,,,,,,,,
problemUnit_0007,problemUnit_0007,individual,http://nsxai.org/instances#problemUnit_0007,hippocampus,Physics,hard,expert,numberOfViews_value_934,0.044,achiever,numberOfFavorites_value_691,0.667,,,,,,,,,
collections_0004,collections_0004,individual,http://nsxai.org/instances#collections_0004,cerebellum,Literature,hard,hard,numberOfViews_value_20,0.055,social,numberOfFavorites_value_447,0.221,,,,,,,,,
typeTactic,typeTactic,datatype_property,http://surveys.nees.com.br/ontologies/its/its_pedagogical.owl#typeTactic,,,,,,,,,,,,,,,,,,
player_0018,player_0018,individual,http://nsxai.org/instances#player_0018,prefrontal,Computer Science,expert,medium,numberOfViews_value_273,0.993,social,numberOfFavorites_value_290,0.129,,,,,,,,0.296,
diagnosis_0005,diagnosis_0005,individual,http://nsxai.org/instances#diagnosis_0005,hippocampus,Mathematics,easy,easy,numberOfViews_value_106,0.385,survivor,numberOfFavorites_value_13,0.242,,,,,,,,,
activity_0002,activity_0002,individual,http://nsxai.org/instances#activity_0002,amygdala,Data Science,medium,medium,numberOfViews_value_827,0.84,exploratory,numberOfFavorites_value_413,0.4,,,,,,,,,
multipleChoiceOption_0005,multipleChoiceOption_0005,individual,http://nsxai.org/instances#multipleChoiceOption_0005,striatum,Calculus,hard,hard,numberOfViews_value_895,0.488,survivor,numberOfFavorites_value_310,0.932,,,,,,,,,
question_0016,question_0016,individual,http://nsxai.org/instances#question_0016,prefrontal,Physics,hard,easy,numberOfViews_value_459,0.814,achiever,numberOfFavorites_value_90,0.831,,,,,,,,,
targetBehavior_0034,targetBehavior_0034,individual,http://nsxai.org/instances#targetBehavior_0034,prefrontal,Algebra,medium,hard,numberOfViews_value_373,0.414,exploratory,numberOfFavorites_value_442,0.527,,,,,,,,,
playerType_0007,playerType_0007,individual,http://nsxai.org/instances#playerType_0007,striatum,Statistics,expert,medium,numberOfViews_value_770,0.614,social,numberOfFavorites_value_492,0.897,,,,,,,,,
matchColumnProblem_0007,matchColumnProblem_0007,individual,http://nsxai.org/instances#matchColumnProblem_0007,prefrontal,Biology,hard,easy,numberOfViews_value_904,0.418,cooperative,numberOfFavorites_value_714,0.457,,,,,,,,,
categoryPerformance_0001,categoryPerformance_0001,individual,http://nsxai.org/instances#categoryPerformance_0001,hippocampus,Algebra,easy,hard,numberOfViews_value_440,0.235,cooperative,numberOfFavorites_value_619,0.064,,,,,,,,,
competence_0008,competence_0008,individual,http://nsxai.org/instances#competence_0008,amygdala,Statistics,medium,expert,numberOfViews_value_278,0.553,cooperative,numberOfFavorites_value_735,0.686,,,,,,,,,
fillBlanksOption_0004,fillBlanksOption_0004,individual,http://nsxai.org/instances#fillBlanksOption_0004,hippocampus,Philosophy,hard,hard,numberOfViews_value_177,0.529,competitive,numberOfFavorites_value_159,0.112,,,,,,,,,
question_0014,question_0014,individual,http://nsxai.org/instances#question_0014,prefrontal,Biology,hard,hard,numberOfViews_value_939,0.371,social,numberOfFavorites_value_947,0.748,,,,,,,,,
resource_0007,resource_0007,individual,http://nsxai.org/instances#resource_0007,amygdala,Philosophy,easy,easy,740,0.212,cooperative,177,0.329,,,,0.847,,,,,
comment_0003,comment_0003,individual,http://nsxai.org/instances#comment_0003,hippocampus,Algebra,medium,hard,numberOfViews_value_587,0.389,achiever,numberOfFavorites_value_229,0.269,,,,,,,,,
turns_0004,turns_0004,individual,http://nsxai.org/instances#turns_0004,hippocampus,Geography,easy,expert,numberOfViews_value_767,0.747,achiever,numberOfFavorites_value_216,0.156,,,,,,,,,
discursiveOption_0009,discursiveOption_0009,individual,http://nsxai.org/instances#discursiveOption_0009,prefrontal,Mathematics,expert,easy,numberOfViews_value_5,0.315,social,numberOfFavorites_value_652,0.142,,,,,,,,,
Chances,Chances,class,http://surveys.nees.com.br/ontologies/gado_core.owl#Chances,,,,,,,,,,,,,,,,,,
fillBlanksProblem_0006,fillBlanksProblem_0006,individual,http://nsxai.org/instances#fillBlanksProblem_0006,prefrontal,Economics,medium,easy,numberOfViews_value_792,0.781,competitive,numberOfFavorites_value_204,0.901,,,,,,,,,
trueOrFalseOption_0007,trueOrFalseOption_0007,individual,http://nsxai.org/instances#trueOrFalseOption_0007,prefrontal,Biology,hard,easy,numberOfViews_value_708,0.202,survivor,numberOfFavorites_value_165,0.995,,,,,,,,,
activity_0005,activity_0005,individual,http://nsxai.org/instances#activity_0005,cerebellum,Mathematics,hard,easy,numberOfViews_value_959,0.915,exploratory,numberOfFavorites_value_103,0.906,,,,,,,,,
sequencing_0010,sequencing_0010,individual,http://nsxai.org/instances#sequencing_0010,amygdala,Algebra,medium,hard,numberOfViews_value_505,0.223,achiever,numberOfFavorites_value_490,0.1,,,,,,,,,
knowledgeUnit_0008,knowledgeUnit_0008,individual,http://nsxai.org/instances#knowledgeUnit_0008,amygdala,Economics,hard,hard,numberOfViews_value_570,0.987,social,numberOfFavorites_value_1,0.171,,,,,,,,,
leaderboards_0002,leaderboards_0002,individual,http://nsxai.org/instances#leaderboards_0002,cerebellum,Physics,medium,hard,numberOfViews_value_731,0.142,competitive,numberOfFavorites_value_657,0.05,,,,,,,,,
combat_0004,combat_0004,individual,http://nsxai.org/instances#combat_0004,prefrontal,Geography,easy,expert,numberOfViews_value_125,0.146,competitive,numberOfFavorites_value_309,0.715,,,,,,,,,
bugMisconception_0001,bugMisconception_0001,individual,http://nsxai.org/instances#bugMisconception_0001,amygdala,Philosophy,easy,medium,numberOfViews_value_216,0.12,competitive,numberOfFavorites_value_188,0.463,,,,,,,,,
contentUnlocking_0002,contentUnlocking_0002,individual,http://nsxai.org/instances#contentUnlocking_0002,striatum,History,medium,medium,numberOfViews_value_894,0.524,competitive,numberOfFavorites_value_483,0.051,,,,,,,,,
resolution_0010,resolution_0010,individual,http://nsxai.org/instances#resolution_0010,hippocampus,Philosophy,hard,hard,numberOfViews_value_717,0.027,cooperative,numberOfFavorites_value_659,0.639,,,,,,,,,
metric_0045,metric_0045,individual,http://nsxai.org/instances#metric_0045,hippocampus,Statistics,medium,medium,numberOfViews_value_126,0.385,cooperative,numberOfFavorites_value_976,0.019,,,,,75.13,progress_ratio,75.86,,
mtcu:has_MissConception,mtcu:has_MissConception,resource,mtcu:has_MissConception,,,,,,,,,,,,,,,,,,
content_0006,content_0006,individual,http://nsxai.org/instances#content_0006,prefrontal,Physics,easy,easy,numberOfViews_value_143,0.809,social,numberOfFavorites_value_830,0.174,,,,,,,,,
fillBlanksProblem_0010,fillBlanksProblem_0010,individual,http://nsxai.org/instances#fillBlanksProblem_0010,striatum,Calculus,expert,expert,numberOfViews_value_449,0.883,exploratory,numberOfFavorites_value_970,0.625,,,,,,,,,
problemUnit_0006,problemUnit_0006,individual,http://nsxai.org/instances#problemUnit_0006,prefrontal,Physics,easy,medium,numberOfViews_value_714,0.532,competitive,numberOfFavorites_value_81,0.616,,,,,,,,,
multipleChoiceOption_0008,multipleChoiceOption_0008,individual,http://nsxai.org/instances#multipleChoiceOption_0008,prefrontal,Physics,hard,easy,numberOfViews_value_41,0.061,achiever,numberOfFavorites_value_779,0.765,,,,,,,,,
motivationAndNeedTheory_0002,motivationAndNeedTheory_0002,individual,http://nsxai.org/instances#motivationAndNeedTheory_0002,hippocampus,Computer Science,hard,medium,numberOfViews_value_630,0.735,achiever,numberOfFavorites_value_667,0.356,,,,,,,,,
motivationalAffordance_0001,motivationalAffordance_0001,individual,http://nsxai.org/instances#motivationalAffordance_0001,cerebellum,History,medium,easy,numberOfViews_value_647,0.461,social,numberOfFavorites_value_490,0.395,,,,,,,,,
domainModel_0009,domainModel_0009,individual,http://nsxai.org/instances#domainModel_0009,hippocampus,Chemistry,medium,expert,numberOfViews_value_88,0.445,exploratory,numberOfFavorites_value_348,0.664,,,,,,,,,
error_0002,error_0002,individual,http://nsxai.org/instances#error_0002,hippocampus,Economics,expert,hard,numberOfViews_value_578,0.267,survivor,numberOfFavorites_value_380,0.028,,,,,,,,,
studentModel_0015,studentModel_0015,individual,http://nsxai.org/instances#studentModel_0015,prefrontal,Economics,medium,hard,numberOfViews_value_435,0.267,exploratory,numberOfFavorites_value_716,0.651,,,,,,,,,
resolution_0004,resolution_0004,individual,http://nsxai.org/instances#resolution_0004,cerebellum,Data Science,medium,medium,numberOfViews_value_380,0.317,exploratory,numberOfFavorites_value_569,0.763,,,,,,,,,
winStates_0001,winStates_0001,individual,http://nsxai.org/instances#winStates_0001,striatum,Philosophy,hard,easy,numberOfViews_value_573,0.516,competitive,numberOfFavorites_value_850,0.034,,,,,,,,,
categoryParticipation_0002,categoryParticipation_0002,individual,http://nsxai.org/instances#categoryParticipation_0002,prefrontal,Biology,expert,hard,numberOfViews_value_435,0.071,exploratory,numberOfFavorites_value_949,0.308,,,,,,,,,
studentModel_0004,studentModel_0004,individual,http://nsxai.org/instances#studentModel_0004,striatum,Chemistry,easy,easy,numberOfViews_value_2,0.151,exploratory,numberOfFavorites_value_278,0.446,,,,,,,,,
metric_0023,metric_0023,individual,http://nsxai.org/instances#metric_0023,amygdala,Data Science,easy,medium,numberOfViews_value_653,0.13,competitive,numberOfFavorites_value_889,0.262,,,,,34.94,hint_usage,19.3,,
categoryExploration_0002,categoryExploration_0002,individual,http://nsxai.org/instances#categoryExploration_0002,cerebellum,Calculus,hard,medium,numberOfViews_value_647,0.012,social,numberOfFavorites_value_333,0.015,,,,,,,,,
metric_0056,metric_0056,individual,http://nsxai.org/instances#metric_0056,cerebellum,Physics,hard,medium,numberOfViews_value_719,0.44,cooperative,numberOfFavorites_value_78,0.646,,,,,83.93,progress_ratio,100.02,,
playerAction_0011,playerAction_0011,individual,http://nsxai.org/instances#playerAction_0011,prefrontal,Data Science,easy,hard,numberOfViews_value_823,0.068,cooperative,numberOfFavorites_value_811,0.914,,,,,,,,,
multipleChoiceOption_0003,multipleChoiceOption_0003,individual,http://nsxai.org/instances#multipleChoiceOption_0003,amygdala,Data Science,expert,medium,numberOfViews_value_420,0.012,exploratory,numberOfFavorites_value_836,0.169,,,,,,,,,
problem_0017,problem_0017,individual,http://nsxai.org/instances#problem_0017,cerebellum,Biology,easy,expert,numberOfViews_value_412,0.138,cooperative,numberOfFavorites_value_72,0.671,,,,,,,,,
problem_0004,problem_0004,individual,http://nsxai.org/instances#problem_0004,striatum,Mathematics,hard,expert,numberOfViews_value_228,0.583,competitive,numberOfFavorites_value_553,0.011,,,,,,,,,
comment_0010,comment_0010,individual,http://nsxai.org/instances#comment_0010,amygdala,Algebra,hard,medium,numberOfViews_value_91,0.662,achiever,numberOfFavorites_value_850,0.219,,,,,,,,,
sequencing_0017,sequencing_0017,individual,http://nsxai.org/instances#sequencing_0017,striatum,Geography,hard,easy,numberOfViews_value_995,0.618,survivor,numberOfFavorites_value_584,0.56,,,,,,,,,
conceptualKnowledge_0009,conceptualKnowledge_0009,individual,http://nsxai.org/instances#conceptualKnowledge_0009,hippocampus,Geography,expert,medium,numberOfViews_value_833,0.057,survivor,numberOfFavorites_value_905,0.003,,,,,,,,,
behaviouralKnowledge_0019,behaviouralKnowledge_0019,individual,http://nsxai.org/instances#behaviouralKnowledge_0019,cerebellum,Computer Science,easy,hard,numberOfViews_value_68,0.038,exploratory,numberOfFavorites_value_645,0.158,,,,,,,,,
leaderboards_0001,leaderboards_0001,individual,http://nsxai.org/instances#leaderboards_0001,hippocampus,Chemistry,expert,easy,numberOfViews_value_29,0.887,social,numberOfFavorites_value_113,0.578,,,,,,,,,
resource_0012,resource_0012,individual,http://nsxai.org/instances#resource_0012,striatum,Economics,expert,hard,557,0.345,exploratory,101,0.561,,,,0.573,,,,,
resolutionMethod_0002,resolutionMethod_0002,individual,http://nsxai.org/instances#resolutionMethod_0002,striatum,Mathematics,hard,easy,numberOfViews_value_871,0.787,survivor,numberOfFavorites_value_351,0.653,,,,,,,,,
bossFights_0004,bossFights_0004,individual,http://nsxai.org/instances#bossFights_0004,prefrontal,Physics,hard,hard,numberOfViews_value_13,0.211,survivor,numberOfFavorites_value_492,0.732,,,,,,,,,
collections_0001,collections_0001,individual,http://nsxai.org/instances#collections_0001,prefrontal,Algebra,medium,easy,numberOfViews_value_470,0.589,cooperative,numberOfFavorites_value_309,0.358,,,,,,,,,
option_0016,option_0016,individual,http://nsxai.org/instances#option_0016,prefrontal,Statistics,medium,medium,numberOfViews_value_446,0.45,competitive,numberOfFavorites_value_415,0.297,,,,,,,,,
collections_0002,collections_0002,individual,http://nsxai.org/instances#collections_0002,cerebellum,Data Science,medium,expert,numberOfViews_value_134,0.339,survivor,numberOfFavorites_value_832,0.452,,,,,,,,,
collections_0003,collections_0003,individual,http://nsxai.org/instances#collections_0003,cerebellum,Biology,easy,medium,numberOfViews_value_379,0.267,competitive,numberOfFavorites_value_162,0.929,,,,,,,,,
gamifiedITS_0009,gamifiedITS_0009,individual,http://nsxai.org/instances#gamifiedITS_0009,amygdala,Calculus,expert,hard,numberOfViews_value_290,0.419,competitive,numberOfFavorites_value_95,0.514,,,,,,,,,
player_0004,player_0004,individual,http://nsxai.org/instances#player_0004,cerebellum,Statistics,hard,medium,numberOfViews_value_591,0.279,achiever,numberOfFavorites_value_751,0.656,,,,,,,,0.771,
story_0001,story_0001,individual,http://nsxai.org/instances#story_0001,prefrontal,Economics,medium,hard,numberOfViews_value_833,0.006,survivor,numberOfFavorites_value_393,0.918,,,,,,,,,
misconception_0005,misconception_0005,individual,http://nsxai.org/instances#misconception_0005,amygdala,Algebra,hard,medium,numberOfViews_value_854,0.749,social,numberOfFavorites_value_131,0.456,,,,,,,,,
problem_0009,problem_0009,individual,http://nsxai.org/instances#problem_0009,hippocampus,Biology,hard,expert,numberOfViews_value_850,0.153,survivor,numberOfFavorites_value_392,0.741,,,,,,,,,
strategy_0004,strategy_0004,individual,http://nsxai.org/instances#strategy_0004,prefrontal,Data Science,hard,easy,numberOfViews_value_987,0.416,social,numberOfFavorites_value_964,0.897,,,,,,,,,
chances_0003,chances_0003,individual,http://nsxai.org/instances#chances_0003,hippocampus,History,hard,hard,numberOfViews_value_695,0.107,survivor,numberOfFavorites_value_257,0.999,,,,,,,,,
statement_0011,statement_0011,individual,http://nsxai.org/instances#statement_0011,cerebellum,Literature,easy,easy,numberOfViews_value_332,0.829,survivor,numberOfFavorites_value_493,0.484,,,,,,,,,
instrutionalPlan_0017,instrutionalPlan_0017,individual,http://nsxai.org/instances#instrutionalPlan_0017,amygdala,Literature,expert,hard,numberOfViews_value_2,0.674,cooperative,numberOfFavorites_value_486,0.706,,,,,,,,,
points_0005,points_0005,individual,http://nsxai.org/instances#points_0005,cerebellum,Chemistry,easy,hard,numberOfViews_value_720,0.441,cooperative,numberOfFavorites_value_492,0.783,,,,,,,,,
problemNext_0016,problemNext_0016,individual,http://nsxai.org/instances#problemNext_0016,hippocampus,Statistics,hard,medium,numberOfViews_value_677,0.588,cooperative,numberOfFavorites_value_34,0.712,,,,,,,,,
resourceList_0001,resourceList_0001,individual,http://nsxai.org/instances#resourceList_0001,cerebellum,Calculus,hard,medium,numberOfViews_value_158,0.989,social,numberOfFavorites_value_323,0.988,,,,,,,,,
concept_0005,concept_0005,individual,http://nsxai.org/instances#concept_0005,amygdala,Data Science,medium,medium,numberOfViews_value_708,0.546,achiever,numberOfFavorites_value_483,0.608,,,,,,,,,
statement_0009,statement_0009,individual,http://nsxai.org/instances#statement_0009,hippocampus,Literature,easy,medium,numberOfViews_value_336,0.507,social,numberOfFavorites_value_581,0.825,,,,,,,,,
fillBlanksProblem_0008,fillBlanksProblem_0008,individual,http://nsxai.org/instances#fillBlanksProblem_0008,cerebellum,Geography,easy,medium,numberOfViews_value_431,0.325,survivor,numberOfFavorites_value_811,0.388,,,,,,,,,
problemNext_0002,problemNext_0002,individual,http://nsxai.org/instances#problemNext_0002,cerebellum,Economics,hard,easy,numberOfViews_value_540,0.049,cooperative,numberOfFavorites_value_963,0.766,,,,,,,,,
survivor_0001,survivor_0001,individual,http://nsxai.org/instances#survivor_0001,hippocampus,Calculus,medium,hard,numberOfViews_value_246,0.09,survivor,numberOfFavorites_value_208,0.144,,,,,,,,,
quests_0002,quests_0002,individual,http://nsxai.org/instances#quests_0002,prefrontal,Physics,expert,easy,numberOfViews_value_666,0.842,exploratory,numberOfFavorites_value_126,0.923,,,,,,,,,
levels_0002,levels_0002,individual,http://nsxai.org/instances#levels_0002,hippocampus,Algebra,medium,medium,numberOfViews_value_634,0.093,cooperative,numberOfFavorites_value_133,0.723,,,,,,,,,
targetBehavior_0017,targetBehavior_0017,individual,http://nsxai.org/instances#targetBehavior_0017,striatum,Chemistry,easy,expert,numberOfViews_value_578,0.187,competitive,numberOfFavorites_value_145,0.526,,,,,,,,,
tactic_0003,tactic_0003,individual,http://nsxai.org/instances#tactic_0003,amygdala,Philosophy,expert,expert,numberOfViews_value_589,0.702,survivor,numberOfFavorites_value_839,0.541,,,,,,,,,
knowledgeUnit_0011,knowledgeUnit_0011,individual,http://nsxai.org/instances#knowledgeUnit_0011,prefrontal,Biology,easy,medium,numberOfViews_value_692,0.658,competitive,numberOfFavorites_value_730,0.741,,,,,,,,,
multipleChoiceProblem_0009,multipleChoiceProblem_0009,individual,http://nsxai.org/instances#multipleChoiceProblem_0009,hippocampus,Algebra,medium,easy,numberOfViews_value_187,0.599,cooperative,numberOfFavorites_value_97,0.261,,,,,,,,,
challenges_0004,challenges_0004,individual,http://nsxai.org/instances#challenges_0004,cerebellum,Mathematics,hard,easy,numberOfViews_value_756,0.726,achiever,numberOfFavorites_value_133,0.668,,,,,,,,,
sDTRelatedness_0003,sDTRelatedness_0003,individual,http://nsxai.org/instances#sDTRelatedness_0003,cerebellum,Philosophy,expert,expert,numberOfViews_value_469,0.387,exploratory,numberOfFavorites_value_888,0.65,,,,,,,,,
Error_Misconception,Error_Misconception,class,http://meututor.com.br/Ontologies/meututor_domain_curriculum.owl#Error_Misconception,,,,,,,,,,,,,,,,,,
yeeDiscovery_0003,yeeDiscovery_0003,individual,http://nsxai.org/instances#yeeDiscovery_0003,hippocampus,Literature,hard,hard,numberOfViews_value_369,0.885,survivor,numberOfFavorites_value_298,0.152,,,,,,,,,
sDTAutonomy_0001,sDTAutonomy_0001,individual,http://nsxai.org/instances#sDTAutonomy_0001,striatum,Chemistry,expert,medium,numberOfViews_value_680,0.473,achiever,numberOfFavorites_value_36,0.096,,,,,,,,,
studentModel_0005,studentModel_0005,individual,http://nsxai.org/instances#studentModel_0005,cerebellum,Mathematics,easy,hard,numberOfViews_value_428,0.608,achiever,numberOfFavorites_value_217,0.831,,,,,,,,,
matchColumnOption_0007,matchColumnOption_0007,individual,http://nsxai.org/instances#matchColumnOption_0007,prefrontal,History,medium,medium,numberOfViews_value_129,0.735,achiever,numberOfFavorites_value_573,0.686,,,,,,,,,
Yee_Discovery,Yee_Discovery,class,http://surveys.nees.com.br/ontologies/gado_full.owl#Yee_Discovery,,,,,,,,,,,,,,,,,,
diagnosis_0009,diagnosis_0009,individual,http://nsxai.org/instances#diagnosis_0009,cerebellum,Statistics,easy,expert,numberOfViews_value_858,0.524,competitive,numberOfFavorites_value_131,0.609,,,,,,,,,
methodStep_0001,methodStep_0001,individual,http://nsxai.org/instances#methodStep_0001,amygdala,Economics,easy,hard,numberOfViews_value_423,0.602,competitive,numberOfFavorites_value_500,0.69,,,,,,,,,
fillBlanksProblem_0001,fillBlanksProblem_0001,individual,http://nsxai.org/instances#fillBlanksProblem_0001,prefrontal,Biology,easy,hard,numberOfViews_value_630,0.214,social,numberOfFavorites_value_999,0.128,,,,,,,,,
fillBlanksOption_0002,fillBlanksOption_0002,individual,http://nsxai.org/instances#fillBlanksOption_0002,hippocampus,Biology,hard,medium,numberOfViews_value_548,0.394,achiever,numberOfFavorites_value_679,0.221,,,,,,,,,
MethodStep,MethodStep,class,http://meututor.com.br/Ontologies/meututor_domain_resource.owl#MethodStep,,,,,,,,,,,,,,,,,,
fillBlanksProblem_0004,fillBlanksProblem_0004,individual,http://nsxai.org/instances#fillBlanksProblem_0004,amygdala,Statistics,easy,easy,numberOfViews_value_759,0.911,competitive,numberOfFavorites_value_148,0.443,,,,,,,,,
survivor_0003,survivor_0003,individual,http://nsxai.org/instances#survivor_0003,cerebellum,Literature,medium,expert,numberOfViews_value_552,0.46,survivor,numberOfFavorites_value_80,0.983,,,,,,,,,
collections_0005,collections_0005,individual,http://nsxai.org/instances#collections_0005,amygdala,Literature,hard,easy,numberOfViews_value_476,0.114,social,numberOfFavorites_value_506,0.168,,,,,,,,,
multipleChoiceOption_0011,multipleChoiceOption_0011,individual,http://nsxai.org/instances#multipleChoiceOption_0011,striatum,Statistics,medium,hard,numberOfViews_value_354,0.603,survivor,numberOfFavorites_value_988,0.803,,,,,,,,,
resolution_0001,resolution_0001,individual,http://nsxai.org/instances#resolution_0001,amygdala,Literature,easy,easy,numberOfViews_value_386,0.47,survivor,numberOfFavorites_value_861,0.259,,,,,,,,,
problem_0016,problem_0016,individual,http://nsxai.org/instances#problem_0016,cerebellum,Mathematics,expert,expert,numberOfViews_value_630,0.246,survivor,numberOfFavorites_value_84,0.915,,,,,,,,,
uRIType_0002,uRIType_0002,individual,http://nsxai.org/instances#uRIType_0002,cerebellum,Calculus,medium,easy,numberOfViews_value_59,0.843,exploratory,numberOfFavorites_value_870,0.245,,,,,,,,,
leftColumn_0008,leftColumn_0008,individual,http://nsxai.org/instances#leftColumn_0008,prefrontal,Philosophy,medium,hard,numberOfViews_value_952,0.214,exploratory,numberOfFavorites_value_156,0.627,,,,,,,,,
challenges_0001,challenges_0001,individual,http://nsxai.org/instances#challenges_0001,striatum,Literature,expert,hard,numberOfViews_value_656,0.464,competitive,numberOfFavorites_value_701,0.172,,,,,,,,,
targetBehavior_0012,targetBehavior_0012,individual,http://nsxai.org/instances#targetBehavior_0012,cerebellum,Computer Science,easy,easy,numberOfViews_value_822,0.096,achiever,numberOfFavorites_value_660,0.303,,,,,,,,,
competence_0004,competence_0004,individual,http://nsxai.org/instances#competence_0004,cerebellum,Biology,hard,easy,numberOfViews_value_397,0.536,exploratory,numberOfFavorites_value_6,0.565,,,,,,,,,
constraints_0004,constraints_0004,individual,http://nsxai.org/instances#constraints_0004,prefrontal,Chemistry,easy,hard,numberOfViews_value_35,0.347,social,numberOfFavorites_value_820,0.732,,,,,,,,,
resource_0002,resource_0002,individual,http://nsxai.org/instances#resource_0002,cerebellum,Algebra,easy,medium,799,0.697,competitive,198,0.069,,,,0.929,,,,,
story_0002,story_0002,individual,http://nsxai.org/instances#story_0002,cerebellum,Economics,hard,medium,numberOfViews_value_166,0.521,exploratory,numberOfFavorites_value_817,0.483,,,,,,,,,
matchColumnProblem_0008,matchColumnProblem_0008,individual,http://nsxai.org/instances#matchColumnProblem_0008,cerebellum,Geography,hard,medium,numberOfViews_value_472,0.526,achiever,numberOfFavorites_value_927,0.589,,,,,,,,,
diagnosis_0010,diagnosis_0010,individual,http://nsxai.org/instances#diagnosis_0010,striatum,Physics,easy,expert,numberOfViews_value_585,0.349,exploratory,numberOfFavorites_value_291,0.504,,,,,,,,,
seeker_0005,seeker_0005,individual,http://nsxai.org/instances#seeker_0005,amygdala,Algebra,easy,hard,numberOfViews_value_751,0.963,exploratory,numberOfFavorites_value_511,0.946,,,,,,,,,
metric_0031,metric_0031,individual,http://nsxai.org/instances#metric_0031,hippocampus,Data Science,medium,easy,numberOfViews_value_915,0.489,cooperative,numberOfFavorites_value_22,0.963,,,,,44.52,xp_earned,51.32,,
narrative_0005,narrative_0005,individual,http://nsxai.org/instances#narrative_0005,prefrontal,Economics,expert,hard,numberOfViews_value_826,0.078,survivor,numberOfFavorites_value_509,0.323,,,,,,,,,
comment_0009,comment_0009,individual,http://nsxai.org/instances#comment_0009,prefrontal,History,expert,easy,numberOfViews_value_462,0.102,achiever,numberOfFavorites_value_894,0.051,,,,,,,,,
resourceAcquisition_0003,resourceAcquisition_0003,individual,http://nsxai.org/instances#resourceAcquisition_0003,cerebellum,Computer Science,expert,expert,numberOfViews_value_563,0.409,cooperative,numberOfFavorites_value_508,0.562,,,,,,,,,
yeeCompetition_0003,yeeCompetition_0003,individual,http://nsxai.org/instances#yeeCompetition_0003,amygdala,History,medium,hard,numberOfViews_value_394,0.101,competitive,numberOfFavorites_value_599,0.472,,,,,,,,,
statement_0004,statement_0004,individual,http://nsxai.org/instances#statement_0004,striatum,Statistics,easy,hard,numberOfViews_value_649,0.797,survivor,numberOfFavorites_value_622,0.486,,,,,,,,,
metric_0014,metric_0014,individual,http://nsxai.org/instances#metric_0014,hippocampus,Calculus,easy,easy,numberOfViews_value_727,0.792,survivor,numberOfFavorites_value_77,0.24,,,,,71.6,mastery_level,70.0,,
Target_Behavior_Category,Target_Behavior_Category,class,http://surveys.nees.com.br/ontologies/gado_full.owl#Target_Behavior_Category,,,,,,,,,,,,,,,,,,
brainHex_0010,brainHex_0010,individual,http://nsxai.org/instances#brainHex_0010,hippocampus,Philosophy,medium,medium,numberOfViews_value_124,0.106,social,numberOfFavorites_value_65,0.591,,,,,,,,,
problem_0006,problem_0006,individual,http://nsxai.org/instances#problem_0006,hippocampus,Mathematics,medium,hard,numberOfViews_value_906,0.572,cooperative,numberOfFavorites_value_634,0.033,,,,,,,,,
yeeImmersionComponent_0001,yeeImmersionComponent_0001,individual,http://nsxai.org/instances#yeeImmersionComponent_0001,hippocampus,History,expert,expert,numberOfViews_value_931,0.696,survivor,numberOfFavorites_value_459,0.616,,,,,,,,,
tactic_0001,tactic_0001,individual,http://nsxai.org/instances#tactic_0001,prefrontal,Data Science,easy,easy,numberOfViews_value_329,0.083,exploratory,numberOfFavorites_value_382,0.985,,,,,,,,,
competence_0001,competence_0001,individual,http://nsxai.org/instances#competence_0001,hippocampus,Geography,medium,hard,numberOfViews_value_553,0.174,survivor,numberOfFavorites_value_772,0.735,,,,,,,,,
health-care,health-care,individual,http://surveys.nees.com.br/ontologies/gado_core.owl#health-care,,,,,,,,,,,,,,,,,,
problemBasedEvaluation_0005,problemBasedEvaluation_0005,individual,http://nsxai.org/instances#problemBasedEvaluation_0005,striatum,Data Science,expert,hard,numberOfViews_value_585,0.717,competitive,numberOfFavorites_value_343,0.769,,,,,,,,,
resourceUnit_0011,resourceUnit_0011,individual,http://nsxai.org/instances#resourceUnit_0011,cerebellum,Algebra,medium,expert,numberOfViews_value_646,0.031,exploratory,numberOfFavorites_value_374,0.264,,,,,,,,,
metric_0054,metric_0054,individual,http://nsxai.org/instances#metric_0054,hippocampus,Literature,medium,easy,numberOfViews_value_997,0.819,competitive,numberOfFavorites_value_956,0.081,,,,,14.81,streak_count,17.58,,
leftColumn_0007,leftColumn_0007,individual,http://nsxai.org/instances#leftColumn_0007,striatum,Statistics,expert,easy,numberOfViews_value_996,0.197,competitive,numberOfFavorites_value_968,0.574,,,,,,,,,
evaluationResource_0003,evaluationResource_0003,individual,http://nsxai.org/instances#evaluationResource_0003,amygdala,Physics,easy,hard,numberOfViews_value_397,0.097,cooperative,numberOfFavorites_value_579,0.806,,,,,,,,,
brainHex_0015,brainHex_0015,individual,http://nsxai.org/instances#brainHex_0015,prefrontal,Data Science,medium,hard,numberOfViews_value_905,0.353,exploratory,numberOfFavorites_value_964,0.745,,,,,,,,,
metric_0015,metric_0015,individual,http://nsxai.org/instances#metric_0015,amygdala,Philosophy,easy,expert,numberOfViews_value_285,0.426,competitive,numberOfFavorites_value_624,0.624,,,,,61.8,streak_count,51.86,,
fillBlanksOption_0003,fillBlanksOption_0003,individual,http://nsxai.org/instances#fillBlanksOption_0003,amygdala,Economics,hard,hard,numberOfViews_value_717,0.974,achiever,numberOfFavorites_value_516,0.802,,,,,,,,,
sequencing_0005,sequencing_0005,individual,http://nsxai.org/instances#sequencing_0005,hippocampus,Biology,medium,hard,numberOfViews_value_252,0.059,exploratory,numberOfFavorites_value_449,0.987,,,,,,,,,
item_0003,item_0003,individual,http://nsxai.org/instances#item_0003,hippocampus,Chemistry,easy,easy,numberOfViews_value_439,0.108,cooperative,numberOfFavorites_value_546,0.819,,,,,,,,,
option_0018,option_0018,individual,http://nsxai.org/instances#option_0018,cerebellum,Calculus,easy,hard,numberOfViews_value_820,0.707,survivor,numberOfFavorites_value_703,0.468,,,,,,,,,
form_0001,form_0001,individual,http://nsxai.org/instances#form_0001,prefrontal,Algebra,expert,hard,numberOfViews_value_34,0.227,cooperative,numberOfFavorites_value_50,0.985,,,,,,,,,
activity_0003,activity_0003,individual,http://nsxai.org/instances#activity_0003,hippocampus,Chemistry,expert,expert,numberOfViews_value_382,0.61,cooperative,numberOfFavorites_value_192,0.189,,,,,,,,,
progressiveLoop_0001,progressiveLoop_0001,individual,http://nsxai.org/instances#progressiveLoop_0001,hippocampus,Biology,expert,expert,numberOfViews_value_992,0.735,cooperative,numberOfFavorites_value_825,0.649,0.75,,,,,,,,
fillBlanksOption_0006,fillBlanksOption_0006,individual,http://nsxai.org/instances#fillBlanksOption_0006,hippocampus,Data Science,hard,medium,numberOfViews_value_525,0.785,competitive,numberOfFavorites_value_657,0.321,,,,,,,,,
resolutionMethod_0004,resolutionMethod_0004,individual,http://nsxai.org/instances#resolutionMethod_0004,hippocampus,Geography,expert,easy,numberOfViews_value_407,0.412,exploratory,numberOfFavorites_value_993,0.344,,,,,,,,,
achievements_0002,achievements_0002,individual,http://nsxai.org/instances#achievements_0002,cerebellum,Mathematics,easy,medium,numberOfViews_value_792,0.316,survivor,numberOfFavorites_value_991,0.161,,,,,,,,,
mastermind_0004,mastermind_0004,individual,http://nsxai.org/instances#mastermind_0004,striatum,Data Science,medium,easy,numberOfViews_value_109,0.891,exploratory,numberOfFavorites_value_975,0.509,,,,,,,,,
metric_0013,metric_0013,individual,http://nsxai.org/instances#metric_0013,cerebellum,Literature,hard,medium,numberOfViews_value_968,0.539,competitive,numberOfFavorites_value_799,0.469,,,,,40.77,xp_earned,44.87,,
metric_0035,metric_0035,individual,http://nsxai.org/instances#metric_0035,cerebellum,Literature,medium,easy,numberOfViews_value_608,0.075,social,numberOfFavorites_value_256,0.088,,,,,78.79,correct_answers,44.11,,
rightColumn_0004,rightColumn_0004,individual,http://nsxai.org/instances#rightColumn_0004,prefrontal,Mathematics,hard,expert,numberOfViews_value_504,0.281,competitive,numberOfFavorites_value_625,0.197,,,,,,,,,
behaviouralKnowledge_0006,behaviouralKnowledge_0006,individual,http://nsxai.org/instances#behaviouralKnowledge_0006,hippocampus,History,expert,expert,numberOfViews_value_298,0.42,achiever,numberOfFavorites_value_776,0.159,,,,,,,,,
domainModel_0003,domainModel_0003,individual,http://nsxai.org/instances#domainModel_0003,cerebellum,Chemistry,expert,easy,numberOfViews_value_706,0.509,survivor,numberOfFavorites_value_922,0.508,,,,,,,,,
knowledgeUnit_0016,knowledgeUnit_0016,individual,http://nsxai.org/instances#knowledgeUnit_0016,cerebellum,Calculus,medium,easy,numberOfViews_value_247,0.628,achiever,numberOfFavorites_value_590,0.823,,,,,,,,,
status_0001,status_0001,individual,http://nsxai.org/instances#status_0001,hippocampus,Calculus,easy,easy,numberOfViews_value_322,0.964,competitive,numberOfFavorites_value_478,0.568,,,,,,,,,
multipleChoiceProblem_0008,multipleChoiceProblem_0008,individual,http://nsxai.org/instances#multipleChoiceProblem_0008,cerebellum,Computer Science,medium,expert,numberOfViews_value_509,0.871,achiever,numberOfFavorites_value_880,0.16,,,,,,,,,
fillBlanksOption_0007,fillBlanksOption_0007,individual,http://nsxai.org/instances#fillBlanksOption_0007,cerebellum,Computer Science,hard,easy,numberOfViews_value_743,0.276,achiever,numberOfFavorites_value_311,0.672,,,,,,,,,
problemNext_0011,problemNext_0011,individual,http://nsxai.org/instances#problemNext_0011,amygdala,Chemistry,expert,medium,numberOfViews_value_966,0.601,exploratory,numberOfFavorites_value_715,0.244,,,,,,,,,
issue,issue,datatype_property,http://meututor.com.br/Ontologies/meututor_domain_curriculum.owl#issue,,,,,,,,,,,,,,,,,,
question_0002,question_0002,individual,http://nsxai.org/instances#question_0002,amygdala,Computer Science,expert,expert,numberOfViews_value_957,0.45,competitive,numberOfFavorites_value_583,0.434,,,,,,,,,
categoryParticipation_0001,categoryParticipation_0001,individual,http://nsxai.org/instances#categoryParticipation_0001,hippocampus,Biology,medium,expert,numberOfViews_value_391,0.606,cooperative,numberOfFavorites_value_781,0.198,,,,,,,,,
yeeAdvancement_0003,yeeAdvancement_0003,individual,http://nsxai.org/instances#yeeAdvancement_0003,amygdala,Economics,easy,expert,numberOfViews_value_359,0.213,competitive,numberOfFavorites_value_6,0.299,,,,,,,,,
metric_0057,metric_0057,individual,http://nsxai.org/instances#metric_0057,hippocampus,Chemistry,hard,hard,numberOfViews_value_475,0.263,survivor,numberOfFavorites_value_435,0.084,,,,,41.27,hint_usage,27.46,,
winStates_0004,winStates_0004,individual,http://nsxai.org/instances#winStates_0004,cerebellum,Biology,expert,expert,numberOfViews_value_738,0.979,cooperative,numberOfFavorites_value_547,0.451,,,,,,,,,
exercise_0005,exercise_0005,individual,http://nsxai.org/instances#exercise_0005,amygdala,Philosophy,expert,medium,numberOfViews_value_650,0.134,social,numberOfFavorites_value_37,0.32,,,,,,,,,
trueOrFalseProblem_0003,trueOrFalseProblem_0003,individual,http://nsxai.org/instances#trueOrFalseProblem_0003,prefrontal,Biology,expert,hard,numberOfViews_value_215,0.438,social,numberOfFavorites_value_403,0.96,,,,,,,,,
sequencing_0001,sequencing_0001,individual,http://nsxai.org/instances#sequencing_0001,amygdala,Geography,hard,easy,numberOfViews_value_520,0.278,achiever,numberOfFavorites_value_338,0.309,,,,,,,,,
designPractice_0010,designPractice_0010,individual,http://nsxai.org/instances#designPractice_0010,hippocampus,Geography,medium,expert,numberOfViews_value_597,0.074,achiever,numberOfFavorites_value_686,0.307,,,,,,,,,0.894
depth_0003,depth_0003,individual,http://nsxai.org/instances#depth_0003,hippocampus,Economics,easy,procedural,numberOfViews_value_113,0.224,competitive,numberOfFavorites_value_149,0.454,,,,,,,,,
uRIType_0003,uRIType_0003,individual,http://nsxai.org/instances#uRIType_0003,cerebellum,Biology,expert,medium,numberOfViews_value_38,0.413,survivor,numberOfFavorites_value_988,0.255,,,,,,,,,
conceptualKnowledge_0002,conceptualKnowledge_0002,individual,http://nsxai.org/instances#conceptualKnowledge_0002,cerebellum,Biology,hard,medium,numberOfViews_value_922,0.054,survivor,numberOfFavorites_value_813,0.942,,,,,,,,,
resourceWeight_0009,resourceWeight_0009,individual,http://nsxai.org/instances#resourceWeight_0009,cerebellum,Mathematics,hard,expert,numberOfViews_value_858,0.978,survivor,numberOfFavorites_value_889,0.582,,,,,,,,,
catalogue_0004,catalogue_0004,individual,http://nsxai.org/instances#catalogue_0004,striatum,Mathematics,medium,easy,numberOfViews_value_5,0.981,competitive,numberOfFavorites_value_16,0.464,,,,,,,,,
combat_0005,combat_0005,individual,http://nsxai.org/instances#combat_0005,amygdala,Mathematics,easy,hard,numberOfViews_value_491,0.387,cooperative,numberOfFavorites_value_713,0.873,,,,,,,,,
instrutionalPlan_0008,instrutionalPlan_0008,individual,http://nsxai.org/instances#instrutionalPlan_0008,hippocampus,Philosophy,expert,expert,numberOfViews_value_228,0.724,survivor,numberOfFavorites_value_509,0.003,,,,,,,,,
errorMisconception_0004,errorMisconception_0004,individual,http://nsxai.org/instances#errorMisconception_0004,amygdala,Algebra,expert,expert,numberOfViews_value_694,0.223,exploratory,numberOfFavorites_value_644,0.064,,,,,,,,,
tactic_0010,tactic_0010,individual,http://nsxai.org/instances#tactic_0010,striatum,Algebra,medium,expert,numberOfViews_value_219,0.6,social,numberOfFavorites_value_320,0.574,,,,,,,,,
pedagogicalUnit_0008,pedagogicalUnit_0008,individual,http://nsxai.org/instances#pedagogicalUnit_0008,striatum,Chemistry,easy,hard,numberOfViews_value_532,0.848,social,numberOfFavorites_value_937,0.893,,,,,,,,,
targetBehavior_0021,targetBehavior_0021,individual,http://nsxai.org/instances#targetBehavior_0021,amygdala,Philosophy,easy,expert,numberOfViews_value_892,0.047,competitive,numberOfFavorites_value_73,0.765,,,,,,,,,
badges_0005,badges_0005,individual,http://nsxai.org/instances#badges_0005,hippocampus,History,easy,expert,numberOfViews_value_704,0.85,exploratory,numberOfFavorites_value_54,0.455,,,,,,,,,
achiever_0003,achiever_0003,individual,http://nsxai.org/instances#achiever_0003,amygdala,Statistics,expert,hard,numberOfViews_value_585,0.056,achiever,numberOfFavorites_value_170,0.814,,,,,,,,,
discursiveProblem_0003,discursiveProblem_0003,individual,http://nsxai.org/instances#discursiveProblem_0003,striatum,Chemistry,medium,easy,numberOfViews_value_400,0.615,social,numberOfFavorites_value_130,0.299,,,,,,,,,
behaviouralKnowledge_0013,behaviouralKnowledge_0013,individual,http://nsxai.org/instances#behaviouralKnowledge_0013,cerebellum,Biology,hard,hard,numberOfViews_value_388,0.407,cooperative,numberOfFavorites_value_587,0.003,,,,,,,,,
hint_0005,hint_0005,individual,http://nsxai.org/instances#hint_0005,amygdala,Data Science,hard,medium,numberOfViews_value_23,0.826,exploratory,numberOfFavorites_value_260,0.198,,,,,,,,,
option_0004,option_0004,individual,http://nsxai.org/instances#option_0004,striatum,Philosophy,hard,expert,numberOfViews_value_573,0.354,social,numberOfFavorites_value_6,0.443,,,,,,,,,
problemUnit_0009,problemUnit_0009,individual,http://nsxai.org/instances#problemUnit_0009,striatum,Literature,easy,medium,numberOfViews_value_29,0.338,competitive,numberOfFavorites_value_358,0.689,,,,,,,,,
problemUnit_0013,problemUnit_0013,individual,http://nsxai.org/instances#problemUnit_0013,prefrontal,Calculus,easy,hard,numberOfViews_value_732,0.188,exploratory,numberOfFavorites_value_221,0.46,,,,,,,,,
metric_0043,metric_0043,individual,http://nsxai.org/instances#metric_0043,striatum,Chemistry,medium,easy,numberOfViews_value_663,0.456,exploratory,numberOfFavorites_value_668,0.475,,,,,60.23,correct_answers,71.65,,
Content_Unlocking,Content_Unlocking,class,http://surveys.nees.com.br/ontologies/gado_core.owl#Content_Unlocking,,,,,,,,,,,,,,,,,,
matchColumnOption_0005,matchColumnOption_0005,individual,http://nsxai.org/instances#matchColumnOption_0005,amygdala,Algebra,easy,easy,numberOfViews_value_571,0.732,social,numberOfFavorites_value_430,0.635,,,,,,,,,
metric_0034,metric_0034,individual,http://nsxai.org/instances#metric_0034,prefrontal,Data Science,hard,easy,numberOfViews_value_213,0.725,cooperative,numberOfFavorites_value_920,0.412,,,,,50.29,xp_earned,27.7,,
tactic_0002,tactic_0002,individual,http://nsxai.org/instances#tactic_0002,prefrontal,Geography,expert,hard,numberOfViews_value_322,0.744,achiever,numberOfFavorites_value_752,0.264,,,,,,,,,
UniversalGenericOperator,UniversalGenericOperator,class,http://meututor.com.br/Ontologies/meututor_domain_curriculum.owl#UniversalGenericOperator,,,,,,,,,,,,,,,,,,
resource_0001,resource_0001,individual,http://nsxai.org/instances#resource_0001,cerebellum,Geography,medium,easy,475,0.014,achiever,18,0.453,,,,0.353,,,,,
competence_0005,competence_0005,individual,http://nsxai.org/instances#competence_0005,cerebellum,Mathematics,hard,expert,numberOfViews_value_490,0.065,survivor,numberOfFavorites_value_270,0.557,,,,,,,,,
progressiveLoop_0005,progressiveLoop_0005,individual,http://nsxai.org/instances#progressiveLoop_0005,striatum,Philosophy,medium,medium,numberOfViews_value_195,0.367,cooperative,numberOfFavorites_value_891,0.048,0.54,,,,,,,,
fillBlanksProblem_0009,fillBlanksProblem_0009,individual,http://nsxai.org/instances#fillBlanksProblem_0009,prefrontal,Economics,hard,medium,numberOfViews_value_397,0.803,survivor,numberOfFavorites_value_171,0.58,,,,,,,,,
yeeAdvancement_0001,yeeAdvancement_0001,individual,http://nsxai.org/instances#yeeAdvancement_0001,prefrontal,History,expert,medium,numberOfViews_value_754,0.865,exploratory,numberOfFavorites_value_582,0.529,,,,,,,,,
universalGenericOperator_0003,universalGenericOperator_0003,individual,http://nsxai.org/instances#universalGenericOperator_0003,amygdala,History,hard,expert,numberOfViews_value_657,0.843,competitive,numberOfFavorites_value_545,0.293,,,,,,,,,
methodStep_0002,methodStep_0002,individual,http://nsxai.org/instances#methodStep_0002,cerebellum,Physics,easy,easy,numberOfViews_value_442,0.117,cooperative,numberOfFavorites_value_623,0.541,,,,,,,,,
conceptualKnowledge_0001,conceptualKnowledge_0001,individual,http://nsxai.org/instances#conceptualKnowledge_0001,striatum,Biology,expert,easy,numberOfViews_value_579,0.969,competitive,numberOfFavorites_value_211,0.981,,,,,,,,,
progressiveLoop_0004,progressiveLoop_0004,individual,http://nsxai.org/instances#progressiveLoop_0004,prefrontal,Geography,easy,easy,numberOfViews_value_4,0.474,cooperative,numberOfFavorites_value_845,0.801,0.66,,,,,,,,
crowdsourcing,crowdsourcing,individual,http://surveys.nees.com.br/ontologies/gado_core.owl#crowdsourcing,,,,,,,,,,,,,,,,,,
depth_0001,depth_0001,individual,http://nsxai.org/instances#depth_0001,hippocampus,Chemistry,medium,surface,numberOfViews_value_877,0.273,cooperative,numberOfFavorites_value_632,0.005,,,,,,,,,
resource_0004,resource_0004,individual,http://nsxai.org/instances#resource_0004,amygdala,Algebra,easy,easy,116,0.398,achiever,86,0.911,,,,0.249,,,,,
matchColumnOption_0003,matchColumnOption_0003,individual,http://nsxai.org/instances#matchColumnOption_0003,amygdala,Calculus,expert,hard,numberOfViews_value_504,0.991,social,numberOfFavorites_value_3,0.309,,,,,,,,,
hint_0003,hint_0003,individual,http://nsxai.org/instances#hint_0003,amygdala,Computer Science,expert,medium,numberOfViews_value_813,0.97,competitive,numberOfFavorites_value_855,0.866,,,,,,,,,
strategy_0019,strategy_0019,individual,http://nsxai.org/instances#strategy_0019,cerebellum,Chemistry,expert,medium,numberOfViews_value_585,0.157,achiever,numberOfFavorites_value_809,0.082,,,,,,,,,
content_0009,content_0009,individual,http://nsxai.org/instances#content_0009,cerebellum,Physics,expert,expert,numberOfViews_value_648,0.16,cooperative,numberOfFavorites_value_490,0.125,,,,,,,,,
activity_0020,activity_0020,individual,http://nsxai.org/instances#activity_0020,amygdala,Data Science,expert,hard,numberOfViews_value_528,0.848,cooperative,numberOfFavorites_value_333,0.33,,,,,,,,,
yeeCustomization_0003,yeeCustomization_0003,individual,http://nsxai.org/instances#yeeCustomization_0003,amygdala,Algebra,expert,medium,numberOfViews_value_565,0.578,survivor,numberOfFavorites_value_874,0.581,,,,,,,,,
sDTCompetence_0001,sDTCompetence_0001,individual,http://nsxai.org/instances#sDTCompetence_0001,cerebellum,Algebra,medium,medium,numberOfViews_value_655,0.485,cooperative,numberOfFavorites_value_821,0.873,,,,,,,,,
selfDeterminationTheory_0002,selfDeterminationTheory_0002,individual,http://nsxai.org/instances#selfDeterminationTheory_0002,cerebellum,Calculus,easy,easy,numberOfViews_value_975,0.577,achiever,numberOfFavorites_value_920,0.127,,,,,,,,,
option_0001,option_0001,individual,http://nsxai.org/instances#option_0001,amygdala,Biology,medium,easy,numberOfViews_value_625,0.96,social,numberOfFavorites_value_230,0.814,,,,,,,,,
activity_0011,activity_0011,individual,http://nsxai.org/instances#activity_0011,cerebellum,Mathematics,expert,easy,numberOfViews_value_9,0.216,survivor,numberOfFavorites_value_858,0.556,,,,,,,,,
rightColumn_0010,rightColumn_0010,individual,http://nsxai.org/instances#rightColumn_0010,cerebellum,Economics,expert,medium,numberOfViews_value_981,0.118,cooperative,numberOfFavorites_value_348,0.765,,,,,,,,,
yeeDiscovery_0001,yeeDiscovery_0001,individual,http://nsxai.org/instances#yeeDiscovery_0001,cerebellum,Computer Science,medium,medium,numberOfViews_value_897,0.748,survivor,numberOfFavorites_value_971,0.182,,,,,,,,,
question_0004,question_0004,individual,http://nsxai.org/instances#question_0004,prefrontal,Geography,medium,medium,numberOfViews_value_681,0.477,achiever,numberOfFavorites_value_876,0.798,,,,,,,,,
badges_0002,badges_0002,individual,http://nsxai.org/instances#badges_0002,prefrontal,Algebra,easy,easy,numberOfViews_value_307,0.05,social,numberOfFavorites_value_657,0.203,,,,,,,,,
domain_0004,domain_0004,individual,http://nsxai.org/instances#domain_0004,amygdala,History,hard,hard,numberOfViews_value_885,0.235,cooperative,numberOfFavorites_value_706,0.477,,,,,,,,,
selfDeterminationTheory_0004,selfDeterminationTheory_0004,individual,http://nsxai.org/instances#selfDeterminationTheory_0004,striatum,Chemistry,easy,expert,numberOfViews_value_801,0.144,survivor,numberOfFavorites_value_775,0.962,,,,,,,,,
gamifiedITS_0005,gamifiedITS_0005,individual,http://nsxai.org/instances#gamifiedITS_0005,hippocampus,Economics,medium,easy,numberOfViews_value_783,0.63,achiever,numberOfFavorites_value_209,0.805,,,,,,,,,
evaluationResource_0002,evaluationResource_0002,individual,http://nsxai.org/instances#evaluationResource_0002,hippocampus,History,easy,expert,numberOfViews_value_963,0.078,achiever,numberOfFavorites_value_225,0.186,,,,,,,,,
exercise_0018,exercise_0018,individual,http://nsxai.org/instances#exercise_0018,striatum,Data Science,hard,medium,numberOfViews_value_758,0.684,survivor,numberOfFavorites_value_820,0.153,,,,,,,,,
domain_0007,domain_0007,individual,http://nsxai.org/instances#domain_0007,cerebellum,Economics,hard,hard,numberOfViews_value_572,0.344,achiever,numberOfFavorites_value_700,0.357,,,,,,,,,
instrutionalPlan_0005,instrutionalPlan_0005,individual,http://nsxai.org/instances#instrutionalPlan_0005,hippocampus,Physics,hard,expert,numberOfViews_value_560,0.978,cooperative,numberOfFavorites_value_535,0.188,,,,,,,,,
seeker_0002,seeker_0002,individual,http://nsxai.org/instances#seeker_0002,cerebellum,Geography,expert,expert,numberOfViews_value_196,0.013,exploratory,numberOfFavorites_value_15,0.018,,,,,,,,,
resourceUnit_0004,resourceUnit_0004,individual,http://nsxai.org/instances#resourceUnit_0004,amygdala,Mathematics,easy,easy,numberOfViews_value_981,0.907,cooperative,numberOfFavorites_value_956,0.595,,,,,,,,,
fillBlanksOption_0010,fillBlanksOption_0010,individual,http://nsxai.org/instances#fillBlanksOption_0010,cerebellum,Data Science,easy,hard,numberOfViews_value_718,0.825,competitive,numberOfFavorites_value_443,0.461,,,,,,,,,
gamifiedITS_0006,gamifiedITS_0006,individual,http://nsxai.org/instances#gamifiedITS_0006,prefrontal,Statistics,medium,medium,numberOfViews_value_773,0.145,exploratory,numberOfFavorites_value_622,0.773,,,,,,,,,
catalogue_0005,catalogue_0005,individual,http://nsxai.org/instances#catalogue_0005,striatum,Philosophy,expert,expert,numberOfViews_value_914,0.793,achiever,numberOfFavorites_value_480,0.733,,,,,,,,,
userAccount_0009,userAccount_0009,individual,http://nsxai.org/instances#userAccount_0009,hippocampus,Literature,expert,expert,numberOfViews_value_131,0.687,competitive,numberOfFavorites_value_568,0.52,,,,,,,,,
trueOrFalseProblem_0005,trueOrFalseProblem_0005,individual,http://nsxai.org/instances#trueOrFalseProblem_0005,striatum,Data Science,expert,hard,numberOfViews_value_152,0.511,competitive,numberOfFavorites_value_848,0.612,,,,,,,,,
question_0006,question_0006,individual,http://nsxai.org/instances#question_0006,prefrontal,Philosophy,hard,easy,numberOfViews_value_518,0.916,exploratory,numberOfFavorites_value_73,0.774,,,,,,,,,
multipleChoiceProblem_0005,multipleChoiceProblem_0005,individual,http://nsxai.org/instances#multipleChoiceProblem_0005,striatum,Algebra,medium,easy,numberOfViews_value_776,0.502,exploratory,numberOfFavorites_value_571,0.213,,,,,,,,,
sDTAutonomy_0005,sDTAutonomy_0005,individual,http://nsxai.org/instances#sDTAutonomy_0005,prefrontal,Algebra,hard,medium,numberOfViews_value_465,0.485,survivor,numberOfFavorites_value_376,0.135,,,,,,,,,
concept_0008,concept_0008,individual,http://nsxai.org/instances#concept_0008,hippocampus,Mathematics,easy,medium,numberOfViews_value_436,0.748,survivor,numberOfFavorites_value_77,0.916,,,,,,,,,
rightColumn_0006,rightColumn_0006,individual,http://nsxai.org/instances#rightColumn_0006,amygdala,Philosophy,expert,expert,numberOfViews_value_599,0.635,achiever,numberOfFavorites_value_73,0.66,,,,,,,,,
levels_0004,levels_0004,individual,http://nsxai.org/instances#levels_0004,hippocampus,Computer Science,easy,hard,numberOfViews_value_45,0.124,survivor,numberOfFavorites_value_512,0.89,,,,,,,,,
metric_0022,metric_0022,individual,http://nsxai.org/instances#metric_0022,striatum,Calculus,hard,expert,numberOfViews_value_731,0.983,survivor,numberOfFavorites_value_94,0.241,,,,,15.77,engagement_score,13.71,,
isChildOf_Strategy,isChildOf_Strategy,object_property,http://surveys.nees.com.br/ontologies/its/its_pedagogical.owl#isChildOf_Strategy,,,,,,,,,,,,,,,,,,
socializer_0002,socializer_0002,individual,http://nsxai.org/instances#socializer_0002,striatum,Statistics,medium,hard,numberOfViews_value_518,0.334,cooperative,numberOfFavorites_value_433,0.302,,,,,,,,,
problemUnit_0020,problemUnit_0020,individual,http://nsxai.org/instances#problemUnit_0020,prefrontal,Data Science,hard,hard,numberOfViews_value_636,0.078,cooperative,numberOfFavorites_value_80,0.272,,,,,,,,,
turns_0005,turns_0005,individual,http://nsxai.org/instances#turns_0005,striatum,Physics,easy,expert,numberOfViews_value_751,0.318,achiever,numberOfFavorites_value_696,0.62,,,,,,,,,
chances_0004,chances_0004,individual,http://nsxai.org/instances#chances_0004,prefrontal,Algebra,hard,hard,numberOfViews_value_111,0.141,cooperative,numberOfFavorites_value_381,0.115,,,,,,,,,
conceptualKnowledge_0010,conceptualKnowledge_0010,individual,http://nsxai.org/instances#conceptualKnowledge_0010,amygdala,Philosophy,expert,hard,numberOfViews_value_308,0.418,achiever,numberOfFavorites_value_261,0.885,,,,,,,,,
isDescribedByModel,isDescribedByModel,object_property,http://surveys.nees.com.br/ontologies/gado_core.owl#isDescribedByModel,,,,,,,,,,,,,,,,,,
isComposedBy,isComposedBy,object_property,http://surveys.nees.com.br/ontologies/gado_full.owl#isComposedBy,,,,,,,,,,,,,,,,,,
exercise_0004,exercise_0004,individual,http://nsxai.org/instances#exercise_0004,amygdala,Data Science,medium,medium,numberOfViews_value_287,0.912,cooperative,numberOfFavorites_value_710,0.809,,,,,,,,,
pedagogicalModel_0004,pedagogicalModel_0004,individual,http://nsxai.org/instances#pedagogicalModel_0004,striatum,Chemistry,medium,easy,numberOfViews_value_89,0.891,social,numberOfFavorites_value_270,0.598,,,,,,,,,
methodStep_0010,methodStep_0010,individual,http://nsxai.org/instances#methodStep_0010,cerebellum,Data Science,expert,hard,numberOfViews_value_71,0.442,exploratory,numberOfFavorites_value_914,0.345,,,,,,,,,
errorBug_0004,errorBug_0004,individual,http://nsxai.org/instances#errorBug_0004,amygdala,Biology,hard,expert,numberOfViews_value_561,0.174,achiever,numberOfFavorites_value_462,0.251,,,,,,,,,
instrutionalPlan_0002,instrutionalPlan_0002,individual,http://nsxai.org/instances#instrutionalPlan_0002,hippocampus,Geography,expert,expert,numberOfViews_value_225,0.909,achiever,numberOfFavorites_value_802,0.782,,,,,,,,,
knowledgeUnit_0009,knowledgeUnit_0009,individual,http://nsxai.org/instances#knowledgeUnit_0009,striatum,Mathematics,expert,easy,numberOfViews_value_935,0.596,exploratory,numberOfFavorites_value_739,0.592,,,,,,,,,
problemNext_0018,problemNext_0018,individual,http://nsxai.org/instances#problemNext_0018,cerebellum,Algebra,easy,medium,numberOfViews_value_331,0.023,competitive,numberOfFavorites_value_205,0.571,,,,,,,,,
categoryExploration_0001,categoryExploration_0001,individual,http://nsxai.org/instances#categoryExploration_0001,striatum,Calculus,hard,expert,numberOfViews_value_245,0.714,cooperative,numberOfFavorites_value_931,0.441,,,,,,,,,
content_0007,content_0007,individual,http://nsxai.org/instances#content_0007,striatum,Chemistry,hard,hard,numberOfViews_value_98,0.406,competitive,numberOfFavorites_value_429,0.241,,,,,,,,,
competence_0015,competence_0015,individual,http://nsxai.org/instances#competence_0015,hippocampus,Data Science,hard,hard,numberOfViews_value_96,0.801,competitive,numberOfFavorites_value_202,0.327,,,,,,,,,
problem_0001,problem_0001,individual,http://nsxai.org/instances#problem_0001,amygdala,Statistics,medium,expert,numberOfViews_value_619,0.046,achiever,numberOfFavorites_value_367,0.516,,,,,,,,,
gamificationModel_0003,gamificationModel_0003,individual,http://nsxai.org/instances#gamificationModel_0003,prefrontal,Statistics,easy,medium,numberOfViews_value_572,0.401,social,numberOfFavorites_value_978,0.575,,,,,,,,,
pedagogicalModel_0005,pedagogicalModel_0005,individual,http://nsxai.org/instances#pedagogicalModel_0005,cerebellum,Data Science,easy,expert,numberOfViews_value_728,0.943,survivor,numberOfFavorites_value_214,0.137,,,,,,,,,
form_0002,form_0002,individual,http://nsxai.org/instances#form_0002,prefrontal,Geography,hard,easy,numberOfViews_value_735,0.86,exploratory,numberOfFavorites_value_993,0.801,,,,,,,,,
multipleChoiceProblem_0003,multipleChoiceProblem_0003,individual,http://nsxai.org/instances#multipleChoiceProblem_0003,hippocampus,Geography,hard,medium,numberOfViews_value_941,0.309,cooperative,numberOfFavorites_value_381,0.837,,,,,,,,,
trueOrFalseProblem_0002,trueOrFalseProblem_0002,individual,http://nsxai.org/instances#trueOrFalseProblem_0002,prefrontal,Economics,hard,medium,numberOfViews_value_335,0.843,cooperative,numberOfFavorites_value_196,0.342,,,,,,,,,
userAccount_0007,userAccount_0007,individual,http://nsxai.org/instances#userAccount_0007,amygdala,Algebra,medium,expert,numberOfViews_value_115,0.343,achiever,numberOfFavorites_value_10,0.282,,,,,,,,,
problem_0013,problem_0013,individual,http://nsxai.org/instances#problem_0013,amygdala,Physics,expert,expert,numberOfViews_value_307,0.604,exploratory,numberOfFavorites_value_177,0.693,,,,,,,,,
strategy_0016,strategy_0016,individual,http://nsxai.org/instances#strategy_0016,cerebellum,Computer Science,medium,easy,numberOfViews_value_260,0.123,social,numberOfFavorites_value_589,0.983,,,,,,,,,
matchColumnProblem_0010,matchColumnProblem_0010,individual,http://nsxai.org/instances#matchColumnProblem_0010,cerebellum,Biology,hard,easy,numberOfViews_value_978,0.763,survivor,numberOfFavorites_value_875,0.163,,,,,,,,,
resourceUnit_0017,resourceUnit_0017,individual,http://nsxai.org/instances#resourceUnit_0017,hippocampus,Philosophy,expert,hard,numberOfViews_value_988,0.85,competitive,numberOfFavorites_value_594,0.68,,,,,,,,,
comment_0001,comment_0001,individual,http://nsxai.org/instances#comment_0001,hippocampus,Calculus,hard,hard,numberOfViews_value_458,0.507,social,numberOfFavorites_value_537,0.319,,,,,,,,,
writingEvaluation_0002,writingEvaluation_0002,individual,http://nsxai.org/instances#writingEvaluation_0002,amygdala,Geography,expert,expert,numberOfViews_value_456,0.576,survivor,numberOfFavorites_value_765,0.475,,,,,,,,,
multipleChoiceOption_0020,multipleChoiceOption_0020,individual,http://nsxai.org/instances#multipleChoiceOption_0020,prefrontal,Algebra,expert,easy,numberOfViews_value_417,0.359,cooperative,numberOfFavorites_value_827,0.548,,,,,,,,,
yeeImmersionComponent_0002,yeeImmersionComponent_0002,individual,http://nsxai.org/instances#yeeImmersionComponent_0002,cerebellum,Chemistry,hard,hard,numberOfViews_value_414,0.585,cooperative,numberOfFavorites_value_917,0.018,,,,,,,,,
Gamification_Context,Gamification_Context,class,http://surveys.nees.com.br/ontologies/gado_core.owl#Gamification_Context,,,,,,,,,,,,,,,,,,
conceptualKnowledge_0004,conceptualKnowledge_0004,individual,http://nsxai.org/instances#conceptualKnowledge_0004,amygdala,Philosophy,expert,medium,numberOfViews_value_129,0.487,cooperative,numberOfFavorites_value_697,0.033,,,,,,,,,
GDE_Mechanic,GDE_Mechanic,class,http://surveys.nees.com.br/ontologies/gado_core.owl#GDE_Mechanic,,,,,,,,,,,,,,,,,,
instrutionalPlan_0012,instrutionalPlan_0012,individual,http://nsxai.org/instances#instrutionalPlan_0012,prefrontal,Philosophy,easy,expert,numberOfViews_value_513,0.409,survivor,numberOfFavorites_value_564,0.976,,,,,,,,,
transactions_0003,transactions_0003,individual,http://nsxai.org/instances#transactions_0003,cerebellum,Physics,easy,hard,numberOfViews_value_675,0.619,social,numberOfFavorites_value_778,0.091,,,,,,,,,
targetBehavior_0033,targetBehavior_0033,individual,http://nsxai.org/instances#targetBehavior_0033,cerebellum,Literature,medium,hard,numberOfViews_value_949,0.055,competitive,numberOfFavorites_value_443,0.846,,,,,,,,,
instrutionalPlan_0020,instrutionalPlan_0020,individual,http://nsxai.org/instances#instrutionalPlan_0020,striatum,Statistics,hard,easy,numberOfViews_value_500,0.418,cooperative,numberOfFavorites_value_136,0.285,,,,,,,,,
engagementLoop_0010,engagementLoop_0010,individual,http://nsxai.org/instances#engagementLoop_0010,amygdala,Statistics,hard,hard,numberOfViews_value_906,0.972,competitive,numberOfFavorites_value_300,0.923,,false,0.589,,,,,,
GamificationModel,GamificationModel,class,http://surveys.nees.com.br/ontologies/gado_full.owl#GamificationModel,,,,,,,,,,,,,,,,,,
CurriculumUnit,CurriculumUnit,class,http://surveys.nees.com.br/ontologies/its/its_pedagogical.owl#CurriculumUnit,,,,,,,,,,,,,,,,,,
problemUnit_0004,problemUnit_0004,individual,http://nsxai.org/instances#problemUnit_0004,hippocampus,Data Science,medium,hard,numberOfViews_value_950,0.526,achiever,numberOfFavorites_value_421,0.831,,,,,,,,,
course_0008,course_0008,individual,http://nsxai.org/instances#course_0008,striatum,Calculus,hard,expert,numberOfViews_value_253,0.739,exploratory,numberOfFavorites_value_240,0.012,,,,,,,,,
problemBasedEvaluation_0002,problemBasedEvaluation_0002,individual,http://nsxai.org/instances#problemBasedEvaluation_0002,cerebellum,Literature,expert,easy,numberOfViews_value_536,0.144,exploratory,numberOfFavorites_value_715,0.892,,,,,,,,,
resource_0008,resource_0008,individual,http://nsxai.org/instances#resource_0008,striatum,History,easy,hard,208,0.77,social,169,0.223,,,,0.477,,,,,
targetBehavior_0001,targetBehavior_0001,individual,http://nsxai.org/instances#targetBehavior_0001,amygdala,Physics,expert,expert,numberOfViews_value_812,0.263,achiever,numberOfFavorites_value_551,0.952,,,,,,,,,
motivation_0001,motivation_0001,individual,http://nsxai.org/instances#motivation_0001,prefrontal,Philosophy,expert,medium,numberOfViews_value_764,0.948,cooperative,numberOfFavorites_value_965,0.419,,,,,,,,,
conqueror_0004,conqueror_0004,individual,http://nsxai.org/instances#conqueror_0004,amygdala,Geography,expert,expert,numberOfViews_value_503,0.03,competitive,numberOfFavorites_value_510,0.231,,,,,,,,,
problemUnit_0005,problemUnit_0005,individual,http://nsxai.org/instances#problemUnit_0005,amygdala,Literature,medium,easy,numberOfViews_value_256,0.338,exploratory,numberOfFavorites_value_380,0.604,,,,,,,,,
resolution_0011,resolution_0011,individual,http://nsxai.org/instances#resolution_0011,cerebellum,Biology,easy,hard,numberOfViews_value_100,0.795,social,numberOfFavorites_value_772,0.336,,,,,,,,,
cKCurriculumInformation_0003,cKCurriculumInformation_0003,individual,http://nsxai.org/instances#cKCurriculumInformation_0003,amygdala,Philosophy,expert,hard,numberOfViews_value_30,0.262,cooperative,numberOfFavorites_value_624,0.05,,,,,,,,,
playerAction_0004,playerAction_0004,individual,http://nsxai.org/instances#playerAction_0004,amygdala,Literature,expert,hard,numberOfViews_value_562,0.865,achiever,numberOfFavorites_value_243,0.39,,,,,,,,,
resolution_0005,resolution_0005,individual,http://nsxai.org/instances#resolution_0005,amygdala,Calculus,hard,expert,numberOfViews_value_400,0.492,social,numberOfFavorites_value_139,0.28,,,,,,,,,
relationships_0001,relationships_0001,individual,http://nsxai.org/instances#relationships_0001,prefrontal,Data Science,easy,hard,numberOfViews_value_231,0.777,social,numberOfFavorites_value_109,0.618,,,,,,,,,
player_0020,player_0020,individual,http://nsxai.org/instances#player_0020,hippocampus,Economics,hard,expert,numberOfViews_value_122,0.521,cooperative,numberOfFavorites_value_734,0.889,,,,,,,,0.568,
TrueOrFalseProblem,TrueOrFalseProblem,class,http://meututor.com.br/Ontologies/meututor_domain_resource.owl#TrueOrFalseProblem,,,,,,,,,,,,,,,,,,
mtcu:CKCurriculumInformation,mtcu:CKCurriculumInformation,resource,mtcu:CKCurriculumInformation,,,,,,,,,,,,,,,,,,
resourceAcquisition_0002,resourceAcquisition_0002,individual,http://nsxai.org/instances#resourceAcquisition_0002,prefrontal,Philosophy,hard,easy,numberOfViews_value_313,0.671,achiever,numberOfFavorites_value_245,0.197,,,,,,,,,
problemNext_0009,problemNext_0009,individual,http://nsxai.org/instances#problemNext_0009,hippocampus,Computer Science,easy,medium,numberOfViews_value_924,0.918,exploratory,numberOfFavorites_value_966,0.93,,,,,,,,,
gDEComponent_0001,gDEComponent_0001,individual,http://nsxai.org/instances#gDEComponent_0001,hippocampus,History,hard,expert,numberOfViews_value_165,0.658,achiever,numberOfFavorites_value_230,0.644,,,,,,,,,
behaviouralKnowledge_0018,behaviouralKnowledge_0018,individual,http://nsxai.org/instances#behaviouralKnowledge_0018,cerebellum,Data Science,easy,medium,numberOfViews_value_375,0.9,cooperative,numberOfFavorites_value_676,0.861,,,,,,,,,
constraints_0001,constraints_0001,individual,http://nsxai.org/instances#constraints_0001,amygdala,Data Science,easy,hard,numberOfViews_value_846,0.065,survivor,numberOfFavorites_value_623,0.646,,,,,,,,,
theme_0005,theme_0005,individual,http://nsxai.org/instances#theme_0005,amygdala,Mathematics,easy,easy,numberOfViews_value_897,0.663,cooperative,numberOfFavorites_value_712,0.054,,,,,,,,,
option_0005,option_0005,individual,http://nsxai.org/instances#option_0005,striatum,Mathematics,easy,expert,numberOfViews_value_31,0.976,competitive,numberOfFavorites_value_859,0.407,,,,,,,,,
rightColumn_0008,rightColumn_0008,individual,http://nsxai.org/instances#rightColumn_0008,cerebellum,Algebra,hard,easy,numberOfViews_value_799,0.553,achiever,numberOfFavorites_value_277,0.71,,,,,,,,,
instrutionalPlan_0016,instrutionalPlan_0016,individual,http://nsxai.org/instances#instrutionalPlan_0016,prefrontal,Computer Science,hard,expert,numberOfViews_value_377,0.689,survivor,numberOfFavorites_value_142,0.136,,,,,,,,,
progressiveLoop_0009,progressiveLoop_0009,individual,http://nsxai.org/instances#progressiveLoop_0009,prefrontal,History,easy,expert,numberOfViews_value_723,0.415,achiever,numberOfFavorites_value_343,0.703,0.86,,,,,,,,
multipleChoiceOption_0006,multipleChoiceOption_0006,individual,http://nsxai.org/instances#multipleChoiceOption_0006,striatum,Mathematics,easy,medium,numberOfViews_value_471,0.828,achiever,numberOfFavorites_value_370,0.65,,,,,,,,,
Constraints,Constraints,class,http://surveys.nees.com.br/ontologies/gado_core.owl#Constraints,,,,,,,,,,,,,,,,,,
brainHex_0005,brainHex_0005,individual,http://nsxai.org/instances#brainHex_0005,hippocampus,Philosophy,hard,easy,numberOfViews_value_842,0.858,exploratory,numberOfFavorites_value_957,0.133,,,,,,,,,
statement_0006,statement_0006,individual,http://nsxai.org/instances#statement_0006,amygdala,Computer Science,expert,medium,numberOfViews_value_145,0.543,exploratory,numberOfFavorites_value_363,0.32,,,,,,,,,
resourceUnit_0009,resourceUnit_0009,individual,http://nsxai.org/instances#resourceUnit_0009,cerebellum,Philosophy,easy,hard,numberOfViews_value_128,0.636,competitive,numberOfFavorites_value_508,0.192,,,,,,,,,
diagnosis_0004,diagnosis_0004,individual,http://nsxai.org/instances#diagnosis_0004,striatum,Statistics,expert,medium,numberOfViews_value_96,0.253,cooperative,numberOfFavorites_value_888,0.852,,,,,,,,,
combat_0001,combat_0001,individual,http://nsxai.org/instances#combat_0001,cerebellum,Geography,expert,easy,numberOfViews_value_536,0.739,exploratory,numberOfFavorites_value_537,0.58,,,,,,,,,
matchColumnProblem_0006,matchColumnProblem_0006,individual,http://nsxai.org/instances#matchColumnProblem_0006,prefrontal,Geography,easy,medium,numberOfViews_value_429,0.528,social,numberOfFavorites_value_674,0.84,,,,,,,,,
resourceWeight_0002,resourceWeight_0002,individual,http://nsxai.org/instances#resourceWeight_0002,cerebellum,Data Science,expert,easy,numberOfViews_value_679,0.041,survivor,numberOfFavorites_value_95,1.0,,,,,,,,,
isTiedTo,isTiedTo,object_property,http://surveys.nees.com.br/ontologies/gado_core.owl#isTiedTo,,,,,,,,,,,,,,,,,,
uRIResource_0007,uRIResource_0007,individual,http://nsxai.org/instances#uRIResource_0007,hippocampus,Literature,expert,medium,numberOfViews_value_478,0.323,exploratory,numberOfFavorites_value_76,0.439,,,,,,,,,
targetBehavior_0004,targetBehavior_0004,individual,http://nsxai.org/instances#targetBehavior_0004,striatum,Economics,expert,medium,numberOfViews_value_195,0.366,social,numberOfFavorites_value_892,0.361,,,,,,,,,
resource_0006,resource_0006,individual,http://nsxai.org/instances#resource_0006,amygdala,Economics,expert,hard,358,0.826,social,63,0.249,,,,0.365,,,,,
sDTRelatedness_0004,sDTRelatedness_0004,individual,http://nsxai.org/instances#sDTRelatedness_0004,hippocampus,Computer Science,medium,medium,numberOfViews_value_184,0.774,achiever,numberOfFavorites_value_26,0.44,,,,,,,,,
errorBug_0001,errorBug_0001,individual,http://nsxai.org/instances#errorBug_0001,prefrontal,Biology,medium,medium,numberOfViews_value_618,0.784,social,numberOfFavorites_value_535,0.726,,,,,,,,,
playerAction_0014,playerAction_0014,individual,http://nsxai.org/instances#playerAction_0014,cerebellum,Calculus,expert,medium,numberOfViews_value_329,0.815,exploratory,numberOfFavorites_value_984,0.947,,,,,,,,,
superKC,superKC,datatype_property,http://meututor.com.br/Ontologies/meututor_domain_resource.owl#superKC,,,,,,,,,,,,,,,,,,
trueOrFalseOption_0004,trueOrFalseOption_0004,individual,http://nsxai.org/instances#trueOrFalseOption_0004,hippocampus,Mathematics,expert,medium,numberOfViews_value_326,0.224,competitive,numberOfFavorites_value_35,0.295,,,,,,,,,
multipleChoiceOption_0019,multipleChoiceOption_0019,individual,http://nsxai.org/instances#multipleChoiceOption_0019,amygdala,Economics,expert,easy,numberOfViews_value_135,0.033,social,numberOfFavorites_value_748,0.976,,,,,,,,,
brainHex_0009,brainHex_0009,individual,http://nsxai.org/instances#brainHex_0009,hippocampus,Economics,hard,expert,numberOfViews_value_807,0.689,survivor,numberOfFavorites_value_346,0.39,,,,,,,,,
sequencing_0009,sequencing_0009,individual,http://nsxai.org/instances#sequencing_0009,amygdala,Calculus,hard,expert,numberOfViews_value_532,0.141,exploratory,numberOfFavorites_value_959,0.647,,,,,,,,,
resourceUnit_0014,resourceUnit_0014,individual,http://nsxai.org/instances#resourceUnit_0014,hippocampus,Biology,hard,medium,numberOfViews_value_828,0.352,achiever,numberOfFavorites_value_393,0.687,,,,,,,,,
designPractice_0008,designPractice_0008,individual,http://nsxai.org/instances#designPractice_0008,striatum,Data Science,hard,hard,numberOfViews_value_289,0.899,achiever,numberOfFavorites_value_897,0.597,,,,,,,,,0.308
motivationalAffordance_0003,motivationalAffordance_0003,individual,http://nsxai.org/instances#motivationalAffordance_0003,cerebellum,Philosophy,medium,medium,numberOfViews_value_281,0.991,competitive,numberOfFavorites_value_492,0.745,,,,,,,,,
increaseHappiness,increaseHappiness,individual,http://surveys.nees.com.br/ontologies/gado_full.owl#increaseHappiness,,,,,,,,,,,,,,,,,,
categoryCompetition_0002,categoryCompetition_0002,individual,http://nsxai.org/instances#categoryCompetition_0002,cerebellum,Philosophy,medium,easy,numberOfViews_value_433,0.652,competitive,numberOfFavorites_value_56,0.585,,,,,,,,,
resource_0016,resource_0016,individual,http://nsxai.org/instances#resource_0016,hippocampus,History,hard,hard,70,0.697,survivor,130,0.706,,,,0.307,,,,,
playerAction_0020,playerAction_0020,individual,http://nsxai.org/instances#playerAction_0020,prefrontal,Calculus,expert,expert,numberOfViews_value_204,0.324,social,numberOfFavorites_value_288,0.458,,,,,,,,,
metric_0050,metric_0050,individual,http://nsxai.org/instances#metric_0050,cerebellum,History,expert,medium,numberOfViews_value_600,0.448,survivor,numberOfFavorites_value_916,0.896,,,,,60.33,hint_usage,40.95,,
Yee_Escapism,Yee_Escapism,class,http://surveys.nees.com.br/ontologies/gado_full.owl#Yee_Escapism,,,,,,,,,,,,,,,,,,
yeeAchievementComponent_0003,yeeAchievementComponent_0003,individual,http://nsxai.org/instances#yeeAchievementComponent_0003,prefrontal,Geography,easy,expert,numberOfViews_value_158,0.262,cooperative,numberOfFavorites_value_257,0.406,,,,,,,,,
activity_0007,activity_0007,individual,http://nsxai.org/instances#activity_0007,striatum,Literature,expert,easy,numberOfViews_value_353,0.557,competitive,numberOfFavorites_value_2,0.034,,,,,,,,,
content_0004,content_0004,individual,http://nsxai.org/instances#content_0004,cerebellum,Statistics,hard,medium,numberOfViews_value_430,0.72,social,numberOfFavorites_value_855,0.918,,,,,,,,,
comment_0004,comment_0004,individual,http://nsxai.org/instances#comment_0004,hippocampus,Physics,medium,medium,numberOfViews_value_742,0.096,survivor,numberOfFavorites_value_773,0.312,,,,,,,,,
meututor_domain.owl,meututor_domain.owl,resource,http://meututor.com.br/Ontologies/meututor_domain.owl,,,,,,,,,,,,,,,,,,
timeConstraints_0002,timeConstraints_0002,individual,http://nsxai.org/instances#timeConstraints_0002,striatum,Statistics,medium,medium,numberOfViews_value_228,0.535,achiever,numberOfFavorites_value_92,0.727,,,,,,,,,
domainModel_0002,domainModel_0002,individual,http://nsxai.org/instances#domainModel_0002,amygdala,Geography,easy,expert,numberOfViews_value_330,0.321,competitive,numberOfFavorites_value_107,0.52,,,,,,,,,
resourceWeight_0004,resourceWeight_0004,individual,http://nsxai.org/instances#resourceWeight_0004,prefrontal,History,medium,medium,numberOfViews_value_25,0.116,survivor,numberOfFavorites_value_419,0.701,,,,,,,,,
quests_0005,quests_0005,individual,http://nsxai.org/instances#quests_0005,striatum,Calculus,hard,expert,numberOfViews_value_791,0.859,achiever,numberOfFavorites_value_515,0.695,,,,,,,,,
playerAction_0010,playerAction_0010,individual,http://nsxai.org/instances#playerAction_0010,striatum,Philosophy,medium,easy,numberOfViews_value_692,0.31,exploratory,numberOfFavorites_value_645,0.345,,,,,,,,,
designPractice_0006,designPractice_0006,individual,http://nsxai.org/instances#designPractice_0006,cerebellum,Physics,hard,expert,numberOfViews_value_101,0.897,social,numberOfFavorites_value_364,0.347,,,,,,,,,0.913
status_0005,status_0005,individual,http://nsxai.org/instances#status_0005,striatum,Statistics,hard,expert,numberOfViews_value_356,0.729,survivor,numberOfFavorites_value_244,0.688,,,,,,,,,
gameContext_0001,gameContext_0001,individual,http://nsxai.org/instances#gameContext_0001,prefrontal,Statistics,hard,easy,numberOfViews_value_219,0.464,achiever,numberOfFavorites_value_412,0.486,,,,,,,,,
studentModel_0010,studentModel_0010,individual,http://nsxai.org/instances#studentModel_0010,striatum,Calculus,hard,medium,numberOfViews_value_618,0.557,competitive,numberOfFavorites_value_400,0.131,,,,,,,,,
its_domain.owl,its_domain.owl,resource,http://surveys.nees.com.br/ontologies/its_domain.owl,,,,,,,,,,,,,,,,,,
yeeSocializing_0003,yeeSocializing_0003,individual,http://nsxai.org/instances#yeeSocializing_0003,amygdala,Chemistry,medium,medium,numberOfViews_value_824,0.679,social,numberOfFavorites_value_312,0.264,,,,,,,,,
Survivor,Survivor,class,http://surveys.nees.com.br/ontologies/gado_full.owl#Survivor,,,,,,,,,,,,,,,,,,
isAccomplishedWith,isAccomplishedWith,object_property,http://surveys.nees.com.br/ontologies/gado_full.owl#isAccomplishedWith,,,,,,,,,,,,,,,,,,
curriculum_0006,curriculum_0006,individual,http://nsxai.org/instances#curriculum_0006,amygdala,Physics,easy,hard,numberOfViews_value_60,0.534,cooperative,numberOfFavorites_value_941,0.774,,,,,,,,,
problemUnit_0019,problemUnit_0019,individual,http://nsxai.org/instances#problemUnit_0019,hippocampus,Chemistry,medium,medium,numberOfViews_value_661,0.28,cooperative,numberOfFavorites_value_142,0.142,,,,,,,,,
problemNext_0017,problemNext_0017,individual,http://nsxai.org/instances#problemNext_0017,cerebellum,Philosophy,easy,easy,numberOfViews_value_781,0.111,achiever,numberOfFavorites_value_649,0.396,,,,,,,,,
combat_0003,combat_0003,individual,http://nsxai.org/instances#combat_0003,prefrontal,Chemistry,expert,medium,numberOfViews_value_257,0.449,social,numberOfFavorites_value_894,0.285,,,,,,,,,
domainModel_0006,domainModel_0006,individual,http://nsxai.org/instances#domainModel_0006,cerebellum,Chemistry,hard,expert,numberOfViews_value_933,0.684,exploratory,numberOfFavorites_value_461,0.038,,,,,,,,,
statement_0014,statement_0014,individual,http://nsxai.org/instances#statement_0014,hippocampus,Physics,easy,hard,numberOfViews_value_876,0.012,cooperative,numberOfFavorites_value_223,0.788,,,,,,,,,
discursiveProblem_0004,discursiveProblem_0004,individual,http://nsxai.org/instances#discursiveProblem_0004,prefrontal,Physics,easy,medium,numberOfViews_value_827,0.451,achiever,numberOfFavorites_value_761,0.137,,,,,,,,,
content_0010,content_0010,individual,http://nsxai.org/instances#content_0010,amygdala,Geography,medium,expert,numberOfViews_value_491,0.246,achiever,numberOfFavorites_value_995,0.83,,,,,,,,,
cKCurriculumInformation_0010,cKCurriculumInformation_0010,individual,http://nsxai.org/instances#cKCurriculumInformation_0010,amygdala,Literature,expert,easy,numberOfViews_value_89,0.816,cooperative,numberOfFavorites_value_889,0.182,,,,,,,,,
timeConstraints_0001,timeConstraints_0001,individual,http://nsxai.org/instances#timeConstraints_0001,striatum,Mathematics,hard,hard,numberOfViews_value_306,0.967,survivor,numberOfFavorites_value_290,0.805,,,,,,,,,
leftColumn_0002,leftColumn_0002,individual,http://nsxai.org/instances#leftColumn_0002,striatum,Physics,expert,easy,numberOfViews_value_874,0.606,competitive,numberOfFavorites_value_463,0.195,,,,,,,,,
fillBlanksProblem_0007,fillBlanksProblem_0007,individual,http://nsxai.org/instances#fillBlanksProblem_0007,amygdala,History,easy,easy,numberOfViews_value_354,0.911,social,numberOfFavorites_value_34,0.808,,,,,,,,,
instrutionalPlan_0004,instrutionalPlan_0004,individual,http://nsxai.org/instances#instrutionalPlan_0004,striatum,Mathematics,hard,medium,numberOfViews_value_439,0.634,competitive,numberOfFavorites_value_855,0.333,,,,,,,,,
misconception_0004,misconception_0004,individual,http://nsxai.org/instances#misconception_0004,prefrontal,History,medium,medium,numberOfViews_value_368,0.183,cooperative,numberOfFavorites_value_709,0.617,,,,,,,,,
targetBehavior_0032,targetBehavior_0032,individual,http://nsxai.org/instances#targetBehavior_0032,prefrontal,Philosophy,easy,easy,numberOfViews_value_523,0.706,cooperative,numberOfFavorites_value_642,0.34,,,,,,,,,
knowledgeUnit_0003,knowledgeUnit_0003,individual,http://nsxai.org/instances#knowledgeUnit_0003,cerebellum,Biology,easy,hard,numberOfViews_value_498,0.296,social,numberOfFavorites_value_751,0.435,,,,,,,,,
challenges_0003,challenges_0003,individual,http://nsxai.org/instances#challenges_0003,cerebellum,History,easy,easy,numberOfViews_value_400,0.673,social,numberOfFavorites_value_173,0.228,,,,,,,,,
metric_0037,metric_0037,individual,http://nsxai.org/instances#metric_0037,amygdala,Data Science,easy,medium,numberOfViews_value_580,0.221,social,numberOfFavorites_value_898,0.861,,,,,14.98,engagement_score,8.75,,
tactic_0020,tactic_0020,individual,http://nsxai.org/instances#tactic_0020,amygdala,Computer Science,easy,easy,numberOfViews_value_639,0.536,competitive,numberOfFavorites_value_409,0.636,,,,,,,,,
container_0002,container_0002,individual,http://nsxai.org/instances#container_0002,prefrontal,History,hard,expert,numberOfViews_value_186,0.598,achiever,numberOfFavorites_value_285,0.54,,,,,,,,,
userAccount_0004,userAccount_0004,individual,http://nsxai.org/instances#userAccount_0004,cerebellum,Physics,expert,easy,numberOfViews_value_70,0.73,cooperative,numberOfFavorites_value_235,0.212,,,,,,,,,
pedagogicalModel_0001,pedagogicalModel_0001,individual,http://nsxai.org/instances#pedagogicalModel_0001,amygdala,Literature,expert,easy,numberOfViews_value_902,0.528,survivor,numberOfFavorites_value_981,0.733,,,,,,,,,
targetBehavior_0020,targetBehavior_0020,individual,http://nsxai.org/instances#targetBehavior_0020,prefrontal,Chemistry,medium,medium,numberOfViews_value_606,0.517,social,numberOfFavorites_value_905,0.772,,,,,,,,,
trueOrFalseOption_0002,trueOrFalseOption_0002,individual,http://nsxai.org/instances#trueOrFalseOption_0002,cerebellum,Chemistry,easy,easy,numberOfViews_value_270,0.857,cooperative,numberOfFavorites_value_877,0.4,,,,,,,,,
constraints_0003,constraints_0003,individual,http://nsxai.org/instances#constraints_0003,prefrontal,Statistics,hard,medium,numberOfViews_value_75,0.289,achiever,numberOfFavorites_value_282,0.838,,,,,,,,,
rightColumn_0001,rightColumn_0001,individual,http://nsxai.org/instances#rightColumn_0001,amygdala,Biology,medium,hard,numberOfViews_value_15,0.244,competitive,numberOfFavorites_value_706,0.168,,,,,,,,,
yeeSocialComponent_0002,yeeSocialComponent_0002,individual,http://nsxai.org/instances#yeeSocialComponent_0002,cerebellum,Mathematics,medium,hard,numberOfViews_value_528,0.923,social,numberOfFavorites_value_604,0.284,,,,,,,,,
order,order,datatype_property,http://meututor.com.br/Ontologies/meututor_domain_resource.owl#order,,,,,,,,,,,,,,,,,,
trueOrFalseOption_0009,trueOrFalseOption_0009,individual,http://nsxai.org/instances#trueOrFalseOption_0009,prefrontal,Geography,easy,easy,numberOfViews_value_107,0.453,social,numberOfFavorites_value_972,0.745,,,,,,,,,
bug_0001,bug_0001,individual,http://nsxai.org/instances#bug_0001,hippocampus,Philosophy,easy,medium,numberOfViews_value_868,0.1,cooperative,numberOfFavorites_value_718,0.764,,,,,,,,,
Self-Determination_Theory,Self-Determination_Theory,class,http://surveys.nees.com.br/ontologies/gado_full.owl#Self-Determination_Theory,,,,,,,,,,,,,,,,,,
yeeCompetition_0001,yeeCompetition_0001,individual,http://nsxai.org/instances#yeeCompetition_0001,striatum,Geography,hard,expert,numberOfViews_value_783,0.871,cooperative,numberOfFavorites_value_770,0.434,,,,,,,,,
comment_0006,comment_0006,individual,http://nsxai.org/instances#comment_0006,striatum,Economics,hard,easy,numberOfViews_value_864,0.542,competitive,numberOfFavorites_value_41,0.273,,,,,,,,,
curriculum_0004,curriculum_0004,individual,http://nsxai.org/instances#curriculum_0004,cerebellum,Biology,easy,medium,numberOfViews_value_366,0.096,cooperative,numberOfFavorites_value_361,0.024,,,,,,,,,
matchColumnProblem_0004,matchColumnProblem_0004,individual,http://nsxai.org/instances#matchColumnProblem_0004,cerebellum,Calculus,medium,medium,numberOfViews_value_562,0.532,exploratory,numberOfFavorites_value_811,0.275,,,,,,,,,
trueOrFalseProblem_0007,trueOrFalseProblem_0007,individual,http://nsxai.org/instances#trueOrFalseProblem_0007,cerebellum,Chemistry,easy,medium,numberOfViews_value_156,0.737,achiever,numberOfFavorites_value_834,0.328,,,,,,,,,
methodStep_0005,methodStep_0005,individual,http://nsxai.org/instances#methodStep_0005,hippocampus,Philosophy,easy,easy,numberOfViews_value_230,0.623,competitive,numberOfFavorites_value_86,0.214,,,,,,,,,
knowledgeUnit_0005,knowledgeUnit_0005,individual,http://nsxai.org/instances#knowledgeUnit_0005,cerebellum,Literature,expert,medium,numberOfViews_value_615,0.434,cooperative,numberOfFavorites_value_755,0.398,,,,,,,,,
yeeDiscovery_0002,yeeDiscovery_0002,individual,http://nsxai.org/instances#yeeDiscovery_0002,prefrontal,Chemistry,medium,easy,numberOfViews_value_46,0.195,competitive,numberOfFavorites_value_579,0.803,,,,,,,,,
metricDescription,metricDescription,datatype_property,http://surveys.nees.com.br/ontologies/gado_full.owl#metricDescription,,,,,,,,,,,,,,,,,,
gifting_0002,gifting_0002,individual,http://nsxai.org/instances#gifting_0002,hippocampus,Calculus,expert,medium,numberOfViews_value_399,0.926,cooperative,numberOfFavorites_value_870,0.047,,,,,,,,,
teams_0003,teams_0003,individual,http://nsxai.org/instances#teams_0003,striatum,Biology,medium,easy,numberOfViews_value_878,0.949,survivor,numberOfFavorites_value_334,0.949,,,,,,,,,
pedagogicalUnit_0009,pedagogicalUnit_0009,individual,http://nsxai.org/instances#pedagogicalUnit_0009,hippocampus,Algebra,hard,hard,numberOfViews_value_893,0.924,competitive,numberOfFavorites_value_856,0.237,,,,,,,,,
genericOperator_0002,genericOperator_0002,individual,http://nsxai.org/instances#genericOperator_0002,cerebellum,Algebra,medium,easy,numberOfViews_value_168,0.816,achiever,numberOfFavorites_value_981,0.582,,,,,,,,,
metric_0001,metric_0001,individual,http://nsxai.org/instances#metric_0001,amygdala,Statistics,hard,expert,numberOfViews_value_259,0.314,cooperative,numberOfFavorites_value_903,0.433,,,,,14.14,time_on_task,16.12,,
problemUnit_0016,problemUnit_0016,individual,http://nsxai.org/instances#problemUnit_0016,hippocampus,Economics,expert,medium,numberOfViews_value_269,0.67,cooperative,numberOfFavorites_value_215,0.539,,,,,,,,,
gameContext_0005,gameContext_0005,individual,http://nsxai.org/instances#gameContext_0005,cerebellum,Calculus,hard,hard,numberOfViews_value_263,0.112,achiever,numberOfFavorites_value_510,0.079,,,,,,,,,
metric_0051,metric_0051,individual,http://nsxai.org/instances#metric_0051,striatum,Statistics,medium,medium,numberOfViews_value_376,0.735,competitive,numberOfFavorites_value_431,0.681,,,,,60.84,completion_rate,52.77,,
resolution_0014,resolution_0014,individual,http://nsxai.org/instances#resolution_0014,striatum,Geography,hard,hard,numberOfViews_value_670,0.349,cooperative,numberOfFavorites_value_418,0.66,,,,,,,,,
pedagogicalUnit_0002,pedagogicalUnit_0002,individual,http://nsxai.org/instances#pedagogicalUnit_0002,cerebellum,Physics,hard,easy,numberOfViews_value_204,0.324,achiever,numberOfFavorites_value_49,0.386,,,,,,,,,
ProblemBasedEvaluation,ProblemBasedEvaluation,class,http://meututor.com.br/Ontologies/meututor_domain_resource.owl#ProblemBasedEvaluation,,,,,,,,,,,,,,,,,,
interactsIn,interactsIn,object_property,http://surveys.nees.com.br/ontologies/gado_core.owl#interactsIn,,,,,,,,,,,,,,,,,,
DesignPractice,DesignPractice,class,http://surveys.nees.com.br/ontologies/gado_full.owl#DesignPractice,,,,,,,,,,,,,,,,,,
problemBasedEvaluation_0004,problemBasedEvaluation_0004,individual,http://nsxai.org/instances#problemBasedEvaluation_0004,amygdala,Data Science,expert,medium,numberOfViews_value_763,0.929,competitive,numberOfFavorites_value_579,0.991,,,,,,,,,
quests_0003,quests_0003,individual,http://nsxai.org/instances#quests_0003,hippocampus,Chemistry,easy,hard,numberOfViews_value_311,0.852,achiever,numberOfFavorites_value_177,0.57,,,,,,,,,
mtr:Option,mtr:Option,resource,mtr:Option,,,,,,,,,,,,,,,,,,
motivationalAffordance_0005,motivationalAffordance_0005,individual,http://nsxai.org/instances#motivationalAffordance_0005,prefrontal,Calculus,hard,medium,numberOfViews_value_445,0.4,cooperative,numberOfFavorites_value_807,0.382,,,,,,,,,
Catalogue,Catalogue,class,http://meututor.com.br/Ontologies/meututor_domain_curriculum.owl#Catalogue,,,,,,,,,,,,,,,,,,
tactic_0016,tactic_0016,individual,http://nsxai.org/instances#tactic_0016,amygdala,Chemistry,hard,hard,numberOfViews_value_930,0.348,survivor,numberOfFavorites_value_776,0.369,,,,,,,,,
trueOrFalseOption_0006,trueOrFalseOption_0006,individual,http://nsxai.org/instances#trueOrFalseOption_0006,amygdala,History,hard,easy,numberOfViews_value_881,0.524,cooperative,numberOfFavorites_value_308,0.575,,,,,,,,,
statement_0010,statement_0010,individual,http://nsxai.org/instances#statement_0010,prefrontal,History,easy,expert,numberOfViews_value_506,0.314,achiever,numberOfFavorites_value_262,0.707,,,,,,,,,
option_0002,option_0002,individual,http://nsxai.org/instances#option_0002,hippocampus,Mathematics,easy,medium,numberOfViews_value_230,0.53,achiever,numberOfFavorites_value_313,0.981,,,,,,,,,
userAccount_0008,userAccount_0008,individual,http://nsxai.org/instances#userAccount_0008,prefrontal,Geography,easy,medium,numberOfViews_value_337,0.931,cooperative,numberOfFavorites_value_409,0.737,,,,,,,,,
targetBehavior_0015,targetBehavior_0015,individual,http://nsxai.org/instances#targetBehavior_0015,striatum,History,easy,expert,numberOfViews_value_436,0.772,cooperative,numberOfFavorites_value_526,0.14,,,,,,,,,
metric_0009,metric_0009,individual,http://nsxai.org/instances#metric_0009,hippocampus,Computer Science,hard,medium,numberOfViews_value_863,0.875,competitive,numberOfFavorites_value_692,0.513,,,,,53.12,streak_count,31.54,,
metric_0025,metric_0025,individual,http://nsxai.org/instances#metric_0025,prefrontal,Philosophy,hard,medium,numberOfViews_value_6,0.32,competitive,numberOfFavorites_value_372,0.221,,,,,50.16,progress_ratio,51.86,,
cKCurriculumInformation_0001,cKCurriculumInformation_0001,individual,http://nsxai.org/instances#cKCurriculumInformation_0001,hippocampus,Data Science,medium,easy,numberOfViews_value_942,0.753,exploratory,numberOfFavorites_value_190,0.259,,,,,,,,,
leaderboards_0004,leaderboards_0004,individual,http://nsxai.org/instances#leaderboards_0004,cerebellum,Literature,expert,easy,numberOfViews_value_69,0.415,competitive,numberOfFavorites_value_49,0.252,,,,,,,,,
problemBasedEvaluation_0003,problemBasedEvaluation_0003,individual,http://nsxai.org/instances#problemBasedEvaluation_0003,amygdala,History,hard,easy,numberOfViews_value_313,0.528,exploratory,numberOfFavorites_value_728,0.145,,,,,,,,,
targetBehavior_0031,targetBehavior_0031,individual,http://nsxai.org/instances#targetBehavior_0031,striatum,Economics,expert,hard,numberOfViews_value_572,0.1,social,numberOfFavorites_value_772,0.063,,,,,,,,,
transactions_0005,transactions_0005,individual,http://nsxai.org/instances#transactions_0005,striatum,Data Science,medium,expert,numberOfViews_value_868,0.345,cooperative,numberOfFavorites_value_899,0.624,,,,,,,,,
selfDeterminationTheory_0005,selfDeterminationTheory_0005,individual,http://nsxai.org/instances#selfDeterminationTheory_0005,prefrontal,Calculus,medium,hard,numberOfViews_value_737,0.733,social,numberOfFavorites_value_158,0.543,,,,,,,,,
business,business,individual,http://surveys.nees.com.br/ontologies/gado_core.owl#business,,,,,,,,,,,,,,,,,,
exercise_0006,exercise_0006,individual,http://nsxai.org/instances#exercise_0006,hippocampus,History,hard,expert,numberOfViews_value_39,0.002,social,numberOfFavorites_value_750,0.631,,,,,,,,,
resolutionMethod_0005,resolutionMethod_0005,individual,http://nsxai.org/instances#resolutionMethod_0005,cerebellum,Geography,hard,easy,numberOfViews_value_953,0.168,social,numberOfFavorites_value_671,0.471,,,,,,,,,
cooperation_0004,cooperation_0004,individual,http://nsxai.org/instances#cooperation_0004,prefrontal,Mathematics,expert,easy,numberOfViews_value_713,0.829,exploratory,numberOfFavorites_value_249,0.371,,,,,,,,,
gameContext_0002,gameContext_0002,individual,http://nsxai.org/instances#gameContext_0002,prefrontal,Calculus,medium,expert,numberOfViews_value_369,0.581,social,numberOfFavorites_value_151,0.414,,,,,,,,,
problemUnit_0014,problemUnit_0014,individual,http://nsxai.org/instances#problemUnit_0014,amygdala,Calculus,easy,expert,numberOfViews_value_157,0.568,competitive,numberOfFavorites_value_222,0.114,,,,,,,,,
multipleChoiceHasOption,multipleChoiceHasOption,object_property,http://meututor.com.br/Ontologies/meututor_domain_resource.owl#multipleChoiceHasOption,,,,,,,,,,,,,,,,,,
fillBlanksProblem_0003,fillBlanksProblem_0003,individual,http://nsxai.org/instances#fillBlanksProblem_0003,amygdala,Calculus,medium,hard,numberOfViews_value_664,0.286,cooperative,numberOfFavorites_value_846,0.686,,,,,,,,,
userAccount_0005,userAccount_0005,individual,http://nsxai.org/instances#userAccount_0005,hippocampus,Statistics,hard,medium,numberOfViews_value_886,0.19,cooperative,numberOfFavorites_value_219,0.862,,,,,,,,,
stepOrder,stepOrder,datatype_property,http://meututor.com.br/Ontologies/meututor_domain_resource.owl#stepOrder,,,,,,,,,,,,,,,,,,
resourceUnit_0006,resourceUnit_0006,individual,http://nsxai.org/instances#resourceUnit_0006,cerebellum,Literature,medium,easy,numberOfViews_value_116,0.697,exploratory,numberOfFavorites_value_746,0.708,,,,,,,,,
gamifiedITS_0007,gamifiedITS_0007,individual,http://nsxai.org/instances#gamifiedITS_0007,striatum,Economics,hard,medium,numberOfViews_value_348,0.667,exploratory,numberOfFavorites_value_656,0.424,,,,,,,,,
errorMisconception_0005,errorMisconception_0005,individual,http://nsxai.org/instances#errorMisconception_0005,striatum,Physics,medium,easy,numberOfViews_value_725,0.458,social,numberOfFavorites_value_728,0.858,,,,,,,,,
problemNext_0014,problemNext_0014,individual,http://nsxai.org/instances#problemNext_0014,hippocampus,Literature,expert,hard,numberOfViews_value_366,0.868,exploratory,numberOfFavorites_value_115,0.465,,,,,,,,,
categoryPerformance_0003,categoryPerformance_0003,individual,http://nsxai.org/instances#categoryPerformance_0003,striatum,Computer Science,expert,expert,numberOfViews_value_670,0.666,cooperative,numberOfFavorites_value_391,0.28,,,,,,,,,
motivationAndNeedTheory_0003,motivationAndNeedTheory_0003,individual,http://nsxai.org/instances#motivationAndNeedTheory_0003,prefrontal,Economics,medium,hard,numberOfViews_value_320,0.671,social,numberOfFavorites_value_850,0.406,,,,,,,,,
cKCurriculumInformation_0008,cKCurriculumInformation_0008,individual,http://nsxai.org/instances#cKCurriculumInformation_0008,amygdala,Data Science,medium,medium,numberOfViews_value_244,0.449,achiever,numberOfFavorites_value_242,0.479,,,,,,,,,
trueOrFalseProblem_0001,trueOrFalseProblem_0001,individual,http://nsxai.org/instances#trueOrFalseProblem_0001,hippocampus,Algebra,medium,hard,numberOfViews_value_892,0.632,achiever,numberOfFavorites_value_771,0.93,,,,,,,,,
player_0006,player_0006,individual,http://nsxai.org/instances#player_0006,amygdala,Chemistry,hard,expert,numberOfViews_value_476,0.973,competitive,numberOfFavorites_value_146,0.648,,,,,,,,0.872,
problemNext_0020,problemNext_0020,individual,http://nsxai.org/instances#problemNext_0020,striatum,Algebra,hard,expert,numberOfViews_value_217,0.363,survivor,numberOfFavorites_value_872,0.221,,,,,,,,,
hasDomainModel,hasDomainModel,object_property,http://surveys.nees.com.br/ontologies/gato.owl#hasDomainModel,,,,,,,,,,,,,,,,,,
orientation,orientation,individual,http://surveys.nees.com.br/ontologies/gado_core.owl#orientation,,,,,,,,,,,,,,,,,,
Points,Points,class,http://surveys.nees.com.br/ontologies/gado_core.owl#Points,,,,,,,,,,,,,,,,,,
sequencing_0012,sequencing_0012,individual,http://nsxai.org/instances#sequencing_0012,amygdala,History,hard,medium,numberOfViews_value_820,0.436,survivor,numberOfFavorites_value_49,0.873,,,,,,,,,
Yee_Customization,Yee_Customization,class,http://surveys.nees.com.br/ontologies/gado_full.owl#Yee_Customization,,,,,,,,,,,,,,,,,,
activity_0008,activity_0008,individual,http://nsxai.org/instances#activity_0008,cerebellum,Literature,hard,easy,numberOfViews_value_558,0.985,cooperative,numberOfFavorites_value_841,0.312,,,,,,,,,
challenges_0002,challenges_0002,individual,http://nsxai.org/instances#challenges_0002,striatum,Mathematics,medium,expert,numberOfViews_value_674,0.312,exploratory,numberOfFavorites_value_668,0.921,,,,,,,,,
context_0001,context_0001,individual,http://nsxai.org/instances#context_0001,hippocampus,Philosophy,medium,easy,numberOfViews_value_17,0.852,exploratory,numberOfFavorites_value_427,0.265,,,,,,,,,
ckType,ckType,datatype_property,http://meututor.com.br/Ontologies/meututor_domain_curriculum.owl#ckType,,,,,,,,,,,,,,,,,,
mastery,mastery,individual,http://surveys.nees.com.br/ontologies/gado_core.owl#mastery,,,,,,,,,,,,,,,,,,
type,type,datatype_property,http://meututor.com.br/Ontologies/meututor_domain.owl#type,,,,,,,,,,,,,,,,,,
exercise_0020,exercise_0020,individual,http://nsxai.org/instances#exercise_0020,hippocampus,Statistics,easy,hard,numberOfViews_value_37,0.886,achiever,numberOfFavorites_value_210,0.783,,,,,,,,,
conceptualKnowledge_0005,conceptualKnowledge_0005,individual,http://nsxai.org/instances#conceptualKnowledge_0005,amygdala,Biology,hard,easy,numberOfViews_value_48,0.582,exploratory,numberOfFavorites_value_694,0.459,,,,,,,,,
context_0002,context_0002,individual,http://nsxai.org/instances#context_0002,striatum,Data Science,easy,easy,numberOfViews_value_789,0.169,cooperative,numberOfFavorites_value_798,0.931,,,,,,,,,
exercise_0016,exercise_0016,individual,http://nsxai.org/instances#exercise_0016,prefrontal,Economics,easy,medium,numberOfViews_value_781,0.886,exploratory,numberOfFavorites_value_546,0.577,,,,,,,,,
compositeResource_0003,compositeResource_0003,individual,http://nsxai.org/instances#compositeResource_0003,hippocampus,Data Science,easy,expert,numberOfViews_value_224,0.814,competitive,numberOfFavorites_value_389,0.15,,,,,,,,,
engagementLoop_0001,engagementLoop_0001,individual,http://nsxai.org/instances#engagementLoop_0001,amygdala,Geography,easy,easy,numberOfViews_value_555,0.733,social,numberOfFavorites_value_725,0.933,,false,0.43,,,,,,
gDEMechanic_0005,gDEMechanic_0005,individual,http://nsxai.org/instances#gDEMechanic_0005,prefrontal,Algebra,hard,expert,numberOfViews_value_83,0.304,social,numberOfFavorites_value_60,0.701,,,,,,,,,
resolutionMethod_0009,resolutionMethod_0009,individual,http://nsxai.org/instances#resolutionMethod_0009,cerebellum,Philosophy,medium,medium,numberOfViews_value_429,0.392,exploratory,numberOfFavorites_value_814,0.034,,,,,,,,,
pedagogicalUnit_0001,pedagogicalUnit_0001,individual,http://nsxai.org/instances#pedagogicalUnit_0001,hippocampus,History,expert,easy,numberOfViews_value_701,0.611,competitive,numberOfFavorites_value_82,0.14,,,,,,,,,
multipleChoiceProblem_0001,multipleChoiceProblem_0001,individual,http://nsxai.org/instances#multipleChoiceProblem_0001,cerebellum,Mathematics,hard,hard,numberOfViews_value_442,0.22,exploratory,numberOfFavorites_value_930,0.398,,,,,,,,,
Seeker,Seeker,class,http://surveys.nees.com.br/ontologies/gado_full.owl#Seeker,,,,,,,,,,,,,,,,,,
problemUnit_0008,problemUnit_0008,individual,http://nsxai.org/instances#problemUnit_0008,amygdala,Algebra,easy,expert,numberOfViews_value_715,0.273,cooperative,numberOfFavorites_value_103,0.008,,,,,,,,,
mtcu:isComposedByProblem,mtcu:isComposedByProblem,resource,mtcu:isComposedByProblem,,,,,,,,,,,,,,,,,,
matchColumnOption_0004,matchColumnOption_0004,individual,http://nsxai.org/instances#matchColumnOption_0004,cerebellum,Chemistry,hard,hard,numberOfViews_value_35,0.694,achiever,numberOfFavorites_value_908,0.159,,,,,,,,,
Yee_Social_Component,Yee_Social_Component,class,http://surveys.nees.com.br/ontologies/gado_full.owl#Yee_Social_Component,,,,,,,,,,,,,,,,,,
question_0001,question_0001,individual,http://nsxai.org/instances#question_0001,amygdala,Chemistry,easy,easy,numberOfViews_value_707,0.865,survivor,numberOfFavorites_value_512,0.561,,,,,,,,,
matchColumnAnswer_0002,matchColumnAnswer_0002,individual,http://nsxai.org/instances#matchColumnAnswer_0002,striatum,Biology,medium,expert,numberOfViews_value_582,0.068,survivor,numberOfFavorites_value_640,0.225,,,,,,,,,
isAppliedTo,isAppliedTo,object_property,http://surveys.nees.com.br/ontologies/gado_core.owl#isAppliedTo,,,,,,,,,,,,,,,,,,
rewards_0005,rewards_0005,individual,http://nsxai.org/instances#rewards_0005,striatum,Economics,medium,easy,numberOfViews_value_604,0.812,competitive,numberOfFavorites_value_733,0.529,,,,,,,,,
daredevil_0004,daredevil_0004,individual,http://nsxai.org/instances#daredevil_0004,prefrontal,Physics,medium,hard,numberOfViews_value_621,0.439,competitive,numberOfFavorites_value_927,0.175,,,,,,,,,
bossFights_0001,bossFights_0001,individual,http://nsxai.org/instances#bossFights_0001,cerebellum,Philosophy,hard,medium,numberOfViews_value_98,0.033,competitive,numberOfFavorites_value_651,0.788,,,,,,,,,
Emotions,Emotions,class,http://surveys.nees.com.br/ontologies/gado_core.owl#Emotions,,,,,,,,,,,,,,,,,,
enjoyment,enjoyment,individual,http://surveys.nees.com.br/ontologies/gado_full.owl#enjoyment,,,,,,,,,,,,,,,,,,
behaviouralKnowledge_0003,behaviouralKnowledge_0003,individual,http://nsxai.org/instances#behaviouralKnowledge_0003,cerebellum,Physics,easy,hard,numberOfViews_value_28,0.14,achiever,numberOfFavorites_value_799,0.491,,,,,,,,,
isChildOf_Tactic,isChildOf_Tactic,object_property,http://surveys.nees.com.br/ontologies/its/its_pedagogical.owl#isChildOf_Tactic,,,,,,,,,,,,,,,,,,
theme_0001,theme_0001,individual,http://nsxai.org/instances#theme_0001,hippocampus,Data Science,easy,easy,numberOfViews_value_86,0.977,social,numberOfFavorites_value_459,0.049,,,,,,,,,
satisfies,satisfies,object_property,http://nsxai.org/instances#satisfies,,,,,,,,,,,,,,,,,,
archetypeBrainRegion,archetypeBrainRegion,datatype_property,http://surveys.nees.com.br/ontologies/gado_core.owl#archetypeBrainRegion,,,,,,,,,,,,,,,,,,
Curriculum,Curriculum,class,http://meututor.com.br/Ontologies/meututor_domain_cp.owl#Curriculum,,,,,,,,,,,,,,,,,,
gamifiedITS_0010,gamifiedITS_0010,individual,http://nsxai.org/instances#gamifiedITS_0010,striatum,Geography,expert,easy,numberOfViews_value_435,0.333,exploratory,numberOfFavorites_value_195,0.231,,,,,,,,,
problem_0012,problem_0012,individual,http://nsxai.org/instances#problem_0012,hippocampus,Mathematics,easy,medium,numberOfViews_value_908,0.391,competitive,numberOfFavorites_value_889,0.976,,,,,,,,,
mtr:ResolutionMethod,mtr:ResolutionMethod,resource,mtr:ResolutionMethod,,,,,,,,,,,,,,,,,,
gamification_0004,gamification_0004,individual,http://nsxai.org/instances#gamification_0004,amygdala,Algebra,expert,expert,numberOfViews_value_477,0.911,survivor,numberOfFavorites_value_854,0.777,,,,,,,,,
badges_0001,badges_0001,individual,http://nsxai.org/instances#badges_0001,amygdala,Mathematics,medium,medium,numberOfViews_value_207,0.234,competitive,numberOfFavorites_value_19,0.388,,,,,,,,,
tactic_0012,tactic_0012,individual,http://nsxai.org/instances#tactic_0012,striatum,Statistics,expert,medium,numberOfViews_value_962,0.563,social,numberOfFavorites_value_654,0.969,,,,,,,,,
Mastermind,Mastermind,class,http://surveys.nees.com.br/ontologies/gado_full.owl#Mastermind,,,,,,,,,,,,,,,,,,
GDE_Component,GDE_Component,class,http://surveys.nees.com.br/ontologies/gado_core.owl#GDE_Component,,,,,,,,,,,,,,,,,,
bug_0002,bug_0002,individual,http://nsxai.org/instances#bug_0002,striatum,Algebra,hard,expert,numberOfViews_value_63,0.212,achiever,numberOfFavorites_value_635,0.307,,,,,,,,,
Problem,Problem,class,http://meututor.com.br/Ontologies/meututor_domain_resource.owl#Problem,,,,,,,,,,,,,,,,,,
problemNext_0005,problemNext_0005,individual,http://nsxai.org/instances#problemNext_0005,prefrontal,Computer Science,medium,medium,numberOfViews_value_719,0.803,social,numberOfFavorites_value_320,0.29,,,,,,,,,
sDTCompetence_0002,sDTCompetence_0002,individual,http://nsxai.org/instances#sDTCompetence_0002,hippocampus,Economics,hard,expert,numberOfViews_value_559,0.883,competitive,numberOfFavorites_value_577,0.459,,,,,,,,,
gamifiedITS_0004,gamifiedITS_0004,individual,http://nsxai.org/instances#gamifiedITS_0004,hippocampus,Economics,hard,medium,numberOfViews_value_357,0.809,cooperative,numberOfFavorites_value_12,0.866,,,,,,,,,
sDTRelatedness_0001,sDTRelatedness_0001,individual,http://nsxai.org/instances#sDTRelatedness_0001,hippocampus,Statistics,medium,medium,numberOfViews_value_641,0.904,exploratory,numberOfFavorites_value_364,0.509,,,,,,,,,
Virtual_Goods,Virtual_Goods,class,http://surveys.nees.com.br/ontologies/gado_core.owl#Virtual_Goods,,,,,,,,,,,,,,,,,,
Turns,Turns,class,http://surveys.nees.com.br/ontologies/gado_core.owl#Turns,,,,,,,,,,,,,,,,,,
hasConsistency,hasConsistency,object_property,http://meututor.com.br/Ontologies/meututor_domain_curriculum.owl#hasConsistency,,,,,,,,,,,,,,,,,,
problemUnit_0010,problemUnit_0010,individual,http://nsxai.org/instances#problemUnit_0010,cerebellum,Economics,medium,easy,numberOfViews_value_501,0.047,achiever,numberOfFavorites_value_562,0.565,,,,,,,,,
curriculumUnit_0005,curriculumUnit_0005,individual,http://nsxai.org/instances#curriculumUnit_0005,prefrontal,Computer Science,medium,hard,numberOfViews_value_270,0.075,exploratory,numberOfFavorites_value_334,0.287,,,,,,,,,
error_0005,error_0005,individual,http://nsxai.org/instances#error_0005,striatum,Philosophy,hard,medium,numberOfViews_value_200,0.537,social,numberOfFavorites_value_969,0.153,,,,,,,,,
isPartOfEngagementLoop,isPartOfEngagementLoop,object_property,http://surveys.nees.com.br/ontologies/gado_full.owl#isPartOfEngagementLoop,,,,,,,,,,,,,,,,,,
Motivation_And_Need_Theory,Motivation_And_Need_Theory,class,http://surveys.nees.com.br/ontologies/gado_core.owl#Motivation_And_Need_Theory,,,,,,,,,,,,,,,,,,
Yee_Socializing,Yee_Socializing,class,http://surveys.nees.com.br/ontologies/gado_full.owl#Yee_Socializing,,,,,,,,,,,,,,,,,,
motivation_0002,motivation_0002,individual,http://nsxai.org/instances#motivation_0002,cerebellum,Mathematics,hard,expert,numberOfViews_value_878,0.494,achiever,numberOfFavorites_value_281,0.741,,,,,,,,,
resource_0013,resource_0013,individual,http://nsxai.org/instances#resource_0013,striatum,Chemistry,medium,easy,162,0.564,achiever,59,0.037,,,,0.226,,,,,
tactic_0011,tactic_0011,individual,http://nsxai.org/instances#tactic_0011,hippocampus,Chemistry,hard,expert,numberOfViews_value_208,0.778,survivor,numberOfFavorites_value_225,0.355,,,,,,,,,
food,food,individual,http://surveys.nees.com.br/ontologies/gado_core.owl#food,,,,,,,,,,,,,,,,,,
submmitedDate,submmitedDate,datatype_property,http://meututor.com.br/Ontologies/meututor_domain_resource.owl#submmitedDate,,,,,,,,,,,,,,,,,,
Time_Constraints,Time_Constraints,class,http://surveys.nees.com.br/ontologies/gado_core.owl#Time_Constraints,,,,,,,,,,,,,,,,,,
hasContext,hasContext,object_property,http://meututor.com.br/Ontologies/meututor_domain_cp.owl#hasContext,,,,,,,,,,,,,,,,,,
Content,Content,class,http://meututor.com.br/Ontologies/meututor_domain_resource.owl#Content,,,,,,,,,,,,,,,,,,
Item,Item,class,http://rdfs.org/sioc/ns#Item,,,,,,,,,,,,,,,,,,
FillBlanksProblem,FillBlanksProblem,class,http://meututor.com.br/Ontologies/meututor_domain_resource.owl#FillBlanksProblem,,,,,,,,,,,,,,,,,,
Relationships,Relationships,class,http://surveys.nees.com.br/ontologies/gado_core.owl#Relationships,,,,,,,,,,,,,,,,,,
knowledgeUnit_0007,knowledgeUnit_0007,individual,http://nsxai.org/instances#knowledgeUnit_0007,striatum,Algebra,expert,hard,numberOfViews_value_199,0.063,exploratory,numberOfFavorites_value_522,0.59,,,,,,,,,
SDT_Relatedness,SDT_Relatedness,class,http://surveys.nees.com.br/ontologies/gado_full.owl#SDT_Relatedness,,,,,,,,,,,,,,,,,,
Feedback,Feedback,class,http://surveys.nees.com.br/ontologies/gado_core.owl#Feedback,,,,,,,,,,,,,,,,,,
statement_0003,statement_0003,individual,http://nsxai.org/instances#statement_0003,amygdala,Data Science,medium,medium,numberOfViews_value_106,0.499,achiever,numberOfFavorites_value_549,0.23,,,,,,,,,
marketing,marketing,individual,http://surveys.nees.com.br/ontologies/gado_core.owl#marketing,,,,,,,,,,,,,,,,,,
describesType,describesType,object_property,http://surveys.nees.com.br/ontologies/gado_core.owl#describesType,,,,,,,,,,,,,,,,,,
trueOrFalseHasOption,trueOrFalseHasOption,object_property,http://meututor.com.br/Ontologies/meututor_domain_resource.owl#trueOrFalseHasOption,,,,,,,,,,,,,,,,,,
Course,Course,class,http://surveys.nees.com.br/ontologies/its_domain.owl#Course,,,,,,,,,,,,,,,,,,
bossFights_0005,bossFights_0005,individual,http://nsxai.org/instances#bossFights_0005,cerebellum,Biology,medium,hard,numberOfViews_value_500,0.278,competitive,numberOfFavorites_value_877,0.003,,,,,,,,,
resolution_0015,resolution_0015,individual,http://nsxai.org/instances#resolution_0015,cerebellum,Philosophy,easy,expert,numberOfViews_value_191,0.099,social,numberOfFavorites_value_448,0.499,,,,,,,,,
gado_core.owl,gado_core.owl,resource,http://surveys.nees.com.br/ontologies/gado_core.owl,,,,,,,,,,,,,,,,,,
mtr:level,mtr:level,resource,mtr:level,,,,,,,,,,,,,,,,,,
CategoryPerformance,CategoryPerformance,class,http://surveys.nees.com.br/ontologies/gado_full.owl#CategoryPerformance,,,,,,,,,,,,,,,,,,
Transactions,Transactions,class,http://surveys.nees.com.br/ontologies/gado_core.owl#Transactions,,,,,,,,,,,,,,,,,,
resourceUnit_0007,resourceUnit_0007,individual,http://nsxai.org/instances#resourceUnit_0007,hippocampus,Mathematics,expert,expert,numberOfViews_value_689,0.859,exploratory,numberOfFavorites_value_700,0.746,,,,,,,,,
THINGCurriculum,THINGCurriculum,class,http://meututor.com.br/Ontologies/meututor_domain_curriculum.owl#THINGCurriculum,,,,,,,,,,,,,,,,,,
satisfaction,satisfaction,individual,http://surveys.nees.com.br/ontologies/gado_full.owl#satisfaction,,,,,,,,,,,,,,,,,,
Error_Bug,Error_Bug,class,http://meututor.com.br/Ontologies/meututor_domain_curriculum.owl#Error_Bug,,,,,,,,,,,,,,,,,,
isComprisedOf,isComprisedOf,object_property,http://surveys.nees.com.br/ontologies/gado_core.owl#isComprisedOf,,,,,,,,,,,,,,,,,,
abilityScoreStandardDeviation,abilityScoreStandardDeviation,datatype_property,http://surveys.nees.com.br/ontologies/its/its_pedagogical.owl#abilityScoreStandardDeviation,,,,,,,,,,,,,,,,,,
Levels,Levels,class,http://surveys.nees.com.br/ontologies/gado_core.owl#Levels,,,,,,,,,,,,,,,,,,
isUsedBy,isUsedBy,object_property,http://surveys.nees.com.br/ontologies/gado_core.owl#isUsedBy,,,,,,,,,,,,,,,,,,
Player_Type,Player_Type,class,http://surveys.nees.com.br/ontologies/gado_core.owl#Player_Type,,,,,,,,,,,,,,,,,,
explorationName,explorationName,datatype_property,http://surveys.nees.com.br/ontologies/gado_full.owl#explorationName,,,,,,,,,,,,,,,,,,
effectiveness,effectiveness,individual,http://surveys.nees.com.br/ontologies/gado_full.owl#effectiveness,,,,,,,,,,,,,,,,,,
computer_science_and_engineering,computer_science_and_engineering,individual,http://surveys.nees.com.br/ontologies/gado_core.owl#computer_science_and_engineering,,,,,,,,,,,,,,,,,,
Level,Level,datatype_property,http://surveys.nees.com.br/ontologies/its/its_pedagogical.owl#Level,,,,,,,,,,,,,,,,,,
isSatisfiedWith,isSatisfiedWith,object_property,http://surveys.nees.com.br/ontologies/gado_full.owl#isSatisfiedWith,,,,,,,,,,,,,,,,,,
Cooperation,Cooperation,class,http://surveys.nees.com.br/ontologies/gado_core.owl#Cooperation,,,,,,,,,,,,,,,,,,
hasDomain,hasDomain,resource,http://meututor.com.br/Ontologies/meututor_domain.owl#hasDomain,,,,,,,,,,,,,,,,,,
diagnosis_0006,diagnosis_0006,individual,http://nsxai.org/instances#diagnosis_0006,striatum,Economics,expert,easy,numberOfViews_value_195,0.085,competitive,numberOfFavorites_value_384,0.517,,,,,,,,,
matchColumnOption_0010,matchColumnOption_0010,individual,http://nsxai.org/instances#matchColumnOption_0010,cerebellum,Biology,easy,easy,numberOfViews_value_665,0.577,social,numberOfFavorites_value_479,0.399,,,,,,,,,
affordsMotivation,affordsMotivation,object_property,http://surveys.nees.com.br/ontologies/gado_core.owl#affordsMotivation,,,,,,,,,,,,,,,,,,
metricValue,metricValue,datatype_property,http://surveys.nees.com.br/ontologies/gado_full.owl#metricValue,,,,,,,,,,,,,,,,,,
leadsTo,leadsTo,object_property,http://surveys.nees.com.br/ontologies/gado_full.owl#leadsTo,,,,,,,,,,,,,,,,,,
isParentOf_Strategy,isParentOf_Strategy,object_property,http://surveys.nees.com.br/ontologies/its/its_pedagogical.owl#isParentOf_Strategy,,,,,,,,,,,,,,,,,,
leadsToPerformance,leadsToPerformance,object_property,http://surveys.nees.com.br/ontologies/gado_full.owl#leadsToPerformance,,,,,,,,,,,,,,,,,,
has_Curriculum,has_Curriculum,object_property,http://meututor.com.br/Ontologies/meututor_domain_curriculum.owl#has_Curriculum,,,,,,,,,,,,,,,,,,
Daredevil,Daredevil,class,http://surveys.nees.com.br/ontologies/gado_full.owl#Daredevil,,,,,,,,,,,,,,,,,,
Gamification,Gamification,class,http://surveys.nees.com.br/ontologies/gado_core.owl#Gamification,,,,,,,,,,,,,,,,,,
hasActivityLoops,hasActivityLoops,object_property,http://surveys.nees.com.br/ontologies/gado_full.owl#hasActivityLoops,,,,,,,,,,,,,,,,,,
has_PedagogicalUnit,has_PedagogicalUnit,object_property,http://surveys.nees.com.br/ontologies/its/its_pedagogical.owl#has_PedagogicalUnit,,,,,,,,,,,,,,,,,,
WritingEvaluation,WritingEvaluation,class,http://meututor.com.br/Ontologies/meututor_domain_resource.owl#WritingEvaluation,,,,,,,,,,,,,,,,,,
PedagogicalUnit,PedagogicalUnit,class,http://meututor.com.br/Ontologies/meututor_domain_curriculum.owl#PedagogicalUnit,,,,,,,,,,,,,,,,,,
next_Curriculum,next_Curriculum,object_property,http://surveys.nees.com.br/ontologies/its/its_pedagogical.owl#next_Curriculum,,,,,,,,,,,,,,,,,,
mtcu:has_Curriculum,mtcu:has_Curriculum,resource,mtcu:has_Curriculum,,,,,,,,,,,,,,,,,,
mtcu:hasPT,mtcu:hasPT,resource,mtcu:hasPT,,,,,,,,,,,,,,,,,,
mtcp:isComposedByDepth,mtcp:isComposedByDepth,resource,mtcp:isComposedByDepth,,,,,,,,,,,,,,,,,,
abilityScoreMean,abilityScoreMean,datatype_property,http://surveys.nees.com.br/ontologies/its/its_pedagogical.owl#abilityScoreMean,,,,,,,,,,,,,,,,,,
Yee_Immersion_Component,Yee_Immersion_Component,class,http://surveys.nees.com.br/ontologies/gado_full.owl#Yee_Immersion_Component,,,,,,,,,,,,,,,,,,
mtr:WritingEvaluation,mtr:WritingEvaluation,resource,mtr:WritingEvaluation,,,,,,,,,,,,,,,,,,
financial,financial,individual,http://surveys.nees.com.br/ontologies/gado_core.owl#financial,,,,,,,,,,,,,,,,,,
research,research,individual,http://surveys.nees.com.br/ontologies/gado_core.owl#research,,,,,,,,,,,,,,,,,,
hasStudentModel,hasStudentModel,object_property,http://surveys.nees.com.br/ontologies/gato.owl#hasStudentModel,,,,,,,,,,,,,,,,,,
BehaviouralKnowledge,BehaviouralKnowledge,class,http://meututor.com.br/Ontologies/meututor_domain_curriculum.owl#BehaviouralKnowledge,,,,,,,,,,,,,,,,,,
Hint,Hint,class,http://meututor.com.br/Ontologies/meututor_domain_resource.owl#Hint,,,,,,,,,,,,,,,,,,
teachesDomain,teachesDomain,object_property,http://surveys.nees.com.br/ontologies/its_domain.owl#teachesDomain,,,,,,,,,,,,,,,,,,
Yee_Role-Playing,Yee_Role-Playing,class,http://surveys.nees.com.br/ontologies/gado_full.owl#Yee_Role-Playing,,,,,,,,,,,,,,,,,,
Context,Context,class,http://meututor.com.br/Ontologies/meututor_domain_cp.owl#Context,,,,,,,,,,,,,,,,,,
mtr:item,mtr:item,resource,mtr:item,,,,,,,,,,,,,,,,,,
PedagogicalModel,PedagogicalModel,class,http://surveys.nees.com.br/ontologies/its/its_pedagogical.owl#PedagogicalModel,,,,,,,,,,,,,,,,,,
has_MethodStep,has_MethodStep,object_property,http://meututor.com.br/Ontologies/meututor_domain_resource.owl#has_MethodStep,,,,,,,,,,,,,,,,,,
fillBlanksHasOption,fillBlanksHasOption,object_property,http://meututor.com.br/Ontologies/meututor_domain_resource.owl#fillBlanksHasOption,,,,,,,,,,,,,,,,,,
leadsToEffectiveness,leadsToEffectiveness,object_property,http://surveys.nees.com.br/ontologies/gado_full.owl#leadsToEffectiveness,,,,,,,,,,,,,,,,,,
its_pedagogical.owl,its_pedagogical.owl,resource,http://surveys.nees.com.br/ontologies/its/its_pedagogical.owl,,,,,,,,,,,,,,,,,,
increasePerformance,increasePerformance,individual,http://surveys.nees.com.br/ontologies/gado_full.owl#increasePerformance,,,,,,,,,,,,,,,,,,
mtr:order,mtr:order,resource,mtr:order,,,,,,,,,,,,,,,,,,
Yee_Teamwork,Yee_Teamwork,class,http://surveys.nees.com.br/ontologies/gado_full.owl#Yee_Teamwork,,,,,,,,,,,,,,,,,,
mtcp:Context,mtcp:Context,resource,mtcp:Context,,,,,,,,,,,,,,,,,,
THINGInstrutionalPlan,THINGInstrutionalPlan,class,http://surveys.nees.com.br/ontologies/its/its_pedagogical.owl#THINGInstrutionalPlan,,,,,,,,,,,,,,,,,,
Collections,Collections,class,http://surveys.nees.com.br/ontologies/gado_core.owl#Collections,,,,,,,,,,,,,,,,,,
gato.owl,gato.owl,resource,http://surveys.nees.com.br/ontologies/gato.owl,,,,,,,,,,,,,,,,,,
importanceLevel,importanceLevel,datatype_property,http://meututor.com.br/Ontologies/meututor_domain_cp.owl#importanceLevel,,,,,,,,,,,,,,,,,,
mtcu:Bug,mtcu:Bug,resource,mtcu:Bug,,,,,,,,,,,,,,,,,,
mtr:MethodStep,mtr:MethodStep,resource,mtr:MethodStep,,,,,,,,,,,,,,,,,,
statement,statement,datatype_property,http://surveys.nees.com.br/ontologies/its/its_pedagogical.owl#statement,,,,,,,,,,,,,,,,,,
Gifting,Gifting,class,http://surveys.nees.com.br/ontologies/gado_core.owl#Gifting,,,,,,,,,,,,,,,,,,
Statement,Statement,class,http://meututor.com.br/Ontologies/meututor_domain_resource.owl#Statement,,,,,,,,,,,,,,,,,,
Game_Design_Element,Game_Design_Element,class,http://surveys.nees.com.br/ontologies/gado_core.owl#Game_Design_Element,,,,,,,,,,,,,,,,,,
UserAccount,UserAccount,class,http://rdfs.org/sioc/ns#UserAccount,,,,,,,,,,,,,,,,,,
mtr:multipleChoiceAnswer,mtr:multipleChoiceAnswer,resource,mtr:multipleChoiceAnswer,,,,,,,,,,,,,,,,,,
score_Min,score_Min,datatype_property,http://surveys.nees.com.br/ontologies/its/its_pedagogical.owl#score_Min,,,,,,,,,,,,,,,,,,
time,time,datatype_property,http://surveys.nees.com.br/ontologies/its/its_pedagogical.owl#time,,,,,,,,,,,,,,,,,,
signal,signal,individual,http://surveys.nees.com.br/ontologies/gado_core.owl#signal,,,,,,,,,,,,,,,,,,
isComposedByContext,isComposedByContext,object_property,http://meututor.com.br/Ontologies/meututor_domain.owl#isComposedByContext,,,,,,,,,,,,,,,,,,
meututor_domain_curriculum.owl,meututor_domain_curriculum.owl,resource,http://meututor.com.br/Ontologies/meututor_domain_curriculum.owl,,,,,,,,,,,,,,,,,,
social_networks,social_networks,individual,http://surveys.nees.com.br/ontologies/gado_core.owl#social_networks,,,,,,,,,,,,,,,,,,
strategy,strategy,datatype_property,http://surveys.nees.com.br/ontologies/its/its_pedagogical.owl#strategy,,,,,,,,,,,,,,,,,,
mtcp:type,mtcp:type,resource,mtcp:type,,,,,,,,,,,,,,,,,,
methodStep,methodStep,datatype_property,http://meututor.com.br/Ontologies/meututor_domain_resource.owl#methodStep,,,,,,,,,,,,,,,,,,
purpose,purpose,individual,http://surveys.nees.com.br/ontologies/gado_core.owl#purpose,,,,,,,,,,,,,,,,,,
previous_Unit,previous_Unit,object_property,http://surveys.nees.com.br/ontologies/its/its_pedagogical.owl#previous_Unit,,,,,,,,,,,,,,,,,,
Yee_Mechanics,Yee_Mechanics,class,http://surveys.nees.com.br/ontologies/gado_full.owl#Yee_Mechanics,,,,,,,,,,,,,,,,,,
teacher,teacher,datatype_property,http://surveys.nees.com.br/ontologies/its_domain.owl#teacher,,,,,,,,,,,,,,,,,,
rate,rate,datatype_property,http://meututor.com.br/Ontologies/meututor_domain_curriculum.owl#rate,,,,,,,,,,,,,,,,,,
Achievements,Achievements,class,http://surveys.nees.com.br/ontologies/gado_core.owl#Achievements,,,,,,,,,,,,,,,,,,
Avatars,Avatars,class,http://surveys.nees.com.br/ontologies/gado_core.owl#Avatars,,,,,,,,,,,,,,,,,,
ResolutionMethod,ResolutionMethod,class,http://meututor.com.br/Ontologies/meututor_domain_resource.owl#ResolutionMethod,,,,,,,,,,,,,,,,,,
ProblemNext,ProblemNext,class,http://surveys.nees.com.br/ontologies/its/its_pedagogical.owl#ProblemNext,,,,,,,,,,,,,,,,,,
Player,Player,class,http://surveys.nees.com.br/ontologies/gado_core.owl#Player,,,,,,,,,,,,,,,,,,
has_Resource,has_Resource,object_property,http://surveys.nees.com.br/ontologies/its/its_pedagogical.owl#has_Resource,,,,,,,,,,,,,,,,,,
Question,Question,class,http://meututor.com.br/Ontologies/meututor_domain_resource.owl#Question,,,,,,,,,,,,,,,,,,
DomainModel,DomainModel,class,http://meututor.com.br/Ontologies/meututor_domain.owl#DomainModel,,,,,,,,,,,,,,,,,,
Challenges,Challenges,class,http://surveys.nees.com.br/ontologies/gado_core.owl#Challenges,,,,,,,,,,,,,,,,,,
Strategy,Strategy,class,http://surveys.nees.com.br/ontologies/its/its_pedagogical.owl#Strategy,,,,,,,,,,,,,,,,,,
Domain,Domain,class,http://meututor.com.br/Ontologies/meututor_domain.owl#Domain,,,,,,,,,,,,,,,,,,
desiredPoints,desiredPoints,datatype_property,http://meututor.com.br/Ontologies/meututor_domain.owl#desiredPoints,,,,,,,,,,,,,,,,,,
hasPlayerInteraction,hasPlayerInteraction,object_property,http://surveys.nees.com.br/ontologies/gado_core.owl#hasPlayerInteraction,,,,,,,,,,,,,,,,,,
MatchColumnAnswer,MatchColumnAnswer,class,http://meututor.com.br/Ontologies/meututor_domain_resource.owl#MatchColumnAnswer,,,,,,,,,,,,,,,,,,
value,value,datatype_property,http://surveys.nees.com.br/ontologies/its/its_pedagogical.owl#value,,,,,,,,,,,,,,,,,,
Yee_Advancement,Yee_Advancement,class,http://surveys.nees.com.br/ontologies/gado_full.owl#Yee_Advancement,,,,,,,,,,,,,,,,,,
includes,includes,object_property,http://surveys.nees.com.br/ontologies/gato.owl#includes,,,,,,,,,,,,,,,,,,
Form,Form,class,http://meututor.com.br/Ontologies/meututor_domain_resource.owl#Form,,,,,,,,,,,,,,,,,,
matched_To,matched_To,object_property,http://meututor.com.br/Ontologies/meututor_domain_resource.owl#matched_To,,,,,,,,,,,,,,,,,,
motivation,motivation,individual,http://surveys.nees.com.br/ontologies/gado_full.owl#motivation,,,,,,,,,,,,,,,,,,
Combat,Combat,class,http://surveys.nees.com.br/ontologies/gado_core.owl#Combat,,,,,,,,,,,,,,,,,,
exercise,exercise,datatype_property,http://meututor.com.br/Ontologies/meututor_domain_resource.owl#exercise,,,,,,,,,,,,,,,,,,
Progressive_Loop,Progressive_Loop,class,http://surveys.nees.com.br/ontologies/gado_full.owl#Progressive_Loop,,,,,,,,,,,,,,,,,,
isUsedFor,isUsedFor,object_property,http://surveys.nees.com.br/ontologies/gado_full.owl#isUsedFor,,,,,,,,,,,,,,,,,,
courseName,courseName,datatype_property,http://surveys.nees.com.br/ontologies/its_domain.owl#courseName,,,,,,,,,,,,,,,,,,
leadsToParticipation,leadsToParticipation,object_property,http://surveys.nees.com.br/ontologies/gado_full.owl#leadsToParticipation,,,,,,,,,,,,,,,,,,
multipleChoiceAnswer,multipleChoiceAnswer,datatype_property,http://meututor.com.br/Ontologies/meututor_domain_resource.owl#multipleChoiceAnswer,,,,,,,,,,,,,,,,,,
CompositeResource,CompositeResource,class,http://meututor.com.br/Ontologies/meututor_domain_resource.owl#CompositeResource,,,,,,,,,,,,,,,,,,
mtcu:KnowledgeUnit,mtcu:KnowledgeUnit,resource,mtcu:KnowledgeUnit,,,,,,,,,,,,,,,,,,
Social_Graph,Social_Graph,class,http://surveys.nees.com.br/ontologies/gado_core.owl#Social_Graph,,,,,,,,,,,,,,,,,,
BrainHex,BrainHex,class,http://surveys.nees.com.br/ontologies/gado_full.owl#BrainHex,,,,,,,,,,,,,,,,,,
startDate,startDate,datatype_property,http://meututor.com.br/Ontologies/meututor_domain_resource.owl#startDate,,,,,,,,,,,,,,,,,,
Conqueror,Conqueror,class,http://surveys.nees.com.br/ontologies/gado_full.owl#Conqueror,,,,,,,,,,,,,,,,,,
Metric,Metric,class,http://surveys.nees.com.br/ontologies/gado_full.owl#Metric,,,,,,,,,,,,,,,,,,
has_discursiveOption,has_discursiveOption,object_property,http://meututor.com.br/Ontologies/meututor_domain_resource.owl#has_discursiveOption,,,,,,,,,,,,,,,,,,
ResourceUnit,ResourceUnit,class,http://surveys.nees.com.br/ontologies/its/its_pedagogical.owl#ResourceUnit,,,,,,,,,,,,,,,,,,
Bug,Bug,class,http://meututor.com.br/Ontologies/meututor_domain_curriculum.owl#Bug,,,,,,,,,,,,,,,,,,
Game_Context,Game_Context,class,http://surveys.nees.com.br/ontologies/gado_core.owl#Game_Context,,,,,,,,,,,,,,,,,,
Target_Behavior,Target_Behavior,class,http://surveys.nees.com.br/ontologies/gado_full.owl#Target_Behavior,,,,,,,,,,,,,,,,,,
Diagnosis,Diagnosis,class,http://meututor.com.br/Ontologies/meututor_domain_resource.owl#Diagnosis,,,,,,,,,,,,,,,,,,
leadsToEnjoyment,leadsToEnjoyment,object_property,http://surveys.nees.com.br/ontologies/gado_full.owl#leadsToEnjoyment,,,,,,,,,,,,,,,,,,
Motivational_Component,Motivational_Component,class,http://surveys.nees.com.br/ontologies/gado_core.owl#Motivational_Component,,,,,,,,,,,,,,,,,,
isDescribedByType,isDescribedByType,object_property,http://surveys.nees.com.br/ontologies/gado_core.owl#isDescribedByType,,,,,,,,,,,,,,,,,,
hasGameElement,hasGameElement,object_property,http://surveys.nees.com.br/ontologies/gado_full.owl#hasGameElement,,,,,,,,,,,,,,,,,,
mtr:superKC,mtr:superKC,resource,mtr:superKC,,,,,,,,,,,,,,,,,,
Yee_Relationship,Yee_Relationship,class,http://surveys.nees.com.br/ontologies/gado_full.owl#Yee_Relationship,,,,,,,,,,,,,,,,,,
gado_full.owl,gado_full.owl,resource,http://surveys.nees.com.br/ontologies/gado_full.owl,,,,,,,,,,,,,,,,,,
THINGDomain,THINGDomain,class,http://meututor.com.br/Ontologies/meututor_domain.owl#THINGDomain,,,,,,,,,,,,,,,,,,
Narrative,Narrative,class,http://surveys.nees.com.br/ontologies/gado_core.owl#Narrative,,,,,,,,,,,,,,,,,,
Yee_Achievement_Component,Yee_Achievement_Component,class,http://surveys.nees.com.br/ontologies/gado_full.owl#Yee_Achievement_Component,,,,,,,,,,,,,,,,,,
Concept,Concept,class,http://meututor.com.br/Ontologies/meututor_domain_resource.owl#Concept,,,,,,,,,,,,,,,,,,
Teams,Teams,class,http://surveys.nees.com.br/ontologies/gado_core.owl#Teams,,,,,,,,,,,,,,,,,,
mt:Competence,mt:Competence,resource,mt:Competence,,,,,,,,,,,,,,,,,,
mtcu:Misconception,mtcu:Misconception,resource,mtcu:Misconception,,,,,,,,,,,,,,,,,,
has_Sequencing,has_Sequencing,object_property,http://surveys.nees.com.br/ontologies/its/its_pedagogical.owl#has_Sequencing,,,,,,,,,,,,,,,,,,
mtcu:hasDiscrepancy,mtcu:hasDiscrepancy,resource,mtcu:hasDiscrepancy,,,,,,,,,,,,,,,,,,
leadsToCompetition,leadsToCompetition,object_property,http://surveys.nees.com.br/ontologies/gado_full.owl#leadsToCompetition,,,,,,,,,,,,,,,,,,
mtr:Content,mtr:Content,resource,mtr:Content,,,,,,,,,,,,,,,,,,
meututor_domain_resource.owl,meututor_domain_resource.owl,resource,http://meututor.com.br/Ontologies/meututor_domain_resource.owl,,,,,,,,,,,,,,,,,,
autonomy,autonomy,individual,http://surveys.nees.com.br/ontologies/gado_core.owl#autonomy,,,,,,,,,,,,,,,,,,
Competence,Competence,class,http://meututor.com.br/Ontologies/meututor_domain.owl#Competence,,,,,,,,,,,,,,,,,,
mtcu:BehaviouralKnowledge,mtcu:BehaviouralKnowledge,resource,mtcu:BehaviouralKnowledge,,,,,,,,,,,,,,,,,,
Boss_Fights,Boss_Fights,class,http://surveys.nees.com.br/ontologies/gado_core.owl#Boss_Fights,,,,,,,,,,,,,,,,,,
cluster,cluster,datatype_property,http://meututor.com.br/Ontologies/meututor_domain_curriculum.owl#cluster,,,,,,,,,,,,,,,,,,
Story,Story,class,http://surveys.nees.com.br/ontologies/gado_core.owl#Story,,,,,,,,,,,,,,,,,,
CategoryExploration,CategoryExploration,class,http://surveys.nees.com.br/ontologies/gado_full.owl#CategoryExploration,,,,,,,,,,,,,,,,,,
mtcp:importanceLevel,mtcp:importanceLevel,resource,mtcp:importanceLevel,,,,,,,,,,,,,,,,,,
tactic,tactic,datatype_property,http://surveys.nees.com.br/ontologies/its/its_pedagogical.owl#tactic,,,,,,,,,,,,,,,,,,
SDT_Competence,SDT_Competence,class,http://surveys.nees.com.br/ontologies/gado_full.owl#SDT_Competence,,,,,,,,,,,,,,,,,,
Status,Status,class,http://surveys.nees.com.br/ontologies/gado_core.owl#Status,,,,,,,,,,,,,,,,,,
item,item,datatype_property,http://meututor.com.br/Ontologies/meututor_domain_resource.owl#item,,,,,,,,,,,,,,,,,,
metricExpectedValue,metricExpectedValue,datatype_property,http://surveys.nees.com.br/ontologies/gado_full.owl#metricExpectedValue,,,,,,,,,,,,,,,,,,
GenericOperator,GenericOperator,class,http://meututor.com.br/Ontologies/meututor_domain_curriculum.owl#GenericOperator,,,,,,,,,,,,,,,,,,
MultipleChoiceOption,MultipleChoiceOption,class,http://meututor.com.br/Ontologies/meututor_domain_resource.owl#MultipleChoiceOption,,,,,,,,,,,,,,,,,,
recommendedFor,recommendedFor,object_property,http://nsxai.org/instances#recommendedFor,,,,,,,,,,,,,,,,,,
archetypeLikes,archetypeLikes,datatype_property,http://surveys.nees.com.br/ontologies/gado_core.owl#archetypeLikes,,,,,,,,,,,,,,,,,,
hasTargetBehavior,hasTargetBehavior,object_property,http://surveys.nees.com.br/ontologies/gado_full.owl#hasTargetBehavior,,,,,,,,,,,,,,,,,,
hint,hint,datatype_property,http://meututor.com.br/Ontologies/meututor_domain_resource.owl#hint,,,,,,,,,,,,,,,,,,
hasGamification,hasGamification,object_property,http://surveys.nees.com.br/ontologies/gado_core.owl#hasGamification,,,,,,,,,,,,,,,,,,
has_Problem,has_Problem,object_property,http://surveys.nees.com.br/ontologies/its/its_pedagogical.owl#has_Problem,,,,,,,,,,,,,,,,,,
typeStrategy,typeStrategy,datatype_property,http://surveys.nees.com.br/ontologies/its/its_pedagogical.owl#typeStrategy,,,,,,,,,,,,,,,,,,
CategoryCompetition,CategoryCompetition,class,http://surveys.nees.com.br/ontologies/gado_full.owl#CategoryCompetition,,,,,,,,,,,,,,,,,,
DiscursiveOption,DiscursiveOption,class,http://meututor.com.br/Ontologies/meututor_domain_resource.owl#DiscursiveOption,,,,,,,,,,,,,,,,,,
isParentOfHint,isParentOfHint,object_property,http://meututor.com.br/Ontologies/meututor_domain_resource.owl#isParentOfHint,,,,,,,,,,,,,,,,,,
isMotivatedWith,isMotivatedWith,object_property,http://surveys.nees.com.br/ontologies/gado_full.owl#isMotivatedWith,,,,,,,,,,,,,,,,,,
Activity,Activity,class,http://meututor.com.br/Ontologies/meututor_domain_resource.owl#Activity,,,,,,,,,,,,,,,,,,
hasExample,hasExample,object_property,http://meututor.com.br/Ontologies/meututor_domain_curriculum.owl#hasExample,,,,,,,,,,,,,,,,,,
Socializer,Socializer,class,http://surveys.nees.com.br/ontologies/gado_full.owl#Socializer,,,,,,,,,,,,,,,,,,
has_Domain,has_Domain,object_property,http://meututor.com.br/Ontologies/meututor_domain_resource.owl#has_Domain,,,,,,,,,,,,,,,,,,
computer-supported_cooperative_work,computer-supported_cooperative_work,individual,http://surveys.nees.com.br/ontologies/gado_core.owl#computer-supported_cooperative_work,,,,,,,,,,,,,,,,,,
methodDescription,methodDescription,datatype_property,http://meututor.com.br/Ontologies/meututor_domain_resource.owl#methodDescription,,,,,,,,,,,,,,,,,,
StudentModel,StudentModel,class,http://surveys.nees.com.br/ontologies/gato.owl#StudentModel,,,,,,,,,,,,,,,,,,
ResourceWeight,ResourceWeight,class,http://meututor.com.br/Ontologies/meututor_domain_curriculum.owl#ResourceWeight,,,,,,,,,,,,,,,,,,
Win_States,Win_States,class,http://surveys.nees.com.br/ontologies/gado_core.owl#Win_States,,,,,,,,,,,,,,,,,,
CategoryEnjoyment,CategoryEnjoyment,class,http://surveys.nees.com.br/ontologies/gado_full.owl#CategoryEnjoyment,,,,,,,,,,,,,,,,,,
education,education,individual,http://surveys.nees.com.br/ontologies/gado_core.owl#education,,,,,,,,,,,,,,,,,,
numberOfViews,numberOfViews,datatype_property,http://meututor.com.br/Ontologies/meututor_domain_resource.owl#numberOfViews,,,,,,,,,,,,,,,,,,
spark,spark,individual,http://surveys.nees.com.br/ontologies/gado_core.owl#spark,,,,,,,,,,,,,,,,,,
mtr:Diagnosis,mtr:Diagnosis,resource,mtr:Diagnosis,,,,,,,,,,,,,,,,,,
Activity_Loop,Activity_Loop,class,http://surveys.nees.com.br/ontologies/gado_full.owl#Activity_Loop,,,,,,,,,,,,,,,,,,
isParentOf_Tactic,isParentOf_Tactic,object_property,http://surveys.nees.com.br/ontologies/its/its_pedagogical.owl#isParentOf_Tactic,,,,,,,,,,,,,,,,,,
mtr:matched_To,mtr:matched_To,resource,mtr:matched_To,,,,,,,,,,,,,,,,,,
tokenized_statement,tokenized_statement,datatype_property,http://meututor.com.br/Ontologies/meututor_domain_resource.owl#tokenized_statement,,,,,,,,,,,,,,,,,,
mtcu:issue,mtcu:issue,resource,mtcu:issue,,,,,,,,,,,,,,,,,,
hasPedagogicalModel,hasPedagogicalModel,object_property,http://surveys.nees.com.br/ontologies/gato.owl#hasPedagogicalModel,,,,,,,,,,,,,,,,,,
loopStatus,loopStatus,datatype_property,http://surveys.nees.com.br/ontologies/gado_full.owl#loopStatus,,,,,,,,,,,,,,,,,,
next_Unit,next_Unit,object_property,http://surveys.nees.com.br/ontologies/its/its_pedagogical.owl#next_Unit,,,,,,,,,,,,,,,,,,
GDE_Dynamic,GDE_Dynamic,class,http://surveys.nees.com.br/ontologies/gado_core.owl#GDE_Dynamic,,,,,,,,,,,,,,,,,,
hasPT,hasPT,datatype_property,http://meututor.com.br/Ontologies/meututor_domain_curriculum.owl#hasPT,,,,,,,,,,,,,,,,,,
mtcu:domain,mtcu:domain,resource,mtcu:domain,,,,,,,,,,,,,,,,,,
mtcu:hasTags,mtcu:hasTags,resource,mtcu:hasTags,,,,,,,,,,,,,,,,,,
ProblemUnit,ProblemUnit,class,http://surveys.nees.com.br/ontologies/its/its_pedagogical.owl#ProblemUnit,,,,,,,,,,,,,,,,,,
makesUseOf,makesUseOf,object_property,http://surveys.nees.com.br/ontologies/gado_core.owl#makesUseOf,,,,,,,,,,,,,,,,,,
CKCurriculumInformation,CKCurriculumInformation,class,http://meututor.com.br/Ontologies/meututor_domain_curriculum.owl#CKCurriculumInformation,,,,,,,,,,,,,,,,,,
URIResource,URIResource,class,http://meututor.com.br/Ontologies/meututor_domain_resource.owl#URIResource,,,,,,,,,,,,,,,,,,
MatchColumnProblem,MatchColumnProblem,class,http://meututor.com.br/Ontologies/meututor_domain_resource.owl#MatchColumnProblem,,,,,,,,,,,,,,,,,,
mtr:error,mtr:error,resource,mtr:error,,,,,,,,,,,,,,,,,,
GamifiedITS,GamifiedITS,class,http://surveys.nees.com.br/ontologies/gato.owl#GamifiedITS,,,,,,,,,,,,,,,,,,
has_domain,has_domain,object_property,http://surveys.nees.com.br/ontologies/its/its_pedagogical.owl#has_domain,,,,,,,,,,,,,,,,,,
error,error,datatype_property,http://meututor.com.br/Ontologies/meututor_domain_resource.owl#error,,,,,,,,,,,,,,,,,,
Resource_Acquisition,Resource_Acquisition,class,http://surveys.nees.com.br/ontologies/gado_core.owl#Resource_Acquisition,,,,,,,,,,,,,,,,,,
KnowledgeUnit,KnowledgeUnit,class,http://meututor.com.br/Ontologies/meututor_domain_curriculum.owl#KnowledgeUnit,,,,,,,,,,,,,,,,,,
testEngagementLoop,testEngagementLoop,individual,http://surveys.nees.com.br/ontologies/gado_full.owl#testEngagementLoop,,,,,,,,,,,,,,,,,,
Comment,Comment,class,http://meututor.com.br/Ontologies/meututor_domain_resource.owl#Comment,,,,,,,,,,,,,,,,,,
hasEloRating,hasEloRating,object_property,http://meututor.com.br/Ontologies/meututor_domain.owl#hasEloRating,,,,,,,,,,,,,,,,,,
Error,Error,class,http://meututor.com.br/Ontologies/meututor_domain_curriculum.owl#Error,,,,,,,,,,,,,,,,,,
has_comments,has_comments,object_property,http://meututor.com.br/Ontologies/meututor_domain_resource.owl#has_comments,,,,,,,,,,,,,,,,,,
THINGPedagogicalModel,THINGPedagogicalModel,class,http://surveys.nees.com.br/ontologies/its/its_pedagogical.owl#THINGPedagogicalModel,,,,,,,,,,,,,,,,,,
ns,ns,resource,http://rdfs.org/sioc/ns,,,,,,,,,,,,,,,,,,
mtcu:GenericOperator,mtcu:GenericOperator,resource,mtcu:GenericOperator,,,,,,,,,,,,,,,,,,
Player_Model,Player_Model,class,http://surveys.nees.com.br/ontologies/gado_core.owl#Player_Model,,,,,,,,,,,,,,,,,,
has_hint,has_hint,object_property,http://meututor.com.br/Ontologies/meututor_domain_resource.owl#has_hint,,,,,,,,,,,,,,,,,,
enabled,enabled,datatype_property,http://meututor.com.br/Ontologies/meututor_domain_resource.owl#enabled,,,,,,,,,,,,,,,,,,
MultipleChoiceProblem,MultipleChoiceProblem,class,http://meututor.com.br/Ontologies/meututor_domain_resource.owl#MultipleChoiceProblem,,,,,,,,,,,,,,,,,,
sustainability,sustainability,individual,http://surveys.nees.com.br/ontologies/gado_core.owl#sustainability,,,,,,,,,,,,,,,,,,
score_Max,score_Max,datatype_property,http://surveys.nees.com.br/ontologies/its/its_pedagogical.owl#score_Max,,,,,,,,,,,,,,,,,,
enjoymentName,enjoymentName,datatype_property,http://surveys.nees.com.br/ontologies/gado_full.owl#enjoymentName,,,,,,,,,,,,,,,,,,
corrected,corrected,datatype_property,http://meututor.com.br/Ontologies/meututor_domain_resource.owl#corrected,,,,,,,,,,,,,,,,,,
composesDynamic,composesDynamic,object_property,http://surveys.nees.com.br/ontologies/gado_core.owl#composesDynamic,,,,,,,,,,,,,,,,,,
participationName,participationName,datatype_property,http://surveys.nees.com.br/ontologies/gado_full.owl#participationName,,,,,,,,,,,,,,,,,,
RightColumn,RightColumn,class,http://meututor.com.br/Ontologies/meututor_domain_resource.owl#RightColumn,,,,,,,,,,,,,,,,,,
Container,Container,class,http://rdfs.org/sioc/ns#Container,,,,,,,,,,,,,,,,,,
gdeCompatibilityScore,gdeCompatibilityScore,datatype_property,http://nsxai.org/instances#gdeCompatibilityScore,,,,,,,,,,,,,,,,,,
usesResource,usesResource,object_property,http://surveys.nees.com.br/ontologies/gato.owl#usesResource,,,,,,,,,,,,,,,,,,
mtcp:isParentOfCurriculum,mtcp:isParentOfCurriculum,resource,mtcp:isParentOfCurriculum,,,,,,,,,,,,,,,,,,
mtr:type_Test,mtr:type_Test,resource,mtr:type_Test,,,,,,,,,,,,,,,,,,
hasKnowledgeUnit,hasKnowledgeUnit,object_property,http://meututor.com.br/Ontologies/meututor_domain_curriculum.owl#hasKnowledgeUnit,,,,,,,,,,,,,,,,,,
hasTags,hasTags,object_property,http://meututor.com.br/Ontologies/meututor_domain_curriculum.owl#hasTags,,,,,,,,,,,,,,,,,,
isComposedByDepth,isComposedByDepth,object_property,http://meututor.com.br/Ontologies/meututor_domain_cp.owl#isComposedByDepth,,,,,,,,,,,,,,,,,,
mt:domain,mt:domain,resource,mt:domain,,,,,,,,,,,,,,,,,,
mtcu:ConceptualKnowledge,mtcu:ConceptualKnowledge,resource,mtcu:ConceptualKnowledge,,,,,,,,,,,,,,,,,,
typeStrategyTutoring,typeStrategyTutoring,datatype_property,http://surveys.nees.com.br/ontologies/its/its_pedagogical.owl#typeStrategyTutoring,,,,,,,,,,,,,,,,,,
Rewards,Rewards,class,http://surveys.nees.com.br/ontologies/gado_core.owl#Rewards,,,,,,,,,,,,,,,,,,
mtcu:Bug_Misconception,mtcu:Bug_Misconception,resource,mtcu:Bug_Misconception,,,,,,,,,,,,,,,,,,
EvaluationResource,EvaluationResource,class,http://meututor.com.br/Ontologies/meututor_domain_resource.owl#EvaluationResource,,,,,,,,,,,,,,,,,,
hasGamificationModel,hasGamificationModel,object_property,http://surveys.nees.com.br/ontologies/gato.owl#hasGamificationModel,,,,,,,,,,,,,,,,,,
mt:isComposedByDepth,mt:isComposedByDepth,resource,mt:isComposedByDepth,,,,,,,,,,,,,,,,,,
DiscursiveProblem,DiscursiveProblem,class,http://meututor.com.br/Ontologies/meututor_domain_resource.owl#DiscursiveProblem,,,,,,,,,,,,,,,,,,
has_Questions,has_Questions,object_property,http://meututor.com.br/Ontologies/meututor_domain_resource.owl#has_Questions,,,,,,,,,,,,,,,,,,
SDT_Autonomy,SDT_Autonomy,class,http://surveys.nees.com.br/ontologies/gado_full.owl#SDT_Autonomy,,,,,,,,,,,,,,,,,,
Yee_Competition,Yee_Competition,class,http://surveys.nees.com.br/ontologies/gado_full.owl#Yee_Competition,,,,,,,,,,,,,,,,,,
engagementIndex,engagementIndex,datatype_property,http://nsxai.org/instances#engagementIndex,,,,,,,,,,,,,,,,,,
hasError,hasError,object_property,http://meututor.com.br/Ontologies/meututor_domain_curriculum.owl#hasError,,,,,,,,,,,,,,,,,,
ResourceList,ResourceList,class,http://meututor.com.br/Ontologies/meututor_domain_resource.owl#ResourceList,,,,,,,,,,,,,,,,,,
mt:hasDomains,mt:hasDomains,resource,mt:hasDomains,,,,,,,,,,,,,,,,,,
Option,Option,class,http://meututor.com.br/Ontologies/meututor_domain_resource.owl#Option,,,,,,,,,,,,,,,,,,
posting_hour,posting_hour,datatype_property,http://meututor.com.br/Ontologies/meututor_domain_resource.owl#posting_hour,,,,,,,,,,,,,,,,,,
isClassifiedBy,isClassifiedBy,object_property,http://surveys.nees.com.br/ontologies/gado_core.owl#isClassifiedBy,,,,,,,,,,,,,,,,,,
isChildOfCurriculum,isChildOfCurriculum,object_property,http://meututor.com.br/Ontologies/meututor_domain_cp.owl#isChildOfCurriculum,,,,,,,,,,,,,,,,,,
mtr:ProblemBasedEvaluation,mtr:ProblemBasedEvaluation,resource,mtr:ProblemBasedEvaluation,,,,,,,,,,,,,,,,,,
mtr:corrected,mtr:corrected,resource,mtr:corrected,,,,,,,,,,,,,,,,,,
mtr:ResourceList,mtr:ResourceList,resource,mtr:ResourceList,,,,,,,,,,,,,,,,,,
Theme,Theme,class,http://surveys.nees.com.br/ontologies/gado_core.owl#Theme,,,,,,,,,,,,,,,,,,
Player_Action,Player_Action,class,http://surveys.nees.com.br/ontologies/gado_full.owl#Player_Action,,,,,,,,,,,,,,,,,,
classifiesPlayer,classifiesPlayer,object_property,http://surveys.nees.com.br/ontologies/gado_core.owl#classifiesPlayer,,,,,,,,,,,,,,,,,,
Misconception,Misconception,class,http://meututor.com.br/Ontologies/meututor_domain_curriculum.owl#Misconception,,,,,,,,,,,,,,,,,,
ThingResource,ThingResource,class,http://meututor.com.br/Ontologies/meututor_domain_resource.owl#ThingResource,,,,,,,,,,,,,,,,,,
Progression,Progression,class,http://surveys.nees.com.br/ontologies/gado_core.owl#Progression,,,,,,,,,,,,,,,,,,
URIType,URIType,class,http://meututor.com.br/Ontologies/meututor_domain_resource.owl#URIType,,,,,,,,,,,,,,,,,,
mtr:Resolution,mtr:Resolution,resource,mtr:Resolution,,,,,,,,,,,,,,,,,,
masteryScore,masteryScore,datatype_property,http://nsxai.org/instances#masteryScore,,,,,,,,,,,,,,,,,,
has_ProblemNext,has_ProblemNext,object_property,http://surveys.nees.com.br/ontologies/its/its_pedagogical.owl#has_ProblemNext,,,,,,,,,,,,,,,,,,
domain,domain,datatype_property,http://meututor.com.br/Ontologies/meututor_domain_curriculum.owl#domain,,,,,,,,,,,,,,,,,,
power,power,individual,http://surveys.nees.com.br/ontologies/gado_core.owl#power,,,,,,,,,,,,,,,,,,
describesPlayer,describesPlayer,object_property,http://surveys.nees.com.br/ontologies/gado_core.owl#describesPlayer,,,,,,,,,,,,,,,,,,
typeAssessment,typeAssessment,datatype_property,http://surveys.nees.com.br/ontologies/its/its_pedagogical.owl#typeAssessment,,,,,,,,,,,,,,,,,,
performance,performance,individual,http://surveys.nees.com.br/ontologies/gado_full.owl#performance,,,,,,,,,,,,,,,,,,
tiesComponent,tiesComponent,object_property,http://surveys.nees.com.br/ontologies/gado_core.owl#tiesComponent,,,,,,,,,,,,,,,,,,
mtr:Problem,mtr:Problem,resource,mtr:Problem,,,,,,,,,,,,,,,,,,
mtr:duration,mtr:duration,resource,mtr:duration,,,,,,,,,,,,,,,,,,
comment,comment,datatype_property,http://meututor.com.br/Ontologies/meututor_domain_resource.owl#comment,,,,,,,,,,,,,,,,,,
mtr:Comment,mtr:Comment,resource,mtr:Comment,,,,,,,,,,,,,,,,,,
signupForTheSystem,signupForTheSystem,individual,http://surveys.nees.com.br/ontologies/gado_full.owl#signupForTheSystem,,,,,,,,,,,,,,,,,,
mtcu:weight,mtcu:weight,resource,mtcu:weight,,,,,,,,,,,,,,,,,,
Non-Game_Context,Non-Game_Context,class,http://surveys.nees.com.br/ontologies/gado_core.owl#Non-Game_Context,,,,,,,,,,,,,,,,,,
hasCatalogue,hasCatalogue,object_property,http://meututor.com.br/Ontologies/meututor_domain_curriculum.owl#hasCatalogue,,,,,,,,,,,,,,,,,,
Motivational_Affordance,Motivational_Affordance,class,http://surveys.nees.com.br/ontologies/gado_full.owl#Motivational_Affordance,,,,,,,,,,,,,,,,,,
hasMetric,hasMetric,object_property,http://surveys.nees.com.br/ontologies/gado_full.owl#hasMetric,,,,,,,,,,,,,,,,,,
mtr:hasCalculations,mtr:hasCalculations,resource,mtr:hasCalculations,,,,,,,,,,,,,,,,,,
type_Test,type_Test,datatype_property,http://meututor.com.br/Ontologies/meututor_domain_resource.owl#type_Test,,,,,,,,,,,,,,,,,,
mtr:developmentStatus,mtr:developmentStatus,resource,mtr:developmentStatus,,,,,,,,,,,,,,,,,,
hasSubDomain,hasSubDomain,object_property,http://meututor.com.br/Ontologies/meututor_domain.owl#hasSubDomain,,,,,,,,,,,,,,,,,,
Tactic,Tactic,class,http://surveys.nees.com.br/ontologies/its/its_pedagogical.owl#Tactic,,,,,,,,,,,,,,,,,,
mtr:has_Knowledge,mtr:has_Knowledge,resource,mtr:has_Knowledge,,,,,,,,,,,,,,,,,,
mtr:difficulty,mtr:difficulty,resource,mtr:difficulty,,,,,,,,,,,,,,,,,,
hasPedagogicalUnit,hasPedagogicalUnit,object_property,http://meututor.com.br/Ontologies/meututor_domain_curriculum.owl#hasPedagogicalUnit,,,,,,,,,,,,,,,,,,
mtcp:issue,mtcp:issue,resource,mtcp:issue,,,,,,,,,,,,,,,,,,
mtr:Activity,mtr:Activity,resource,mtr:Activity,,,,,,,,,,,,,,,,,,
isChildOfHint,isChildOfHint,object_property,http://meututor.com.br/Ontologies/meututor_domain_resource.owl#isChildOfHint,,,,,,,,,,,,,,,,,,
hasCurriculumInformation,hasCurriculumInformation,object_property,http://meututor.com.br/Ontologies/meututor_domain_curriculum.owl#hasCurriculumInformation,,,,,,,,,,,,,,,,,,
difficulty,difficulty,datatype_property,http://meututor.com.br/Ontologies/meututor_domain_resource.owl#difficulty,,,,,,,,,,,,,,,,,,
level,level,datatype_property,http://meututor.com.br/Ontologies/meututor_domain_resource.owl#level,,,,,,,,,,,,,,,,,,
mtr:has_token,mtr:has_token,resource,mtr:has_token,,,,,,,,,,,,,,,,,,
ConceptualKnowledge,ConceptualKnowledge,class,http://meututor.com.br/Ontologies/meututor_domain_curriculum.owl#ConceptualKnowledge,,,,,,,,,,,,,,,,,,
Competition,Competition,class,http://surveys.nees.com.br/ontologies/gado_core.owl#Competition,,,,,,,,,,,,,,,,,,
currentOperation,currentOperation,datatype_property,http://meututor.com.br/Ontologies/meututor_domain_resource.owl#currentOperation,,,,,,,,,,,,,,,,,,
mtcu:cluster,mtcu:cluster,resource,mtcu:cluster,,,,,,,,,,,,,,,,,,
LeftColumn,LeftColumn,class,http://meututor.com.br/Ontologies/meututor_domain_resource.owl#LeftColumn,,,,,,,,,,,,,,,,,,
related_Curriculum,related_Curriculum,object_property,http://meututor.com.br/Ontologies/meututor_domain_resource.owl#related_Curriculum,,,,,,,,,,,,,,,,,,
Sequencing,Sequencing,class,http://surveys.nees.com.br/ontologies/its/its_pedagogical.owl#Sequencing,,,,,,,,,,,,,,,,,,
mt:hasSubDomain,mt:hasSubDomain,resource,mt:hasSubDomain,,,,,,,,,,,,,,,,,,
performanceName,performanceName,datatype_property,http://surveys.nees.com.br/ontologies/gado_full.owl#performanceName,,,,,,,,,,,,,,,,,,
mt:associatedDomain,mt:associatedDomain,resource,mt:associatedDomain,,,,,,,,,,,,,,,,,,
CategoryEffectiveness,CategoryEffectiveness,class,http://surveys.nees.com.br/ontologies/gado_full.owl#CategoryEffectiveness,,,,,,,,,,,,,,,,,,
has_MissConception,has_MissConception,object_property,http://meututor.com.br/Ontologies/meututor_domain_curriculum.owl#has_MissConception,,,,,,,,,,,,,,,,,,
hasCalculations,hasCalculations,datatype_property,http://meututor.com.br/Ontologies/meututor_domain_resource.owl#hasCalculations,,,,,,,,,,,,,,,,,,
mtcp:hasContext,mtcp:hasContext,resource,mtcp:hasContext,,,,,,,,,,,,,,,,,,
mtr:Hint,mtr:Hint,resource,mtr:Hint,,,,,,,,,,,,,,,,,,
mtcp:isComposedByContext,mtcp:isComposedByContext,resource,mtcp:isComposedByContext,,,,,,,,,,,,,,,,,,
Resource,Resource,class,http://meututor.com.br/Ontologies/meututor_domain_resource.owl#Resource,,,,,,,,,,,,,,,,,,
CategoryParticipation,CategoryParticipation,class,http://surveys.nees.com.br/ontologies/gado_full.owl#CategoryParticipation,,,,,,,,,,,,,,,,,,
Motivation,Motivation,class,http://surveys.nees.com.br/ontologies/gado_core.owl#Motivation,,,,,,,,,,,,,,,,,,
Bug_Misconception,Bug_Misconception,class,http://meututor.com.br/Ontologies/meututor_domain_curriculum.owl#Bug_Misconception,,,,,,,,,,,,,,,,,,
associatedDomain,associatedDomain,object_property,http://meututor.com.br/Ontologies/meututor_domain.owl#associatedDomain,,,,,,,,,,,,,,,,,,
competionName,competionName,datatype_property,http://surveys.nees.com.br/ontologies/gado_full.owl#competionName,,,,,,,,,,,,,,,,,,
weight,weight,datatype_property,http://meututor.com.br/Ontologies/meututor_domain_resource.owl#weight,,,,,,,,,,,,,,,,,,
Quests,Quests,class,http://surveys.nees.com.br/ontologies/gado_core.owl#Quests,,,,,,,,,,,,,,,,,,
mtr:EvaluationResource,mtr:EvaluationResource,resource,mtr:EvaluationResource,,,,,,,,,,,,,,,,,,
has_Resolution,has_Resolution,object_property,http://meututor.com.br/Ontologies/meututor_domain_resource.owl#has_Resolution,,,,,,,,,,,,,,,,,,
hasResource,hasResource,object_property,http://meututor.com.br/Ontologies/meututor_domain_curriculum.owl#hasResource,,,,,,,,,,,,,,,,,,
description,description,datatype_property,http://meututor.com.br/Ontologies/meututor_domain_cp.owl#description,,,,,,,,,,,,,,,,,,
engagement,engagement,individual,http://surveys.nees.com.br/ontologies/gado_full.owl#engagement,,,,,,,,,,,,,,,,,,
participation,participation,individual,http://surveys.nees.com.br/ontologies/gado_full.owl#participation,,,,,,,,,,,,,,,,,,
mt:desiredPoints,mt:desiredPoints,resource,mt:desiredPoints,,,,,,,,,,,,,,,,,,
TrueOrFalseOption,TrueOrFalseOption,class,http://meututor.com.br/Ontologies/meututor_domain_resource.owl#TrueOrFalseOption,,,,,,,,,,,,,,,,,,
hasConceptualKnowledge,hasConceptualKnowledge,object_property,http://meututor.com.br/Ontologies/meututor_domain_curriculum.owl#hasConceptualKnowledge,,,,,,,,,,,,,,,,,,
isExplained,isExplained,datatype_property,http://surveys.nees.com.br/ontologies/its/its_pedagogical.owl#isExplained,,,,,,,,,,,,,,,,,,
term,term,datatype_property,http://meututor.com.br/Ontologies/meututor_domain_resource.owl#term,,,,,,,,,,,,,,,,,,
has_token,has_token,datatype_property,http://meututor.com.br/Ontologies/meututor_domain_resource.owl#has_token,,,,,,,,,,,,,,,,,,
matchesLevel,matchesLevel,object_property,http://nsxai.org/instances#matchesLevel,,,,,,,,,,,,,,,,,,
hasLO,hasLO,object_property,http://meututor.com.br/Ontologies/meututor_domain_curriculum.owl#hasLO,,,,,,,,,,,,,,,,,,
has_Answers,has_Answers,datatype_property,http://meututor.com.br/Ontologies/meututor_domain_resource.owl#has_Answers,,,,,,,,,,,,,,,,,,
mtr:OptionAnswer,mtr:OptionAnswer,resource,mtr:OptionAnswer,,,,,,,,,,,,,,,,,,
isSubDomainOf,isSubDomainOf,object_property,http://meututor.com.br/Ontologies/meututor_domain.owl#isSubDomainOf,,,,,,,,,,,,,,,,,,
isComposedByLaterality,isComposedByLaterality,object_property,http://meututor.com.br/Ontologies/meututor_domain_curriculum.owl#isComposedByLaterality,,,,,,,,,,,,,,,,,,
mtcu:rate,mtcu:rate,resource,mtcu:rate,,,,,,,,,,,,,,,,,,
Engagement_Loop,Engagement_Loop,class,http://surveys.nees.com.br/ontologies/gado_full.owl#Engagement_Loop,,,,,,,,,,,,,,,,,,
hasBehaviouralKnowledge,hasBehaviouralKnowledge,object_property,http://meututor.com.br/Ontologies/meututor_domain_curriculum.owl#hasBehaviouralKnowledge,,,,,,,,,,,,,,,,,,
mt:DomainModel,mt:DomainModel,resource,mt:DomainModel,,,,,,,,,,,,,,,,,,
title,title,datatype_property,http://meututor.com.br/Ontologies/meututor_domain_resource.owl#title,,,,,,,,,,,,,,,,,,
mtr:CompositeResource,mtr:CompositeResource,resource,mtr:CompositeResource,,,,,,,,,,,,,,,,,,
mtcp:Depth,mtcp:Depth,resource,mtcp:Depth,,,,,,,,,,,,,,,,,,
mtr:Form,mtr:Form,resource,mtr:Form,,,,,,,,,,,,,,,,,,
interactionWithTheSystem,interactionWithTheSystem,individual,http://surveys.nees.com.br/ontologies/gado_full.owl#interactionWithTheSystem,,,,,,,,,,,,,,,,,,
archetypeBehavior,archetypeBehavior,datatype_property,http://surveys.nees.com.br/ontologies/gado_core.owl#archetypeBehavior,,,,,,,,,,,,,,,,,,
hasLevel,hasLevel,object_property,http://meututor.com.br/Ontologies/meututor_domain.owl#hasLevel,,,,,,,,,,,,,,,,,,
mtr:URIType,mtr:URIType,resource,mtr:URIType,,,,,,,,,,,,,,,,,,
instances,instances,resource,http://nsxai.org/instances,,,,,,,,,,,,,,,,,,
question,question,datatype_property,http://meututor.com.br/Ontologies/meututor_domain_resource.owl#question,,,,,,,,,,,,,,,,,,
hasBug,hasBug,object_property,http://meututor.com.br/Ontologies/meututor_domain_curriculum.owl#hasBug,,,,,,,,,,,,,,,,,,
numberOfFavorites,numberOfFavorites,datatype_property,http://meututor.com.br/Ontologies/meututor_domain_resource.owl#numberOfFavorites,,,,,,,,,,,,,,,,,,
has_Depth,has_Depth,object_property,http://meututor.com.br/Ontologies/meututor_domain_resource.owl#has_Depth,,,,,,,,,,,,,,,,,,
size,size,datatype_property,http://meututor.com.br/Ontologies/meututor_domain_resource.owl#size,,,,,,,,,,,,,,,,,,
has_Context,has_Context,object_property,http://meututor.com.br/Ontologies/meututor_domain_resource.owl#has_Context,,,,,,,,,,,,,,,,,,
subjects,subjects,datatype_property,http://meututor.com.br/Ontologies/meututor_domain_resource.owl#subjects,,,,,,,,,,,,,,,,,,
mtcu:hasSuperConceptualKnowledge,mtcu:hasSuperConceptualKnowledge,resource,mtcu:hasSuperConceptualKnowledge,,,,,,,,,,,,,,,,,,
mt:type,mt:type,resource,mt:type,,,,,,,,,,,,,,,,,,
mtcu:precedence,mtcu:precedence,resource,mtcu:precedence,,,,,,,,,,,,,,,,,,
mtr:Exercise,mtr:Exercise,resource,mtr:Exercise,,,,,,,,,,,,,,,,,,
hasMisconception,hasMisconception,object_property,http://meututor.com.br/Ontologies/meututor_domain_curriculum.owl#hasMisconception,,,,,,,,,,,,,,,,,,
hasPS,hasPS,datatype_property,http://meututor.com.br/Ontologies/meututor_domain_curriculum.owl#hasPS,,,,,,,,,,,,,,,,,,
mtr:has_Epoch,mtr:has_Epoch,resource,mtr:has_Epoch,,,,,,,,,,,,,,,,,,
mtcu:ResourceWeight,mtcu:ResourceWeight,resource,mtcu:ResourceWeight,,,,,,,,,,,,,,,,,,
mtcu:PedagogicalUnit,mtcu:PedagogicalUnit,resource,mtcu:PedagogicalUnit,,,,,,,,,,,,,,,,,,
mtcu:difficulty,mtcu:difficulty,resource,mtcu:difficulty,,,,,,,,,,,,,,,,,,
isComposedByCurriculum,isComposedByCurriculum,object_property,http://meututor.com.br/Ontologies/meututor_domain.owl#isComposedByCurriculum,,,,,,,,,,,,,,,,,,
methodname,methodname,datatype_property,http://meututor.com.br/Ontologies/meututor_domain_resource.owl#methodname,,,,,,,,,,,,,,,,,,
InstrutionalPlan,InstrutionalPlan,class,http://surveys.nees.com.br/ontologies/its/its_pedagogical.owl#InstrutionalPlan,,,,,,,,,,,,,,,,,,
context,context,datatype_property,http://meututor.com.br/Ontologies/meututor_domain_resource.owl#context,,,,,,,,,,,,,,,,,,
strategicTutoring,strategicTutoring,object_property,http://surveys.nees.com.br/ontologies/its/its_pedagogical.owl#strategicTutoring,,,,,,,,,,,,,,,,,,
hasConcept,hasConcept,object_property,http://meututor.com.br/Ontologies/meututor_domain_curriculum.owl#hasConcept,,,,,,,,,,,,,,,,,,
mtr:has_Diagnosis,mtr:has_Diagnosis,resource,mtr:has_Diagnosis,,,,,,,,,,,,,,,,,,
hasSuggestedTags,hasSuggestedTags,datatype_property,http://meututor.com.br/Ontologies/meututor_domain_resource.owl#hasSuggestedTags,,,,,,,,,,,,,,,,,,
precedence,precedence,datatype_property,http://meututor.com.br/Ontologies/meututor_domain_curriculum.owl#precedence,,,,,,,,,,,,,,,,,,
mtr:term,mtr:term,resource,mtr:term,,,,,,,,,,,,,,,,,,
mt:hasLevel,mt:hasLevel,resource,mt:hasLevel,,,,,,,,,,,,,,,,,,
developmentStatus,developmentStatus,datatype_property,http://meututor.com.br/Ontologies/meututor_domain_resource.owl#developmentStatus,,,,,,,,,,,,,,,,,,
Exercise,Exercise,class,http://meututor.com.br/Ontologies/meututor_domain_resource.owl#Exercise,,,,,,,,,,,,,,,,,,
hasContent,hasContent,object_property,http://meututor.com.br/Ontologies/meututor_domain_curriculum.owl#hasContent,,,,,,,,,,,,,,,,,,
has_ResolutionMethod,has_ResolutionMethod,object_property,http://meututor.com.br/Ontologies/meututor_domain_resource.owl#has_ResolutionMethod,,,,,,,,,,,,,,,,,,
hasPG,hasPG,datatype_property,http://meututor.com.br/Ontologies/meututor_domain_curriculum.owl#hasPG,,,,,,,,,,,,,,,,,,
mtr:has_Answers,mtr:has_Answers,resource,mtr:has_Answers,,,,,,,,,,,,,,,,,,
mt:hasEloRating,mt:hasEloRating,resource,mt:hasEloRating,,,,,,,,,,,,,,,,,,
mtcu:hasConsistency,mtcu:hasConsistency,resource,mtcu:hasConsistency,,,,,,,,,,,,,,,,,,
mtr:context,mtr:context,resource,mtr:context,,,,,,,,,,,,,,,,,,
has_Epoch,has_Epoch,datatype_property,http://meututor.com.br/Ontologies/meututor_domain_resource.owl#has_Epoch,,,,,,,,,,,,,,,,,,
posting_date,posting_date,datatype_property,http://meututor.com.br/Ontologies/meututor_domain_resource.owl#posting_date,,,,,,,,,,,,,,,,,,
mtcp:isComposedByLaterality,mtcp:isComposedByLaterality,resource,mtcp:isComposedByLaterality,,,,,,,,,,,,,,,,,,
mtcu:hasKnowledgeUnit,mtcu:hasKnowledgeUnit,resource,mtcu:hasKnowledgeUnit,,,,,,,,,,,,,,,,,,
hasDomains,hasDomains,object_property,http://meututor.com.br/Ontologies/meututor_domain.owl#hasDomains,,,,,,,,,,,,,,,,,,
hasPL,hasPL,object_property,http://meututor.com.br/Ontologies/meututor_domain_curriculum.owl#hasPL,,,,,,,,,,,,,,,,,,
hasEvaluation,hasEvaluation,object_property,http://meututor.com.br/Ontologies/meututor_domain_resource.owl#hasEvaluation,,,,,,,,,,,,,,,,,,
mt:isComposedByContext,mt:isComposedByContext,resource,mt:isComposedByContext,,,,,,,,,,,,,,,,,,
effectivenessName,effectivenessName,datatype_property,http://surveys.nees.com.br/ontologies/gado_full.owl#effectivenessName,,,,,,,,,,,,,,,,,,
mt:isComposedByCurriculum,mt:isComposedByCurriculum,resource,mt:isComposedByCurriculum,,,,,,,,,,,,,,,,,,
isComposedByProblem,isComposedByProblem,object_property,http://meututor.com.br/Ontologies/meututor_domain_curriculum.owl#isComposedByProblem,,,,,,,,,,,,,,,,,,
mtcu:Error,mtcu:Error,resource,mtcu:Error,,,,,,,,,,,,,,,,,,
mtr:subjects,mtr:subjects,resource,mtr:subjects,,,,,,,,,,,,,,,,,,
has_Diagnosis,has_Diagnosis,object_property,http://meututor.com.br/Ontologies/meututor_domain_resource.owl#has_Diagnosis,,,,,,,,,,,,,,,,,,
mtcu:hasPL0,mtcu:hasPL0,resource,mtcu:hasPL0,,,,,,,,,,,,,,,,,,
hasExplanation,hasExplanation,object_property,http://meututor.com.br/Ontologies/meututor_domain_curriculum.owl#hasExplanation,,,,,,,,,,,,,,,,,,
mtr:size,mtr:size,resource,mtr:size,,,,,,,,,,,,,,,,,,
MatchColumnOption,MatchColumnOption,class,http://meututor.com.br/Ontologies/meututor_domain_resource.owl#MatchColumnOption,,,,,,,,,,,,,,,,,,
mtr:hasOption,mtr:hasOption,resource,mtr:hasOption,,,,,,,,,,,,,,,,,,
mtcu:hasPedagogicalUnit,mtcu:hasPedagogicalUnit,resource,mtcu:hasPedagogicalUnit,,,,,,,,,,,,,,,,,,
mtcu:UniversalGenericOperator,mtcu:UniversalGenericOperator,resource,mtcu:UniversalGenericOperator,,,,,,,,,,,,,,,,,,
OptionAnswer,OptionAnswer,datatype_property,http://meututor.com.br/Ontologies/meututor_domain_resource.owl#OptionAnswer,,,,,,,,,,,,,,,,,,
mtcu:ckType,mtcu:ckType,resource,mtcu:ckType,,,,,,,,,,,,,,,,,,
duration,duration,datatype_property,http://meututor.com.br/Ontologies/meututor_domain_resource.owl#duration,,,,,,,,,,,,,,,,,,
mtcu:Error_Bug,mtcu:Error_Bug,resource,mtcu:Error_Bug,,,,,,,,,,,,,,,,,,
mtr:tokenized_statement,mtr:tokenized_statement,resource,mtr:tokenized_statement,,,,,,,,,,,,,,,,,,
mtr:Concept,mtr:Concept,resource,mtr:Concept,,,,,,,,,,,,,,,,,,
loopQuality,loopQuality,datatype_property,http://surveys.nees.com.br/ontologies/gado_full.owl#loopQuality,,,,,,,,,,,,,,,,,,
mtr:enabled,mtr:enabled,resource,mtr:enabled,,,,,,,,,,,,,,,,,,
mtcp:isChildOfCurriculum,mtcp:isChildOfCurriculum,resource,mtcp:isChildOfCurriculum,,,,,,,,,,,,,,,,,,
account_of,account_of,object_property,http://rdfs.org/sioc/ns#account_of,,,,,,,,,,,,,,,,,,
mtcu:Catalogue,mtcu:Catalogue,resource,mtcu:Catalogue,,,,,,,,,,,,,,,,,,
has_Knowledge,has_Knowledge,datatype_property,http://meututor.com.br/Ontologies/meututor_domain_resource.owl#has_Knowledge,,,,,,,,,,,,,,,,,,
mtcu:hasDomain,mtcu:hasDomain,resource,mtcu:hasDomain,,,,,,,,,,,,,,,,,,
mtcu:hasConceptualKnowledge,mtcu:hasConceptualKnowledge,resource,mtcu:hasConceptualKnowledge,,,,,,,,,,,,,,,,,,
hasCurriculum,hasCurriculum,object_property,http://meututor.com.br/Ontologies/meututor_domain_curriculum.owl#hasCurriculum,,,,,,,,,,,,,,,,,,
mtcu:isComposedByLaterality,mtcu:isComposedByLaterality,resource,mtcu:isComposedByLaterality,,,,,,,,,,,,,,,,,,
mtr:URIResource,mtr:URIResource,resource,mtr:URIResource,,,,,,,,,,,,,,,,,,
mtr:MatchColumnAnswer,mtr:MatchColumnAnswer,resource,mtr:MatchColumnAnswer,,,,,,,,,,,,,,,,,,
mtr:DiscursiveProblem,mtr:DiscursiveProblem,resource,mtr:DiscursiveProblem,,,,,,,,,,,,,,,,,,
mtr:Question,mtr:Question,resource,mtr:Question,,,,,,,,,,,,,,,,,,
mtr:issue,mtr:issue,resource,mtr:issue,,,,,,,,,,,,,,,,,,
mtcu:hasExplanation,mtcu:hasExplanation,resource,mtcu:hasExplanation,,,,,,,,,,,,,,,,,,
mtcu:hasPS,mtcu:hasPS,resource,mtcu:hasPS,,,,,,,,,,,,,,,,,,
has_member,has_member,object_property,http://rdfs.org/sioc/ns#has_member,,,,,,,,,,,,,,,,,,
hasSuperConceptualKnowledge,hasSuperConceptualKnowledge,object_property,http://meututor.com.br/Ontologies/meututor_domain_curriculum.owl#hasSuperConceptualKnowledge,,,,,,,,,,,,,,,,,,
mtcp:Curriculum,mtcp:Curriculum,resource,mtcp:Curriculum,,,,,,,,,,,,,,,,,,
mtcu:hasLO,mtcu:hasLO,resource,mtcu:hasLO,,,,,,,,,,,,,,,,,,
hasDiscrepancy,hasDiscrepancy,object_property,http://meututor.com.br/Ontologies/meututor_domain_curriculum.owl#hasDiscrepancy,,,,,,,,,,,,,,,,,,
mtr:Statement,mtr:Statement,resource,mtr:Statement,,,,,,,,,,,,,,,,,,
resolution,resolution,datatype_property,http://meututor.com.br/Ontologies/meututor_domain_resource.owl#resolution,,,,,,,,,,,,,,,,,,
mtcu:Error_Misconception,mtcu:Error_Misconception,resource,mtcu:Error_Misconception,,,,,,,,,,,,,,,,,,
endDate,endDate,datatype_property,http://meututor.com.br/Ontologies/meututor_domain_resource.owl#endDate,,,,,,,,,,,,,,,,,,
stepName,stepName,datatype_property,http://meututor.com.br/Ontologies/meututor_domain_resource.owl#stepName,,,,,,,,,,,,,,,,,,
mtcu:hasBehaviouralKnowledge,mtcu:hasBehaviouralKnowledge,resource,mtcu:hasBehaviouralKnowledge,,,,,,,,,,,,,,,,,,
isParentOfCurriculum,isParentOfCurriculum,object_property,http://meututor.com.br/Ontologies/meututor_domain_cp.owl#isParentOfCurriculum,,,,,,,,,,,,,,,,,,
mtcu:hasCatalogue,mtcu:hasCatalogue,resource,mtcu:hasCatalogue,,,,,,,,,,,,,,,,,,
Thing,Thing,resource,http://www.w3.org/2002/07/owl#Thing,,,,,,,,,,,,,,,,,,
string,string,resource,http://www.w3.org/2001/XMLSchema#string,,,,,,,,,,,,,,,,,,
float,float,resource,http://www.w3.org/2001/XMLSchema#float,,,,,,,,,,,,,,,,,,
1.0,1.0,resource,http://surveys.nees.com.br/ontologies/gato.owl/1.0,,,,,,,,,,,,,,,,,,
double,double,resource,http://www.w3.org/2001/XMLSchema#double,,,,,,,,,,,,,,,,,,
boolean,boolean,resource,http://www.w3.org/2001/XMLSchema#boolean,,,,,,,,,,,,,,,,,,
