id,label,type,age,allValuesFrom,argument1,argument2,arguments,body,builtin,cardinality,classPredicate,comment,consists_of,contains,containsGameElement,description,designedWithObjective,disjointWith,domain,equivalentClass,first,hasBehaviouralObjective,hasGamificationExperience,hasObjective,hasPreLesson,hasPreResource,hasTargetAudience,has_PlayingStyle,has_Priority,has_Purpose,has_URL,has_description,has_duration,has_latestRelease,has_latestVersion,has_reference,has_title,has_totalDownloads,has_totalLikes,has_totalSites,has_user_account,has_usergroup,head,imports,index,indexed_by,intersectionOf,isComposedOf,isDefinedBy,isRuleEnabled,is_visible_for,maxCardinality,member_of,minCardinality,minQualifiedCardinality,offersCourse,onProperty,ontology_id,propertyPredicate,range,rest,someValuesFrom,subClassOf,subPropertyOf,teaches,title,unionOf,usergroup_of,versionIRI,works_in
http://www.w3.org/2002/07/owl#cardinality,,http://www.w3.org/2002/07/owl#AnnotationProperty,,,,,,,,,,,,,,,,,http://www.w3.org/2002/07/owl#Class,,,,,,,,,,,,,,,,,,,,,,,,,,,,,,,,,,,,,,,,,,,,,,,,,,,
http://www.hds.utc.fr/tg/tbox,,http://www.w3.org/2002/07/owl#Ontology,,,,,,,,,,,,,,,,,,,,,,,,,,,,,,,,,,,,,,,,,,http://www.hds.utc.fr/mc2/tbox|http://www.hds.utc.fr/tco/tbox/1.0,,,,,,,,,,,,,,,,,,,,,,,,,http://www.hds.utc.fr/tg/tbox/1.0,
http://prismstandard.org/namespaces/1.2/basic/isbn,,http://www.w3.org/2002/07/owl#AnnotationProperty,,,,,,,,,,,,,,,,,,,,,,,,,,,,,,,,,,,,,,,,,,,,,,,,,,,,,,,,,,,,,,,,,,,,
http://prismstandard.org/namespaces/1.2/basic/issue,,http://www.w3.org/2002/07/owl#AnnotationProperty,,,,,,,,,,,,,,,,,http://www.hds.utc.fr/mc2/tbox#SimpleResource|http://purl.org/ontology/bibo/CollectedDocument,,,,,,,,,,,,,,,,,,,,,,,,,,,,,,,,,,,,,,,,,,,,,,,,,,,
http://prismstandard.org/namespaces/1.2/basic/number,,http://www.w3.org/2002/07/owl#AnnotationProperty,,,,,,,,,,,,,,,,,,,,,,,,,,,,,,,,,,,,,,,,,,,,,,,,,,,,,,,,,,,,,,,,,,,,
http://prismstandard.org/namespaces/1.2/basic/startingPage,,http://www.w3.org/2002/07/owl#AnnotationProperty,,,,,,,,,,,,,,,,,http://www.hds.utc.fr/mc2/tbox#SimpleResource|http://xmlns.com/foaf/0.1/Document,,,,,,,,,,,,,,,,,,,,,,,,,,,,,,,,,,,,,,,,,,,,,http://prismstandard.org/namespaces/1.2/basic/number|http://purl.org/ontology/bibo/locator|http://purl.org/ontology/bibo/pageStart,,,,,,
http://prismstandard.org/namespaces/1.2/basic/volume,,http://www.w3.org/2002/07/owl#AnnotationProperty,,,,,,,,,,,,,,,,,http://purl.org/ontology/bibo/Document,,,,,,,,,,,,,,,,,,,,,,,,,,,,,,,,,,,,,,,,,,,,,http://purl.org/ontology/bibo/volume,,,,,,
http://purl.org/ontology/bibo/annotates,,http://www.w3.org/2002/07/owl#AnnotationProperty,,,,,,,,,,,,,,,,,http://www.hds.utc.fr/mc2/tbox#Resource,,,,,,,,,,,,,,,,,,,,,,,,,,,,,,,,,,,,,,,,,,,,,,,,,,,
http://purl.org/ontology/bibo/chapter,,http://www.w3.org/2002/07/owl#AnnotationProperty,,,,,,,,,,,,,,,,,http://www.hds.utc.fr/tco/tbox#Resource|http://org.semanticweb.owlapi/error#Error2,,,,,,,,,,,,,,,,,,,,,,,,,,,,,,,,,,,,,,,,,,,,,,,,,,,
http://purl.org/ontology/bibo/content,,http://www.w3.org/2002/07/owl#AnnotationProperty,,,,,,,,,,,,,,,,,http://www.hds.utc.fr/mc2/tbox#Document|http://schema.org/CreativeWork,,,,,,,,,,,,,,,,,,,,,,,,,,,,,,,,,,,,,,,,,,,,,,,,,,,
http://purl.org/ontology/bibo/court,,http://www.w3.org/2002/07/owl#AnnotationProperty,,,,,,,,,,,,,,,,,http://www.hds.utc.fr/mc2/tbox#SimpleResource,,,,,,,,,,,,,,,,,,,,,,,,,,,,,,,,,,,,,,,,,,,,,,,,,,,
http://purl.org/ontology/bibo/edition,,http://www.w3.org/2002/07/owl#AnnotationProperty,,,,,,,,,,,,,,,,,http://www.hds.utc.fr/mc2/tbox#Document,,,,,,,,,,,,,,,,,,,,,,,,,,,,,,,,,,,,,,,,,,,,,,,,,,,
http://purl.org/ontology/bibo/editorList,,http://www.w3.org/2002/07/owl#AnnotationProperty,,,,,,,,,,,,,,,,,http://www.hds.utc.fr/mc2/tbox#Document|http://xmlns.com/foaf/0.1/Document,,,,,,,,,,,,,,,,,,,,,,,,,,,,,,,,,,,,,,,,,,,,,,,,,,,
http://purl.org/ontology/bibo/identifier,,http://www.w3.org/2002/07/owl#AnnotationProperty,,,,,,,,,,,,,,,,,,,,,,,,,,,,,,,,,,,,,,,,,,,,,,,,,,,,,,,,,,,,,,,,,,,,
http://purl.org/ontology/bibo/isbn,,http://www.w3.org/2002/07/owl#AnnotationProperty,,,,,,,,,,,,,,,,,,,,,,,,,,,,,,,,,,,,,,,,,,,,,,,,,,,,,,,,,,,,,,,,,,,,
http://purl.org/ontology/bibo/issue,,http://www.w3.org/2002/07/owl#AnnotationProperty,,,,,,,,,,,,,,,,,http://purl.org/ontology/bibo/Document,,,,,,,,,,,,,,,,,,,,,,,,,,,,,,,,,,,,,,,,,,,,,,,,,,,
http://purl.org/ontology/bibo/locator,,http://www.w3.org/2002/07/owl#AnnotationProperty,,,,,,,,,,,,,,,,,,,,,,,,,,,,,,,,,,,,,,,,,,,,,,,,,,,,,,,,,,,,,,,,,,,,
http://purl.org/ontology/bibo/pageEnd,,http://www.w3.org/2002/07/owl#AnnotationProperty,,,,,,,,,,,,,,,,,http://www.hds.utc.fr/mc2/tbox#Document|http://schema.org/CreativeWork,,,,,,,,,,,,,,,,,,,,,,,,,,,,,,,,,,,,,,,,,,,,,,,,,,,
http://purl.org/ontology/bibo/pageStart,,http://www.w3.org/2002/07/owl#AnnotationProperty,,,,,,,,,,,,,,,,,http://www.hds.utc.fr/mc2/tbox#Document,,,,,,,,,,,,,,,,,,,,,,,,,,,,,,,,,,,,,,,,,,,,,,,,,,,
http://purl.org/ontology/bibo/pages,,http://www.w3.org/2002/07/owl#AnnotationProperty,,,,,,,,,,,,,,,,,http://xmlns.com/foaf/0.1/Document,,,,,,,,,,,,,,,,,,,,,,,,,,,,,,,,,,,,,,,,,,,,,http://prismstandard.org/namespaces/1.2/basic/number,,,,,,
http://purl.org/ontology/bibo/presentedAt,,http://www.w3.org/2002/07/owl#AnnotationProperty,,,,,,,,,,,,,,,,,http://www.hds.utc.fr/mc2/tbox#Resource,,,,,,,,,,,,,,,,,,,,,,,,,,,,,,,,,,,,,,,,,,,,,,,,,,,
http://purl.org/ontology/bibo/section,,http://www.w3.org/2002/07/owl#AnnotationProperty,,,,,,,,,,,,,,,,,http://www.hds.utc.fr/mc2/tbox#Document|http://xmlns.com/foaf/0.1/Document,,,,,,,,,,,,,,,,,,,,,,,,,,,,,,,,,,,,,,,,,,,,,http://prismstandard.org/namespaces/1.2/basic/number,,,,,,
http://purl.org/ontology/bibo/shortDescription,,http://www.w3.org/2002/07/owl#AnnotationProperty,,,,,,,,,,,,,,,,,http://www.hds.utc.fr/mc2/tbox#Resource,,,,,,,,,,,,,,,,,,,,,,,,,,,,,,,,,,,,,,,,,,,,,,,,,,,
http://purl.org/ontology/bibo/volume,,http://www.w3.org/2002/07/owl#AnnotationProperty,,,,,,,,,,,,,,,,,,,,,,,,,,,,,,,,,,,,,,,,,,,,,,,,,,,,,,,,,,,,,,,,,,,,
http://rdfs.org/sioc/ns#avatar,,http://www.w3.org/2002/07/owl#AnnotationProperty,,,,,,,,,,,,,,,,,http://xmlns.com/foaf/0.1/OnlineAccount,,,,,,,,,,,,,,,,,,,,,,,,,,,,,,,,,,,,,,,,,,,,,,,,,,,
http://rdfs.org/sioc/ns#content_encoded,,http://www.w3.org/2002/07/owl#AnnotationProperty,,,,,,,,,,,,,,,,,http://www.hds.utc.fr/mc2/tbox#Document|http://schema.org/CreativeWork,,,,,,,,,,,,,,,,,,,,,,,,,,,,,,,,,,,,,,,,,,,,,,,,,,,
http://rdfs.org/sioc/ns#created_at,,http://www.w3.org/2002/07/owl#AnnotationProperty,,,,,,,,,,,,,,,,,http://purl.org/ontology/bibo/Document|http://www.hds.utc.fr/tco/tbox#Resource|http://org.semanticweb.owlapi/error#Error2,,,,,,,,,,,,,,,,,,,,,,,,,,,,,,,,,,,,,,,,,,,,,,,,,,,
http://rdfs.org/sioc/ns#creator_of,,http://www.w3.org/2002/07/owl#AnnotationProperty,,,,,,,,,,,,,,,,,http://xmlns.com/foaf/0.1/OnlineAccount,,,,,,,,,,,,,,,,,,,,,,,,,,,,,,,,,,,,,,,,,,,,,,,,,,,
http://rdfs.org/sioc/ns#has_usergroup,,http://www.w3.org/2002/07/owl#AnnotationProperty,,,,,,,,,,,,,,,,,,,,,,,,,,,,,,,,,,,,,,,,,,,,,,,,,,,,,,,,,,,,,,,,,,,,
http://rdfs.org/sioc/ns#id,,http://www.w3.org/2002/07/owl#AnnotationProperty,,,,,,,,,,,,,,,,,,,,,,,,,,,,,,,,,,,,,,,,,,,,,,,,,,,,,,,,,,,,,,,,,,,,
http://rdfs.org/sioc/ns#member_of,,http://www.w3.org/2002/07/owl#AnnotationProperty,,,,,,,,,,,,,,,,,,,,,,,,,,,,,,,,,,,,,,,,,,,,,,,,,,,,,,,,,,,,,,,,,,,,
http://rdfs.org/sioc/ns#num_threads,,http://www.w3.org/2002/07/owl#AnnotationProperty,,,,,,,,,,,,,,,,,http://rdfs.org/sioc/ns#Container,,,,,,,,,,,,,,,,,,,,,,,,,,,,,,,,,,,,,,,,,,,,,,,,,,,
http://rdfs.org/sioc/ns#subject,,http://www.w3.org/2002/07/owl#AnnotationProperty,,,,,,,,,,,,,,,,,http://rdfs.org/sioc/ns#Item,,,,,,,,,,,,,,,,,,,,,,,,,,,,,,,,,,,,,,,,,,,,,,,,,,,
http://rdfs.org/sioc/ns#usergroup_of,,http://www.w3.org/2002/07/owl#AnnotationProperty,,,,,,,,,,,,,,,,,http://www.hds.utc.fr/mc2.1/tbox#UserGroup,,,,,,,,,,,,,,,,,,,,,,,,,,,,,,,,,,,,,,,,,,,,,,,,,,,
http://swrl.stanford.edu/ontologies/3.3/swrla.owl#isRuleEnabled,,http://www.w3.org/2002/07/owl#AnnotationProperty,,,,,,,,,,,,,,,,,,,,,,,,,,,,,,,,,,,,,,,,,,,,,,,,,,,,,,,,,,,,,,,,,,,,
http://www.w3.org/2002/07/owl#hasSelf,,http://www.w3.org/2002/07/owl#AnnotationProperty,,,,,,,,,,,,,,,,,http://www.w3.org/2000/01/rdf-schema#Resource,,,,,,,,,,,,,,,,,,,,,,,,,,,,,,,,,,,,,,,,,,,,,,,,,,,
http://www.w3.org/2002/07/owl#hasValue,,http://www.w3.org/2002/07/owl#AnnotationProperty,,,,,,,,,,,,,,,,,http://www.w3.org/2002/07/owl#Class,,,,,,,,,,,,,,,,,,,,,,,,,,,,,,,,,,,,,,,,,,,,,,,,,,,
http://www.w3.org/2002/07/owl#minQualifiedCardinality,,http://www.w3.org/2002/07/owl#AnnotationProperty,,,,,,,,,,,,,,,,,,,,,,,,,,,,,,,,,,,,,,,,,,,,,,,,,,,,,,,,,,,,,,,,,,,,
http://www.w3.org/2002/07/owl#oneOf,,http://www.w3.org/2002/07/owl#AnnotationProperty,,,,,,,,,,,,,,,,,http://www.w3.org/2000/01/rdf-schema#Resource,,,,,,,,,,,,,,,,,,,,,,,,,,,,,,,,,,,,,,,,,,,,,,,,,,,
http://www.w3.org/2006/vcard/ns#hasKey,,http://www.w3.org/2002/07/owl#AnnotationProperty,,,,,,,,,,,,,,,,,,,,,,,,,,,,,,,,,,,,,,,,,,,,,,,,,,,,,,,,,,,,,,,,,,,,
http://www.w3.org/2006/vcard/ns#key,,http://www.w3.org/2002/07/owl#AnnotationProperty,,,,,,,,,,,,,,,,,,,,,,,,,,,,,,,,,,,,,,,,,,,,,,,,,,,,,,,,,,,,,,http://www.w3.org/2006/vcard/ns#hasKey,,,,,,
http://xmlns.com/foaf/0.1/age,,http://www.w3.org/2002/07/owl#AnnotationProperty,,,,,,,,,,,,,,,,,,,,,,,,,,,,,,,,,,,,,,,,,,,,,,,,,,,,,,,,,,,,,,,,,,,,
http://xmlns.com/foaf/0.1/depicts,,http://www.w3.org/2002/07/owl#AnnotationProperty,,,,,,,,,,,,,,,,,http://www.hds.utc.fr/mc2/tbox#Resource|http://schema.org/ImageObject,,,,,,,,,,,,,,,,,,,,,,,,,,,,,,,,,,,,,,,,,,,,,,,,,,,
http://xmlns.com/foaf/0.1/familyName,,http://www.w3.org/2002/07/owl#AnnotationProperty,,,,,,,,,,,,,,,,,http://www.w3.org/2003/01/geo/wgs84_pos#SpatialThing,,,,,,,,,,,,,,,,,,,,,,,,,,,,,,,,,,,,,,,,,,,,,,,,,,,
http://xmlns.com/foaf/0.1/family_name,,http://www.w3.org/2002/07/owl#AnnotationProperty,,,,,,,,,,,,,,,,,http://www.w3.org/ns/prov#Agent|http://www.hds.utc.fr/mc2/tbox#Agent,,,,,,,,,,,,,,,,,,,,,,,,,,,,,,,,,,,,,,,,,,,,,,,,,,,
http://xmlns.com/foaf/0.1/firstName,,http://www.w3.org/2002/07/owl#AnnotationProperty,,,,,,,,,,,,,,,,,http://xmlns.com/foaf/0.1/Agent,,,,,,,,,,,,,,,,,,,,,,,,,,,,,,,,,,,,,,,,,,,,,,,,,,,
http://xmlns.com/foaf/0.1/geekcode,,http://www.w3.org/2002/07/owl#AnnotationProperty,,,,,,,,,,,,,,,,,http://www.hds.utc.fr/mc2/tbox#Agent,,,,,,,,,,,,,,,,,,,,,,,,,,,,,,,,,,,,,,,,,,,,,,,,,,,
http://xmlns.com/foaf/0.1/icqChatID,,http://www.w3.org/2002/07/owl#AnnotationProperty,,,,,,,,,,,,,,,,,http://purl.org/dc/terms/Agent|http://www.w3.org/ns/prov#Agent,,,,,,,,,,,,,,,,,,,,,,,,,,,,,,,,,,,,,,,,,,,,,,,,,,,
http://xmlns.com/foaf/0.1/lastName,,http://www.w3.org/2002/07/owl#AnnotationProperty,,,,,,,,,,,,,,,,,http://www.w3.org/ns/prov#Agent|http://www.hds.utc.fr/mc2/tbox#Agent,,,,,,,,,,,,,,,,,,,,,,,,,,,,,,,,,,,,,,,,,,,,,,,,,,,
http://xmlns.com/foaf/0.1/made,,http://www.w3.org/2002/07/owl#AnnotationProperty,,,,,,,,,,,,,,,,,http://www.hds.utc.fr/mc2/tbox#Agent,,,,,,,,,,,,,,,,,,,,,,,,,,,,,,,,,,,,,,,,,,,,,,,,,,,
http://xmlns.com/foaf/0.1/msnChatID,,http://www.w3.org/2002/07/owl#AnnotationProperty,,,,,,,,,,,,,,,,,http://purl.org/dc/terms/Agent|http://www.w3.org/ns/prov#Agent,,,,,,,,,,,,,,,,,,,,,,,,,,,,,,,,,,,,,,,,,,,,,,,,,,,
http://xmlns.com/foaf/0.1/openid,,http://www.w3.org/2002/07/owl#AnnotationProperty,,,,,,,,,,,,,,,,,http://purl.org/dc/terms/Agent,,,,,,,,,,,,,,,,,,,,,,,,,,,,,,,,,,,,,,,,,,,,,,,,,,,
http://xmlns.com/foaf/0.1/pastProject,,http://www.w3.org/2002/07/owl#AnnotationProperty,,,,,,,,,,,,,,,,,http://www.w3.org/2000/10/swap/pim/contact#Person,,,,,,,,,,,,,,,,,,,,,,,,,,,,,,,,,,,,,,,,,,,,,,,,,,,
http://xmlns.com/foaf/0.1/plan,,http://www.w3.org/2002/07/owl#AnnotationProperty,,,,,,,,,,,,,,,,,http://www.w3.org/2000/10/swap/pim/contact#Person,,,,,,,,,,,,,,,,,,,,,,,,,,,,,,,,,,,,,,,,,,,,,,,,,,,
http://xmlns.com/foaf/0.1/publications,,http://www.w3.org/2002/07/owl#AnnotationProperty,,,,,,,,,,,,,,,,,http://www.hds.utc.fr/mc2/tbox#Agent,,,,,,,,,,,,,,,,,,,,,,,,,,,,,,,,,,,,,,,,,,,,,,,,,,,
http://xmlns.com/foaf/0.1/schoolHomepage,,http://www.w3.org/2002/07/owl#AnnotationProperty,,,,,,,,,,,,,,,,,http://www.w3.org/2003/01/geo/wgs84_pos#SpatialThing,,,,,,,,,,,,,,,,,,,,,,,,,,,,,,,,,,,,,,,,,,,,,,,,,,,
http://xmlns.com/foaf/0.1/skypeID,,http://www.w3.org/2002/07/owl#AnnotationProperty,,,,,,,,,,,,,,,,,http://purl.org/dc/terms/Agent,,,,,,,,,,,,,,,,,,,,,,,,,,,,,,,,,,,,,,,,,,,,,,,,,,,
http://xmlns.com/foaf/0.1/topic,,http://www.w3.org/2002/07/owl#AnnotationProperty,,,,,,,,,,,,,,,,,http://www.hds.utc.fr/mc2/tbox#Resource|http://www.hds.utc.fr/mc2/tbox#Document,,,,,,,,,,,,,,,,,,,,,,,,,,,,,,,,,,,,,,,,,,,,,,,,,,,
http://xmlns.com/foaf/0.1/weblog,,http://www.w3.org/2002/07/owl#AnnotationProperty,,,,,,,,,,,,,,,,,http://purl.org/dc/terms/Agent|http://www.w3.org/ns/prov#Agent,,,,,,,,,,,,,,,,,,,,,,,,,,,,,,,,,,,,,,,,,,,,,,,,,,,
http://xmlns.com/foaf/0.1/workInfoHomepage,,http://www.w3.org/2002/07/owl#AnnotationProperty,,,,,,,,,,,,,,,,,http://schema.org/Person,,,,,,,,,,,,,,,,,,,,,,,,,,,,,,,,,,,,,,,,,,,,,,,,,,,
http://purl.org/dc/terms/partOf,,,,,,,,,,,,,,,,,,,_:b0,,,,,,,,,,,,,,,,,,,,,,,,,,,,,,,,,,,,,,,,,_:b1,,,,http://www.hds.utc.fr/tco/tbox#is_part_of,,,,,,
http://purl.org/ontology/bibo/cites,,http://www.w3.org/2002/07/owl#ObjectProperty,,,,,,,,,,,,,,,,,http://www.hds.utc.fr/mc2/tbox#Resource,,,,,,,,,,,,,,,,,,,,,,,,,,,,,,,,,,,,,,,,,http://www.hds.utc.fr/mc2/tbox#Resource,,,,,,,,,,
http://purl.org/ontology/bibo/distributor,,http://www.w3.org/2002/07/owl#ObjectProperty,,,,,,,,,,,,,,,,,,,,,,,,,,,,,,,,,,,,,,,,,,,,,,,,,,,,,,,,,,http://purl.org/dc/terms/Agent|http://www.w3.org/ns/prov#Agent,,,,,,,,,,
http://purl.org/ontology/bibo/editor,,http://www.w3.org/2002/07/owl#ObjectProperty,,,,,,,,,,,,,,,,,,,,,,,,,,,,,,,,,,,,,,,,,,,,,,,,,,,,,,,,,,http://purl.org/dc/terms/Agent,,,,,,,,,,
http://purl.org/ontology/bibo/issuer,,http://www.w3.org/2002/07/owl#ObjectProperty,,,,,,,,,,,,,,,,,,,,,,,,,,,,,,,,,,,,,,,,,,,,,,,,,,,,,,,,,,http://purl.org/dc/terms/Agent|http://www.w3.org/ns/prov#Agent|http://www.hds.utc.fr/mc2/tbox#Agent,,,,,,,,,,
http://purl.org/ontology/bibo/reversedBy,,http://www.w3.org/2002/07/owl#ObjectProperty,,,,,,,,,,,,,,,,,http://org.semanticweb.owlapi/error#Error1,,,,,,,,,,,,,,,,,,,,,,,,,,,,,,,,,,,,,,,,,_:b2,,,,,,,,,,
http://org.semanticweb.owlapi/error#Error1,,http://www.w3.org/2002/07/owl#Class,,,,,,,,,,,,,,,,,,,,,,,,,,,,,,,,,,,,,,,,,,,,,,,,,,,,,,,,,,,,,,,,,,,,
http://purl.org/ontology/bibo/Collection,,http://www.w3.org/2002/07/owl#Class,,,,,,,,,,,,,,,,,,,,,,,,,,,,,,,,,,,,,,,,,,,,,,,,,,,,,,,,,,,,,,,,,,,,
http://purl.org/ontology/bibo/translator,,http://www.w3.org/2002/07/owl#ObjectProperty,,,,,,,,,,,,,,,,,,,,,,,,,,,,,,,,,,,,,,,,,,,,,,,,,,,,,,,,,,http://www.w3.org/ns/prov#Agent|http://www.hds.utc.fr/mc2/tbox#Agent,,,,,,,,,,
http://rdfs.org/sioc/ns#has_container,,,,,,,,,,,,,,,,,,,_:b3,,,,,,,,,,,,,,,,,,,,,,,,,,,,,,,,,,,,,,,,,_:b4,,,,http://www.hds.utc.fr/tco/tbox#is_part_of,,,,,,
http://rdfs.org/sioc/ns#has_creator,,,,,,,,,,,,,,,,,,,,,,,,,,,,,,,,,,,,,,,,,,,,,,,,,,,,,,,,,,,,http://www.hds.utc.fr/mc2.1/tbox#UserAccount,,,,,,,,,,
http://www.hds.utc.fr/mc2.1/tbox#UserAccount,,,,,,,,,,,,,,,,,,,,,,,,,,,,,,,,,,,,,,,,,,,,,,,,,,,,,,,,,,,,,,,http://rdfs.org/sioc/ns#User,,,,,,,
http://rdfs.org/sioc/ns#has_host,,,,,,,,,,,,,,,,,,,_:b5|_:b6,,,,,,,,,,,,,,,,,,,,,,,,,,,,,,,,,,,,,,,,,http://www.hds.utc.fr/mc2.1/tbox#Space|http://www.hds.utc.fr/tco/tbox#EducationalInstitution|_:b7,,,,,,,,,,
http://www.hds.utc.fr/mc2.1/tbox#Space,,,,,,,,,,,,,,,,,,,,,,,,,,,,,,,,,,,,,,,,,,,,,,,,,,,,,,,,,,,,,,,http://rdfs.org/sioc/ns#Space,,,,,,,
http://rdfs.org/sioc/ns#has_member,,,,,,,,,,,,,,,,,,,,,,,,,,,,,,,,,,,,,,,,,,,,,,,,,,,,,,,,,,,,http://xmlns.com/foaf/0.1/OnlineAccount,,,,,,,,,,
http://rdfs.org/sioc/ns#has_moderator,,,,,,,,,,,,,,,,,,,,,,,,,,,,,,,,,,,,,,,,,,,,,,,,,,,,,,,,,,,,http://rdfs.org/sioc/ns#User,,,,,,,,,,
http://rdfs.org/sioc/ns#User,,,,,,,,,,,,,,,,,,,,http://www.hds.utc.fr/mc2.1/tbox#UserAccount,,,,,,,,,,,,,,,,,,,,,,,,,,,,,,,,,,,,,,,,,,,,,,,,,,
http://rdfs.org/sioc/ns#has_owner,,,,,,,,,,,,,,,,,,,,,,,,,,,,,,,,,,,,,,,,,,,,,,,,,,,,,,,,,,,,http://rdfs.org/sioc/ns#User,,,,,,,,,,
http://rdfs.org/sioc/ns#has_parent,,,,,,,,,,,,,,,,,,,,,,,,,,,,,,,,,,,,,,,,,,,,,,,,,,,,,,,,,,,,,,,,http://www.hds.utc.fr/tco/tbox#is_part_of,,,,,,
http://rdfs.org/sioc/ns#shared_by,,,,,,,,,,,,,,,,,,,,,,,,,,,,,,,,,,,,,,,,,,,,,,,,,,,,,,,,,,,,http://xmlns.com/foaf/0.1/OnlineAccount,,,,,,,,,,
http://rdfs.org/sioc/ns#space_of,,,,,,,,,,,,,,,,,,,http://www.hds.utc.fr/mc2.1/tbox#Space,,,,,,,,,,,,,,,,,,,,,,,,,,,,,,,,,,,,,,,,,,,,,,,,,,,
http://www.hds.utc.fr/mc2.1/tbox#UserGroup,,,,,,,,,,,,,,,,,,,,,,,,,,,,,,,,,,,,,,,,,,,,,,,,,,,,,,,,,,,,,,,http://rdfs.org/sioc/ns#Usergroup,,,,,,,
http://www.hds.utc.fr/mc2/tbox#about_modify,,,,,,,,,,,,,,,,,,,http://www.w3.org/ns/prov#Activity,,,,,,,,,,,,,,,,,,,,,,,,,,,,,,,,,,,,,,,,,,,,,,,,,,,
http://www.hds.utc.fr/mc2/tbox#contains_forum_post,,,,,,,,,,,,,,,,,,,,,,,,,,,,,,,,,,,,,,,,,,,,,,,,,,,,,,,,,,,,http://www.hds.utc.fr/mc2/tbox#SimpleResource|http://www.hds.utc.fr/mc2/tbox#Document|http://schema.org/CreativeWork,,,,,,,,,,
http://www.hds.utc.fr/mc2/tbox#create_organization,,,,,,,,,,,,,,,,,,,http://www.w3.org/ns/prov#Activity,,,,,,,,,,,,,,,,,,,,,,,,,,,,,,,,,,,,,,,,,,,,,,,,,,,
http://www.hds.utc.fr/mc2/tbox#hasTarget,,,,,,,,,,,,,,,,,,,http://purl.org/ontology/bibo/Document,,,,,,,,,,,,,,,,,,,,,,,,,,,,,,,,,,,,,,,,,,,,,,,,,,,
http://www.hds.utc.fr/mc2/tbox#has_actor,,,,,,,,,,,,,,,,,,,http://www.hds.utc.fr/mc2sois/tbox#Activity,,,,,,,,,,,,,,,,,,,,,,,,,,,,,,,,,,,,,,,,,,,,,,,,,,,
http://www.hds.utc.fr/mc2/tbox#has_answer,,,,,,,,,,,,,,,,,,,http://www.hds.utc.fr/mc2/tbox#SimpleResource|http://xmlns.com/foaf/0.1/Document,,,,,,,,,,,,,,,,,,,,,,,,,,,,,,,,,,,,,,,,,http://www.hds.utc.fr/mc2/tbox#SimpleResource|http://xmlns.com/foaf/0.1/Document,,,,,,,,,,
http://www.hds.utc.fr/mc2/tbox#has_bag,,,,,,,,,,,,,,,,,,,http://org.semanticweb.owlapi/error#Error3|http://www.hds.utc.fr/tco/tbox#Resource,,,,,,,,,,,,,,,,,,,,,,,,,,,,,,,,,,,,,,,,,http://www.hds.utc.fr/tco/tbox#Resource|_:b8,,,,,,,,,,
http://org.semanticweb.owlapi/error#Error3,,http://www.w3.org/2002/07/owl#Class,,,,,,,,,,,,,,,,,,,,,,,,,,,,,,,,,,,,,,,,,,,,,,,,,,,,,,,,,,,,,http://www.w3.org/2006/vcard/ns#Kind,,,,,,,
http://www.hds.utc.fr/mc2/tbox#has_body_for_annotation,,,,,,,,,,,,,,,,,,,http://www.hds.utc.fr/mc2/tbox#Document|http://xmlns.com/foaf/0.1/Document|http://schema.org/CreativeWork,,,,,,,,,,,,,,,,,,,,,,,,,,,,,,,,,,,,,,,,,http://xmlns.com/foaf/0.1/Document|http://schema.org/CreativeWork,,,,,,,,,,
http://www.hds.utc.fr/mc2/tbox#has_competency,,,,,,,,,,,,,,,,,,,http://purl.org/dc/terms/Agent|http://www.hds.utc.fr/tco/tbox#Person,,,,,,,,,,,,,,,,,,,,,,,,,,,,,,,,,,,,,,,,,,,,,,,,,,,
http://www.hds.utc.fr/mc2/tbox#has_contact,,,,,,,,,,,,,,,,,,,http://purl.org/dc/terms/Agent|http://www.hds.utc.fr/tco/tbox#Person,,,,,,,,,,,,,,,,,,,,,,,,,,,,,,,,,,,,,,,,,http://purl.org/dc/terms/Agent,,,,,,,,,,
http://www.hds.utc.fr/mc2/tbox#has_question,,,,,,,,,,,,,,,,,,,http://www.hds.utc.fr/mc2/tbox#SimpleResource,,,,,,,,,,,,,,,,,,,,,,,,,,,,,,,,,,,,,,,,,http://www.hds.utc.fr/mc2/tbox#SimpleResource,,,,,,,,,,
http://www.hds.utc.fr/mc2/tbox#has_target,,,,,,,,,,,,,,,,,,,http://www.hds.utc.fr/mc2/tbox#Document|http://schema.org/CreativeWork,,,,,,,,,,,,,,,,,,,,,,,,,,,,,,,,,,,,,,,,,,,,,,,,,,,
http://www.hds.utc.fr/mc2/tbox#has_type,,,,,,,,,,,,,,,,,,,http://www.hds.utc.fr/mc2/tbox#SimpleResource,,,,,,,,,,,,,,,,,,,,,,,,,,,,,,,,,,,,,,,,,,,,,,,,,,,
http://www.hds.utc.fr/mc2/tbox#has_user_account,,,,,,,,,,,,,,,,,,,http://xmlns.com/foaf/0.1/Agent,,,,,,,,,,,,,,,,,,,,,,,,,,,,,,,,,,,,,,,,,,,,,,,,,,,
http://www.hds.utc.fr/mc2/tbox#indexed_by,,,,,,,,,,,,,,,,,,,,,,,,,,,,,,,,,,,,,,,,,,,,,,,,,,,,,,,,,,,,http://www.w3.org/ns/prov#Entity,,,,,,,,,,
http://www.hds.utc.fr/mc2/tbox#used,,,,,,,,,,,,,,,,,,,http://www.hds.utc.fr/mc2sois/tbox#Activity,,,,,,,,,,,,,,,,,,,,,,,,,,,,,,,,,,,,,,,,,,,,,,,,,,,
http://www.hds.utc.fr/mc2/tbox#was_generated_by,,,,,,,,,,,,,,,,,,,http://www.w3.org/ns/prov#Entity,,,,,,,,,,,,,,,,,,,,,,,,,,,,,,,,,,,,,,,,,,,,,,,,,,,
http://www.hds.utc.fr/mc2sois/tbox#view_resource,,,,,,,,,,,,,,,,,,,http://purl.org/dc/terms/Agent,,,,,,,,,,,,,,,,,,,,,,,,,,,,,,,,,,,,,,,,,,,,,,,,,,,
http://www.hds.utc.fr/mdo/tbox#is_processed_by,,,,,,,,,,,,,,,,,,,_:b9,,,,,,,,,,,,,,,,,,,,,,,,,,,,,,,,,,,,,,,,,,,,,,,,,,,
http://www.hds.utc.fr/tco/tbox#consists_of,,,,,,,,,,,,,,,,,,,http://www.hds.utc.fr/tco/tbox#Course,,,,,,,,,,,,,,,,,,,,,,,,,,,,,,,,,,,,,,,,,http://www.hds.utc.fr/tco/tbox#Lesson,,,,,,,,,,
http://www.hds.utc.fr/tco/tbox#interacts,,,,,,,,,,,,,,,,,,,http://purl.org/dc/terms/Agent|http://www.hds.utc.fr/mc2/tbox#Agent|http://www.hds.utc.fr/tco/tbox#Person|http://www.hds.utc.fr/mc2/tbox#Person,,,,,,,,,,,,,,,,,,,,,,,,,,,,,,,,,,,,,,,,,,,,,,,,,,,
http://www.hds.utc.fr/mc2/tbox#Person,,,,,,,,,,,,,,,,,,,,http://www.hds.utc.fr/tco/tbox#Person,,,,,,,,,,,,,,,,,,,,,,,,,,,,,,,,,,,,,,,,,,,http://www.hds.utc.fr/tco/tbox#Person,,,,,,,
http://www.hds.utc.fr/tco/tbox#lives_in,,,,,,,,,,,,,,,,,,,http://schema.org/Person|http://www.w3.org/2000/10/swap/pim/contact#Person,,,,,,,,,,,,,,,,,,,,,,,,,,,,,,,,,,,,,,,,,,,,,,,,,,,
http://schema.org/Person,,,,,,,,,,,,,,,,,,,,,,,,,,,,,,,,,,,,,,,,,,,,,,,,,,,,,,,,,,,,,,,http://www.w3.org/ns/prov#Agent,,,,,,,
http://www.w3.org/2000/10/swap/pim/contact#Person,,,,,,,,,,,,,,,,,,,,,,,,,,,,,,,,,,,,,,,,,,,,,,,,,,,,,,,,,,,,,,,http://xmlns.com/foaf/0.1/Person,,,,,,,
http://www.hds.utc.fr/tco/tbox#teaches,,,,,,,,,,,,,,,,,,,http://xmlns.com/foaf/0.1/Agent,,,,,,,,,,,,,,,,,,,,,,,,,,,,,,,,,,,,,,,,,,,,,,,,,,,
http://www.hds.utc.fr/tco/tbox#works_in,,,,,,,,,,,,,,,,,,,http://www.hds.utc.fr/mc2/tbox#Agent|http://www.hds.utc.fr/tco/tbox#Person|http://www.hds.utc.fr/mc2/tbox#Person,,,,,,,,,,,,,,,,,,,,,,,,,,,,,,,,,,,,,,,,,,,,,,,,,,,
http://www.hds.utc.fr/tg/tbox#aboutEducationalTopic,,http://www.w3.org/2002/07/owl#ObjectProperty,,,,,,,,,,,,,,,,,http://www.hds.utc.fr/tg/tbox#COntentKnowledge,,,,,,,,,,,,,,,,,,,,,,,,,,,,,,,,,,,,,,,,,http://www.hds.utc.fr/tg/tbox#EducationalTopic,,,,,,,,,,
http://www.hds.utc.fr/tg/tbox#COntentKnowledge,,http://www.w3.org/2002/07/owl#Class,,,,,,,,,,,,,,,,,,,,,,,,,,,,,,,,,,,,,,,,,,,,,,,,,,,,,,,,,,,,,http://www.hds.utc.fr/tg/tbox#Knowledge,,,,,,,
http://www.hds.utc.fr/tg/tbox#EducationalTopic,,http://www.w3.org/2002/07/owl#Class,,,,,,,,,,,,,,,,,,,,,,,,,,,,,,,,,,,,,,,,,,,,,,,,,,,,,,,,,,,,,,,,,,,,
http://www.hds.utc.fr/tg/tbox#containsGameElement,,http://www.w3.org/2002/07/owl#ObjectProperty|http://www.w3.org/2002/07/owl#TransitiveProperty,,,,,,,,,,,,,,,,,http://www.hds.utc.fr/mc2/tbox#CompositeResource|http://www.hds.utc.fr/tg/tbox#GamifiedResource,,,,,,,,,,,,,,,,,,,,,,,,,,,,,,,,,,,,,,,,,http://www.hds.utc.fr/tg/tbox#GameElementResource,,,,,,,,,,
http://www.hds.utc.fr/tg/tbox#GamifiedResource,,http://www.w3.org/2002/07/owl#Class,,,,,,,,,,,,,,,,,,,,,,,,,,,,,,,,,,,,,,,,,,,,,,,,,,,,,,,,,,,,,http://www.hds.utc.fr/mc2/tbox#CompositeResource,,,,,,,
http://www.hds.utc.fr/tg/tbox#GameElementResource,,http://www.w3.org/2002/07/owl#Class,,,,,,,,,,,,,,,,,,,,,,,,,,,,,,,,,,,,,,,,,,,,,,,,,,,,,,,,,,,,,http://www.hds.utc.fr/mc2/tbox#SimpleResource,,,,,,,
http://www.hds.utc.fr/tg/tbox#designLesson,,http://www.w3.org/2002/07/owl#ObjectProperty,,,,,,,,,,,,,,,,,http://www.hds.utc.fr/tco/tbox#Teacher|http://www.w3.org/2003/01/geo/wgs84_pos#SpatialThing,,,,,,,,,,,,,,,,,,,,,,,,,,,,,,,,,,,,,,,,,http://www.hds.utc.fr/tco/tbox#Lesson,,,,,,,,,,
http://www.hds.utc.fr/tco/tbox#Teacher,,,,,,,,,,,,,,,,,,,,,,,,,,,,,,,,,,,,,,,,,,,,,,,,,,,,,,,,,,,,,,,http://purl.org/dc/terms/Agent,,,,,,,
http://www.hds.utc.fr/tg/tbox#designedWithObjective,,http://www.w3.org/2002/07/owl#ObjectProperty|http://www.w3.org/2002/07/owl#TransitiveProperty,,,,,,,,,,,,,,,,,http://www.hds.utc.fr/tg/tbox#GamifiedResource,,,,,,,,,,,,,,,,,,,,,,,,,,,,,,,,,,,,,,,,,http://www.hds.utc.fr/tg/tbox#Objective,,,,,,,,,,
http://www.hds.utc.fr/tg/tbox#Objective,,http://www.w3.org/2002/07/owl#Class,,,,,,,,,,,,,,,,,,,,,,,,,,,,,,,,,,,,,,,,,,,,,,,,,,,,,,,,,,,,,,,,,,,,
http://www.hds.utc.fr/tg/tbox#hasBehaviouralObjective,,http://www.w3.org/2002/07/owl#ObjectProperty,,,,,,,,,,,,,,,,,http://www.hds.utc.fr/tco/tbox#Teacher,,,,,,,,,,,,,,,,,,,,,,,,,,,,,,,,,,,,,,,,,http://www.hds.utc.fr/tg/tbox#BehaviouralObjective,,,,http://www.hds.utc.fr/tg/tbox#hasObjective,,,,,,
http://www.hds.utc.fr/tg/tbox#hasObjective,,http://www.w3.org/2002/07/owl#ObjectProperty|http://www.w3.org/2002/07/owl#TransitiveProperty,,,,,,,,,,,,,,,,,http://xmlns.com/foaf/0.1/Agent|http://www.hds.utc.fr/tco/tbox#Teacher,,,,,,,,,,,,,,,,,,,,,,,,,,,,,,,,,,,,,,,,,http://www.hds.utc.fr/tg/tbox#Objective,,,,,,,,,,
http://www.hds.utc.fr/tg/tbox#BehaviouralObjective,,http://www.w3.org/2002/07/owl#Class,,,,,,,,,,,,,,,,,,,,,,,,,,,,,,,,,,,,,,,,,,,,,,,objectives the teacher can choose from for each resource to prompt a desired learners’ behaviours when learners interact with that resource.,,,,,,,,,,,,,,http://www.hds.utc.fr/tg/tbox#Objective,,,,,,,
http://www.hds.utc.fr/tg/tbox#hasEducationalTopic,,http://www.w3.org/2002/07/owl#ObjectProperty|http://www.w3.org/2002/07/owl#FunctionalProperty,,,,,,,,,,,,,,,,,,,,,,,,,,,,,,,,,,,,,,,,,,,,,,,,,,,,,,,,,,http://www.hds.utc.fr/tg/tbox#EducationalTopic,,,,,,,,,,
http://www.hds.utc.fr/tg/tbox#hasExperience,,http://www.w3.org/2002/07/owl#ObjectProperty,,,,,,,,,,,,,,,,,http://schema.org/Person|http://www.hds.utc.fr/tco/tbox#Teacher|http://xmlns.com/foaf/0.1/Person,,,,,,,,,,,,,,,,,,,,,,,,,,,,,,,,,,,,,,,,,,,,,,,,,,,
http://www.hds.utc.fr/tg/tbox#hasGamificationExperience,,http://www.w3.org/2002/07/owl#ObjectProperty,,,,,,,,,,,,,,,,,http://www.hds.utc.fr/tco/tbox#Teacher,,,,,,,,,,,,,,,,,,,,,,,,,,,,,,,,,,,,,,,,,http://www.hds.utc.fr/tg/tbox#Experience|http://www.hds.utc.fr/tg/tbox#GamificationExperience,,,,http://www.hds.utc.fr/tg/tbox#hasExperience,,,,,,
http://www.hds.utc.fr/tg/tbox#Experience,,http://www.w3.org/2002/07/owl#Class,,,,,,,,,,,,,,,,,,,,,,,,,,,,,,,,,,,,,,,,,,,,,,,,,,,,,,,,,,,,,,,,,,,,
http://www.hds.utc.fr/tg/tbox#GamificationExperience,,http://www.w3.org/2002/07/owl#Class,,,,,,,,,,,,,,,,,,,,,,,,,,,,,,,,,,,,,,,,,,,,,,,,,,,,,,,,,,,,,http://www.hds.utc.fr/tg/tbox#Experience,,,,,,,
http://www.hds.utc.fr/tg/tbox#hasInputPole,,http://www.w3.org/2002/07/owl#ObjectProperty,,,,,,,,,,,,,,,,,http://www.w3.org/2003/01/geo/wgs84_pos#SpatialThing|http://www.hds.utc.fr/tco/tbox#Learner,,,,,,,,,,,,,,,,,,,,,,,,,,,,,,,,,,,,,,,,,http://www.hds.utc.fr/tg/tbox#InputPole,,,,http://www.hds.utc.fr/tg/tbox#hasLearningStyle,,,,,,
http://www.hds.utc.fr/tg/tbox#hasLearningStyle,,http://www.w3.org/2002/07/owl#ObjectProperty,,,,,,,,,,,,,,,,,http://www.hds.utc.fr/tco/tbox#Learner,,,,,,,,,,,,,,,,,,,,,,,,,,,,,,,,,,,,,,,,,http://www.hds.utc.fr/tg/tbox#LearningStyle,,,,,,,,,,
http://www.hds.utc.fr/tg/tbox#InputPole,,http://www.w3.org/2002/07/owl#Class,,,,,,,,,,,,,,,,,,,,,,,,,,,,,,,,,,,,,,,,,,,,,,,,,,,,,,,,,,,,,,,,,,,,
http://www.hds.utc.fr/tg/tbox#hasKnowledge,,http://www.w3.org/2002/07/owl#ObjectProperty|http://www.w3.org/2002/07/owl#TransitiveProperty,,,,,,,,,,,,,,,,,http://www.w3.org/ns/prov#Agent|http://www.hds.utc.fr/mc2/tbox#Agent|http://www.hds.utc.fr/tco/tbox#Person|http://www.hds.utc.fr/mc2/tbox#Person|http://www.w3.org/2000/10/swap/pim/contact#Person|http://www.hds.utc.fr/tco/tbox#Teacher,,,,,,,,,,,,,,,,,,,,,,,,,,,,,,,,,,,,,,,,,http://www.hds.utc.fr/tg/tbox#Knowledge,,,,,,,,,,
http://www.hds.utc.fr/tg/tbox#Knowledge,,http://www.w3.org/2002/07/owl#Class,,,,,,,,,,,,,,,,,,,,,,,,,,,,,,,,,,,,,,,,,,,,,,,,,,,,,,,,,,,,,,,,,,,,
http://www.hds.utc.fr/tg/tbox#LearningStyle,,http://www.w3.org/2002/07/owl#Class,,,,,,,,,,,,,,,,,,,,,,,,,,,,,,,,,,,,,,,,,,,,,,,,,,,,,,,,,,,,,,,,,,,,
http://www.hds.utc.fr/tg/tbox#hasPedagogicalExperience,,http://www.w3.org/2002/07/owl#ObjectProperty,,,,,,,,,,,,,,,,,,,,,,,,,,,,,,,,,,,,,,,,,,,,,,,,,,,,,,,,,,,,,,http://www.hds.utc.fr/tg/tbox#hasExperience,,,,,,
http://www.hds.utc.fr/tg/tbox#hasPedagogicalObjective,,http://www.w3.org/2002/07/owl#ObjectProperty,,,,,,,,,,,,,,,,,http://www.hds.utc.fr/tco/tbox#Teacher,,,,,,,,,,,,,,,,,,,,,,,,,,,,,,,,,,,,,,,,,http://www.hds.utc.fr/tg/tbox#BehaviouralObjective,,,,http://www.hds.utc.fr/tg/tbox#hasObjective,,,,,,
http://www.hds.utc.fr/tg/tbox#hasPerceptionPole,,http://www.w3.org/2002/07/owl#ObjectProperty,,,,,,,,,,,,,,,,,http://www.w3.org/2000/10/swap/pim/contact#Person|http://www.hds.utc.fr/tco/tbox#Learner,,,,,,,,,,,,,,,,,,,,,,,,,,,,,,,,,,,,,,,,,http://www.hds.utc.fr/tg/tbox#PerceptionPole,,,,http://www.hds.utc.fr/tg/tbox#hasLearningStyle,,,,,,
http://www.hds.utc.fr/tg/tbox#PerceptionPole,,http://www.w3.org/2002/07/owl#Class,,,,,,,,,,,,,,,,,,,,,,,,,,,,,,,,,,,,,,,,,,,,,,,,,,,,,,,,,,,,,,,,,,,,
http://www.hds.utc.fr/tg/tbox#hasPreLesson,,http://www.w3.org/2002/07/owl#ObjectProperty|http://www.w3.org/2002/07/owl#ReflexiveProperty,,,,,,,,,,,,,,,,,http://www.hds.utc.fr/tco/tbox#Lesson,,,,,,,,,,,,,,,,,,,,,,,,,,,,,,,,,,,,,,,,,http://www.hds.utc.fr/tco/tbox#Lesson,,,,,,,,,,
http://www.w3.org/2002/07/owl#ReflexiveProperty,,,,,,,,,,,,,,,,,,,,,,,,,,,,,,,,,,,,,,,,,,,,,,,,,,,,,,,,,,,,,,,http://www.w3.org/1999/02/22-rdf-syntax-ns#Property,,,,,,,
http://www.hds.utc.fr/tg/tbox#hasPreResource,,http://www.w3.org/2002/07/owl#ObjectProperty|http://www.w3.org/2002/07/owl#ReflexiveProperty,,,,,,,,,,,,,,,,,http://www.hds.utc.fr/mc2/tbox#Resource,,,,,,,,,,,,,,,,,,,,,,,,,,,,,,,,,,,,,,,,,http://www.hds.utc.fr/mc2/tbox#Resource,,,,,,,,,,
http://www.hds.utc.fr/tg/tbox#hasProcessingPole,,http://www.w3.org/2002/07/owl#ObjectProperty,,,,,,,,,,,,,,,,,http://www.hds.utc.fr/tco/tbox#Person|http://www.hds.utc.fr/mc2/tbox#Person|http://www.hds.utc.fr/tco/tbox#Learner,,,,,,,,,,,,,,,,,,,,,,,,,,,,,,,,,,,,,,,,,http://www.hds.utc.fr/tg/tbox#ProcessingPole,,,,http://www.hds.utc.fr/tg/tbox#hasLearningStyle,,,,,,
http://www.hds.utc.fr/tg/tbox#ProcessingPole,,http://www.w3.org/2002/07/owl#Class,,,,,,,,,,,,,,,,,,,,,,,,,,,,,,,,,,,,,,,,,,,,,,,,,,,,,,,,,,,,,,,,,,,,
http://www.hds.utc.fr/tg/tbox#hasRelevantGameElement,,http://www.w3.org/2002/07/owl#ObjectProperty,,,,,,,,,,,,,,,,,http://www.hds.utc.fr/tg/tbox#GamifiedResource,,,,,,,,,,,,,,,,,,,,,,,,,,,,,,,,,,,,,,,,,http://www.hds.utc.fr/tg/tbox#GameElementResource,,,,,,,,,,
http://www.hds.utc.fr/tg/tbox#hasTargetAudience,,http://www.w3.org/2002/07/owl#ObjectProperty,,,,,,,,,,,,,,,,,http://www.hds.utc.fr/tco/tbox#Course,,,,,,,,,,,,,,,,,,,,,,,,,,,,,,,,,,,,,,,,,http://www.hds.utc.fr/tg/tbox#Audience,,,,,,,,,,
http://www.hds.utc.fr/tg/tbox#Audience,,http://www.w3.org/2002/07/owl#Class,,,,,,,,,,,,,,,,,,,,,,,,,,,,,,,,,,,,,,,,,,,,,,,,,,,,,,,,,,,,,,,,,,,,
http://www.hds.utc.fr/tg/tbox#hasUnderstandingPole,,http://www.w3.org/2002/07/owl#ObjectProperty,,,,,,,,,,,,,,,,,http://www.w3.org/2000/10/swap/pim/contact#Person|http://www.hds.utc.fr/tco/tbox#Learner,,,,,,,,,,,,,,,,,,,,,,,,,,,,,,,,,,,,,,,,,http://www.hds.utc.fr/tg/tbox#UnderstandingPole,,,,http://www.hds.utc.fr/tg/tbox#hasLearningStyle,,,,,,
http://www.hds.utc.fr/tg/tbox#UnderstandingPole,,http://www.w3.org/2002/07/owl#Class,,,,,,,,,,,,,,,,,,,,,,,,,,,,,,,,,,,,,,,,,,,,,,,,,,,,,,,,,,,,,,,,,,,,
http://www.hds.utc.fr/tg/tbox#has_PlayingStyle,,http://www.w3.org/2002/07/owl#ObjectProperty|http://www.w3.org/2002/07/owl#DatatypeProperty,,,,,,,,,,"the playing style the teacher prefers, it is either ""explorer"", ""achiever"", ""philanthropest"", or ""socializer""",,,,,,,http://www.hds.utc.fr/tco/tbox#Teacher|http://xmlns.com/foaf/0.1/Person,,,,,,,,,,,,,,,,,,,,,,,,,,,,,,,,,,,,,,,,,http://www.w3.org/2001/XMLSchema#string|_:b10,,,,,,,,,,
http://www.w3.org/2002/07/owl#topDataProperty,,http://www.w3.org/2002/07/owl#ObjectProperty,,,,,,,,,,,,,,,,,,,,,,,,,,,,,,,,,,,,,,,,,,,,,,,,,,,,,,,,,,,,,,,,,,,,
http://www.hds.utc.fr/tg/tbox#has_preLesson,,http://www.w3.org/2002/07/owl#ObjectProperty,,,,,,,,,,,,,,,,,,,,,,,,,,,,,,,,,,,,,,,,,,,,,,,,,,,,,,,,,,,,,,,,,,,,
http://www.hds.utc.fr/tg/tbox#isComposedOf,,http://www.w3.org/2002/07/owl#ObjectProperty,,,,,,,,,,,,,,,,,http://www.hds.utc.fr/tg/tbox#Audience,,,,,,,,,,,,,,,,,,,,,,,,,,,,,,,,,,,,,,,,,http://www.hds.utc.fr/tco/tbox#Person,,,,,,,,,,
http://www.hds.utc.fr/tg/tbox#isMoreExpertThan,,http://www.w3.org/2002/07/owl#ObjectProperty,,,,,,,,,,,,,,,,,http://www.hds.utc.fr/tco/tbox#Teacher,,,,,,,,,,,,,,,,,,,,,,,,,,,,,,,,,,,,,,,,,http://www.hds.utc.fr/tco/tbox#Teacher,,,,,,,,,,
http://www.hds.utc.fr/tg/tbox#isRelevantFor,,http://www.w3.org/2002/07/owl#ObjectProperty,,,,,,,,,,,,,,,,,http://www.hds.utc.fr/tg/tbox#GamifiedResource,,,,,,,,,,,,,,,,,,,,,,,,,,,,,,,,,,,,,,,,,http://www.hds.utc.fr/tco/tbox#Teacher,,,,,,,,,,
http://www.hds.utc.fr/tg/tbox#offersCourse,,http://www.w3.org/2002/07/owl#ObjectProperty|http://www.w3.org/2002/07/owl#TransitiveProperty,,,,,,,,,,,,,,,,,http://www.hds.utc.fr/tco/tbox#EducationalInstitution,,,,,,,,,,,,,,,,,,,,,,,,,,,,,,,,,,,,,,,,,http://www.hds.utc.fr/tco/tbox#Course,,,,,,,,,,
http://www.hds.utc.fr/tg/tbox#requiresKnowledge,,http://www.w3.org/2002/07/owl#ObjectProperty,,,,,,,,,,,,,,,,,http://www.hds.utc.fr/tg/tbox#GamificationKnowledge,,,,,,,,,,,,,,,,,,,,,,,,,,,,,,,,,,,,,,,,,http://www.hds.utc.fr/tg/tbox#TechnologicalKnowledge,,,,,,,,,,
http://www.hds.utc.fr/tg/tbox#GamificationKnowledge,,http://www.w3.org/2002/07/owl#Class,,,,,,,,,,,,,,,,,,,,,,,,,,,,,,,,,,,,,,,,,,,,,,,,,,,,,,,,,,,,,http://www.hds.utc.fr/tg/tbox#Knowledge,,,,,,,
http://www.hds.utc.fr/tg/tbox#TechnologicalKnowledge,,http://www.w3.org/2002/07/owl#Class,,,,,,,,,,,,,,,,,,,,,,,,,,,,,,,,,,,,,,,,,,,,,,,,,,,,,,,,,,,,,http://www.hds.utc.fr/tg/tbox#Knowledge,,,,,,,
http://www.w3.org/2006/vcard/ns#adr,,,,,,,,,,,,,,,,,,,,,,,,,,,,,,,,,,,,,,,,,,,,,,,,,,,,,,,,,,,,http://www.w3.org/2006/vcard/ns#Address,,,,,,,,,,
http://www.w3.org/2006/vcard/ns#n,,,,,,,,,,,,,,,,,,,http://org.semanticweb.owlapi/error#Error2|http://www.w3.org/2006/vcard/ns#VCard,,,,,,,,,,,,,,,,,,,,,,,,,,,,,,,,,,,,,,,,,_:b11,,,,,,,,,,
http://org.semanticweb.owlapi/error#Error2,,http://www.w3.org/2002/07/owl#Class,,,,,,,,,,,,,,,,,,,,,,,,,,,,,,,,,,,,,,,,,,,,,,,,,,,,,,,,,,,,,,,,,,,,
http://www.w3.org/ns/prov#wasAssociatedWith,,http://www.w3.org/2002/07/owl#ObjectProperty,,,,,,,,,,,,,,,,,,,,,,,,,,,,,,,,,,,,,,,,,,,,,,,,,,,,,,,,,,http://purl.org/dc/terms/Agent,,,,,,,,,,
http://xmlns.com/foaf/0.1/accountServiceHomepage,,,,,,,,,,,,,,,,,,,,,,,,,,,,,,,,,,,,,,,,,,,,,,,,,,,,,,,,,,,,http://www.hds.utc.fr/tco/tbox#Resource|_:b12,,,,,,,,,,
http://xmlns.com/foaf/0.1/depiction,,,,,,,,,,,,,,,,,,,,,,,,,,,,,,,,,,,,,,,,,,,,,,,,,,,,,,,,,,,,http://purl.org/ontology/bibo/Document|http://purl.org/ontology/bibo/Image,,,,,,,,,,
http://purl.org/ontology/bibo/Image,,http://www.w3.org/2002/07/owl#Class,,,,,,,,,,,,,,,,,,,,,,,,,,,,,,,,,,,,,,,,,,,,,,,,,,,,,,,,,,,,,,,,,,,,
http://schema.org/ImageObject,,,,,,,,,,,,,,,,,,,,,,,,,,,,,,,,,,,,,,,,,,,,,,,,,,,,,,,,,,,,,,,http://www.hds.utc.fr/mc2/tbox#SimpleResource,,,,,,,
http://xmlns.com/foaf/0.1/img,,,,,,,,,,,,,,,,,,,,,,,,,,,,,,,,,,,,,,,,,,,,,,,,,,,,,,,,,,,,http://www.hds.utc.fr/mc2/tbox#Resource,,,,,,,,,,
http://xmlns.com/foaf/0.1/interest,,,,,,,,,,,,,,,,,,,,,,,,,,,,,,,,,,,,,,,,,,,,,,,,,,,,,,,,,,,,http://www.hds.utc.fr/mc2/tbox#Document,,,,,,,,,,
http://xmlns.com/foaf/0.1/isPrimaryTopicOf,,,,,,,,,,,,,,,,,,,,,,,,,,,,,,,,,,,,,,,,,,,,,,,,,,,,,,,,,,,,http://purl.org/ontology/bibo/Document,,,,,,,,,,
http://xmlns.com/foaf/0.1/member,,,,,,,,,,,,,,,,,,,http://purl.org/dc/terms/Agent,,,,,,,,,,,,,,,,,,,,,,,,,,,,,,,,,,,,,,,,,http://purl.org/dc/terms/Agent,,,,,,,,,,
http://xmlns.com/foaf/0.1/thumbnail,,,,,,,,,,,,,,,,,,,http://schema.org/ImageObject,,,,,,,,,,,,,,,,,,,,,,,,,,,,,,,,,,,,,,,,,http://schema.org/ImageObject,,,,,,,,,,
http://xmlns.com/foaf/0.1/workplaceHomepage,,,,,,,,,,,,,,,,,,,http://www.w3.org/2003/01/geo/wgs84_pos#SpatialThing,,,,,,,,,,,,,,,,,,,,,,,,,,,,,,,,,,,,,,,,,http://www.hds.utc.fr/mc2/tbox#Resource,,,,,,,,,,
http://www.hds.utc.fr/mc2/tbox#has_EndDate,,,,,,,,,,,,,,,,,,,http://www.hds.utc.fr/mc2/tbox#Resource,,,,,,,,,,,,,,,,,,,,,,,,,,,,,,,,,,,,,,,,,,,,,,,,,,,
http://www.hds.utc.fr/tg/tbox#experienceLevel,,http://www.w3.org/2002/07/owl#DatatypeProperty,,,,,,,,,,,,,,Representes the numeric value equivaent to the teache's gamification experience level,,,http://www.hds.utc.fr/tco/tbox#Teacher,,,,,,,,,,,,,,,,,,,,,,,,,,,,,,,,,,,,,,,,,http://www.w3.org/2001/XMLSchema#unsignedInt,,,,,,,,,,
http://www.hds.utc.fr/tg/tbox#hasName,,http://www.w3.org/2002/07/owl#DatatypeProperty,,,,,,,,,,,,,,,,,http://www.hds.utc.fr/mc2/tbox#Resource,,,,,,,,,,,,,,,,,,,,,,,,,,,,,,,,,,,,,,,,,http://www.w3.org/2001/XMLSchema#string,,,,,,,,,,
http://www.hds.utc.fr/tg/tbox#hasPaymentPreference,has_PaymentPreference,http://www.w3.org/2002/07/owl#DatatypeProperty,,,,,,,,,,"The course is targeted for audience who have payment preference of either ""free of charge"" or ""with charge""",,,,,,,http://www.hds.utc.fr/tg/tbox#Audience,,,,,,,,,,,,,,,,,,,,,,,,,,,,,,,,,,,,,,,,,http://www.w3.org/2001/XMLSchema#string,,,,,,,,,,
http://www.hds.utc.fr/tg/tbox#has_EducationalLevel,has_EducationalLevel,http://www.w3.org/2002/07/owl#DatatypeProperty,,,,,,,,,,"The targeted audience of a targeted course has targeted educational level to be beginner, intermefdiate, or advanced",,,,,,,http://www.hds.utc.fr/tg/tbox#Audience,,,,,,,,,,,,,,,,,,,,,,,,,,,,,,,,,,,,,,,,,http://www.w3.org/2001/XMLSchema#string,,,,,,,,,,
http://www.hds.utc.fr/tg/tbox#has_Experience_Level,,http://www.w3.org/2002/07/owl#DatatypeProperty,,,,,,,,,,,,,,,,,http://www.hds.utc.fr/tco/tbox#Teacher,,,,,,,,,,,,,,,,,,,,,,,,,,,,,,,,,,,,,,,,,http://www.w3.org/2000/01/rdf-schema#Literal,,,,,,,,,,
http://www.hds.utc.fr/tg/tbox#has_LearningPace,has_LearningPace,http://www.w3.org/2002/07/owl#DatatypeProperty,,,,,,,,,,Whether it is flexible or has certain deadlines,,,,,,,http://www.hds.utc.fr/tco/tbox#Course,,,,,,,,,,,,,,,,,,,,,,,,,,,,,,,,,,,,,,,,,http://www.w3.org/2001/XMLSchema#nonNegativeInteger,,,,,,,,,,
http://www.hds.utc.fr/tg/tbox#has_Priority,,http://www.w3.org/2002/07/owl#DatatypeProperty,,,,,,,,,,,,,,,,,http://www.hds.utc.fr/tg/tbox#GamifiedResource,,,,,,,,,,,,,,,,,,,,,,,,,,,,,,,,,,,,,,,,,http://www.w3.org/2001/XMLSchema#string,,,,,,"has priority to either essential or bonus to be accessed by the learner.
This priority is decided by the teacher for the resource.",,,,
http://www.hds.utc.fr/tg/tbox#has_Purpose,,http://www.w3.org/2002/07/owl#DatatypeProperty,,,,,,,,,,"the teacher defines the purpose of the resource as either for ""lecturing"" or for ""assessment""",,,,,,,http://www.hds.utc.fr/tg/tbox#GamifiedResource,,,,,,,,,,,,,,,,,,,,,,,,,,,,,,,,,,,,,,,,,http://www.w3.org/2001/XMLSchema#string,,,,,,,,,,
http://www.hds.utc.fr/tg/tbox#has_Rating,,http://www.w3.org/2002/07/owl#DatatypeProperty,,,,,,,,,,rating of course from 0 to 5.,,,,,,,http://www.hds.utc.fr/tco/tbox#Course,,,,,,,,,,,,,,,,,,,,,,,,,,,,,,,,,,,,,,,,,http://www.w3.org/2001/XMLSchema#nonNegativeInteger,,,,,,,,,,
http://www.hds.utc.fr/tg/tbox#has_TeachingLanguage,,http://www.w3.org/2002/07/owl#DatatypeProperty,,,,,,,,,,the original language inwhich the course is created with,,,,,,,http://www.hds.utc.fr/tco/tbox#Course,,,,,,,,,,,,,,,,,,,,,,,,,,,,,,,,,,,,,,,,,http://www.w3.org/2001/XMLSchema#string,,,,,,,,,,
http://www.hds.utc.fr/tg/tbox#has_TotalCompletionHours,,http://www.w3.org/2002/07/owl#DatatypeProperty,,,,,,,,,,Number of hours for completing the course,,,,,,,http://www.hds.utc.fr/tco/tbox#Course,,,,,,,,,,,,,,,,,,,,,,,,,,,,,,,,,,,,,,,,,http://www.w3.org/2001/XMLSchema#nonNegativeInteger,,,,,,,,,,
http://www.hds.utc.fr/tg/tbox#has_TotalEnrollment,,http://www.w3.org/2002/07/owl#DatatypeProperty,,,,,,,,,,total number of learners enrolled to the course throughout the years,,,,,,,http://www.hds.utc.fr/tco/tbox#Course,,,,,,,,,,,,,,,,,,,,,,,,,,,,,,,,,,,,,,,,,http://www.w3.org/2001/XMLSchema#nonNegativeInteger,,,,,,,,,,
http://www.hds.utc.fr/tg/tbox#has_TranslationLanguage,,http://www.w3.org/2002/07/owl#DatatypeProperty,,,,,,,,,,language for the transcript of the course's resources,,,,,,,http://www.hds.utc.fr/tco/tbox#Course,,,,,,,,,,,,,,,,,,,,,,,,,,,,,,,,,,,,,,,,,http://www.w3.org/2001/XMLSchema#string,,,,,,,,,,
http://www.hds.utc.fr/tg/tbox#has_URL,,http://www.w3.org/2002/07/owl#DatatypeProperty,,,,,,,,,,"the url of the game elment where it can be downloaded. In addition, this url contains information of the game elemnt.",,,,,,,http://www.hds.utc.fr/mc2/tbox#SimpleResource|http://www.hds.utc.fr/tg/tbox#GameElementResource,,,,,,,,,,,,,,,,,,,,,,,,,,,,,,,,,,,,,,,,,http://www.w3.org/2001/XMLSchema#anyURI,,,,,,,,,,
http://www.hds.utc.fr/tg/tbox#has_description,,http://www.w3.org/2002/07/owl#DatatypeProperty|http://www.w3.org/2002/07/owl#FunctionalProperty,,,,,,,,,,brief description of the game element purpose,,,,,,,http://www.hds.utc.fr/tg/tbox#GameElementResource,,,,,,,,,,,,,,,,,,,,,,,,,,,,,,,,,,,,,,,,,http://www.w3.org/2001/XMLSchema#string,,,,,,,,,,
http://www.hds.utc.fr/tg/tbox#has_duration,,http://www.w3.org/2002/07/owl#DatatypeProperty,,,,,,,,,,The duration in minutes of a single resource,,,,,,,http://www.hds.utc.fr/mc2/tbox#Resource,,,,,,,,,,,,,,,,,,,,,,,,,,,,,,,,,,,,,,,,,http://www.w3.org/2001/XMLSchema#nonNegativeInteger,,,,,,,,,,
http://www.hds.utc.fr/tg/tbox#has_latestRelease,,http://www.w3.org/2002/07/owl#DatatypeProperty,,,,,,,,,,the number of weeks since the latest release of the game element version,,,,,,,http://www.hds.utc.fr/tg/tbox#GameElementResource,,,,,,,,,,,,,,,,,,,,,,,,,,,,,,,,,,,,,,,,,http://www.w3.org/2001/XMLSchema#nonNegativeInteger,,,,,,,,,,
http://www.hds.utc.fr/tg/tbox#has_latestVersion,,http://www.w3.org/2002/07/owl#DatatypeProperty,,,,,,,,,,the latest version released for this game element,,,,,,,http://www.hds.utc.fr/tg/tbox#GameElementResource,,,,,,,,,,,,,,,,,,,,,,,,,,,,,,,,,,,,,,,,,http://www.w3.org/2001/XMLSchema#string,,,,,,,,,,
http://www.hds.utc.fr/tg/tbox#has_title,,http://www.w3.org/2002/07/owl#DatatypeProperty,,,,,,,,,,the title of the game element,,,,,,,http://www.hds.utc.fr/tg/tbox#GameElementResource,,,,,,,,,,,,,,,,,,,,,,,,,,,,,,,,,,,,,,,,,http://www.w3.org/2001/XMLSchema#string,,,,,,,,,,
http://www.hds.utc.fr/tg/tbox#has_totalDownloads,,http://www.w3.org/2002/07/owl#DatatypeProperty,,,,,,,,,,Total number of downloads done for this game elemnent,,,,,,,http://www.hds.utc.fr/tg/tbox#GameElementResource,,,,,,,,,,,,,,,,,,,,,,,,,,,,,,,,,,,,,,,,,http://www.w3.org/2001/XMLSchema#nonNegativeInteger,,,,,,,,,,
http://www.hds.utc.fr/tg/tbox#has_totalLikes,,http://www.w3.org/2002/07/owl#DatatypeProperty,,,,,,,,,,Total number of likes granted for this game element,,,,,,,http://www.hds.utc.fr/tg/tbox#GameElementResource,,,,,,,,,,,,,,,,,,,,,,,,,,,,,,,,,,,,,,,,,http://www.w3.org/2001/XMLSchema#nonNegativeInteger,,,,,,,,,,
http://www.hds.utc.fr/tg/tbox#has_totalSites,,http://www.w3.org/2002/07/owl#DatatypeProperty,,,,,,,,,,total websites that have sited/integrated this game element,,,,,,,http://www.hds.utc.fr/tg/tbox#GameElementResource,,,,,,,,,,,,,,,,,,,,,,,,,,,,,,,,,,,,,,,,,http://www.w3.org/2001/XMLSchema#nonNegativeInteger,,,,,,,,,,
http://www.hds.utc.fr/tg/tbox#hasgamificationExperienceLevel,,http://www.w3.org/2002/07/owl#DatatypeProperty,,,,,,,,,,,,,,,,,http://www.hds.utc.fr/tg/tbox#GamificationExperience,,,,,,,,,,,,,,,,,,,,,,,,,,,,,,,,,,,,,,,,,http://www.w3.org/2000/01/rdf-schema#Literal,,,,,,,,,,
http://www.hds.utc.fr/tg/tbox#indexKey,,http://www.w3.org/2002/07/owl#DatatypeProperty,,,,,,,,,,,,,,,,,http://www.hds.utc.fr/tco/tbox#Resource,,,,,,,,,,,,,,,,,,,,,,,,,,,,,,,,,,,,,,,,,,,,,http://www.hds.utc.fr/mc2/tbox#has_Place,,,,,,
http://purl.org/ontology/bibo/AcademicArticle,,http://www.w3.org/2002/07/owl#Class,,,,,,,,,,,,,,,,,,,,,,,,,,,,,,,,,,,,,,,,,,,,,,,,,,,,,,,,,,,,,http://schema.org/CreativeWork,,,,,,,
http://purl.org/ontology/bibo/Bill,,http://www.w3.org/2002/07/owl#Class,,,,,,,,,,,,,,,,,,,,,,,,,,,,,,,,,,,,,,,,,,,,,,,,,,,,,,,,,,,,,http://org.semanticweb.owlapi/error#Error1|http://www.hds.utc.fr/tco/tbox#Resource,,,,,,,
http://purl.org/ontology/bibo/EditedBook,,http://www.w3.org/2002/07/owl#Class,,,,,,,,,,,,,,,,,,,,,,,,,,,,,,,,,,,,,,,,,,,,,,,,,,,,,,,,,,,,,http://www.hds.utc.fr/mc2/tbox#Resource,,,,,,,
http://purl.org/ontology/bibo/Film,,http://www.w3.org/2002/07/owl#Class,,,,,,,,,,,,,,,,,,,,,,,,,,,,,,,,,,,,,,,,,,,,,,,,,,,,,,,,,,,,,http://www.hds.utc.fr/mc2/tbox#Document|http://schema.org/CreativeWork,,,,,,,
http://purl.org/ontology/bibo/LegalDecision,,http://www.w3.org/2002/07/owl#Class,,,,,,,,,,,,,,,,,,,,,,,,,,,,,,,,,,,,,,,,,,,,,,,,,,,,,,,,,,,,,http://purl.org/ontology/bibo/LegalDocument,,,,,,,
http://purl.org/ontology/bibo/LegalDocument,,http://www.w3.org/2002/07/owl#Class,,,,,,,,,,,,,,,,,,,,,,,,,,,,,,,,,,,,,,,,,,,,,,,,,,,,,,,,,,,,,http://www.hds.utc.fr/mc2/tbox#Document,,,,,,,
http://purl.org/ontology/bibo/Manuscript,,http://www.w3.org/2002/07/owl#Class,,,,,,,,,,,,,,,,,,,,,,,,,,,,,,,,,,,,,,,,,,,,,,,,,,,,,,,,,,,,,http://schema.org/CreativeWork,,,,,,,
http://purl.org/ontology/bibo/Map,,http://www.w3.org/2002/07/owl#Class,,,,,,,,,,,,,,,,,,,,,,,,,,,,,,,,,,,,,,,,,,,,,,,,,,,,,,,,,,,,,http://xmlns.com/foaf/0.1/Image,,,,,,,
http://xmlns.com/foaf/0.1/Image,,,,,,,,,,,,,,,,,,,,,,,,,,,,,,,,,,,,,,,,,,,,,,,,,,,,,,,,,,,,,,,http://www.hds.utc.fr/mc2/tbox#Document,,,,,,,
http://purl.org/ontology/bibo/Slide,,http://www.w3.org/2002/07/owl#Class,,,,,,,,,,,,,,,,,,,,,,,,,,,,,,,,,,,,,,,,,,,,,,,,,,,,,,,,,,,,,http://purl.org/ontology/bibo/Document,,,,,,,
http://purl.org/ontology/bibo/Thesis,,http://www.w3.org/2002/07/owl#Class,,,,,,,,,,,,,,,,,,,,,,,,,,,,,,,,,,,,,,,,,,,,,,,,,,,,,,,,,,,,,http://www.hds.utc.fr/mc2/tbox#Resource,,,,,,,
http://www.hds.utc.fr/mc2/tbox#Annotation,,,,,,,,,,,,,,,,,,,,,,,,,,,,,,,,,,,,,,,,,,,,,,,,,,,,,,,,,,,,,,,http://www.hds.utc.fr/mc2/tbox#Resource,,,,,,,
http://www.hds.utc.fr/mc2/tbox#Chat,,,,,,,,,,,,,,,,,,,,,,,,,,,,,,,,,,,,,,,,,,,,,,,,,,,,,,,,,,,,,,,http://www.hds.utc.fr/mc2/tbox#Resource,,,,,,,
http://www.hds.utc.fr/mc2/tbox#CreateResourceActivity,,,,,,,,,,,,,,,,,,,,,,,,,,,,,,,,,,,,,,,,,,,,,,,,,,,,,,,,,,,,,,,http://www.hds.utc.fr/mc2sois/tbox#Activity,,,,,,,
http://www.hds.utc.fr/mc2/tbox#CreateUser,,,,,,,,,,,,,,,,,,,,,,,,,,,,,,,,,,,,,,,,,,,,,,,,,,,,,,,,,,,,,,,http://www.hds.utc.fr/mc2.1/tbox#Activity,,,,,,,
http://www.hds.utc.fr/mc2/tbox#DeleteResourceActivity,,,,,,,,,,,,,,,,,,,,,,,,,,,,,,,,,,,,,,,,,,,,,,,,,,,,,,,,,,,,,,,http://www.hds.utc.fr/mc2sois/tbox#Activity,,,,,,,
http://www.hds.utc.fr/mc2/tbox#RDV,,,,,,,,,,,,,,,,,,,,,,,,,,,,,,,,,,,,,,,,,,,,,,,,,,,,,,,,,,,,,,,http://org.semanticweb.owlapi/error#Error1|http://www.hds.utc.fr/tco/tbox#Resource,,,,,,,
http://www.hds.utc.fr/mc2/tbox#Vcard,,,,,,,,,,,,,,,,,,,,,,,,,,,,,,,,,,,,,,,,,,,,,,,,,,,,,,,,,,,,,,,http://www.w3.org/2006/vcard/ns#Kind,,,,,,,
http://www.hds.utc.fr/tg/tbox#Achievement,,http://www.w3.org/2002/07/owl#Class,,,,,,,,,,,,,,,,,,,,,,,,,,,,,,,,,,,,,,,,,,,,,,,,,,,,,,,,,,,,,http://www.hds.utc.fr/tg/tbox#GameElementResource,,,,,,,
http://www.hds.utc.fr/tg/tbox#Active,,http://www.w3.org/2002/07/owl#Class,,,,,,,,,,,,,,,,http://www.hds.utc.fr/tg/tbox#Reflective,,,,,,,,,,,,,,,,,,,,,,,,,,,,,,,,,,,,,,,,,,,,,http://www.hds.utc.fr/tg/tbox#ProcessingPole,,,,,,,
http://www.hds.utc.fr/tg/tbox#Reflective,,http://www.w3.org/2002/07/owl#Class,,,,,,,,,,,,,,,,,,,,,,,,,,,,,,,,,,,,,,,,,,,,,,,,,,,,,,,,,,,,,http://www.hds.utc.fr/tg/tbox#ProcessingPole,,,,,,,
http://www.hds.utc.fr/tg/tbox#Badge,,http://www.w3.org/2002/07/owl#Class,,,,,,,,,,,,,,,,,,,,,,,,,,,,,,,,,,,,,,,,,,,,,,,,,,,,,,,,,,,,,http://www.hds.utc.fr/tg/tbox#GameElementResource,,,,,,,
http://www.hds.utc.fr/tg/tbox#BonusPoints,,http://www.w3.org/2002/07/owl#Class,,,,,,,,,,,,,,,,,,,,,,,,,,,,,,,,,,,,,,,,,,,,,,,,,,,,,,,,,,,,,http://www.hds.utc.fr/tg/tbox#Points,,,,,,,
http://www.hds.utc.fr/tg/tbox#Points,,http://www.w3.org/2002/07/owl#Class,,,,,,,,,,,,,,,,,,,,,,,,,,,,,,,,,,,,,,,,,,,,,,,,,,,,,,,,,,,,,http://www.hds.utc.fr/tg/tbox#GameElementResource,,,,,,,
http://www.hds.utc.fr/tg/tbox#BonusPointsLeaderboard,,http://www.w3.org/2002/07/owl#Class,,,,,,,,,,,,,,,,,,,,,,,,,,,,,,,,,,,,,,,,,,,,,,,,,,,,,,,,,,,,,http://www.hds.utc.fr/tg/tbox#Leaderboard,,,,,,,
http://www.hds.utc.fr/tg/tbox#Leaderboard,,http://www.w3.org/2002/07/owl#Class,,,,,,,,,,,,,,,,,,,,,,,,,,,,,,,,,,,,,,,,,,,,,,,,,,,,,,,,,,,,,http://www.hds.utc.fr/tg/tbox#GameElementResource,,,,,,,
http://www.hds.utc.fr/tg/tbox#Challenge,,http://www.w3.org/2002/07/owl#Class,,,,,,,,,,,,,,,,,,,,,,,,,,,,,,,,,,,,,,,,,,,,,,,,,,,,,,,,,,,,,http://www.hds.utc.fr/tg/tbox#GameElementResource,,,,,,,
http://www.hds.utc.fr/tg/tbox#ExperiencePoints,,http://www.w3.org/2002/07/owl#Class,,,,,,,,,,,,,,,,,,,,,,,,,,,,,,,,,,,,,,,,,,,,,,,,,,,,,,,,,,,,,http://www.hds.utc.fr/mc2/tbox#SimpleResource|http://www.hds.utc.fr/tg/tbox#Points,,,,,,,
http://www.hds.utc.fr/tg/tbox#ExperiencePointsLeaderboard,,http://www.w3.org/2002/07/owl#Class,,,,,,,,,,,,,,,,,,,,,,,,,,,,,,,,,,,,,,,,,,,,,,,,,,,,,,,,,,,,,http://www.hds.utc.fr/mc2/tbox#SimpleResource|http://www.hds.utc.fr/tg/tbox#Leaderboard,,,,,,,
http://www.hds.utc.fr/tg/tbox#Feedback,,http://www.w3.org/2002/07/owl#Class,,,,,,,,,,,,,,,,,,,,,,,,,,,,,,,,,,,,,,,,,,,,,,,,,,,,,,,,,,,,,http://www.hds.utc.fr/tg/tbox#GameElementResource,,,,,,,
http://www.hds.utc.fr/tg/tbox#Global,,http://www.w3.org/2002/07/owl#Class,,,,,,,,,,,,,,,,http://www.hds.utc.fr/tg/tbox#Sequential,,,,,,,,,,,,,,,,,,,,,,,,,,,,,,,,,,,,,,,,,,,,,http://www.hds.utc.fr/tg/tbox#UnderstandingPole,,,,,,,
http://www.hds.utc.fr/tg/tbox#Sequential,,http://www.w3.org/2002/07/owl#Class,,,,,,,,,,,,,,,,,,,,,,,,,,,,,,,,,,,,,,,,,,,,,,,,,,,,,,,,,,,,,http://www.hds.utc.fr/tg/tbox#UnderstandingPole,,,,,,,
http://www.hds.utc.fr/tg/tbox#Hint,,http://www.w3.org/2002/07/owl#Class,,,,,,,,,,,,,,,,,,,,,,,,,,,,,,,,,,,,,,,,,,,,,,,,,,,,,,,,,,,,,http://www.hds.utc.fr/tg/tbox#GameElementResource,,,,,,,
http://www.hds.utc.fr/tg/tbox#Intuitive,,http://www.w3.org/2002/07/owl#Class,,,,,,,,,,,,,,,,http://www.hds.utc.fr/tg/tbox#Sensitive,,,,,,,,,,,,,,,,,,,,,,,,,,,,,,,,,,,,,,,,,,,,,http://www.hds.utc.fr/tg/tbox#PerceptionPole,,,,,,,
http://www.hds.utc.fr/tg/tbox#Sensitive,,http://www.w3.org/2002/07/owl#Class,,,,,,,,,,,,,,,,,,,,,,,,,,,,,,,,,,,,,,,,,,,,,,,,,,,,,,,,,,,,,http://www.hds.utc.fr/tg/tbox#PerceptionPole,,,,,,,
http://www.hds.utc.fr/tg/tbox#Level,,http://www.w3.org/2002/07/owl#Class,,,,,,,,,,,,,,,,,,,,,,,,,,,,,,,,,,,,,,,,,,,,,,,,,,,,,,,,,,,,,http://www.hds.utc.fr/tg/tbox#GameElementResource,,,,,,,
http://www.hds.utc.fr/tg/tbox#PedagogicalExperience,,http://www.w3.org/2002/07/owl#Class,,,,,,,,,,,,,,,,,,,,,,,,,,,,,,,,,,,,,,,,,,,,,,,,,,,,,,,,,,,,,http://www.hds.utc.fr/tg/tbox#Experience,,,,,,,
http://www.hds.utc.fr/tg/tbox#PedagogicalKnowledge,,http://www.w3.org/2002/07/owl#Class,,,,,,,,,,,,,,,,,,,,,,,,,,,,,,,,,,,,,,,,,,,,,,,,,,,,,,,,,,,,,http://www.hds.utc.fr/tg/tbox#Knowledge,,,,,,,
http://www.hds.utc.fr/tg/tbox#PedagogicalObjective,,http://www.w3.org/2002/07/owl#Class,,,,,,,,,,,,,,,,,,,,,,,,,,,,,,,,,,,,,,,,,,,,,,,,,,,,,,,,,,,,,http://www.hds.utc.fr/tg/tbox#Objective,,,,,,,
http://www.hds.utc.fr/tg/tbox#ProgressBar,,http://www.w3.org/2002/07/owl#Class,,,,,,,,,,,,,,,,,,,,,,,,,,,,,,,,,,,,,,,,,,,,,,,,,,,,,,,,,,,,,http://www.hds.utc.fr/tg/tbox#GameElementResource,,,,,,,
http://www.hds.utc.fr/tg/tbox#Reward,,http://www.w3.org/2002/07/owl#Class,,,,,,,,,,,,,,,,,,,,,,,,,,,,,,,,,,,,,,,,,,,,,,,,,,,,,,,,,,,,,http://www.hds.utc.fr/tg/tbox#GameElementResource,,,,,,,
http://www.hds.utc.fr/tg/tbox#ScorePoints,,http://www.w3.org/2002/07/owl#Class,,,,,,,,,,,,,,,,,,,,,,,,,,,,,,,,,,,,,,,,,,,,,,,,,,,,,,,,,,,,,http://www.hds.utc.fr/tg/tbox#Points,,,,,,,
http://www.hds.utc.fr/tg/tbox#ScorePointsLeaderboard,,http://www.w3.org/2002/07/owl#Class,,,,,,,,,,,,,,,,,,,,,,,,,,,,,,,,,,,,,,,,,,,,,,,,,,,,,,,,,,,,,http://www.hds.utc.fr/tg/tbox#Leaderboard,,,,,,,
http://www.hds.utc.fr/tg/tbox#SocialPoints,,http://www.w3.org/2002/07/owl#Class,,,,,,,,,,,,,,,,,,,,,,,,,,,,,,,,,,,,,,,,,,,,,,,,,,,,,,,,,,,,,http://www.hds.utc.fr/tg/tbox#Points,,,,,,,
http://www.hds.utc.fr/tg/tbox#SocialPointsLeaderboard,,http://www.w3.org/2002/07/owl#Class,,,,,,,,,,,,,,,,,,,,,,,,,,,,,,,,,,,,,,,,,,,,,,,,,,,,,,,,,,,,,http://www.hds.utc.fr/tg/tbox#Leaderboard,,,,,,,
http://www.hds.utc.fr/tg/tbox#Story,,http://www.w3.org/2002/07/owl#Class,,,,,,,,,,,,,,,,,,,,,,,,,,,,,,,,,,,,,,,,,,,,,,,,,,,,,,,,,,,,,http://www.hds.utc.fr/tg/tbox#GameElementResource,,,,,,,
http://www.hds.utc.fr/tg/tbox#Timer,,http://www.w3.org/2002/07/owl#Class,,,,,,,,,,,,,,,,,,,,,,,,,,,,,,,,,,,,,,,,,,,,,,,,,,,,,,,,,,,,,http://www.hds.utc.fr/tg/tbox#GameElementResource,,,,,,,
http://www.hds.utc.fr/tg/tbox#Verbal,,http://www.w3.org/2002/07/owl#Class,,,,,,,,,,,,,,,,http://www.hds.utc.fr/tg/tbox#Visual,,,,,,,,,,,,,,,,,,,,,,,,,,,,,,,,,,,,,,,,,,,,,http://www.hds.utc.fr/tg/tbox#InputPole,,,,,,,
http://www.hds.utc.fr/tg/tbox#Visual,,http://www.w3.org/2002/07/owl#Class,,,,,,,,,,,,,,,,,,,,,,,,,,,,,,,,,,,,,,,,,,,,,,,,,,,,,,,,,,,,,http://www.hds.utc.fr/tg/tbox#InputPole,,,,,,,
http://www.hds.utc.fr/tg/tbox#onlineCourse,,http://www.w3.org/2002/07/owl#Class,,,,,,,,,,,,,,,,,,,,,,,,,,,,,,,,,,,,,,,,,,,,,,,,,,,,,,,,,,,,,http://www.hds.utc.fr/tco/tbox#Course,,,,,,,
http://www.w3.org/ns/sosa/ObservableProperty,,,,,,,,,,,,,,,,,,,,,,,,,,,,,,,,,,,,,,,,,,,,,,,,,,,,,,,,,,,,,,,_:b13,,,,,,,
http://www.w3.org/ns/sosa/Sampler,,,,,,,,,,,,,,,,,,,,,,,,,,,,,,,,,,,,,,,,,,,,,,,,,,,,,,,,,,,,,,,_:b14,,,,,,,
http://xmlns.com/foaf/0.1/Group,,,,,,,,,,,,,,,,,,,,,,,,,,,,,,,,,,,,,,,,,,,,,,,,,,,,,,,,,,,,,,,http://www.hds.utc.fr/mc2/tbox#Group,,,,,,,
http://purl.org/ontology/bibo/fgiasson,,http://www.w3.org/2002/07/owl#NamedIndividual|http://purl.org/dc/terms/Agent,,,,,,,,,,,,,,,,,,,,,,,,,,,,,,,,,,,,,,,,,,,,,,,,,,,,,,,,,,,,,,,,,,,,
http://www.hds.utc.fr/tg/abox#Motrain,,http://www.w3.org/2002/07/owl#NamedIndividual|http://www.hds.utc.fr/tg/tbox#GameElementResource,,,,,,,,,,,,,,,,,,,,,,,,,,,,,,,,,,http://www.hds.utc.fr/tg/tbox#RF_GE_Motrain,,,,,,,,,,,,,,,,,,,,,,,,,,,,,,,,,,
http://www.hds.utc.fr/tg/tbox#RF_GE_Motrain,,http://www.w3.org/2002/07/owl#NamedIndividual|http://www.hds.utc.fr/mc2sois/tbox#ReferenceKey,,,,,,,,,,,,,,,,,,,,,,,,,,,,,,,,,,,,,,,,,,,,http://www.hds.utc.fr/tg/tbox#IK_GE_Motrain,,,,,,,,,,,,,,,,,,,,,,,,
http://www.hds.utc.fr/tg/abox#Task_about_Class_Methods_and_Constructors,,http://www.w3.org/2002/07/owl#NamedIndividual|http://www.hds.utc.fr/tg/tbox#GamifiedResource,,,,,,,,,,,,,,,,,,,,,,,,http://www.hds.utc.fr/tg/tbox#Static_Keyword,,,,,,,,,,http://www.hds.utc.fr/tg/tbox#RFK_L3_R5,,,,,,,,,,,,,,,,,,,,,,,,,,,,,,,,,,
http://www.hds.utc.fr/tg/tbox#RFK_L3_R5,,http://www.w3.org/2002/07/owl#NamedIndividual|http://www.hds.utc.fr/mc2sois/tbox#ReferenceKey,,,,,,,,,,,,,,,,,,,,,,,,,,,,,,,,,,,,,,,,,,,,http://www.hds.utc.fr/tg/tbox#TaskJavaClassesMethod,,,,,,,,,,,,,,,,,,,,,,,,
http://www.hds.utc.fr/tg/tbox#Static_Keyword,,http://www.w3.org/2002/07/owl#NamedIndividual|http://www.hds.utc.fr/tg/tbox#GamifiedResource,,,,,,,,,,,,,,,,,,,,,,,,http://www.hds.utc.fr/tg/tbox#This_Keyword,,,,,,,,,,http://www.hds.utc.fr/tg/tbox#RFK_L3_R4,,,,,,,,,,,,,,,,,,,,,,,,,,,,,,,,,,
http://www.hds.utc.fr/tg/tbox#Access_Modifiers,,http://www.w3.org/2002/07/owl#NamedIndividual|http://www.hds.utc.fr/tg/tbox#GamifiedResource,,,,,,,,,,,,,,,,,,,,,,,,http://www.hds.utc.fr/tg/tbox#Packages,,,,,,,,,,http://www.hds.utc.fr/tg/tbox#RFK_L2_R5,,,,,,,,,,,,,,,,,,,,,,,,,,,,,,,,,,
http://www.hds.utc.fr/tg/tbox#RFK_L2_R5,,http://www.w3.org/2002/07/owl#NamedIndividual|http://www.hds.utc.fr/mc2sois/tbox#ReferenceKey,,,,,,,,,,,,,,,,,,,,,,,,,,,,,,,,,,,,,,,,,,,,http://www.hds.utc.fr/tg/tbox#JavaAccessModifiers,,,,,,,,,,,,,,,,,,,,,,,,
http://www.hds.utc.fr/tg/tbox#Packages,,http://www.w3.org/2002/07/owl#NamedIndividual|http://www.hds.utc.fr/tg/tbox#GamifiedResource,,,,,,,,,,,,,,,,,,,,,,,,http://www.hds.utc.fr/tg/tbox#Array_of_instances,,,,,,,,,,http://www.hds.utc.fr/tg/tbox#RFK_L2_R4,,,,,,,,,,,,,,,,,,,,,,,,,,,,,,,,,,
http://www.hds.utc.fr/tg/tbox#Access_Resource_No.340,,http://www.w3.org/2002/07/owl#NamedIndividual|http://www.hds.utc.fr/mc2/tbox#AccessResourceActivity,,,,,,,,,,,,,,,,,,,,,,,,,,,,,,,,,,,,,,,,,,,,,,,,,,,,,,,,,,,,,,,,,,,,
http://www.hds.utc.fr/tg/tbox#Adam,,http://www.w3.org/2002/07/owl#NamedIndividual|http://www.w3.org/2000/10/swap/pim/contact#Person|http://www.hds.utc.fr/tco/tbox#Teacher,,,,,,,,,,,,,,,,,,,,,http://www.hds.utc.fr/tg/tbox#Expert,,,,,,,,,,,,,,,,,,http://www.hds.utc.fr/tg/tbox#Adam_Phil,,,,,,,,,,,,,,,,,,,,,,,,http://www.hds.utc.fr/tg/tbox#ObjectOrientedProgramming,,,,,
http://www.hds.utc.fr/tg/tbox#Adam_Phil,,http://www.w3.org/2002/07/owl#NamedIndividual|http://www.hds.utc.fr/mc2.1/tbox#UserAccount,,,,,,,,,,,,,,,,,,,,,,,,,,,,,,,,,,,,,,,,,,,,,,,,,,,http://www.hds.utc.fr/tg/tbox#OOPTeachers,,,,,,,,,,,,,,,,,
http://www.hds.utc.fr/tg/tbox#Expert,,http://www.w3.org/2002/07/owl#NamedIndividual|http://www.hds.utc.fr/tg/tbox#Experience|http://www.hds.utc.fr/tg/tbox#GamificationExperience,,,,,,,,,,,,,,,,,,,,,,,,,,,,,,,,,,,,,,,,,,,,,,,,,,,,,,,,,,,,,,,,,,,,
http://www.hds.utc.fr/tg/tbox#OOPTeachers,OOPTeachers,http://www.w3.org/2002/07/owl#NamedIndividual|http://www.hds.utc.fr/mc2/tbox#FreeGroup,,,,,,,,,,,,,,,,,,,,,,,,,,,,,,,,,,,,,,,,,,,,,,,,,,,,,,,,,,,,,,,,,,http://www.hds.utc.fr/tg/tbox#OOPCourseCommunity,,
http://www.hds.utc.fr/tg/tbox#Arguments_and_parameters,,http://www.w3.org/2002/07/owl#NamedIndividual|http://www.hds.utc.fr/tg/tbox#GamifiedResource,,,,,,,,,,,,,,,,,,,,,,,,http://www.hds.utc.fr/tg/tbox#Task_about_Inheritance,,,,,,,,,,,,,,,,,,,,,,,,,,,,,,,,,,,,,,,,,,,,
http://www.hds.utc.fr/tg/tbox#Task_about_Inheritance,,http://www.w3.org/2002/07/owl#NamedIndividual|http://www.hds.utc.fr/tg/tbox#GamifiedResource,,,,,,,,,,,,,,,,,,,,,,,,http://www.hds.utc.fr/tg/tbox#Inheritance_vs_Composition,,,,,,,,,,http://www.hds.utc.fr/tg/tbox#RFK_L4_R6,,,,,,,,,,,,,,,,,,,,,,,,,,,,,,,,,,
http://www.hds.utc.fr/tg/tbox#Arithmetic_operations,,http://www.w3.org/2002/07/owl#NamedIndividual|http://www.hds.utc.fr/mc2/tbox#Resource,,,,,,,,,,bonus material for lesson 1 java basics,,,http://www.hds.utc.fr/tg/tbox#Stash,,,,,,,,,,,http://www.hds.utc.fr/tg/tbox#Task_about_Java_Basics,,,,,,,,,,http://www.hds.utc.fr/tg/tbox#RFK_L1_R6,,,,,,,,,,,,,,,,,,,,,,,,,,,,,,,,,,
http://www.hds.utc.fr/tg/tbox#RFK_L1_R6,,http://www.w3.org/2002/07/owl#NamedIndividual|http://www.hds.utc.fr/mc2sois/tbox#ReferenceKey,,,,,,,,,,,,,,,,,,,,,,,,,,,,,,,,,,,,,,,,,,,,http://www.hds.utc.fr/tg/tbox#taskJavaBasics,,,,,,,,,,,,,,,,,,,,,,,,
http://www.hds.utc.fr/tg/tbox#Stash,Stash,http://www.w3.org/2002/07/owl#NamedIndividual|http://www.hds.utc.fr/tg/tbox#GameElementResource|http://www.hds.utc.fr/tg/tbox#Reward,,,,,,,,,,,,,,,,,,,,,,,,,,,,,https://moodle.org/plugins/block_stash,"Enables teachers to create items that students can collect, providing an interactive experience where students find items across the course.",,2,2.1.1,http://www.hds.utc.fr/tg/tbox#RF_GE_STash,Stash,1227,2003.0,736,,,,,,,,,,,,,,,,,,,,,,,,,,,,,,
http://www.hds.utc.fr/tg/tbox#Task_about_Java_Basics,,http://www.w3.org/2002/07/owl#NamedIndividual|http://www.hds.utc.fr/tg/tbox#GamifiedResource,,,,,,,,,,exercisse of lesson 2 Classes and Objects,,,http://www.hds.utc.fr/tg/tbox#Stash|http://www.hds.utc.fr/tg/tbox#BLockGame|http://www.hds.utc.fr/tg/tbox#Level_Up,,,,,,,,,,,http://www.hds.utc.fr/tg/tbox#Loops,,,,Assessment,,,,,,http://www.hds.utc.fr/tg/tbox#RFK_L1_R6,,,,,,,,,,,,,,,,,,,,,,,,,,,,,,,,,,
http://www.hds.utc.fr/tg/tbox#Array_of_instances,,http://www.w3.org/2002/07/owl#NamedIndividual|http://www.hds.utc.fr/mc2/tbox#Resource,,,,,,,,,,,,,,,,,,,,,,,,http://www.hds.utc.fr/tg/tbox#Class_Instance,,,,,,,,,,http://www.hds.utc.fr/tg/tbox#RFK_L2_R3,,,,,,,,,,,,,,,,,,,,,,,,,,,,,,,,,,
http://www.hds.utc.fr/tg/tbox#RFK_L2_R3,,http://www.w3.org/2002/07/owl#NamedIndividual|http://www.hds.utc.fr/mc2sois/tbox#ReferenceKey,,,,,,,,,,,,,,,,,,,,,,,,,,,,,,,,,,,,,,,,,,,,http://www.hds.utc.fr/tg/tbox#JavaArrayOfInstances,,,,,,,,,,,,,,,,,,,,,,,,
http://www.hds.utc.fr/tg/tbox#Class_Instance,,http://www.w3.org/2002/07/owl#NamedIndividual|http://www.hds.utc.fr/tg/tbox#GamifiedResource,,,,,,,,,,,,,,,,,,,,,,,,http://www.hds.utc.fr/tg/tbox#Class_attributes_and_functions,,,,,,,,,,http://www.hds.utc.fr/tg/tbox#RFK_L2_R2,,,,,,,,,,,,,,,,,,,,,,,,,,,,,,,,,,
http://www.hds.utc.fr/tg/tbox#Arrays,,http://www.w3.org/2002/07/owl#NamedIndividual|http://www.hds.utc.fr/tg/tbox#GamifiedResource,,,,,,,,,,bonus material for lesson 2 classes and objects,,,,,,,,,,,,,,,,,,,,,,,,http://www.hds.utc.fr/tg/tbox#RFK_L2_R7,,,,,,,,,,,,,,,,,,,,,,,,,,,,,,,,,,
http://www.hds.utc.fr/tg/tbox#RFK_L2_R7,,http://www.w3.org/2002/07/owl#NamedIndividual|http://www.hds.utc.fr/mc2sois/tbox#ReferenceKey,,,,,,,,,,,,,,,,,,,,,,,,,,,,,,,,,,,,,,,,,,,,http://www.hds.utc.fr/tg/tbox#JavaArrays,,,,,,,,,,,,,,,,,,,,,,,,
http://www.hds.utc.fr/tg/tbox#Audience_A,,http://www.w3.org/2002/07/owl#NamedIndividual|http://www.hds.utc.fr/tg/tbox#Audience,,,,,,,,,,,,,,,,,,,,,,,,,,,,,,,,,,,,,,,,,,,,,,http://www.hds.utc.fr/tg/tbox#Sofia|http://www.hds.utc.fr/tg/tbox#Tom,,,,,,,,,,,,,,,,,,,,,,
http://www.hds.utc.fr/tg/tbox#Sofia,,http://www.w3.org/2002/07/owl#NamedIndividual|http://schema.org/Person|http://www.hds.utc.fr/tco/tbox#Learner,,,,,,,,,,,,,,,,,,,,,,,,,,,,,,,,,,,,,,,,,,,,,,,,,,,,,,,,,,,,,,,,,,,,
http://www.hds.utc.fr/tg/tbox#Tom,,http://www.w3.org/2002/07/owl#NamedIndividual|http://www.hds.utc.fr/tco/tbox#Learner,,,,,,,,,,,,,,,,,,,,,,,,,,,,,,,,,,,,,,,,,,,,,,,,,,,,,,,,,,,,,,,,,,,,
http://www.hds.utc.fr/tg/tbox#Availability_Block_Game_by_level,,http://www.w3.org/2002/07/owl#NamedIndividual|http://www.hds.utc.fr/tco/tbox#Resource|http://www.hds.utc.fr/tg/tbox#Level,,,,,,,,,,,,,,,,,,,,,,,,,,,,,,,,,,,,,,,,,,,,,,,,,,,,,,,,,,,,,,,,,,,,
http://www.hds.utc.fr/tg/tbox#BLockGame,Game,http://www.w3.org/2002/07/owl#NamedIndividual|http://www.hds.utc.fr/tg/tbox#Badge,,,,,,,,,,,,,,,,,,,,,,,,,,,,,https://moodle.org/plugins/block_game,Allows the user to choose or change their avatar at any time.,,6,3.0.0,http://www.hds.utc.fr/tg/tbox#RF_GE_BloackGame,BLockGame,460,70.0,1009,,,,,,,,,,,,,,,,,,,,,,,,,,,,,,
http://www.hds.utc.fr/tg/tbox#RF_GE_BloackGame,,http://www.w3.org/2002/07/owl#NamedIndividual|http://www.hds.utc.fr/mc2sois/tbox#ReferenceKey,,,,,,,,,,,,,,,,,,,,,,,,,,,,,,,,,,,,,,,,,,,,http://www.hds.utc.fr/tg/tbox#IK_GE_BlockGame,,,,,,,,,,,,,,,,,,,,,,,,
http://www.hds.utc.fr/tg/tbox#Beginner,,http://www.w3.org/2002/07/owl#NamedIndividual|http://www.hds.utc.fr/tg/tbox#GamificationExperience,,,,,,,,,,,,,,,,,,,,,,,,,,,,,,,,,,,,,,,,,,,,,,,,,,,,,,,,,,,,,,,,,,,,
http://www.hds.utc.fr/tg/tbox#Block_Game,,http://www.w3.org/2002/07/owl#NamedIndividual|http://www.hds.utc.fr/tg/tbox#GameElementResource,,,,,,,,,,,,,,,,,,,,,,,,,,,,,,,,,,,,,,,,,,,,,,,,,,,,,,,,,,,,,,,,,,,,
http://www.hds.utc.fr/tg/tbox#Bonus,,http://www.w3.org/2002/07/owl#NamedIndividual,,,,,,,,,,,,,,,,,,,,,,,,,,,,,,,,,,,,,,,,,,,,,,,,,,,,,,,,,,,,,,,,,,,,
http://www.hds.utc.fr/tg/tbox#Buil-in_Data_Types,,http://www.w3.org/2002/07/owl#NamedIndividual|http://www.w3.org/ns/prov#Entity|http://www.hds.utc.fr/tg/tbox#GamifiedResource,,,,,,,,,,,,,http://www.hds.utc.fr/tg/tbox#Level_Up|http://www.hds.utc.fr/tg/tbox#Tiny_stash,,http://www.hds.utc.fr/tg/tbox#PO1|http://www.hds.utc.fr/tg/tbox#Participation|http://www.hds.utc.fr/tg/tbox#effectively_use_the_built-in_data_types|http://www.hds.utc.fr/tg/tbox#recognizing_the_properties_of_the_built-in_data_types,,,,,,,,,,,,Essential,Lecturing,,,10,,,http://www.hds.utc.fr/tg/tbox#ReferenceKey1,Built-in Data Types,,,,,,,,,,,,,,,,,,,,,340.0,,,,,,,,,,,,
http://www.hds.utc.fr/tg/tbox#ReferenceKey1,,http://www.w3.org/2002/07/owl#NamedIndividual|http://www.hds.utc.fr/mc2sois/tbox#ReferenceKey,,,,,,,,,,,,,,,,,,,,,,,,,,,,,,,,,,,,,,,,,,,,http://www.hds.utc.fr/tg/tbox#DataTypes,,,,,,,,,,,,,,,,,,,,,,,,
http://www.hds.utc.fr/tg/tbox#Level_Up,Level Up XP,http://www.w3.org/2002/07/owl#NamedIndividual|http://www.hds.utc.fr/tg/tbox#Level,,,,,,,,,,,,,,,,,,,,,,,,,,,,,https://moodle.org/plugins/block_xp,"Learners receive points for their actions, visualise their progress, compete with others through a leaderboard, and unlock content based on their individual needs and experiences.",,5,3.16.0,http://www.hds.utc.fr/tg/tbox#LevelGE,Level Up XP,3146,610.0,10037,,,,,,,,,,,,,,,,,,,,,,,,,,,,,,
http://www.hds.utc.fr/tg/tbox#Tiny_stash,,http://www.w3.org/2002/07/owl#NamedIndividual|http://www.hds.utc.fr/tg/tbox#Reward,,,,,,,,,,,,,,,,,,,,,,,,,,,,,https://moodle.org/plugins/tiny_stash,A companion plugin for block_stash. This allows you to create items and trades from the TinyMCE editor to be inserted into the activities in your course,,12,3.16.0,http://www.hds.utc.fr/tg/tbox#RFK_GE_TinyStash,Tiny Stash,221,1,63,,,,,,,,,,,,,,,,,,,,,,,,,,,,,,
http://www.hds.utc.fr/tg/tbox#PO1,understanding the basic built-in data types,http://www.w3.org/2002/07/owl#NamedIndividual|http://www.hds.utc.fr/tg/tbox#PedagogicalObjective,,,,,,,,,,,,,,,,,,,,,,,,,,,,,,,,,,,,,,,,,,,,,,,,,,,,,,,,,,,,,,,,,,,,
http://www.hds.utc.fr/tg/tbox#Participation,,http://www.w3.org/2002/07/owl#NamedIndividual,,,,,,,,,,,,,,,,,,,,,,,,,,,,,,,,,,,,,,,,,,,,,,,,,,,,,,,,,,,,,,,,,,,,
http://www.hds.utc.fr/tg/tbox#effectively_use_the_built-in_data_types,effectively use the built-in data types,http://www.w3.org/2002/07/owl#NamedIndividual|http://www.hds.utc.fr/tg/tbox#PedagogicalObjective,,,,,,,,,,,,,,,,,,,,,,,,,,,,,,,,,,,,,,,,,,,,,,,,,,,,,,,,,,,,,,,,,,,,
http://www.hds.utc.fr/tg/tbox#recognizing_the_properties_of_the_built-in_data_types,recognizing the properties of the built-in data types,http://www.w3.org/2002/07/owl#NamedIndividual|http://www.hds.utc.fr/tg/tbox#Objective|http://www.hds.utc.fr/tg/tbox#PedagogicalObjective,,,,,,,,,,,,,,,,,,,,,,,,,,,,,,,,,,,,,,,,,,,,,,,,,,,,,,,,,,,,,,,,,,,,
http://www.hds.utc.fr/tg/tbox#RFK_L2_R2,,http://www.w3.org/2002/07/owl#NamedIndividual|http://www.hds.utc.fr/mc2sois/tbox#ReferenceKey,,,,,,,,,,,,,,,,,,,,,,,,,,,,,,,,,,,,,,,,,,,,http://www.hds.utc.fr/tg/tbox#JavaClassInstance,,,,,,,,,,,,,,,,,,,,,,,,
http://www.hds.utc.fr/tg/tbox#Class_attributes_and_functions,,http://www.w3.org/2002/07/owl#NamedIndividual|http://www.hds.utc.fr/tg/tbox#GamifiedResource,,,,,,,,,,,,,,,,,,,,,,,,,,,,,,,,,,http://www.hds.utc.fr/tg/tbox#RFK_L2_R1,,,,,,,,,,,,,,,,,,,,,,,,,,,,,,,,,,
http://www.hds.utc.fr/tco/tbox#contain_resource,,http://www.w3.org/2002/07/owl#ObjectProperty,,,,,,,,,,,,,,,,,http://www.hds.utc.fr/tco/tbox#Lesson,,,,,,,,,,,,,,,,,,,,,,,,,,,,,,,,,,,,,,,,,http://www.hds.utc.fr/tco/tbox#Resource,,,,,,,,,,
http://www.hds.utc.fr/tg/tbox#Class_Methods_and_Constructors,,http://www.w3.org/2002/07/owl#NamedIndividual|http://www.hds.utc.fr/tco/tbox#Lesson,,,,,,,,,,lesson 3 for the course Object Oriented Programming|leçon 3 du cours Programmation Orientée Objet,,http://www.hds.utc.fr/tg/abox#Task_about_Class_Methods_and_Constructors|http://www.hds.utc.fr/tg/tbox#Static_Keyword|http://www.hds.utc.fr/tg/tbox#Constructors|http://www.hds.utc.fr/tg/tbox#Function_Types|http://www.hds.utc.fr/tg/tbox#Static_functions|http://www.hds.utc.fr/tg/tbox#This_Keyword,,,,,,,,,,,http://www.hds.utc.fr/tg/tbox#Classes_and_Objects,,,,,,,,,,,,,,,,,,,,,,,,,,,,,,,,,,,,,,,,,,,,,
http://www.hds.utc.fr/tg/tbox#Constructors,,http://www.w3.org/2002/07/owl#NamedIndividual|http://www.hds.utc.fr/tg/tbox#GamifiedResource,,,,,,,,,,,,,,,,,,,,,,,,http://www.hds.utc.fr/tg/tbox#Function_Types,,,,,,,,,,http://www.hds.utc.fr/tg/tbox#RFK_L3_R2,,,,,,,,,,,,,,,,,,,,,,,,,,,,,,,,,,
http://www.hds.utc.fr/tg/tbox#Function_Types,,http://www.w3.org/2002/07/owl#NamedIndividual|http://www.hds.utc.fr/tg/tbox#GamifiedResource,,,,,,,,,,,,,,,,,,,,,,,,http://www.hds.utc.fr/tg/tbox#Task_about_Classes_and_Objects,,,,,,,,,,http://www.hds.utc.fr/tg/tbox#RFK_L3_R1,,,,,,,,,,,,,,,,,,,,,,,,,,,,,,,,,,
http://www.hds.utc.fr/tg/tbox#Static_functions,,http://www.w3.org/2002/07/owl#NamedIndividual|http://www.hds.utc.fr/tg/tbox#GamifiedResource,,,,,,,,,,bonus resource for lesson 3 Class Methods and Constructors|ressource bonus pour la leçon 3 Méthodes et constructeurs de classe,,,,,,,,,,,,,,,,,,,,,,,,http://www.hds.utc.fr/tg/tbox#RFK_L3_R6,,,,,,,,,,,,,,,,,,,,,,,,,,,,,,,,,,
http://www.hds.utc.fr/tg/tbox#This_Keyword,,http://www.w3.org/2002/07/owl#NamedIndividual|http://www.hds.utc.fr/tg/tbox#GamifiedResource,,,,,,,,,,,,,,,,,,,,,,,,http://www.hds.utc.fr/tg/tbox#Constructors,,,,,,,,,,http://www.hds.utc.fr/tg/tbox#RFK_L3_R3,,,,,,,,,,,,,,,,,,,,,,,,,,,,,,,,,,
http://www.hds.utc.fr/tg/tbox#Classes_and_Objects,,http://www.w3.org/2002/07/owl#NamedIndividual|http://www.hds.utc.fr/tco/tbox#Lesson,,,,,,,,,,lesson 2 for the course Object Oriented Programming|leçon 2 du cours Programmation Orientée Objet,,http://www.hds.utc.fr/tg/tbox#Access_Modifiers|http://www.hds.utc.fr/tg/tbox#Packages|http://www.hds.utc.fr/tg/tbox#Array_of_instances|http://www.hds.utc.fr/tg/tbox#Class_Instance|http://www.hds.utc.fr/tg/tbox#Arrays|http://www.hds.utc.fr/tg/tbox#Class_attributes_and_functions|http://www.hds.utc.fr/tg/tbox#Task_about_Classes_and_Objects,,,,,,,,,,,http://www.hds.utc.fr/tg/tbox#Java_Basics,,,,,,,,,,,,,,,,,,,,,,,,,,,,,,,,,,,,,,,,,,,,,
http://www.hds.utc.fr/tg/tbox#RFK_L2_R1,,http://www.w3.org/2002/07/owl#NamedIndividual|http://www.hds.utc.fr/mc2sois/tbox#ReferenceKey,,,,,,,,,,,,,,,,,,,,,,,,,,,,,,,,,,,,,,,,,,,,http://www.hds.utc.fr/tg/tbox#JavaClassAttributesFunctions,,,,,,,,,,,,,,,,,,,,,,,,
http://www.hds.utc.fr/tg/tbox#Task_about_Classes_and_Objects,,http://www.w3.org/2002/07/owl#NamedIndividual|http://www.hds.utc.fr/tg/tbox#GamifiedResource,,,,,,,,,,,,,,,,,,,,,,,,http://www.hds.utc.fr/tg/tbox#Access_Modifiers,,,,,,,,,,http://www.hds.utc.fr/tg/tbox#RFK_L2_R6,,,,,,,,,,,,,,,,,,,,,,,,,,,,,,,,,,
http://www.hds.utc.fr/tg/tbox#Java_Basics,,http://www.w3.org/2002/07/owl#NamedIndividual|http://www.hds.utc.fr/tco/tbox#Lesson,,,,,,,,,,leçon 2 du cours Programmation Orientée Objet|Lesson 1 of course Object oriented programming,,http://www.hds.utc.fr/tg/tbox#Arithmetic_operations|http://www.hds.utc.fr/tg/tbox#Task_about_Java_Basics|http://www.hds.utc.fr/tg/tbox#Control_Statements|http://www.hds.utc.fr/tg/tbox#Functions|http://www.hds.utc.fr/tg/tbox#Strings|http://www.hds.utc.fr/tg/tbox#Loops|http://www.hds.utc.fr/tg/tbox#Variables,,,,,,,,,,,,,,,,,,,,,,,,,,,,,,,,,,,,,,,,,,,,,,,,,,,,,,,,
http://www.hds.utc.fr/tg/tbox#Competition,,http://www.w3.org/2002/07/owl#NamedIndividual,,,,,,,,,,,,,,,,,,,,,,,,,,,,,,,,,,,,,,,,,,,,,,,,,,,,,,,,,,,,,,,,,,,,
http://www.hds.utc.fr/tg/tbox#RFK_L3_R2,,http://www.w3.org/2002/07/owl#NamedIndividual|http://www.hds.utc.fr/mc2sois/tbox#ReferenceKey,,,,,,,,,,,,,,,,,,,,,,,,,,,,,,,,,,,,,,,,,,,,http://www.hds.utc.fr/tg/tbox#JavaConstructors,,,,,,,,,,,,,,,,,,,,,,,,
http://www.hds.utc.fr/tg/tbox#Control_Statements,,http://www.w3.org/2002/07/owl#NamedIndividual|http://www.hds.utc.fr/tg/tbox#GamifiedResource,,,,,,,,,,,,,http://www.hds.utc.fr/tg/tbox#Stash|http://www.hds.utc.fr/tg/tbox#BLockGame,,,,,,,,,,,http://www.hds.utc.fr/tg/tbox#Functions,,,,,,,,,,http://www.hds.utc.fr/tg/tbox#RFK_L1_R4,,,,,,,,,,,,,,,,,,,,,,,,,,,,,,,,,,
http://www.hds.utc.fr/tg/tbox#RFK_L1_R4,,http://www.w3.org/2002/07/owl#NamedIndividual|http://www.hds.utc.fr/mc2sois/tbox#ReferenceKey,,,,,,,,,,,,,,,,,,,,,,,,,,,,,,,,,,,,,,,,,,,,http://www.hds.utc.fr/tg/tbox#JavaIf,,,,,,,,,,,,,,,,,,,,,,,,
http://www.hds.utc.fr/tg/tbox#Functions,,http://www.w3.org/2002/07/owl#NamedIndividual|http://www.hds.utc.fr/tg/tbox#GamifiedResource,,,,,,,,,,,,,http://www.hds.utc.fr/tg/tbox#Stash,,,,,,,,,,,http://www.hds.utc.fr/tg/tbox#Strings,,,,,,,,,,http://www.hds.utc.fr/tg/tbox#RFK_L1_R3,,,,,,,,,,,,,,,,,,,,,,,,,,,,,,,,,,
http://www.hds.utc.fr/tg/tbox#Creating_linked_screens,,http://www.w3.org/2002/07/owl#NamedIndividual|http://www.hds.utc.fr/tg/tbox#GamifiedResource,,,,,,,,,,,,,,,,,,,,,,,,,,,,,,,,,,,,,,,,,,,,,,,,,,,,,,,,,,,,,,,,,,,,
http://www.hds.utc.fr/tg/tbox#DataTypes,IK1,http://www.w3.org/2002/07/owl#NamedIndividual|http://www.hds.utc.fr/mc2/tbox#IndexKey,,,,,,,,,,,,,,,,,,,,,,,,,,,,,,,,,,,,,,,,,,,http://www.hds.utc.fr/tg/tbox#ReferenceKey1,,,,,,http://www.hds.utc.fr/tg/tbox#OOPCourseCommunity,,,,,,,,,,,,,,,,,,,
http://www.hds.utc.fr/tg/tbox#OOPCourseCommunity,,http://www.w3.org/2002/07/owl#NamedIndividual|http://www.hds.utc.fr/mc2.1/tbox#Space,,,,,,,,,,,,,,,,,,,,,,,,,,,,,,,,,,,,,,,,,,,,,,,,,,,,,,,,,,,,,,,,,,,,
http://www.hds.utc.fr/tg/tbox#Delimiters,,http://www.w3.org/2002/07/owl#NamedIndividual|http://www.hds.utc.fr/tg/tbox#GamifiedResource,,,,,,,,,,bonus resource for lesson 9 Input and Output Stream|ressource bonus pour la leçon 9 Flux d'entrée et de sortie,,,,,,,,,,,,,,,,,,,,,,,,,,,,,,,,,,,,,,,,,,,,,,,,,,,,,,,,,,
http://www.hds.utc.fr/tg/tbox#Event_Handler_and_Listener,,http://www.w3.org/2002/07/owl#NamedIndividual|http://www.hds.utc.fr/tco/tbox#Lesson,,,,,,,,,,lesson 7 for the course Object Oriented Programming|leçon 7 du cours Programmation Orientée Objet,,http://www.hds.utc.fr/tg/tbox#Event_Handler_and_Listener|http://www.hds.utc.fr/tg/tbox#Event_Listeners|http://www.hds.utc.fr/tg/tbox#Event_Types|http://www.hds.utc.fr/tg/tbox#Events,,,,,,,,,,,http://www.hds.utc.fr/tg/tbox#Graphical_User_Interface,,,,,,,,,,,,,,,,,,,,,,,,,,,,,,,,,,,,,,,,,,,,,
http://www.hds.utc.fr/tg/tbox#Event_Listeners,,http://www.w3.org/2002/07/owl#NamedIndividual|http://www.hds.utc.fr/tg/tbox#GamifiedResource,,,,,,,,,,,,,,,,,,,,,,,,http://www.hds.utc.fr/tg/tbox#Event_Listeners,,,,,,,,,,,,,,,,,,,,,,,,,,,,,,,,,,,,,,,,,,,,
http://www.hds.utc.fr/tg/tbox#Event_Types,,http://www.w3.org/2002/07/owl#NamedIndividual|http://www.hds.utc.fr/tg/tbox#GamifiedResource,,,,,,,,,,"bonus resource for lesson 7 Event Handler and Listener|ressource bonus pour la leçon 7 ""Event Handler and Listener""",,,,,,,,,,,,,,,,,,,,,,,,,,,,,,,,,,,,,,,,,,,,,,,,,,,,,,,,,,
http://www.hds.utc.fr/tg/tbox#Events,,http://www.w3.org/2002/07/owl#NamedIndividual|http://www.hds.utc.fr/tg/tbox#GamifiedResource,,,,,,,,,,,,,,,,,,,,,,,,http://www.hds.utc.fr/tg/tbox#Task_about_GUI,,,,,,,,,,,,,,,,,,,,,,,,,,,,,,,,,,,,,,,,,,,,
http://www.hds.utc.fr/tg/tbox#Graphical_User_Interface,,http://www.w3.org/2002/07/owl#NamedIndividual|http://www.hds.utc.fr/tco/tbox#Lesson,,,,,,,,,,lesson 6 for the course Object Oriented Programming|leçon 6 du cours Programmation Orientée Objet,,http://www.hds.utc.fr/tg/tbox#Creating_linked_screens|http://www.hds.utc.fr/tg/tbox#Task_about_GUI|http://www.hds.utc.fr/tg/tbox#GUI_Elements|http://www.hds.utc.fr/tg/tbox#Java_FX,,,,,,,,,,,http://www.hds.utc.fr/tg/tbox#Polymorphism,,,,,,,,,,,,,,,,,,,,,,,,,,,,,,,,,,,,,,,,,,,,,
http://www.hds.utc.fr/tg/tbox#Task_about_GUI,,http://www.w3.org/2002/07/owl#NamedIndividual|http://www.hds.utc.fr/tg/tbox#GamifiedResource,,,,,,,,,,,,,,,,,,,,,,,,http://www.hds.utc.fr/tg/tbox#Java_FX,,,,,,,,,,,,,,,,,,,,,,,,,,,,,,,,,,,,,,,,,,,,
http://www.hds.utc.fr/tg/tbox#Exception_Handling,,http://www.w3.org/2002/07/owl#NamedIndividual|http://www.hds.utc.fr/tco/tbox#Lesson,,,,,,,,,,lesson 8 for the course Object Oriented Programming|leçon 8 du cours Programmation Orientée Objet,,http://www.hds.utc.fr/tg/tbox#Exception_Types|http://www.hds.utc.fr/tg/tbox#Exceptions|http://www.hds.utc.fr/tg/tbox#Task_about_Exception_Handling|http://www.hds.utc.fr/tg/tbox#Try_and_Catch,,,,,,,,,,,http://www.hds.utc.fr/tg/tbox#Event_Handler_and_Listener,,,,,,,,,,,,,,,,,,,,,,,,,,,,,,,,,,,,,,,,,,,,,
http://www.hds.utc.fr/tg/tbox#Exception_Types,,http://www.w3.org/2002/07/owl#NamedIndividual|http://www.hds.utc.fr/tg/tbox#GamifiedResource,,,,,,,,,,bonus resource for lesson 8 Exception Handling|ressource bonus pour la leçon 8 Gestion des exceptions,,,,,,,,,,,,,,,,,,,,,,,,,,,,,,,,,,,,,,,,,,,,,,,,,,,,,,,,,,
http://www.hds.utc.fr/tg/tbox#Exceptions,,http://www.w3.org/2002/07/owl#NamedIndividual|http://www.hds.utc.fr/tg/tbox#GamifiedResource,,,,,,,,,,,,,,,,,,,,,,,,http://www.hds.utc.fr/tg/tbox#Try_and_Catch,,,,,,,,,,,,,,,,,,,,,,,,,,,,,,,,,,,,,,,,,,,,
http://www.hds.utc.fr/tg/tbox#Task_about_Exception_Handling,,http://www.w3.org/2002/07/owl#NamedIndividual|http://www.hds.utc.fr/tg/tbox#GamifiedResource,,,,,,,,,,,,,,,,,,,,,,,,http://www.hds.utc.fr/tg/tbox#Exceptions,,,,,,,,,,,,,,,,,,,,,,,,,,,,,,,,,,,,,,,,,,,,
http://www.hds.utc.fr/tg/tbox#Try_and_Catch,,http://www.w3.org/2002/07/owl#NamedIndividual|http://www.hds.utc.fr/tg/tbox#GamifiedResource,,,,,,,,,,,,,,,,,,,,,,,,http://www.hds.utc.fr/tg/tbox#Event_Handler_and_Listener,,,,,,,,,,,,,,,,,,,,,,,,,,,,,,,,,,,,,,,,,,,,
http://www.hds.utc.fr/tg/tbox#Exploration,,http://www.w3.org/2002/07/owl#NamedIndividual,,,,,,,,,,,,,,,,,,,,,,,,,,,,,,,,,,,,,,,,,,,,,,,,,,,,,,,,,,,,,,,,,,,,
http://www.hds.utc.fr/tg/tbox#Extend_Keyword,,http://www.w3.org/2002/07/owl#NamedIndividual|http://www.hds.utc.fr/tg/tbox#GamifiedResource,,,,,,,,,,,,,,,,,,,,,,,,http://www.hds.utc.fr/tg/abox#Task_about_Class_Methods_and_Constructors,,,,,,,,,,http://www.hds.utc.fr/tg/tbox#RFK_L4_R1,,,,,,,,,,,,,,,,,,,,,,,,,,,,,,,,,,
http://www.hds.utc.fr/tg/tbox#RFK_L4_R1,,http://www.w3.org/2002/07/owl#NamedIndividual|http://www.hds.utc.fr/mc2sois/tbox#ReferenceKey,,,,,,,,,,,,,,,,,,,,,,,,,,,,,,,,,,,,,,,,,,,,http://www.hds.utc.fr/tg/tbox#JavaExtend,,,,,,,,,,,,,,,,,,,,,,,,
http://www.hds.utc.fr/tg/tbox#Fellowship,,http://www.w3.org/2002/07/owl#NamedIndividual,,,,,,,,,,,,,,,,,,,,,,,,,,,,,,,,,,,,,,,,,,,,,,,,,,,,,,,,,,,,,,,,,,,,
http://www.hds.utc.fr/tg/tbox#Files,,http://www.w3.org/2002/07/owl#NamedIndividual|http://www.hds.utc.fr/tg/tbox#GamifiedResource,,,,,,,,,,,,,,,,,,,,,,,,http://www.hds.utc.fr/tg/tbox#Exception_Handling,,,,,,,,,,,,,,,,,,,,,,,,,,,,,,,,,,,,,,,,,,,,
http://www.hds.utc.fr/tg/tbox#RFK_L3_R1,,http://www.w3.org/2002/07/owl#NamedIndividual|http://www.hds.utc.fr/mc2sois/tbox#ReferenceKey,,,,,,,,,,,,,,,,,,,,,,,,,,,,,,,,,,,,,,,,,,,,http://www.hds.utc.fr/tg/tbox#JavaFunctions,,,,,,,,,,,,,,,,,,,,,,,,
http://www.hds.utc.fr/tg/tbox#RFK_L1_R3,,http://www.w3.org/2002/07/owl#NamedIndividual|http://www.hds.utc.fr/mc2sois/tbox#ReferenceKey,,,,,,,,,,,,,,,,,,,,,,,,,,,,,,,,,,,,,,,,,,,,http://www.hds.utc.fr/tg/tbox#JavaFunctions,,,,,,,,,,,,,,,,,,,,,,,,
http://www.hds.utc.fr/tg/tbox#Strings,,http://www.w3.org/2002/07/owl#NamedIndividual|http://www.hds.utc.fr/tg/tbox#GamifiedResource,,,,,,,,,,,,,http://www.hds.utc.fr/tg/tbox#Stash,,,,,,,,,,,http://www.hds.utc.fr/tg/tbox#Variables,,,,,,,,,,http://www.hds.utc.fr/tg/tbox#RFK_L1_R2,,,,,,,,,,,,,,,,,,,,,,,,,,,,,,,,,,
http://www.hds.utc.fr/tg/tbox#GE_TinyStash,,http://www.w3.org/2002/07/owl#NamedIndividual|http://www.hds.utc.fr/mc2sois/tbox#ReferenceKey,,,,,,,,,,,,,,,,,,,,,,,,,,,,,,,,,,,,,,,,,,,,,,,,,,,,,,,,,,,,,,,,,,,,
http://www.hds.utc.fr/tg/tbox#GUI_Elements,,http://www.w3.org/2002/07/owl#NamedIndividual|http://www.hds.utc.fr/tg/tbox#GamifiedResource,,,,,,,,,,,,,,,,,,,,,,,,http://www.hds.utc.fr/tg/tbox#Task_about_Polymorphism,,,,,,,,,,,,,,,,,,,,,,,,,,,,,,,,,,,,,,,,,,,,
http://www.hds.utc.fr/tg/tbox#Task_about_Polymorphism,,http://www.w3.org/2002/07/owl#NamedIndividual|http://www.hds.utc.fr/tg/tbox#GamifiedResource,,,,,,,,,,,,,,,,,,,,,,,,http://www.hds.utc.fr/tg/tbox#Overriding,,,,,,,,,,,,,,,,,,,,,,,,,,,,,,,,,,,,,,,,,,,,
http://www.hds.utc.fr/tg/tbox#Game,,http://www.w3.org/2002/07/owl#NamedIndividual|http://www.hds.utc.fr/tg/tbox#GameElementResource,,,,,,,,,,,,,,,,,,,,,,,,,,,,,,,,,,,,,,,,,,,,,,,,,,,,,,,,,,,,,,,,,,,,
http://www.hds.utc.fr/tg/tbox#Java_FX,,http://www.w3.org/2002/07/owl#NamedIndividual|http://www.hds.utc.fr/tg/tbox#GamifiedResource,,,,,,,,,,"index key for the resource ""Java FX""",,,,,,,,,,,,,,http://www.hds.utc.fr/tg/tbox#GUI_Elements,,,,,,,,,,,,,,,,,,,,,,,,,,,,,,,,,,,,,,,,,,,,
http://www.hds.utc.fr/tg/tbox#Polymorphism,,http://www.w3.org/2002/07/owl#NamedIndividual|http://www.hds.utc.fr/tco/tbox#Lesson,,,,,,,,,,lesson 5 for the course Object Oriented Programming|leçon 5 du cours Programmation Orientée Objet,,http://www.hds.utc.fr/tg/tbox#Arguments_and_parameters|http://www.hds.utc.fr/tg/tbox#Task_about_Polymorphism|http://www.hds.utc.fr/tg/tbox#Overloaded_constructors|http://www.hds.utc.fr/tg/tbox#Overloading|http://www.hds.utc.fr/tg/tbox#Overriding,,,,,,,,,,,http://www.hds.utc.fr/tg/tbox#Inheritance,,,,,,,,,,,,,,,,,,,,,,,,,,,,,,,,,,,,,,,,,,,,,
http://www.hds.utc.fr/tg/tbox#IK2,,http://www.w3.org/2002/07/owl#NamedIndividual|http://www.hds.utc.fr/mc2/tbox#IndexKey,,,,,,,,,,,,,,,,,,,,,,,,,,,,,,,,,,,,,,,,,,,http://www.hds.utc.fr/tg/tbox#LevelGE,,,,,,http://www.hds.utc.fr/tg/tbox#OOPCourseCommunity,,,,,,,,,,,,,,,,,,,
http://www.hds.utc.fr/tg/tbox#LevelGE,,http://www.w3.org/2002/07/owl#NamedIndividual|http://www.hds.utc.fr/mc2sois/tbox#ReferenceKey,,,,,,,,,,,,,,,,,,,,,,,,,,,,,,,,,,,,,,,,,,,,http://www.hds.utc.fr/tg/tbox#IK_GE_LevelUp,,,,,,,,,,,,,,,,,,,,,,,,
http://www.hds.utc.fr/tg/tbox#IK_GE_BlockGame,,http://www.w3.org/2002/07/owl#NamedIndividual|http://www.hds.utc.fr/mc2/tbox#IndexKey,,,,,,,,,,,,,,,,,,,,,,,,,,,,,,,,,,,,,,,,,,,,,,,,,http://www.hds.utc.fr/tg/tbox#OOPCourseCommunity,,,,,,,,,,,,,,,,,,,
http://www.hds.utc.fr/tg/tbox#IK_GE_LevelUp,,http://www.w3.org/2002/07/owl#NamedIndividual|http://www.hds.utc.fr/mc2/tbox#IndexKey,,,,,,,,,,,,,,,,,,,,,,,,,,,,,,,,,,,,,,,,,,,,,,,,,http://www.hds.utc.fr/tg/tbox#OOPCourseCommunity,,,,,,,,,,,,,,,,,,,
http://www.hds.utc.fr/tg/tbox#IK_GE_Motrain,,http://www.w3.org/2002/07/owl#NamedIndividual|http://www.hds.utc.fr/mc2/tbox#IndexKey,,,,,,,,,,,,,,,,,,,,,,,,,,,,,,,,,,,,,,,,,,,,,,,,,http://www.hds.utc.fr/tg/tbox#OOPCourseCommunity,,,,,,,,,,,,,,,,,,,
http://www.hds.utc.fr/tg/tbox#IK_GE_TinyStash,,http://www.w3.org/2002/07/owl#NamedIndividual|http://www.hds.utc.fr/mc2/tbox#IndexKey,,,,,,,,,,,,,,,,,,,,,,,,,,,,,,,,,,,,,,,,,,,,,,,,,http://www.hds.utc.fr/tg/tbox#OOPCourseCommunity,,,,,,,,,,,,,,,,,,,
http://www.hds.utc.fr/tg/tbox#IK_GE_stash,,http://www.w3.org/2002/07/owl#NamedIndividual|http://www.hds.utc.fr/mc2/tbox#IndexKey,,,,,,,,,,,,,,,,,,,,,,,,,,,,,,,,,,,,,,,,,,,,,,,,,http://www.hds.utc.fr/tg/tbox#OOPCourseCommunity,,,,,,,,,,,,,,,,,,,
http://www.hds.utc.fr/tg/tbox#Inheritance,,http://www.w3.org/2002/07/owl#NamedIndividual|http://www.hds.utc.fr/tco/tbox#Lesson,,,,,,,,,,lesson 4 for the course Object Oriented Programming|leçon 4 du cours Programmation Orientée Objet,,http://www.hds.utc.fr/tg/tbox#Task_about_Inheritance|http://www.hds.utc.fr/tg/tbox#Extend_Keyword|http://www.hds.utc.fr/tg/tbox#Inheritance_vs_Composition|http://www.hds.utc.fr/tg/tbox#Multi-level_inheritance|http://www.hds.utc.fr/tg/tbox#Parent_classes|http://www.hds.utc.fr/tg/tbox#Single_level_inheritance|http://www.hds.utc.fr/tg/tbox#Super_Keyword,,,,,,,,,,,http://www.hds.utc.fr/tg/tbox#Class_Methods_and_Constructors,,,,,,,,,,,,,,,,,,,,,,,,,,,,,,,,,,,,,,,,,,,,,
http://www.hds.utc.fr/tg/tbox#Inheritance_vs_Composition,,http://www.w3.org/2002/07/owl#NamedIndividual|http://www.hds.utc.fr/tg/tbox#GamifiedResource,,,,,,,,,,,,,,,,,,,,,,,,http://www.hds.utc.fr/tg/tbox#Super_Keyword,,,,,,,,,,http://www.hds.utc.fr/tg/tbox#RFK_L4_R5,,,,,,,,,,,,,,,,,,,,,,,,,,,,,,,,,,
http://www.hds.utc.fr/tg/tbox#Multi-level_inheritance,,http://www.w3.org/2002/07/owl#NamedIndividual|http://www.hds.utc.fr/tg/tbox#GamifiedResource,,,,,,,,,,,,,http://www.hds.utc.fr/tg/tbox#Level_Up,,,,,,,,,,,http://www.hds.utc.fr/tg/tbox#Single_level_inheritance,,,,,,,,,,http://www.hds.utc.fr/tg/tbox#RFK_L4_R3,,,,,,,,,,,,,,,,,,,,,,,,,,,,,,,,,,
http://www.hds.utc.fr/tg/tbox#Parent_classes,,http://www.w3.org/2002/07/owl#NamedIndividual|http://www.hds.utc.fr/tg/tbox#GamifiedResource,,,,,,,,,,bonus resource for lesson 4 Class Methods and Constructors|ressource bonus pour la leçon 4 Méthodes et constructeurs de classe,,,,,,,,,,,,,,,,,,,,,,,,http://www.hds.utc.fr/tg/tbox#RFK_L4_R7,,,,,,,,,,,,,,,,,,,,,,,,,,,,,,,,,,
http://www.hds.utc.fr/tg/tbox#Single_level_inheritance,,http://www.w3.org/2002/07/owl#NamedIndividual|http://www.hds.utc.fr/tg/tbox#GamifiedResource,,,,,,,,,,,,,,,,,,,,,,,,http://www.hds.utc.fr/tg/tbox#Extend_Keyword,,,,,,,,,,http://www.hds.utc.fr/tg/tbox#RFK_L4_R2,,,,,,,,,,,,,,,,,,,,,,,,,,,,,,,,,,
http://www.hds.utc.fr/tg/tbox#Super_Keyword,,http://www.w3.org/2002/07/owl#NamedIndividual|http://www.hds.utc.fr/tg/tbox#GamifiedResource,,,,,,,,,,,,,,,,,,,,,,,,http://www.hds.utc.fr/tg/tbox#Multi-level_inheritance,,,,,,,,,,http://www.hds.utc.fr/tg/tbox#RFK_L4_R4,,,,,,,,,,,,,,,,,,,,,,,,,,,,,,,,,,
http://www.hds.utc.fr/tg/tbox#RFK_L4_R5,,http://www.w3.org/2002/07/owl#NamedIndividual|http://www.hds.utc.fr/mc2sois/tbox#ReferenceKey,,,,,,,,,,,,,,,,,,,,,,,,,,,,,,,,,,,,,,,,,,,,http://www.hds.utc.fr/tg/tbox#JavaInheritanceComposition,,,,,,,,,,,,,,,,,,,,,,,,
http://www.hds.utc.fr/tg/tbox#Input_and_Output_Stream,,http://www.w3.org/2002/07/owl#NamedIndividual|http://www.hds.utc.fr/tco/tbox#Lesson,,,,,,,,,,lesson 9 for the course Object Oriented Programming|leçon 9 du cours Programmation Orientée Objet,,http://www.hds.utc.fr/tg/tbox#Delimiters|http://www.hds.utc.fr/tg/tbox#Files|http://www.hds.utc.fr/tg/tbox#Task_about_Input_and_Output_Streams,,,,,,,,,,,http://www.hds.utc.fr/tg/tbox#Exception_Handling,,,,,,,,,,,,,,,,,,,,,,,,,,,,,,,,,,,,,,,,,,,,,
http://www.hds.utc.fr/tg/tbox#Task_about_Input_and_Output_Streams,,http://www.w3.org/2002/07/owl#NamedIndividual|http://www.hds.utc.fr/tg/tbox#GamifiedResource,,,,,,,,,,,,,,,,,,,,,,,,http://www.hds.utc.fr/tg/tbox#Files,,,,,,,,,,,,,,,,,,,,,,,,,,,,,,,,,,,,,,,,,,,,
http://www.hds.utc.fr/tg/tbox#Intermediate,,http://www.w3.org/2002/07/owl#NamedIndividual|http://www.hds.utc.fr/tg/tbox#Experience,,,,,,,,,,,,,,,,,,,,,,,,,,,,,,,,,,,,,,,,,,,,,,,,,,,,,,,,,,,,,,,,,,,,
http://www.hds.utc.fr/tg/tbox#JavaAccessModifiers,,http://www.w3.org/2002/07/owl#NamedIndividual|http://www.hds.utc.fr/mc2/tbox#IndexKey,,,,,,,,,,,,,,,,,,,,,,,,,,,,,,,,,,,,,,,,,,,,,,,,,http://www.hds.utc.fr/tg/tbox#OOPCourseCommunity,,,,,,,,,,,,,,,,,,,
http://www.hds.utc.fr/tg/tbox#JavaArgumentsParameters,,http://www.w3.org/2002/07/owl#NamedIndividual|http://www.hds.utc.fr/mc2/tbox#IndexKey,,,,,,,,,,,,,,,,,,,,,,,,,,,,,,,,,,,,,,,,,,,,,,,,,http://www.hds.utc.fr/tg/tbox#OOPCourseCommunity,,,,,,,,,,,,,,,,,,,
http://www.hds.utc.fr/tg/tbox#JavaArithmeticOperations,,http://www.w3.org/2002/07/owl#NamedIndividual|http://www.hds.utc.fr/mc2/tbox#IndexKey,,,,,,,,,,,,,,,,,,,,,,,,,,,,,,,,,,,,,,,,,,,,,,,,,http://www.hds.utc.fr/tg/tbox#OOPCourseCommunity,,,,,,,,,,,,,,,,,,,
http://www.hds.utc.fr/tg/tbox#JavaArrayOfInstances,,http://www.w3.org/2002/07/owl#NamedIndividual|http://www.hds.utc.fr/mc2/tbox#IndexKey,,,,,,,,,,,,,,,,,,,,,,,,,,,,,,,,,,,,,,,,,,,,,,,,,http://www.hds.utc.fr/tg/tbox#OOPCourseCommunity,,,,,,,,,,,,,,,,,,,
http://www.hds.utc.fr/tg/tbox#JavaArrays,,http://www.w3.org/2002/07/owl#NamedIndividual|http://www.hds.utc.fr/mc2/tbox#IndexKey,,,,,,,,,,,,,,,,,,,,,,,,,,,,,,,,,,,,,,,,,,,,,,,,,http://www.hds.utc.fr/tg/tbox#OOPCourseCommunity,,,,,,,,,,,,,,,,,,,
http://www.hds.utc.fr/tg/tbox#JavaClassAttributesFunctions,,http://www.w3.org/2002/07/owl#NamedIndividual|http://www.hds.utc.fr/mc2/tbox#IndexKey,,,,,,,,,,,,,,,,,,,,,,,,,,,,,,,,,,,,,,,,,,,,,,,,,http://www.hds.utc.fr/tg/tbox#OOPCourseCommunity,,,,,,,,,,,,,,,,,,,
http://www.hds.utc.fr/tg/tbox#JavaClassInstance,,http://www.w3.org/2002/07/owl#NamedIndividual|http://www.hds.utc.fr/mc2/tbox#IndexKey,,,,,,,,,,,,,,,,,,,,,,,,,,,,,,,,,,,,,,,,,,,,,,,,,http://www.hds.utc.fr/tg/tbox#OOPCourseCommunity,,,,,,,,,,,,,,,,,,,
http://www.hds.utc.fr/tg/tbox#JavaConstructors,,http://www.w3.org/2002/07/owl#NamedIndividual|http://www.hds.utc.fr/mc2/tbox#IndexKey,,,,,,,,,,,,,,,,,,,,,,,,,,,,,,,,,,,,,,,,,,,,,,,,,http://www.hds.utc.fr/tg/tbox#OOPCourseCommunity,,,,,,,,,,,,,,,,,,,
http://www.hds.utc.fr/tg/tbox#JavaDelimiters,,http://www.w3.org/2002/07/owl#NamedIndividual|http://www.hds.utc.fr/mc2/tbox#IndexKey,,,,,,,,,,,,,,,,,,,,,,,,,,,,,,,,,,,,,,,,,,,,,,,,,http://www.hds.utc.fr/tg/tbox#OOPCourseCommunity,,,,,,,,,,,,,,,,,,,
http://www.hds.utc.fr/tg/tbox#JavaEventListener,,http://www.w3.org/2002/07/owl#NamedIndividual|http://www.hds.utc.fr/mc2/tbox#IndexKey,,,,,,,,,,,,,,,,,,,,,,,,,,,,,,,,,,,,,,,,,,,,,,,,,http://www.hds.utc.fr/tg/tbox#OOPCourseCommunity,,,,,,,,,,,,,,,,,,,
http://www.hds.utc.fr/tg/tbox#JavaEventTypes,,http://www.w3.org/2002/07/owl#NamedIndividual|http://www.hds.utc.fr/mc2/tbox#IndexKey,,,,,,,,,,,,,,,,,,,,,,,,,,,,,,,,,,,,,,,,,,,,,,,,,http://www.hds.utc.fr/tg/tbox#OOPCourseCommunity,,,,,,,,,,,,,,,,,,,
http://www.hds.utc.fr/tg/tbox#JavaEvents,,http://www.w3.org/2002/07/owl#NamedIndividual|http://www.hds.utc.fr/mc2/tbox#IndexKey,,,,,,,,,,,,,,,,,,,,,,,,,,,,,,,,,,,,,,,,,,,,,,,,,http://www.hds.utc.fr/tg/tbox#OOPCourseCommunity,,,,,,,,,,,,,,,,,,,
http://www.hds.utc.fr/tg/tbox#JavaExceptionTypes,,http://www.w3.org/2002/07/owl#NamedIndividual|http://www.hds.utc.fr/mc2/tbox#IndexKey,,,,,,,,,,,,,,,,,,,,,,,,,,,,,,,,,,,,,,,,,,,,,,,,,http://www.hds.utc.fr/tg/tbox#OOPCourseCommunity,,,,,,,,,,,,,,,,,,,
http://www.hds.utc.fr/tg/tbox#JavaExceptions,,http://www.w3.org/2002/07/owl#NamedIndividual|http://www.hds.utc.fr/mc2/tbox#IndexKey,,,,,,,,,,,,,,,,,,,,,,,,,,,,,,,,,,,,,,,,,,,,,,,,,http://www.hds.utc.fr/tg/tbox#OOPCourseCommunity,,,,,,,,,,,,,,,,,,,
http://www.hds.utc.fr/tg/tbox#JavaExtend,,http://www.w3.org/2002/07/owl#NamedIndividual|http://www.hds.utc.fr/mc2/tbox#IndexKey,,,,,,,,,,,,,,,,,,,,,,,,,,,,,,,,,,,,,,,,,,,,,,,,,http://www.hds.utc.fr/tg/tbox#OOPCourseCommunity,,,,,,,,,,,,,,,,,,,
http://www.hds.utc.fr/tg/tbox#JavaFX,,http://www.w3.org/2002/07/owl#NamedIndividual|http://www.hds.utc.fr/mc2/tbox#IndexKey,,,,,,,,,,,,,,,,,,,,,,,,,,,,,,,,,,,,,,,,,,,,,,,,,http://www.hds.utc.fr/tg/tbox#OOPCourseCommunity,,,,,,,,,,,,,,,,,,,
http://www.hds.utc.fr/tg/tbox#JavaFiles,,http://www.w3.org/2002/07/owl#NamedIndividual|http://www.hds.utc.fr/mc2/tbox#IndexKey,,,,,,,,,,,,,,,,,,,,,,,,,,,,,,,,,,,,,,,,,,,,,,,,,http://www.hds.utc.fr/tg/tbox#OOPCourseCommunity,,,,,,,,,,,,,,,,,,,
http://www.hds.utc.fr/tg/tbox#JavaForWhile,,http://www.w3.org/2002/07/owl#NamedIndividual|http://www.hds.utc.fr/mc2/tbox#IndexKey,,,,,,,,,,,,,,,,,,,,,,,,,,,,,,,,,,,,,,,,,,,,,,,,,http://www.hds.utc.fr/tg/tbox#OOPCourseCommunity,,,,,,,,,,,,,,,,,,,
http://www.hds.utc.fr/tg/tbox#JavaFunctions,,http://www.w3.org/2002/07/owl#NamedIndividual|http://www.hds.utc.fr/mc2/tbox#IndexKey,,,,,,,,,,,,,,,,,,,,,,,,,,,,,,,,,,,,,,,,,,,,,,,,,http://www.hds.utc.fr/tg/tbox#OOPCourseCommunity,,,,,,,,,,,,,,,,,,,
http://www.hds.utc.fr/tg/tbox#JavaGUIElements,,http://www.w3.org/2002/07/owl#NamedIndividual|http://www.hds.utc.fr/mc2/tbox#IndexKey,,,,,,,,,,,,,,,,,,,,,,,,,,,,,,,,,,,,,,,,,,,,,,,,,http://www.hds.utc.fr/tg/tbox#OOPCourseCommunity,,,,,,,,,,,,,,,,,,,
http://www.hds.utc.fr/tg/tbox#JavaGUILinkedScreens,,http://www.w3.org/2002/07/owl#NamedIndividual|http://www.hds.utc.fr/mc2/tbox#IndexKey,,,,,,,,,,,,,,,,,,,,,,,,,,,,,,,,,,,,,,,,,,,,,,,,,http://www.hds.utc.fr/tg/tbox#OOPCourseCommunity,,,,,,,,,,,,,,,,,,,
http://www.hds.utc.fr/tg/tbox#JavaIOStreams,,http://www.w3.org/2002/07/owl#NamedIndividual|http://www.hds.utc.fr/mc2/tbox#IndexKey,,,,,,,,,,,,,,,,,,,,,,,,,,,,,,,,,,,,,,,,,,,,,,,,,http://www.hds.utc.fr/tg/tbox#OOPCourseCommunity,,,,,,,,,,,,,,,,,,,
http://www.hds.utc.fr/tg/tbox#JavaIf,,http://www.w3.org/2002/07/owl#NamedIndividual|http://www.hds.utc.fr/mc2/tbox#IndexKey,,,,,,,,,,,,,,,,,,,,,,,,,,,,,,,,,,,,,,,,,,,,,,,,,http://www.hds.utc.fr/tg/tbox#OOPCourseCommunity,,,,,,,,,,,,,,,,,,,
http://www.hds.utc.fr/tg/tbox#JavaInheritanceComposition,,http://www.w3.org/2002/07/owl#NamedIndividual|http://www.hds.utc.fr/mc2/tbox#IndexKey,,,,,,,,,,,,,,,,,,,,,,,,,,,,,,,,,,,,,,,,,,,,,,,,,http://www.hds.utc.fr/tg/tbox#OOPCourseCommunity,,,,,,,,,,,,,,,,,,,
http://www.hds.utc.fr/tg/tbox#JavaMultiInheritance,,http://www.w3.org/2002/07/owl#NamedIndividual|http://www.hds.utc.fr/mc2/tbox#IndexKey,,,,,,,,,,,,,,,,,,,,,,,,,,,,,,,,,,,,,,,,,,,,,,,,,http://www.hds.utc.fr/tg/tbox#OOPCourseCommunity,,,,,,,,,,,,,,,,,,,
http://www.hds.utc.fr/tg/tbox#JavaOverloadedConstructors,,http://www.w3.org/2002/07/owl#NamedIndividual|http://www.hds.utc.fr/mc2/tbox#IndexKey,,,,,,,,,,,,,,,,,,,,,,,,,,,,,,,,,,,,,,,,,,,,,,,,,http://www.hds.utc.fr/tg/tbox#OOPCourseCommunity,,,,,,,,,,,,,,,,,,,
http://www.hds.utc.fr/tg/tbox#JavaOverloading,,http://www.w3.org/2002/07/owl#NamedIndividual|http://www.hds.utc.fr/mc2/tbox#IndexKey,,,,,,,,,,,,,,,,,,,,,,,,,,,,,,,,,,,,,,,,,,,,,,,,,http://www.hds.utc.fr/tg/tbox#OOPCourseCommunity,,,,,,,,,,,,,,,,,,,
http://www.hds.utc.fr/tg/tbox#JavaOverriding,,http://www.w3.org/2002/07/owl#NamedIndividual|http://www.hds.utc.fr/mc2/tbox#IndexKey,,,,,,,,,,,,,,,,,,,,,,,,,,,,,,,,,,,,,,,,,,,,,,,,,http://www.hds.utc.fr/tg/tbox#OOPCourseCommunity,,,,,,,,,,,,,,,,,,,
http://www.hds.utc.fr/tg/tbox#JavaPackages,,http://www.w3.org/2002/07/owl#NamedIndividual|http://www.hds.utc.fr/mc2/tbox#IndexKey,,,,,,,,,,,,,,,,,,,,,,,,,,,,,,,,,,,,,,,,,,,,,,,,,http://www.hds.utc.fr/tg/tbox#OOPCourseCommunity,,,,,,,,,,,,,,,,,,,
http://www.hds.utc.fr/tg/tbox#JavaParentClass,,http://www.w3.org/2002/07/owl#NamedIndividual|http://www.hds.utc.fr/mc2/tbox#IndexKey,,,,,,,,,,,,,,,,,,,,,,,,,,,,,,,,,,,,,,,,,,,,,,,,,http://www.hds.utc.fr/tg/tbox#OOPCourseCommunity,,,,,,,,,,,,,,,,,,,
http://www.hds.utc.fr/tg/tbox#JavaSingleInheritance,,http://www.w3.org/2002/07/owl#NamedIndividual|http://www.hds.utc.fr/mc2/tbox#IndexKey,,,,,,,,,,,,,,,,,,,,,,,,,,,,,,,,,,,,,,,,,,,,,,,,,http://www.hds.utc.fr/tg/tbox#OOPCourseCommunity,,,,,,,,,,,,,,,,,,,
http://www.hds.utc.fr/tg/tbox#JavaStatic,,http://www.w3.org/2002/07/owl#NamedIndividual|http://www.hds.utc.fr/mc2/tbox#IndexKey,,,,,,,,,,,,,,,,,,,,,,,,,,,,,,,,,,,,,,,,,,,,,,,,,http://www.hds.utc.fr/tg/tbox#OOPCourseCommunity,,,,,,,,,,,,,,,,,,,
http://www.hds.utc.fr/tg/tbox#JavaStaticFunctions,,http://www.w3.org/2002/07/owl#NamedIndividual|http://www.hds.utc.fr/mc2/tbox#IndexKey,,,,,,,,,,,,,,,,,,,,,,,,,,,,,,,,,,,,,,,,,,,,,,,,,http://www.hds.utc.fr/tg/tbox#OOPCourseCommunity,,,,,,,,,,,,,,,,,,,
http://www.hds.utc.fr/tg/tbox#JavaStrings,,http://www.w3.org/2002/07/owl#NamedIndividual|http://www.hds.utc.fr/mc2/tbox#IndexKey,,,,,,,,,,,,,,,,,,,,,,,,,,,,,,,,,,,,,,,,,,,,,,,,,http://www.hds.utc.fr/tg/tbox#OOPCourseCommunity,,,,,,,,,,,,,,,,,,,
http://www.hds.utc.fr/tg/tbox#JavaSuper,,http://www.w3.org/2002/07/owl#NamedIndividual|http://www.hds.utc.fr/mc2/tbox#IndexKey,,,,,,,,,,,,,,,,,,,,,,,,,,,,,,,,,,,,,,,,,,,,,,,,,http://www.hds.utc.fr/tg/tbox#OOPCourseCommunity,,,,,,,,,,,,,,,,,,,
http://www.hds.utc.fr/tg/tbox#JavaTaskEventHandlerListener,,http://www.w3.org/2002/07/owl#NamedIndividual|http://www.hds.utc.fr/mc2/tbox#IndexKey,,,,,,,,,,,,,,,,,,,,,,,,,,,,,,,,,,,,,,,,,,,,,,,,,http://www.hds.utc.fr/tg/tbox#OOPCourseCommunity,,,,,,,,,,,,,,,,,,,
http://www.hds.utc.fr/tg/tbox#JavaThis,,http://www.w3.org/2002/07/owl#NamedIndividual|http://www.hds.utc.fr/mc2/tbox#IndexKey,,,,,,,,,,,,,,,,,,,,,,,,,,,,,,,,,,,,,,,,,,,,,,,,,http://www.hds.utc.fr/tg/tbox#OOPCourseCommunity,,,,,,,,,,,,,,,,,,,
http://www.hds.utc.fr/tg/tbox#JavaTryCatch,,http://www.w3.org/2002/07/owl#NamedIndividual|http://www.hds.utc.fr/mc2/tbox#IndexKey,,,,,,,,,,,,,,,,,,,,,,,,,,,,,,,,,,,,,,,,,,,,,,,,,http://www.hds.utc.fr/tg/tbox#OOPCourseCommunity,,,,,,,,,,,,,,,,,,,
http://www.hds.utc.fr/tg/tbox#JavaVariables,,http://www.w3.org/2002/07/owl#NamedIndividual|http://www.hds.utc.fr/mc2/tbox#IndexKey,,,,,,,,,,,,,,,,,,,,,,,,,,,,,,,,,,,,,,,,,,,,,,,,,http://www.hds.utc.fr/tg/tbox#OOPCourseCommunity,,,,,,,,,,,,,,,,,,,
http://www.hds.utc.fr/tg/tbox#Loops,,http://www.w3.org/2002/07/owl#NamedIndividual|http://www.hds.utc.fr/tg/tbox#GamifiedResource,,,,,,,,,,,,,http://www.hds.utc.fr/tg/tbox#BLockGame,,,,,,,,,,,http://www.hds.utc.fr/tg/tbox#Control_Statements,,,,,,,,,,http://www.hds.utc.fr/tg/tbox#RFK_L1_R5,,,,,,,,,,,,,,,,,,,,,,,,,,,,,,,,,,
http://www.hds.utc.fr/tg/tbox#Variables,,http://www.w3.org/2002/07/owl#NamedIndividual|http://www.hds.utc.fr/tg/tbox#GamifiedResource,,,,,,,,,,,,,http://www.hds.utc.fr/tg/tbox#Level_Up|http://www.hds.utc.fr/tg/tbox#Tiny_stash,,,,,,,,,,,,,,,,,,,,,http://www.hds.utc.fr/tg/tbox#RFK_L1_R1,,,,,,,,,,,,,,,,,,,,,,,,,,,,,,,,,,
http://www.hds.utc.fr/tg/tbox#JavafunctionTypes,,http://www.w3.org/2002/07/owl#NamedIndividual|http://www.hds.utc.fr/mc2/tbox#IndexKey,,,,,,,,,,,,,,,,,,,,,,,,,,,,,,,,,,,,,,,,,,,,,,,,,http://www.hds.utc.fr/tg/tbox#OOPCourseCommunity,,,,,,,,,,,,,,,,,,,
http://www.hds.utc.fr/tg/tbox#Lecturing,,http://www.w3.org/2002/07/owl#NamedIndividual,,,,,,,,,,,,,,,,,,,,,,,,,,,,,,,,,,,,,,,,,,,,,,,,,,,,,,,,,,,,,,,,,,,,
http://www.hds.utc.fr/tg/tbox#RFK_L1_R5,,http://www.w3.org/2002/07/owl#NamedIndividual|http://www.hds.utc.fr/mc2sois/tbox#ReferenceKey,,,,,,,,,,,,,,,,,,,,,,,,,,,,,,,,,,,,,,,,,,,,http://www.hds.utc.fr/tg/tbox#JavaForWhile,,,,,,,,,,,,,,,,,,,,,,,,
http://www.hds.utc.fr/tg/tbox#MathCoursesCommunity,,http://www.w3.org/2002/07/owl#NamedIndividual|http://www.hds.utc.fr/mc2.1/tbox#Space,,,,,,,,,,,,,,,,,,,,,,,,,,,,,,,,,,,,,,,,http://www.hds.utc.fr/tg/tbox#TeacherGroupB,,,,,,,,,,,,,,,,,,,,,,,,,,,,
http://www.hds.utc.fr/tg/tbox#TeacherGroupB,,http://www.w3.org/2002/07/owl#NamedIndividual|http://www.hds.utc.fr/mc2/tbox#FreeGroup,,,,,,,,,,,,,,,,,,,,,,,,,,,,,,,,,,,,,,,,,,,,,,,,,,,,,,,,,,,,,,,,,,http://www.hds.utc.fr/tg/tbox#MathCoursesCommunity,,
http://www.hds.utc.fr/tg/tbox#Mike,,http://www.w3.org/2002/07/owl#NamedIndividual|http://www.hds.utc.fr/tco/tbox#Teacher,,,,,,,,,,,,,,,,,,,,,,,,,,,,,,,,,,,,,,,http://www.hds.utc.fr/tg/tbox#Mike_23,,,,,,,,,,,,,,,,,,,,,,,,,,,,,
http://www.hds.utc.fr/tg/tbox#Mike_23,,http://www.w3.org/2002/07/owl#NamedIndividual|http://www.hds.utc.fr/mc2.1/tbox#UserAccount,,,,,,,,,,,,,,,,,,,,,,,,,,,,,,,,,,,,,,,,,,,,,,,,,,,http://www.hds.utc.fr/tg/tbox#TeacherGroupB,,,,,,,,,,,,,,,,,
http://www.hds.utc.fr/tg/tbox#RFK_L4_R3,,http://www.w3.org/2002/07/owl#NamedIndividual|http://www.hds.utc.fr/mc2sois/tbox#ReferenceKey,,,,,,,,,,,,,,,,,,,,,,,,,,,,,,,,,,,,,,,,,,,,http://www.hds.utc.fr/tg/tbox#JavaMultiInheritance,,,,,,,,,,,,,,,,,,,,,,,,
http://www.hds.utc.fr/tg/tbox#Novice,,http://www.w3.org/2002/07/owl#NamedIndividual,,,,,,,,,,,,,,,,,,,,,,,,,,,,,,,,,,,,,,,,,,,,,,,,,,,,,,,,,,,,,,,,,,,,
http://www.hds.utc.fr/tg/tbox#ObjectOrientedProgramming,Object Oriented Programming,http://www.w3.org/2002/07/owl#NamedIndividual|http://www.hds.utc.fr/tg/tbox#onlineCourse,,,,,,,,,,Course,http://www.hds.utc.fr/tg/tbox#Class_Methods_and_Constructors|http://www.hds.utc.fr/tg/tbox#Classes_and_Objects|http://www.hds.utc.fr/tg/tbox#Java_Basics|http://www.hds.utc.fr/tg/tbox#Event_Handler_and_Listener|http://www.hds.utc.fr/tg/tbox#Graphical_User_Interface|http://www.hds.utc.fr/tg/tbox#Exception_Handling|http://www.hds.utc.fr/tg/tbox#Polymorphism|http://www.hds.utc.fr/tg/tbox#Inheritance|http://www.hds.utc.fr/tg/tbox#Input_and_Output_Stream,,,,,,,,,,,,,,http://www.hds.utc.fr/tg/tbox#Audience_A,,,,,,,,,,,,,,,,,,,,,,,,,,,,,,,,,,,,,,,,,,,
http://www.hds.utc.fr/tg/tbox#Overloaded_constructors,,http://www.w3.org/2002/07/owl#NamedIndividual|http://www.hds.utc.fr/tg/tbox#GamifiedResource,,,,,,,,,,bonus resource for lesson 5 Class Methods and Constructors|ressource bonus pour la leçon 5 Méthodes et constructeurs de classe,,,http://www.hds.utc.fr/tg/tbox#Level_Up,,,,,,,,,,,,,,,,,,,,,,,,,,,,,,,,,,,,,,,,,,,,,,,,,,,,,,,
http://www.hds.utc.fr/tg/tbox#Overloading,,http://www.w3.org/2002/07/owl#NamedIndividual|http://www.hds.utc.fr/tg/tbox#GamifiedResource,,,,,,,,,,,,,http://www.hds.utc.fr/tg/tbox#Level_Up,,,,,,,,,,,http://www.hds.utc.fr/tg/tbox#Arguments_and_parameters,,,,,,,,,,,,,,,,,,,,,,,,,,,,,,,,,,,,,,,,,,,,
http://www.hds.utc.fr/tg/tbox#Overriding,,http://www.w3.org/2002/07/owl#NamedIndividual|http://www.hds.utc.fr/tg/tbox#GamifiedResource,,,,,,,,,,,,,http://www.hds.utc.fr/tg/tbox#Level_Up,,,,,,,,,,,http://www.hds.utc.fr/tg/tbox#Overloading,,,,,,,,,,,,,,,,,,,,,,,,,,,,,,,,,,,,,,,,,,,,
http://www.hds.utc.fr/tg/tbox#RFK_L2_R4,,http://www.w3.org/2002/07/owl#NamedIndividual|http://www.hds.utc.fr/mc2sois/tbox#ReferenceKey,,,,,,,,,,,,,,,,,,,,,,,,,,,,,,,,,,,,,,,,,,,,http://www.hds.utc.fr/tg/tbox#JavaPackages,,,,,,,,,,,,,,,,,,,,,,,,
http://www.hds.utc.fr/tg/tbox#RFK_L4_R7,,http://www.w3.org/2002/07/owl#NamedIndividual|http://www.hds.utc.fr/mc2sois/tbox#ReferenceKey,,,,,,,,,,,,,,,,,,,,,,,,,,,,,,,,,,,,,,,,,,,,http://www.hds.utc.fr/tg/tbox#JavaParentClass,,,,,,,,,,,,,,,,,,,,,,,,
http://www.hds.utc.fr/tg/tbox#Performance,,http://www.w3.org/2002/07/owl#NamedIndividual,,,,,,,,,,,,,,,,,,,,,,,,,,,,,,,,,,,,,,,,,,,,,,,,,,,,,,,,,,,,,,,,,,,,
http://www.hds.utc.fr/tg/tbox#Princeton_University,,http://www.w3.org/2002/07/owl#NamedIndividual|http://www.hds.utc.fr/tco/tbox#EducationalInstitution,,,,,,,,,,,,,,,,,,,,,,,,,,,,,,,,,,,,,,,,,,,,,,,,,,,,,,http://www.hds.utc.fr/tg/tbox#ObjectOrientedProgramming,,,,,,,,,,,,,,
http://www.hds.utc.fr/tg/tbox#Quizventure,,http://www.w3.org/2002/07/owl#NamedIndividual|http://www.hds.utc.fr/tg/tbox#GameElementResource,,,,,,,,,,,,,,,,,,,,,,,,,,,,,,,,,,,,,,,,,,,,,,,,,,,,,,,,,,,,,,,,,,,,
http://www.hds.utc.fr/tg/tbox#RFK_GE_TinyStash,,http://www.w3.org/2002/07/owl#NamedIndividual|http://www.hds.utc.fr/mc2sois/tbox#ReferenceKey,,,,,,,,,,,,,,,,,,,,,,,,,,,,,,,,,,,,,,,,,,,,http://www.hds.utc.fr/tg/tbox#IK_GE_TinyStash,,,,,,,,,,,,,,,,,,,,,,,,
http://www.hds.utc.fr/tg/tbox#RFK_L1_R1,,http://www.w3.org/2002/07/owl#NamedIndividual|http://www.hds.utc.fr/mc2sois/tbox#ReferenceKey,,,,,,,,,,,,,,,,,,,,,,,,,,,,,,,,,,,,,,,,,,,,http://www.hds.utc.fr/tg/tbox#JavaVariables,,,,,,,,,,,,,,,,,,,,,,,,
http://www.hds.utc.fr/tg/tbox#RFK_L1_R2,,http://www.w3.org/2002/07/owl#NamedIndividual|http://www.hds.utc.fr/mc2sois/tbox#ReferenceKey,,,,,,,,,,,,,,,,,,,,,,,,,,,,,,,,,,,,,,,,,,,,http://www.hds.utc.fr/tg/tbox#JavaStrings,,,,,,,,,,,,,,,,,,,,,,,,
http://www.hds.utc.fr/tg/tbox#taskJavaBasics,,http://www.w3.org/2002/07/owl#NamedIndividual|http://www.hds.utc.fr/mc2/tbox#IndexKey,,,,,,,,,,,,,,,,,,,,,,,,,,,,,,,,,,,,,,,,,,,,,,,,,http://www.hds.utc.fr/tg/tbox#OOPCourseCommunity,,,,,,,,,,,,,,,,,,,
http://www.hds.utc.fr/tg/tbox#RFK_L1_R7,,http://www.w3.org/2002/07/owl#NamedIndividual|http://www.hds.utc.fr/mc2sois/tbox#ReferenceKey,,,,,,,,,,,,,,,,,,,,,,,,,,,,,,,,,,,,,,,,,,,,http://www.hds.utc.fr/tg/tbox#JavaArithmeticOperations,,,,,,,,,,,,,,,,,,,,,,,,
http://www.hds.utc.fr/tg/tbox#RFK_L2_R6,,http://www.w3.org/2002/07/owl#NamedIndividual|http://www.hds.utc.fr/mc2sois/tbox#ReferenceKey,,,,,,,,,,,,,,,,,,,,,,,,,,,,,,,,,,,,,,,,,,,,http://www.hds.utc.fr/tg/tbox#TaskJavaClassesObjects,,,,,,,,,,,,,,,,,,,,,,,,
http://www.hds.utc.fr/tg/tbox#TaskJavaClassesObjects,,http://www.w3.org/2002/07/owl#NamedIndividual|http://www.hds.utc.fr/mc2/tbox#IndexKey,,,,,,,,,,,,,,,,,,,,,,,,,,,,,,,,,,,,,,,,,,,,,,,,,http://www.hds.utc.fr/tg/tbox#OOPCourseCommunity,,,,,,,,,,,,,,,,,,,
http://www.hds.utc.fr/tg/tbox#RFK_L3_R3,,http://www.w3.org/2002/07/owl#NamedIndividual|http://www.hds.utc.fr/mc2sois/tbox#ReferenceKey,,,,,,,,,,,,,,,,,,,,,,,,,,,,,,,,,,,,,,,,,,,,http://www.hds.utc.fr/tg/tbox#JavaThis,,,,,,,,,,,,,,,,,,,,,,,,
http://www.hds.utc.fr/tg/tbox#RFK_L3_R4,,http://www.w3.org/2002/07/owl#NamedIndividual|http://www.hds.utc.fr/mc2sois/tbox#ReferenceKey,,,,,,,,,,,,,,,,,,,,,,,,,,,,,,,,,,,,,,,,,,,,http://www.hds.utc.fr/tg/tbox#JavaStatic,,,,,,,,,,,,,,,,,,,,,,,,
http://www.hds.utc.fr/tg/tbox#TaskJavaClassesMethod,,http://www.w3.org/2002/07/owl#NamedIndividual|http://www.hds.utc.fr/mc2/tbox#IndexKey,,,,,,,,,,,,,,,,,,,,,,,,,,,,,,,,,,,,,,,,,,,,,,,,,http://www.hds.utc.fr/tg/tbox#OOPCourseCommunity,,,,,,,,,,,,,,,,,,,
http://www.hds.utc.fr/tg/tbox#RFK_L3_R6,,http://www.w3.org/2002/07/owl#NamedIndividual|http://www.hds.utc.fr/mc2sois/tbox#ReferenceKey,,,,,,,,,,,,,,,,,,,,,,,,,,,,,,,,,,,,,,,,,,,,http://www.hds.utc.fr/tg/tbox#JavaStaticFunctions,,,,,,,,,,,,,,,,,,,,,,,,
http://www.hds.utc.fr/tg/tbox#RFK_L4_R2,,http://www.w3.org/2002/07/owl#NamedIndividual|http://www.hds.utc.fr/mc2sois/tbox#ReferenceKey,,,,,,,,,,,,,,,,,,,,,,,,,,,,,,,,,,,,,,,,,,,,http://www.hds.utc.fr/tg/tbox#JavaSingleInheritance,,,,,,,,,,,,,,,,,,,,,,,,
http://www.hds.utc.fr/tg/tbox#RFK_L4_R4,,http://www.w3.org/2002/07/owl#NamedIndividual|http://www.hds.utc.fr/mc2sois/tbox#ReferenceKey,,,,,,,,,,,,,,,,,,,,,,,,,,,,,,,,,,,,,,,,,,,,http://www.hds.utc.fr/tg/tbox#JavaSuper,,,,,,,,,,,,,,,,,,,,,,,,
http://www.hds.utc.fr/tg/tbox#RFK_L4_R6,,http://www.w3.org/2002/07/owl#NamedIndividual|http://www.hds.utc.fr/mc2sois/tbox#ReferenceKey,,,,,,,,,,,,,,,,,,,,,,,,,,,,,,,,,,,,,,,,,,,,http://www.hds.utc.fr/tg/tbox#TaskJavaInheritance,,,,,,,,,,,,,,,,,,,,,,,,
http://www.hds.utc.fr/tg/tbox#TaskJavaInheritance,,http://www.w3.org/2002/07/owl#NamedIndividual|http://www.hds.utc.fr/mc2/tbox#IndexKey,,,,,,,,,,,,,,,,,,,,,,,,,,,,,,,,,,,,,,,,,,,,,,,,,http://www.hds.utc.fr/tg/tbox#OOPCourseCommunity,,,,,,,,,,,,,,,,,,,
http://www.hds.utc.fr/tg/tbox#RFK_L5_R1,,http://www.w3.org/2002/07/owl#NamedIndividual|http://www.hds.utc.fr/mc2sois/tbox#ReferenceKey,,,,,,,,,,,,,,,,,,,,,,,,,,,,,,,,,,,,,,,,,,,,http://www.hds.utc.fr/tg/tbox#JavaArgumentsParameters,,,,,,,,,,,,,,,,,,,,,,,,
http://www.hds.utc.fr/tg/tbox#RFK_L5_R2,,http://www.w3.org/2002/07/owl#NamedIndividual|http://www.hds.utc.fr/mc2sois/tbox#ReferenceKey,,,,,,,,,,,,,,,,,,,,,,,,,,,,,,,,,,,,,,,,,,,,http://www.hds.utc.fr/tg/tbox#JavaOverloading,,,,,,,,,,,,,,,,,,,,,,,,
http://www.hds.utc.fr/tg/tbox#RFK_L5_R3,,http://www.w3.org/2002/07/owl#NamedIndividual|http://www.hds.utc.fr/mc2sois/tbox#ReferenceKey,,,,,,,,,,,,,,,,,,,,,,,,,,,,,,,,,,,,,,,,,,,,http://www.hds.utc.fr/tg/tbox#JavaOverriding,,,,,,,,,,,,,,,,,,,,,,,,
http://www.hds.utc.fr/tg/tbox#RFK_L5_R4,,http://www.w3.org/2002/07/owl#NamedIndividual|http://www.hds.utc.fr/mc2sois/tbox#ReferenceKey,,,,,,,,,,,,,,,,,,,,,,,,,,,,,,,,,,,,,,,,,,,,http://www.hds.utc.fr/tg/tbox#TaskJavaPolymorphism,,,,,,,,,,,,,,,,,,,,,,,,
http://www.hds.utc.fr/tg/tbox#TaskJavaPolymorphism,,http://www.w3.org/2002/07/owl#NamedIndividual|http://www.hds.utc.fr/mc2/tbox#IndexKey,,,,,,,,,,,,,,,,,,,,,,,,,,,,,,,,,,,,,,,,,,,,,,,,,http://www.hds.utc.fr/tg/tbox#OOPCourseCommunity,,,,,,,,,,,,,,,,,,,
http://www.hds.utc.fr/tg/tbox#RFK_L5_R5,,http://www.w3.org/2002/07/owl#NamedIndividual|http://www.hds.utc.fr/mc2sois/tbox#ReferenceKey,,,,,,,,,,,,,,,,,,,,,,,,,,,,,,,,,,,,,,,,,,,,http://www.hds.utc.fr/tg/tbox#JavaOverloadedConstructors,,,,,,,,,,,,,,,,,,,,,,,,
http://www.hds.utc.fr/tg/tbox#RFK_L6_R1,,http://www.w3.org/2002/07/owl#NamedIndividual|http://www.hds.utc.fr/mc2sois/tbox#ReferenceKey,,,,,,,,,,,,,,,,,,,,,,,,,,,,,,,,,,,,,,,,,,,,http://www.hds.utc.fr/tg/tbox#JavaGUIElements,,,,,,,,,,,,,,,,,,,,,,,,
http://www.hds.utc.fr/tg/tbox#RFK_L6_R2,,http://www.w3.org/2002/07/owl#NamedIndividual|http://www.hds.utc.fr/mc2sois/tbox#ReferenceKey,,,,,,,,,,,,,,,,,,,,,,,,,,,,,,,,,,,,,,,,,,,,http://www.hds.utc.fr/tg/tbox#JavaFX,,,,,,,,,,,,,,,,,,,,,,,,
http://www.hds.utc.fr/tg/tbox#RFK_L6_R3,,http://www.w3.org/2002/07/owl#NamedIndividual|http://www.hds.utc.fr/mc2sois/tbox#ReferenceKey,,,,,,,,,,,,,,,,,,,,,,,,,,,,,,,,,,,,,,,,,,,,http://www.hds.utc.fr/tg/tbox#TaskJavaGUI,,,,,,,,,,,,,,,,,,,,,,,,
http://www.hds.utc.fr/tg/tbox#TaskJavaGUI,,http://www.w3.org/2002/07/owl#NamedIndividual|http://www.hds.utc.fr/mc2/tbox#IndexKey,,,,,,,,,,,,,,,,,,,,,,,,,,,,,,,,,,,,,,,,,,,,,,,,,http://www.hds.utc.fr/tg/tbox#OOPCourseCommunity,,,,,,,,,,,,,,,,,,,
http://www.hds.utc.fr/tg/tbox#RFK_L6_R4,,http://www.w3.org/2002/07/owl#NamedIndividual|http://www.hds.utc.fr/mc2sois/tbox#ReferenceKey,,,,,,,,,,,,,,,,,,,,,,,,,,,,,,,,,,,,,,,,,,,,http://www.hds.utc.fr/tg/tbox#JavaGUILinkedScreens,,,,,,,,,,,,,,,,,,,,,,,,
http://www.hds.utc.fr/tg/tbox#RFK_L7_R1,,http://www.w3.org/2002/07/owl#NamedIndividual|http://www.hds.utc.fr/mc2sois/tbox#ReferenceKey,,,,,,,,,,,,,,,,,,,,,,,,,,,,,,,,,,,,,,,,,,,,http://www.hds.utc.fr/tg/tbox#JavaEvents,,,,,,,,,,,,,,,,,,,,,,,,
http://www.hds.utc.fr/tg/tbox#RFK_L7_R2,,http://www.w3.org/2002/07/owl#NamedIndividual|http://www.hds.utc.fr/mc2sois/tbox#ReferenceKey,,,,,,,,,,,,,,,,,,,,,,,,,,,,,,,,,,,,,,,,,,,,http://www.hds.utc.fr/tg/tbox#JavaEventListener,,,,,,,,,,,,,,,,,,,,,,,,
http://www.hds.utc.fr/tg/tbox#RFK_L7_R3,,http://www.w3.org/2002/07/owl#NamedIndividual|http://www.hds.utc.fr/mc2sois/tbox#ReferenceKey,,,,,,,,,,,,,,,,,,,,,,,,,,,,,,,,,,,,,,,,,,,,http://www.hds.utc.fr/tg/tbox#JavaTaskEventHandlerListener,,,,,,,,,,,,,,,,,,,,,,,,
http://www.hds.utc.fr/tg/tbox#RFK_L7_R4,,http://www.w3.org/2002/07/owl#NamedIndividual|http://www.hds.utc.fr/mc2sois/tbox#ReferenceKey,,,,,,,,,,,,,,,,,,,,,,,,,,,,,,,,,,,,,,,,,,,,http://www.hds.utc.fr/tg/tbox#JavaEventTypes,,,,,,,,,,,,,,,,,,,,,,,,
http://www.hds.utc.fr/tg/tbox#RFK_L8_R1,,http://www.w3.org/2002/07/owl#NamedIndividual|http://www.hds.utc.fr/mc2sois/tbox#ReferenceKey,,,,,,,,,,,,,,,,,,,,,,,,,,,,,,,,,,,,,,,,,,,,http://www.hds.utc.fr/tg/tbox#JavaTryCatch,,,,,,,,,,,,,,,,,,,,,,,,
http://www.hds.utc.fr/tg/tbox#RFK_L8_R2,,http://www.w3.org/2002/07/owl#NamedIndividual|http://www.hds.utc.fr/mc2sois/tbox#ReferenceKey,,,,,,,,,,,,,,,,,,,,,,,,,,,,,,,,,,,,,,,,,,,,http://www.hds.utc.fr/tg/tbox#JavaExceptions,,,,,,,,,,,,,,,,,,,,,,,,
http://www.hds.utc.fr/tg/tbox#RFK_L8_R3,,http://www.w3.org/2002/07/owl#NamedIndividual|http://www.hds.utc.fr/mc2sois/tbox#ReferenceKey,,,,,,,,,,,,,,,,,,,,,,,,,,,,,,,,,,,,,,,,,,,,http://www.hds.utc.fr/tg/tbox#TaskJavaExceptions,,,,,,,,,,,,,,,,,,,,,,,,
http://www.hds.utc.fr/tg/tbox#TaskJavaExceptions,,http://www.w3.org/2002/07/owl#NamedIndividual|http://www.hds.utc.fr/mc2/tbox#IndexKey,,,,,,,,,,,,,,,,,,,,,,,,,,,,,,,,,,,,,,,,,,,,,,,,,http://www.hds.utc.fr/tg/tbox#OOPCourseCommunity,,,,,,,,,,,,,,,,,,,
http://www.hds.utc.fr/tg/tbox#RFK_L8_R4,,http://www.w3.org/2002/07/owl#NamedIndividual|http://www.hds.utc.fr/mc2sois/tbox#ReferenceKey,,,,,,,,,,,,,,,,,,,,,,,,,,,,,,,,,,,,,,,,,,,,http://www.hds.utc.fr/tg/tbox#JavaExceptionTypes,,,,,,,,,,,,,,,,,,,,,,,,
http://www.hds.utc.fr/tg/tbox#RFK_L9_R1,,http://www.w3.org/2002/07/owl#NamedIndividual|http://www.hds.utc.fr/mc2sois/tbox#ReferenceKey,,,,,,,,,,,,,,,,,,,,,,,,,,,,,,,,,,,,,,,,,,,,http://www.hds.utc.fr/tg/tbox#JavaFiles,,,,,,,,,,,,,,,,,,,,,,,,
http://www.hds.utc.fr/tg/tbox#RFK_L9_R2,,http://www.w3.org/2002/07/owl#NamedIndividual|http://www.hds.utc.fr/mc2sois/tbox#ReferenceKey,,,,,,,,,,,,,,,,,,,,,,,,,,,,,,,,,,,,,,,,,,,,http://www.hds.utc.fr/tg/tbox#JavaIOStreams,,,,,,,,,,,,,,,,,,,,,,,,
http://www.hds.utc.fr/tg/tbox#RFK_L9_R3,,http://www.w3.org/2002/07/owl#NamedIndividual|http://www.hds.utc.fr/mc2sois/tbox#ReferenceKey,,,,,,,,,,,,,,,,,,,,,,,,,,,,,,,,,,,,,,,,,,,,http://www.hds.utc.fr/tg/tbox#JavaDelimiters,,,,,,,,,,,,,,,,,,,,,,,,
http://www.hds.utc.fr/tg/tbox#RF_GE_STash,,http://www.w3.org/2002/07/owl#NamedIndividual|http://www.hds.utc.fr/mc2sois/tbox#ReferenceKey,,,,,,,,,,,,,,,,,,,,,,,,,,,,,,,,,,,,,,,,,,,,http://www.hds.utc.fr/tg/tbox#IK_GE_stash,,,,,,,,,,,,,,,,,,,,,,,,
http://www.hds.utc.fr/tg/tbox#Sara,,http://www.w3.org/2002/07/owl#NamedIndividual|http://www.w3.org/2000/10/swap/pim/contact#Person|http://www.hds.utc.fr/tco/tbox#Teacher|http://xmlns.com/foaf/0.1/Person,34.0,,,,,,,,,,,,,,,,,,,http://www.hds.utc.fr/tg/tbox#Participation,http://www.hds.utc.fr/tg/tbox#Beginner,http://www.hds.utc.fr/tg/tbox#PO1|http://www.hds.utc.fr/tg/tbox#effectively_use_the_built-in_data_types|http://www.hds.utc.fr/tg/tbox#recognizing_the_properties_of_the_built-in_data_types,,,,Explorer,,,,,,,,,,,,,http://www.hds.utc.fr/tg/tbox#Sara_12,,,,,,,,,,,,,,,,,,,,,,,,http://www.hds.utc.fr/tg/tbox#ObjectOrientedProgramming,,,,,http://www.hds.utc.fr/tg/tbox#Princeton_University
http://www.hds.utc.fr/tg/tbox#Sara_12,,http://www.w3.org/2002/07/owl#NamedIndividual|http://www.hds.utc.fr/mc2.1/tbox#UserAccount,,,,,,,,,,,,,,,,,,,,,,,,,,,,,,,,,,,,,,,,,,,,,,,,,,,http://www.hds.utc.fr/tg/tbox#OOPTeachers,,,,,,,,,,,,,,,,,
http://www.hds.utc.fr/tg/tbox#Task_about_Event_Handler_and_Listener,,http://www.w3.org/2002/07/owl#NamedIndividual|http://www.hds.utc.fr/tg/tbox#GamifiedResource,,,,,,,,,,,,,,,,,,,,,,,,http://www.hds.utc.fr/tg/tbox#Event_Listeners,,,,,,,,,,,,,,,,,,,,,,,,,,,,,,,,,,,,,,,,,,,,
http://www.hds.utc.fr/tg/tbox#achiever,,http://www.w3.org/2002/07/owl#NamedIndividual|_:b15,,,,,,,,,,,,,,,,,,,,,,,,,,,,,,,,,,,,,,,,,,,,,,,,,,,,,,,,,,,,,,,,,,,,
http://www.hds.utc.fr/tg/tbox#bonusPoints,,http://www.w3.org/2002/07/owl#NamedIndividual|http://www.hds.utc.fr/tg/tbox#BonusPoints,,,,,,,,,,,,,,,,,,,,,,,,,,,,,,,,,,,,,,,,,,,,,,,,,,,,,,,,,,,,,,,,,,,,
http://www.hds.utc.fr/tg/tbox#demo_GR1,,http://www.w3.org/2002/07/owl#NamedIndividual|http://www.hds.utc.fr/tg/tbox#GamifiedResource,,,,,,,,,,,,,http://www.hds.utc.fr/tg/tbox#Level_Up,,,,,,,,,,,,,,,,,,,,,,,,,,,,,,,,,,,,,,,,,,,,,,,,,,,,,,,
http://www.hds.utc.fr/tg/tbox#demo_GR2,,http://www.w3.org/2002/07/owl#NamedIndividual|http://www.hds.utc.fr/tg/tbox#GamifiedResource,,,,,,,,,,,,,http://www.hds.utc.fr/tg/tbox#Availability_Block_Game_by_level,,,,,,,,,,,,,,,,,,,,,,,,,,,,,,,,,,,,,,,,,,,,,,,,,,,,,,,
http://www.hds.utc.fr/tg/tbox#explorer,,http://www.w3.org/2002/07/owl#NamedIndividual|_:b16,,,,,,,,,,,,,,,,,,,,,,,,,,,,,,,,,,,,,,,,,,,,,,,,,,,,,,,,,,,,,,,,,,,,
http://www.hds.utc.fr/tg/tbox#gr,,http://www.w3.org/2002/07/owl#NamedIndividual|http://www.hds.utc.fr/tg/tbox#GamifiedResource,,,,,,,,,,,,,http://www.hds.utc.fr/tg/tbox#bonusPoints,,,,,,,,,,,,,,,,,,,,,,,,,,,,,,,,,,,,,,,,,,,,,,,,,,,,,,,
http://www.hds.utc.fr/tg/tbox#philanthropest,,http://www.w3.org/2002/07/owl#NamedIndividual|_:b17,,,,,,,,,,,,,,,,,,,,,,,,,,,,,,,,,,,,,,,,,,,,,,,,,,,,,,,,,,,,,,,,,,,,
http://www.hds.utc.fr/tg/tbox#resource_340,,http://www.w3.org/2002/07/owl#NamedIndividual,,,,,,,,,,,,,,,,,,,,,,,,,,,,,,,,,,,,,,,,,,,,,,,,,,,,,,,,,,,,,,,,,,,,
http://www.hds.utc.fr/tg/tbox#socializer,,http://www.w3.org/2002/07/owl#NamedIndividual|_:b18,,,,,,,,,,,,,,,,,,,,,,,,,,,,,,,,,,,,,,,,,,,,,,,,,,,,,,,,,,,,,,,,,,,,
http://www.hds.utc.fr/tg/tbox#visual,,http://www.w3.org/2002/07/owl#NamedIndividual|http://www.hds.utc.fr/tg/tbox#InputPole,,,,,,,,,,,,,,,,,,,,,,,,,,,,,,,,,,,,,,,,,,,,,,,,,,,,,,,,,,,,,,,,,,,,
http://www.hds.utc.fr/tg/tbox#Interactive_Content_–_H5P,,http://www.w3.org/2002/07/owl#NamedIndividual|http://www.hds.utc.fr/tg/tbox#GameElementResource,,,,,,,,,,,,,,,,,,,,,,,,,,,,,,,,,,,,,,,,,,,,,,,,,,,,,,,,,,,,,,,,,,,,
http://www.hds.utc.fr/tg/tbox#t,,http://www.w3.org/2003/11/swrl#Variable,,,,,,,,,,,,,,,,,,,,,,,,,,,,,,,,,,,,,,,,,,,,,,,,,,,,,,,,,,,,,,,,,,,,
http://www.hds.utc.fr/tg/tbox#o,,http://www.w3.org/2003/11/swrl#Variable,,,,,,,,,,,,,,,,,,,,,,,,,,,,,,,,,,,,,,,,,,,,,,,,,,,,,,,,,,,,,,,,,,,,
http://www.hds.utc.fr/tg/tbox#res,,http://www.w3.org/2003/11/swrl#Variable,,,,,,,,,,,,,,,,,,,,,,,,,,,,,,,,,,,,,,,,,,,,,,,,,,,,,,,,,,,,,,,,,,,,
http://www.hds.utc.fr/tg/tbox#l,,http://www.w3.org/2003/11/swrl#Variable,,,,,,,,,,,,,,,,,,,,,,,,,,,,,,,,,,,,,,,,,,,,,,,,,,,,,,,,,,,,,,,,,,,,
http://www.hds.utc.fr/tg/tbox#r,,http://www.w3.org/2003/11/swrl#Variable,,,,,,,,,,,,,,,,,,,,,,,,,,,,,,,,,,,,,,,,,,,,,,,,,,,,,,,,,,,,,,,,,,,,
http://www.hds.utc.fr/tg/tbox#t1,,http://www.w3.org/2003/11/swrl#Variable,,,,,,,,,,,,,,,,,,,,,,,,,,,,,,,,,,,,,,,,,,,,,,,,,,,,,,,,,,,,,,,,,,,,
http://www.hds.utc.fr/tg/tbox#t2,,http://www.w3.org/2003/11/swrl#Variable,,,,,,,,,,,,,,,,,,,,,,,,,,,,,,,,,,,,,,,,,,,,,,,,,,,,,,,,,,,,,,,,,,,,
http://www.hds.utc.fr/tg/tbox#e1,,http://www.w3.org/2003/11/swrl#Variable,,,,,,,,,,,,,,,,,,,,,,,,,,,,,,,,,,,,,,,,,,,,,,,,,,,,,,,,,,,,,,,,,,,,
http://www.hds.utc.fr/tg/tbox#e2,,http://www.w3.org/2003/11/swrl#Variable,,,,,,,,,,,,,,,,,,,,,,,,,,,,,,,,,,,,,,,,,,,,,,,,,,,,,,,,,,,,,,,,,,,,
http://www.hds.utc.fr/tg/tbox#l1,,http://www.w3.org/2003/11/swrl#Variable,,,,,,,,,,,,,,,,,,,,,,,,,,,,,,,,,,,,,,,,,,,,,,,,,,,,,,,,,,,,,,,,,,,,
http://www.hds.utc.fr/tg/tbox#l2,,http://www.w3.org/2003/11/swrl#Variable,,,,,,,,,,,,,,,,,,,,,,,,,,,,,,,,,,,,,,,,,,,,,,,,,,,,,,,,,,,,,,,,,,,,
http://www.hds.utc.fr/tg/tbox#b,,http://www.w3.org/2003/11/swrl#Variable,,,,,,,,,,,,,,,,,,,,,,,,,,,,,,,,,,,,,,,,,,,,,,,,,,,,,,,,,,,,,,,,,,,,
http://www.hds.utc.fr/tg/tbox#gep,,http://www.w3.org/2003/11/swrl#Variable,,,,,,,,,,,,,,,,,,,,,,,,,,,,,,,,,,,,,,,,,,,,,,,,,,,,,,,,,,,,,,,,,,,,
http://www.hds.utc.fr/tg/tbox#gel,,http://www.w3.org/2003/11/swrl#Variable,,,,,,,,,,,,,,,,,,,,,,,,,,,,,,,,,,,,,,,,,,,,,,,,,,,,,,,,,,,,,,,,,,,,
http://www.hds.utc.fr/tg/tbox#ge,,http://www.w3.org/2003/11/swrl#Variable,,,,,,,,,,,,,,,,,,,,,,,,,,,,,,,,,,,,,,,,,,,,,,,,,,,,,,,,,,,,,,,,,,,,
http://www.hds.utc.fr/tg/tbox#e,,http://www.w3.org/2003/11/swrl#Variable,,,,,,,,,,,,,,,,,,,,,,,,,,,,,,,,,,,,,,,,,,,,,,,,,,,,,,,,,,,,,,,,,,,,
http://www.hds.utc.fr/tg/tbox#GE,,http://www.w3.org/2003/11/swrl#Variable,,,,,,,,,,,,,,,,,,,,,,,,,,,,,,,,,,,,,,,,,,,,,,,,,,,,,,,,,,,,,,,,,,,,
http://www.hds.utc.fr/tg/tbox#ip,,http://www.w3.org/2003/11/swrl#Variable,,,,,,,,,,,,,,,,,,,,,,,,,,,,,,,,,,,,,,,,,,,,,,,,,,,,,,,,,,,,,,,,,,,,
http://www.hds.utc.fr/tg/tbox#pp,,http://www.w3.org/2003/11/swrl#Variable,,,,,,,,,,,,,,,,,,,,,,,,,,,,,,,,,,,,,,,,,,,,,,,,,,,,,,,,,,,,,,,,,,,,
_:b0,,http://www.w3.org/2002/07/owl#Restriction,,http://www.w3.org/ns/ssn/Deployment,,,,,,,,,,,,,,,,,,,,,,,,,,,,,,,,,,,,,,,,,,,,,,,,,,,,,http://www.w3.org/ns/ssn/hasDeployment,,,,,,,,,,,,,
_:b1,,http://www.w3.org/2002/07/owl#Restriction,,http://www.w3.org/ns/ssn/Deployment,,,,,,,,,,,,,,,,,,,,,,,,,,,,,,,,,,,,,,,,,,,,,,,,,,,,,http://www.w3.org/ns/ssn/hasDeployment,,,,,,,,,,,,,
_:b2,,http://www.w3.org/2002/07/owl#Class,,,,,,,,,,,,,,,,,,,,,,,,,,,,,,,,,,,,,,,,,,,,,,,,,,,,,,,,,,,,,,,,,_:b19,,,
_:b19,,,,,,,,,,,,,,,,,,,,,http://purl.org/ontology/bibo/Collection,,,,,,,,,,,,,,,,,,,,,,,,,,,,,,,,,,,,,,,,_:b20,,,,,,,,,
_:b20,,,,,,,,,,,,,,,,,,,,,http://purl.org/ontology/bibo/Document,,,,,,,,,,,,,,,,,,,,,,,,,,,,,,,,,,,,,,,,http://www.w3.org/1999/02/22-rdf-syntax-ns#nil,,,,,,,,,
_:b3,,http://www.w3.org/2002/07/owl#Restriction,,http://www.w3.org/ns/ssn/Deployment,,,,,,,,,,,,,,,,,,,,,,,,,,,,,,,,,,,,,,,,,,,,,,,,,,,,,http://www.w3.org/ns/ssn/hasDeployment,,,,,,,,,,,,,
_:b4,,http://www.w3.org/2002/07/owl#Restriction,,http://www.w3.org/ns/ssn/Deployment,,,,,,,,,,,,,,,,,,,,,,,,,,,,,,,,,,,,,,,,,,,,,,,,,,,,,http://www.w3.org/ns/ssn/hasDeployment,,,,,,,,,,,,,
_:b5,,http://www.w3.org/2002/07/owl#Restriction,,http://www.w3.org/ns/ssn/Stimulus,,,,,,,,,,,,,,,,,,,,,,,,,,,,,,,,,,,,,,,,,,,,,,,,,,,,,http://www.w3.org/ns/ssn/detects,,,,,,,,,,,,,
_:b6,,http://www.w3.org/2002/07/owl#Restriction,,http://www.w3.org/ns/ssn/System,,,,,,,,,,,,,,,,,,,,,,,,,,,,,,,,,,,,,,,,,,,,,,,,,,,,,http://www.w3.org/ns/ssn/hasSubSystem,,,,,,,,,,,,,
_:b7,,http://www.w3.org/2002/07/owl#Restriction,,http://www.w3.org/ns/ssn/System,,,,,,,,,,,,,,,,,,,,,,,,,,,,,,,,,,,,,,,,,,,,,,,,,,,,,http://www.w3.org/ns/ssn/hasSubSystem,,,,,,,,,,,,,
_:b8,,http://www.w3.org/2002/07/owl#Class,,,,,,,,,,,,,,,,,,,,,,,,,,,,,,,,,,,,,,,,,,,,,,,,,,,,,,,,,,,,,,,,,_:b21,,,
_:b21,,,,,,,,,,,,,,,,,,,,,http://purl.org/ontology/bibo/Collection,,,,,,,,,,,,,,,,,,,,,,,,,,,,,,,,,,,,,,,,_:b22,,,,,,,,,
_:b22,,,,,,,,,,,,,,,,,,,,,http://purl.org/ontology/bibo/Document,,,,,,,,,,,,,,,,,,,,,,,,,,,,,,,,,,,,,,,,http://www.w3.org/1999/02/22-rdf-syntax-ns#nil,,,,,,,,,
_:b9,,http://www.w3.org/2002/07/owl#Restriction,,http://www.w3.org/ns/sosa/Sensor,,,,,,,,,,,,,,,,,,,,,,,,,,,,,,,,,,,,,,,,,,,,,,,,,,,,,http://www.w3.org/ns/sosa/madeBySensor,,,,,,,,,,,,,
_:b10,,http://www.w3.org/2002/07/owl#Restriction,,,,,,,,,,,,,,,,,,,,,,,,,,,,,,,,,,,,,,,,,,,,,,,,,,,,,,,http://www.w3.org/2002/07/owl#topDataProperty,,,,,http://www.w3.org/2000/01/rdf-schema#Literal,,,,,,,,
_:b11,,http://www.w3.org/2002/07/owl#Class,,,,,,,,,,,,,,,,,,,,,,,,,,,,,,,,,,,,,,,,,,,,,,,,,,,,,,,,,,,,,,,,,_:b23,,,
_:b23,,,,,,,,,,,,,,,,,,,,,_:b24,,,,,,,,,,,,,,,,,,,,,,,,,,,,,,,,,,,,,,,,_:b25,,,,,,,,,
_:b24,,http://www.w3.org/2002/07/owl#Class,,,,,,,,,,,,,,,,,,,,,,,,,,,,,,,,,,,,,,,,,,,,,_:b26,,,,,,,,,,,,,,,,,,,,,,,
_:b26,,,,,,,,,,,,,,,,,,,,,_:b27,,,,,,,,,,,,,,,,,,,,,,,,,,,,,,,,,,,,,,,,_:b28,,,,,,,,,
_:b27,,http://www.w3.org/2002/07/owl#Restriction,,,,,,,,,,,,,,,,,,,,,,,,,,,,,,,,,,,,,,,,,,,,,,,,,,,,,,,http://www.w3.org/2006/vcard/ns#additional-name,,,,,http://www.w3.org/2001/XMLSchema#string,,,,,,,,
_:b28,,,,,,,,,,,,,,,,,,,,,_:b29,,,,,,,,,,,,,,,,,,,,,,,,,,,,,,,,,,,,,,,,http://www.w3.org/1999/02/22-rdf-syntax-ns#nil,,,,,,,,,
_:b29,,http://www.w3.org/2002/07/owl#Restriction,,,,,,,,,,,,,,,,,,,,,,,,,,,,,,,,,,,,,,,,,,,,,,,,,,,,0,,,http://www.w3.org/2006/vcard/ns#additional-name,,,,,,,,,,,,,
_:b25,,,,,,,,,,,,,,,,,,,,,_:b30,,,,,,,,,,,,,,,,,,,,,,,,,,,,,,,,,,,,,,,,_:b31,,,,,,,,,
_:b30,,http://www.w3.org/2002/07/owl#Class,,,,,,,,,,,,,,,,,,,,,,,,,,,,,,,,,,,,,,,,,,,,,_:b32,,,,,,,,,,,,,,,,,,,,,,,
_:b32,,,,,,,,,,,,,,,,,,,,,_:b33,,,,,,,,,,,,,,,,,,,,,,,,,,,,,,,,,,,,,,,,_:b34,,,,,,,,,
_:b33,,http://www.w3.org/2002/07/owl#Restriction,,,,,,,,,,,,,,,,,,,,,,,,,,,,,,,,,,,,,,,,,,,,,,,,,,,,,,,http://www.w3.org/2006/vcard/ns#family-name,,,,,http://www.w3.org/2001/XMLSchema#string,,,,,,,,
_:b34,,,,,,,,,,,,,,,,,,,,,_:b35,,,,,,,,,,,,,,,,,,,,,,,,,,,,,,,,,,,,,,,,http://www.w3.org/1999/02/22-rdf-syntax-ns#nil,,,,,,,,,
_:b35,,http://www.w3.org/2002/07/owl#Restriction,,,,,,,,,,,,,,,,,,,,,,,,,,,,,,,,,,,,,,,,,,,,,,,,,,1,,,,,http://www.w3.org/2006/vcard/ns#family-name,,,,,,,,,,,,,
_:b31,,,,,,,,,,,,,,,,,,,,,_:b36,,,,,,,,,,,,,,,,,,,,,,,,,,,,,,,,,,,,,,,,_:b37,,,,,,,,,
_:b36,,http://www.w3.org/2002/07/owl#Class,,,,,,,,,,,,,,,,,,,,,,,,,,,,,,,,,,,,,,,,,,,,,_:b38,,,,,,,,,,,,,,,,,,,,,,,
_:b38,,,,,,,,,,,,,,,,,,,,,_:b39,,,,,,,,,,,,,,,,,,,,,,,,,,,,,,,,,,,,,,,,_:b40,,,,,,,,,
_:b39,,http://www.w3.org/2002/07/owl#Restriction,,,,,,,,,,,,,,,,,,,,,,,,,,,,,,,,,,,,,,,,,,,,,,,,,,,,,,,http://www.w3.org/2006/vcard/ns#given-name,,,,,http://www.w3.org/2001/XMLSchema#string,,,,,,,,
_:b40,,,,,,,,,,,,,,,,,,,,,_:b41,,,,,,,,,,,,,,,,,,,,,,,,,,,,,,,,,,,,,,,,http://www.w3.org/1999/02/22-rdf-syntax-ns#nil,,,,,,,,,
_:b41,,http://www.w3.org/2002/07/owl#Restriction,,,,,,,,,,,,,,,,,,,,,,,,,,,,,,,,,,,,,,,,,,,,,,,,,,1,,,,,http://www.w3.org/2006/vcard/ns#given-name,,,,,,,,,,,,,
_:b37,,,,,,,,,,,,,,,,,,,,,_:b42,,,,,,,,,,,,,,,,,,,,,,,,,,,,,,,,,,,,,,,,_:b43,,,,,,,,,
_:b42,,http://www.w3.org/2002/07/owl#Class,,,,,,,,,,,,,,,,,,,,,,,,,,,,,,,,,,,,,,,,,,,,,_:b44,,,,,,,,,,,,,,,,,,,,,,,
_:b44,,,,,,,,,,,,,,,,,,,,,_:b45,,,,,,,,,,,,,,,,,,,,,,,,,,,,,,,,,,,,,,,,_:b46,,,,,,,,,
_:b45,,http://www.w3.org/2002/07/owl#Restriction,,,,,,,,,,,,,,,,,,,,,,,,,,,,,,,,,,,,,,,,,,,,,,,,,,,,,,,http://www.w3.org/2006/vcard/ns#honorific-prefix,,,,,http://www.w3.org/2001/XMLSchema#string,,,,,,,,
_:b46,,,,,,,,,,,,,,,,,,,,,_:b47,,,,,,,,,,,,,,,,,,,,,,,,,,,,,,,,,,,,,,,,http://www.w3.org/1999/02/22-rdf-syntax-ns#nil,,,,,,,,,
_:b47,,http://www.w3.org/2002/07/owl#Restriction,,,,,,,,,,,,,,,,,,,,,,,,,,,,,,,,,,,,,,,,,,,,,,,,,,,,0,,,http://www.w3.org/2006/vcard/ns#honorific-prefix,,,,,,,,,,,,,
_:b43,,,,,,,,,,,,,,,,,,,,,_:b48,,,,,,,,,,,,,,,,,,,,,,,,,,,,,,,,,,,,,,,,http://www.w3.org/1999/02/22-rdf-syntax-ns#nil,,,,,,,,,
_:b48,,http://www.w3.org/2002/07/owl#Class,,,,,,,,,,,,,,,,,,,,,,,,,,,,,,,,,,,,,,,,,,,,,_:b49,,,,,,,,,,,,,,,,,,,,,,,
_:b49,,,,,,,,,,,,,,,,,,,,,_:b50,,,,,,,,,,,,,,,,,,,,,,,,,,,,,,,,,,,,,,,,_:b51,,,,,,,,,
_:b50,,http://www.w3.org/2002/07/owl#Restriction,,,,,,,,,,,,,,,,,,,,,,,,,,,,,,,,,,,,,,,,,,,,,,,,,,,,,,,http://www.w3.org/2006/vcard/ns#honorific-suffix,,,,,http://www.w3.org/2001/XMLSchema#string,,,,,,,,
_:b51,,,,,,,,,,,,,,,,,,,,,_:b52,,,,,,,,,,,,,,,,,,,,,,,,,,,,,,,,,,,,,,,,http://www.w3.org/1999/02/22-rdf-syntax-ns#nil,,,,,,,,,
_:b52,,http://www.w3.org/2002/07/owl#Restriction,,,,,,,,,,,,,,,,,,,,,,,,,,,,,,,,,,,,,,,,,,,,,,,,,,,,0,,,http://www.w3.org/2006/vcard/ns#honorific-suffix,,,,,,,,,,,,,
_:b12,,http://www.w3.org/2002/07/owl#Class,,,,,,,,,,,,,,,,,,,,,,,,,,,,,,,,,,,,,,,,,,,,,,,,,,,,,,,,,,,,,,,,,_:b53,,,
_:b53,,,,,,,,,,,,,,,,,,,,,http://purl.org/ontology/bibo/Collection,,,,,,,,,,,,,,,,,,,,,,,,,,,,,,,,,,,,,,,,_:b54,,,,,,,,,
_:b54,,,,,,,,,,,,,,,,,,,,,http://purl.org/ontology/bibo/Document,,,,,,,,,,,,,,,,,,,,,,,,,,,,,,,,,,,,,,,,http://www.w3.org/1999/02/22-rdf-syntax-ns#nil,,,,,,,,,
_:b13,,http://www.w3.org/2002/07/owl#Restriction,,http://www.w3.org/ns/sosa/FeatureOfInterest,,,,,,,,,,,,,,,,,,,,,,,,,,,,,,,,,,,,,,,,,,,,,,,,,,,,,http://www.w3.org/ns/ssn/isPropertyOf,,,,,,,,,,,,,
_:b14,,http://www.w3.org/2002/07/owl#Restriction,,http://www.w3.org/ns/ssn/Deployment,,,,,,,,,,,,,,,,,,,,,,,,,,,,,,,,,,,,,,,,,,,,,,,,,,,,,http://www.w3.org/ns/ssn/hasDeployment,,,,,,,,,,,,,
_:b15,,http://www.w3.org/2002/07/owl#Restriction,,,,,,,,,,,,,,,,,,,,,,,,,,,,,,,,,,,,,,,,,,,,,,,,,,,,,,,http://www.hds.utc.fr/tg/tbox#has_PlayingStyle,,,,,http://www.w3.org/2000/01/rdf-schema#Literal,,,,,,,,
_:b16,,http://www.w3.org/2002/07/owl#Restriction,,,,,,,,1,,,,,,,,,,,,,,,,,,,,,,,,,,,,,,,,,,,,,,,,,,,,,,,http://www.hds.utc.fr/tg/tbox#has_PlayingStyle,,,,,,,,,,,,,
_:b17,,http://www.w3.org/2002/07/owl#Restriction,,,,,,,,,,,,,,,,,,,,,,,,,,,,,,,,,,,,,,,,,,,,,,,,,,,,,,,http://www.hds.utc.fr/tg/tbox#has_PlayingStyle,,,,,http://www.w3.org/2000/01/rdf-schema#Literal,,,,,,,,
_:b18,,http://www.w3.org/2002/07/owl#Restriction,,,,,,,,,,,,,,,,,,,,,,,,,,,,,,,,,,,,,,,,,,,,,,,,,,,,,,,http://www.hds.utc.fr/tg/tbox#has_PlayingStyle,,,,,http://www.w3.org/2000/01/rdf-schema#Literal,,,,,,,,
_:b55,,,,,,,,,,,,,,,,,,,,,,,,,,,,,,,,,,,,,,,,,,,,,,,,,,,,,,,,,,,,,,,,,,,_:b56,,,
_:b57,,,,,,,,,,,,,,,,,,,,,,,,,,,,,,,,,,,,,,,,,,,,,,,,,,,,,,,1,,,,,,,,,,,,,,,
_:b58,,,,,,,,,,,,,,,,,,,,,,,,,,,,,,,,,,,,,,,,,,,,,,,,,,,,,,,1,,,,,,,,,,,,,,,
_:b59,,http://www.w3.org/2002/07/owl#Restriction,,http://purl.org/ontology/bibo/LegalDocument,,,,,,,,,,,,,,,,,,,,,,,,,,,,,,,,,,,,,,,,,,,,,,,,,,,,,http://purl.org/dc/terms/hasPart,,,,,,_:b60,,,,,,,
_:b60,,http://www.w3.org/2002/07/owl#Restriction,,http://org.semanticweb.owlapi/error#Error1,,,,,,,,,,,,,,,,,,,,,,,,,,,,,,,,,,,,,,,,,,,,,,,,,,,,,http://purl.org/dc/terms/hasPart,,,,,,,,,,,,,
_:b61,,http://www.w3.org/2002/07/owl#Restriction,,http://purl.org/ontology/bibo/LegalDocument,,,,,,,,,,,,,,,,,,,,,,,,,,,,,,,,,,,,,,,,,,,,,,,,,,,,,http://purl.org/dc/terms/hasPart,,,,,,_:b62,,,,,,,
_:b62,,http://www.w3.org/2002/07/owl#Restriction,,http://purl.org/ontology/bibo/Document,,,,,,,,,,,,,,,,,,,,,,,,,,,,,,,,,,,,,,,,,,,,,,,,,,,,,http://purl.org/dc/terms/hasPart,,,,,,,,,,,,,
_:b63,Behavioural Objectives 2,http://www.w3.org/2003/11/swrl#Imp,,,,,,_:b64,,,,determine iof the teacher's objective is behavioural objective,,,,,,,,,,,,,,,,,,,,,,,,,,,,,,,_:b65,,,,,,,true,,,,,,,,,,,,,,,,,,,,
_:b64,,http://www.w3.org/2003/11/swrl#AtomList,,,,,,,,,,,,,,,,,,,_:b66,,,,,,,,,,,,,,,,,,,,,,,,,,,,,,,,,,,,,,,,_:b67,,,,,,,,,
_:b66,,http://www.w3.org/2003/11/swrl#ClassAtom,,,http://www.hds.utc.fr/tg/tbox#t,,,,,,http://www.hds.utc.fr/tco/tbox#Teacher,,,,,,,,,,,,,,,,,,,,,,,,,,,,,,,,,,,,,,,,,,,,,,,,,,,,,,,,,,,
_:b67,,http://www.w3.org/2003/11/swrl#AtomList,,,,,,,,,,,,,,,,,,,_:b68,,,,,,,,,,,,,,,,,,,,,,,,,,,,,,,,,,,,,,,,_:b69,,,,,,,,,
_:b68,,http://www.w3.org/2003/11/swrl#IndividualPropertyAtom,,,http://www.hds.utc.fr/tg/tbox#t,http://www.hds.utc.fr/tg/tbox#o,,,,,,,,,,,,,,,,,,,,,,,,,,,,,,,,,,,,,,,,,,,,,,,,,,,,,http://www.hds.utc.fr/tg/tbox#hasObjective,,,,,,,,,,,
_:b69,,http://www.w3.org/2003/11/swrl#AtomList,,,,,,,,,,,,,,,,,,,_:b70,,,,,,,,,,,,,,,,,,,,,,,,,,,,,,,,,,,,,,,,http://www.w3.org/1999/02/22-rdf-syntax-ns#nil,,,,,,,,,
_:b70,,http://www.w3.org/2003/11/swrl#BuiltinAtom,,,,,_:b71,,http://www.w3.org/2003/11/swrlb#stringEqualIgnoreCase,,,,,,,,,,,,,,,,,,,,,,,,,,,,,,,,,,,,,,,,,,,,,,,,,,,,,,,,,,,,,
_:b71,,http://www.w3.org/1999/02/22-rdf-syntax-ns#List,,,,,,,,,,,,,,,,,,,http://www.hds.utc.fr/tg/tbox#o,,,,,,,,,,,,,,,,,,,,,,,,,,,,,,,,,,,,,,,,_:b72,,,,,,,,,
_:b72,,http://www.w3.org/1999/02/22-rdf-syntax-ns#List,,,,,,,,,,,,,,,,,,,Participation,,,,,,,,,,,,,,,,,,,,,,,,,,,,,,,,,,,,,,,,http://www.w3.org/1999/02/22-rdf-syntax-ns#nil,,,,,,,,,
_:b65,,http://www.w3.org/2003/11/swrl#AtomList,,,,,,,,,,,,,,,,,,,_:b73,,,,,,,,,,,,,,,,,,,,,,,,,,,,,,,,,,,,,,,,http://www.w3.org/1999/02/22-rdf-syntax-ns#nil,,,,,,,,,
_:b73,,http://www.w3.org/2003/11/swrl#ClassAtom,,,http://www.hds.utc.fr/tg/tbox#o,,,,,,http://www.hds.utc.fr/tg/tbox#BehaviouralObjective,,,,,,,,,,,,,,,,,,,,,,,,,,,,,,,,,,,,,,,,,,,,,,,,,,,,,,,,,,,
_:b74,Behavioural Objectives 3,http://www.w3.org/2003/11/swrl#Imp,,,,,,_:b75,,,,determine iof the teacher's objective is behavioural objective,,,,,,,,,,,,,,,,,,,,,,,,,,,,,,,_:b76,,,,,,,true,,,,,,,,,,,,,,,,,,,,
_:b75,,http://www.w3.org/2003/11/swrl#AtomList,,,,,,,,,,,,,,,,,,,_:b77,,,,,,,,,,,,,,,,,,,,,,,,,,,,,,,,,,,,,,,,_:b78,,,,,,,,,
_:b77,,http://www.w3.org/2003/11/swrl#ClassAtom,,,http://www.hds.utc.fr/tg/tbox#t,,,,,,http://www.hds.utc.fr/tco/tbox#Teacher,,,,,,,,,,,,,,,,,,,,,,,,,,,,,,,,,,,,,,,,,,,,,,,,,,,,,,,,,,,
_:b78,,http://www.w3.org/2003/11/swrl#AtomList,,,,,,,,,,,,,,,,,,,_:b79,,,,,,,,,,,,,,,,,,,,,,,,,,,,,,,,,,,,,,,,_:b80,,,,,,,,,
_:b79,,http://www.w3.org/2003/11/swrl#IndividualPropertyAtom,,,http://www.hds.utc.fr/tg/tbox#t,http://www.hds.utc.fr/tg/tbox#o,,,,,,,,,,,,,,,,,,,,,,,,,,,,,,,,,,,,,,,,,,,,,,,,,,,,,http://www.hds.utc.fr/tg/tbox#hasObjective,,,,,,,,,,,
_:b80,,http://www.w3.org/2003/11/swrl#AtomList,,,,,,,,,,,,,,,,,,,_:b81,,,,,,,,,,,,,,,,,,,,,,,,,,,,,,,,,,,,,,,,http://www.w3.org/1999/02/22-rdf-syntax-ns#nil,,,,,,,,,
_:b81,,http://www.w3.org/2003/11/swrl#BuiltinAtom,,,,,_:b82,,http://www.w3.org/2003/11/swrlb#stringEqualIgnoreCase,,,,,,,,,,,,,,,,,,,,,,,,,,,,,,,,,,,,,,,,,,,,,,,,,,,,,,,,,,,,,
_:b82,,http://www.w3.org/1999/02/22-rdf-syntax-ns#List,,,,,,,,,,,,,,,,,,,http://www.hds.utc.fr/tg/tbox#o,,,,,,,,,,,,,,,,,,,,,,,,,,,,,,,,,,,,,,,,_:b83,,,,,,,,,
_:b83,,http://www.w3.org/1999/02/22-rdf-syntax-ns#List,,,,,,,,,,,,,,,,,,,Performance,,,,,,,,,,,,,,,,,,,,,,,,,,,,,,,,,,,,,,,,http://www.w3.org/1999/02/22-rdf-syntax-ns#nil,,,,,,,,,
_:b76,,http://www.w3.org/2003/11/swrl#AtomList,,,,,,,,,,,,,,,,,,,_:b84,,,,,,,,,,,,,,,,,,,,,,,,,,,,,,,,,,,,,,,,http://www.w3.org/1999/02/22-rdf-syntax-ns#nil,,,,,,,,,
_:b84,,http://www.w3.org/2003/11/swrl#ClassAtom,,,http://www.hds.utc.fr/tg/tbox#o,,,,,,http://www.hds.utc.fr/tg/tbox#BehaviouralObjective,,,,,,,,,,,,,,,,,,,,,,,,,,,,,,,,,,,,,,,,,,,,,,,,,,,,,,,,,,,
_:b85,MoreExpertTeacher,http://www.w3.org/2003/11/swrl#Imp,,,,,,_:b86,,,,Identify the more expert teacher between two teachers,,,,,,,,,,,,,,,,,,,,,,,,,,,,,,,_:b87,,,,,,,true,,,,,,,,,,,,,,,,,,,,
_:b86,,http://www.w3.org/2003/11/swrl#AtomList,,,,,,,,,,,,,,,,,,,_:b88,,,,,,,,,,,,,,,,,,,,,,,,,,,,,,,,,,,,,,,,_:b89,,,,,,,,,
_:b88,,http://www.w3.org/2003/11/swrl#ClassAtom,,,http://www.hds.utc.fr/tg/tbox#t1,,,,,,http://www.hds.utc.fr/tco/tbox#Teacher,,,,,,,,,,,,,,,,,,,,,,,,,,,,,,,,,,,,,,,,,,,,,,,,,,,,,,,,,,,
_:b89,,http://www.w3.org/2003/11/swrl#AtomList,,,,,,,,,,,,,,,,,,,_:b90,,,,,,,,,,,,,,,,,,,,,,,,,,,,,,,,,,,,,,,,_:b91,,,,,,,,,
_:b90,,http://www.w3.org/2003/11/swrl#ClassAtom,,,http://www.hds.utc.fr/tg/tbox#t2,,,,,,http://www.hds.utc.fr/tco/tbox#Teacher,,,,,,,,,,,,,,,,,,,,,,,,,,,,,,,,,,,,,,,,,,,,,,,,,,,,,,,,,,,
_:b91,,http://www.w3.org/2003/11/swrl#AtomList,,,,,,,,,,,,,,,,,,,_:b92,,,,,,,,,,,,,,,,,,,,,,,,,,,,,,,,,,,,,,,,_:b93,,,,,,,,,
_:b92,,http://www.w3.org/2003/11/swrl#IndividualPropertyAtom,,,http://www.hds.utc.fr/tg/tbox#t1,http://www.hds.utc.fr/tg/tbox#e1,,,,,,,,,,,,,,,,,,,,,,,,,,,,,,,,,,,,,,,,,,,,,,,,,,,,,http://www.hds.utc.fr/tg/tbox#hasExperience,,,,,,,,,,,
_:b93,,http://www.w3.org/2003/11/swrl#AtomList,,,,,,,,,,,,,,,,,,,_:b94,,,,,,,,,,,,,,,,,,,,,,,,,,,,,,,,,,,,,,,,_:b95,,,,,,,,,
_:b94,,http://www.w3.org/2003/11/swrl#IndividualPropertyAtom,,,http://www.hds.utc.fr/tg/tbox#t2,http://www.hds.utc.fr/tg/tbox#e2,,,,,,,,,,,,,,,,,,,,,,,,,,,,,,,,,,,,,,,,,,,,,,,,,,,,,http://www.hds.utc.fr/tg/tbox#hasExperience,,,,,,,,,,,
_:b95,,http://www.w3.org/2003/11/swrl#AtomList,,,,,,,,,,,,,,,,,,,_:b96,,,,,,,,,,,,,,,,,,,,,,,,,,,,,,,,,,,,,,,,_:b97,,,,,,,,,
_:b96,,http://www.w3.org/2003/11/swrl#ClassAtom,,,http://www.hds.utc.fr/tg/tbox#e1,,,,,,http://www.hds.utc.fr/tg/tbox#GamificationExperience,,,,,,,,,,,,,,,,,,,,,,,,,,,,,,,,,,,,,,,,,,,,,,,,,,,,,,,,,,,
_:b97,,http://www.w3.org/2003/11/swrl#AtomList,,,,,,,,,,,,,,,,,,,_:b98,,,,,,,,,,,,,,,,,,,,,,,,,,,,,,,,,,,,,,,,_:b99,,,,,,,,,
_:b98,,http://www.w3.org/2003/11/swrl#ClassAtom,,,http://www.hds.utc.fr/tg/tbox#e2,,,,,,http://www.hds.utc.fr/tg/tbox#GamificationExperience,,,,,,,,,,,,,,,,,,,,,,,,,,,,,,,,,,,,,,,,,,,,,,,,,,,,,,,,,,,
_:b99,,http://www.w3.org/2003/11/swrl#AtomList,,,,,,,,,,,,,,,,,,,_:b100,,,,,,,,,,,,,,,,,,,,,,,,,,,,,,,,,,,,,,,,_:b101,,,,,,,,,
_:b100,,http://www.w3.org/2003/11/swrl#DatavaluedPropertyAtom,,,http://www.hds.utc.fr/tg/tbox#e1,http://www.hds.utc.fr/tg/tbox#l1,,,,,,,,,,,,,,,,,,,,,,,,,,,,,,,,,,,,,,,,,,,,,,,,,,,,,http://www.hds.utc.fr/tg/tbox#experienceLevel,,,,,,,,,,,
_:b101,,http://www.w3.org/2003/11/swrl#AtomList,,,,,,,,,,,,,,,,,,,_:b102,,,,,,,,,,,,,,,,,,,,,,,,,,,,,,,,,,,,,,,,_:b103,,,,,,,,,
_:b102,,http://www.w3.org/2003/11/swrl#DatavaluedPropertyAtom,,,http://www.hds.utc.fr/tg/tbox#e2,http://www.hds.utc.fr/tg/tbox#l2,,,,,,,,,,,,,,,,,,,,,,,,,,,,,,,,,,,,,,,,,,,,,,,,,,,,,http://www.hds.utc.fr/tg/tbox#experienceLevel,,,,,,,,,,,
_:b103,,http://www.w3.org/2003/11/swrl#AtomList,,,,,,,,,,,,,,,,,,,_:b104,,,,,,,,,,,,,,,,,,,,,,,,,,,,,,,,,,,,,,,,http://www.w3.org/1999/02/22-rdf-syntax-ns#nil,,,,,,,,,
_:b104,,http://www.w3.org/2003/11/swrl#BuiltinAtom,,,,,_:b105,,http://www.w3.org/2003/11/swrlb#greaterThan,,,,,,,,,,,,,,,,,,,,,,,,,,,,,,,,,,,,,,,,,,,,,,,,,,,,,,,,,,,,,
_:b105,,,,,,,,,,,,,,,,,,,,,http://www.hds.utc.fr/tg/tbox#l2,,,,,,,,,,,,,,,,,,,,,,,,,,,,,,,,,,,,,,,,_:b106,,,,,,,,,
_:b106,,,,,,,,,,,,,,,,,,,,,http://www.hds.utc.fr/tg/tbox#l1,,,,,,,,,,,,,,,,,,,,,,,,,,,,,,,,,,,,,,,,http://www.w3.org/1999/02/22-rdf-syntax-ns#nil,,,,,,,,,
_:b87,,http://www.w3.org/2003/11/swrl#AtomList,,,,,,,,,,,,,,,,,,,_:b107,,,,,,,,,,,,,,,,,,,,,,,,,,,,,,,,,,,,,,,,http://www.w3.org/1999/02/22-rdf-syntax-ns#nil,,,,,,,,,
_:b107,,http://www.w3.org/2003/11/swrl#IndividualPropertyAtom,,,http://www.hds.utc.fr/tg/tbox#t2,http://www.hds.utc.fr/tg/tbox#t1,,,,,,,,,,,,,,,,,,,,,,,,,,,,,,,,,,,,,,,,,,,,,,,,,,,,,http://www.hds.utc.fr/tg/tbox#isMoreExpertThan,,,,,,,,,,,
_:b108,GR-Bonus 1,http://www.w3.org/2003/11/swrl#Imp,,,,,,_:b109,,,,check if gr has bonus then voluntary,,,,,,,,,,,,,,,,,,,,,,,,,,,,,,,_:b110,,,,,,,true,,,,,,,,,,,,,,,,,,,,
_:b109,,http://www.w3.org/2003/11/swrl#AtomList,,,,,,,,,,,,,,,,,,,_:b111,,,,,,,,,,,,,,,,,,,,,,,,,,,,,,,,,,,,,,,,_:b112,,,,,,,,,
_:b111,,http://www.w3.org/2003/11/swrl#ClassAtom,,,http://www.hds.utc.fr/tg/tbox#res,,,,,,http://www.hds.utc.fr/tg/tbox#GamifiedResource,,,,,,,,,,,,,,,,,,,,,,,,,,,,,,,,,,,,,,,,,,,,,,,,,,,,,,,,,,,
_:b112,,http://www.w3.org/2003/11/swrl#AtomList,,,,,,,,,,,,,,,,,,,_:b113,,,,,,,,,,,,,,,,,,,,,,,,,,,,,,,,,,,,,,,,_:b114,,,,,,,,,
_:b113,,http://www.w3.org/2003/11/swrl#IndividualPropertyAtom,,,http://www.hds.utc.fr/tg/tbox#res,http://www.hds.utc.fr/tg/tbox#b,,,,,,,,,,,,,,,,,,,,,,,,,,,,,,,,,,,,,,,,,,,,,,,,,,,,,http://www.hds.utc.fr/tg/tbox#containsGameElement,,,,,,,,,,,
_:b114,,http://www.w3.org/2003/11/swrl#AtomList,,,,,,,,,,,,,,,,,,,_:b115,,,,,,,,,,,,,,,,,,,,,,,,,,,,,,,,,,,,,,,,http://www.w3.org/1999/02/22-rdf-syntax-ns#nil,,,,,,,,,
_:b115,,http://www.w3.org/2003/11/swrl#ClassAtom,,,http://www.hds.utc.fr/tg/tbox#b,,,,,,http://www.hds.utc.fr/tg/tbox#BonusPoints,,,,,,,,,,,,,,,,,,,,,,,,,,,,,,,,,,,,,,,,,,,,,,,,,,,,,,,,,,,
_:b110,,http://www.w3.org/2003/11/swrl#AtomList,,,,,,,,,,,,,,,,,,,_:b116,,,,,,,,,,,,,,,,,,,,,,,,,,,,,,,,,,,,,,,,http://www.w3.org/1999/02/22-rdf-syntax-ns#nil,,,,,,,,,
_:b116,,http://www.w3.org/2003/11/swrl#DatavaluedPropertyAtom,,,http://www.hds.utc.fr/tg/tbox#res,bonus,,,,,,,,,,,,,,,,,,,,,,,,,,,,,,,,,,,,,,,,,,,,,,,,,,,,,http://www.hds.utc.fr/tg/tbox#has_Priority,,,,,,,,,,,
_:b117,GR-Bonus 2,http://www.w3.org/2003/11/swrl#Imp,,,,,,_:b118,,,,check if gr has bonus then voluntary,,,,,,,,,,,,,,,,,,,,,,,,,,,,,,,_:b119,,,,,,,true,,,,,,,,,,,,,,,,,,,,
_:b118,,http://www.w3.org/2003/11/swrl#AtomList,,,,,,,,,,,,,,,,,,,_:b120,,,,,,,,,,,,,,,,,,,,,,,,,,,,,,,,,,,,,,,,_:b121,,,,,,,,,
_:b120,,http://www.w3.org/2003/11/swrl#ClassAtom,,,http://www.hds.utc.fr/tg/tbox#res,,,,,,http://www.hds.utc.fr/tg/tbox#GamifiedResource,,,,,,,,,,,,,,,,,,,,,,,,,,,,,,,,,,,,,,,,,,,,,,,,,,,,,,,,,,,
_:b121,,http://www.w3.org/2003/11/swrl#AtomList,,,,,,,,,,,,,,,,,,,_:b122,,,,,,,,,,,,,,,,,,,,,,,,,,,,,,,,,,,,,,,,_:b123,,,,,,,,,
_:b122,,http://www.w3.org/2003/11/swrl#IndividualPropertyAtom,,,http://www.hds.utc.fr/tg/tbox#res,http://www.hds.utc.fr/tg/tbox#b,,,,,,,,,,,,,,,,,,,,,,,,,,,,,,,,,,,,,,,,,,,,,,,,,,,,,http://www.hds.utc.fr/tg/tbox#containsGameElement,,,,,,,,,,,
_:b123,,http://www.w3.org/2003/11/swrl#AtomList,,,,,,,,,,,,,,,,,,,_:b124,,,,,,,,,,,,,,,,,,,,,,,,,,,,,,,,,,,,,,,,http://www.w3.org/1999/02/22-rdf-syntax-ns#nil,,,,,,,,,
_:b124,,http://www.w3.org/2003/11/swrl#ClassAtom,,,http://www.hds.utc.fr/tg/tbox#b,,,,,,http://www.hds.utc.fr/tg/tbox#BonusPointsLeaderboard,,,,,,,,,,,,,,,,,,,,,,,,,,,,,,,,,,,,,,,,,,,,,,,,,,,,,,,,,,,
_:b119,,http://www.w3.org/2003/11/swrl#AtomList,,,,,,,,,,,,,,,,,,,_:b125,,,,,,,,,,,,,,,,,,,,,,,,,,,,,,,,,,,,,,,,http://www.w3.org/1999/02/22-rdf-syntax-ns#nil,,,,,,,,,
_:b125,,http://www.w3.org/2003/11/swrl#DatavaluedPropertyAtom,,,http://www.hds.utc.fr/tg/tbox#res,bonus,,,,,,,,,,,,,,,,,,,,,,,,,,,,,,,,,,,,,,,,,,,,,,,,,,,,,http://www.hds.utc.fr/tg/tbox#has_Priority,,,,,,,,,,,
_:b126,LDRbonus_depndson_Ptbonus,http://www.w3.org/2003/11/swrl#Imp,,,,,,_:b127,,,,Gamified resource that contains bonus leaderboard game element must contain bonus points game element,,,,,,,,,,,,,,,,,,,,,,,,,,,,,,,_:b128,,,,,,,true,,,,,,,,,,,,,,,,,,,,
_:b127,,http://www.w3.org/2003/11/swrl#AtomList,,,,,,,,,,,,,,,,,,,_:b129,,,,,,,,,,,,,,,,,,,,,,,,,,,,,,,,,,,,,,,,_:b130,,,,,,,,,
_:b129,,http://www.w3.org/2003/11/swrl#ClassAtom,,,http://www.hds.utc.fr/tg/tbox#gr,,,,,,http://www.hds.utc.fr/tg/tbox#GamifiedResource,,,,,,,,,,,,,,,,,,,,,,,,,,,,,,,,,,,,,,,,,,,,,,,,,,,,,,,,,,,
_:b130,,http://www.w3.org/2003/11/swrl#AtomList,,,,,,,,,,,,,,,,,,,_:b131,,,,,,,,,,,,,,,,,,,,,,,,,,,,,,,,,,,,,,,,_:b132,,,,,,,,,
_:b131,,http://www.w3.org/2003/11/swrl#IndividualPropertyAtom,,,http://www.hds.utc.fr/tg/tbox#gr,http://www.hds.utc.fr/tg/tbox#gep,,,,,,,,,,,,,,,,,,,,,,,,,,,,,,,,,,,,,,,,,,,,,,,,,,,,,http://www.hds.utc.fr/tg/tbox#containsGameElement,,,,,,,,,,,
_:b132,,http://www.w3.org/2003/11/swrl#AtomList,,,,,,,,,,,,,,,,,,,_:b133,,,,,,,,,,,,,,,,,,,,,,,,,,,,,,,,,,,,,,,,http://www.w3.org/1999/02/22-rdf-syntax-ns#nil,,,,,,,,,
_:b133,,http://www.w3.org/2003/11/swrl#ClassAtom,,,http://www.hds.utc.fr/tg/tbox#gel,,,,,,http://www.hds.utc.fr/tg/tbox#BonusPointsLeaderboard,,,,,,,,,,,,,,,,,,,,,,,,,,,,,,,,,,,,,,,,,,,,,,,,,,,,,,,,,,,
_:b128,,http://www.w3.org/2003/11/swrl#AtomList,,,,,,,,,,,,,,,,,,,_:b134,,,,,,,,,,,,,,,,,,,,,,,,,,,,,,,,,,,,,,,,_:b135,,,,,,,,,
_:b134,,http://www.w3.org/2003/11/swrl#IndividualPropertyAtom,,,http://www.hds.utc.fr/tg/tbox#gr,http://www.hds.utc.fr/tg/tbox#gep,,,,,,,,,,,,,,,,,,,,,,,,,,,,,,,,,,,,,,,,,,,,,,,,,,,,,http://www.hds.utc.fr/tg/tbox#containsGameElement,,,,,,,,,,,
_:b135,,http://www.w3.org/2003/11/swrl#AtomList,,,,,,,,,,,,,,,,,,,_:b136,,,,,,,,,,,,,,,,,,,,,,,,,,,,,,,,,,,,,,,,http://www.w3.org/1999/02/22-rdf-syntax-ns#nil,,,,,,,,,
_:b136,,http://www.w3.org/2003/11/swrl#ClassAtom,,,http://www.hds.utc.fr/tg/tbox#gep,,,,,,http://www.hds.utc.fr/tg/tbox#BonusPoints,,,,,,,,,,,,,,,,,,,,,,,,,,,,,,,,,,,,,,,,,,,,,,,,,,,,,,,,,,,
_:b137,LDRexp_depndson_Ptexp,http://www.w3.org/2003/11/swrl#Imp,,,,,,_:b138,,,,Gamified resource that contains experience leaderboard game element must contain experience points game element,,,,,,,,,,,,,,,,,,,,,,,,,,,,,,,_:b139,,,,,,,true,,,,,,,,,,,,,,,,,,,,
_:b138,,http://www.w3.org/2003/11/swrl#AtomList,,,,,,,,,,,,,,,,,,,_:b140,,,,,,,,,,,,,,,,,,,,,,,,,,,,,,,,,,,,,,,,_:b141,,,,,,,,,
_:b140,,http://www.w3.org/2003/11/swrl#ClassAtom,,,http://www.hds.utc.fr/tg/tbox#gr,,,,,,http://www.hds.utc.fr/tg/tbox#GamifiedResource,,,,,,,,,,,,,,,,,,,,,,,,,,,,,,,,,,,,,,,,,,,,,,,,,,,,,,,,,,,
_:b141,,http://www.w3.org/2003/11/swrl#AtomList,,,,,,,,,,,,,,,,,,,_:b142,,,,,,,,,,,,,,,,,,,,,,,,,,,,,,,,,,,,,,,,_:b143,,,,,,,,,
_:b142,,http://www.w3.org/2003/11/swrl#IndividualPropertyAtom,,,http://www.hds.utc.fr/tg/tbox#gr,http://www.hds.utc.fr/tg/tbox#gep,,,,,,,,,,,,,,,,,,,,,,,,,,,,,,,,,,,,,,,,,,,,,,,,,,,,,http://www.hds.utc.fr/tg/tbox#containsGameElement,,,,,,,,,,,
_:b143,,http://www.w3.org/2003/11/swrl#AtomList,,,,,,,,,,,,,,,,,,,_:b144,,,,,,,,,,,,,,,,,,,,,,,,,,,,,,,,,,,,,,,,http://www.w3.org/1999/02/22-rdf-syntax-ns#nil,,,,,,,,,
_:b144,,http://www.w3.org/2003/11/swrl#ClassAtom,,,http://www.hds.utc.fr/tg/tbox#gel,,,,,,http://www.hds.utc.fr/tg/tbox#ExperiencePointsLeaderboard,,,,,,,,,,,,,,,,,,,,,,,,,,,,,,,,,,,,,,,,,,,,,,,,,,,,,,,,,,,
_:b139,,http://www.w3.org/2003/11/swrl#AtomList,,,,,,,,,,,,,,,,,,,_:b145,,,,,,,,,,,,,,,,,,,,,,,,,,,,,,,,,,,,,,,,_:b146,,,,,,,,,
_:b145,,http://www.w3.org/2003/11/swrl#IndividualPropertyAtom,,,http://www.hds.utc.fr/tg/tbox#gr,http://www.hds.utc.fr/tg/tbox#gep,,,,,,,,,,,,,,,,,,,,,,,,,,,,,,,,,,,,,,,,,,,,,,,,,,,,,http://www.hds.utc.fr/tg/tbox#containsGameElement,,,,,,,,,,,
_:b146,,http://www.w3.org/2003/11/swrl#AtomList,,,,,,,,,,,,,,,,,,,_:b147,,,,,,,,,,,,,,,,,,,,,,,,,,,,,,,,,,,,,,,,http://www.w3.org/1999/02/22-rdf-syntax-ns#nil,,,,,,,,,
_:b147,,http://www.w3.org/2003/11/swrl#ClassAtom,,,http://www.hds.utc.fr/tg/tbox#gep,,,,,,http://www.hds.utc.fr/tg/tbox#ExperiencePoints,,,,,,,,,,,,,,,,,,,,,,,,,,,,,,,,,,,,,,,,,,,,,,,,,,,,,,,,,,,
_:b148,GR_contains_GE,http://www.w3.org/2003/11/swrl#Imp,,,,,,_:b149,,,,gamified resource contains one or more game elements,,,,,,,,,,,,,,,,,,,,,,,,,,,,,,,_:b150,,,,,,,true,,,,,,,,,,,,,,,,,,,,
_:b149,,http://www.w3.org/2003/11/swrl#AtomList,,,,,,,,,,,,,,,,,,,_:b151,,,,,,,,,,,,,,,,,,,,,,,,,,,,,,,,,,,,,,,,_:b152,,,,,,,,,
_:b151,,http://www.w3.org/2003/11/swrl#IndividualPropertyAtom,,,http://www.hds.utc.fr/tg/tbox#gr,http://www.hds.utc.fr/tg/tbox#ge,,,,,,,,,,,,,,,,,,,,,,,,,,,,,,,,,,,,,,,,,,,,,,,,,,,,,http://www.hds.utc.fr/tg/tbox#containsGameElement,,,,,,,,,,,
_:b152,,http://www.w3.org/2003/11/swrl#AtomList,,,,,,,,,,,,,,,,,,,_:b153,,,,,,,,,,,,,,,,,,,,,,,,,,,,,,,,,,,,,,,,http://www.w3.org/1999/02/22-rdf-syntax-ns#nil,,,,,,,,,
_:b153,,http://www.w3.org/2003/11/swrl#ClassAtom,,,http://www.hds.utc.fr/tg/tbox#ge,,,,,,http://www.hds.utc.fr/tg/tbox#GameElementResource,,,,,,,,,,,,,,,,,,,,,,,,,,,,,,,,,,,,,,,,,,,,,,,,,,,,,,,,,,,
_:b150,,http://www.w3.org/2003/11/swrl#AtomList,,,,,,,,,,,,,,,,,,,_:b154,,,,,,,,,,,,,,,,,,,,,,,,,,,,,,,,,,,,,,,,http://www.w3.org/1999/02/22-rdf-syntax-ns#nil,,,,,,,,,
_:b154,,http://www.w3.org/2003/11/swrl#ClassAtom,,,http://www.hds.utc.fr/tg/tbox#gr,,,,,,http://www.hds.utc.fr/tg/tbox#GamifiedResource,,,,,,,,,,,,,,,,,,,,,,,,,,,,,,,,,,,,,,,,,,,,,,,,,,,,,,,,,,,
_:b155,ExperienceLevel_Beginner,http://www.w3.org/2003/11/swrl#Imp,,,,,,_:b156,,,,link exxperience level with number: expert=2,,,,,,,,,,,,,,,,,,,,,,,,,,,,,,,_:b157,,,,,,,true,,,,,,,,,,,,,,,,,,,,
_:b156,,http://www.w3.org/2003/11/swrl#AtomList,,,,,,,,,,,,,,,,,,,_:b158,,,,,,,,,,,,,,,,,,,,,,,,,,,,,,,,,,,,,,,,_:b159,,,,,,,,,
_:b158,,http://www.w3.org/2003/11/swrl#IndividualPropertyAtom,,,http://www.hds.utc.fr/tg/tbox#t,http://www.hds.utc.fr/tg/tbox#e,,,,,,,,,,,,,,,,,,,,,,,,,,,,,,,,,,,,,,,,,,,,,,,,,,,,,http://www.hds.utc.fr/tg/tbox#hasExperience,,,,,,,,,,,
_:b159,,http://www.w3.org/2003/11/swrl#AtomList,,,,,,,,,,,,,,,,,,,_:b160,,,,,,,,,,,,,,,,,,,,,,,,,,,,,,,,,,,,,,,,_:b161,,,,,,,,,
_:b160,,http://www.w3.org/2003/11/swrl#ClassAtom,,,http://www.hds.utc.fr/tg/tbox#e,,,,,,http://www.hds.utc.fr/tg/tbox#GamificationExperience,,,,,,,,,,,,,,,,,,,,,,,,,,,,,,,,,,,,,,,,,,,,,,,,,,,,,,,,,,,
_:b161,,http://www.w3.org/2003/11/swrl#AtomList,,,,,,,,,,,,,,,,,,,_:b162,,,,,,,,,,,,,,,,,,,,,,,,,,,,,,,,,,,,,,,,http://www.w3.org/1999/02/22-rdf-syntax-ns#nil,,,,,,,,,
_:b162,,http://www.w3.org/2003/11/swrl#BuiltinAtom,,,,,_:b163,,http://www.w3.org/2003/11/swrlb#equal,,,,,,,,,,,,,,,,,,,,,,,,,,,,,,,,,,,,,,,,,,,,,,,,,,,,,,,,,,,,,
_:b163,,,,,,,,,,,,,,,,,,,,,http://www.hds.utc.fr/tg/tbox#e,,,,,,,,,,,,,,,,,,,,,,,,,,,,,,,,,,,,,,,,_:b164,,,,,,,,,
_:b164,,,,,,,,,,,,,,,,,,,,,http://www.hds.utc.fr/tg/tbox#Beginner,,,,,,,,,,,,,,,,,,,,,,,,,,,,,,,,,,,,,,,,http://www.w3.org/1999/02/22-rdf-syntax-ns#nil,,,,,,,,,
_:b157,,http://www.w3.org/2003/11/swrl#AtomList,,,,,,,,,,,,,,,,,,,_:b165,,,,,,,,,,,,,,,,,,,,,,,,,,,,,,,,,,,,,,,,http://www.w3.org/1999/02/22-rdf-syntax-ns#nil,,,,,,,,,
_:b165,,http://www.w3.org/2003/11/swrl#DatavaluedPropertyAtom,,,http://www.hds.utc.fr/tg/tbox#t,2,,,,,,,,,,,,,,,,,,,,,,,,,,,,,,,,,,,,,,,,,,,,,,,,,,,,,http://www.hds.utc.fr/tg/tbox#experienceLevel,,,,,,,,,,,
_:b166,ExperienceLevel_Expert,http://www.w3.org/2003/11/swrl#Imp,,,,,,_:b167,,,,link exxperience level with number: expert=4,,,,,,,,,,,,,,,,,,,,,,,,,,,,,,,_:b168,,,,,,,true,,,,,,,,,,,,,,,,,,,,
_:b167,,http://www.w3.org/2003/11/swrl#AtomList,,,,,,,,,,,,,,,,,,,_:b169,,,,,,,,,,,,,,,,,,,,,,,,,,,,,,,,,,,,,,,,_:b170,,,,,,,,,
_:b169,,http://www.w3.org/2003/11/swrl#IndividualPropertyAtom,,,http://www.hds.utc.fr/tg/tbox#t,http://www.hds.utc.fr/tg/tbox#e,,,,,,,,,,,,,,,,,,,,,,,,,,,,,,,,,,,,,,,,,,,,,,,,,,,,,http://www.hds.utc.fr/tg/tbox#hasExperience,,,,,,,,,,,
_:b170,,http://www.w3.org/2003/11/swrl#AtomList,,,,,,,,,,,,,,,,,,,_:b171,,,,,,,,,,,,,,,,,,,,,,,,,,,,,,,,,,,,,,,,_:b172,,,,,,,,,
_:b171,,http://www.w3.org/2003/11/swrl#ClassAtom,,,http://www.hds.utc.fr/tg/tbox#e,,,,,,http://www.hds.utc.fr/tg/tbox#GamificationExperience,,,,,,,,,,,,,,,,,,,,,,,,,,,,,,,,,,,,,,,,,,,,,,,,,,,,,,,,,,,
_:b172,,http://www.w3.org/2003/11/swrl#AtomList,,,,,,,,,,,,,,,,,,,_:b173,,,,,,,,,,,,,,,,,,,,,,,,,,,,,,,,,,,,,,,,http://www.w3.org/1999/02/22-rdf-syntax-ns#nil,,,,,,,,,
_:b173,,http://www.w3.org/2003/11/swrl#BuiltinAtom,,,,,_:b174,,http://www.w3.org/2003/11/swrlb#equal,,,,,,,,,,,,,,,,,,,,,,,,,,,,,,,,,,,,,,,,,,,,,,,,,,,,,,,,,,,,,
_:b174,,,,,,,,,,,,,,,,,,,,,http://www.hds.utc.fr/tg/tbox#e,,,,,,,,,,,,,,,,,,,,,,,,,,,,,,,,,,,,,,,,_:b175,,,,,,,,,
_:b175,,,,,,,,,,,,,,,,,,,,,http://www.hds.utc.fr/tg/tbox#Expert,,,,,,,,,,,,,,,,,,,,,,,,,,,,,,,,,,,,,,,,http://www.w3.org/1999/02/22-rdf-syntax-ns#nil,,,,,,,,,
_:b168,,http://www.w3.org/2003/11/swrl#AtomList,,,,,,,,,,,,,,,,,,,_:b176,,,,,,,,,,,,,,,,,,,,,,,,,,,,,,,,,,,,,,,,http://www.w3.org/1999/02/22-rdf-syntax-ns#nil,,,,,,,,,
_:b176,,http://www.w3.org/2003/11/swrl#DatavaluedPropertyAtom,,,http://www.hds.utc.fr/tg/tbox#t,4,,,,,,,,,,,,,,,,,,,,,,,,,,,,,,,,,,,,,,,,,,,,,,,,,,,,,http://www.hds.utc.fr/tg/tbox#experienceLevel,,,,,,,,,,,
_:b177,ExperienceLevel_novice,http://www.w3.org/2003/11/swrl#Imp,,,,,,_:b178,,,,link exxperience level with number: expert=6,,,,,,,,,,,,,,,,,,,,,,,,,,,,,,,_:b179,,,,,,,true,,,,,,,,,,,,,,,,,,,,
_:b178,,http://www.w3.org/2003/11/swrl#AtomList,,,,,,,,,,,,,,,,,,,_:b180,,,,,,,,,,,,,,,,,,,,,,,,,,,,,,,,,,,,,,,,_:b181,,,,,,,,,
_:b180,,http://www.w3.org/2003/11/swrl#IndividualPropertyAtom,,,http://www.hds.utc.fr/tg/tbox#t,http://www.hds.utc.fr/tg/tbox#e,,,,,,,,,,,,,,,,,,,,,,,,,,,,,,,,,,,,,,,,,,,,,,,,,,,,,http://www.hds.utc.fr/tg/tbox#hasExperience,,,,,,,,,,,
_:b181,,http://www.w3.org/2003/11/swrl#AtomList,,,,,,,,,,,,,,,,,,,_:b182,,,,,,,,,,,,,,,,,,,,,,,,,,,,,,,,,,,,,,,,_:b183,,,,,,,,,
_:b182,,http://www.w3.org/2003/11/swrl#ClassAtom,,,http://www.hds.utc.fr/tg/tbox#e,,,,,,http://www.hds.utc.fr/tg/tbox#GamificationExperience,,,,,,,,,,,,,,,,,,,,,,,,,,,,,,,,,,,,,,,,,,,,,,,,,,,,,,,,,,,
_:b183,,http://www.w3.org/2003/11/swrl#AtomList,,,,,,,,,,,,,,,,,,,_:b184,,,,,,,,,,,,,,,,,,,,,,,,,,,,,,,,,,,,,,,,http://www.w3.org/1999/02/22-rdf-syntax-ns#nil,,,,,,,,,
_:b184,,http://www.w3.org/2003/11/swrl#BuiltinAtom,,,,,_:b185,,http://www.w3.org/2003/11/swrlb#equal,,,,,,,,,,,,,,,,,,,,,,,,,,,,,,,,,,,,,,,,,,,,,,,,,,,,,,,,,,,,,
_:b185,,,,,,,,,,,,,,,,,,,,,http://www.hds.utc.fr/tg/tbox#e,,,,,,,,,,,,,,,,,,,,,,,,,,,,,,,,,,,,,,,,_:b186,,,,,,,,,
_:b186,,,,,,,,,,,,,,,,,,,,,http://www.hds.utc.fr/tg/tbox#Novice,,,,,,,,,,,,,,,,,,,,,,,,,,,,,,,,,,,,,,,,http://www.w3.org/1999/02/22-rdf-syntax-ns#nil,,,,,,,,,
_:b179,,http://www.w3.org/2003/11/swrl#AtomList,,,,,,,,,,,,,,,,,,,_:b187,,,,,,,,,,,,,,,,,,,,,,,,,,,,,,,,,,,,,,,,http://www.w3.org/1999/02/22-rdf-syntax-ns#nil,,,,,,,,,
_:b187,,http://www.w3.org/2003/11/swrl#DatavaluedPropertyAtom,,,http://www.hds.utc.fr/tg/tbox#t,1,,,,,,,,,,,,,,,,,,,,,,,,,,,,,,,,,,,,,,,,,,,,,,,,,,,,,http://www.hds.utc.fr/tg/tbox#experienceLevel,,,,,,,,,,,
_:b188,ExperienceLevel_Advanced,http://www.w3.org/2003/11/swrl#Imp,,,,,,_:b189,,,,,,,,,,,,,,,,,,,,,,,,,,,,,,,,,,,_:b190,,,,,,,true,,,,,,,,,,,,,,,,,,,,
_:b189,,http://www.w3.org/2003/11/swrl#AtomList,,,,,,,,,,,,,,,,,,,_:b191,,,,,,,,,,,,,,,,,,,,,,,,,,,,,,,,,,,,,,,,_:b192,,,,,,,,,
_:b191,,http://www.w3.org/2003/11/swrl#IndividualPropertyAtom,,,http://www.hds.utc.fr/tg/tbox#t,http://www.hds.utc.fr/tg/tbox#e,,,,,,,,,,,,,,,,,,,,,,,,,,,,,,,,,,,,,,,,,,,,,,,,,,,,,http://www.hds.utc.fr/tg/tbox#hasExperience,,,,,,,,,,,
_:b192,,http://www.w3.org/2003/11/swrl#AtomList,,,,,,,,,,,,,,,,,,,_:b193,,,,,,,,,,,,,,,,,,,,,,,,,,,,,,,,,,,,,,,,_:b194,,,,,,,,,
_:b193,,http://www.w3.org/2003/11/swrl#ClassAtom,,,http://www.hds.utc.fr/tg/tbox#e,,,,,,http://www.hds.utc.fr/tg/tbox#GamificationExperience,,,,,,,,,,,,,,,,,,,,,,,,,,,,,,,,,,,,,,,,,,,,,,,,,,,,,,,,,,,
_:b194,,http://www.w3.org/2003/11/swrl#AtomList,,,,,,,,,,,,,,,,,,,_:b195,,,,,,,,,,,,,,,,,,,,,,,,,,,,,,,,,,,,,,,,http://www.w3.org/1999/02/22-rdf-syntax-ns#nil,,,,,,,,,
_:b195,,http://www.w3.org/2003/11/swrl#BuiltinAtom,,,,,_:b196,,http://www.w3.org/2003/11/swrlb#equal,,,,,,,,,,,,,,,,,,,,,,,,,,,,,,,,,,,,,,,,,,,,,,,,,,,,,,,,,,,,,
_:b196,,http://www.w3.org/1999/02/22-rdf-syntax-ns#List,,,,,,,,,,,,,,,,,,,http://www.hds.utc.fr/tg/tbox#e,,,,,,,,,,,,,,,,,,,,,,,,,,,,,,,,,,,,,,,,_:b197,,,,,,,,,
_:b197,,http://www.w3.org/1999/02/22-rdf-syntax-ns#List,,,,,,,,,,,,,,,,,,,Advanced,,,,,,,,,,,,,,,,,,,,,,,,,,,,,,,,,,,,,,,,http://www.w3.org/1999/02/22-rdf-syntax-ns#nil,,,,,,,,,
_:b190,,http://www.w3.org/2003/11/swrl#AtomList,,,,,,,,,,,,,,,,,,,_:b198,,,,,,,,,,,,,,,,,,,,,,,,,,,,,,,,,,,,,,,,http://www.w3.org/1999/02/22-rdf-syntax-ns#nil,,,,,,,,,
_:b198,,http://www.w3.org/2003/11/swrl#DatavaluedPropertyAtom,,,http://www.hds.utc.fr/tg/tbox#t,3,,,,,,,,,,,,,,,,,,,,,,,,,,,,,,,,,,,,,,,,,,,,,,,,,,,,,http://www.hds.utc.fr/tg/tbox#experienceLevel,,,,,,,,,,,
_:b199,RelevantGameElements,http://www.w3.org/2003/11/swrl#Imp,,,,,,_:b200,,,,Linking leaderboard to resources with objective competition,,,,,,,,,,,,,,,,,,,,,,,,,,,,,,,_:b201,,,,,,,true,,,,,,,,,,,,,,,,,,,,
_:b200,,http://www.w3.org/2003/11/swrl#AtomList,,,,,,,,,,,,,,,,,,,_:b202,,,,,,,,,,,,,,,,,,,,,,,,,,,,,,,,,,,,,,,,_:b203,,,,,,,,,
_:b202,,http://www.w3.org/2003/11/swrl#ClassAtom,,,http://www.hds.utc.fr/tg/tbox#r,,,,,,http://www.hds.utc.fr/tg/tbox#GamifiedResource,,,,,,,,,,,,,,,,,,,,,,,,,,,,,,,,,,,,,,,,,,,,,,,,,,,,,,,,,,,
_:b203,,http://www.w3.org/2003/11/swrl#AtomList,,,,,,,,,,,,,,,,,,,_:b204,,,,,,,,,,,,,,,,,,,,,,,,,,,,,,,,,,,,,,,,_:b205,,,,,,,,,
_:b204,,http://www.w3.org/2003/11/swrl#IndividualPropertyAtom,,,http://www.hds.utc.fr/tg/tbox#r,http://www.hds.utc.fr/tg/tbox#Competition,,,,,,,,,,,,,,,,,,,,,,,,,,,,,,,,,,,,,,,,,,,,,,,,,,,,,http://www.hds.utc.fr/tg/tbox#hasBehaviouralObjective,,,,,,,,,,,
_:b205,,http://www.w3.org/2003/11/swrl#AtomList,,,,,,,,,,,,,,,,,,,_:b206,,,,,,,,,,,,,,,,,,,,,,,,,,,,,,,,,,,,,,,,http://www.w3.org/1999/02/22-rdf-syntax-ns#nil,,,,,,,,,
_:b206,,http://www.w3.org/2003/11/swrl#ClassAtom,,,http://www.hds.utc.fr/tg/tbox#GE,,,,,,http://www.hds.utc.fr/tg/tbox#Leaderboard,,,,,,,,,,,,,,,,,,,,,,,,,,,,,,,,,,,,,,,,,,,,,,,,,,,,,,,,,,,
_:b201,,http://www.w3.org/2003/11/swrl#AtomList,,,,,,,,,,,,,,,,,,,_:b207,,,,,,,,,,,,,,,,,,,,,,,,,,,,,,,,,,,,,,,,http://www.w3.org/1999/02/22-rdf-syntax-ns#nil,,,,,,,,,
_:b207,,http://www.w3.org/2003/11/swrl#IndividualPropertyAtom,,,http://www.hds.utc.fr/tg/tbox#r,http://www.hds.utc.fr/tg/tbox#GE,,,,,,,,,,,,,,,,,,,,,,,,,,,,,,,,,,,,,,,,,,,,,,,,,,,,,http://www.hds.utc.fr/tg/tbox#hasRelevantGameElement,,,,,,,,,,,
_:b208,LDRscore_depndson_Ptscore,http://www.w3.org/2003/11/swrl#Imp,,,,,,_:b209,,,,Gamified resource that contains score leaderboard game element must contain score points game element,,,,,,,,,,,,,,,,,,,,,,,,,,,,,,,_:b210,,,,,,,true,,,,,,,,,,,,,,,,,,,,
_:b209,,http://www.w3.org/2003/11/swrl#AtomList,,,,,,,,,,,,,,,,,,,_:b211,,,,,,,,,,,,,,,,,,,,,,,,,,,,,,,,,,,,,,,,_:b212,,,,,,,,,
_:b211,,http://www.w3.org/2003/11/swrl#ClassAtom,,,http://www.hds.utc.fr/tg/tbox#gr,,,,,,http://www.hds.utc.fr/tg/tbox#GamifiedResource,,,,,,,,,,,,,,,,,,,,,,,,,,,,,,,,,,,,,,,,,,,,,,,,,,,,,,,,,,,
_:b212,,http://www.w3.org/2003/11/swrl#AtomList,,,,,,,,,,,,,,,,,,,_:b213,,,,,,,,,,,,,,,,,,,,,,,,,,,,,,,,,,,,,,,,_:b214,,,,,,,,,
_:b213,,http://www.w3.org/2003/11/swrl#IndividualPropertyAtom,,,http://www.hds.utc.fr/tg/tbox#gr,http://www.hds.utc.fr/tg/tbox#gep,,,,,,,,,,,,,,,,,,,,,,,,,,,,,,,,,,,,,,,,,,,,,,,,,,,,,http://www.hds.utc.fr/tg/tbox#containsGameElement,,,,,,,,,,,
_:b214,,http://www.w3.org/2003/11/swrl#AtomList,,,,,,,,,,,,,,,,,,,_:b215,,,,,,,,,,,,,,,,,,,,,,,,,,,,,,,,,,,,,,,,http://www.w3.org/1999/02/22-rdf-syntax-ns#nil,,,,,,,,,
_:b215,,http://www.w3.org/2003/11/swrl#ClassAtom,,,http://www.hds.utc.fr/tg/tbox#gel,,,,,,http://www.hds.utc.fr/tg/tbox#ScorePointsLeaderboard,,,,,,,,,,,,,,,,,,,,,,,,,,,,,,,,,,,,,,,,,,,,,,,,,,,,,,,,,,,
_:b210,,http://www.w3.org/2003/11/swrl#AtomList,,,,,,,,,,,,,,,,,,,_:b216,,,,,,,,,,,,,,,,,,,,,,,,,,,,,,,,,,,,,,,,_:b217,,,,,,,,,
_:b216,,http://www.w3.org/2003/11/swrl#IndividualPropertyAtom,,,http://www.hds.utc.fr/tg/tbox#gr,http://www.hds.utc.fr/tg/tbox#gep,,,,,,,,,,,,,,,,,,,,,,,,,,,,,,,,,,,,,,,,,,,,,,,,,,,,,http://www.hds.utc.fr/tg/tbox#containsGameElement,,,,,,,,,,,
_:b217,,http://www.w3.org/2003/11/swrl#AtomList,,,,,,,,,,,,,,,,,,,_:b218,,,,,,,,,,,,,,,,,,,,,,,,,,,,,,,,,,,,,,,,http://www.w3.org/1999/02/22-rdf-syntax-ns#nil,,,,,,,,,
_:b218,,http://www.w3.org/2003/11/swrl#ClassAtom,,,http://www.hds.utc.fr/tg/tbox#gep,,,,,,http://www.hds.utc.fr/tg/tbox#ScorePoints,,,,,,,,,,,,,,,,,,,,,,,,,,,,,,,,,,,,,,,,,,,,,,,,,,,,,,,,,,,
_:b219,LDRsocial_depndson_Ptsocial,http://www.w3.org/2003/11/swrl#Imp,,,,,,_:b220,,,,Gamified resource that contains social leaderboard game element must contain social points game element,,,,,,,,,,,,,,,,,,,,,,,,,,,,,,,_:b221,,,,,,,true,,,,,,,,,,,,,,,,,,,,
_:b220,,http://www.w3.org/2003/11/swrl#AtomList,,,,,,,,,,,,,,,,,,,_:b222,,,,,,,,,,,,,,,,,,,,,,,,,,,,,,,,,,,,,,,,_:b223,,,,,,,,,
_:b222,,http://www.w3.org/2003/11/swrl#ClassAtom,,,http://www.hds.utc.fr/tg/tbox#gr,,,,,,http://www.hds.utc.fr/tg/tbox#GamifiedResource,,,,,,,,,,,,,,,,,,,,,,,,,,,,,,,,,,,,,,,,,,,,,,,,,,,,,,,,,,,
_:b223,,http://www.w3.org/2003/11/swrl#AtomList,,,,,,,,,,,,,,,,,,,_:b224,,,,,,,,,,,,,,,,,,,,,,,,,,,,,,,,,,,,,,,,_:b225,,,,,,,,,
_:b224,,http://www.w3.org/2003/11/swrl#IndividualPropertyAtom,,,http://www.hds.utc.fr/tg/tbox#gr,http://www.hds.utc.fr/tg/tbox#gep,,,,,,,,,,,,,,,,,,,,,,,,,,,,,,,,,,,,,,,,,,,,,,,,,,,,,http://www.hds.utc.fr/tg/tbox#containsGameElement,,,,,,,,,,,
_:b225,,http://www.w3.org/2003/11/swrl#AtomList,,,,,,,,,,,,,,,,,,,_:b226,,,,,,,,,,,,,,,,,,,,,,,,,,,,,,,,,,,,,,,,http://www.w3.org/1999/02/22-rdf-syntax-ns#nil,,,,,,,,,
_:b226,,http://www.w3.org/2003/11/swrl#ClassAtom,,,http://www.hds.utc.fr/tg/tbox#gel,,,,,,http://www.hds.utc.fr/tg/tbox#SocialPointsLeaderboard,,,,,,,,,,,,,,,,,,,,,,,,,,,,,,,,,,,,,,,,,,,,,,,,,,,,,,,,,,,
_:b221,,http://www.w3.org/2003/11/swrl#AtomList,,,,,,,,,,,,,,,,,,,_:b227,,,,,,,,,,,,,,,,,,,,,,,,,,,,,,,,,,,,,,,,_:b228,,,,,,,,,
_:b227,,http://www.w3.org/2003/11/swrl#IndividualPropertyAtom,,,http://www.hds.utc.fr/tg/tbox#gr,http://www.hds.utc.fr/tg/tbox#gep,,,,,,,,,,,,,,,,,,,,,,,,,,,,,,,,,,,,,,,,,,,,,,,,,,,,,http://www.hds.utc.fr/tg/tbox#containsGameElement,,,,,,,,,,,
_:b228,,http://www.w3.org/2003/11/swrl#AtomList,,,,,,,,,,,,,,,,,,,_:b229,,,,,,,,,,,,,,,,,,,,,,,,,,,,,,,,,,,,,,,,http://www.w3.org/1999/02/22-rdf-syntax-ns#nil,,,,,,,,,
_:b229,,http://www.w3.org/2003/11/swrl#ClassAtom,,,http://www.hds.utc.fr/tg/tbox#gep,,,,,,http://www.hds.utc.fr/tg/tbox#SocialPoints,,,,,,,,,,,,,,,,,,,,,,,,,,,,,,,,,,,,,,,,,,,,,,,,,,,,,,,,,,,
_:b230,Learning style 1,http://www.w3.org/2003/11/swrl#Imp,,,,,,_:b231,,,,,,,,,,,,,,,,,,,,,,,,,,,,,,,,,,,_:b232,,,,,,,true,,,,,,,,,,,,,,,,,,,,
_:b231,,http://www.w3.org/2003/11/swrl#AtomList,,,,,,,,,,,,,,,,,,,_:b233,,,,,,,,,,,,,,,,,,,,,,,,,,,,,,,,,,,,,,,,http://www.w3.org/1999/02/22-rdf-syntax-ns#nil,,,,,,,,,
_:b233,,http://www.w3.org/2003/11/swrl#ClassAtom,,,http://www.hds.utc.fr/tg/tbox#ip,,,,,,http://www.hds.utc.fr/tg/tbox#InputPole,,,,,,,,,,,,,,,,,,,,,,,,,,,,,,,,,,,,,,,,,,,,,,,,,,,,,,,,,,,
_:b232,,http://www.w3.org/2003/11/swrl#AtomList,,,,,,,,,,,,,,,,,,,_:b234,,,,,,,,,,,,,,,,,,,,,,,,,,,,,,,,,,,,,,,,http://www.w3.org/1999/02/22-rdf-syntax-ns#nil,,,,,,,,,
_:b234,,http://www.w3.org/2003/11/swrl#ClassAtom,,,http://www.hds.utc.fr/tg/tbox#ip,,,,,,http://www.hds.utc.fr/tg/tbox#LearningStyle,,,,,,,,,,,,,,,,,,,,,,,,,,,,,,,,,,,,,,,,,,,,,,,,,,,,,,,,,,,
_:b235,Learning style 2,http://www.w3.org/2003/11/swrl#Imp,,,,,,_:b236,,,,,,,,,,,,,,,,,,,,,,,,,,,,,,,,,,,_:b237,,,,,,,true,,,,,,,,,,,,,,,,,,,,
_:b236,,http://www.w3.org/2003/11/swrl#AtomList,,,,,,,,,,,,,,,,,,,_:b238,,,,,,,,,,,,,,,,,,,,,,,,,,,,,,,,,,,,,,,,http://www.w3.org/1999/02/22-rdf-syntax-ns#nil,,,,,,,,,
_:b238,,http://www.w3.org/2003/11/swrl#ClassAtom,,,http://www.hds.utc.fr/tg/tbox#pp,,,,,,http://www.hds.utc.fr/tg/tbox#PerceptionPole,,,,,,,,,,,,,,,,,,,,,,,,,,,,,,,,,,,,,,,,,,,,,,,,,,,,,,,,,,,
_:b237,,http://www.w3.org/2003/11/swrl#AtomList,,,,,,,,,,,,,,,,,,,_:b239,,,,,,,,,,,,,,,,,,,,,,,,,,,,,,,,,,,,,,,,http://www.w3.org/1999/02/22-rdf-syntax-ns#nil,,,,,,,,,
_:b239,,http://www.w3.org/2003/11/swrl#ClassAtom,,,http://www.hds.utc.fr/tg/tbox#pp,,,,,,http://www.hds.utc.fr/tg/tbox#LearningStyle,,,,,,,,,,,,,,,,,,,,,,,,,,,,,,,,,,,,,,,,,,,,,,,,,,,,,,,,,,,
_:b240,Reclassification1,http://www.w3.org/2003/11/swrl#Imp,,,,,,_:b241,,,,subclass to class,,,,,,,,,,,,,,,,,,,,,,,,,,,,,,,_:b242,,,,,,,true,,,,,,,,,,,,,,,,,,,,
_:b241,,http://www.w3.org/2003/11/swrl#AtomList,,,,,,,,,,,,,,,,,,,_:b243,,,,,,,,,,,,,,,,,,,,,,,,,,,,,,,,,,,,,,,,http://www.w3.org/1999/02/22-rdf-syntax-ns#nil,,,,,,,,,
_:b243,,http://www.w3.org/2003/11/swrl#ClassAtom,,,http://www.hds.utc.fr/tg/tbox#l,,,,,,http://www.hds.utc.fr/tg/tbox#SocialPointsLeaderboard,,,,,,,,,,,,,,,,,,,,,,,,,,,,,,,,,,,,,,,,,,,,,,,,,,,,,,,,,,,
_:b242,,http://www.w3.org/2003/11/swrl#AtomList,,,,,,,,,,,,,,,,,,,_:b244,,,,,,,,,,,,,,,,,,,,,,,,,,,,,,,,,,,,,,,,http://www.w3.org/1999/02/22-rdf-syntax-ns#nil,,,,,,,,,
_:b244,,http://www.w3.org/2003/11/swrl#ClassAtom,,,http://www.hds.utc.fr/tg/tbox#l,,,,,,http://www.hds.utc.fr/tg/tbox#Leaderboard,,,,,,,,,,,,,,,,,,,,,,,,,,,,,,,,,,,,,,,,,,,,,,,,,,,,,,,,,,,
_:b245,GE  and BO 1,http://www.w3.org/2003/11/swrl#Imp,,,,,,_:b246,,,,game elements relevant to behavioural objectives,,,,,,,,,,,,,,,,,,,,,,,,,,,,,,,_:b247,,,,,,,true,,,,,,,,,,,,,,,,,,,,
_:b246,,http://www.w3.org/2003/11/swrl#AtomList,,,,,,,,,,,,,,,,,,,_:b248,,,,,,,,,,,,,,,,,,,,,,,,,,,,,,,,,,,,,,,,_:b249,,,,,,,,,
_:b248,,http://www.w3.org/2003/11/swrl#ClassAtom,,,http://www.hds.utc.fr/tg/tbox#t,,,,,,http://www.hds.utc.fr/tco/tbox#Teacher,,,,,,,,,,,,,,,,,,,,,,,,,,,,,,,,,,,,,,,,,,,,,,,,,,,,,,,,,,,
_:b249,,http://www.w3.org/2003/11/swrl#AtomList,,,,,,,,,,,,,,,,,,,_:b250,,,,,,,,,,,,,,,,,,,,,,,,,,,,,,,,,,,,,,,,_:b251,,,,,,,,,
_:b250,,http://www.w3.org/2003/11/swrl#IndividualPropertyAtom,,,http://www.hds.utc.fr/tg/tbox#t,http://www.hds.utc.fr/tg/tbox#o,,,,,,,,,,,,,,,,,,,,,,,,,,,,,,,,,,,,,,,,,,,,,,,,,,,,,http://www.hds.utc.fr/tg/tbox#hasObjective,,,,,,,,,,,
_:b251,,http://www.w3.org/2003/11/swrl#AtomList,,,,,,,,,,,,,,,,,,,_:b252,,,,,,,,,,,,,,,,,,,,,,,,,,,,,,,,,,,,,,,,_:b253,,,,,,,,,
_:b252,,http://www.w3.org/2003/11/swrl#ClassAtom,,,http://www.hds.utc.fr/tg/tbox#res,,,,,,http://www.hds.utc.fr/tg/tbox#GamifiedResource,,,,,,,,,,,,,,,,,,,,,,,,,,,,,,,,,,,,,,,,,,,,,,,,,,,,,,,,,,,
_:b253,,http://www.w3.org/2003/11/swrl#AtomList,,,,,,,,,,,,,,,,,,,_:b254,,,,,,,,,,,,,,,,,,,,,,,,,,,,,,,,,,,,,,,,_:b255,,,,,,,,,
_:b254,,http://www.w3.org/2003/11/swrl#IndividualPropertyAtom,,,http://www.hds.utc.fr/tg/tbox#res,http://www.hds.utc.fr/tg/tbox#o,,,,,,,,,,,,,,,,,,,,,,,,,,,,,,,,,,,,,,,,,,,,,,,,,,,,,http://www.hds.utc.fr/tg/tbox#designedWithObjective,,,,,,,,,,,
_:b255,,http://www.w3.org/2003/11/swrl#AtomList,,,,,,,,,,,,,,,,,,,_:b256,,,,,,,,,,,,,,,,,,,,,,,,,,,,,,,,,,,,,,,,_:b257,,,,,,,,,
_:b256,,http://www.w3.org/2003/11/swrl#ClassAtom,,,http://www.hds.utc.fr/tg/tbox#o,,,,,,http://www.hds.utc.fr/tg/tbox#BehaviouralObjective,,,,,,,,,,,,,,,,,,,,,,,,,,,,,,,,,,,,,,,,,,,,,,,,,,,,,,,,,,,
_:b257,,http://www.w3.org/2003/11/swrl#AtomList,,,,,,,,,,,,,,,,,,,_:b258,,,,,,,,,,,,,,,,,,,,,,,,,,,,,,,,,,,,,,,,_:b259,,,,,,,,,
_:b258,,http://www.w3.org/2003/11/swrl#BuiltinAtom,,,,,_:b260,,http://www.w3.org/2003/11/swrlb#stringEqualIgnoreCase,,,,,,,,,,,,,,,,,,,,,,,,,,,,,,,,,,,,,,,,,,,,,,,,,,,,,,,,,,,,,
_:b260,,http://www.w3.org/1999/02/22-rdf-syntax-ns#List,,,,,,,,,,,,,,,,,,,http://www.hds.utc.fr/tg/tbox#o,,,,,,,,,,,,,,,,,,,,,,,,,,,,,,,,,,,,,,,,_:b261,,,,,,,,,
_:b261,,http://www.w3.org/1999/02/22-rdf-syntax-ns#List,,,,,,,,,,,,,,,,,,,Competition,,,,,,,,,,,,,,,,,,,,,,,,,,,,,,,,,,,,,,,,http://www.w3.org/1999/02/22-rdf-syntax-ns#nil,,,,,,,,,
_:b259,,http://www.w3.org/2003/11/swrl#AtomList,,,,,,,,,,,,,,,,,,,_:b262,,,,,,,,,,,,,,,,,,,,,,,,,,,,,,,,,,,,,,,,http://www.w3.org/1999/02/22-rdf-syntax-ns#nil,,,,,,,,,
_:b262,,http://www.w3.org/2003/11/swrl#ClassAtom,,,http://www.hds.utc.fr/tg/tbox#l,,,,,,http://www.hds.utc.fr/tg/tbox#Leaderboard,,,,,,,,,,,,,,,,,,,,,,,,,,,,,,,,,,,,,,,,,,,,,,,,,,,,,,,,,,,
_:b247,,http://www.w3.org/2003/11/swrl#AtomList,,,,,,,,,,,,,,,,,,,_:b263,,,,,,,,,,,,,,,,,,,,,,,,,,,,,,,,,,,,,,,,http://www.w3.org/1999/02/22-rdf-syntax-ns#nil,,,,,,,,,
_:b263,,http://www.w3.org/2003/11/swrl#IndividualPropertyAtom,,,http://www.hds.utc.fr/tg/tbox#res,http://www.hds.utc.fr/tg/tbox#l,,,,,,,,,,,,,,,,,,,,,,,,,,,,,,,,,,,,,,,,,,,,,,,,,,,,,http://www.hds.utc.fr/tg/tbox#containsGameElement,,,,,,,,,,,
_:b264,LinkingRelevantResources,http://www.w3.org/2003/11/swrl#Imp,,,,,,_:b265,,,,linking bonus resources with teaaccher exploration objective,,,,,,,,,,,,,,,,,,,,,,,,,,,,,,,_:b266,,,,,,,true,,,,,,,,,,,,,,,,,,,,
_:b265,,http://www.w3.org/2003/11/swrl#AtomList,,,,,,,,,,,,,,,,,,,_:b267,,,,,,,,,,,,,,,,,,,,,,,,,,,,,,,,,,,,,,,,_:b268,,,,,,,,,
_:b267,,http://www.w3.org/2003/11/swrl#ClassAtom,,,http://www.hds.utc.fr/tg/tbox#t,,,,,,http://www.hds.utc.fr/tco/tbox#Teacher,,,,,,,,,,,,,,,,,,,,,,,,,,,,,,,,,,,,,,,,,,,,,,,,,,,,,,,,,,,
_:b268,,http://www.w3.org/2003/11/swrl#AtomList,,,,,,,,,,,,,,,,,,,_:b269,,,,,,,,,,,,,,,,,,,,,,,,,,,,,,,,,,,,,,,,_:b270,,,,,,,,,
_:b269,,http://www.w3.org/2003/11/swrl#IndividualPropertyAtom,,,http://www.hds.utc.fr/tg/tbox#t,http://www.hds.utc.fr/tg/tbox#Exploration,,,,,,,,,,,,,,,,,,,,,,,,,,,,,,,,,,,,,,,,,,,,,,,,,,,,,http://www.hds.utc.fr/tg/tbox#hasBehaviouralObjective,,,,,,,,,,,
_:b270,,http://www.w3.org/2003/11/swrl#AtomList,,,,,,,,,,,,,,,,,,,_:b271,,,,,,,,,,,,,,,,,,,,,,,,,,,,,,,,,,,,,,,,_:b272,,,,,,,,,
_:b271,,http://www.w3.org/2003/11/swrl#ClassAtom,,,http://www.hds.utc.fr/tg/tbox#r,,,,,,http://www.hds.utc.fr/tg/tbox#GamifiedResource,,,,,,,,,,,,,,,,,,,,,,,,,,,,,,,,,,,,,,,,,,,,,,,,,,,,,,,,,,,
_:b272,,http://www.w3.org/2003/11/swrl#AtomList,,,,,,,,,,,,,,,,,,,_:b273,,,,,,,,,,,,,,,,,,,,,,,,,,,,,,,,,,,,,,,,http://www.w3.org/1999/02/22-rdf-syntax-ns#nil,,,,,,,,,
_:b273,,http://www.w3.org/2003/11/swrl#DatavaluedPropertyAtom,,,http://www.hds.utc.fr/tg/tbox#r,Bonus,,,,,,,,,,,,,,,,,,,,,,,,,,,,,,,,,,,,,,,,,,,,,,,,,,,,,http://www.hds.utc.fr/tg/tbox#has_Priority,,,,,,,,,,,
_:b266,,http://www.w3.org/2003/11/swrl#AtomList,,,,,,,,,,,,,,,,,,,_:b274,,,,,,,,,,,,,,,,,,,,,,,,,,,,,,,,,,,,,,,,http://www.w3.org/1999/02/22-rdf-syntax-ns#nil,,,,,,,,,
_:b274,,http://www.w3.org/2003/11/swrl#IndividualPropertyAtom,,,http://www.hds.utc.fr/tg/tbox#r,http://www.hds.utc.fr/tg/tbox#t,,,,,,,,,,,,,,,,,,,,,,,,,,,,,,,,,,,,,,,,,,,,,,,,,,,,,http://www.hds.utc.fr/tg/tbox#isRelevantFor,,,,,,,,,,,
_:b275,Behavioural Objectives1,http://www.w3.org/2003/11/swrl#Imp,,,,,,_:b276,,,,determine iof the teacher's objective is behavioural objective,,,,,,,,,,,,,,,,,,,,,,,,,,,,,,,_:b277,,,,,,,true,,,,,,,,,,,,,,,,,,,,
_:b276,,http://www.w3.org/2003/11/swrl#AtomList,,,,,,,,,,,,,,,,,,,_:b278,,,,,,,,,,,,,,,,,,,,,,,,,,,,,,,,,,,,,,,,_:b279,,,,,,,,,
_:b278,,http://www.w3.org/2003/11/swrl#ClassAtom,,,http://www.hds.utc.fr/tg/tbox#t,,,,,,http://www.hds.utc.fr/tco/tbox#Teacher,,,,,,,,,,,,,,,,,,,,,,,,,,,,,,,,,,,,,,,,,,,,,,,,,,,,,,,,,,,
_:b279,,http://www.w3.org/2003/11/swrl#AtomList,,,,,,,,,,,,,,,,,,,_:b280,,,,,,,,,,,,,,,,,,,,,,,,,,,,,,,,,,,,,,,,_:b281,,,,,,,,,
_:b280,,http://www.w3.org/2003/11/swrl#IndividualPropertyAtom,,,http://www.hds.utc.fr/tg/tbox#t,http://www.hds.utc.fr/tg/tbox#o,,,,,,,,,,,,,,,,,,,,,,,,,,,,,,,,,,,,,,,,,,,,,,,,,,,,,http://www.hds.utc.fr/tg/tbox#hasObjective,,,,,,,,,,,
_:b281,,http://www.w3.org/2003/11/swrl#AtomList,,,,,,,,,,,,,,,,,,,_:b282,,,,,,,,,,,,,,,,,,,,,,,,,,,,,,,,,,,,,,,,http://www.w3.org/1999/02/22-rdf-syntax-ns#nil,,,,,,,,,
_:b282,,http://www.w3.org/2003/11/swrl#BuiltinAtom,,,,,_:b283,,http://www.w3.org/2003/11/swrlb#stringEqualIgnoreCase,,,,,,,,,,,,,,,,,,,,,,,,,,,,,,,,,,,,,,,,,,,,,,,,,,,,,,,,,,,,,
_:b283,,http://www.w3.org/1999/02/22-rdf-syntax-ns#List,,,,,,,,,,,,,,,,,,,http://www.hds.utc.fr/tg/tbox#o,,,,,,,,,,,,,,,,,,,,,,,,,,,,,,,,,,,,,,,,_:b284,,,,,,,,,
_:b284,,http://www.w3.org/1999/02/22-rdf-syntax-ns#List,,,,,,,,,,,,,,,,,,,Motivation,,,,,,,,,,,,,,,,,,,,,,,,,,,,,,,,,,,,,,,,http://www.w3.org/1999/02/22-rdf-syntax-ns#nil,,,,,,,,,
_:b277,,http://www.w3.org/2003/11/swrl#AtomList,,,,,,,,,,,,,,,,,,,_:b285,,,,,,,,,,,,,,,,,,,,,,,,,,,,,,,,,,,,,,,,http://www.w3.org/1999/02/22-rdf-syntax-ns#nil,,,,,,,,,
_:b285,,http://www.w3.org/2003/11/swrl#ClassAtom,,,http://www.hds.utc.fr/tg/tbox#o,,,,,,http://www.hds.utc.fr/tg/tbox#BehaviouralObjective,,,,,,,,,,,,,,,,,,,,,,,,,,,,,,,,,,,,,,,,,,,,,,,,,,,,,,,,,,,
