source,target,probability_mean,probability_std,numeric_score_target,known_positive,source_type,target_type,score_final
Task_about_Java_Basics,Level_Up,0.9043326140934885,0.20166778800677335,1.0,True,GamifiedResource,Level,0.923466091274791
Single_level_inheritance,Level_Up,0.8885032425638888,0.20204771053883108,1.0,False,GamifiedResource,Level,0.9108025940511111
Static_Keyword,Level_Up,0.887788758960031,0.20165213095093693,1.0,False,GamifiedResource,Level,0.9102310071680249
This_Keyword,Level_Up,0.8877869759610695,0.2016511519044371,1.0,False,GamifiedResource,Level,0.9102295807688556
Constructors,Level_Up,0.8877862815256272,0.20165077059402745,1.0,False,GamifiedResource,Level,0.9102290252205019
Access_Modifiers,Level_Up,0.8877773069316257,0.20164584293862103,1.0,False,GamifiedResource,Level,0.9102218455453006
Packages,Level_Up,0.8877762098803178,0.2016452406144353,1.0,False,GamifiedResource,Level,0.9102209679042543
Class_Instance,Level_Up,0.8877755482793361,0.20164487737278955,1.0,False,GamifiedResource,Level,0.9102204386234689
Strings,Level_Up,0.8870979303123487,0.20127957421261064,1.0,False,GamifiedResource,Level,0.909678344249879
Functions,Level_Up,0.8864029427492272,0.2009148326235497,1.0,False,GamifiedResource,Level,0.9091223541993818
Multi-level_inheritance,Level_Up,0.8859160568900603,0.20067766402510634,1.0,True,GamifiedResource,Level,0.9087328455120482
Control_Statements,Level_Up,0.8850027377466132,0.2002101460091545,1.0,False,GamifiedResource,Level,0.9080021901972906
Buil-in_Data_Types,Level_Up,0.8847540703549323,0.19346186067113794,1.0,True,GamifiedResource,Level,0.9078032562839458
Loops,Level_Up,0.88431761962234,0.19986752090949272,1.0,False,GamifiedResource,Level,0.907454095697872
Extend_Keyword,Level_Up,0.8817607986487731,0.1990195204381048,1.0,False,GamifiedResource,Level,0.9054086389190186
Task_about_Class_Methods_and_Constructors,Level_Up,0.8810839064656305,0.19873602574059127,1.0,False,GamifiedResource,Level,0.9048671251725044
Function_Types,Level_Up,0.8810766351016749,0.198731751699865,1.0,False,GamifiedResource,Level,0.9048613080813399
Task_about_Classes_and_Objects,Level_Up,0.881070299698304,0.19872799872774122,1.0,False,GamifiedResource,Level,0.9048562397586433
Super_Keyword,Level_Up,0.8801005825231737,0.19823079503638433,1.0,False,GamifiedResource,Level,0.9040804660185391
Inheritance_vs_Composition,Level_Up,0.8791894536830043,0.19804551445453586,1.0,False,GamifiedResource,Level,0.9033515629464035
Task_about_Inheritance,Level_Up,0.8761540159548348,0.19768329760964629,1.0,False,GamifiedResource,Level,0.9009232127638678
Task_about_Java_Basics,Stash,0.8950740526756379,0.20167724860850508,0.9172442572270822,True,GamifiedResource,Reward,0.8995080935859268
Java_FX,Level_Up,0.8722426869158543,0.20875378009779982,1.0,False,GamifiedResource,Level,0.8977941495326835
Static_functions,Level_Up,0.8667951491367039,0.19220890297050053,1.0,False,GamifiedResource,Level,0.8934361193093632
Event_Listeners,Level_Up,0.8622571464077031,0.21184718818061246,1.0,False,GamifiedResource,Level,0.8898057171261626
Parent_classes,Level_Up,0.8607883706803807,0.1910282080985326,1.0,False,GamifiedResource,Level,0.8886306965443047
gr,Level_Up,0.8507544770960502,0.21200617921431741,1.0,False,GamifiedResource,Level,0.8806035816768403
Polymorphism,Level_Up,0.8462939613332996,0.2147536798103214,1.0,False,Lesson,Level,0.8770351690666398
Variables,Level_Up,0.8462152395770788,0.1892758495827941,1.0,True,GamifiedResource,Level,0.8769721916616631
Class_attributes_and_functions,Level_Up,0.8462109436456192,0.18927428831449847,1.0,False,GamifiedResource,Level,0.8769687549164955
Java_Basics,Level_Up,0.8450550784304045,0.21552961952136218,1.0,False,Lesson,Level,0.8760440627443236
Class_Methods_and_Constructors,Level_Up,0.8450431982139847,0.21554457324572557,1.0,False,Lesson,Level,0.8760345585711877
Inheritance,Level_Up,0.844835512383618,0.21572275242745007,1.0,False,Lesson,Level,0.8758684099068945
Classes_and_Objects,Level_Up,0.8441729389519488,0.21640905985066727,1.0,False,Lesson,Level,0.8753383511615591
Overloading,Level_Up,0.842632173410993,0.19737954118031867,1.0,True,GamifiedResource,Level,0.8741057387287945
Arguments_and_parameters,Level_Up,0.8418005414339005,0.19168954870385305,1.0,False,GamifiedResource,Level,0.8734404331471204
Files,Level_Up,0.8399638842053581,0.20180652210160843,1.0,False,GamifiedResource,Level,0.8719711073642864
Overriding,Level_Up,0.8391678871232555,0.2012474402792047,1.0,True,GamifiedResource,Level,0.8713343096986044
Input_and_Output_Stream,Level_Up,0.8372769871169782,0.2098771513202509,1.0,False,Lesson,Level,0.8698215896935826
Try_and_Catch,Level_Up,0.8370208425956726,0.20025038341029874,1.0,False,GamifiedResource,Level,0.8696166740765381
Graphical_User_Interface,Level_Up,0.83633448488009,0.2244375605423983,1.0,False,Lesson,Level,0.8690675879040721
Exceptions,Level_Up,0.8360003014193605,0.1997190145485308,1.0,False,GamifiedResource,Level,0.8688002411354885
Buil-in_Data_Types,Stash,0.8560958460612348,0.2001728699762085,0.9172442572270822,False,GamifiedResource,Reward,0.8683255282944043
Single_level_inheritance,Stash,0.8538432309836326,0.19259922329647944,0.9172442572270822,False,GamifiedResource,Reward,0.8665234362323225
Static_Keyword,Stash,0.853693334052062,0.19253711591640926,0.9172442572270822,False,GamifiedResource,Reward,0.8664035186870661
This_Keyword,Stash,0.8536877465107378,0.1925348028841168,0.9172442572270822,False,GamifiedResource,Reward,0.8663990486540067
Constructors,Stash,0.8536855703323483,0.1925339020684182,0.9172442572270822,False,GamifiedResource,Reward,0.8663973077112951
Task_about_Polymorphism,Level_Up,0.8329753706413466,0.19889935629773461,1.0,False,GamifiedResource,Level,0.8663802965130774
Access_Modifiers,Stash,0.853657448094143,0.1925222630790568,0.9172442572270822,False,GamifiedResource,Reward,0.8663748099207309
Packages,Stash,0.8536540106683702,0.1925208406865825,0.9172442572270822,False,GamifiedResource,Reward,0.8663720599801127
Class_Instance,Stash,0.8536519376767963,0.19251998291867087,0.9172442572270822,False,GamifiedResource,Reward,0.8663704015868535
Strings,Stash,0.8536176639725861,0.1925058040384176,0.9172442572270822,True,GamifiedResource,Reward,0.8663429826234854
Functions,Stash,0.853528955801052,0.19246913201517993,0.9172442572270822,True,GamifiedResource,Reward,0.8662720160862581
Task_about_GUI,Level_Up,0.8321532032329635,0.1985135511861763,1.0,False,GamifiedResource,Level,0.8657225625863709
Control_Statements,Stash,0.8526529607406583,0.19184405489842352,0.9172442572270822,True,GamifiedResource,Reward,0.8655712200379432
Multi-level_inheritance,Stash,0.8520925103025228,0.19112985018722453,0.9172442572270822,False,GamifiedResource,Reward,0.8651228596874347
GUI_Elements,Level_Up,0.8309527341452668,0.19794999015967435,1.0,False,GamifiedResource,Level,0.8647621873162135
Loops,Stash,0.8490552192433979,0.18925263118570235,0.9172442572270822,False,GamifiedResource,Reward,0.8626930268401348
Exception_Handling,Level_Up,0.8283420839070491,0.23500528318099703,1.0,False,Lesson,Level,0.8626736671256394
Classes_and_Objects,Stash,0.8470841478973176,0.21289771497857615,0.9172442572270822,False,Lesson,Reward,0.8611161697632705
Inheritance,Stash,0.8470768218762987,0.21290374815098087,0.9172442572270822,False,Lesson,Reward,0.8611103089464555
Polymorphism,Stash,0.847048076098593,0.21005454550186417,0.9172442572270822,False,Lesson,Reward,0.8610873123242909
Inheritance_vs_Composition,Stash,0.8466711593773351,0.1871206735009312,0.9172442572270822,False,GamifiedResource,Reward,0.8607857789472846
Super_Keyword,Stash,0.8460057378911268,0.18685001201836896,0.9172442572270822,False,GamifiedResource,Reward,0.8602534417583179
Java_Basics,Stash,0.8457899991166495,0.21292500466766645,0.9172442572270822,False,Lesson,Reward,0.8600808507387361
Class_Methods_and_Constructors,Stash,0.845761351540256,0.21293256175529132,0.9172442572270822,False,Lesson,Reward,0.8600579326776213
Extend_Keyword,Stash,0.8451547340427373,0.1870964559587062,0.9172442572270822,False,GamifiedResource,Reward,0.8595726386796063
Task_about_Class_Methods_and_Constructors,Stash,0.8451228814159712,0.18708168622289614,0.9172442572270822,False,GamifiedResource,Reward,0.8595471565781935
Function_Types,Stash,0.8451002766431829,0.18707126199778745,0.9172442572270822,False,GamifiedResource,Reward,0.8595290727599628
Task_about_Classes_and_Objects,Stash,0.8450805613083359,0.18706214442028118,0.9172442572270822,False,GamifiedResource,Reward,0.8595133004920852
gr,Stash,0.8438325431505739,0.2195614573653396,0.9172442572270822,False,GamifiedResource,Reward,0.8585148859658756
Event_Handler_and_Listener,Level_Up,0.8230011584695911,0.24225227888779305,1.0,False,Lesson,Level,0.8584009267756729
Task_about_Inheritance,Stash,0.8432557065388263,0.18575879080401703,0.9172442572270822,False,GamifiedResource,Reward,0.8580534166764775
ObjectOrientedProgramming,Level_Up,0.8199941226244146,0.24657463044692193,1.0,False,onlineCourse,Level,0.8559952980995318
Event_Listeners,Stash,0.8398945399860714,0.2099971858081814,0.9172442572270822,False,GamifiedResource,Reward,0.8553644834342736
Java_FX,Stash,0.838390934198072,0.19937300340960118,0.9172442572270822,False,GamifiedResource,Reward,0.8541615988038741
Sara,Level_Up,0.8164256917635007,0.24437574760778372,1.0,False,Person,Level,0.8531405534108005
Graphical_User_Interface,Stash,0.8348889843946884,0.21475032963734753,0.9172442572270822,False,Lesson,Reward,0.8513600389611672
Exception_Handling,Stash,0.8312273408241921,0.22889896736916304,0.9172442572270822,False,Lesson,Reward,0.8484307241047702
OOPCourseCommunity,Level_Up,0.8103503301938375,0.2620093328752978,1.0,False,Space,Level,0.84828026415507
Event_Handler_and_Listener,Stash,0.8271357956660033,0.236227198275533,0.9172442572270822,False,Lesson,Reward,0.8451574879782191
containsGameElement,Level_Up,0.8056938612593474,0.267208820631816,1.0,False,TransitiveProperty,Level,0.844555089007478
ObjectOrientedProgramming,Stash,0.8262483545267874,0.23776251896281544,0.9172442572270822,False,onlineCourse,Reward,0.8444475350668463
nil,Level_Up,0.8037386673291523,0.272372169777987,1.0,False,unknown,Level,0.8429909338633219
Arrays,Level_Up,0.8014483408400531,0.16396496690081452,1.0,False,GamifiedResource,Level,0.8411586726720426
Delimiters,Level_Up,0.8004193691246689,0.18088442668996071,1.0,False,GamifiedResource,Level,0.8403354952997353
Overloaded_constructors,Level_Up,0.8003732459879634,0.18085980123759063,1.0,True,GamifiedResource,Level,0.8402985967903709
hasLearningStyle,Level_Up,0.798353763503006,0.253996816911837,1.0,False,ObjectProperty,Level,0.8386830108024048
Course,Level_Up,0.7978276717108036,0.27981039063906915,1.0,False,unknown,Level,0.838262137368643
Teacher,Level_Up,0.7959310860236084,0.2833610405060808,1.0,False,unknown,Level,0.8367448688188868
Person,Level_Up,0.7954607671740815,0.283859673280354,1.0,False,unknown,Level,0.8363686137392652
experienceLevel,Level_Up,0.7949693307921311,0.28183108319968675,1.0,False,DatatypeProperty,Level,0.835975464633705
GameElementResource,Level_Up,0.7944927350087218,0.28617445110139245,1.0,False,Class,Level,0.8355941880069775
Exception_Types,Level_Up,0.7943030597925881,0.17834188203018653,1.0,False,GamifiedResource,Level,0.8354424478340705
OOPCourseCommunity,Stash,0.8149416327476502,0.25477448338695663,0.9172442572270822,False,Space,Reward,0.8354021576435366
has_PlayingStyle,Level_Up,0.7936962614043559,0.2839061975082209,1.0,False,DatatypeProperty,Level,0.8349570091234848
GamifiedResource,Level_Up,0.7930347859609238,0.28768340979381085,1.0,False,Class,Level,0.834427828768739
containsGameElement,Stash,0.8134480858219438,0.2555087221191647,0.9172442572270822,False,TransitiveProperty,Reward,0.8342073201029716
string,Level_Up,0.7911383382862218,0.2912446454081292,1.0,False,unknown,Level,0.8329106706289775
hasObjective,Level_Up,0.7909933237031707,0.2880658400075744,1.0,False,TransitiveProperty,Level,0.8327946589625366
Document,Level_Up,0.7901655815442385,0.294100656975449,1.0,False,unknown,Level,0.832132465235391
hasExperience,Level_Up,0.7900947026613789,0.29036347691999775,1.0,False,ObjectProperty,Level,0.8320757621291033
Resource,Level_Up,0.7895681761105013,0.29467697815099747,1.0,False,unknown,Level,0.8316545408884011
Agent,Level_Up,0.7895355366071032,0.2947086076834937,1.0,False,unknown,Level,0.8316284292856826
nil,Stash,0.807508176167806,0.2661427592925501,0.9172442572270822,False,unknown,Reward,0.8294553923796613
o,Level_Up,0.7854531917667863,0.30014583670183725,1.0,False,Variable,Level,0.8283625534134291
Leaderboard,Level_Up,0.7852337269776781,0.29532561128117657,1.0,False,Class,Level,0.8281869815821425
t,Level_Up,0.7850363837040014,0.3015445001030218,1.0,False,Variable,Level,0.8280291069632011
e,Level_Up,0.784995393658158,0.30059097493692827,1.0,False,Variable,Level,0.8279963149265264
SimpleResource,Level_Up,0.7844251028300117,0.3002572320090411,1.0,False,unknown,Level,0.8275400822640093
True,Level_Up,0.7834622353887761,0.30460235400861385,1.0,False,unknown,Level,0.826769788311021
GamificationExperience,Level_Up,0.7829637229713885,0.30100631425468966,1.0,False,Class,Level,0.8263709783771109
gep,Level_Up,0.7817071753817022,0.30525487417725927,1.0,False,Variable,Level,0.8253657403053618
has_Priority,Level_Up,0.7807995036012276,0.273173363315317,1.0,False,DatatypeProperty,Level,0.8246396028809821
Person,Stash,0.8008982446373387,0.2745295874995235,0.9172442572270822,False,unknown,Reward,0.8241674471552874
Static_functions,Stash,0.8003600373772347,0.1768368963822265,0.9172442572270822,False,GamifiedResource,Reward,0.8237368813472042
BehaviouralObjective,Level_Up,0.7796241529971962,0.3037530989719814,1.0,False,Class,Level,0.8236993223977571
Course,Stash,0.7990112556893784,0.2770141224229358,0.9172442572270822,False,unknown,Reward,0.8226578559969192
experienceLevel,Stash,0.7976968856784846,0.2752483532808031,0.9172442572270822,False,DatatypeProperty,Reward,0.8216063599882042
Parent_classes,Stash,0.7976723381593935,0.17563593649153622,0.9172442572270822,False,GamifiedResource,Reward,0.8215867219729314
nonNegativeInteger,Level_Up,0.7760606306611575,0.3137316462396874,1.0,False,unknown,Level,0.820848504528926
has_PlayingStyle,Stash,0.7963253452796331,0.27493477555105966,0.9172442572270822,False,DatatypeProperty,Reward,0.820509127669123
Event_Types,Level_Up,0.7754500307103994,0.17757591954682,1.0,False,GamifiedResource,Level,0.8203600245683196
CreativeWork,Level_Up,0.7749159070668484,0.3138901084409336,1.0,False,unknown,Level,0.8199327256534787
Teacher,Stash,0.7948298491189225,0.2845333065858096,0.9172442572270822,False,unknown,Reward,0.8193127307405546
GameElementResource,Stash,0.7948245748508164,0.285059350718642,0.9172442572270822,False,Class,Reward,0.8193085113260696
hasObjective,Stash,0.7937069266145709,0.28114996001102743,0.9172442572270822,False,TransitiveProperty,Reward,0.8184143927370732
hasExperience,Stash,0.7935775644146957,0.2834019994450038,0.9172442572270822,False,ObjectProperty,Reward,0.8183109029771731
res,Level_Up,0.7725014198449365,0.31883133021706994,1.0,False,Variable,Level,0.8180011358759491
GamifiedResource,Stash,0.7929699353383919,0.28703057691120776,0.9172442572270822,False,Class,Reward,0.81782479971613
string,Stash,0.7926599109188652,0.2879916189808933,0.9172442572270822,False,unknown,Reward,0.8175767801805087
Document,Stash,0.7914770525293876,0.2913632461886411,0.9172442572270822,False,unknown,Reward,0.8166304934689266
Resource,Stash,0.7907313745743842,0.29210528946739855,0.9172442572270822,False,unknown,Reward,0.8160339511049239
Agent,Stash,0.7906923812226185,0.29214430274065484,0.9172442572270822,False,unknown,Reward,0.8160027564235113
o,Stash,0.7906619638931891,0.29048200804371527,0.9172442572270822,False,Variable,Reward,0.8159784225599678
e,Stash,0.7894079855977162,0.2921675517519453,0.9172442572270822,False,Variable,Reward,0.8149752399235894
t,Stash,0.7892064632018199,0.2936463895176337,0.9172442572270822,False,Variable,Reward,0.8148140220068724
gep,Stash,0.78518532140278,0.29819136521769946,0.9172442572270822,False,Variable,Reward,0.8115971085676404
SimpleResource,Stash,0.7844023688263818,0.29904132525797866,0.9172442572270822,False,unknown,Reward,0.8109707465065219
True,Stash,0.7830815748044253,0.3044312877473211,0.9172442572270822,False,unknown,Reward,0.8099141112889567
Sara,Stash,0.7809330174905623,0.22590007089651767,0.9172442572270822,False,Person,Reward,0.8081952654378664
r,Level_Up,0.760130015815097,0.31291126380008366,1.0,False,Variable,Level,0.8081040126520775
Leaderboard,Stash,0.7801982545165218,0.29626312968652735,0.9172442572270822,False,Class,Reward,0.807607455058634
BehaviouralObjective,Stash,0.7784586044391141,0.29635709818844863,0.9172442572270822,False,Class,Reward,0.8062157349967077
hasLearningStyle,Stash,0.7776047926363719,0.22638373183599272,0.9172442572270822,False,ObjectProperty,Reward,0.8055326855545141
GamificationExperience,Stash,0.7775537192068874,0.3062436902510223,0.9172442572270822,False,Class,Reward,0.8054918268109265
Literal,Level_Up,0.7550924790197089,0.3124952268410449,1.0,False,unknown,Level,0.8040739832157671
Input_and_Output_Stream,Stash,0.774610106082186,0.17079650267346028,0.9172442572270822,False,Lesson,Reward,0.8031369363111652
nonNegativeInteger,Stash,0.7730704748071421,0.31482538397648485,0.9172442572270822,False,unknown,Reward,0.8019052312911301
Activity,Level_Up,0.7520418797668845,0.33867062651513685,1.0,False,unknown,Level,0.8016335038135076
res,Stash,0.7727275322067554,0.31496837881139117,0.9172442572270822,False,Variable,Reward,0.8016308772108208
Tiny_stash,Level_Up,0.7502978140728553,0.15688872424801262,1.0,False,Reward,Level,0.8002382512582844
CreativeWork,Stash,0.7708111749793991,0.31679077627045604,0.9172442572270822,False,unknown,Reward,0.8000977914289358
hasBehaviouralObjective,Level_Up,0.7495851545441502,0.22970586982071475,1.0,False,ObjectProperty,Level,0.7996681236353202
hasDeployment,Level_Up,0.7436247470861325,0.33855223074099483,1.0,False,unknown,Level,0.7948997976689061
Deployment,Level_Up,0.7436247470861325,0.33855223074099483,1.0,False,unknown,Level,0.7948997976689061
Learner,Level_Up,0.7404172285128918,0.26150971934085016,1.0,False,unknown,Level,0.7923337828103134
Points,Level_Up,0.7400014948471652,0.26088827338907966,1.0,False,Class,Level,0.7920011958777322
Array_of_instances,Level_Up,0.7324329295413987,0.12690104427428625,1.0,False,Resource,Level,0.7859463436331191
Activity,Stash,0.7499741597698321,0.3397100054394938,0.9172442572270822,False,unknown,Reward,0.7834281792612822
OnlineAccount,Level_Up,0.7276851571524386,0.3309043351907485,1.0,False,unknown,Level,0.7821481257219509
has_Priority,Stash,0.7472874273751215,0.2348262494836021,0.9172442572270822,False,DatatypeProperty,Reward,0.7812787933455138
Knowledge,Level_Up,0.7263581889014757,0.28777295018079435,1.0,False,Class,Level,0.7810865511211806
SpatialThing,Level_Up,0.7240952455477164,0.28092577611610514,1.0,False,unknown,Level,0.7792761964381731
r,Stash,0.7376661965762986,0.29148217793873743,0.9172442572270822,False,Variable,Reward,0.7735818087064553
User,Level_Up,0.7152339273868858,0.2988035863720507,1.0,False,unknown,Level,0.7721871419095088
Deployment,Stash,0.7341959599729094,0.3362467604966615,0.9172442572270822,False,unknown,Reward,0.770805619423744
hasDeployment,Stash,0.7341959599729094,0.3362467604966615,0.9172442572270822,False,unknown,Reward,0.770805619423744
Overloading,Stash,0.7294888036490803,0.16778867324405636,0.9172442572270822,False,GamifiedResource,Reward,0.7670398943646807
Arguments_and_parameters,Stash,0.7256262450831051,0.16029763202734643,0.9172442572270822,False,GamifiedResource,Reward,0.7639498475119005
Literal,Stash,0.725421597678044,0.2952285427468461,0.9172442572270822,False,unknown,Reward,0.7637861295878517
Overriding,Stash,0.72516917497058,0.17115636048142807,0.9172442572270822,False,GamifiedResource,Reward,0.7635841914218805
Variables,Stash,0.7225127490496865,0.14834045892410408,0.9172442572270822,False,GamifiedResource,Reward,0.7614590506851657
Class_attributes_and_functions,Stash,0.7225041731376626,0.14833684496008406,0.9172442572270822,False,GamifiedResource,Reward,0.7614521899555465
Try_and_Catch,Stash,0.7214642441702254,0.1708430959449656,0.9172442572270822,False,GamifiedResource,Reward,0.7606202467815968
Files,Stash,0.7211829269996443,0.16682355106119634,0.9172442572270822,False,GamifiedResource,Reward,0.7603951930451319
_:b4,Level_Up,0.7000244800761035,0.2799060704956679,1.0,False,Restriction,Level,0.7600195840608828
_:b3,Level_Up,0.7000244800761035,0.2799060704956679,1.0,False,Restriction,Level,0.7600195840608828
_:b0,Level_Up,0.7000244800761035,0.2799060704956679,1.0,False,Restriction,Level,0.7600195840608828
_:b1,Level_Up,0.7000244800761035,0.2799060704956679,1.0,False,Restriction,Level,0.7600195840608828
Exceptions,Stash,0.7179624611913455,0.1688461466231742,0.9172442572270822,False,GamifiedResource,Reward,0.7578188203984929
OnlineAccount,Stash,0.7144453757191604,0.30935043762314013,0.9172442572270822,False,unknown,Reward,0.7550051520207448
Task_about_Polymorphism,Stash,0.7132358516991137,0.16668246625801647,0.9172442572270822,False,GamifiedResource,Reward,0.7540375328047074
Arithmetic_operations,Level_Up,0.6908805160950827,0.11497977373976993,1.0,False,Resource,Level,0.7527044128760663
GUI_Elements,Stash,0.7104860657342627,0.16519657386130793,0.9172442572270822,False,GamifiedResource,Reward,0.7518377040328266
Task_about_GUI,Stash,0.7102180802783958,0.16505432462380573,0.9172442572270822,False,GamifiedResource,Reward,0.7516233156681331
tbox,Level_Up,0.6806948216943793,0.31117189593041,1.0,False,Ontology,Level,0.7445558573555036
_:b14,Level_Up,0.6804007289415093,0.3093761411727834,1.0,False,Restriction,Level,0.7443205831532074
_:b9,Level_Up,0.6804007229810448,0.30937614841431843,1.0,False,Restriction,Level,0.7443205783848359
_:b13,Level_Up,0.6804007229810448,0.30937614841431843,1.0,False,Restriction,Level,0.7443205783848359
startingPage,Level_Up,0.6707696889184629,0.2041882111110569,1.0,False,AnnotationProperty,Level,0.7366157511347704
is_part_of,Level_Up,0.6667913319841591,0.31293528326833264,1.0,False,unknown,Level,0.7334330655873273
Space,Level_Up,0.658415684565478,0.2067286678793281,1.0,False,unknown,Level,0.7267325476523825
User,Stash,0.6785219007233371,0.28801827571683336,0.9172442572270822,False,unknown,Reward,0.7262663720240862
Task_about_Java_Basics,BLockGame,0.8696081560415838,0.19351947094807062,0.12935257077791257,True,GamifiedResource,Badge,0.7215570389888496
Learner,Stash,0.6701304101506109,0.2164323003416133,0.9172442572270822,False,unknown,Reward,0.7195531795659053
TeacherGroupB,Level_Up,0.6419622340833065,0.2677593799091602,1.0,False,FreeGroup,Level,0.7135697872666453
Points,Stash,0.6612580488777665,0.20541057606777,0.9172442572270822,False,Class,Reward,0.7124552905476297
hasPart,Level_Up,0.6397295354685525,0.2156672175327077,1.0,False,unknown,Level,0.711783628374842
Knowledge,Stash,0.6584480060365612,0.24728634098354357,0.9172442572270822,False,Class,Reward,0.7102072562746654
partOf,Level_Up,0.6374450490283003,0.27605619447400215,1.0,False,unknown,Level,0.7099560392226403
has_container,Level_Up,0.6374450490283003,0.27605619447400215,1.0,False,unknown,Level,0.7099560392226403
gel,Level_Up,0.6372458376644717,0.24274242277568975,1.0,False,Variable,Level,0.7097966701315774
Task_about_Exception_Handling,Level_Up,0.6329041804992451,0.14095306017394235,1.0,False,GamifiedResource,Level,0.7063233443993961
l,Level_Up,0.6328409367701975,0.2463429849259698,1.0,False,Variable,Level,0.706272749416158
b,Level_Up,0.632516245778697,0.246223217750267,1.0,False,Variable,Level,0.7060129966229576
PerceptionPole,Level_Up,0.632048068446373,0.23222415190256696,1.0,False,Class,Level,0.7056384547570984
InputPole,Level_Up,0.632048068446373,0.23222415190256696,1.0,False,Class,Level,0.7056384547570984
has_host,Level_Up,0.6312125714017356,0.18923937996371915,1.0,False,unknown,Level,0.7049700571213886
Task_about_Input_and_Output_Streams,Level_Up,0.6298234528328461,0.141574493541394,1.0,False,GamifiedResource,Level,0.7038587622662769
Objective,Level_Up,0.6292493237592379,0.24202746055758795,1.0,False,Class,Level,0.7033994590073904
SpatialThing,Stash,0.6480547129622121,0.23724545977381017,0.9172442572270822,False,unknown,Reward,0.7018926218151861
stringEqualIgnoreCase,Level_Up,0.6245579094558823,0.23103401942715882,1.0,False,unknown,Level,0.6996463275647058
equal,Level_Up,0.6245009453769879,0.2310156671947388,1.0,False,unknown,Level,0.6996007563015902
Arrays,Stash,0.6442989222402011,0.1681422297338098,0.9172442572270822,False,GamifiedResource,Reward,0.6988879892375773
Lesson,Level_Up,0.622646127575577,0.22758784138077384,1.0,False,unknown,Level,0.6981169020604616
Audience,Level_Up,0.620627158698643,0.23472245287768975,1.0,False,Class,Level,0.6965017269589144
Delimiters,Stash,0.6386580269630527,0.17641755304238316,0.9172442572270822,False,GamifiedResource,Reward,0.6943752730158587
Overloaded_constructors,Stash,0.6385782368039088,0.17639227252886805,0.9172442572270822,False,GamifiedResource,Reward,0.6943114408885435
gr,BLockGame,0.8334193638118294,0.23045053915757563,0.12935257077791257,False,GamifiedResource,Badge,0.692606005205046
Exception_Types,Stash,0.6356118270854936,0.17819006555367434,0.9172442572270822,False,GamifiedResource,Reward,0.6919383131138114
Error1,Level_Up,0.6126553040504285,0.24726336152377984,1.0,False,Class,Level,0.6901242432403427
hasBehaviouralObjective,Stash,0.6325198088074926,0.14400062706423625,0.9172442572270822,False,ObjectProperty,Reward,0.6894646984914106
Event_Types,Stash,0.631126213402706,0.18136183593933713,0.9172442572270822,False,GamifiedResource,Reward,0.6883498221675813
LegalDocument,Level_Up,0.6085481682042408,0.20646756349622725,1.0,False,Class,Level,0.6868385345633927
UserAccount,Level_Up,0.6076095551867945,0.2600709954269988,1.0,False,unknown,Level,0.6860876441494357
Buil-in_Data_Types,BLockGame,0.8251803025651538,0.21455050018528138,0.12935257077791257,False,GamifiedResource,Badge,0.6860147562077056
Inheritance,BLockGame,0.8188070060584234,0.24030997765860235,0.12935257077791257,False,Lesson,Badge,0.6809161190023213
Classes_and_Objects,BLockGame,0.8181555300309815,0.24121061758568738,0.12935257077791257,False,Lesson,Badge,0.6803949381803678
Java_Basics,BLockGame,0.8144956607851208,0.23915173408225296,0.12935257077791257,False,Lesson,Badge,0.6774670427836792
Class_Methods_and_Constructors,BLockGame,0.8144200090951539,0.23910861977896627,0.12935257077791257,False,Lesson,Badge,0.6774065214317057
Stash,Level_Up,0.5955612961396554,0.08686848945175901,1.0,False,Reward,Level,0.6764490369117243
Buil-in_Data_Types,Tiny_stash,0.8347647973434974,0.22316987488046924,0.0415518252487452,True,GamifiedResource,Reward,0.6761222029245469
Task_about_Java_Basics,Tiny_stash,0.8335599075123918,0.21965926283235926,0.0415518252487452,False,GamifiedResource,Reward,0.6751582910596625
Polymorphism,BLockGame,0.8095000544819826,0.23250870746900507,0.12935257077791257,False,Lesson,Badge,0.6734705577411686
_:b1,Stash,0.6097047372386218,0.29295268578603223,0.9172442572270822,False,Restriction,Reward,0.671212641236314
_:b0,Stash,0.6097047372386218,0.29295268578603223,0.9172442572270822,False,Restriction,Reward,0.671212641236314
_:b3,Stash,0.6097047372386218,0.29295268578603223,0.9172442572270822,False,Restriction,Reward,0.671212641236314
_:b4,Stash,0.6097047372386218,0.29295268578603223,0.9172442572270822,False,Restriction,Reward,0.671212641236314
Events,Level_Up,0.5854310890322018,0.13346648989253004,1.0,False,GamifiedResource,Level,0.6683448712257614
ObjectOrientedProgramming,BLockGame,0.8004947267428537,0.27429661828324114,0.12935257077791257,False,onlineCourse,Badge,0.6662662955498655
gr,Tiny_stash,0.8222522054997352,0.24351607434593117,0.0415518252487452,False,GamifiedResource,Reward,0.6661121294495372
Event_Handler_and_Listener,BLockGame,0.7993608394444331,0.27107778460649207,0.12935257077791257,False,Lesson,Badge,0.6653591857111291
BLockGame,Level_Up,0.580498103485612,0.14774495342493657,1.0,False,Badge,Level,0.6643984827884897
_:b13,Stash,0.6008589170036439,0.3133786471456072,0.9172442572270822,False,Restriction,Reward,0.6641359850483316
_:b14,Stash,0.6008589170036439,0.3133786471456072,0.9172442572270822,False,Restriction,Reward,0.6641359850483316
_:b9,Stash,0.6008589170036439,0.3133786471456072,0.9172442572270822,False,Restriction,Reward,0.6641359850483316
tbox,Stash,0.6008474949704056,0.31864291769412784,0.9172442572270822,False,Ontology,Reward,0.664126847421741
Exception_Handling,BLockGame,0.7976617981579479,0.2613845861536103,0.12935257077791257,False,Lesson,Badge,0.6639999526819409
OOPCourseCommunity,BLockGame,0.7968462891578675,0.28417499476994545,0.12935257077791257,False,Space,Badge,0.6633475454818766
containsGameElement,BLockGame,0.7906256834996062,0.29015042059319424,0.12935257077791257,False,TransitiveProperty,Badge,0.6583710609552674
Graphical_User_Interface,BLockGame,0.7898781277138616,0.23394492504569148,0.12935257077791257,False,Lesson,Badge,0.6577730163266718
is_part_of,Stash,0.5927530142343095,0.33660771271073936,0.9172442572270822,False,unknown,Reward,0.6576512628328641
_:b273,Level_Up,0.571844804441566,0.12021674978465566,1.0,False,DatavaluedPropertyAtom,Level,0.6574758435532528
nil,BLockGame,0.7887484308878581,0.2975414109132435,0.12935257077791257,False,unknown,Badge,0.656869258865869
_:b102,Level_Up,0.5703940286581177,0.12290563937220117,1.0,False,DatavaluedPropertyAtom,Level,0.6563152229264941
_:b100,Level_Up,0.5703900203665304,0.12290180580990105,1.0,False,DatavaluedPropertyAtom,Level,0.6563120162932243
_:b116,Level_Up,0.5702286868165425,0.12004080497702362,1.0,False,DatavaluedPropertyAtom,Level,0.6561829494532341
_:b125,Level_Up,0.5702286868165425,0.12004080497702362,1.0,False,DatavaluedPropertyAtom,Level,0.6561829494532341
Event_Listeners,BLockGame,0.7842717281648177,0.1928213122778522,0.12935257077791257,False,GamifiedResource,Badge,0.6532878966874367
Person,BLockGame,0.7831500781021352,0.30336525870935815,0.12935257077791257,False,unknown,Badge,0.6523905766372907
demo_GR2,Level_Up,0.5632934674802168,0.20414194021132193,1.0,False,GamifiedResource,Level,0.6506347739841735
demo_GR1,Level_Up,0.5632934674802168,0.20414194021132193,1.0,True,GamifiedResource,Level,0.6506347739841735
Course,BLockGame,0.7779780381932445,0.3101301909246316,0.12935257077791257,False,unknown,Badge,0.6482529447101781
GameElementResource,BLockGame,0.7774265088099173,0.3145809882893334,0.12935257077791257,False,Class,Badge,0.6478117212035164
Teacher,BLockGame,0.7771295256832668,0.31427412019020606,0.12935257077791257,False,unknown,Badge,0.6475741347021959
Array_of_instances,Stash,0.5789127283676656,0.2076356951479684,0.9172442572270822,False,Resource,Reward,0.646579034139549
Control_Statements,BLockGame,0.7756382061019794,0.15359825280349895,0.12935257077791257,True,GamifiedResource,Badge,0.6463810790371661
GamifiedResource,BLockGame,0.7754545904091964,0.31635775306107006,0.12935257077791257,False,Class,Badge,0.6462341864829396
Document,BLockGame,0.7739164466841641,0.3219079618896741,0.12935257077791257,False,unknown,Badge,0.6450036715029138
Static_Keyword,BLockGame,0.7737438810591092,0.15173035683435582,0.12935257077791257,False,GamifiedResource,Badge,0.6448656190028699
This_Keyword,BLockGame,0.7737323216095746,0.15172544112531894,0.12935257077791257,False,GamifiedResource,Badge,0.6448563714432423
Constructors,BLockGame,0.7737278196404412,0.1517235268752849,0.12935257077791257,False,GamifiedResource,Badge,0.6448527698679355
Access_Modifiers,BLockGame,0.7736696461371568,0.15169880309417466,0.12935257077791257,False,GamifiedResource,Badge,0.644806231065308
Packages,BLockGame,0.7736625360551248,0.1516957828014638,0.12935257077791257,False,GamifiedResource,Badge,0.6448005429996824
Class_Instance,BLockGame,0.773658248271492,0.15169396155093054,0.12935257077791257,False,GamifiedResource,Badge,0.6447971127727762
Strings,BLockGame,0.7735873747349404,0.15166384387246662,0.12935257077791257,False,GamifiedResource,Badge,0.6447404139435349
Functions,BLockGame,0.7734039869192315,0.15158608235859009,0.12935257077791257,False,GamifiedResource,Badge,0.6445937036909678
Single_level_inheritance,BLockGame,0.7733874036418077,0.15135338830304215,0.12935257077791257,False,GamifiedResource,Badge,0.6445804370690287
Resource,BLockGame,0.7731294149907059,0.32256712870623305,0.12935257077791257,False,unknown,Badge,0.6443740461481472
Agent,BLockGame,0.773103737351677,0.3225887737470661,0.12935257077791257,False,unknown,Badge,0.6443535040369242
string,BLockGame,0.7728821475073634,0.32154148879555067,0.12935257077791257,False,unknown,Badge,0.6441762321614732
Multi-level_inheritance,BLockGame,0.7725704519851572,0.15060638265904078,0.12935257077791257,False,GamifiedResource,Badge,0.6439268757437083
t,BLockGame,0.7721520777821624,0.3227846537141092,0.12935257077791257,False,Variable,Badge,0.6435921763813125
o,BLockGame,0.7715457176515856,0.3226519663059623,0.12935257077791257,False,Variable,Badge,0.643107088276851
TeacherGroupB,Stash,0.5741505535895014,0.23473473159686584,0.9172442572270822,False,FreeGroup,Reward,0.6427692943170176
e,BLockGame,0.7701833631661186,0.32429426439321296,0.12935257077791257,False,Variable,Badge,0.6420172046884774
Loops,BLockGame,0.7692814304562732,0.1489592680881475,0.12935257077791257,True,GamifiedResource,Badge,0.6412956585206011
Task_about_Inheritance,BLockGame,0.7685603289850393,0.14908556875463919,0.12935257077791257,False,GamifiedResource,Badge,0.640718777343614
Inheritance_vs_Composition,BLockGame,0.7685521103759017,0.1480957740990668,0.12935257077791257,False,GamifiedResource,Badge,0.6407122024563039
gep,BLockGame,0.7679280198718554,0.3268896300114775,0.12935257077791257,False,Variable,Badge,0.6402129300530669
hasExperience,BLockGame,0.7677272568574924,0.32244576341473735,0.12935257077791257,False,ObjectProperty,Badge,0.6400523196415765
SimpleResource,BLockGame,0.7665122787018614,0.32881100556881304,0.12935257077791257,False,unknown,Badge,0.6390803371170717
Super_Keyword,BLockGame,0.7664407959603359,0.1468730469468515,0.12935257077791257,False,GamifiedResource,Badge,0.6390231509238512
Classes_and_Objects,Tiny_stash,0.7868420684022533,0.2971981501405764,0.0415518252487452,False,Lesson,Reward,0.6377840197715517
Inheritance,Tiny_stash,0.7868374490612423,0.29719946616740306,0.0415518252487452,False,Lesson,Reward,0.6377803242987429
gr,Availability_Block_Game_by_level,0.7971729914833053,0.26186725075887884,0.0,False,GamifiedResource,Level,0.6377383931866443
Java_Basics,Tiny_stash,0.7865475035205218,0.29597095287313985,0.0415518252487452,False,Lesson,Reward,0.6375483678661665
Class_Methods_and_Constructors,Tiny_stash,0.7865290700081813,0.29596903845513384,0.0415518252487452,False,Lesson,Reward,0.6375336210562941
experienceLevel,BLockGame,0.7645138358534959,0.318532568012509,0.12935257077791257,False,DatatypeProperty,Badge,0.6374815828383792
Task_about_Class_Methods_and_Constructors,BLockGame,0.7638519419439096,0.14609030694020755,0.12935257077791257,False,GamifiedResource,Badge,0.6369520677107102
Function_Types,BLockGame,0.7638055666561702,0.1460684935996725,0.12935257077791257,False,GamifiedResource,Badge,0.6369149674805187
Task_about_Classes_and_Objects,BLockGame,0.7637650917942145,0.14604949458792998,0.12935257077791257,False,GamifiedResource,Badge,0.6368825875909542
Polymorphism,Tiny_stash,0.7853808955624215,0.29393663318032237,0.0415518252487452,False,Lesson,Reward,0.6366150814996863
Extend_Keyword,BLockGame,0.7632507078649897,0.14570533575534472,0.12935257077791257,False,GamifiedResource,Badge,0.6364710804475743
OOPCourseCommunity,Tiny_stash,0.7849242043495178,0.3050242964771926,0.0415518252487452,False,Space,Reward,0.6362497285293633
True,BLockGame,0.7627363574630689,0.3403652635932705,0.12935257077791257,False,unknown,Badge,0.6360596001260377
hasKnowledge,Level_Up,0.5433017282669436,0.1415988806621747,1.0,False,TransitiveProperty,Level,0.6346413826135548
hasGamificationExperience,Level_Up,0.5427643677837886,0.14115123890623604,1.0,False,ObjectProperty,Level,0.6342114942270309
containsGameElement,Tiny_stash,0.7820252177160633,0.305439676553766,0.0415518252487452,False,TransitiveProperty,Reward,0.6339305392225997
hasObjective,BLockGame,0.759844740944229,0.32648242898008883,0.12935257077791257,False,TransitiveProperty,Badge,0.6337463069109658
has_PlayingStyle,BLockGame,0.7593682214091793,0.3173948468582775,0.12935257077791257,False,DatatypeProperty,Badge,0.633365091282926
Level_Up,Stash,0.5622405199031238,0.14771046873129254,0.9172442572270822,False,Level,Reward,0.6332412673679155
Java_FX,BLockGame,0.7581982209281329,0.15959983436809727,0.12935257077791257,False,GamifiedResource,Badge,0.6324290908980889
Event_Listeners,Tiny_stash,0.77961643116754,0.23497352550832473,0.0415518252487452,False,GamifiedResource,Reward,0.6320035099837811
nil,Tiny_stash,0.7789868375460307,0.3151069325807468,0.0415518252487452,False,unknown,Reward,0.6314998350865736
OOPCourseCommunity,Motrain,0.7866675241766338,0.30055425750462517,0.0,False,Space,GameElementResource,0.6293340193413071
Graphical_User_Interface,Tiny_stash,0.7755221665576606,0.30367098920421354,0.0415518252487452,False,Lesson,Reward,0.6287280982958775
Person,Tiny_stash,0.7750716912703701,0.3184318921786264,0.0415518252487452,False,unknown,Reward,0.6283677180660452
Mike_23,Level_Up,0.5352377083069629,0.31269893761415163,1.0,False,UserAccount,Level,0.6281901666455704
Loops,Tiny_stash,0.7748176272161043,0.19210642941160633,0.0415518252487452,False,GamifiedResource,Reward,0.6281644668226325
Control_Statements,Tiny_stash,0.7747686548631465,0.1931743037495494,0.0415518252487452,False,GamifiedResource,Reward,0.6281252889402663
ObjectOrientedProgramming,Tiny_stash,0.7745714653970565,0.32034720589503735,0.0415518252487452,False,onlineCourse,Reward,0.6279675373673942
Static_Keyword,Tiny_stash,0.7739005551608431,0.19481216337339988,0.0415518252487452,False,GamifiedResource,Reward,0.6274308091784235
This_Keyword,Tiny_stash,0.7738935977881208,0.19480730003695662,0.0415518252487452,False,GamifiedResource,Reward,0.6274252432802457
Constructors,Tiny_stash,0.773890888107057,0.19480540600141258,0.0415518252487452,False,GamifiedResource,Reward,0.6274230755353947
Access_Modifiers,Tiny_stash,0.7738558717977992,0.19478093421077539,0.0415518252487452,False,GamifiedResource,Reward,0.6273950624879885
Packages,Tiny_stash,0.7738515917317441,0.19477794354321648,0.0415518252487452,False,GamifiedResource,Reward,0.6273916384351443
Class_Instance,Tiny_stash,0.7738490105768088,0.1947761400348111,0.0415518252487452,False,GamifiedResource,Reward,0.6273895735111961
Strings,Tiny_stash,0.7738063474788308,0.19474630889185762,0.0415518252487452,False,GamifiedResource,Reward,0.6273554430328138
Single_level_inheritance,Tiny_stash,0.7734205170392395,0.19561438519103438,0.0415518252487452,False,GamifiedResource,Reward,0.6270467786811407
Event_Handler_and_Listener,Tiny_stash,0.7731904840517851,0.3204203140719515,0.0415518252487452,False,Lesson,Reward,0.6268627522911772
Functions,Tiny_stash,0.7730292433980143,0.19534005235276775,0.0415518252487452,False,GamifiedResource,Reward,0.6267337597681605
Exception_Handling,Tiny_stash,0.7730219606809109,0.31772722796185965,0.0415518252487452,False,Lesson,Reward,0.6267279335944778
GamificationExperience,BLockGame,0.7508148058626579,0.34038800197908675,0.12935257077791257,False,Class,Badge,0.6265223588457088
Multi-level_inheritance,Tiny_stash,0.7723976077161313,0.1972039587463739,0.0415518252487452,False,GamifiedResource,Reward,0.6262284512226541
has_URL,Level_Up,0.5313569778256975,0.142915616995199,1.0,False,DatatypeProperty,Level,0.625085582260558
hasInputPole,Level_Up,0.5308128286505737,0.1424624793787308,1.0,False,ObjectProperty,Level,0.6246502629204589
hasPerceptionPole,Level_Up,0.5308128107691802,0.14246248852270596,1.0,False,ObjectProperty,Level,0.6246502486153442
hasProcessingPole,Level_Up,0.5308128107691802,0.14246248852270596,1.0,False,ObjectProperty,Level,0.6246502486153442
hasUnderstandingPole,Level_Up,0.5308128107691802,0.14246248852270596,1.0,False,ObjectProperty,Level,0.6246502486153442
res,BLockGame,0.7483341234154812,0.3488377366758899,0.12935257077791257,False,Variable,Badge,0.6245378128879675
Teacher,Tiny_stash,0.7702539163913376,0.32754389823497065,0.0415518252487452,False,unknown,Reward,0.6245134981628191
Inheritance_vs_Composition,Tiny_stash,0.7701127841756575,0.20400537932739946,0.0415518252487452,False,GamifiedResource,Reward,0.6244005923902751
nil,Motrain,0.7803765613210691,0.3085502721448438,0.0,False,unknown,GameElementResource,0.6243012490568554
Task_about_Inheritance,Tiny_stash,0.7697055358024938,0.2077629928186262,0.0415518252487452,False,GamifiedResource,Reward,0.6240747936917441
Leaderboard,BLockGame,0.7476974900171608,0.32139637171734325,0.12935257077791257,False,Class,Badge,0.6240285061693112
Document,Tiny_stash,0.7692746225992735,0.3310492208057804,0.0415518252487452,False,unknown,Reward,0.6237300631291679
Super_Keyword,Tiny_stash,0.7691198269395005,0.20204627552368143,0.0415518252487452,False,GamifiedResource,Reward,0.6236062266013495
Sara,Tiny_stash,0.7690328519911607,0.29274446388412306,0.0415518252487452,False,Person,Reward,0.6235366466426776
GameElementResource,Tiny_stash,0.7690227340020863,0.3305529481954533,0.0415518252487452,False,Class,Reward,0.6235285522514181
string,Tiny_stash,0.7687184747758714,0.3301224375798837,0.0415518252487452,False,unknown,Reward,0.6232851448704462
Resource,Tiny_stash,0.7686509195958691,0.33153748634225233,0.0415518252487452,False,unknown,Reward,0.6232311007264443
Agent,Tiny_stash,0.7686323229471645,0.331552123745266,0.0415518252487452,False,unknown,Reward,0.6232162234074807
GamifiedResource,Tiny_stash,0.7674283618877347,0.3318391979079666,0.0415518252487452,False,Class,Reward,0.6222530545599368
CreativeWork,BLockGame,0.7449326353763521,0.3493504013034837,0.12935257077791257,False,unknown,Badge,0.6218166224566642
t,Tiny_stash,0.7666726265683573,0.333794908896066,0.0415518252487452,False,Variable,Reward,0.6216484663044349
Arithmetic_operations,Stash,0.5475335603764633,0.26588291890376153,0.9172442572270822,True,Resource,Reward,0.6214756997465871
Task_about_Class_Methods_and_Constructors,Tiny_stash,0.7662335549573622,0.19903728579318794,0.0415518252487452,False,GamifiedResource,Reward,0.6212972090156389
Function_Types,Tiny_stash,0.7662054710696257,0.19901755240960411,0.0415518252487452,False,GamifiedResource,Reward,0.6212747419054496
Task_about_Classes_and_Objects,Tiny_stash,0.7661809539684468,0.19900035262076546,0.0415518252487452,False,GamifiedResource,Reward,0.6212551282245065
Extend_Keyword,Tiny_stash,0.7656065028339676,0.19980149827571989,0.0415518252487452,False,GamifiedResource,Reward,0.6207955673169231
nonNegativeInteger,BLockGame,0.7435514503788421,0.35379590488470714,0.12935257077791257,False,unknown,Badge,0.6207116744586562
Group,Level_Up,0.5234517127027578,0.2783389404902533,1.0,False,unknown,Level,0.6187613701622063
o,Tiny_stash,0.7629204560486962,0.3395162781274469,0.0415518252487452,False,Variable,Reward,0.6186467298887061
e,Tiny_stash,0.7624044519819501,0.33990589439435176,0.0415518252487452,False,Variable,Reward,0.6182339266353091
Java_FX,Tiny_stash,0.7619964829831758,0.21602258840747768,0.0415518252487452,False,GamifiedResource,Reward,0.6179075514362897
Course,Tiny_stash,0.7611390364982855,0.34284579809630594,0.0415518252487452,False,unknown,Reward,0.6172215942483775
SimpleResource,Tiny_stash,0.7606085317123986,0.34136679327281905,0.0415518252487452,False,unknown,Reward,0.616797190419668
gep,Tiny_stash,0.7605690926603615,0.3420565315026471,0.0415518252487452,False,Variable,Reward,0.6167656391780383
BehaviouralObjective,BLockGame,0.7382384258930175,0.3267504971033203,0.12935257077791257,False,Class,Badge,0.6164612548699965
Tiny_stash,Stash,0.5403464717053309,0.2147498388211877,0.9172442572270822,False,Reward,Reward,0.6157260288096812
Document,Motrain,0.7664778110924217,0.32586344900171915,0.0,False,unknown,GameElementResource,0.6131822488739375
Agent,Motrain,0.7637216768781416,0.3286841323714192,0.0,False,unknown,GameElementResource,0.6109773415025134
True,Tiny_stash,0.7531388441333784,0.35944591824955396,0.0415518252487452,False,unknown,Reward,0.6108214403564518
Resource,Motrain,0.7635035788111029,0.3284090083226231,0.0,False,unknown,GameElementResource,0.6108028630488823
Class,Level_Up,0.511914886482638,0.3145201736504478,1.0,False,unknown,Level,0.6095319091861104
Entity,Level_Up,0.511914886482638,0.3145201736504478,1.0,False,unknown,Level,0.6095319091861104
UserAccount,Stash,0.5310809638117733,0.21060636604701552,0.9172442572270822,False,unknown,Reward,0.6083136224948351
has_PlayingStyle,Tiny_stash,0.7494011219300676,0.3560334290772154,0.0415518252487452,False,DatatypeProperty,Reward,0.6078312625938032
hasExperience,Tiny_stash,0.7490500498378162,0.3608500472300058,0.0415518252487452,False,ObjectProperty,Reward,0.607550404920002
experienceLevel,Tiny_stash,0.7484364636305992,0.3583769093653835,0.0415518252487452,False,DatatypeProperty,Reward,0.6070595359542285
partOf,Stash,0.5294127621711915,0.23399841399107715,0.9172442572270822,False,unknown,Reward,0.6069790611823697
has_container,Stash,0.5294127621711915,0.23399841399107715,0.9172442572270822,False,unknown,Reward,0.6069790611823697
GameElementResource,Motrain,0.7582024359216785,0.3359954567264071,0.0,False,Class,GameElementResource,0.6065619487373428
Activity,BLockGame,0.7255622341289764,0.36340637962712596,0.12935257077791257,False,unknown,Badge,0.6063203014587636
demo_GR2,Stash,0.528187231564906,0.1847690029055338,0.9172442572270822,False,GamifiedResource,Reward,0.6059986366973413
demo_GR1,Stash,0.528187231564906,0.1847690029055338,0.9172442572270822,False,GamifiedResource,Reward,0.6059986366973413
Input_and_Output_Stream,Tiny_stash,0.7466595058111307,0.2722822966111221,0.0415518252487452,False,Lesson,Reward,0.6056379696986536
Static_functions,Tiny_stash,0.7456369245120508,0.19164390400788595,0.0415518252487452,False,GamifiedResource,Reward,0.6048199046593896
Parent_classes,Tiny_stash,0.7449475253151296,0.19242201778862342,0.0415518252487452,False,GamifiedResource,Reward,0.6042683853018528
Leaderboard,Tiny_stash,0.74456717270009,0.35610272474704574,0.0415518252487452,False,Class,Reward,0.6039641032098211
hasObjective,Tiny_stash,0.7444527317511055,0.365744759626887,0.0415518252487452,False,TransitiveProperty,Reward,0.6038725504506335
res,Tiny_stash,0.7424960416231323,0.37028510582769764,0.0415518252487452,False,Variable,Reward,0.6023071983482549
Teacher,Motrain,0.7512460958380263,0.32649942197105564,0.0,False,unknown,GameElementResource,0.600996876670421
CreativeWork,Tiny_stash,0.7405471380633439,0.37176555105509057,0.0415518252487452,False,unknown,Reward,0.6007480755004242
GamificationExperience,Tiny_stash,0.7394192219599636,0.3749122002346459,0.0415518252487452,False,Class,Reward,0.59984574261772
Task_about_Exception_Handling,Stash,0.5203794698095172,0.19062195531432422,0.9172442572270822,False,GamifiedResource,Reward,0.5997524272930302
nonNegativeInteger,Tiny_stash,0.7389811250356686,0.3774190009921213,0.0415518252487452,False,unknown,Reward,0.5994952650782839
Task_about_Input_and_Output_Streams,Stash,0.5179166798966808,0.1903756120110271,0.9172442572270822,False,GamifiedResource,Reward,0.5977821953627611
t,Motrain,0.7449618363525361,0.32763521199337,0.0,False,Variable,GameElementResource,0.5959694690820289
_:b177,Level_Up,0.49374747293072224,0.12271182093659645,1.0,False,Imp,Level,0.5949979783445778
_:b166,Level_Up,0.49374747293072224,0.12271182093659645,1.0,False,Imp,Level,0.5949979783445778
_:b63,Level_Up,0.49374747293072224,0.12271182093659645,1.0,False,Imp,Level,0.5949979783445778
_:b264,Level_Up,0.49374747293072224,0.12271182093659645,1.0,False,Imp,Level,0.5949979783445778
_:b155,Level_Up,0.49374747293072224,0.12271182093659645,1.0,False,Imp,Level,0.5949979783445778
_:b275,Level_Up,0.49374747293072224,0.12271182093659645,1.0,False,Imp,Level,0.5949979783445778
_:b74,Level_Up,0.49374747293072224,0.12271182093659645,1.0,False,Imp,Level,0.5949979783445778
_:b199,Level_Up,0.49374747293072224,0.12271182093659645,1.0,False,Imp,Level,0.5949979783445778
_:b148,Level_Up,0.49374747293072224,0.12271182093659645,1.0,False,Imp,Level,0.5949979783445778
_:b245,Level_Up,0.49374747293072224,0.12271182093659645,1.0,False,Imp,Level,0.5949979783445778
_:b85,Level_Up,0.49374747293072224,0.12271182093659645,1.0,False,Imp,Level,0.5949979783445778
_:b117,Level_Up,0.4937474610097933,0.12271182200903481,1.0,False,Imp,Level,0.5949979688078346
_:b108,Level_Up,0.4937474610097933,0.12271182200903481,1.0,False,Imp,Level,0.5949979688078346
_:b240,Level_Up,0.4937474610097933,0.12271182200903481,1.0,False,Imp,Level,0.5949979688078346
BehaviouralObjective,Tiny_stash,0.7326644131542274,0.37410468321186785,0.0415518252487452,False,Class,Reward,0.594441895573131
_:b219,Level_Up,0.4915473312208932,0.12394137380222504,1.0,False,Imp,Level,0.5932378649767146
_:b137,Level_Up,0.4915473312208932,0.12394137380222504,1.0,False,Imp,Level,0.5932378649767146
_:b126,Level_Up,0.4915473312208932,0.12394137380222504,1.0,False,Imp,Level,0.5932378649767146
_:b208,Level_Up,0.4915473312208932,0.12394137380222504,1.0,False,Imp,Level,0.5932378649767146
Participation,Level_Up,0.4888470598597838,0.15141463898434512,1.0,False,NamedIndividual,Level,0.591077647887827
InputPole,Stash,0.5092796077490978,0.13491259129928415,0.9172442572270822,False,Class,Reward,0.5908725376446946
PerceptionPole,Stash,0.5092796077490978,0.13491259129928415,0.9172442572270822,False,Class,Reward,0.5908725376446946
hasPart,Stash,0.5078478890412873,0.09260673491604382,0.9172442572270822,False,unknown,Reward,0.5897271626784464
Sara,BLockGame,0.7038636266313383,0.24694775849313563,0.12935257077791257,False,Person,Badge,0.5889614154606532
Space,Stash,0.5065346223869706,0.05261654328808076,0.9172442572270822,False,unknown,Reward,0.5886765493549929
Objective,Stash,0.505932282936407,0.14153799899367037,0.9172442572270822,False,Class,Reward,0.5881946777945422
Experience,Level_Up,0.4846730899010653,0.17536332012512593,1.0,False,Class,Level,0.5877384719208523
RFK_L1_R6,Level_Up,0.48453909829185865,0.1009405400688136,1.0,False,ReferenceKey,Level,0.587631278633487
UserGroup,Level_Up,0.48399419079083505,0.2970990789943627,1.0,False,unknown,Level,0.5871953526326681
True,Motrain,0.7330363722520448,0.36251590465281575,0.0,False,unknown,GameElementResource,0.5864290978016359
Static_functions,BLockGame,0.7004777085701377,0.11314823929420063,0.12935257077791257,False,GamifiedResource,Badge,0.5862526810116927
OOPTeachers,Level_Up,0.4826786951331917,0.07327263888233956,1.0,False,FreeGroup,Level,0.5861429561065534
gel,Stash,0.502523319084817,0.11871203735885363,0.9172442572270822,False,Variable,Reward,0.58546750671327
Parent_classes,BLockGame,0.6977727213336593,0.112890330588814,0.12935257077791257,False,GamifiedResource,Badge,0.58408869122251
Activity,Tiny_stash,0.7189394688401815,0.38377390045421106,0.0415518252487452,False,unknown,Reward,0.5834619401218942
l,Stash,0.49940089464248255,0.11914182530423563,0.9172442572270822,False,Variable,Reward,0.5829695671594025
b,Stash,0.4989445767278549,0.11906564058308566,0.9172442572270822,False,Variable,Reward,0.5826045128277004
_:b254,Level_Up,0.47744956512578707,0.041479022966815625,1.0,False,IndividualPropertyAtom,Level,0.5819596521006296
Person,Motrain,0.7269648759262399,0.3069315665523929,0.0,False,unknown,GameElementResource,0.581571900740992
_:b191,Level_Up,0.4758730728656143,0.0415536931274881,1.0,False,IndividualPropertyAtom,Level,0.5806984582924914
_:b94,Level_Up,0.47584353162412657,0.04166189844458962,1.0,False,IndividualPropertyAtom,Level,0.5806748252993013
_:b207,Level_Up,0.47569406756769367,0.041415125664046516,1.0,False,IndividualPropertyAtom,Level,0.580555254054155
_:b107,Level_Up,0.47569406756769367,0.041415125664046516,1.0,False,IndividualPropertyAtom,Level,0.580555254054155
_:b158,Level_Up,0.4756940556467647,0.04141512234663596,1.0,False,IndividualPropertyAtom,Level,0.5805552445174118
_:b263,Level_Up,0.4756940556467647,0.04141512234663596,1.0,False,IndividualPropertyAtom,Level,0.5805552445174118
_:b169,Level_Up,0.4756940556467647,0.04141512234663596,1.0,False,IndividualPropertyAtom,Level,0.5805552445174118
_:b180,Level_Up,0.4756940556467647,0.04141512234663596,1.0,False,IndividualPropertyAtom,Level,0.5805552445174118
_:b274,Level_Up,0.4756940556467647,0.04141512234663596,1.0,False,IndividualPropertyAtom,Level,0.5805552445174118
_:b151,Level_Up,0.4748637471631129,0.04131046789341008,1.0,False,IndividualPropertyAtom,Level,0.5798909977304904
_:b134,Level_Up,0.47486372332125504,0.04131046538363912,1.0,False,IndividualPropertyAtom,Level,0.5798909786570041
_:b227,Level_Up,0.47486372332125504,0.04131046538363912,1.0,False,IndividualPropertyAtom,Level,0.5798909786570041
_:b145,Level_Up,0.47486372332125504,0.04131046538363912,1.0,False,IndividualPropertyAtom,Level,0.5798909786570041
_:b216,Level_Up,0.47486372332125504,0.04131046538363912,1.0,False,IndividualPropertyAtom,Level,0.5798909786570041
Audience,Stash,0.4945074331966506,0.13621775492309224,0.9172442572270822,False,Class,Reward,0.579054798002737
_:b92,Level_Up,0.4737051478611658,0.044908324425093814,1.0,False,IndividualPropertyAtom,Level,0.5789641182889327
_:b68,Level_Up,0.47231908778415777,0.049466862826200345,1.0,False,IndividualPropertyAtom,Level,0.5778552702273263
_:b79,Level_Up,0.47231908778415777,0.049466862826200345,1.0,False,IndividualPropertyAtom,Level,0.5778552702273263
_:b250,Level_Up,0.47231908778415777,0.049466862826200345,1.0,False,IndividualPropertyAtom,Level,0.5778552702273263
_:b280,Level_Up,0.47231908778415777,0.049466862826200345,1.0,False,IndividualPropertyAtom,Level,0.5778552702273263
_:b122,Level_Up,0.4714887957238478,0.04932344378111998,1.0,False,IndividualPropertyAtom,Level,0.5771910365790782
_:b204,Level_Up,0.4714887957238478,0.04932344378111998,1.0,False,IndividualPropertyAtom,Level,0.5771910365790782
_:b113,Level_Up,0.4714887957238478,0.04932344378111998,1.0,False,IndividualPropertyAtom,Level,0.5771910365790782
_:b131,Level_Up,0.4714887838029188,0.04932344171061784,1.0,False,IndividualPropertyAtom,Level,0.577191027042335
_:b213,Level_Up,0.4714887838029188,0.04932344171061784,1.0,False,IndividualPropertyAtom,Level,0.577191027042335
_:b142,Level_Up,0.4714887838029188,0.04932344171061784,1.0,False,IndividualPropertyAtom,Level,0.577191027042335
_:b224,Level_Up,0.4714887838029188,0.04932344171061784,1.0,False,IndividualPropertyAtom,Level,0.577191027042335
_:b269,Level_Up,0.470713037494364,0.04939397655089242,1.0,False,IndividualPropertyAtom,Level,0.5765704299954912
Error1,Stash,0.4883992504050186,0.14334371866736026,0.9172442572270822,False,Class,Reward,0.5741682517694313
stringEqualIgnoreCase,Stash,0.48682075881754,0.10428970480087728,0.9172442572270822,False,unknown,Reward,0.5729054584994484
equal,Stash,0.48674235073163585,0.1042754928444946,0.9172442572270822,False,unknown,Reward,0.5728427320307252
GamifiedResource,Motrain,0.7153863921269206,0.30897100823480717,0.0,False,Class,GameElementResource,0.5723091137015365
Lesson,Stash,0.48523129077536814,0.09948926520730021,0.9172442572270822,False,unknown,Reward,0.5716338840657109
number,Level_Up,0.46403711477335774,0.16388020922751245,1.0,False,AnnotationProperty,Level,0.5712296918186862
hasLearningStyle,Tiny_stash,0.701397534303842,0.3181600169509221,0.0415518252487452,False,ObjectProperty,Reward,0.5694283924928226
JavaFunctions,Level_Up,0.457951548273882,0.08168032567846305,1.0,False,IndexKey,Level,0.5663612386191057
LevelGE,Level_Up,0.45716711318099146,0.0988143058214656,1.0,False,ReferenceKey,Level,0.5657336905447932
hasLearningStyle,BLockGame,0.6737827603936071,0.22824705638950038,0.12935257077791257,False,ObjectProperty,Badge,0.5648967224704682
startingPage,Stash,0.4764513754804381,0.20905473988300222,0.9172442572270822,False,AnnotationProperty,Reward,0.5646099518297669
ProcessingPole,Level_Up,0.4544828288059766,0.18446699089591592,1.0,False,Class,Level,0.5635862630447813
UnderstandingPole,Level_Up,0.4544828288059766,0.18446699089591592,1.0,False,Class,Level,0.5635862630447813
Deployment,BLockGame,0.6698636989547709,0.3447743379310631,0.12935257077791257,False,unknown,Badge,0.5617614733193993
hasDeployment,BLockGame,0.6698636989547709,0.3447743379310631,0.12935257077791257,False,unknown,Badge,0.5617614733193993
Events,Stash,0.46861044548104375,0.18554755321211228,0.9172442572270822,False,GamifiedResource,Reward,0.5583372078302515
has_Priority,Tiny_stash,0.6821100354108551,0.3363517972820703,0.0415518252487452,False,DatatypeProperty,Reward,0.5539983933784332
Level_Up,Tiny_stash,0.6820814238228821,0.14100849120768133,0.0415518252487452,False,Level,Reward,0.5539755041080547
Input_and_Output_Stream,BLockGame,0.6594648899660777,0.15044163173554323,0.12935257077791257,False,Lesson,Badge,0.5534424261284446
string,Motrain,0.6904154492625031,0.2754253386449467,0.0,False,unknown,GameElementResource,0.5523323594100025
Mike_23,Stash,0.461062949767189,0.24373255753008496,0.9172442572270822,False,UserAccount,Reward,0.5522992112591676
r,Tiny_stash,0.6791971186189772,0.3636950314091233,0.0415518252487452,False,Variable,Reward,0.5516680599449308
hasDeployment,Tiny_stash,0.6786035146956069,0.3855648505882994,0.0415518252487452,False,unknown,Reward,0.5511931768062346
Deployment,Tiny_stash,0.6786035146956069,0.3855648505882994,0.0415518252487452,False,unknown,Reward,0.5511931768062346
BLockGame,Stash,0.459461711057949,0.235494214479223,0.9172442572270822,False,Badge,Reward,0.5510182202917757
Overloading,Tiny_stash,0.6716001240993296,0.1791776062673252,0.0415518252487452,False,GamifiedResource,Reward,0.5455904643292127
LegalDocument,Stash,0.451042059264595,0.06762747674881985,0.9172442572270822,False,Class,Reward,0.5442824988570925
Collection,Level_Up,0.42993536981846947,0.19728291505007145,1.0,False,Class,Level,0.5439482958547757
Error2,Level_Up,0.42799319505351613,0.1917715983801069,1.0,False,Class,Level,0.542394556042813
t2,Level_Up,0.42733837361323757,0.16168063531821594,1.0,False,Variable,Level,0.5418706988905901
Class,Stash,0.4479623070118601,0.2556344230922659,0.9172442572270822,False,unknown,Reward,0.5418186970549046
Entity,Stash,0.4479623070118601,0.2556344230922659,0.9172442572270822,False,unknown,Reward,0.5418186970549046
t1,Level_Up,0.42702142590164555,0.16167771291611346,1.0,False,Variable,Level,0.5416171407213164
Overriding,Tiny_stash,0.6665304859708927,0.1823069616030993,0.0415518252487452,False,GamifiedResource,Reward,0.5415347538264632
Arguments_and_parameters,Tiny_stash,0.6661322597199737,0.17457393266840132,0.0415518252487452,False,GamifiedResource,Reward,0.541216172825728
LearningStyle,Level_Up,0.42604930477214875,0.19818850307073077,1.0,False,Class,Level,0.5408394438177191
e2,Level_Up,0.42536637011677597,0.16323025876302394,1.0,False,Variable,Level,0.5402930960934208
e1,Level_Up,0.42532182646349703,0.16322876677285655,1.0,False,Variable,Level,0.5402574611707976
r,BLockGame,0.6415294365812161,0.29284327700934415,0.12935257077791257,False,Variable,Badge,0.5390940634205554
Try_and_Catch,Tiny_stash,0.6617455397839945,0.1843341403018665,0.0415518252487452,False,GamifiedResource,Reward,0.5377067968769447
Group,Stash,0.4419991220875774,0.19023635733133504,0.9172442572270822,False,unknown,Reward,0.5370481491154784
Literal,Tiny_stash,0.6604547207123869,0.3648514349034983,0.0415518252487452,False,unknown,Reward,0.5366741416196585
Files,Tiny_stash,0.6589981246287447,0.18057320683768274,0.0415518252487452,False,GamifiedResource,Reward,0.5355088647527448
has_Priority,BLockGame,0.6364074927357414,0.23657032605902606,0.12935257077791257,False,DatatypeProperty,Badge,0.5349965083441757
Exceptions,Tiny_stash,0.6580984298680006,0.18305041359186294,0.0415518252487452,False,GamifiedResource,Reward,0.5347891089441495
Variables,Tiny_stash,0.6575043308818451,0.16866522020618474,0.0415518252487452,True,GamifiedResource,Reward,0.5343138297552251
Class_attributes_and_functions,Tiny_stash,0.6574941664828818,0.1686657384200808,0.0415518252487452,False,GamifiedResource,Reward,0.5343056982360546
MathCoursesCommunity,Level_Up,0.4159307165184735,0.16653987276370294,1.0,False,Space,Level,0.5327445732147789
Task_about_Polymorphism,Tiny_stash,0.6517426019594164,0.1820844620414275,0.0415518252487452,False,GamifiedResource,Reward,0.5297044466172821
Audience_A,Level_Up,0.41111121015779634,0.11209763696457116,1.0,False,Audience,Level,0.5288889681262371
Task_about_GUI,Tiny_stash,0.6487688450226006,0.18117552202834414,0.0415518252487452,False,GamifiedResource,Reward,0.5273254410678295
GUI_Elements,Tiny_stash,0.6484239847437967,0.1817617390218434,0.0415518252487452,False,GamifiedResource,Reward,0.5270495528447864
determine iof the teacher's objective is behavioural objective,Level_Up,0.40833456860390094,0.16980141801559484,1.0,False,unknown,Level,0.5266676548831208
has_host,Stash,0.42774818751318805,0.17790179463567932,0.9172442572270822,False,unknown,Reward,0.5256474014559669
_:b273,Stash,0.42475282049914986,0.16162878028517738,0.9172442572270822,False,DatavaluedPropertyAtom,Reward,0.5232511078447364
_:b62,Level_Up,0.40374670360801695,0.0835636171354323,1.0,False,Restriction,Level,0.5229973628864135
_:b102,Stash,0.42237503481529315,0.16018949647421227,0.9172442572270822,False,DatavaluedPropertyAtom,Reward,0.5213488792976511
_:b100,Stash,0.42237109310938836,0.16018928529392137,0.9172442572270822,False,DatavaluedPropertyAtom,Reward,0.5213457259329272
_:b60,Level_Up,0.40152143057581746,0.08067420438179158,1.0,False,Restriction,Level,0.5212171444606539
_:b125,Stash,0.4212526187977016,0.16010466216083852,0.9172442572270822,False,DatavaluedPropertyAtom,Reward,0.5204509464835778
_:b116,Stash,0.4212526187977016,0.16010466216083852,0.9172442572270822,False,DatavaluedPropertyAtom,Reward,0.5204509464835778
hasKnowledge,Stash,0.4202433604886222,0.19550948425781317,0.9172442572270822,False,TransitiveProperty,Reward,0.5196435398363142
hasGamificationExperience,Stash,0.41967040808389894,0.19499799641838467,0.9172442572270822,False,ObjectProperty,Reward,0.5191851779125356
Literal,BLockGame,0.6156871904953048,0.298257911647143,0.12935257077791257,False,unknown,Badge,0.5184202665518264
Image,Level_Up,0.39724762173472283,0.07495490086534087,1.0,False,unknown,Level,0.5177980973877783
Overloading,BLockGame,0.6142477581849463,0.09650338806800908,0.12935257077791257,False,GamifiedResource,Badge,0.5172687207035396
Overriding,BLockGame,0.6072676364847621,0.09941851444287611,0.12935257077791257,False,GamifiedResource,Badge,0.5116846233433923
Creating_linked_screens,Level_Up,0.389330449873281,0.15034185177686016,1.0,False,GamifiedResource,Level,0.5114643598986248
_:b72,Level_Up,0.38922359687997643,0.08084991484772647,1.0,False,List,Level,0.5113788775039811
Arguments_and_parameters,BLockGame,0.6061606810089613,0.08731814778707163,0.12935257077791257,False,GamifiedResource,Badge,0.5107990589627516
has_URL,Stash,0.4068956056711591,0.18815021586735647,0.9172442572270822,False,DatatypeProperty,Reward,0.5089653359823438
OnlineAccount,BLockGame,0.6037638417955369,0.31025939538275427,0.12935257077791257,False,unknown,Badge,0.5088815875920121
hasInputPole,Stash,0.4063197364794113,0.18761000104127243,0.9172442572270822,False,ObjectProperty,Reward,0.5085046406289455
hasProcessingPole,Stash,0.40631971859801785,0.18760999556282743,0.9172442572270822,False,ObjectProperty,Reward,0.5085046263238308
hasPerceptionPole,Stash,0.40631971859801785,0.18760999556282743,0.9172442572270822,False,ObjectProperty,Reward,0.5085046263238308
hasUnderstandingPole,Stash,0.40631971859801785,0.18760999556282743,0.9172442572270822,False,ObjectProperty,Reward,0.5085046263238308
_:b71,Level_Up,0.3842221636084703,0.07559000966409737,1.0,False,List,Level,0.5073777308867762
Try_and_Catch,BLockGame,0.6012433815923603,0.099050186311986,0.12935257077791257,False,GamifiedResource,Badge,0.5068652194294708
BonusPointsLeaderboard,Level_Up,0.3829840784575483,0.10258498920528562,1.0,False,Class,Level,0.5063872627660386
BonusPoints,Level_Up,0.3828657680336284,0.1026255758080608,1.0,False,Class,Level,0.5062926144269027
SocialPointsLeaderboard,Level_Up,0.38258769720623376,0.10272117884200267,1.0,False,Class,Level,0.5060701577649871
Files,BLockGame,0.5995576218161307,0.09517371641193677,0.12935257077791257,False,GamifiedResource,Badge,0.5055166116084872
Variables,BLockGame,0.5969535355036437,0.08034087813297225,0.12935257077791257,False,GamifiedResource,Badge,0.5034333425584975
Class_attributes_and_functions,BLockGame,0.5969408966295181,0.08034056268361375,0.12935257077791257,False,GamifiedResource,Badge,0.503423231459197
Exceptions,BLockGame,0.595785152994888,0.09661614720888964,0.12935257077791257,False,GamifiedResource,Badge,0.502498636551493
OnlineAccount,Tiny_stash,0.616910432849046,0.3635584501496112,0.0415518252487452,False,unknown,Reward,0.5018387113289858
UserGroup,Stash,0.39757748935032655,0.2089550264411955,0.9172442572270822,False,unknown,Reward,0.5015108429256777
_:b5,Level_Up,0.37610481547414676,0.07429615458807874,1.0,False,Restriction,Level,0.5008838523793174
_:b6,Level_Up,0.37610481547414676,0.07429615458807874,1.0,False,Restriction,Level,0.5008838523793174
_:b7,Level_Up,0.37610481547414676,0.07429615458807874,1.0,False,Restriction,Level,0.5008838523793174
Arrays,Tiny_stash,0.6124291144440112,0.12373519091585644,0.0415518252487452,False,GamifiedResource,Reward,0.49825365660495796
Task_about_Polymorphism,BLockGame,0.5881790145534384,0.09217445301501978,0.12935257077791257,False,GamifiedResource,Badge,0.4964137257983332
Delimiters,Tiny_stash,0.6065006587758857,0.13263479768705583,0.0415518252487452,False,GamifiedResource,Reward,0.49351089207045756
Overloaded_constructors,Tiny_stash,0.6064055165762715,0.1326145155566196,0.0415518252487452,False,GamifiedResource,Reward,0.49343477831076626
GUI_Elements,BLockGame,0.5840216608513875,0.09066283539507738,0.12935257077791257,False,GamifiedResource,Badge,0.49308784283669255
Task_about_GUI,BLockGame,0.583619381060285,0.09052708540844477,0.12935257077791257,False,GamifiedResource,Badge,0.4927660190038105
_:b83,Level_Up,0.364419984339476,0.07552714646446886,1.0,False,List,Level,0.4915359874715808
_:b284,Level_Up,0.364419984339476,0.07552714646446886,1.0,False,List,Level,0.4915359874715808
ImageObject,Level_Up,0.3643207778052252,0.07449682536508904,1.0,False,unknown,Level,0.4914566222441802
_:b261,Level_Up,0.3637892171907862,0.07603826789831217,1.0,False,List,Level,0.491031373752629
_:b197,Level_Up,0.36375853289969606,0.07604886249459285,1.0,False,List,Level,0.4910068263197569
_:b70,Level_Up,0.36224428188861474,0.07723050000007473,1.0,False,BuiltinAtom,Level,0.48979542551089184
_:b173,Level_Up,0.36224428188861474,0.07723050000007473,1.0,False,BuiltinAtom,Level,0.48979542551089184
_:b162,Level_Up,0.36224428188861474,0.07723050000007473,1.0,False,BuiltinAtom,Level,0.48979542551089184
hasKey,Level_Up,0.3621718143140261,0.2381247850937198,1.0,False,AnnotationProperty,Level,0.48973745145122094
Exception_Types,Tiny_stash,0.6016391583303087,0.137475584976019,0.0415518252487452,False,GamifiedResource,Reward,0.489621691713996
_:b33,Level_Up,0.3620212974025344,0.07362047192028187,1.0,False,Restriction,Level,0.48961703792202754
_:b39,Level_Up,0.36195153952226256,0.07364609869013833,1.0,False,Restriction,Level,0.48956123161781007
_:b45,Level_Up,0.36192188949281867,0.07365702328514184,1.0,False,Restriction,Level,0.48953751159425496
isRelevantFor,Level_Up,0.3619192685314486,0.06794309456238443,1.0,False,ObjectProperty,Level,0.48953541482515894
hasRelevantGameElement,Level_Up,0.3619192446895907,0.06794305438542524,1.0,False,ObjectProperty,Level,0.4895353957516726
_:b50,Level_Up,0.36190927666607037,0.0736616632621332,1.0,False,Restriction,Level,0.4895274213328563
_:b196,Level_Up,0.3618658680915038,0.0736197894274019,1.0,False,List,Level,0.48949269447320304
_:b82,Level_Up,0.3618535672111262,0.0736236651119597,1.0,False,List,Level,0.489482853768901
_:b283,Level_Up,0.3618535672111262,0.0736236651119597,1.0,False,List,Level,0.489482853768901
_:b27,Level_Up,0.3615187278158535,0.07403520113658434,1.0,False,Restriction,Level,0.4892149822526828
_:b104,Level_Up,0.3612771639862612,0.0741795250688483,1.0,False,BuiltinAtom,Level,0.489021731189009
_:b260,Level_Up,0.36127138747314247,0.07418125994576691,1.0,False,List,Level,0.489017109978514
Adam,Level_Up,0.36014220427119764,0.15199394736525335,1.0,False,Teacher,Level,0.4881137634169581
_:b258,Level_Up,0.35997071141608755,0.07110053144090435,1.0,False,BuiltinAtom,Level,0.4879765691328701
_:b195,Level_Up,0.35975886422718373,0.07547377332336719,1.0,False,BuiltinAtom,Level,0.487807091381747
_:b81,Level_Up,0.3597299511237972,0.07548174714943755,1.0,False,BuiltinAtom,Level,0.48778396089903775
_:b184,Level_Up,0.3597299511237972,0.07548174714943755,1.0,False,BuiltinAtom,Level,0.48778396089903775
_:b282,Level_Up,0.3597299511237972,0.07548174714943755,1.0,False,BuiltinAtom,Level,0.48778396089903775
designedWithObjective,Level_Up,0.3587936280613741,0.07135712431620084,1.0,False,TransitiveProperty,Level,0.4870349024490993
Event_Types,Tiny_stash,0.5975970375079969,0.1429016301268276,0.0415518252487452,False,GamifiedResource,Reward,0.48638799505614655
_:b10,Level_Up,0.35466189901269,0.07390592811188117,1.0,False,Restriction,Level,0.48372951921015206
_:b198,Level_Up,0.3520608558011921,0.08018745101666935,1.0,False,DatavaluedPropertyAtom,Level,0.48164868464095373
_:b165,Level_Up,0.3519049768394079,0.08024352435972994,1.0,False,DatavaluedPropertyAtom,Level,0.48152398147152636
_:b176,Level_Up,0.3519049768394079,0.08024352435972994,1.0,False,DatavaluedPropertyAtom,Level,0.48152398147152636
_:b187,Level_Up,0.3519049768394079,0.08024352435972994,1.0,False,DatavaluedPropertyAtom,Level,0.48152398147152636
_:b256,Level_Up,0.3493364043326079,0.08000198538597963,1.0,False,ClassAtom,Level,0.47946912346608633
has_TotalEnrollment,Level_Up,0.34932123173990254,0.13859374993478837,1.0,False,DatatypeProperty,Level,0.47945698539192205
has_Rating,Level_Up,0.34932123173990254,0.13859374993478837,1.0,False,DatatypeProperty,Level,0.47945698539192205
has_TotalCompletionHours,Level_Up,0.34932123173990254,0.13859374993478837,1.0,False,DatatypeProperty,Level,0.47945698539192205
has_LearningPace,Level_Up,0.34932123173990254,0.13859374993478837,1.0,False,DatatypeProperty,Level,0.47945698539192205
has_TeachingLanguage,Level_Up,0.3493211900166512,0.13859370144608468,1.0,False,DatatypeProperty,Level,0.47945695201332095
has_TranslationLanguage,Level_Up,0.3493211900166512,0.13859370144608468,1.0,False,DatatypeProperty,Level,0.47945695201332095
_:b262,Level_Up,0.34870048089049444,0.08039655884304708,1.0,False,ClassAtom,Level,0.47896038471239555
volume,Level_Up,0.34808522283530974,0.08240166758159415,1.0,False,AnnotationProperty,Level,0.47846817826824783
_:b233,Level_Up,0.3478559414700372,0.08072177668607126,1.0,False,ClassAtom,Level,0.47828475317602975
_:b239,Level_Up,0.3478559414700372,0.08072177668607126,1.0,False,ClassAtom,Level,0.47828475317602975
_:b234,Level_Up,0.3478559414700372,0.08072177668607126,1.0,False,ClassAtom,Level,0.47828475317602975
_:b238,Level_Up,0.3478559414700372,0.08072177668607126,1.0,False,ClassAtom,Level,0.47828475317602975
Points,Tiny_stash,0.5874270761505277,0.27687316186268623,0.0415518252487452,False,Class,Reward,0.4782520259701712
_:b243,Level_Up,0.3477022250775168,0.080787177007256,1.0,False,ClassAtom,Level,0.4781617800620135
_:b73,Level_Up,0.3477022071961234,0.08078714535796779,1.0,False,ClassAtom,Level,0.4781617657568987
_:b244,Level_Up,0.3477022071961234,0.08078714535796779,1.0,False,ClassAtom,Level,0.4781617657568987
_:b154,Level_Up,0.3477022071961234,0.08078714535796779,1.0,False,ClassAtom,Level,0.4781617657568987
_:b285,Level_Up,0.3477022071961234,0.08078714535796779,1.0,False,ClassAtom,Level,0.4781617657568987
_:b84,Level_Up,0.3477022071961234,0.08078714535796779,1.0,False,ClassAtom,Level,0.4781617657568987
_:b115,Level_Up,0.34716648629380176,0.0813656170352339,1.0,False,ClassAtom,Level,0.4777331890350414
_:b124,Level_Up,0.34716648629380176,0.0813656170352339,1.0,False,ClassAtom,Level,0.4777331890350414
_:b133,Level_Up,0.34716648629380176,0.0813656170352339,1.0,False,ClassAtom,Level,0.4777331890350414
_:b144,Level_Up,0.34716648629380176,0.0813656170352339,1.0,False,ClassAtom,Level,0.4777331890350414
_:b226,Level_Up,0.34716648629380176,0.0813656170352339,1.0,False,ClassAtom,Level,0.4777331890350414
_:b215,Level_Up,0.34716648629380176,0.0813656170352339,1.0,False,ClassAtom,Level,0.4777331890350414
_:b206,Level_Up,0.3471664743728728,0.08136559598777851,1.0,False,ClassAtom,Level,0.47773317949829824
_:b96,Level_Up,0.34683993458530565,0.07381048121609406,1.0,False,ClassAtom,Level,0.4774719476682445
_:b98,Level_Up,0.3461948987974604,0.07421540886111991,1.0,False,ClassAtom,Level,0.47695591903796836
_:b108,Stash,0.36680215233877606,0.17205769975056395,0.9172442572270822,False,Imp,Reward,0.4768905733164373
_:b85,Stash,0.36680215233877606,0.17205769975056395,0.9172442572270822,False,Imp,Reward,0.4768905733164373
_:b74,Stash,0.36680215233877606,0.17205769975056395,0.9172442572270822,False,Imp,Reward,0.4768905733164373
_:b245,Stash,0.36680215233877606,0.17205769975056395,0.9172442572270822,False,Imp,Reward,0.4768905733164373
_:b275,Stash,0.36680215233877606,0.17205769975056395,0.9172442572270822,False,Imp,Reward,0.4768905733164373
_:b199,Stash,0.36680215233877606,0.17205769975056395,0.9172442572270822,False,Imp,Reward,0.4768905733164373
_:b177,Stash,0.36680215233877606,0.17205769975056395,0.9172442572270822,False,Imp,Reward,0.4768905733164373
_:b155,Stash,0.36680215233877606,0.17205769975056395,0.9172442572270822,False,Imp,Reward,0.4768905733164373
_:b117,Stash,0.36680215233877606,0.17205769975056395,0.9172442572270822,False,Imp,Reward,0.4768905733164373
_:b63,Stash,0.36680215233877606,0.17205769975056395,0.9172442572270822,False,Imp,Reward,0.4768905733164373
_:b264,Stash,0.36680215233877606,0.17205769975056395,0.9172442572270822,False,Imp,Reward,0.4768905733164373
_:b166,Stash,0.36680215233877606,0.17205769975056395,0.9172442572270822,False,Imp,Reward,0.4768905733164373
_:b148,Stash,0.36680215233877606,0.17205769975056395,0.9172442572270822,False,Imp,Reward,0.4768905733164373
_:b240,Stash,0.36680215233877606,0.17205769975056395,0.9172442572270822,False,Imp,Reward,0.4768905733164373
_:b271,Level_Up,0.3458589517785017,0.078139497665951,1.0,False,ClassAtom,Level,0.4766871614228014
_:b140,Level_Up,0.34520307369966885,0.0745701934889045,1.0,False,ClassAtom,Level,0.4761624589597351
_:b111,Level_Up,0.34520307369966885,0.0745701934889045,1.0,False,ClassAtom,Level,0.4761624589597351
_:b88,Level_Up,0.34520307369966885,0.0745701934889045,1.0,False,ClassAtom,Level,0.4761624589597351
_:b129,Level_Up,0.34520307369966885,0.0745701934889045,1.0,False,ClassAtom,Level,0.4761624589597351
_:b120,Level_Up,0.34520307369966885,0.0745701934889045,1.0,False,ClassAtom,Level,0.4761624589597351
_:b202,Level_Up,0.34520307369966885,0.0745701934889045,1.0,False,ClassAtom,Level,0.4761624589597351
_:b211,Level_Up,0.34520307369966885,0.0745701934889045,1.0,False,ClassAtom,Level,0.4761624589597351
_:b222,Level_Up,0.34520307369966885,0.0745701934889045,1.0,False,ClassAtom,Level,0.4761624589597351
_:b77,Level_Up,0.34520305581827543,0.07457016341920529,1.0,False,ClassAtom,Level,0.4761624446546204
_:b267,Level_Up,0.34520305581827543,0.07457016341920529,1.0,False,ClassAtom,Level,0.4761624446546204
_:b278,Level_Up,0.34520305581827543,0.07457016341920529,1.0,False,ClassAtom,Level,0.4761624446546204
_:b248,Level_Up,0.34520305581827543,0.07457016341920529,1.0,False,ClassAtom,Level,0.4761624446546204
_:b66,Level_Up,0.34520305581827543,0.07457016341920529,1.0,False,ClassAtom,Level,0.4761624446546204
hasPedagogicalObjective,Level_Up,0.34513114119576394,0.12091681080840111,1.0,False,ObjectProperty,Level,0.47610491295661117
_:b252,Level_Up,0.3446696005420043,0.07519292609553767,1.0,False,ClassAtom,Level,0.4757356804336035
_:b193,Level_Up,0.3442851730664852,0.08350295996126682,1.0,False,ClassAtom,Level,0.4754281384531882
_:b126,Stash,0.3649385876804648,0.1705879426787531,0.9172442572270822,False,Imp,Reward,0.47539972158978827
_:b208,Stash,0.3649385876804648,0.1705879426787531,0.9172442572270822,False,Imp,Reward,0.47539972158978827
_:b137,Stash,0.3649385876804648,0.1705879426787531,0.9172442572270822,False,Imp,Reward,0.47539972158978827
_:b219,Stash,0.3649385876804648,0.1705879426787531,0.9172442572270822,False,Imp,Reward,0.47539972158978827
_:b147,Level_Up,0.3442196816208227,0.08352536060321174,1.0,False,ClassAtom,Level,0.4753757452966582
_:b160,Level_Up,0.34421966969989376,0.08352533957421607,1.0,False,ClassAtom,Level,0.47537573575991504
_:b218,Level_Up,0.34421966969989376,0.08352533957421607,1.0,False,ClassAtom,Level,0.47537573575991504
_:b136,Level_Up,0.34421966969989376,0.08352533957421607,1.0,False,ClassAtom,Level,0.47537573575991504
_:b229,Level_Up,0.34421966969989376,0.08352533957421607,1.0,False,ClassAtom,Level,0.47537573575991504
_:b182,Level_Up,0.34421966969989376,0.08352533957421607,1.0,False,ClassAtom,Level,0.47537573575991504
_:b171,Level_Up,0.34421966969989376,0.08352533957421607,1.0,False,ClassAtom,Level,0.47537573575991504
_:b153,Level_Up,0.3442196398975714,0.0835252870017409,1.0,False,ClassAtom,Level,0.4753757119180571
hasBehaviouralObjective,Tiny_stash,0.5830859596357008,0.25819124801762666,0.0415518252487452,False,ObjectProperty,Reward,0.47477913275830963
_:b90,Level_Up,0.3417221163980928,0.07740061353792305,1.0,False,ClassAtom,Level,0.4733776931184743
_:b59,Level_Up,0.341236866896628,0.12187675380841502,1.0,False,Restriction,Level,0.47298949351730246
_:b61,Level_Up,0.341236866896628,0.12187675380841502,1.0,False,Restriction,Level,0.47298949351730246
Learner,Tiny_stash,0.5778716526874657,0.29463334969110694,0.0415518252487452,False,unknown,Reward,0.47060768719972157
Task_about_Event_Handler_and_Listener,Level_Up,0.3371538683685967,0.16548010833555912,1.0,False,GamifiedResource,Level,0.4697230946948774
Event_Listeners,Availability_Block_Game_by_level,0.586927737594667,0.2524671835821884,0.0,False,GamifiedResource,Level,0.4695421900757336
User,Tiny_stash,0.5727263980574937,0.3106755929236537,0.0415518252487452,False,unknown,Reward,0.466491483495744
Knowledge,Tiny_stash,0.5720697414536786,0.3091580351046624,0.0415518252487452,False,Class,Reward,0.46596615821269194
User,BLockGame,0.5500096339979891,0.2872046510186191,0.12935257077791257,False,unknown,Badge,0.4658782213539738
MathCoursesCommunity,Stash,0.3518437569366028,0.11433494811176503,0.9172442572270822,False,Space,Reward,0.4649238569946987
_:b175,Level_Up,0.3298194036558584,0.10818566878282622,1.0,False,unknown,Level,0.46385552292468674
_:b164,Level_Up,0.3298194036558584,0.10818566878282622,1.0,False,unknown,Level,0.46385552292468674
hasPaymentPreference,Level_Up,0.32942854578766523,0.12321402619101499,1.0,False,DatatypeProperty,Level,0.4635428366301322
has_EducationalLevel,Level_Up,0.32942854578766523,0.12321402619101499,1.0,False,DatatypeProperty,Level,0.4635428366301322
has_Purpose,Level_Up,0.3294285398272008,0.12321401816875384,1.0,False,DatatypeProperty,Level,0.46354283186176065
has_duration,Level_Up,0.3294285398272008,0.12321401816875384,1.0,False,DatatypeProperty,Level,0.46354283186176065
has_latestRelease,Level_Up,0.32942851598534284,0.12321398607971837,1.0,False,DatatypeProperty,Level,0.4635428127882743
has_totalLikes,Level_Up,0.32942851598534284,0.12321398607971837,1.0,False,DatatypeProperty,Level,0.4635428127882743
has_totalSites,Level_Up,0.32942851598534284,0.12321398607971837,1.0,False,DatatypeProperty,Level,0.4635428127882743
has_totalDownloads,Level_Up,0.32942851598534284,0.12321398607971837,1.0,False,DatatypeProperty,Level,0.4635428127882743
has_title,Level_Up,0.3294284981039494,0.12321396201295144,1.0,False,DatatypeProperty,Level,0.46354279848315955
has_latestVersion,Level_Up,0.3294284981039494,0.12321396201295144,1.0,False,DatatypeProperty,Level,0.46354279848315955
designLesson,Level_Up,0.3288877358861003,0.1229999323361036,1.0,False,ObjectProperty,Level,0.46311018870888027
_:b254,Stash,0.3479785164283876,0.17204124586285433,0.9172442572270822,False,IndividualPropertyAtom,Reward,0.4618316645881266
has_description,Level_Up,0.32597820814126216,0.12283905945276745,1.0,False,FunctionalProperty,Level,0.46078256651300975
_:b174,Level_Up,0.3254299410629324,0.10235655253690408,1.0,False,unknown,Level,0.4603439528503459
_:b163,Level_Up,0.3254299410629324,0.10235655253690408,1.0,False,unknown,Level,0.4603439528503459
_:b94,Stash,0.3454785774088819,0.16913621666738385,0.9172442572270822,False,IndividualPropertyAtom,Reward,0.459831713372522
_:b191,Stash,0.34479351723673723,0.1694096245262153,0.9172442572270822,False,IndividualPropertyAtom,Reward,0.45928366523480624
_:b207,Stash,0.3446659491107562,0.16946264182313725,0.9172442572270822,False,IndividualPropertyAtom,Reward,0.4591816107340214
_:b107,Stash,0.3446659491107562,0.16946264182313725,0.9172442572270822,False,IndividualPropertyAtom,Reward,0.4591816107340214
_:b263,Stash,0.3446659252688983,0.16946262028190465,0.9172442572270822,False,IndividualPropertyAtom,Reward,0.45918159166053507
_:b274,Stash,0.3446659252688983,0.16946262028190465,0.9172442572270822,False,IndividualPropertyAtom,Reward,0.45918159166053507
_:b158,Stash,0.3446659252688983,0.16946262028190465,0.9172442572270822,False,IndividualPropertyAtom,Reward,0.45918159166053507
_:b180,Stash,0.3446659252688983,0.16946262028190465,0.9172442572270822,False,IndividualPropertyAtom,Reward,0.45918159166053507
_:b169,Stash,0.3446659252688983,0.16946262028190465,0.9172442572270822,False,IndividualPropertyAtom,Reward,0.45918159166053507
_:b151,Stash,0.34345923662356875,0.16796114525553965,0.9172442572270822,False,IndividualPropertyAtom,Reward,0.4582162407442715
_:b134,Stash,0.34345923662356875,0.16796114525553965,0.9172442572270822,False,IndividualPropertyAtom,Reward,0.4582162407442715
_:b145,Stash,0.34345923662356875,0.16796114525553965,0.9172442572270822,False,IndividualPropertyAtom,Reward,0.4582162407442715
_:b227,Stash,0.34345923662356875,0.16796114525553965,0.9172442572270822,False,IndividualPropertyAtom,Reward,0.4582162407442715
_:b216,Stash,0.34345923662356875,0.16796114525553965,0.9172442572270822,False,IndividualPropertyAtom,Reward,0.4582162407442715
Usergroup,Level_Up,0.3226041297267429,0.2332370606178635,1.0,False,unknown,Level,0.45808330378139434
SpatialThing,Tiny_stash,0.561966517003513,0.3113779525227668,0.0415518252487452,False,unknown,Reward,0.4578835786525594
_:b79,Stash,0.3429801657818671,0.1666478697053777,0.9172442572270822,False,IndividualPropertyAtom,Reward,0.4578329840709101
_:b68,Stash,0.3429801657818671,0.1666478697053777,0.9172442572270822,False,IndividualPropertyAtom,Reward,0.4578329840709101
_:b250,Stash,0.3429801657818671,0.1666478697053777,0.9172442572270822,False,IndividualPropertyAtom,Reward,0.4578329840709101
_:b280,Stash,0.3429801657818671,0.1666478697053777,0.9172442572270822,False,IndividualPropertyAtom,Reward,0.4578329840709101
_:b92,Stash,0.3427126197697653,0.16585383011145083,0.9172442572270822,False,IndividualPropertyAtom,Reward,0.4576189472612287
_:b204,Stash,0.34177423950106495,0.16510689131005768,0.9172442572270822,False,IndividualPropertyAtom,Reward,0.45686824304626844
_:b122,Stash,0.3417742335406005,0.16510688598945192,0.9172442572270822,False,IndividualPropertyAtom,Reward,0.45686823827789685
_:b113,Stash,0.3417742335406005,0.16510688598945192,0.9172442572270822,False,IndividualPropertyAtom,Reward,0.45686823827789685
_:b142,Stash,0.3417742216196715,0.1651068753482432,0.9172442572270822,False,IndividualPropertyAtom,Reward,0.4568682287411537
_:b131,Stash,0.3417742216196715,0.1651068753482432,0.9172442572270822,False,IndividualPropertyAtom,Reward,0.4568682287411537
_:b213,Stash,0.3417742216196715,0.1651068753482432,0.9172442572270822,False,IndividualPropertyAtom,Reward,0.4568682287411537
_:b224,Stash,0.3417742216196715,0.1651068753482432,0.9172442572270822,False,IndividualPropertyAtom,Reward,0.4568682287411537
_:b269,Stash,0.34047933871414054,0.16354983227041264,0.9172442572270822,False,IndividualPropertyAtom,Reward,0.4558323224167289
created_at,Level_Up,0.31920356213069195,0.12788338681062333,1.0,False,AnnotationProperty,Level,0.4553628497045536
issue,Level_Up,0.31920350848651163,0.1278833163840519,1.0,False,AnnotationProperty,Level,0.4553628067892093
Property,Level_Up,0.31875444665425656,0.2334502469278842,1.0,False,unknown,Level,0.45500355732340525
_:b56,Level_Up,0.31875444665425656,0.2334502469278842,1.0,False,unknown,Level,0.45500355732340525
Address,Level_Up,0.31875444665425656,0.2334502469278842,1.0,False,unknown,Level,0.45500355732340525
Container,Level_Up,0.31875444665425656,0.2334502469278842,1.0,False,unknown,Level,0.45500355732340525
Item,Level_Up,0.31875444665425656,0.2334502469278842,1.0,False,unknown,Level,0.45500355732340525
isPropertyOf,Level_Up,0.3178094535505058,0.23430224508242126,1.0,False,unknown,Level,0.4542475628404047
Sensor,Level_Up,0.3178094535505058,0.23430224508242126,1.0,False,unknown,Level,0.4542475628404047
madeBySensor,Level_Up,0.3178094535505058,0.23430224508242126,1.0,False,unknown,Level,0.4542475628404047
FeatureOfInterest,Level_Up,0.3178094535505058,0.23430224508242126,1.0,False,unknown,Level,0.4542475628404047
1.0,Level_Up,0.3169372744467004,0.23517520950214232,1.0,False,unknown,Level,0.45354981955736035
SimpleResource,Availability_Block_Game_by_level,0.5666219346649151,0.26692751943309057,0.0,False,unknown,Level,0.4532975477319321
ExperiencePointsLeaderboard,Level_Up,0.31502840604723187,0.0817392503230738,1.0,False,Class,Level,0.4520227248377855
_:b236,Level_Up,0.31344092566725984,0.09934812333942106,1.0,False,AtomList,Level,0.45075274053380787
_:b190,Level_Up,0.31344092566725984,0.09934812333942106,1.0,False,AtomList,Level,0.45075274053380787
_:b237,Level_Up,0.31344092566725984,0.09934812333942106,1.0,False,AtomList,Level,0.45075274053380787
_:b232,Level_Up,0.31344092566725984,0.09934812333942106,1.0,False,AtomList,Level,0.45075274053380787
_:b231,Level_Up,0.31344092566725984,0.09934812333942106,1.0,False,AtomList,Level,0.45075274053380787
Mike,Level_Up,0.3132671748915777,0.1719041660245263,1.0,False,Teacher,Level,0.45061373991326215
_:b266,Level_Up,0.3131199283380274,0.09957380392269322,1.0,False,AtomList,Level,0.4504959426704219
_:b277,Level_Up,0.3131199283380274,0.09957380392269322,1.0,False,AtomList,Level,0.4504959426704219
_:b65,Level_Up,0.3131199283380274,0.09957380392269322,1.0,False,AtomList,Level,0.4504959426704219
_:b247,Level_Up,0.3131199283380274,0.09957380392269322,1.0,False,AtomList,Level,0.4504959426704219
_:b110,Level_Up,0.3131199283380274,0.09957380392269322,1.0,False,AtomList,Level,0.4504959426704219
_:b241,Level_Up,0.3131199283380274,0.09957380392269322,1.0,False,AtomList,Level,0.4504959426704219
_:b157,Level_Up,0.3131199283380274,0.09957380392269322,1.0,False,AtomList,Level,0.4504959426704219
_:b150,Level_Up,0.3131199283380274,0.09957380392269322,1.0,False,AtomList,Level,0.4504959426704219
_:b242,Level_Up,0.3131199283380274,0.09957380392269322,1.0,False,AtomList,Level,0.4504959426704219
_:b201,Level_Up,0.3131199283380274,0.09957380392269322,1.0,False,AtomList,Level,0.4504959426704219
_:b179,Level_Up,0.3131199283380274,0.09957380392269322,1.0,False,AtomList,Level,0.4504959426704219
_:b168,Level_Up,0.3131199283380274,0.09957380392269322,1.0,False,AtomList,Level,0.4504959426704219
_:b76,Level_Up,0.3131199283380274,0.09957380392269322,1.0,False,AtomList,Level,0.4504959426704219
_:b119,Level_Up,0.3131199283380274,0.09957380392269322,1.0,False,AtomList,Level,0.4504959426704219
_:b87,Level_Up,0.3131199283380274,0.09957380392269322,1.0,False,AtomList,Level,0.4504959426704219
ExperiencePoints,Level_Up,0.31291951483679725,0.08274718623766711,1.0,False,Class,Level,0.4503356118694378
Creating_linked_screens,Stash,0.33353060967307047,0.19719067881159583,0.9172442572270822,False,GamifiedResource,Reward,0.45027333918387286
_:b139,Level_Up,0.31121773987303697,0.09587087354103312,1.0,False,AtomList,Level,0.4489741918984296
_:b221,Level_Up,0.31121773987303697,0.09587087354103312,1.0,False,AtomList,Level,0.4489741918984296
_:b128,Level_Up,0.31121773987303697,0.09587087354103312,1.0,False,AtomList,Level,0.4489741918984296
_:b210,Level_Up,0.31121773987303697,0.09587087354103312,1.0,False,AtomList,Level,0.4489741918984296
_:b149,Level_Up,0.31121773987303697,0.09587087354103312,1.0,False,AtomList,Level,0.4489741918984296
containsGameElement,Motrain,0.5606296674152584,0.17484103487374633,0.0,False,TransitiveProperty,GameElementResource,0.44850373393220677
_:b34,Level_Up,0.31048815182864054,0.09376696182858982,1.0,False,unknown,Level,0.4483905214629125
_:b40,Level_Up,0.3104268075961347,0.0938021085370952,1.0,False,unknown,Level,0.4483414460769078
_:b46,Level_Up,0.3104007291492864,0.09381706037065642,1.0,False,unknown,Level,0.44832058331942914
_:b51,Level_Up,0.3103896522805626,0.0938234452687335,1.0,False,unknown,Level,0.4483117218244501
_:b28,Level_Up,0.3099657860681523,0.09379071740010939,1.0,False,unknown,Level,0.4479726288545218
_:b54,Level_Up,0.3091872684237564,0.09423077374052384,1.0,False,unknown,Level,0.44734981473900515
_:b20,Level_Up,0.3091872684237564,0.09423077374052384,1.0,False,unknown,Level,0.44734981473900515
_:b26,Level_Up,0.3090565213919169,0.08933550950527194,1.0,False,unknown,Level,0.44724521711353354
_:b189,Level_Up,0.30886003258106454,0.09147151524981079,1.0,False,AtomList,Level,0.44708802606485165
_:b32,Level_Up,0.30871328679734555,0.08950978345918542,1.0,False,unknown,Level,0.44697062943787647
_:b38,Level_Up,0.30856751097618984,0.08958416879171556,1.0,False,unknown,Level,0.4468540087809519
_:b118,Level_Up,0.3085380824319928,0.09169183924254312,1.0,False,AtomList,Level,0.4468304659455943
_:b265,Level_Up,0.3085380824319928,0.09169183924254312,1.0,False,AtomList,Level,0.4468304659455943
_:b138,Level_Up,0.3085380824319928,0.09169183924254312,1.0,False,AtomList,Level,0.4468304659455943
_:b109,Level_Up,0.3085380824319928,0.09169183924254312,1.0,False,AtomList,Level,0.4468304659455943
_:b178,Level_Up,0.3085380824319928,0.09169183924254312,1.0,False,AtomList,Level,0.4468304659455943
_:b75,Level_Up,0.3085380824319928,0.09169183924254312,1.0,False,AtomList,Level,0.4468304659455943
_:b156,Level_Up,0.3085380824319928,0.09169183924254312,1.0,False,AtomList,Level,0.4468304659455943
_:b167,Level_Up,0.3085380824319928,0.09169183924254312,1.0,False,AtomList,Level,0.4468304659455943
_:b200,Level_Up,0.3085380824319928,0.09169183924254312,1.0,False,AtomList,Level,0.4468304659455943
_:b86,Level_Up,0.3085380824319928,0.09169183924254312,1.0,False,AtomList,Level,0.4468304659455943
_:b64,Level_Up,0.3085380824319928,0.09169183924254312,1.0,False,AtomList,Level,0.4468304659455943
_:b127,Level_Up,0.3085380824319928,0.09169183924254312,1.0,False,AtomList,Level,0.4468304659455943
_:b220,Level_Up,0.3085380824319928,0.09169183924254312,1.0,False,AtomList,Level,0.4468304659455943
_:b276,Level_Up,0.3085380824319928,0.09169183924254312,1.0,False,AtomList,Level,0.4468304659455943
_:b246,Level_Up,0.3085380824319928,0.09169183924254312,1.0,False,AtomList,Level,0.4468304659455943
_:b209,Level_Up,0.3085380824319928,0.09169183924254312,1.0,False,AtomList,Level,0.4468304659455943
_:b44,Level_Up,0.3085055631854007,0.08961587533989668,1.0,False,unknown,Level,0.4468044505483206
_:b49,Level_Up,0.30847921761536423,0.08962934484186337,1.0,False,unknown,Level,0.4467833740922914
_:b22,Level_Up,0.3082834852328224,0.09448625511253135,1.0,False,unknown,Level,0.44662678818625795
_:b19,Level_Up,0.30787575141532,0.09011044791409983,1.0,False,unknown,Level,0.446300601132256
_:b53,Level_Up,0.30787575141532,0.09011044791409983,1.0,False,unknown,Level,0.446300601132256
_:b21,Level_Up,0.3073145314895524,0.09041241507055273,1.0,False,unknown,Level,0.44585162519164195
_:b186,Level_Up,0.3062260700806806,0.09519226445208594,1.0,False,unknown,Level,0.4449808560645445
_:b43,Level_Up,0.30564622358264426,0.09532818811282129,1.0,False,unknown,Level,0.4445169788661154
_:b106,Level_Up,0.30559301623712387,0.09535684151290356,1.0,False,unknown,Level,0.44447441298969914
_:b23,Level_Up,0.30473286520751774,0.08280693494996527,1.0,False,unknown,Level,0.44378629216601423
_:b31,Level_Up,0.3039598363260402,0.08735993531819433,1.0,False,unknown,Level,0.44316786906083216
_:b185,Level_Up,0.3036051420247685,0.09188608011581786,1.0,False,unknown,Level,0.44288411361981483
_:b188,Level_Up,0.3031777694741127,0.1252756013615285,1.0,False,Imp,Level,0.4425422155792902
_:b235,Level_Up,0.3031777575531837,0.1252755824585814,1.0,False,Imp,Level,0.442542206042547
_:b230,Level_Up,0.3031777575531837,0.1252755824585814,1.0,False,Imp,Level,0.442542206042547
_:b37,Level_Up,0.3031429252231825,0.09200661144696701,1.0,False,unknown,Level,0.442514340178546
_:b25,Level_Up,0.30312503151679704,0.0834652325370896,1.0,False,unknown,Level,0.4425000252134377
_:b105,Level_Up,0.3030176100673943,0.0920711422525014,1.0,False,unknown,Level,0.44241408805391547
cardinality,Level_Up,0.3002840907456485,0.16021762988887947,1.0,False,AnnotationProperty,Level,0.44022727259651884
hasValue,Level_Up,0.3002840907456485,0.16021762988887947,1.0,False,AnnotationProperty,Level,0.44022727259651884
usergroup_of,Level_Up,0.30028408478518404,0.16021762616282173,1.0,False,AnnotationProperty,Level,0.44022726782814725
subject,Level_Up,0.30028408478518404,0.16021762616282173,1.0,False,AnnotationProperty,Level,0.44022726782814725
num_threads,Level_Up,0.30028408478518404,0.16021762616282173,1.0,False,AnnotationProperty,Level,0.44022726782814725
creator_of,Level_Up,0.30028408478518404,0.16021762616282173,1.0,False,AnnotationProperty,Level,0.44022726782814725
avatar,Level_Up,0.30028408478518404,0.16021762616282173,1.0,False,AnnotationProperty,Level,0.44022726782814725
key,Level_Up,0.30028408478518404,0.16021762616282173,1.0,False,AnnotationProperty,Level,0.44022726782814725
RFK_L1_R6,Stash,0.31865330778743306,0.16261569816429378,0.9172442572270822,False,ReferenceKey,Reward,0.43837149767536293
Arrays,BLockGame,0.5102232060686632,0.03431832749713858,0.12935257077791257,False,GamifiedResource,Badge,0.4340490790105131
_:b103,Level_Up,0.2913763371869359,0.10305123593239178,1.0,False,AtomList,Level,0.43310106974954876
_:b259,Level_Up,0.29136463566598647,0.1030554399554499,1.0,False,AtomList,Level,0.4330917085327892
Experience,Stash,0.3119313210489305,0.09495501959647568,0.9172442572270822,False,Class,Reward,0.43299390828456086
Learner,BLockGame,0.5089016068594157,0.2496269311940224,0.12935257077791257,False,unknown,Badge,0.43299179964311507
_:b152,Level_Up,0.2904957355527847,0.1033150318293516,1.0,False,AtomList,Level,0.4323965884422278
_:b146,Level_Up,0.2904957355527847,0.1033150318293516,1.0,False,AtomList,Level,0.4323965884422278
_:b135,Level_Up,0.2904957355527847,0.1033150318293516,1.0,False,AtomList,Level,0.4323965884422278
_:b228,Level_Up,0.2904957355527847,0.1033150318293516,1.0,False,AtomList,Level,0.4323965884422278
_:b217,Level_Up,0.2904957355527847,0.1033150318293516,1.0,False,AtomList,Level,0.4323965884422278
_:b257,Level_Up,0.29011325388036374,0.09944830559655074,1.0,False,AtomList,Level,0.43209060310429104
Points,BLockGame,0.5075479062878472,0.21855119609835097,0.12935257077791257,False,Class,Badge,0.43190883918586026
_:b272,Level_Up,0.2898601107879385,0.1042087851022856,1.0,False,AtomList,Level,0.43188808863035083
_:b101,Level_Up,0.28947411694128167,0.09998614890574266,1.0,False,AtomList,Level,0.4315792935530254
_:b192,Level_Up,0.28873304306019293,0.10017449670880335,1.0,False,AtomList,Level,0.4309864344481544
_:b255,Level_Up,0.2887250648126512,0.09562502762217388,1.0,False,AtomList,Level,0.430980051850121
_:b121,Level_Up,0.2885955497346134,0.10022289242371002,1.0,False,AtomList,Level,0.43087643978769075
_:b203,Level_Up,0.2885955497346134,0.10022289242371002,1.0,False,AtomList,Level,0.43087643978769075
_:b112,Level_Up,0.2885955497346134,0.10022289242371002,1.0,False,AtomList,Level,0.43087643978769075
_:b181,Level_Up,0.2885955378136844,0.10022286662791316,1.0,False,AtomList,Level,0.4308764302509476
_:b223,Level_Up,0.2885955378136844,0.10022286662791316,1.0,False,AtomList,Level,0.4308764302509476
_:b212,Level_Up,0.2885955378136844,0.10022286662791316,1.0,False,AtomList,Level,0.4308764302509476
_:b170,Level_Up,0.2885955378136844,0.10022286662791316,1.0,False,AtomList,Level,0.4308764302509476
_:b141,Level_Up,0.2885955378136844,0.10022286662791316,1.0,False,AtomList,Level,0.4308764302509476
_:b67,Level_Up,0.2885955378136844,0.10022286662791316,1.0,False,AtomList,Level,0.4308764302509476
_:b130,Level_Up,0.2885955378136844,0.10022286662791316,1.0,False,AtomList,Level,0.4308764302509476
_:b159,Level_Up,0.2885955378136844,0.10022286662791316,1.0,False,AtomList,Level,0.4308764302509476
_:b279,Level_Up,0.2885955378136844,0.10022286662791316,1.0,False,AtomList,Level,0.4308764302509476
_:b78,Level_Up,0.2885955378136844,0.10022286662791316,1.0,False,AtomList,Level,0.4308764302509476
OOPTeachers,Stash,0.309271618504674,0.15319508039573224,0.9172442572270822,False,FreeGroup,Reward,0.43086614624915565
_:b99,Level_Up,0.28812321949321784,0.09616072174406234,1.0,False,AtomList,Level,0.4304985755945743
_:b97,Level_Up,0.28754605356037344,0.09204205457834899,1.0,False,AtomList,Level,0.4300368428482988
_:b268,Level_Up,0.287251333023369,0.096381074859599,1.0,False,AtomList,Level,0.42980106641869525
_:b249,Level_Up,0.287251333023369,0.096381074859599,1.0,False,AtomList,Level,0.42980106641869525
_:b194,Level_Up,0.28700159503391487,0.1066670931575396,1.0,False,AtomList,Level,0.42960127602713194
_:b132,Level_Up,0.2869430651504343,0.10668495730492461,1.0,False,AtomList,Level,0.42955445212034743
_:b80,Level_Up,0.2869430651504343,0.10668495730492461,1.0,False,AtomList,Level,0.42955445212034743
_:b143,Level_Up,0.2869430651504343,0.10668495730492461,1.0,False,AtomList,Level,0.42955445212034743
_:b161,Level_Up,0.2869430651504343,0.10668495730492461,1.0,False,AtomList,Level,0.42955445212034743
_:b172,Level_Up,0.2869430651504343,0.10668495730492461,1.0,False,AtomList,Level,0.42955445212034743
_:b205,Level_Up,0.2869430651504343,0.10668495730492461,1.0,False,AtomList,Level,0.42955445212034743
_:b183,Level_Up,0.2869430651504343,0.10668495730492461,1.0,False,AtomList,Level,0.42955445212034743
_:b281,Level_Up,0.2869430651504343,0.10668495730492461,1.0,False,AtomList,Level,0.42955445212034743
_:b214,Level_Up,0.2869430651504343,0.10668495730492461,1.0,False,AtomList,Level,0.42955445212034743
_:b225,Level_Up,0.2869430651504343,0.10668495730492461,1.0,False,AtomList,Level,0.42955445212034743
_:b69,Level_Up,0.2869430651504343,0.10668495730492461,1.0,False,AtomList,Level,0.42955445212034743
_:b123,Level_Up,0.2869430651504343,0.10668495730492461,1.0,False,AtomList,Level,0.42955445212034743
_:b114,Level_Up,0.2869430651504343,0.10668495730492461,1.0,False,AtomList,Level,0.42955445212034743
_:b253,Level_Up,0.28661819167151836,0.09738763191630738,1.0,False,AtomList,Level,0.4292945533372147
_:b95,Level_Up,0.2864005218104266,0.08877252572768461,1.0,False,AtomList,Level,0.4291204174483413
Knowledge,BLockGame,0.5038049739499785,0.26566016823461247,0.12935257077791257,False,Class,Badge,0.4289144933155653
_:b89,Level_Up,0.2860253473578701,0.09281015701593599,1.0,False,AtomList,Level,0.4288202778862961
Delimiters,BLockGame,0.5035386732255748,0.041185666162041376,0.12935257077791257,False,GamifiedResource,Badge,0.4287014527360423
Overloaded_constructors,BLockGame,0.5034299191898862,0.041143989510371126,0.12935257077791257,False,GamifiedResource,Badge,0.4286144495074915
_:b270,Level_Up,0.2850437205829975,0.10378236687292709,1.0,False,AtomList,Level,0.428034976466398
_:b93,Level_Up,0.28429331700315347,0.09059910697305368,1.0,False,AtomList,Level,0.4274346536025228
Exception_Types,BLockGame,0.5015080848717602,0.041501381215013865,0.12935257077791257,False,GamifiedResource,Badge,0.4270769820529907
o,Motrain,0.5335559098642573,0.15800800632815923,0.0,False,Variable,GameElementResource,0.4268447278914058
Event_Types,BLockGame,0.5009885489033329,0.04288048322097602,0.12935257077791257,False,GamifiedResource,Badge,0.42666135327824883
_:b251,Level_Up,0.2824753046298508,0.09653398854413996,1.0,False,AtomList,Level,0.42598024370388066
Participation,Stash,0.30293668284130076,0.12057182655740808,0.9172442572270822,False,NamedIndividual,Reward,0.42579819771845706
_:b91,Level_Up,0.2813747705906885,0.09333024443350821,1.0,False,AtomList,Level,0.4250998164725508
Task_about_Event_Handler_and_Listener,Stash,0.3013057455592376,0.19663369651332102,0.9172442572270822,False,GamifiedResource,Reward,0.4244934478928065
_:b0,Tiny_stash,0.5177115121683302,0.301945085319838,0.0415518252487452,False,Restriction,Reward,0.4224795747844132
_:b1,Tiny_stash,0.5177115121683302,0.301945085319838,0.0415518252487452,False,Restriction,Reward,0.4224795747844132
_:b4,Tiny_stash,0.5177115121683302,0.301945085319838,0.0415518252487452,False,Restriction,Reward,0.4224795747844132
_:b3,Tiny_stash,0.5177115121683302,0.301945085319838,0.0415518252487452,False,Restriction,Reward,0.4224795747844132
contains_forum_post,Level_Up,0.27635580281492045,0.1307659724212383,1.0,False,unknown,Level,0.42108464225193637
tbox,Tiny_stash,0.5156482193156116,0.31361960152373797,0.0415518252487452,False,Ontology,Reward,0.4208289405022383
has_bag,Level_Up,0.27502818053124106,0.1279133501266105,1.0,False,unknown,Level,0.42002254442499287
JavaFunctions,Stash,0.29562031504039604,0.16619894670461247,0.9172442572270822,False,IndexKey,Reward,0.4199451034777333
n,Level_Up,0.2738249458826768,0.125309254272592,1.0,False,unknown,Level,0.4190599567061415
_:b14,Tiny_stash,0.5115734997155429,0.3158442400115408,0.0415518252487452,False,Restriction,Reward,0.41756916482218337
_:b9,Tiny_stash,0.5115734997155429,0.3158442400115408,0.0415518252487452,False,Restriction,Reward,0.41756916482218337
_:b13,Tiny_stash,0.5115734997155429,0.3158442400115408,0.0415518252487452,False,Restriction,Reward,0.41756916482218337
SpatialThing,BLockGame,0.4883430959244233,0.2681865705562854,0.12935257077791257,False,unknown,Badge,0.4165449908951212
hasKey,Stash,0.28936658162275736,0.15577968250629742,0.9172442572270822,False,AnnotationProperty,Reward,0.41494211674362236
LevelGE,Stash,0.28644448970871556,0.15878647502688548,0.9172442572270822,False,ReferenceKey,Reward,0.41260444321238887
startingPage,Tiny_stash,0.5027984603859167,0.16074394759661115,0.0415518252487452,False,AnnotationProperty,Reward,0.4105491333584824
Overloading,Availability_Block_Game_by_level,0.5128894176897094,0.24125022417511233,0.0,False,GamifiedResource,Level,0.4103115341517676
number,Stash,0.28230976402764435,0.12722449468508887,0.9172442572270822,False,AnnotationProperty,Reward,0.40929666266753195
Array_of_instances,Tiny_stash,0.5011993967980259,0.16468281927581507,0.0415518252487452,False,Resource,Reward,0.4092698824881698
demo_GR2,Availability_Block_Game_by_level,0.5114994413603102,0.27539710932690903,0.0,True,GamifiedResource,Level,0.4091995530882482
demo_GR1,Availability_Block_Game_by_level,0.5114994413603102,0.27539710932690903,0.0,False,GamifiedResource,Level,0.4091995530882482
Overriding,Availability_Block_Game_by_level,0.5105352919853449,0.23984591227142202,0.0,False,GamifiedResource,Level,0.4084282335882759
CompositeResource,Level_Up,0.2597503146665788,0.09186174812693323,1.0,False,unknown,Level,0.40780025173326306
ProcessingPole,Stash,0.2785557078267054,0.1068738806230125,0.9172442572270822,False,Class,Reward,0.4062934177067808
UnderstandingPole,Stash,0.2785557078267054,0.1068738806230125,0.9172442572270822,False,Class,Reward,0.4062934177067808
was_generated_by,Level_Up,0.2575482306358436,0.15391027815700156,1.0,False,unknown,Level,0.4060385845086749
indexed_by,Level_Up,0.2575482306358436,0.15391027815700156,1.0,False,unknown,Level,0.4060385845086749
ReflexiveProperty,Level_Up,0.25754822467537913,0.15391027220946424,1.0,False,unknown,Level,0.40603857974030333
has_creator,Level_Up,0.25754822467537913,0.15391027220946424,1.0,False,unknown,Level,0.40603857974030333
shared_by,Level_Up,0.25754822467537913,0.15391027220946424,1.0,False,unknown,Level,0.40603857974030333
_:b55,Level_Up,0.25754822467537913,0.15391027220946424,1.0,False,unknown,Level,0.40603857974030333
about_modify,Level_Up,0.25754822467537913,0.15391027220946424,1.0,False,unknown,Level,0.40603857974030333
has_owner,Level_Up,0.25754822467537913,0.15391027220946424,1.0,False,unknown,Level,0.40603857974030333
has_actor,Level_Up,0.25754822467537913,0.15391027220946424,1.0,False,unknown,Level,0.40603857974030333
has_moderator,Level_Up,0.25754822467537913,0.15391027220946424,1.0,False,unknown,Level,0.40603857974030333
has_member,Level_Up,0.25754822467537913,0.15391027220946424,1.0,False,unknown,Level,0.40603857974030333
ObservableProperty,Level_Up,0.25754822467537913,0.15391027220946424,1.0,False,unknown,Level,0.40603857974030333
CreateResourceActivity,Level_Up,0.25754822467537913,0.15391027220946424,1.0,False,unknown,Level,0.40603857974030333
is_processed_by,Level_Up,0.25754822467537913,0.15391027220946424,1.0,False,unknown,Level,0.40603857974030333
adr,Level_Up,0.25754822467537913,0.15391027220946424,1.0,False,unknown,Level,0.40603857974030333
DeleteResourceActivity,Level_Up,0.25754822467537913,0.15391027220946424,1.0,False,unknown,Level,0.40603857974030333
create_organization,Level_Up,0.25754822467537913,0.15391027220946424,1.0,False,unknown,Level,0.40603857974030333
Sampler,Level_Up,0.25754822467537913,0.15391027220946424,1.0,False,unknown,Level,0.40603857974030333
used,Level_Up,0.25754822467537913,0.15391027220946424,1.0,False,unknown,Level,0.40603857974030333
has_parent,Level_Up,0.25754822467537913,0.15391027220946424,1.0,False,unknown,Level,0.40603857974030333
CreateUser,Level_Up,0.25754822467537913,0.15391027220946424,1.0,False,unknown,Level,0.40603857974030333
ReferenceKey1,Level_Up,0.2568456746451162,0.17178494801589803,1.0,False,ReferenceKey,Level,0.405476539716093
Arguments_and_parameters,Availability_Block_Game_by_level,0.5053694416226495,0.23940804441212357,0.0,False,GamifiedResource,Level,0.4042955532981196
Try_and_Catch,Availability_Block_Game_by_level,0.505014394875748,0.23993457825064626,0.0,False,GamifiedResource,Level,0.40401151590059836
Audience_A,Stash,0.27374112170440845,0.16130779976468906,0.9172442572270822,False,Audience,Reward,0.40244174880894323
Files,Availability_Block_Game_by_level,0.501412028718029,0.23500703630987502,0.0,False,GamifiedResource,Level,0.40112962297442323
Exceptions,Availability_Block_Game_by_level,0.5012323514410408,0.23691169445160137,0.0,False,GamifiedResource,Level,0.4009858811528327
_:b62,Stash,0.27167880724525784,0.1502540794511233,0.9172442572270822,False,Restriction,Reward,0.40079189724162273
hasBehaviouralObjective,BLockGame,0.4661562128096935,0.08534105725575775,0.12935257077791257,False,ObjectProperty,Badge,0.39879548440333734
_:b60,Stash,0.269048150820635,0.1460612417590864,0.9172442572270822,False,Restriction,Reward,0.39868737210192445
PO1,Level_Up,0.24791124607671766,0.13864395830898466,1.0,False,PedagogicalObjective,Level,0.39832899686137413
recognizing_the_properties_of_the_built-in_data_types,Level_Up,0.24791124607671766,0.13864395830898466,1.0,False,PedagogicalObjective,Level,0.39832899686137413
effectively_use_the_built-in_data_types,Level_Up,0.24791124607671766,0.13864395830898466,1.0,False,PedagogicalObjective,Level,0.39832899686137413
Expert,Level_Up,0.2463467320068274,0.1376751285857999,1.0,False,GamificationExperience,Level,0.39707738560546196
is_part_of,Tiny_stash,0.48539886408723343,0.3359632353461996,0.0415518252487452,False,unknown,Reward,0.3966294563195358
Task_about_Polymorphism,Availability_Block_Game_by_level,0.49475520990497934,0.23617383616289647,0.0,False,GamifiedResource,Level,0.3958041679239835
Beginner,Level_Up,0.24444696767469987,0.13826400511979486,1.0,False,GamificationExperience,Level,0.3955575741397599
Adam,Stash,0.26495519841495496,0.17717430713110677,0.9172442572270822,False,Teacher,Reward,0.3954130101773804
Variables,Availability_Block_Game_by_level,0.4939506743937952,0.23000081044650555,0.0,False,GamifiedResource,Level,0.39516053951503616
Class_attributes_and_functions,Availability_Block_Game_by_level,0.4939403545832704,0.22999458628944414,0.0,False,GamifiedResource,Level,0.39515228366661637
_:b0,BLockGame,0.4614589836234046,0.2763117809430323,0.12935257077791257,False,Restriction,Badge,0.3950377010543062
_:b1,BLockGame,0.4614589836234046,0.2763117809430323,0.12935257077791257,False,Restriction,Badge,0.3950377010543062
_:b4,BLockGame,0.4614589836234046,0.2763117809430323,0.12935257077791257,False,Restriction,Badge,0.3950377010543062
_:b3,BLockGame,0.4614589836234046,0.2763117809430323,0.12935257077791257,False,Restriction,Badge,0.3950377010543062
tbox,BLockGame,0.45966428730321074,0.29131623341572854,0.12935257077791257,False,Ontology,Badge,0.3936019439981511
Task_about_GUI,Availability_Block_Game_by_level,0.4917133132245926,0.233578954108098,0.0,False,GamifiedResource,Level,0.39337065057967413
GUI_Elements,Availability_Block_Game_by_level,0.49137440546191324,0.2340413251431658,0.0,False,GamifiedResource,Level,0.3930995243695306
_:b72,Stash,0.261384198628754,0.1590734716352485,0.9172442572270822,False,List,Reward,0.3925562103484197
Creating_linked_screens,Availability_Block_Game_by_level,0.4885881699303286,0.2511900597606509,0.0,False,GamifiedResource,Level,0.3908705359442629
Princeton_University,Level_Up,0.23814885715208473,0.14862642216458763,1.0,False,EducationalInstitution,Level,0.3905190857216678
_:b14,BLockGame,0.4556510007707635,0.2915865306532823,0.12935257077791257,False,Restriction,Badge,0.3903913147721933
_:b9,BLockGame,0.4556510007707635,0.2915865306532823,0.12935257077791257,False,Restriction,Badge,0.3903913147721933
_:b13,BLockGame,0.4556510007707635,0.2915865306532823,0.12935257077791257,False,Restriction,Badge,0.3903913147721933
Level_Up,BLockGame,0.4545043637138292,0.14753916805148037,0.12935257077791257,False,Level,Badge,0.3894740051266459
_:b71,Stash,0.25680533127794936,0.1559619806841786,0.9172442572270822,False,List,Reward,0.3888931164677759
leçon 2 du cours Programmation Orientée Objet,Level_Up,0.23551338560302315,0.14010893975340394,1.0,False,unknown,Level,0.38841070848241854
Collection,Stash,0.254841684125679,0.13039721690736508,0.9172442572270822,False,Class,Reward,0.38732219874595963
Task_about_Input_and_Output_Streams,Availability_Block_Game_by_level,0.4836845700260829,0.22858387515230452,0.0,False,GamifiedResource,Level,0.38694765602086634
t2,Stash,0.25363963943616996,0.14419856884782908,0.9172442572270822,False,Variable,Reward,0.3863605629943524
t1,Stash,0.2534075929515479,0.1442177369738492,0.9172442572270822,False,Variable,Reward,0.3861749258066548
Error2,Stash,0.253357308338816,0.12185072325713797,0.9172442572270822,False,Class,Reward,0.3861346981164693
has_Rating,Stash,0.2531344989800548,0.16406847564346727,0.9172442572270822,False,DatatypeProperty,Reward,0.38595645062946027
has_TotalEnrollment,Stash,0.2531344989800548,0.16406847564346727,0.9172442572270822,False,DatatypeProperty,Reward,0.38595645062946027
has_LearningPace,Stash,0.2531344989800548,0.16406847564346727,0.9172442572270822,False,DatatypeProperty,Reward,0.38595645062946027
has_TotalCompletionHours,Stash,0.2531344989800548,0.16406847564346727,0.9172442572270822,False,DatatypeProperty,Reward,0.38595645062946027
has_TeachingLanguage,Stash,0.253134451296339,0.16406840091311736,0.9172442572270822,False,DatatypeProperty,Reward,0.3859564124824877
has_TranslationLanguage,Stash,0.253134451296339,0.16406840091311736,0.9172442572270822,False,DatatypeProperty,Reward,0.3859564124824877
e2,Stash,0.2527994243806746,0.14178562297868053,0.9172442572270822,False,Variable,Reward,0.3856883909499561
e1,Stash,0.2527667110407824,0.14178787091233733,0.9172442572270822,False,Variable,Reward,0.3856622202780424
LearningStyle,Stash,0.252284604217793,0.130848397452529,0.9172442572270822,False,Class,Reward,0.38527653481965085
Task_about_Exception_Handling,Availability_Block_Game_by_level,0.48069943746071253,0.22989676204430876,0.0,False,GamifiedResource,Level,0.38455954996857006
hasPedagogicalObjective,Stash,0.25130136979228535,0.15291475413041516,0.9172442572270822,False,ObjectProperty,Reward,0.38448994727924474
is_part_of,BLockGame,0.4481015523281286,0.3358020385942987,0.12935257077791257,False,unknown,Badge,0.3843517560180854
IK_GE_LevelUp,Level_Up,0.2296004294295642,0.18577520722587804,1.0,False,IndexKey,Level,0.3836803435436514
Mike,Stash,0.2500874253914763,0.13939983129402583,0.9172442572270822,False,Teacher,Reward,0.3835187917585975
e,Availability_Block_Game_by_level,0.47935717359964436,0.1754317960393597,0.0,False,Variable,Level,0.3834857388797155
Task_about_Inheritance,Availability_Block_Game_by_level,0.47923922636750893,0.20329675326900729,0.0,False,GamifiedResource,Level,0.38339138109400717
_:b61,Stash,0.24928582587999823,0.15368022024092678,0.9172442572270822,False,Restriction,Reward,0.382877512149415
_:b59,Stash,0.24928582587999823,0.15368022024092678,0.9172442572270822,False,Restriction,Reward,0.382877512149415
3.16.0,Level_Up,0.22709544317183822,0.19522106146575813,1.0,False,unknown,Level,0.3816763545374706
DataTypes,Level_Up,0.22688438773149522,0.17718929199958952,1.0,False,IndexKey,Level,0.3815075101851962
Usergroup,Stash,0.24676592792493976,0.14515296921844342,0.9172442572270822,False,unknown,Reward,0.38086159378536827
Image,Stash,0.245869483333294,0.12621624911410798,0.9172442572270822,False,unknown,Reward,0.3801444381120517
gep,Availability_Block_Game_by_level,0.4737541496266987,0.17115779745782034,0.0,False,Variable,Level,0.379003319701359
_:b6,Stash,0.24418652890890855,0.1486112958482248,0.9172442572270822,False,Restriction,Reward,0.37879807457254333
_:b5,Stash,0.24418652890890855,0.1486112958482248,0.9172442572270822,False,Restriction,Reward,0.37879807457254333
_:b7,Stash,0.24418652890890855,0.1486112958482248,0.9172442572270822,False,Restriction,Reward,0.37879807457254333
Item,Stash,0.24367478765467263,0.14467394873871556,0.9172442572270822,False,unknown,Reward,0.37838868156915456
_:b56,Stash,0.24367478765467263,0.14467394873871556,0.9172442572270822,False,unknown,Reward,0.37838868156915456
Container,Stash,0.24367478765467263,0.14467394873871556,0.9172442572270822,False,unknown,Reward,0.37838868156915456
Address,Stash,0.24367478765467263,0.14467394873871556,0.9172442572270822,False,unknown,Reward,0.37838868156915456
Property,Stash,0.24367478765467263,0.14467394873871556,0.9172442572270822,False,unknown,Reward,0.37838868156915456
Java_FX,Availability_Block_Game_by_level,0.4726334974040441,0.20039279686124328,0.0,False,GamifiedResource,Level,0.3781067979232353
Inheritance_vs_Composition,Availability_Block_Game_by_level,0.472520241611032,0.20033611030201143,0.0,False,GamifiedResource,Level,0.37801619328882563
isPropertyOf,Stash,0.24273845504128397,0.14584678733139517,0.9172442572270822,False,unknown,Reward,0.3776396154784436
madeBySensor,Stash,0.24273845504128397,0.14584678733139517,0.9172442572270822,False,unknown,Reward,0.3776396154784436
FeatureOfInterest,Stash,0.24273845504128397,0.14584678733139517,0.9172442572270822,False,unknown,Reward,0.3776396154784436
Sensor,Stash,0.24273845504128397,0.14584678733139517,0.9172442572270822,False,unknown,Reward,0.3776396154784436
1.0,Stash,0.24187273601939951,0.14703363946884923,0.9172442572270822,False,unknown,Reward,0.37694704026093606
Static_Keyword,Availability_Block_Game_by_level,0.4711120177570204,0.19575967361438698,0.0,False,GamifiedResource,Level,0.37688961420561634
This_Keyword,Availability_Block_Game_by_level,0.4710945151221046,0.19575198032989727,0.0,False,GamifiedResource,Level,0.3768756120976837
Constructors,Availability_Block_Game_by_level,0.47108770122549687,0.19574898322793846,0.0,False,GamifiedResource,Level,0.3768701609803975
Adam_Phil,Level_Up,0.22102949036722705,0.1670375928961961,1.0,False,UserAccount,Level,0.37682359229378165
Access_Modifiers,Availability_Block_Game_by_level,0.4709996794767357,0.19571027618836323,0.0,False,GamifiedResource,Level,0.37679974358138857
Packages,Availability_Block_Game_by_level,0.4709889231041524,0.19570554885318608,0.0,False,GamifiedResource,Level,0.37679113848332196
Class_Instance,Availability_Block_Game_by_level,0.4709824366684714,0.1957026983270814,0.0,False,GamifiedResource,Level,0.37678594933477716
Strings,Availability_Block_Game_by_level,0.47087522648972413,0.19565561252611388,0.0,False,GamifiedResource,Level,0.37670018119177934
has_container,Tiny_stash,0.4601551474918347,0.2826348789724313,0.0415518252487452,False,unknown,Reward,0.3764344830432168
partOf,Tiny_stash,0.4601551474918347,0.2826348789724313,0.0415518252487452,False,unknown,Reward,0.3764344830432168
Single_level_inheritance,Availability_Block_Game_by_level,0.47024879222695687,0.19610468363918168,0.0,False,GamifiedResource,Level,0.3761990337815655
Control_Statements,Availability_Block_Game_by_level,0.46994609579451774,0.1952492894582858,0.0,False,GamifiedResource,Level,0.3759568766356142
Functions,Availability_Block_Game_by_level,0.46993143751064165,0.19559326169049396,0.0,False,GamifiedResource,Level,0.37594515000851336
RFK_GE_TinyStash,Level_Up,0.21991662025648223,0.18356468715014745,1.0,False,ReferenceKey,Level,0.3759332962051858
cardinality,Stash,0.24050707128188437,0.14018837502612555,0.9172442572270822,False,AnnotationProperty,Reward,0.37585450847092394
subject,Stash,0.24050707128188437,0.14018837502612555,0.9172442572270822,False,AnnotationProperty,Reward,0.37585450847092394
avatar,Stash,0.24050707128188437,0.14018837502612555,0.9172442572270822,False,AnnotationProperty,Reward,0.37585450847092394
creator_of,Stash,0.24050707128188437,0.14018837502612555,0.9172442572270822,False,AnnotationProperty,Reward,0.37585450847092394
num_threads,Stash,0.24050707128188437,0.14018837502612555,0.9172442572270822,False,AnnotationProperty,Reward,0.37585450847092394
hasValue,Stash,0.24050707128188437,0.14018837502612555,0.9172442572270822,False,AnnotationProperty,Reward,0.37585450847092394
key,Stash,0.24050707128188437,0.14018837502612555,0.9172442572270822,False,AnnotationProperty,Reward,0.37585450847092394
usergroup_of,Stash,0.24050707128188437,0.14018837502612555,0.9172442572270822,False,AnnotationProperty,Reward,0.37585450847092394
Multi-level_inheritance,Availability_Block_Game_by_level,0.46970042231112064,0.1966482255370904,0.0,False,GamifiedResource,Level,0.3757603378488965
_:b284,Stash,0.24035118812389683,0.15849634564836343,0.9172442572270822,False,List,Reward,0.3757298019445339
_:b83,Stash,0.24035118812389683,0.15849634564836343,0.9172442572270822,False,List,Reward,0.3757298019445339
Super_Keyword,Availability_Block_Game_by_level,0.4688750174746481,0.19804466002430968,0.0,False,GamifiedResource,Level,0.3751000139797185
_:b261,Stash,0.23904101210367684,0.15935582016148334,0.9172442572270822,False,List,Reward,0.37468166112835793
_:b197,Stash,0.23902121519785613,0.1593562287025186,0.9172442572270822,False,List,Reward,0.3746658236037014
_:b173,Stash,0.23890440308385025,0.15935889393527433,0.9172442572270822,False,BuiltinAtom,Reward,0.37457237391249665
_:b70,Stash,0.23890440308385025,0.15935889393527433,0.9172442572270822,False,BuiltinAtom,Reward,0.37457237391249665
_:b162,Stash,0.23890440308385025,0.15935889393527433,0.9172442572270822,False,BuiltinAtom,Reward,0.37457237391249665
_:b33,Stash,0.23847554952985467,0.15547508055327347,0.9172442572270822,False,Restriction,Reward,0.3742292910693002
_:b39,Stash,0.23843064602096797,0.15547609421567848,0.9172442572270822,False,Restriction,Reward,0.37419336826219085
_:b45,Stash,0.23841154754576316,0.15547651235951518,0.9172442572270822,False,Restriction,Reward,0.374178089482027
_:b50,Stash,0.2384034268624456,0.15547669080317034,0.9172442572270822,False,Restriction,Reward,0.37417159293537294
_:b27,Stash,0.23791455773173809,0.15587727648646005,0.9172442572270822,False,Restriction,Reward,0.3737804976308069
_:b196,Stash,0.23733097966603117,0.15624294460207966,0.9172442572270822,False,List,Reward,0.3733136351782414
_:b82,Stash,0.23732304017803915,0.15624298830196104,0.9172442572270822,False,List,Reward,0.3733072835878478
_:b283,Stash,0.23732304017803915,0.15624298830196104,0.9172442572270822,False,List,Reward,0.3733072835878478
Loops,Availability_Block_Game_by_level,0.4664111113518266,0.19476969713006803,0.0,False,GamifiedResource,Level,0.3731288890814613
isRelevantFor,Stash,0.2365556630634252,0.1515829601344499,0.9172442572270822,False,ObjectProperty,Reward,0.37269338189615664
hasRelevantGameElement,Stash,0.23655563326110282,0.15158291243341568,0.9172442572270822,False,ObjectProperty,Reward,0.3726933580542987
TeacherGroupB,Tiny_stash,0.4552126492204838,0.27875384565165917,0.0415518252487452,False,FreeGroup,Reward,0.3724804844261361
Space,Tiny_stash,0.45520213869732595,0.2642794070689062,0.0415518252487452,False,unknown,Reward,0.3724720760076098
_:b104,Stash,0.23604796702914835,0.15715417587260755,0.9172442572270822,False,BuiltinAtom,Reward,0.37228722506873513
_:b260,Stash,0.23604423204324862,0.15715414595618113,0.9172442572270822,False,List,Reward,0.37228423708001535
_:b195,Stash,0.23592859905184146,0.15715363413191352,0.9172442572270822,False,BuiltinAtom,Reward,0.3721917306868896
_:b282,Stash,0.23590994778881863,0.1571535561390058,0.9172442572270822,False,BuiltinAtom,Reward,0.3721768096764714
_:b81,Stash,0.23590994778881863,0.1571535561390058,0.9172442572270822,False,BuiltinAtom,Reward,0.3721768096764714
_:b184,Stash,0.23590994778881863,0.1571535561390058,0.9172442572270822,False,BuiltinAtom,Reward,0.3721768096764714
determine iof the teacher's objective is behavioural objective,Stash,0.23581120714292073,0.12306909233095782,0.9172442572270822,False,unknown,Reward,0.37209781715975304
_:b258,Stash,0.2345728423754468,0.1544108350163777,0.9172442572270822,False,BuiltinAtom,Reward,0.3711071253457739
Extend_Keyword,Availability_Block_Game_by_level,0.4638596261991738,0.1945879342758462,0.0,False,GamifiedResource,Level,0.3710877009593391
Task_about_Class_Methods_and_Constructors,Availability_Block_Game_by_level,0.4637631437935522,0.19454508579850427,0.0,False,GamifiedResource,Level,0.3710105150348418
Function_Types,Availability_Block_Game_by_level,0.46369477161671524,0.1945147430325718,0.0,False,GamifiedResource,Level,0.37095581729337224
Task_about_Classes_and_Objects,Availability_Block_Game_by_level,0.4636351323510802,0.19448829059320463,0.0,False,GamifiedResource,Level,0.3709081058808642
has_EducationalLevel,Stash,0.23424634813197215,0.15688165959595535,0.9172442572270822,False,DatatypeProperty,Reward,0.3708459299509942
hasPaymentPreference,Stash,0.23424634813197215,0.15688165959595535,0.9172442572270822,False,DatatypeProperty,Reward,0.3708459299509942
has_Purpose,Stash,0.23424634217150767,0.15688164986555408,0.9172442572270822,False,DatatypeProperty,Reward,0.3708459251826226
has_duration,Stash,0.23424634217150767,0.15688164986555408,0.9172442572270822,False,DatatypeProperty,Reward,0.3708459251826226
has_totalLikes,Stash,0.23424631236918528,0.1568816012135557,0.9172442572270822,False,DatatypeProperty,Reward,0.37084590134076467
has_totalDownloads,Stash,0.23424631236918528,0.1568816012135557,0.9172442572270822,False,DatatypeProperty,Reward,0.37084590134076467
has_latestRelease,Stash,0.23424631236918528,0.1568816012135557,0.9172442572270822,False,DatatypeProperty,Reward,0.37084590134076467
has_totalSites,Stash,0.23424631236918528,0.1568816012135557,0.9172442572270822,False,DatatypeProperty,Reward,0.37084590134076467
has_latestVersion,Stash,0.2342463064087208,0.15688159148315758,0.9172442572270822,False,DatatypeProperty,Reward,0.3708458965723931
has_title,Stash,0.2342463064087208,0.15688159148315758,0.9172442572270822,False,DatatypeProperty,Reward,0.3708458965723931
RFK_L3_R6,Level_Up,0.21338703280357257,0.16947961472682213,1.0,False,ReferenceKey,Level,0.3707096262428581
RFK_L4_R7,Level_Up,0.21338123211892251,0.16948330747133716,1.0,False,ReferenceKey,Level,0.37070498569513805
RF_GE_BloackGame,Level_Up,0.21315162155532982,0.16962944922215006,1.0,False,ReferenceKey,Level,0.37052129724426386
RF_GE_STash,Level_Up,0.21315162155532982,0.16962944922215006,1.0,False,ReferenceKey,Level,0.37052129724426386
designLesson,Stash,0.23373689402499886,0.15651466534865502,0.9172442572270822,False,ObjectProperty,Reward,0.3704383666654155
designedWithObjective,Stash,0.23328840797849582,0.15470210139941687,0.9172442572270822,False,TransitiveProperty,Reward,0.3700795778282131
has_host,Tiny_stash,0.4522014165121687,0.16826964837494865,0.0415518252487452,False,unknown,Reward,0.37007149825948404
Sara_12,Level_Up,0.21258742653857526,0.1673920598349211,1.0,False,UserAccount,Level,0.37006994123086023
IK2,Level_Up,0.21203280068541316,0.19679117695355966,1.0,False,IndexKey,Level,0.36962624054833054
TaskJavaInheritance,Level_Up,0.21125307080500327,0.16488057631746675,1.0,False,IndexKey,Level,0.36900245664400266
pageStart,Level_Up,0.21077760880735172,0.13108234066810248,1.0,False,AnnotationProperty,Level,0.3686220870458814
_:b10,Stash,0.23139496060876744,0.15515215953959066,0.9172442572270822,False,Restriction,Reward,0.3685648199324304
volume,Stash,0.23017519606041886,0.1571444542074231,0.9172442572270822,False,AnnotationProperty,Reward,0.3675890082937515
_:b256,Stash,0.23008857986862935,0.15714119038682814,0.9172442572270822,False,ClassAtom,Reward,0.3675197153403199
Stash,Tiny_stash,0.4489118957835373,0.09452331168917487,0.0415518252487452,False,Reward,Reward,0.36743988167657887
has_description,Stash,0.22988979498930878,0.15809901919469008,0.9172442572270822,False,FunctionalProperty,Reward,0.36736068743686345
_:b198,Stash,0.22970685733660323,0.15979850793180223,0.9172442572270822,False,DatavaluedPropertyAtom,Reward,0.36721433731469905
_:b176,Stash,0.22960754829342173,0.15979776429386977,0.9172442572270822,False,DatavaluedPropertyAtom,Reward,0.3671348900801539
_:b165,Stash,0.22960754829342173,0.15979776429386977,0.9172442572270822,False,DatavaluedPropertyAtom,Reward,0.3671348900801539
_:b187,Stash,0.22960754829342173,0.15979776429386977,0.9172442572270822,False,DatavaluedPropertyAtom,Reward,0.3671348900801539
BonusPointsLeaderboard,Stash,0.22907266242173668,0.13281766477933155,0.9172442572270822,False,Class,Reward,0.3667069813828058
BonusPoints,Stash,0.22899791351935223,0.13284400470906307,0.9172442572270822,False,Class,Reward,0.3666471822608982
SocialPointsLeaderboard,Stash,0.2288223008554851,0.1329059004170886,0.9172442572270822,False,Class,Reward,0.3665066921298046
_:b262,Stash,0.228774686153431,0.15797009674685736,0.9172442572270822,False,ClassAtom,Reward,0.36646860036816126
_:b124,Stash,0.22864780957631892,0.1579733597699279,0.9172442572270822,False,ClassAtom,Reward,0.3663670991064716
_:b133,Stash,0.22864780957631892,0.1579733597699279,0.9172442572270822,False,ClassAtom,Reward,0.3663670991064716
_:b115,Stash,0.22864780957631892,0.1579733597699279,0.9172442572270822,False,ClassAtom,Reward,0.3663670991064716
_:b215,Stash,0.22864780957631892,0.1579733597699279,0.9172442572270822,False,ClassAtom,Reward,0.3663670991064716
_:b144,Stash,0.22864780957631892,0.1579733597699279,0.9172442572270822,False,ClassAtom,Reward,0.3663670991064716
_:b226,Stash,0.22864780957631892,0.1579733597699279,0.9172442572270822,False,ClassAtom,Reward,0.3663670991064716
_:b206,Stash,0.2286477916949255,0.1579733299888933,0.9172442572270822,False,ClassAtom,Reward,0.3663670848013568
Arithmetic_operations,Tiny_stash,0.44756464065386287,0.08214347898889798,0.0415518252487452,False,Resource,Reward,0.36636207757283934
RFK_L4_R6,Level_Up,0.2075422635791185,0.16813304033599472,1.0,False,ReferenceKey,Level,0.36603381086329484
_:b193,Stash,0.2278454698242113,0.15840973560875918,0.9172442572270822,False,ClassAtom,Reward,0.3657252273047855
Competition,Level_Up,0.20713348347419386,0.1301238064950122,1.0,False,NamedIndividual,Level,0.3657067867793551
_:b136,Stash,0.22780408555001896,0.15841062331465697,0.9172442572270822,False,ClassAtom,Reward,0.3656921198854316
_:b218,Stash,0.22780408555001896,0.15841062331465697,0.9172442572270822,False,ClassAtom,Reward,0.3656921198854316
_:b229,Stash,0.22780408555001896,0.15841062331465697,0.9172442572270822,False,ClassAtom,Reward,0.3656921198854316
_:b147,Stash,0.22780407362909,0.15841060343603963,0.9172442572270822,False,ClassAtom,Reward,0.3656921103486884
_:b182,Stash,0.22780407362909,0.15841060343603963,0.9172442572270822,False,ClassAtom,Reward,0.3656921103486884
_:b171,Stash,0.22780407362909,0.15841060343603963,0.9172442572270822,False,ClassAtom,Reward,0.3656921103486884
_:b160,Stash,0.22780407362909,0.15841060343603963,0.9172442572270822,False,ClassAtom,Reward,0.3656921103486884
_:b153,Stash,0.22780403786630316,0.15841054380019962,0.9172442572270822,False,ClassAtom,Reward,0.365692081738459
_:b238,Stash,0.22771761316165473,0.15826639433332673,0.9172442572270822,False,ClassAtom,Reward,0.3656229419747402
_:b239,Stash,0.22771761316165473,0.15826639433332673,0.9172442572270822,False,ClassAtom,Reward,0.3656229419747402
_:b233,Stash,0.22771761316165473,0.15826639433332673,0.9172442572270822,False,ClassAtom,Reward,0.3656229419747402
_:b234,Stash,0.22771761316165473,0.15826639433332673,0.9172442572270822,False,ClassAtom,Reward,0.3656229419747402
_:b243,Stash,0.2276205886731964,0.15826885056076484,0.9172442572270822,False,ClassAtom,Reward,0.3655453223839736
_:b84,Stash,0.22762058271273192,0.15826884060387789,0.9172442572270822,False,ClassAtom,Reward,0.365545317615602
_:b285,Stash,0.22762058271273192,0.15826884060387789,0.9172442572270822,False,ClassAtom,Reward,0.365545317615602
_:b73,Stash,0.22762058271273192,0.15826884060387789,0.9172442572270822,False,ClassAtom,Reward,0.365545317615602
_:b244,Stash,0.22762057079180295,0.1582688206901055,0.9172442572270822,False,ClassAtom,Reward,0.3655453080788588
_:b154,Stash,0.227620558870874,0.1582688007763351,0.9172442572270822,False,ClassAtom,Reward,0.3655452985421157
created_at,Stash,0.227531080357269,0.15582345883850007,0.9172442572270822,False,AnnotationProperty,Reward,0.36547371573123166
issue,Stash,0.22753103267355318,0.1558233811408885,0.9172442572270822,False,AnnotationProperty,Reward,0.36547367758425897
JavaVariables,Level_Up,0.20661520018668705,0.16609201394495315,1.0,False,IndexKey,Level,0.3652921601493497
JavaClassAttributesFunctions,Level_Up,0.20661151537859107,0.1660939072595941,1.0,False,IndexKey,Level,0.36528921230287287
_:b96,Stash,0.2272883049884083,0.1517833021960744,0.9172442572270822,False,ClassAtom,Reward,0.36527949543614313
_:b271,Stash,0.2271690722494259,0.15514220117714417,0.9172442572270822,False,ClassAtom,Reward,0.36518410924495714
IK_GE_TinyStash,Level_Up,0.20630958387891601,0.1611790852710191,1.0,False,IndexKey,Level,0.36504766710313286
TeacherGroupB,BLockGame,0.4239526536487451,0.21887106006690657,0.12935257077791257,False,FreeGroup,Badge,0.3650326370745786
IK_GE_BlockGame,Level_Up,0.20587061380106375,0.16717918482673422,1.0,False,IndexKey,Level,0.364696491040851
IK_GE_stash,Level_Up,0.20587061380106375,0.16717918482673422,1.0,False,IndexKey,Level,0.364696491040851
JavaInheritanceComposition,Level_Up,0.20557784571628765,0.16642116089842035,1.0,False,IndexKey,Level,0.36446227657303015
RFK_L4_R5,Level_Up,0.20553978119260882,0.16923121150761627,1.0,False,ReferenceKey,Level,0.3644318249540871
RFK_L4_R3,Level_Up,0.2054524661281258,0.16959909946239177,1.0,False,ReferenceKey,Level,0.36436197290250066
RFK_L1_R1,Level_Up,0.20531679420860707,0.16918753114528567,1.0,False,ReferenceKey,Level,0.3642534353668857
RFK_L2_R1,Level_Up,0.2053123533554023,0.1691899482897787,1.0,False,ReferenceKey,Level,0.36424988268432185
_:b98,Stash,0.22596865449465392,0.15261126594642077,0.9172442572270822,False,ClassAtom,Reward,0.36422377504113956
_:b252,Stash,0.22584719214374452,0.15261113613263805,0.9172442572270822,False,ClassAtom,Reward,0.36412660516041206
RFK_L4_R4,Level_Up,0.20513872702475414,0.16957285658846152,1.0,False,ReferenceKey,Level,0.3641109816198033
JavaSingleInheritance,Level_Up,0.20512050540342125,0.16684964049144527,1.0,False,IndexKey,Level,0.36409640432273704
IK_GE_Motrain,Level_Up,0.20507965349294635,0.16687041333131092,1.0,False,IndexKey,Level,0.3640637227943571
JavaExtend,Level_Up,0.20506715071929532,0.1668767715355879,1.0,False,IndexKey,Level,0.3640537205754363
TaskJavaClassesMethod,Level_Up,0.20505169947349966,0.16688462958879421,1.0,False,IndexKey,Level,0.36404135957879974
JavaStatic,Level_Up,0.205045683038116,0.16688768949881347,1.0,False,IndexKey,Level,0.3640365464304928
JavaThis,Level_Up,0.20504275421569557,0.16688917909964096,1.0,False,IndexKey,Level,0.3640342033725565
JavaConstructors,Level_Up,0.20504156183630956,0.16688978554932227,1.0,False,IndexKey,Level,0.3640332494690477
TaskJavaClassesObjects,Level_Up,0.20503163339994596,0.16689483530590732,1.0,False,IndexKey,Level,0.3640253067199568
JavaAccessModifiers,Level_Up,0.20502761115619048,0.16689688113629042,1.0,False,IndexKey,Level,0.3640220889249524
JavaPackages,Level_Up,0.20502590831153517,0.16689774726223827,1.0,False,IndexKey,Level,0.36402072664922813
JavaArrayOfInstances,Level_Up,0.2050251877747026,0.16689811375398514,1.0,False,IndexKey,Level,0.3640201502197621
JavaClassInstance,Level_Up,0.2050248827761545,0.1668982688878591,1.0,False,IndexKey,Level,0.3640199062209236
JavaStrings,Level_Up,0.205007750872517,0.1669069831188105,1.0,False,IndexKey,Level,0.3640062006980136
JavaSuper,Level_Up,0.20487600571979386,0.16677306830113178,1.0,False,IndexKey,Level,0.3639008045758351
JavaIf,Level_Up,0.2048597172725654,0.16698230503572292,1.0,False,IndexKey,Level,0.3638877738180524
taskJavaBasics,Level_Up,0.20464833889269723,0.1670899009355821,1.0,False,IndexKey,Level,0.3637186711141578
RFK_L4_R2,Level_Up,0.20463655562721345,0.16985212180197104,1.0,False,ReferenceKey,Level,0.3637092445017708
JavaForWhile,Level_Up,0.20461613602367823,0.16710627434109981,1.0,False,IndexKey,Level,0.3636929088189426
RF_GE_Motrain,Level_Up,0.2045876378621926,0.16987937025035135,1.0,False,ReferenceKey,Level,0.3636701102897541
JavaMultiInheritance,Level_Up,0.20458021012056596,0.16692167489724707,1.0,False,IndexKey,Level,0.3636641680964528
RFK_L4_R1,Level_Up,0.20457271488556192,0.16988768363765627,1.0,False,ReferenceKey,Level,0.36365817190844957
RFK_L3_R5,Level_Up,0.20455458904800908,0.16989778186505483,1.0,False,ReferenceKey,Level,0.3636436712384073
RFK_L3_R4,Level_Up,0.20454676348857373,0.16990210977576692,1.0,False,ReferenceKey,Level,0.363637410790859
RFK_L3_R3,Level_Up,0.20454372081357083,0.1699038050107248,1.0,False,ReferenceKey,Level,0.3636349766508567
RFK_L3_R2,Level_Up,0.20454225142106525,0.16990465573445362,1.0,False,ReferenceKey,Level,0.36363380113685223
RFK_L3_R1,Level_Up,0.20454163047189935,0.16990495364002453,1.0,False,ReferenceKey,Level,0.3636333043775195
RFK_L2_R6,Level_Up,0.20453037949644912,0.1699112383708734,1.0,False,ReferenceKey,Level,0.3636243035971593
RFK_L2_R5,Level_Up,0.20452557801150634,0.16991391368927802,1.0,False,ReferenceKey,Level,0.3636204624092051
RFK_L2_R4,Level_Up,0.20452355572130268,0.16991507253518837,1.0,False,ReferenceKey,Level,0.3636188445770422
RFK_L2_R3,Level_Up,0.20452268260348686,0.1699155269901809,1.0,False,ReferenceKey,Level,0.36361814608278953
RFK_L2_R2,Level_Up,0.2045223301263624,0.1699157554308327,1.0,False,ReferenceKey,Level,0.3636178641010899
RFK_L1_R2,Level_Up,0.20450196126033754,0.16992707324099623,1.0,False,ReferenceKey,Level,0.36360156900827006
JavaArrays,Level_Up,0.20436031689436884,0.16723666043577176,1.0,False,IndexKey,Level,0.3634882535154951
_:b90,Stash,0.22500288358892231,0.1530435586439711,0.9172442572270822,False,ClassAtom,Reward,0.3634511583165543
JavaArithmeticOperations,Level_Up,0.20413878953029713,0.16757669258141694,1.0,False,IndexKey,Level,0.3633110316242377
JavaFiles,Level_Up,0.20413878953029713,0.16757669258141694,1.0,False,IndexKey,Level,0.3633110316242377
JavaFX,Level_Up,0.20413878953029713,0.16757669258141694,1.0,False,IndexKey,Level,0.3633110316242377
JavaEventTypes,Level_Up,0.20413878953029713,0.16757669258141694,1.0,False,IndexKey,Level,0.3633110316242377
JavaEvents,Level_Up,0.20413878953029713,0.16757669258141694,1.0,False,IndexKey,Level,0.3633110316242377
JavaExceptions,Level_Up,0.20413878953029713,0.16757669258141694,1.0,False,IndexKey,Level,0.3633110316242377
JavaDelimiters,Level_Up,0.20413878953029713,0.16757669258141694,1.0,False,IndexKey,Level,0.3633110316242377
JavaEventListener,Level_Up,0.20413878953029713,0.16757669258141694,1.0,False,IndexKey,Level,0.3633110316242377
JavaExceptionTypes,Level_Up,0.20413878953029713,0.16757669258141694,1.0,False,IndexKey,Level,0.3633110316242377
TaskJavaGUI,Level_Up,0.20413878953029713,0.16757669258141694,1.0,False,IndexKey,Level,0.3633110316242377
JavaTryCatch,Level_Up,0.20413878953029713,0.16757669258141694,1.0,False,IndexKey,Level,0.3633110316242377
JavaOverloading,Level_Up,0.20413878953029713,0.16757669258141694,1.0,False,IndexKey,Level,0.3633110316242377
TaskJavaExceptions,Level_Up,0.20413878953029713,0.16757669258141694,1.0,False,IndexKey,Level,0.3633110316242377
JavaOverloadedConstructors,Level_Up,0.20413878953029713,0.16757669258141694,1.0,False,IndexKey,Level,0.3633110316242377
JavaTaskEventHandlerListener,Level_Up,0.20413878953029713,0.16757669258141694,1.0,False,IndexKey,Level,0.3633110316242377
JavaGUIElements,Level_Up,0.20413878953029713,0.16757669258141694,1.0,False,IndexKey,Level,0.3633110316242377
JavaGUILinkedScreens,Level_Up,0.20413878953029713,0.16757669258141694,1.0,False,IndexKey,Level,0.3633110316242377
JavaIOStreams,Level_Up,0.20413878953029713,0.16757669258141694,1.0,False,IndexKey,Level,0.3633110316242377
TaskJavaPolymorphism,Level_Up,0.20413878953029713,0.16757669258141694,1.0,False,IndexKey,Level,0.3633110316242377
JavaArgumentsParameters,Level_Up,0.20413878953029713,0.16757669258141694,1.0,False,IndexKey,Level,0.3633110316242377
JavaOverriding,Level_Up,0.20413878953029713,0.16757669258141694,1.0,False,IndexKey,Level,0.3633110316242377
_:b248,Stash,0.2248180373048104,0.1528906309969907,0.9172442572270822,False,ClassAtom,Reward,0.3633032812892648
_:b66,Stash,0.2248180373048104,0.1528906309969907,0.9172442572270822,False,ClassAtom,Reward,0.3633032812892648
_:b278,Stash,0.2248180373048104,0.1528906309969907,0.9172442572270822,False,ClassAtom,Reward,0.3633032812892648
_:b77,Stash,0.2248180373048104,0.1528906309969907,0.9172442572270822,False,ClassAtom,Reward,0.3633032812892648
_:b267,Stash,0.2248180373048104,0.1528906309969907,0.9172442572270822,False,ClassAtom,Reward,0.3633032812892648
_:b211,Stash,0.22481803134434591,0.15289062134140843,0.9172442572270822,False,ClassAtom,Reward,0.3633032765208932
_:b140,Stash,0.22481803134434591,0.15289062134140843,0.9172442572270822,False,ClassAtom,Reward,0.3633032765208932
_:b120,Stash,0.22481803134434591,0.15289062134140843,0.9172442572270822,False,ClassAtom,Reward,0.3633032765208932
_:b202,Stash,0.22481803134434591,0.15289062134140843,0.9172442572270822,False,ClassAtom,Reward,0.3633032765208932
_:b111,Stash,0.22481803134434591,0.15289062134140843,0.9172442572270822,False,ClassAtom,Reward,0.3633032765208932
_:b222,Stash,0.22481803134434591,0.15289062134140843,0.9172442572270822,False,ClassAtom,Reward,0.3633032765208932
_:b129,Stash,0.22481803134434591,0.15289062134140843,0.9172442572270822,False,ClassAtom,Reward,0.3633032765208932
_:b88,Stash,0.22481802538388146,0.15289061168582668,0.9172442572270822,False,ClassAtom,Reward,0.36330327175252164
JavaStaticFunctions,Level_Up,0.20406912014701364,0.16738520026663387,1.0,False,IndexKey,Level,0.3632552961176109
JavaParentClass,Level_Up,0.20406423004715762,0.16738769661782174,1.0,False,IndexKey,Level,0.3632513840377261
RFK_L2_R7,Level_Up,0.20373263932935784,0.1703560513722529,1.0,False,ReferenceKey,Level,0.3629861114634863
RFK_L1_R3,Level_Up,0.20311605277547548,0.17033125712192526,1.0,False,ReferenceKey,Level,0.3624928422203804
RFK_L1_R4,Level_Up,0.2029926190833276,0.17039870673075203,1.0,False,ReferenceKey,Level,0.3623940952666621
RFK_L1_R5,Level_Up,0.2013698027889755,0.17097846708145462,1.0,False,ReferenceKey,Level,0.3610958422311804
_:b175,Stash,0.21917235064121687,0.15820278642225075,0.9172442572270822,False,unknown,Reward,0.35878673195838995
_:b164,Stash,0.21917235064121687,0.15820278642225075,0.9172442572270822,False,unknown,Reward,0.35878673195838995
Activity,Motrain,0.4469619001405908,0.27155415511253406,0.0,False,unknown,GameElementResource,0.35756952011247267
ImageObject,Stash,0.216911184503166,0.1254687388577704,0.9172442572270822,False,unknown,Reward,0.35697779904794924
_:b188,Stash,0.2166218591613779,0.15658915214320623,0.9172442572270822,False,Imp,Reward,0.3567463387745188
_:b235,Stash,0.2166218591613779,0.15658915214320623,0.9172442572270822,False,Imp,Reward,0.3567463387745188
_:b230,Stash,0.2166218591613779,0.15658915214320623,0.9172442572270822,False,Imp,Reward,0.3567463387745188
Task_about_Exception_Handling,Tiny_stash,0.43464267759271424,0.12215646681215626,0.0415518252487452,False,GamifiedResource,Reward,0.3560245071239204
Task_about_Input_and_Output_Streams,Tiny_stash,0.4341777924674338,0.12245940791358727,0.0415518252487452,False,GamifiedResource,Reward,0.3556525990236961
_:b174,Stash,0.21521808136094686,0.15410008278632922,0.9172442572270822,False,unknown,Reward,0.35562331653417395
_:b163,Stash,0.21521808136094686,0.15410008278632922,0.9172442572270822,False,unknown,Reward,0.35562331653417395
Events,Availability_Block_Game_by_level,0.44364803731680114,0.21923381362664246,0.0,False,GamifiedResource,Level,0.3549184298534409
Princeton_University,Stash,0.21275507447670475,0.17292945901161608,0.9172442572270822,False,EducationalInstitution,Reward,0.35365291102678026
Task_about_Event_Handler_and_Listener,Availability_Block_Game_by_level,0.44001421893733605,0.2121335176044411,0.0,False,GamifiedResource,Level,0.35201137514986885
gel,Tiny_stash,0.4294879341199442,0.3133547410869431,0.0415518252487452,False,Variable,Reward,0.3519007123457044
Visual,Level_Up,0.1883664751338877,0.13079079336092836,1.0,False,Class,Level,0.3506931801071102
Sensitive,Level_Up,0.1883664751338877,0.13079079336092836,1.0,False,Class,Level,0.3506931801071102
GE,Level_Up,0.18806419857499973,0.13786801242081562,1.0,False,Variable,Level,0.3504513588599998
ge,Level_Up,0.18800611797256805,0.13788758566339784,1.0,False,Variable,Level,0.35040489437805444
l1,Level_Up,0.187695904771532,0.14296427796034022,1.0,False,Variable,Level,0.3501567238172256
Array_of_instances,BLockGame,0.40418606097516596,0.147214772983349,0.12935257077791257,False,Resource,Badge,0.3492193629357153
Sequential,Level_Up,0.18643127722865108,0.12570066424917753,1.0,False,Class,Level,0.34914502178292084
Reflective,Level_Up,0.18643127722865108,0.12570066424917753,1.0,False,Class,Level,0.34914502178292084
l2,Level_Up,0.18626542430885545,0.13952387823312207,1.0,False,Variable,Level,0.3490123394470844
ReferenceKey1,Stash,0.20654155054633505,0.18000045485127983,0.9172442572270822,False,ReferenceKey,Reward,0.3486820918824845
EducationalTopic,Level_Up,0.1854275911401273,0.12977035678560903,1.0,False,Class,Level,0.34834207291210184
l,Tiny_stash,0.4243770913916872,0.3181790896678372,0.0415518252487452,False,Variable,Reward,0.3478120381630988
b,Tiny_stash,0.4240480399905796,0.3182675799127153,0.0415518252487452,False,Variable,Reward,0.34754879704221275
EducationalInstitution,Level_Up,0.18386162681050947,0.14292111941806107,1.0,False,unknown,Level,0.34708930144840755
hasPart,Tiny_stash,0.4233226216288788,0.31465240593264493,0.0415518252487452,False,unknown,Reward,0.34696846235285206
ExperiencePointsLeaderboard,Stash,0.20396390306711085,0.14798387779689537,0.9172442572270822,False,Class,Reward,0.34661997389910515
ip,Level_Up,0.1831367367271019,0.1426051641532629,1.0,False,Variable,Level,0.3465093893816815
pp,Level_Up,0.1831367367271019,0.1426051641532629,1.0,False,Variable,Level,0.3465093893816815
IK_GE_stash,Stash,0.20382488222605852,0.2081014989920761,0.9172442572270822,False,IndexKey,Reward,0.3465087572262633
UserAccount,Tiny_stash,0.4222768792871349,0.2875322113964209,0.0415518252487452,False,unknown,Reward,0.346131868479457
ExperiencePoints,Stash,0.20256619604493503,0.14869817968733665,0.9172442572270822,False,Class,Reward,0.34550180828136445
CompositeResource,Stash,0.2022082888813029,0.13087225567735933,0.9172442572270822,False,unknown,Reward,0.34521548255045875
System,Level_Up,0.18128425891412134,0.1314786865520759,1.0,False,unknown,Level,0.3450274071312971
hasSubSystem,Level_Up,0.18128425891412134,0.1314786865520759,1.0,False,unknown,Level,0.3450274071312971
additional-name,Level_Up,0.18127847848462975,0.13580624264597008,1.0,False,unknown,Level,0.3450227827877038
family-name,Level_Up,0.1812193952151406,0.13583276923124984,1.0,False,unknown,Level,0.34497551617211253
given-name,Level_Up,0.1811942815500393,0.13584403847990653,1.0,False,unknown,Level,0.3449554252400314
honorific-prefix,Level_Up,0.18118359851535373,0.13584881962314913,1.0,False,unknown,Level,0.34494687881228303
honorific-suffix,Level_Up,0.18117906707545434,0.13585087851069289,1.0,False,unknown,Level,0.3449432536603635
_:b34,Stash,0.2016645492476365,0.15339627929775582,0.9172442572270822,False,unknown,Reward,0.3447804908435257
_:b40,Stash,0.20162772721112243,0.1534060444814017,0.9172442572270822,False,unknown,Reward,0.34475103321431444
has_owner,Stash,0.20161215413527925,0.12692411776377124,0.9172442572270822,False,unknown,Reward,0.3447385747536399
used,Stash,0.20161215413527925,0.12692411776377124,0.9172442572270822,False,unknown,Reward,0.3447385747536399
about_modify,Stash,0.20161215413527925,0.12692411776377124,0.9172442572270822,False,unknown,Reward,0.3447385747536399
was_generated_by,Stash,0.20161215413527925,0.12692411776377124,0.9172442572270822,False,unknown,Reward,0.3447385747536399
is_processed_by,Stash,0.20161215413527925,0.12692411776377124,0.9172442572270822,False,unknown,Reward,0.3447385747536399
ObservableProperty,Stash,0.20161215413527925,0.12692411776377124,0.9172442572270822,False,unknown,Reward,0.3447385747536399
has_parent,Stash,0.20161215413527925,0.12692411776377124,0.9172442572270822,False,unknown,Reward,0.3447385747536399
Sampler,Stash,0.20161215413527925,0.12692411776377124,0.9172442572270822,False,unknown,Reward,0.3447385747536399
DeleteResourceActivity,Stash,0.20161215413527925,0.12692411776377124,0.9172442572270822,False,unknown,Reward,0.3447385747536399
indexed_by,Stash,0.20161215413527925,0.12692411776377124,0.9172442572270822,False,unknown,Reward,0.3447385747536399
ReflexiveProperty,Stash,0.20161215413527925,0.12692411776377124,0.9172442572270822,False,unknown,Reward,0.3447385747536399
CreateUser,Stash,0.20161215413527925,0.12692411776377124,0.9172442572270822,False,unknown,Reward,0.3447385747536399
has_actor,Stash,0.20161215413527925,0.12692411776377124,0.9172442572270822,False,unknown,Reward,0.3447385747536399
_:b55,Stash,0.20161215413527925,0.12692411776377124,0.9172442572270822,False,unknown,Reward,0.3447385747536399
adr,Stash,0.20161215413527925,0.12692411776377124,0.9172442572270822,False,unknown,Reward,0.3447385747536399
has_moderator,Stash,0.20161215413527925,0.12692411776377124,0.9172442572270822,False,unknown,Reward,0.3447385747536399
shared_by,Stash,0.20161215413527925,0.12692411776377124,0.9172442572270822,False,unknown,Reward,0.3447385747536399
create_organization,Stash,0.20161215413527925,0.12692411776377124,0.9172442572270822,False,unknown,Reward,0.3447385747536399
has_member,Stash,0.20161215413527925,0.12692411776377124,0.9172442572270822,False,unknown,Reward,0.3447385747536399
has_creator,Stash,0.20161215413527925,0.12692411776377124,0.9172442572270822,False,unknown,Reward,0.3447385747536399
CreateResourceActivity,Stash,0.20161215413527925,0.12692411776377124,0.9172442572270822,False,unknown,Reward,0.3447385747536399
_:b46,Stash,0.20161209639046973,0.15341024150135119,0.9172442572270822,False,unknown,Reward,0.34473852855779225
_:b51,Stash,0.20160544016357257,0.15341200621821952,0.9172442572270822,False,unknown,Reward,0.3447332035762745
bonus,Level_Up,0.18072128037632415,0.13530826038278965,1.0,False,unknown,Level,0.3445770243010593
Objective,Tiny_stash,0.4202685202722276,0.32735943070173273,0.0415518252487452,False,Class,Reward,0.3445251812675311
_:b28,Stash,0.2010845037073113,0.15371565170789767,0.9172442572270822,False,unknown,Reward,0.34431645441126546
offersCourse,Level_Up,0.1802183398156212,0.15685143127387777,1.0,False,TransitiveProperty,Level,0.34417467185249695
_:b54,Stash,0.20061755975697312,0.15383740817415317,0.9172442572270822,False,unknown,Reward,0.34394289925099497
_:b20,Stash,0.20061755975697312,0.15383740817415317,0.9172442572270822,False,unknown,Reward,0.34394289925099497
hasTargetAudience,Level_Up,0.17988217200834614,0.15686403855554248,1.0,False,ObjectProperty,Level,0.3439057376066769
_:b29,Level_Up,0.17935723667676592,0.14449615786545894,1.0,False,Restriction,Level,0.3434857893414127
_:b22,Stash,0.1998087965700616,0.1542271846787375,0.9172442572270822,False,unknown,Reward,0.34329588870146577
check if gr has bonus then voluntary,Level_Up,0.17906341496978379,0.13621584508160417,1.0,False,unknown,Level,0.343250731975827
_:b35,Level_Up,0.17865923457734967,0.14500245023607766,1.0,False,Restriction,Level,0.34292738766187975
_:b41,Level_Up,0.17864591303945904,0.14500747421512758,1.0,False,Restriction,Level,0.34291673043156723
_:b47,Level_Up,0.17864025815609452,0.14500963021262386,1.0,False,Restriction,Level,0.34291220652487564
_:b52,Level_Up,0.1786378480855052,0.1450105365685003,1.0,False,Restriction,Level,0.34291027846840416
_:b186,Stash,0.19870865692750628,0.1547030999672574,0.9172442572270822,False,unknown,Reward,0.3424157769874215
_:b232,Stash,0.1984713600145666,0.14869761465711767,0.9172442572270822,False,AtomList,Reward,0.34222593945706975
_:b236,Stash,0.1984713600145666,0.14869761465711767,0.9172442572270822,False,AtomList,Reward,0.34222593945706975
_:b237,Stash,0.1984713600145666,0.14869761465711767,0.9172442572270822,False,AtomList,Reward,0.34222593945706975
_:b231,Stash,0.1984713600145666,0.14869761465711767,0.9172442572270822,False,AtomList,Reward,0.34222593945706975
_:b190,Stash,0.1984713600145666,0.14869761465711767,0.9172442572270822,False,AtomList,Reward,0.34222593945706975
_:b53,Stash,0.1983336865855467,0.15051400100343118,0.9172442572270822,False,unknown,Reward,0.34211580071385383
_:b19,Stash,0.1983336865855467,0.15051400100343118,0.9172442572270822,False,unknown,Reward,0.34211580071385383
_:b247,Stash,0.19828671957554048,0.14878377747132668,0.9172442572270822,False,AtomList,Reward,0.34207822710584884
_:b76,Stash,0.19828671957554048,0.14878377747132668,0.9172442572270822,False,AtomList,Reward,0.34207822710584884
_:b277,Stash,0.19828671957554048,0.14878377747132668,0.9172442572270822,False,AtomList,Reward,0.34207822710584884
_:b65,Stash,0.19828671957554048,0.14878377747132668,0.9172442572270822,False,AtomList,Reward,0.34207822710584884
_:b110,Stash,0.19828671957554048,0.14878377747132668,0.9172442572270822,False,AtomList,Reward,0.34207822710584884
_:b87,Stash,0.19828671957554048,0.14878377747132668,0.9172442572270822,False,AtomList,Reward,0.34207822710584884
_:b119,Stash,0.19828671957554048,0.14878377747132668,0.9172442572270822,False,AtomList,Reward,0.34207822710584884
_:b242,Stash,0.19828671957554048,0.14878377747132668,0.9172442572270822,False,AtomList,Reward,0.34207822710584884
_:b150,Stash,0.19828671957554048,0.14878377747132668,0.9172442572270822,False,AtomList,Reward,0.34207822710584884
_:b241,Stash,0.19828671957554048,0.14878377747132668,0.9172442572270822,False,AtomList,Reward,0.34207822710584884
_:b201,Stash,0.19828671957554048,0.14878377747132668,0.9172442572270822,False,AtomList,Reward,0.34207822710584884
_:b157,Stash,0.19828671957554048,0.14878377747132668,0.9172442572270822,False,AtomList,Reward,0.34207822710584884
_:b266,Stash,0.19828671957554048,0.14878377747132668,0.9172442572270822,False,AtomList,Reward,0.34207822710584884
_:b168,Stash,0.19828671957554048,0.14878377747132668,0.9172442572270822,False,AtomList,Reward,0.34207822710584884
_:b179,Stash,0.19828671957554048,0.14878377747132668,0.9172442572270822,False,AtomList,Reward,0.34207822710584884
_:b26,Stash,0.19811364765847575,0.15105600838504465,0.9172442572270822,False,unknown,Reward,0.34193976957219707
_:b21,Stash,0.19799639314279646,0.15059346724681563,0.9172442572270822,False,unknown,Reward,0.34184596595965366
_:b32,Stash,0.19790646420552074,0.15110031250172606,0.9172442572270822,False,unknown,Reward,0.34177402280983304
PerceptionPole,Tiny_stash,0.4167904835864552,0.33069563848477057,0.0415518252487452,False,Class,Reward,0.34174275191891323
InputPole,Tiny_stash,0.4167904835864552,0.33069563848477057,0.0415518252487452,False,Class,Reward,0.34174275191891323
_:b38,Stash,0.19781851765310698,0.15111922043474496,0.9172442572270822,False,unknown,Reward,0.34170366556790205
_:b44,Stash,0.19778114925276796,0.15112727948031246,0.9172442572270822,False,unknown,Reward,0.34167377084763084
_:b49,Stash,0.19776525706481343,0.15113069350879216,0.9172442572270822,False,unknown,Reward,0.34166105709726724
RF_GE_STash,Stash,0.19761216192535294,0.21462620999289958,0.9172442572270822,False,ReferenceKey,Reward,0.3415385809856988
isMoreExpertThan,Level_Up,0.17679969965446635,0.14137768706391682,1.0,False,ObjectProperty,Level,0.3414397597235731
demo_GR2,BLockGame,0.3944284417234094,0.13857429327328258,0.12935257077791257,False,GamifiedResource,Badge,0.34141326753431006
demo_GR1,BLockGame,0.3944284417234094,0.13857429327328258,0.12935257077791257,False,GamifiedResource,Badge,0.34141326753431006
effectively_use_the_built-in_data_types,Stash,0.19744327848171875,0.16301975266822263,0.9172442572270822,False,PedagogicalObjective,Reward,0.3414034742307914
recognizing_the_properties_of_the_built-in_data_types,Stash,0.19744327848171875,0.16301975266822263,0.9172442572270822,False,PedagogicalObjective,Reward,0.3414034742307914
PO1,Stash,0.19744327848171875,0.16301975266822263,0.9172442572270822,False,PedagogicalObjective,Reward,0.3414034742307914
_:b43,Stash,0.19742724727206978,0.15545751895917562,0.9172442572270822,False,unknown,Reward,0.3413906492630723
_:b106,Stash,0.19739542888419437,0.15546525452694057,0.9172442572270822,False,unknown,Reward,0.3413651945527719
Kind,Level_Up,0.17657902800126704,0.12962587321154306,1.0,False,unknown,Level,0.34126322240101364
contains_forum_post,Stash,0.19655654478258694,0.15006749479265974,0.9172442572270822,False,unknown,Reward,0.340694087271486
Intermediate,Level_Up,0.17537648344652393,0.13563969180081126,1.0,False,Experience,Level,0.34030118675721915
fgiasson,Level_Up,0.17537648344652393,0.13563969180081126,1.0,False,Agent,Level,0.34030118675721915
achiever,Level_Up,0.17537648344652393,0.13563969180081126,1.0,False,NamedIndividual|_:b15,Level,0.34030118675721915
explorer,Level_Up,0.17537648344652393,0.13563969180081126,1.0,False,NamedIndividual|_:b16,Level,0.34030118675721915
visual,Level_Up,0.17537648344652393,0.13563969180081126,1.0,False,InputPole,Level,0.34030118675721915
Access_Resource_No.340,Level_Up,0.17537648344652393,0.13563969180081126,1.0,False,AccessResourceActivity,Level,0.34030118675721915
socializer,Level_Up,0.17537648344652393,0.13563969180081126,1.0,False,NamedIndividual|_:b18,Level,0.34030118675721915
philanthropest,Level_Up,0.17537648344652393,0.13563969180081126,1.0,False,NamedIndividual|_:b17,Level,0.34030118675721915
_:b139,Stash,0.1959053575050016,0.14485365087375843,0.9172442572270822,False,AtomList,Reward,0.34017313744941774
_:b128,Stash,0.1959053575050016,0.14485365087375843,0.9172442572270822,False,AtomList,Reward,0.34017313744941774
_:b149,Stash,0.1959053575050016,0.14485365087375843,0.9172442572270822,False,AtomList,Reward,0.34017313744941774
_:b210,Stash,0.1959053575050016,0.14485365087375843,0.9172442572270822,False,AtomList,Reward,0.34017313744941774
_:b221,Stash,0.1959053575050016,0.14485365087375843,0.9172442572270822,False,AtomList,Reward,0.34017313744941774
leçon 2 du cours Programmation Orientée Objet,Stash,0.1958055032173442,0.16824177656660408,0.9172442572270822,False,unknown,Reward,0.3400932540192918
DataTypes,Stash,0.19575830525061716,0.18403182260490816,0.9172442572270822,False,IndexKey,Reward,0.3400554956459102
has_preLesson,Level_Up,0.17505228039511755,0.13566270285636914,1.0,False,ObjectProperty,Level,0.3400418243160941
_:b185,Stash,0.19563834174031478,0.151608034127625,0.9172442572270822,False,unknown,Reward,0.3399595248376683
Expert,Stash,0.19559931096086722,0.161260263207268,0.9172442572270822,False,GamificationExperience,Reward,0.33992830021411025
stringEqualIgnoreCase,Tiny_stash,0.41444765954193885,0.3244813413833441,0.0415518252487452,False,unknown,Reward,0.3398684926833001
equal,Tiny_stash,0.41439484136796406,0.3244983795882194,0.0415518252487452,False,unknown,Reward,0.3398262381441203
has_bag,Stash,0.19516965415246887,0.14702230145321296,0.9172442572270822,False,unknown,Reward,0.33958457476739157
_:b23,Stash,0.19512877587274138,0.14403444766426615,0.9172442572270822,False,unknown,Reward,0.3395518721436096
_:b31,Stash,0.1950147752483135,0.14771167900808682,0.9172442572270822,False,unknown,Reward,0.33946067164406724
_:b37,Stash,0.1944273699744136,0.15240306987435598,0.9172442572270822,False,unknown,Reward,0.33899074742494734
_:b105,Stash,0.19435236544530735,0.15241956088297176,0.9172442572270822,False,unknown,Reward,0.3389307438016623
demo_GR2,Tiny_stash,0.41327018008594596,0.22441533604500552,0.0415518252487452,False,GamifiedResource,Reward,0.3389265091185058
demo_GR1,Tiny_stash,0.41327018008594596,0.22441533604500552,0.0415518252487452,False,GamifiedResource,Reward,0.3389265091185058
Beginner,Stash,0.19391915177916147,0.16110278330514882,0.9172442572270822,False,GamificationExperience,Reward,0.33858417286874565
_:b189,Stash,0.1939049972148898,0.14126821494642977,0.9172442572270822,False,AtomList,Reward,0.33857284921732833
_:b25,Stash,0.19389699033888572,0.14453930243261567,0.9172442572270822,False,unknown,Reward,0.338566443716525
n,Stash,0.19389166216165377,0.14420785800722152,0.9172442572270822,False,unknown,Reward,0.33856218117473946
_:b200,Stash,0.19371958715530394,0.141350837738232,0.9172442572270822,False,AtomList,Reward,0.3384245211696596
_:b118,Stash,0.19371958715530394,0.141350837738232,0.9172442572270822,False,AtomList,Reward,0.3384245211696596
_:b75,Stash,0.19371958715530394,0.141350837738232,0.9172442572270822,False,AtomList,Reward,0.3384245211696596
_:b86,Stash,0.19371958715530394,0.141350837738232,0.9172442572270822,False,AtomList,Reward,0.3384245211696596
_:b167,Stash,0.19371958715530394,0.141350837738232,0.9172442572270822,False,AtomList,Reward,0.3384245211696596
_:b246,Stash,0.19371958715530394,0.141350837738232,0.9172442572270822,False,AtomList,Reward,0.3384245211696596
_:b127,Stash,0.19371958715530394,0.141350837738232,0.9172442572270822,False,AtomList,Reward,0.3384245211696596
_:b138,Stash,0.19371958715530394,0.141350837738232,0.9172442572270822,False,AtomList,Reward,0.3384245211696596
_:b156,Stash,0.19371958715530394,0.141350837738232,0.9172442572270822,False,AtomList,Reward,0.3384245211696596
_:b178,Stash,0.19371958715530394,0.141350837738232,0.9172442572270822,False,AtomList,Reward,0.3384245211696596
_:b276,Stash,0.19371958715530394,0.141350837738232,0.9172442572270822,False,AtomList,Reward,0.3384245211696596
_:b220,Stash,0.19371958715530394,0.141350837738232,0.9172442572270822,False,AtomList,Reward,0.3384245211696596
_:b265,Stash,0.19371958715530394,0.141350837738232,0.9172442572270822,False,AtomList,Reward,0.3384245211696596
_:b64,Stash,0.19371958715530394,0.141350837738232,0.9172442572270822,False,AtomList,Reward,0.3384245211696596
_:b209,Stash,0.19371958715530394,0.141350837738232,0.9172442572270822,False,AtomList,Reward,0.3384245211696596
_:b109,Stash,0.19371958715530394,0.141350837738232,0.9172442572270822,False,AtomList,Reward,0.3384245211696596
Lesson,Tiny_stash,0.410599868504222,0.3275521929620267,0.0415518252487452,False,unknown,Reward,0.3367902598531266
Availability_Block_Game_by_level,Level_Up,0.16961003108939557,0.1330933099589573,1.0,False,Level,Level,0.3356880248715165
Audience,Tiny_stash,0.40875129422042067,0.33668768495930373,0.0415518252487452,False,Class,Reward,0.3353114004260856
GE_TinyStash,Level_Up,0.16872739693739422,0.13564938750465586,1.0,False,ReferenceKey,Level,0.33498191754991535
Delimiters,Availability_Block_Game_by_level,0.4185211639289047,0.18546455863712089,0.0,False,GamifiedResource,Level,0.3348169311431238
Overloaded_constructors,Availability_Block_Game_by_level,0.41842833608697755,0.1854252011461545,0.0,False,GamifiedResource,Level,0.33474266886958204
Adam_Phil,Stash,0.18889085184064985,0.18009793864362209,0.9172442572270822,False,UserAccount,Reward,0.33456153291793633
Block_Game,Level_Up,0.16730695847293572,0.13562300627939158,1.0,False,GameElementResource,Level,0.3338455667783486
Quizventure,Level_Up,0.16730695847293572,0.13562300627939158,1.0,False,GameElementResource,Level,0.3338455667783486
Interactive_Content_–_H5P,Level_Up,0.16730695847293572,0.13562300627939158,1.0,False,GameElementResource,Level,0.3338455667783486
Game,Level_Up,0.16730695847293572,0.13562300627939158,1.0,False,GameElementResource,Level,0.3338455667783486
_:b8,Level_Up,0.1668618621764842,0.142331621982989,1.0,False,Class,Level,0.33348948974118736
minQualifiedCardinality,Level_Up,0.16685618132584107,0.13554503778211596,1.0,False,AnnotationProperty,Level,0.33348494506067283
identifier,Level_Up,0.16685618132584107,0.13554503778211596,1.0,False,AnnotationProperty,Level,0.33348494506067283
id,Level_Up,0.16685618132584107,0.13554503778211596,1.0,False,AnnotationProperty,Level,0.33348494506067283
has_usergroup,Level_Up,0.16685618132584107,0.13554503778211596,1.0,False,AnnotationProperty,Level,0.33348494506067283
member_of,Level_Up,0.16685618132584107,0.13554503778211596,1.0,False,AnnotationProperty,Level,0.33348494506067283
age,Level_Up,0.16685618132584107,0.13554503778211596,1.0,False,AnnotationProperty,Level,0.33348494506067283
isbn,Level_Up,0.16685618132584107,0.13554503778211596,1.0,False,AnnotationProperty,Level,0.33348494506067283
isRuleEnabled,Level_Up,0.16685618132584107,0.13554503778211596,1.0,False,AnnotationProperty,Level,0.33348494506067283
UserAccount,BLockGame,0.38446384589533783,0.2178789267884772,0.12935257077791257,False,unknown,Badge,0.33344159087185277
Arrays,Availability_Block_Game_by_level,0.4162352329047357,0.18531009392079323,0.0,False,GamifiedResource,Level,0.33298818632378857
Sara_12,Stash,0.18592645738563524,0.1798310705188887,0.9172442572270822,False,UserAccount,Reward,0.3321900173539246
resource_340,Level_Up,0.164944857091984,0.1350496215297509,1.0,False,NamedIndividual,Level,0.33195588567358725
Fellowship,Level_Up,0.164944857091984,0.1350496215297509,1.0,False,NamedIndividual,Level,0.33195588567358725
Error3,Level_Up,0.1647526509070742,0.13691359458785213,1.0,False,Class,Level,0.3318021207256594
_:b11,Level_Up,0.1647526509070742,0.13691359458785213,1.0,False,Class,Level,0.3318021207256594
_:b272,Stash,0.18466471351430505,0.15507456549451423,0.9172442572270822,False,AtomList,Reward,0.3311806222568605
Error1,Tiny_stash,0.40345244762272925,0.3379961588523846,0.0415518252487452,False,Class,Reward,0.33107232314793245
pageStart,Stash,0.18445811499958906,0.14892035988997765,0.9172442572270822,False,AnnotationProperty,Reward,0.3310153434450877
_:b103,Stash,0.18410383586072884,0.15550942568324302,0.9172442572270822,False,AtomList,Reward,0.33073192013399955
_:b259,Stash,0.18409706401887183,0.15551151490229137,0.9172442572270822,False,AtomList,Reward,0.33072650266051395
Task_about_Java_Basics,Availability_Block_Game_by_level,0.41336516135916507,0.16126493620618088,0.0,False,GamifiedResource,Level,0.3306921290873321
bonusPoints,Level_Up,0.1632111946139802,0.13757880924317378,1.0,False,BonusPoints,Level,0.33056895569118416
_:b194,Stash,0.1838871417328894,0.15557673237303643,0.9172442572270822,False,AtomList,Reward,0.33055856483172796
_:b123,Stash,0.18385330953558982,0.1555872648441472,0.9172442572270822,False,AtomList,Reward,0.33053149907388835
_:b114,Stash,0.18385330953558982,0.1555872648441472,0.9172442572270822,False,AtomList,Reward,0.33053149907388835
_:b225,Stash,0.18385330953558982,0.1555872648441472,0.9172442572270822,False,AtomList,Reward,0.33053149907388835
_:b132,Stash,0.18385330953558982,0.1555872648441472,0.9172442572270822,False,AtomList,Reward,0.33053149907388835
_:b281,Stash,0.18385330953558982,0.1555872648441472,0.9172442572270822,False,AtomList,Reward,0.33053149907388835
_:b205,Stash,0.18385330953558982,0.1555872648441472,0.9172442572270822,False,AtomList,Reward,0.33053149907388835
_:b183,Stash,0.18385330953558982,0.1555872648441472,0.9172442572270822,False,AtomList,Reward,0.33053149907388835
_:b161,Stash,0.18385330953558982,0.1555872648441472,0.9172442572270822,False,AtomList,Reward,0.33053149907388835
_:b172,Stash,0.18385330953558982,0.1555872648441472,0.9172442572270822,False,AtomList,Reward,0.33053149907388835
_:b80,Stash,0.18385330953558982,0.1555872648441472,0.9172442572270822,False,AtomList,Reward,0.33053149907388835
_:b214,Stash,0.18385330953558982,0.1555872648441472,0.9172442572270822,False,AtomList,Reward,0.33053149907388835
_:b69,Stash,0.18385330953558982,0.1555872648441472,0.9172442572270822,False,AtomList,Reward,0.33053149907388835
_:b143,Stash,0.18385330953558982,0.1555872648441472,0.9172442572270822,False,AtomList,Reward,0.33053149907388835
_:b152,Stash,0.18374584575134267,0.15553050688468925,0.9172442572270822,False,AtomList,Reward,0.33044552804649063
_:b228,Stash,0.18374584575134267,0.15553050688468925,0.9172442572270822,False,AtomList,Reward,0.33044552804649063
_:b146,Stash,0.18374584575134267,0.15553050688468925,0.9172442572270822,False,AtomList,Reward,0.33044552804649063
_:b135,Stash,0.18374584575134267,0.15553050688468925,0.9172442572270822,False,AtomList,Reward,0.33044552804649063
_:b217,Stash,0.18374584575134267,0.15553050688468925,0.9172442572270822,False,AtomList,Reward,0.33044552804649063
Exception_Types,Availability_Block_Game_by_level,0.4129669006479511,0.1863093582051128,0.0,False,GamifiedResource,Level,0.3303735205183609
Event_Types,Availability_Block_Game_by_level,0.41289863355139056,0.18714005852485655,0.0,False,GamifiedResource,Level,0.3303189068411125
hasName,Level_Up,0.1626480494599658,0.15329803490626287,1.0,False,DatatypeProperty,Level,0.33011843956797265
TaskJavaInheritance,Stash,0.18310013812053622,0.18191158577729238,0.9172442572270822,False,IndexKey,Reward,0.3299289619418454
_:b257,Stash,0.18304076925737653,0.15095451753190184,0.9172442572270822,False,AtomList,Reward,0.3298814668513177
contain_resource,Level_Up,0.1623110140931125,0.15326109497868703,1.0,False,ObjectProperty,Level,0.32984881127449
isComposedOf,Level_Up,0.16231099621171907,0.1532610571807355,1.0,False,ObjectProperty,Level,0.3298487969693753
RFK_GE_TinyStash,Stash,0.18212812034392484,0.18057748900102322,0.9172442572270822,False,ReferenceKey,Reward,0.3291513477205563
_:b101,Stash,0.18172336530299663,0.15190584926370573,0.9172442572270822,False,AtomList,Reward,0.32882754368781375
RFK_L3_R6,Stash,0.18168492433265535,0.18042570426088228,0.9172442572270822,False,ReferenceKey,Reward,0.32879679091154074
RFK_L4_R7,Stash,0.181680996960558,0.18042739314686893,0.9172442572270822,False,ReferenceKey,Reward,0.3287936490138629
RF_GE_BloackGame,Stash,0.18152555830166958,0.18049428078438312,0.9172442572270822,False,ReferenceKey,Reward,0.32866929808675216
_:b255,Stash,0.1814981781023019,0.1472959865634223,0.9172442572270822,False,AtomList,Reward,0.32864739392725795
_:b270,Stash,0.1814743403006597,0.15197956556477613,0.9172442572270822,False,AtomList,Reward,0.3286283236859442
_:b192,Stash,0.18144556270635648,0.15188836502619724,0.9172442572270822,False,AtomList,Reward,0.3286053016105016
_:b159,Stash,0.1813661551756331,0.15191234072861268,0.9172442572270822,False,AtomList,Reward,0.3285417755859229
_:b223,Stash,0.1813661551756331,0.15191234072861268,0.9172442572270822,False,AtomList,Reward,0.3285417755859229
_:b67,Stash,0.1813661551756331,0.15191234072861268,0.9172442572270822,False,AtomList,Reward,0.3285417755859229
_:b279,Stash,0.1813661551756331,0.15191234072861268,0.9172442572270822,False,AtomList,Reward,0.3285417755859229
_:b78,Stash,0.1813661551756331,0.15191234072861268,0.9172442572270822,False,AtomList,Reward,0.3285417755859229
_:b121,Stash,0.1813661551756331,0.15191234072861268,0.9172442572270822,False,AtomList,Reward,0.3285417755859229
_:b112,Stash,0.1813661551756331,0.15191234072861268,0.9172442572270822,False,AtomList,Reward,0.3285417755859229
_:b203,Stash,0.1813661551756331,0.15191234072861268,0.9172442572270822,False,AtomList,Reward,0.3285417755859229
_:b130,Stash,0.1813661551756331,0.15191234072861268,0.9172442572270822,False,AtomList,Reward,0.3285417755859229
_:b181,Stash,0.1813661551756331,0.15191234072861268,0.9172442572270822,False,AtomList,Reward,0.3285417755859229
_:b212,Stash,0.1813661551756331,0.15191234072861268,0.9172442572270822,False,AtomList,Reward,0.3285417755859229
_:b170,Stash,0.1813661551756331,0.15191234072861268,0.9172442572270822,False,AtomList,Reward,0.3285417755859229
_:b141,Stash,0.1813661551756331,0.15191234072861268,0.9172442572270822,False,AtomList,Reward,0.3285417755859229
IK_GE_BlockGame,Stash,0.1810584766291082,0.18288234572981704,0.9172442572270822,False,IndexKey,Reward,0.328295632748703
IK_GE_TinyStash,Stash,0.18100505918705231,0.18290175140338435,0.9172442572270822,False,IndexKey,Reward,0.3282528987950583
_:b253,Stash,0.18076961901526936,0.14778860114470393,0.9172442572270822,False,AtomList,Reward,0.32806454665763196
_:b99,Stash,0.18020239147015174,0.14824752588844672,0.9172442572270822,False,AtomList,Reward,0.3276107646215378
_:b97,Stash,0.1801650601999047,0.14396291945028727,0.9172442572270822,False,AtomList,Reward,0.3275808996053402
Verbal,Level_Up,0.15945675632315034,0.14562373378968463,1.0,False,Class,Level,0.3275654050585203
Intuitive,Level_Up,0.15945675632315034,0.14562373378968463,1.0,False,Class,Level,0.3275654050585203
_:b24,Level_Up,0.15917591688082836,0.1454993092833392,1.0,False,Class,Level,0.3273407335046627
_:b249,Stash,0.17984871367315594,0.14824708841223314,0.9172442572270822,False,AtomList,Reward,0.3273278223839412
_:b268,Stash,0.17984871367315594,0.14824708841223314,0.9172442572270822,False,AtomList,Reward,0.3273278223839412
_:b48,Level_Up,0.15907317439296007,0.15013354133552492,1.0,False,Class,Level,0.32725853951436806
_:b30,Level_Up,0.15901547909041963,0.14558080664390396,1.0,False,Class,Level,0.3272123832723357
JavaVariables,Stash,0.1795607976415588,0.18231519753806752,0.9172442572270822,False,IndexKey,Reward,0.32709748955866347
JavaClassAttributesFunctions,Stash,0.1795583249536566,0.18231602088877108,0.9172442572270822,False,IndexKey,Reward,0.3270955114083417
JavaExceptions,Stash,0.1794586348633247,0.18296055851289378,0.9172442572270822,False,IndexKey,Reward,0.3270157593360762
JavaExceptionTypes,Stash,0.1794586348633247,0.18296055851289378,0.9172442572270822,False,IndexKey,Reward,0.3270157593360762
JavaEvents,Stash,0.1794586348633247,0.18296055851289378,0.9172442572270822,False,IndexKey,Reward,0.3270157593360762
JavaArithmeticOperations,Stash,0.1794586348633247,0.18296055851289378,0.9172442572270822,False,IndexKey,Reward,0.3270157593360762
JavaFiles,Stash,0.1794586348633247,0.18296055851289378,0.9172442572270822,False,IndexKey,Reward,0.3270157593360762
JavaOverloading,Stash,0.1794586348633247,0.18296055851289378,0.9172442572270822,False,IndexKey,Reward,0.3270157593360762
JavaOverloadedConstructors,Stash,0.1794586348633247,0.18296055851289378,0.9172442572270822,False,IndexKey,Reward,0.3270157593360762
JavaDelimiters,Stash,0.1794586348633247,0.18296055851289378,0.9172442572270822,False,IndexKey,Reward,0.3270157593360762
TaskJavaPolymorphism,Stash,0.1794586348633247,0.18296055851289378,0.9172442572270822,False,IndexKey,Reward,0.3270157593360762
TaskJavaGUI,Stash,0.1794586348633247,0.18296055851289378,0.9172442572270822,False,IndexKey,Reward,0.3270157593360762
JavaEventTypes,Stash,0.1794586348633247,0.18296055851289378,0.9172442572270822,False,IndexKey,Reward,0.3270157593360762
JavaTryCatch,Stash,0.1794586348633247,0.18296055851289378,0.9172442572270822,False,IndexKey,Reward,0.3270157593360762
JavaEventListener,Stash,0.1794586348633247,0.18296055851289378,0.9172442572270822,False,IndexKey,Reward,0.3270157593360762
TaskJavaExceptions,Stash,0.1794586348633247,0.18296055851289378,0.9172442572270822,False,IndexKey,Reward,0.3270157593360762
JavaGUIElements,Stash,0.1794586348633247,0.18296055851289378,0.9172442572270822,False,IndexKey,Reward,0.3270157593360762
JavaOverriding,Stash,0.1794586348633247,0.18296055851289378,0.9172442572270822,False,IndexKey,Reward,0.3270157593360762
JavaIOStreams,Stash,0.1794586348633247,0.18296055851289378,0.9172442572270822,False,IndexKey,Reward,0.3270157593360762
JavaGUILinkedScreens,Stash,0.1794586348633247,0.18296055851289378,0.9172442572270822,False,IndexKey,Reward,0.3270157593360762
JavaFX,Stash,0.1794586348633247,0.18296055851289378,0.9172442572270822,False,IndexKey,Reward,0.3270157593360762
JavaTaskEventHandlerListener,Stash,0.1794586348633247,0.18296055851289378,0.9172442572270822,False,IndexKey,Reward,0.3270157593360762
JavaArgumentsParameters,Stash,0.1794586348633247,0.18296055851289378,0.9172442572270822,False,IndexKey,Reward,0.3270157593360762
JavaArrays,Stash,0.17938598127274702,0.1827620125452023,0.9172442572270822,False,IndexKey,Reward,0.3269576364636141
indexKey,Level_Up,0.1586265057730639,0.1477127782788881,1.0,False,DatatypeProperty,Level,0.3269012046184511
has_Experience_Level,Level_Up,0.1586264998125994,0.1477127657671337,1.0,False,DatatypeProperty,Level,0.32690119985007954
hasgamificationExperienceLevel,Level_Up,0.1586264759707415,0.14771271572011754,1.0,False,DatatypeProperty,Level,0.32690118077659325
JavaInheritanceComposition,Stash,0.1793128504470221,0.18239785071217043,0.9172442572270822,False,IndexKey,Reward,0.32689913180303415
_:b18,Level_Up,0.15860933015047934,0.15105092717081262,1.0,False,Restriction,Level,0.3268874641203835
_:b17,Level_Up,0.15860933015047934,0.15105092717081262,1.0,False,Restriction,Level,0.3268874641203835
_:b15,Level_Up,0.15860933015047934,0.15105092717081262,1.0,False,Restriction,Level,0.3268874641203835
JavaSingleInheritance,Stash,0.17922773290480568,0.18261166651253033,0.9172442572270822,False,IndexKey,Reward,0.32683103776926103
IK_GE_Motrain,Stash,0.17920041107315057,0.1826210005871129,0.9172442572270822,False,IndexKey,Reward,0.3268091803039369
JavaExtend,Stash,0.17919204921012313,0.18262385787993687,0.9172442572270822,False,IndexKey,Reward,0.326802490813515
JavaStaticFunctions,Stash,0.17919123402183437,0.1828298732157175,0.9172442572270822,False,IndexKey,Reward,0.3268018386628839
JavaParentClass,Stash,0.17918796369725498,0.1828310145451954,0.9172442572270822,False,IndexKey,Reward,0.32679922240322046
TaskJavaClassesMethod,Stash,0.17918171541641698,0.18262738937636303,0.9172442572270822,False,IndexKey,Reward,0.32679422377855005
JavaStatic,Stash,0.17917767970613832,0.18262874035339902,0.9172442572270822,False,IndexKey,Reward,0.3267909952103271
JavaThis,Stash,0.17917573283245974,0.18262943407379306,0.9172442572270822,False,IndexKey,Reward,0.32678943771138425
JavaConstructors,Stash,0.17917493536999032,0.18262970663726363,0.9172442572270822,False,IndexKey,Reward,0.32678879974140873
TaskJavaClassesObjects,Stash,0.17916828332023177,0.18263195201687538,0.9172442572270822,False,IndexKey,Reward,0.3267834781016019
JavaAccessModifiers,Stash,0.1791655932486572,0.18263287154198096,0.9172442572270822,False,IndexKey,Reward,0.3267813260443422
JavaPackages,Stash,0.17916446630943456,0.1826332850761145,0.9172442572270822,False,IndexKey,Reward,0.32678042449296407
JavaArrayOfInstances,Stash,0.17916398441540068,0.18263344980324214,0.9172442572270822,False,IndexKey,Reward,0.326780038977737
JavaClassInstance,Stash,0.1791637685118711,0.1826334952931873,0.9172442572270822,False,IndexKey,Reward,0.32677986625491334
JavaStrings,Stash,0.1791523226468431,0.18263743645878333,0.9172442572270822,False,IndexKey,Reward,0.32677070956289095
JavaIf,Stash,0.17905330663629598,0.18267127926277552,0.9172442572270822,False,IndexKey,Reward,0.32669149675445325
Task_about_Exception_Handling,BLockGame,0.37597014633397513,0.10058907254582088,0.12935257077791257,False,GamifiedResource,Badge,0.3266466312227626
reversedBy,Level_Up,0.15828856640067382,0.1476611148811348,1.0,False,ObjectProperty,Level,0.3266308531205391
taskJavaBasics,Stash,0.17891194738597332,0.18271970276939817,0.9172442572270822,False,IndexKey,Reward,0.32657840935419513
JavaForWhile,Stash,0.1788904126704405,0.18272707245380151,0.9172442572270822,False,IndexKey,Reward,0.32656118158176883
_:b95,Stash,0.17888851080177232,0.14088467033771573,0.9172442572270822,False,AtomList,Reward,0.32655966008683435
ScorePointsLeaderboard,Level_Up,0.15819838604331088,0.14604995717964786,1.0,False,Class,Level,0.3265587088346487
IK_GE_LevelUp,Stash,0.17887532852926707,0.1827322456268101,0.9172442572270822,False,IndexKey,Reward,0.32654911426883015
JavaSuper,Stash,0.17884341675162185,0.18255498708997472,0.9172442572270822,False,IndexKey,Reward,0.32652358484671395
JavaMultiInheritance,Stash,0.17864559205476227,0.18262149851998286,0.9172442572270822,False,IndexKey,Reward,0.3263653250892263
_:b251,Stash,0.17859768999663175,0.14499768650219624,0.9172442572270822,False,AtomList,Reward,0.32632700344272186
_:b89,Stash,0.17848811252885186,0.14492323843194602,0.9172442572270822,False,AtomList,Reward,0.326239341468498
_:b2,Level_Up,0.15778880454516803,0.14624305057569142,1.0,False,Class,Level,0.3262310436361344
_:b12,Level_Up,0.15778880454516803,0.14624305057569142,1.0,False,Class,Level,0.3262310436361344
_:b36,Level_Up,0.15761408530480253,0.1464160414701344,1.0,False,Class,Level,0.32609126824384205
_:b42,Level_Up,0.15758516628684807,0.14643032271472842,1.0,False,Class,Level,0.32606813302947846
_:b93,Stash,0.1781596956803812,0.14138255964489493,0.9172442572270822,False,AtomList,Reward,0.3259766079897214
Active,Level_Up,0.15740081359449234,0.14054908190637727,1.0,False,Class,Level,0.32592065087559385
Global,Level_Up,0.15740081359449234,0.14054908190637727,1.0,False,Class,Level,0.32592065087559385
topic,Level_Up,0.1568808157758464,0.15233992574857175,1.0,False,AnnotationProperty,Level,0.3255046526206771
pageEnd,Level_Up,0.15688079789445297,0.152339888141219,1.0,False,AnnotationProperty,Level,0.3255046383155624
content_encoded,Level_Up,0.15688079789445297,0.152339888141219,1.0,False,AnnotationProperty,Level,0.3255046383155624
content,Level_Up,0.15688079789445297,0.152339888141219,1.0,False,AnnotationProperty,Level,0.3255046383155624
pages,Level_Up,0.1568807919339885,0.15233987560543502,1.0,False,AnnotationProperty,Level,0.32550463354719084
section,Level_Up,0.1568807919339885,0.15233987560543502,1.0,False,AnnotationProperty,Level,0.32550463354719084
SocialPoints,Level_Up,0.1568217613797582,0.1468986255391299,1.0,False,Class,Level,0.3254574091038066
ScorePoints,Level_Up,0.1568217613797582,0.1468986255391299,1.0,False,Class,Level,0.3254574091038066
_:b91,Stash,0.17734708436039076,0.14191660516821794,0.9172442572270822,False,AtomList,Reward,0.3253265189337291
Task_about_Input_and_Output_Streams,BLockGame,0.37421084824353007,0.10040538209485099,0.12935257077791257,False,GamifiedResource,Badge,0.3252391927504066
aboutEducationalTopic,Level_Up,0.15596425356461832,0.14176511495614885,1.0,False,ObjectProperty,Level,0.3247714028516947
requiresKnowledge,Level_Up,0.15596424760415384,0.14176510249804147,1.0,False,ObjectProperty,Level,0.3247713980833231
RFK_L4_R3,Stash,0.17663198319149315,0.180122434592723,0.9172442572270822,False,ReferenceKey,Reward,0.324754437998611
depicts,Level_Up,0.15570662953162015,0.1495543931567711,1.0,False,AnnotationProperty,Level,0.3245653036252961
chapter,Level_Up,0.15570662953162015,0.1495543931567711,1.0,False,AnnotationProperty,Level,0.3245653036252961
consists_of,Level_Up,0.15569121293750587,0.16521046897530514,1.0,False,unknown,Level,0.32455297035000474
RFK_L4_R6,Stash,0.1763591343977598,0.17966384156656526,0.9172442572270822,False,ReferenceKey,Reward,0.3245361589636243
RFK_L4_R4,Stash,0.1762043314210692,0.18010479832821602,0.9172442572270822,False,ReferenceKey,Reward,0.3244123165822718
RFK_L4_R2,Stash,0.17586425695755276,0.1802338969769697,0.9172442572270822,False,ReferenceKey,Reward,0.32414025701145865
RF_GE_Motrain,Stash,0.17583112806365725,0.18024649959442812,0.9172442572270822,False,ReferenceKey,Reward,0.3241137538963422
RFK_L4_R1,Stash,0.17582102175499376,0.18025034498009593,0.9172442572270822,False,ReferenceKey,Reward,0.3241056688494115
RFK_L3_R5,Stash,0.17580874641542835,0.18025501618876857,0.9172442572270822,False,ReferenceKey,Reward,0.32409584857775914
RFK_L3_R4,Stash,0.17580345481020568,0.18025703001123985,0.9172442572270822,False,ReferenceKey,Reward,0.324091615293581
RFK_L3_R3,Stash,0.1758013942318247,0.18025781423281342,0.9172442572270822,False,ReferenceKey,Reward,0.3240899668308762
RFK_L3_R2,Stash,0.1758003910484564,0.18025819603339832,0.9172442572270822,False,ReferenceKey,Reward,0.32408916428418155
RFK_L3_R1,Stash,0.17579996475426057,0.18025831452930538,0.9172442572270822,False,ReferenceKey,Reward,0.32408882324882493
RFK_L2_R6,Stash,0.17579235916312258,0.1802612530184023,0.9172442572270822,False,ReferenceKey,Reward,0.32408273877591454
RFK_L2_R5,Stash,0.17578910748605922,0.18026249069624267,0.9172442572270822,False,ReferenceKey,Reward,0.32408013743426384
RFK_L2_R4,Stash,0.17578772987212657,0.18026301506612719,0.9172442572270822,False,ReferenceKey,Reward,0.3240790353431177
RFK_L2_R3,Stash,0.1757871466502739,0.18026323706371153,0.9172442572270822,False,ReferenceKey,Reward,0.32407856876563557
RFK_L2_R2,Stash,0.175786899871749,0.18026333099788222,0.9172442572270822,False,ReferenceKey,Reward,0.3240783713428157
RFK_L1_R2,Stash,0.1757731137264127,0.18026857894493042,0.9172442572270822,False,ReferenceKey,Reward,0.3240673424265466
RFK_L4_R5,Stash,0.17566899089520663,0.18004483853375658,0.9172442572270822,False,ReferenceKey,Reward,0.3239840441615818
GamificationKnowledge,Level_Up,0.1549075275058583,0.1387010660407224,1.0,False,Class,Level,0.3239260220046867
TechnologicalKnowledge,Level_Up,0.1549075275058583,0.1387010660407224,1.0,False,Class,Level,0.3239260220046867
COntentKnowledge,Level_Up,0.1549075275058583,0.1387010660407224,1.0,False,Class,Level,0.3239260220046867
RFK_L1_R1,Stash,0.1753028948512696,0.1800451228615795,0.9172442572270822,False,ReferenceKey,Reward,0.3236911673264321
RFK_L2_R1,Stash,0.1752998859756897,0.18004621492268238,0.9172442572270822,False,ReferenceKey,Reward,0.32368876022596826
partOf,BLockGame,0.3722551574495417,0.22617130778219321,0.12935257077791257,False,unknown,Badge,0.32367464011521585
has_container,BLockGame,0.3722551574495417,0.22617130778219321,0.12935257077791257,False,unknown,Badge,0.32367464011521585
RFK_L2_R7,Stash,0.17525222801407042,0.18046739141175114,0.9172442572270822,False,ReferenceKey,Reward,0.3236506338566728
IK2,Stash,0.17520902472343075,0.18551668912894864,0.9172442572270822,False,IndexKey,Reward,0.32361607122416103
RFK_L1_R3,Stash,0.1744041699380678,0.18046286457138347,0.9172442572270822,False,ReferenceKey,Reward,0.3229721873958707
block_xp,Level_Up,0.15363381758442266,0.22226900426039073,1.0,False,unknown,Level,0.32290705406753817
Level Up XP,Level_Up,0.15363381758442266,0.22226900426039073,1.0,False,unknown,Level,0.32290705406753817
"Learners receive points for their actions, visualise their progress, compete with others through a leaderboard, and unlock content based on their individual needs and experiences.",Level_Up,0.15363381758442266,0.22226900426039073,1.0,False,unknown,Level,0.32290705406753817
RFK_L1_R4,Stash,0.1736539316879231,0.18060231821873482,0.9172442572270822,False,ReferenceKey,Reward,0.3223719967957549
Events,Tiny_stash,0.39087564452716705,0.12109099824207988,0.0415518252487452,False,GamifiedResource,Reward,0.3210108806714827
RFK_L1_R5,Stash,0.1714579348737345,0.1810698100851495,0.9172442572270822,False,ReferenceKey,Reward,0.3206151993444041
LegalDocument,Tiny_stash,0.3899170796211469,0.30753694035925605,0.0415518252487452,False,Class,Reward,0.3202440287466666
depiction,Level_Up,0.15013334138551498,0.15262316878829962,1.0,False,unknown,Level,0.320106673108412
has_competency,Level_Up,0.14874751301282865,0.14928891688187754,1.0,False,unknown,Level,0.31899801041026293
works_in,Level_Up,0.14874751301282865,0.14928891688187754,1.0,False,unknown,Level,0.31899801041026293
has_contact,Level_Up,0.14874751301282865,0.14928891688187754,1.0,False,unknown,Level,0.31899801041026293
interacts,Level_Up,0.14874751301282865,0.14928891688187754,1.0,False,unknown,Level,0.31899801041026293
3.16.0,Stash,0.16898735525396394,0.168065538867234,0.9172442572270822,False,unknown,Reward,0.3186387356485876
_:b57,Level_Up,0.14521227961410152,0.14069486399909664,1.0,False,unknown,Level,0.3161698236912812
_:b58,Level_Up,0.14521227961410152,0.14069486399909664,1.0,False,unknown,Level,0.3161698236912812
Visual,Stash,0.16532792488830977,0.14693836623457804,0.9172442572270822,False,Class,Reward,0.3157111913560643
Sensitive,Stash,0.16532792488830977,0.14693836623457804,0.9172442572270822,False,Class,Reward,0.3157111913560643
Availability_Block_Game_by_level,Stash,0.16502189627134983,0.13345332072194205,0.9172442572270822,False,Level,Reward,0.3154663684624963
Course,Availability_Block_Game_by_level,0.3935104786227299,0.20242143049981923,0.0,False,unknown,Level,0.31480838289818397
Sequential,Stash,0.1639664969067667,0.14384470774122984,0.9172442572270822,False,Class,Reward,0.3146220489708298
Reflective,Stash,0.1639664969067667,0.14384470774122984,0.9172442572270822,False,Class,Reward,0.3146220489708298
Film,Level_Up,0.14223031209367729,0.15511651493332237,1.0,False,Class,Level,0.31378424967494184
offersCourse,Stash,0.16184686083873717,0.15959451897582816,0.9172442572270822,False,TransitiveProperty,Reward,0.3129263401164062
Bill,Level_Up,0.14103189069564565,0.152216851612169,1.0,False,Class,Level,0.3128255125565165
Stash,BLockGame,0.3586006046181549,0.20587493870944037,0.12935257077791257,False,Reward,Badge,0.31275099785010646
hasTargetAudience,Stash,0.16152437971895875,0.1595826051102943,0.9172442572270822,False,ObjectProperty,Reward,0.31266835522058345
A companion plugin for block_stash. This allows you to create items and trades from the TinyMCE editor to be inserted into the activities in your course,Level_Up,0.14079420396011813,0.19441738848039955,1.0,False,unknown,Level,0.31263536316809454
tiny_stash,Level_Up,0.14079420396011813,0.19441738848039955,1.0,False,unknown,Level,0.31263536316809454
Tiny Stash,Level_Up,0.14079420396011813,0.19441738848039955,1.0,False,unknown,Level,0.31263536316809454
Arithmetic_operations,BLockGame,0.3577171549257806,0.17339050180077764,0.12935257077791257,False,Resource,Badge,0.312044238096207
Static_functions,Availability_Block_Game_by_level,0.3896609766810848,0.16587889117901497,0.0,False,GamifiedResource,Level,0.31172878134486787
Competition,Stash,0.1598189816206714,0.14576056514717378,0.9172442572270822,False,NamedIndividual,Reward,0.3113040367419536
Parent_classes,Availability_Block_Game_by_level,0.3876155767778374,0.16545483991861554,0.0,False,GamifiedResource,Level,0.31009246142227
has_answer,Level_Up,0.13581633741560364,0.15750380958688556,1.0,False,unknown,Level,0.3086530699324829
has_body_for_annotation,Level_Up,0.1358163195342102,0.157503770223208,1.0,False,unknown,Level,0.30865305562736817
has_target,Level_Up,0.1358163195342102,0.157503770223208,1.0,False,unknown,Level,0.30865305562736817
InputPole,BLockGame,0.3528382118968228,0.2136542700412941,0.12935257077791257,False,Class,Badge,0.30814108367304077
PerceptionPole,BLockGame,0.3528382118968228,0.2136542700412941,0.12935257077791257,False,Class,Badge,0.30814108367304077
workplaceHomepage,Level_Up,0.1346105108402266,0.1545855054592311,1.0,False,unknown,Level,0.3076884086721813
RDV,Level_Up,0.13461049891929763,0.15458547923323337,1.0,False,unknown,Level,0.3076883991354381
accountServiceHomepage,Level_Up,0.13461049891929763,0.15458547923323337,1.0,False,unknown,Level,0.3076883991354381
Objective,BLockGame,0.350920822024638,0.21481570829285634,0.12935257077791257,False,Class,Badge,0.3066071717752929
Creating_linked_screens,Quizventure,0.38321786185322304,0.1546745698797406,0.0,False,GamifiedResource,GameElementResource,0.3065742894825785
Creating_linked_screens,Block_Game,0.38321786185322304,0.1546745698797406,0.0,False,GamifiedResource,GameElementResource,0.3065742894825785
visual,Stash,0.15363291731941012,0.14247115879307193,0.9172442572270822,False,InputPole,Reward,0.3063551853009445
Intermediate,Stash,0.15363291731941012,0.14247115879307193,0.9172442572270822,False,Experience,Reward,0.3063551853009445
fgiasson,Stash,0.15363291731941012,0.14247115879307193,0.9172442572270822,False,Agent,Reward,0.3063551853009445
socializer,Stash,0.15363291731941012,0.14247115879307193,0.9172442572270822,False,NamedIndividual|_:b18,Reward,0.3063551853009445
achiever,Stash,0.15363291731941012,0.14247115879307193,0.9172442572270822,False,NamedIndividual|_:b15,Reward,0.3063551853009445
Access_Resource_No.340,Stash,0.15363291731941012,0.14247115879307193,0.9172442572270822,False,AccessResourceActivity,Reward,0.3063551853009445
explorer,Stash,0.15363291731941012,0.14247115879307193,0.9172442572270822,False,NamedIndividual|_:b16,Reward,0.3063551853009445
philanthropest,Stash,0.15363291731941012,0.14247115879307193,0.9172442572270822,False,NamedIndividual|_:b17,Reward,0.3063551853009445
GE,Stash,0.1534465066221152,0.14931427566766006,0.9172442572270822,False,Variable,Reward,0.30620605674310863
ge,Stash,0.1534104286521079,0.14932299535448695,0.9172442572270822,False,Variable,Reward,0.3061771943671028
has_preLesson,Stash,0.1532651356060327,0.14233053042234978,0.9172442572270822,False,ObjectProperty,Reward,0.3060609599302426
l1,Stash,0.15267113862269216,0.15252338919909697,0.9172442572270822,False,Variable,Reward,0.30558576234357016
hasPart,BLockGame,0.3494355470398104,0.18821826102334302,0.12935257077791257,False,unknown,Badge,0.30541895178743084
JavafunctionTypes,Level_Up,0.13151996953000245,0.16576327741143537,1.0,False,IndexKey,Level,0.305215975624002
l2,Stash,0.15157152401028817,0.15002314438447292,0.9172442572270822,False,Variable,Reward,0.30470607065364697
Space,BLockGame,0.3479910961618212,0.12130947478278648,0.12935257077791257,False,unknown,Badge,0.30426339108503947
Intuitive,Stash,0.1507408851814795,0.14887972106823177,0.9172442572270822,False,Class,Reward,0.30404155959060003
Verbal,Stash,0.1507408851814795,0.14887972106823177,0.9172442572270822,False,Class,Reward,0.30404155959060003
_:b29,Stash,0.14963840987148627,0.1544321257777983,0.9172442572270822,False,Restriction,Reward,0.30315957934260546
Active,Stash,0.1493431368916146,0.14566501849227803,0.9172442572270822,False,Class,Reward,0.30292336095870814
Global,Stash,0.1493431368916146,0.14566501849227803,0.9172442572270822,False,Class,Reward,0.30292336095870814
RFK_L6_R2,Level_Up,0.12865089064790905,0.17100063308037625,1.0,False,ReferenceKey,Level,0.30292071251832725
RFK_L7_R4,Level_Up,0.12865089064790905,0.17100063308037625,1.0,False,ReferenceKey,Level,0.30292071251832725
RFK_L7_R2,Level_Up,0.12865089064790905,0.17100063308037625,1.0,False,ReferenceKey,Level,0.30292071251832725
RFK_L8_R1,Level_Up,0.12865089064790905,0.17100063308037625,1.0,False,ReferenceKey,Level,0.30292071251832725
RFK_L7_R3,Level_Up,0.12865089064790905,0.17100063308037625,1.0,False,ReferenceKey,Level,0.30292071251832725
RFK_L6_R4,Level_Up,0.12865089064790905,0.17100063308037625,1.0,False,ReferenceKey,Level,0.30292071251832725
RFK_L5_R2,Level_Up,0.12865089064790905,0.17100063308037625,1.0,False,ReferenceKey,Level,0.30292071251832725
RFK_L5_R5,Level_Up,0.12865089064790905,0.17100063308037625,1.0,False,ReferenceKey,Level,0.30292071251832725
RFK_L9_R1,Level_Up,0.12865089064790905,0.17100063308037625,1.0,False,ReferenceKey,Level,0.30292071251832725
RFK_L9_R3,Level_Up,0.12865089064790905,0.17100063308037625,1.0,False,ReferenceKey,Level,0.30292071251832725
RFK_L8_R3,Level_Up,0.12865089064790905,0.17100063308037625,1.0,False,ReferenceKey,Level,0.30292071251832725
RFK_L8_R2,Level_Up,0.12865089064790905,0.17100063308037625,1.0,False,ReferenceKey,Level,0.30292071251832725
RFK_L8_R4,Level_Up,0.12865089064790905,0.17100063308037625,1.0,False,ReferenceKey,Level,0.30292071251832725
RFK_L1_R7,Level_Up,0.12865089064790905,0.17100063308037625,1.0,False,ReferenceKey,Level,0.30292071251832725
RFK_L7_R1,Level_Up,0.12865089064790905,0.17100063308037625,1.0,False,ReferenceKey,Level,0.30292071251832725
RFK_L5_R1,Level_Up,0.12865089064790905,0.17100063308037625,1.0,False,ReferenceKey,Level,0.30292071251832725
RFK_L5_R4,Level_Up,0.12865089064790905,0.17100063308037625,1.0,False,ReferenceKey,Level,0.30292071251832725
RFK_L6_R3,Level_Up,0.12865089064790905,0.17100063308037625,1.0,False,ReferenceKey,Level,0.30292071251832725
RFK_L9_R2,Level_Up,0.12865089064790905,0.17100063308037625,1.0,False,ReferenceKey,Level,0.30292071251832725
RFK_L5_R3,Level_Up,0.12865089064790905,0.17100063308037625,1.0,False,ReferenceKey,Level,0.30292071251832725
RFK_L6_R1,Level_Up,0.12865089064790905,0.17100063308037625,1.0,False,ReferenceKey,Level,0.30292071251832725
GE_TinyStash,Stash,0.14921286247660442,0.14317499064344083,0.9172442572270822,False,ReferenceKey,Reward,0.30281914142669997
ip,Stash,0.14903202227862689,0.1511834534509172,0.9172442572270822,False,Variable,Reward,0.302674469268318
pp,Stash,0.14903202227862689,0.1511834534509172,0.9172442572270822,False,Variable,Reward,0.302674469268318
_:b35,Stash,0.14895063082625284,0.15477718939127175,0.9172442572270822,False,Restriction,Reward,0.3026093561064187
_:b41,Stash,0.14894165237155607,0.1547788466362325,0.9172442572270822,False,Restriction,Reward,0.3026021733426613
_:b47,Stash,0.14893783820112258,0.1547795584024141,0.9172442572270822,False,Restriction,Reward,0.3025991220063145
_:b52,Stash,0.14893621351561687,0.15477985596084182,0.9172442572270822,False,Restriction,Reward,0.30259782225790993
member_of,Stash,0.14864537591485463,0.14480285440241247,0.9172442572270822,False,AnnotationProperty,Reward,0.30236515217730014
minQualifiedCardinality,Stash,0.14864537591485463,0.14480285440241247,0.9172442572270822,False,AnnotationProperty,Reward,0.30236515217730014
identifier,Stash,0.14864537591485463,0.14480285440241247,0.9172442572270822,False,AnnotationProperty,Reward,0.30236515217730014
isRuleEnabled,Stash,0.14864537591485463,0.14480285440241247,0.9172442572270822,False,AnnotationProperty,Reward,0.30236515217730014
isbn,Stash,0.14864537591485463,0.14480285440241247,0.9172442572270822,False,AnnotationProperty,Reward,0.30236515217730014
has_usergroup,Stash,0.14864537591485463,0.14480285440241247,0.9172442572270822,False,AnnotationProperty,Reward,0.30236515217730014
age,Stash,0.14864537591485463,0.14480285440241247,0.9172442572270822,False,AnnotationProperty,Reward,0.30236515217730014
id,Stash,0.14864537591485463,0.14480285440241247,0.9172442572270822,False,AnnotationProperty,Reward,0.30236515217730014
Lecturing,Level_Up,0.12737634431974482,0.15809998112787643,1.0,False,NamedIndividual,Level,0.30190107545579586
isMoreExpertThan,Stash,0.1479033463430286,0.15188931556767946,0.9172442572270822,False,ObjectProperty,Reward,0.30177152851983935
Motrain,Level_Up,0.12699933362828653,0.164999068030874,1.0,False,GameElementResource,Level,0.30159946690262923
Interactive_Content_–_H5P,Stash,0.14763907866971543,0.14439937876462947,0.9172442572270822,False,GameElementResource,Reward,0.3015601143811888
Game,Stash,0.14763907866971543,0.14439937876462947,0.9172442572270822,False,GameElementResource,Reward,0.3015601143811888
Quizventure,Stash,0.14763907866971543,0.14439937876462947,0.9172442572270822,False,GameElementResource,Reward,0.3015601143811888
Block_Game,Stash,0.14763907866971543,0.14439937876462947,0.9172442572270822,False,GameElementResource,Reward,0.3015601143811888
Sofia,Level_Up,0.1263392769799348,0.15160470411268903,1.0,False,Learner,Level,0.30107142158394784
Tom,Level_Up,0.1263392769799348,0.15160470411268903,1.0,False,Learner,Level,0.30107142158394784
Group,Tiny_stash,0.3659021333883622,0.2953654319039086,0.0415518252487452,False,unknown,Reward,0.3010320717604388
block_stash,Stash,0.14572035707298797,0.21918388762461596,0.9172442572270822,False,unknown,Reward,0.30002513710380685
2.1.1,Stash,0.14572035707298797,0.21918388762461596,0.9172442572270822,False,unknown,Reward,0.30002513710380685
"Enables teachers to create items that students can collect, providing an interactive experience where students find items across the course.",Stash,0.14572035707298797,0.21918388762461596,0.9172442572270822,False,unknown,Reward,0.30002513710380685
bonusPoints,Stash,0.1455074751175339,0.14857121473292664,0.9172442572270822,False,BonusPoints,Reward,0.2998548315394436
ressource bonus pour la leçon 3 Méthodes et constructeurs de classe,Level_Up,0.12456539306771257,0.1619080813594856,1.0,False,unknown,Level,0.29965231445417007
bonus resource for lesson 3 Class Methods and Constructors,Level_Up,0.12456539306771257,0.1619080813594856,1.0,False,unknown,Level,0.29965231445417007
bonus material for lesson 1 java basics,Level_Up,0.12456536094698585,0.16190810436213307,1.0,False,unknown,Level,0.2996522887575887
ressource bonus pour la leçon 4 Méthodes et constructeurs de classe,Level_Up,0.12456402337372041,0.16190906224112236,1.0,False,unknown,Level,0.2996512186989764
bonus resource for lesson 4 Class Methods and Constructors,Level_Up,0.12456402337372041,0.16190906224112236,1.0,False,unknown,Level,0.2996512186989764
exercisse of lesson 2 Classes and Objects,Level_Up,0.12455909331334639,0.16191262651168137,1.0,False,unknown,Level,0.29964727465067714
Assessment,Level_Up,0.12455909331334639,0.16191262651168137,1.0,False,unknown,Level,0.29964727465067714
hasName,Stash,0.1447055786465749,0.15529840660656863,0.9172442572270822,False,DatatypeProperty,Reward,0.2992133143626764
block_stash,Level_Up,0.12384327729037822,0.16184094319442796,1.0,False,unknown,Level,0.2990746218323026
2.1.1,Level_Up,0.12384327729037822,0.16184094319442796,1.0,False,unknown,Level,0.2990746218323026
"Enables teachers to create items that students can collect, providing an interactive experience where students find items across the course.",Level_Up,0.12384327729037822,0.16184094319442796,1.0,False,unknown,Level,0.2990746218323026
Allows the user to choose or change their avatar at any time.,Level_Up,0.1238432594089848,0.161840905373275,1.0,False,unknown,Level,0.29907460752718784
block_game,Level_Up,0.1238432594089848,0.161840905373275,1.0,False,unknown,Level,0.29907460752718784
3.0.0,Level_Up,0.1238432594089848,0.161840905373275,1.0,False,unknown,Level,0.29907460752718784
leçon 3 du cours Programmation Orientée Objet,Level_Up,0.1237023817452378,0.1589894608225092,1.0,False,unknown,Level,0.2989619053961903
lesson 3 for the course Object Oriented Programming,Level_Up,0.1237023817452378,0.1589894608225092,1.0,False,unknown,Level,0.2989619053961903
Lesson 1 of course Object oriented programming,Level_Up,0.12370227495960706,0.1589895548700963,1.0,False,unknown,Level,0.29896181996768567
contain_resource,Stash,0.14438226009230146,0.1552401103422045,0.9172442572270822,False,ObjectProperty,Reward,0.2989546595192576
isComposedOf,Stash,0.14438223625044355,0.15524006094385995,0.9172442572270822,False,ObjectProperty,Reward,0.2989546404457713
Fellowship,Stash,0.14369614729532493,0.14229230549000663,0.9172442572270822,False,NamedIndividual,Reward,0.2984057692816764
resource_340,Stash,0.14369614729532493,0.14229230549000663,0.9172442572270822,False,NamedIndividual,Reward,0.2984057692816764
locator,Level_Up,0.12274829911871452,0.14914310285819743,1.0,False,AnnotationProperty,Level,0.29819863929497165
EducationalInstitution,Stash,0.14332134181572012,0.15398259967536543,0.9172442572270822,False,unknown,Reward,0.29810592489799254
gel,BLockGame,0.34023750819388027,0.17058540398605945,0.12935257077791257,False,Variable,Badge,0.2980605207106867
Audience,BLockGame,0.34004520283080214,0.21825493831450618,0.12935257077791257,False,Class,Badge,0.2979066764202242
depiction,Stash,0.14234675493770202,0.1509088877509688,0.9172442572270822,False,unknown,Reward,0.29732625539557805
indexKey,Stash,0.142217245342725,0.15139084294200184,0.9172442572270822,False,DatatypeProperty,Reward,0.29722264771959644
has_Experience_Level,Stash,0.14221723342179607,0.15139081838833204,0.9172442572270822,False,DatatypeProperty,Reward,0.2972226381828533
hasgamificationExperienceLevel,Stash,0.1422172215008671,0.15139079383466297,0.9172442572270822,False,DatatypeProperty,Reward,0.29722262864611015
EducationalTopic,Stash,0.14207426681254137,0.14160542670531695,0.9172442572270822,False,Class,Reward,0.29710826489544956
reversedBy,Stash,0.1418930527576811,0.15132270002513865,0.9172442572270822,False,ObjectProperty,Reward,0.2969632936515613
leçon 9 du cours Programmation Orientée Objet,Level_Up,0.12114766570185094,0.1572780878051378,1.0,False,unknown,Level,0.29691813256148075
lesson 9 for the course Object Oriented Programming,Level_Up,0.12114766570185094,0.1572780878051378,1.0,False,unknown,Level,0.29691813256148075
leçon 5 du cours Programmation Orientée Objet,Level_Up,0.12113802757136558,0.15728501626149596,1.0,False,unknown,Level,0.2969104220570925
lesson 5 for the course Object Oriented Programming,Level_Up,0.12113802757136558,0.15728501626149596,1.0,False,unknown,Level,0.2969104220570925
consists_of,Stash,0.1415117608703989,0.16383814640313427,0.9172442572270822,False,unknown,Reward,0.2966582601417356
_:b17,Stash,0.14147634741116383,0.15357422097969242,0.9172442572270822,False,Restriction,Reward,0.2966299293743475
_:b18,Stash,0.14147634741116383,0.15357422097969242,0.9172442572270822,False,Restriction,Reward,0.2966299293743475
_:b15,Stash,0.14147634741116383,0.15357422097969242,0.9172442572270822,False,Restriction,Reward,0.2966299293743475
System,Stash,0.14129992173312197,0.14583126156839615,0.9172442572270822,False,unknown,Reward,0.29648878883191404
hasSubSystem,Stash,0.14129992173312197,0.14583126156839615,0.9172442572270822,False,unknown,Reward,0.29648878883191404
has_competency,Stash,0.14129425348950359,0.14849506619845965,0.9172442572270822,False,unknown,Reward,0.2964842542370193
interacts,Stash,0.14129425348950359,0.14849506619845965,0.9172442572270822,False,unknown,Reward,0.2964842542370193
has_contact,Stash,0.14129425348950359,0.14849506619845965,0.9172442572270822,False,unknown,Reward,0.2964842542370193
works_in,Stash,0.14129425348950359,0.14849506619845965,0.9172442572270822,False,unknown,Reward,0.2964842542370193
pages,Stash,0.14111103678326886,0.1537292333299928,0.9172442572270822,False,AnnotationProperty,Reward,0.29633768087203155
content_encoded,Stash,0.14111103678326886,0.1537292333299928,0.9172442572270822,False,AnnotationProperty,Reward,0.29633768087203155
content,Stash,0.14111103678326886,0.1537292333299928,0.9172442572270822,False,AnnotationProperty,Reward,0.29633768087203155
pageEnd,Stash,0.14111103678326886,0.1537292333299928,0.9172442572270822,False,AnnotationProperty,Reward,0.29633768087203155
section,Stash,0.14111103678326886,0.1537292333299928,0.9172442572270822,False,AnnotationProperty,Reward,0.29633768087203155
topic,Stash,0.1411110248623399,0.1537292086581209,0.9172442572270822,False,AnnotationProperty,Reward,0.2963376713352884
check if gr has bonus then voluntary,Stash,0.14057941296369839,0.1481395833476355,0.9172442572270822,False,unknown,Reward,0.29591238181637514
aboutEducationalTopic,Stash,0.1405316852480391,0.14789801365452857,0.9172442572270822,False,ObjectProperty,Reward,0.29587419964384776
requiresKnowledge,Stash,0.14053167332711014,0.14789798917537203,0.9172442572270822,False,ObjectProperty,Reward,0.2958741901071046
lesson 6 for the course Object Oriented Programming,Level_Up,0.1198425084831313,0.15708659328541333,1.0,False,unknown,Level,0.29587400678650505
leçon 6 du cours Programmation Orientée Objet,Level_Up,0.1198425084831313,0.15708659328541333,1.0,False,unknown,Level,0.29587400678650505
bonus,Stash,0.1404813655755266,0.14803252893477653,0.9172442572270822,False,unknown,Reward,0.2958339439058377
chapter,Stash,0.1404064853913814,0.15207181167361317,0.9172442572270822,False,AnnotationProperty,Reward,0.29577403975852157
depicts,Stash,0.14040647347045243,0.15207178705246113,0.9172442572270822,False,AnnotationProperty,Reward,0.2957740302217784
_:b8,Stash,0.13954791378623893,0.15147943483104817,0.9172442572270822,False,Class,Reward,0.29508718247440757
additional-name,Stash,0.1393902021747928,0.14812036293501313,0.9172442572270822,False,unknown,Reward,0.2949610131852507
family-name,Stash,0.139356029184201,0.14813618828275665,0.9172442572270822,False,unknown,Reward,0.29493367479277727
l,BLockGame,0.33632652810059066,0.17231884977858558,0.12935257077791257,False,Variable,Badge,0.29493173663605504
given-name,Stash,0.13934150695462438,0.1481429151320824,0.9172442572270822,False,unknown,Reward,0.29492205700911595
bonus material for lesson 2 classes and objects,Level_Up,0.11864685058022192,0.16138430023967407,1.0,False,unknown,Level,0.29491748046417754
honorific-prefix,Stash,0.1393353308771453,0.14814577187544659,0.9172442572270822,False,unknown,Reward,0.2949171161471327
honorific-suffix,Stash,0.13933270773170037,0.148146994244784,0.9172442572270822,False,unknown,Reward,0.29491501763077677
leçon 8 du cours Programmation Orientée Objet,Level_Up,0.11859712385620295,0.1569105634907966,1.0,False,unknown,Level,0.29487769908496236
lesson 8 for the course Object Oriented Programming,Level_Up,0.11859712385620295,0.1569105634907966,1.0,False,unknown,Level,0.29487769908496236
b,BLockGame,0.33597291150432723,0.17233168945182634,0.12935257077791257,False,Variable,Badge,0.2946488433590443
BLockGame,Tiny_stash,0.3578975434641643,0.11038258937425595,0.0415518252487452,False,Badge,Reward,0.29462839982108047
Mike_23,Tiny_stash,0.3578150057703023,0.3258327085797466,0.0415518252487452,False,UserAccount,Reward,0.29456236966599086
Error1,BLockGame,0.33532127559914976,0.21684880862778344,0.12935257077791257,False,Class,Badge,0.2941275346349023
Error3,Stash,0.1382428250109453,0.14830290959776293,0.9172442572270822,False,Class,Reward,0.2940431114541727
_:b11,Stash,0.1382428250109453,0.14830290959776293,0.9172442572270822,False,Class,Reward,0.2940431114541727
lesson 4 for the course Object Oriented Programming,Level_Up,0.11703091681461324,0.15831175439979425,1.0,False,unknown,Level,0.2936247334516906
leçon 4 du cours Programmation Orientée Objet,Level_Up,0.11703091681461324,0.15831175439979425,1.0,False,unknown,Level,0.2936247334516906
lesson 2 for the course Object Oriented Programming,Level_Up,0.11702972414249199,0.1583125580287349,1.0,False,unknown,Level,0.29362377931399364
onlineCourse,Level_Up,0.11682199341353938,0.1587928940674944,1.0,False,Class,Level,0.29345759473083155
stringEqualIgnoreCase,BLockGame,0.33448345491174825,0.19494683932618986,0.12935257077791257,False,unknown,Badge,0.2934572780849811
equal,BLockGame,0.3344267233949593,0.1949463126777533,0.12935257077791257,False,unknown,Badge,0.29341189287154995
Tiny_stash,BLockGame,0.3342941727537963,0.13185328419318998,0.12935257077791257,False,Reward,Badge,0.29330585235861956
Kind,Stash,0.1369715167869239,0.14413999561863738,0.9172442572270822,False,unknown,Reward,0.2930260648749556
topDataProperty,Level_Up,0.11560142366099124,0.15018823023852768,1.0,False,ObjectProperty,Level,0.292481138928793
Built-in Data Types,Level_Up,0.11512090685708114,0.16173272342225511,1.0,False,unknown,Level,0.2920967254856649
Essential,Level_Up,0.11512090685708114,0.16173272342225511,1.0,False,unknown,Level,0.2920967254856649
Explorer,Level_Up,0.11511473813480602,0.16173675466930518,1.0,False,unknown,Level,0.29209179050784484
_:b12,Stash,0.13438187044443498,0.15278983680630195,0.9172442572270822,False,Class,Reward,0.2909543478009644
_:b2,Stash,0.13438187044443498,0.15278983680630195,0.9172442572270822,False,Class,Reward,0.2909543478009644
Exploration,Level_Up,0.11348490362191259,0.15059147527110123,1.0,False,NamedIndividual,Level,0.2907879228975301
Lesson,BLockGame,0.33113852349549855,0.1963741082090761,0.12935257077791257,False,unknown,Badge,0.29078133295198133
Performance,Level_Up,0.11310274994007605,0.15303960610735678,1.0,False,NamedIndividual,Level,0.29048219995206087
Novice,Level_Up,0.11310274994007605,0.15303960610735678,1.0,False,NamedIndividual,Level,0.29048219995206087
lesson 7 for the course Object Oriented Programming,Level_Up,0.11273025843988575,0.15701220201560903,1.0,False,unknown,Level,0.2901842067519086
leçon 7 du cours Programmation Orientée Objet,Level_Up,0.11273025843988575,0.15701220201560903,1.0,False,unknown,Level,0.2901842067519086
_:b24,Stash,0.13337006858210324,0.15316596191308418,0.9172442572270822,False,Class,Reward,0.290144906311099
Events,BLockGame,0.33032318445654063,0.0993389526382705,0.12935257077791257,False,GamifiedResource,Badge,0.29012906172081504
_:b30,Stash,0.1332669063868143,0.1532037538573265,0.9172442572270822,False,Class,Reward,0.2900623765548679
GamificationKnowledge,Stash,0.13269036809624404,0.148549212155577,0.9172442572270822,False,Class,Reward,0.2896011459224117
TechnologicalKnowledge,Stash,0.13269036809624404,0.148549212155577,0.9172442572270822,False,Class,Reward,0.2896011459224117
COntentKnowledge,Stash,0.13269036809624404,0.148549212155577,0.9172442572270822,False,Class,Reward,0.2896011459224117
_:b48,Stash,0.1323250902839434,0.15672172568807316,0.9172442572270822,False,Class,Reward,0.28930892367257116
Bonus,Level_Up,0.11121062444000403,0.1526119950315569,1.0,False,NamedIndividual,Level,0.2889684995520032
ScorePointsLeaderboard,Stash,0.13183684131150536,0.15379820113913548,0.9172442572270822,False,Class,Reward,0.28891832449462074
_:b36,Stash,0.13122314455741907,0.15408013388538438,0.9172442572270822,False,Class,Reward,0.2884273670913517
_:b42,Stash,0.13120455721246138,0.15408662274226614,0.9172442572270822,False,Class,Reward,0.28841249721538553
hasPreLesson,Level_Up,0.1102118852983899,0.1552084474474522,1.0,False,ReflexiveProperty,Level,0.28816950823871196
the original language inwhich the course is created with,Level_Up,0.1102018332763075,0.1565808833155557,1.0,False,unknown,Level,0.288161466621046
total number of learners enrolled to the course throughout the years,Level_Up,0.1102018332763075,0.1565808833155557,1.0,False,unknown,Level,0.288161466621046
rating of course from 0 to 5.,Level_Up,0.1102018332763075,0.1565808833155557,1.0,False,unknown,Level,0.288161466621046
Number of hours for completing the course,Level_Up,0.1102018332763075,0.1565808833155557,1.0,False,unknown,Level,0.288161466621046
language for the transcript of the course's resources,Level_Up,0.1102018332763075,0.1565808833155557,1.0,False,unknown,Level,0.288161466621046
Whether it is flexible or has certain deadlines,Level_Up,0.1102018332763075,0.1565808833155557,1.0,False,unknown,Level,0.288161466621046
ScorePoints,Stash,0.13047568524715603,0.1544222991265971,0.9172442572270822,False,Class,Reward,0.28782939964314125
SocialPoints,Stash,0.13047568524715603,0.1544222991265971,0.9172442572270822,False,Class,Reward,0.28782939964314125
"The course is targeted for audience who have payment preference of either ""free of charge"" or ""with charge""",Level_Up,0.10870905664044343,0.15465444954035926,1.0,False,unknown,Level,0.28696724531235474
integrated this game element,Level_Up,0.10870905664044343,0.15465444954035926,1.0,False,unknown,Level,0.28696724531235474
Total number of downloads done for this game elemnent,Level_Up,0.10870905664044343,0.15465444954035926,1.0,False,unknown,Level,0.28696724531235474
brief description of the game element purpose,Level_Up,0.10870905664044343,0.15465444954035926,1.0,False,unknown,Level,0.28696724531235474
Total number of likes granted for this game element,Level_Up,0.10870905664044343,0.15465444954035926,1.0,False,unknown,Level,0.28696724531235474
"the teacher defines the purpose of the resource as either for ""lecturing"" or for ""assessment""",Level_Up,0.10870905664044343,0.15465444954035926,1.0,False,unknown,Level,0.28696724531235474
the title of the game element,Level_Up,0.10870905664044343,0.15465444954035926,1.0,False,unknown,Level,0.28696724531235474
the latest version released for this game element,Level_Up,0.10870905664044343,0.15465444954035926,1.0,False,unknown,Level,0.28696724531235474
the number of weeks since the latest release of the game element version,Level_Up,0.10870905664044343,0.15465444954035926,1.0,False,unknown,Level,0.28696724531235474
The duration in minutes of a single resource,Level_Up,0.10870905664044343,0.15465444954035926,1.0,False,unknown,Level,0.28696724531235474
"The targeted audience of a targeted course has targeted educational level to be beginner, intermefdiate, or advanced",Level_Up,0.10870905664044343,0.15465444954035926,1.0,False,unknown,Level,0.28696724531235474
CollectedDocument,Level_Up,0.10844222934469552,0.15394629267412602,1.0,False,unknown,Level,0.2867537834757564
hasPreResource,Level_Up,0.10822250956142443,0.15399244193345968,1.0,False,ReflexiveProperty,Level,0.28657800764913954
VCard,Level_Up,0.10819686608996823,0.15316281850182792,1.0,False,unknown,Level,0.28655749287197463
_:b16,Level_Up,0.10812051554014368,0.1548892541054904,1.0,False,Restriction,Level,0.286496412432115
hasPedagogicalExperience,Level_Up,0.10806587715892366,0.15403810079580335,1.0,False,ObjectProperty,Level,0.28645270172713894
cites,Level_Up,0.10806558509616426,0.15403745812699565,1.0,False,ObjectProperty,Level,0.2864524680769314
link exxperience level with number: expert=4,Level_Up,0.10800467263354352,0.15482172401085562,1.0,False,unknown,Level,0.28640373810683484
link exxperience level with number: expert=6,Level_Up,0.10800467263354352,0.15482172401085562,1.0,False,unknown,Level,0.28640373810683484
subclass to class,Level_Up,0.10800467263354352,0.15482172401085562,1.0,False,unknown,Level,0.28640373810683484
Linking leaderboard to resources with objective competition,Level_Up,0.10800467263354352,0.15482172401085562,1.0,False,unknown,Level,0.28640373810683484
Identify the more expert teacher between two teachers,Level_Up,0.10800467263354352,0.15482172401085562,1.0,False,unknown,Level,0.28640373810683484
gamified resource contains one or more game elements,Level_Up,0.10800467263354352,0.15482172401085562,1.0,False,unknown,Level,0.28640373810683484
linking bonus resources with teaaccher exploration objective,Level_Up,0.10800467263354352,0.15482172401085562,1.0,False,unknown,Level,0.28640373810683484
link exxperience level with number: expert=2,Level_Up,0.10800467263354352,0.15482172401085562,1.0,False,unknown,Level,0.28640373810683484
game elements relevant to behavioural objectives,Level_Up,0.10800467263354352,0.15482172401085562,1.0,False,unknown,Level,0.28640373810683484
wasAssociatedWith,Level_Up,0.10792960539863213,0.153616014853692,1.0,False,ObjectProperty,Level,0.2863436843189057
translator,Level_Up,0.10792960539863213,0.153616014853692,1.0,False,ObjectProperty,Level,0.2863436843189057
issuer,Level_Up,0.10792960539863213,0.153616014853692,1.0,False,ObjectProperty,Level,0.2863436843189057
editor,Level_Up,0.10792960539863213,0.153616014853692,1.0,False,ObjectProperty,Level,0.2863436843189057
distributor,Level_Up,0.10792960539863213,0.153616014853692,1.0,False,ObjectProperty,Level,0.2863436843189057
Gamified resource that contains score leaderboard game element must contain score points game element,Level_Up,0.10773776847006,0.15411290583311194,1.0,False,unknown,Level,0.286190214776048
Gamified resource that contains experience leaderboard game element must contain experience points game element,Level_Up,0.10773776847006,0.15411290583311194,1.0,False,unknown,Level,0.286190214776048
Gamified resource that contains bonus leaderboard game element must contain bonus points game element,Level_Up,0.10773776847006,0.15411290583311194,1.0,False,unknown,Level,0.286190214776048
Gamified resource that contains social leaderboard game element must contain social points game element,Level_Up,0.10773776847006,0.15411290583311194,1.0,False,unknown,Level,0.286190214776048
Film,Stash,0.1284168821425237,0.1553948850983021,0.9172442572270822,False,Class,Reward,0.2861823571594354
_:b273,Tiny_stash,0.34725431216605795,0.14177086804821082,0.0415518252487452,False,DatavaluedPropertyAtom,Reward,0.2861138147825954
anyURI,Level_Up,0.10759972563922653,0.153687512502578,1.0,False,unknown,Level,0.2860797805113812
"the url of the game elment where it can be downloaded. In addition, this url contains information of the game elemnt.",Level_Up,0.10759972563922653,0.153687512502578,1.0,False,unknown,Level,0.2860797805113812
Bill,Stash,0.1276909419371835,0.15366448047675252,0.9172442572270822,False,Class,Reward,0.28560160499516324
"index key for the resource ""Java FX""",Level_Up,0.1068410690061409,0.15720410385420247,1.0,False,unknown,Level,0.2854728552049127
hasEducationalTopic,Level_Up,0.10661479890118705,0.15292689439374837,1.0,False,FunctionalProperty,Level,0.2852918391209497
_:b57,Stash,0.12726555600466147,0.14636049428923179,0.9172442572270822,False,unknown,Reward,0.28526129624914565
_:b58,Stash,0.12726555600466147,0.14636049428923179,0.9172442572270822,False,unknown,Reward,0.28526129624914565
edition,Level_Up,0.10645166327714035,0.1556257530642954,1.0,False,AnnotationProperty,Level,0.2851613306217123
editorList,Level_Up,0.10645166327714035,0.1556257530642954,1.0,False,AnnotationProperty,Level,0.2851613306217123
_:b102,Tiny_stash,0.3458202117488856,0.14150957702779887,0.0415518252487452,False,DatavaluedPropertyAtom,Reward,0.2849665344488575
_:b100,Tiny_stash,0.3458162280187638,0.14150912281933845,0.0415518252487452,False,DatavaluedPropertyAtom,Reward,0.2849633474647601
familyName,Level_Up,0.1061853410559882,0.15492339434031355,1.0,False,AnnotationProperty,Level,0.2849482728447906
schoolHomepage,Level_Up,0.1061853410559882,0.15492339434031355,1.0,False,AnnotationProperty,Level,0.2849482728447906
oneOf,Level_Up,0.10618501919090642,0.15492268525617994,1.0,False,AnnotationProperty,Level,0.2849480153527252
shortDescription,Level_Up,0.10618501919090642,0.15492268525617994,1.0,False,AnnotationProperty,Level,0.2849480153527252
presentedAt,Level_Up,0.10618501919090642,0.15492268525617994,1.0,False,AnnotationProperty,Level,0.2849480153527252
hasSelf,Level_Up,0.10618501919090642,0.15492268525617994,1.0,False,AnnotationProperty,Level,0.2849480153527252
annotates,Level_Up,0.10618501919090642,0.15492268525617994,1.0,False,AnnotationProperty,Level,0.2849480153527252
workInfoHomepage,Level_Up,0.10618501323044194,0.15492267212499322,1.0,False,AnnotationProperty,Level,0.2849480105843536
plan,Level_Up,0.10618501323044194,0.15492267212499322,1.0,False,AnnotationProperty,Level,0.2849480105843536
pastProject,Level_Up,0.10618501323044194,0.15492267212499322,1.0,False,AnnotationProperty,Level,0.2849480105843536
court,Level_Up,0.10604716274249208,0.1545031541669294,1.0,False,AnnotationProperty,Level,0.28483773019399367
openid,Level_Up,0.10604699584948671,0.15450278653303806,1.0,False,AnnotationProperty,Level,0.2848375966795894
made,Level_Up,0.10604699584948671,0.15450278653303806,1.0,False,AnnotationProperty,Level,0.2848375966795894
weblog,Level_Up,0.10604699584948671,0.15450278653303806,1.0,False,AnnotationProperty,Level,0.2848375966795894
family_name,Level_Up,0.10604699584948671,0.15450278653303806,1.0,False,AnnotationProperty,Level,0.2848375966795894
firstName,Level_Up,0.10604699584948671,0.15450278653303806,1.0,False,AnnotationProperty,Level,0.2848375966795894
msnChatID,Level_Up,0.10604699584948671,0.15450278653303806,1.0,False,AnnotationProperty,Level,0.2848375966795894
geekcode,Level_Up,0.10604699584948671,0.15450278653303806,1.0,False,AnnotationProperty,Level,0.2848375966795894
publications,Level_Up,0.10604699584948671,0.15450278653303806,1.0,False,AnnotationProperty,Level,0.2848375966795894
icqChatID,Level_Up,0.10604699584948671,0.15450278653303806,1.0,False,AnnotationProperty,Level,0.2848375966795894
skypeID,Level_Up,0.10604699584948671,0.15450278653303806,1.0,False,AnnotationProperty,Level,0.2848375966795894
lastName,Level_Up,0.10604699584948671,0.15450278653303806,1.0,False,AnnotationProperty,Level,0.2848375966795894
Class,Tiny_stash,0.34525863667129686,0.3575248176046229,0.0415518252487452,False,unknown,Reward,0.28451727438678653
Entity,Tiny_stash,0.34525863667129686,0.3575248176046229,0.0415518252487452,False,unknown,Reward,0.28451727438678653
objectives the teacher can choose from for each resource to prompt a desired learners’ behaviours when learners interact with that resource.,Level_Up,0.10533915266181186,0.154487457208757,1.0,False,unknown,Level,0.2842713221294495
_:b125,Tiny_stash,0.34484675072296295,0.14362469251382207,0.0415518252487452,False,DatavaluedPropertyAtom,Reward,0.28418776562811937
_:b116,Tiny_stash,0.34484675072296295,0.14362469251382207,0.0415518252487452,False,DatavaluedPropertyAtom,Reward,0.28418776562811937
Representes the numeric value equivaent to the teache's gamification experience level,Level_Up,0.10432691353067325,0.15492287542609248,1.0,False,unknown,Level,0.2834615308245386
unsignedInt,Level_Up,0.10432691353067325,0.15492287542609248,1.0,False,unknown,Level,0.2834615308245386
JavafunctionTypes,Stash,0.12416540583410914,0.16413491168190583,0.9172442572270822,False,IndexKey,Reward,0.28278117611270376
Advanced,Level_Up,0.10334656504769021,0.15731355974347605,1.0,False,unknown,Level,0.2826772520381522
Motivation,Level_Up,0.10334633788290903,0.15731368779313507,1.0,False,unknown,Level,0.28267707030632727
"ressource bonus pour la leçon 7 ""Event Handler and Listener""",Level_Up,0.10308868882911111,0.1586771289994962,1.0,False,unknown,Level,0.2824709510632889
bonus resource for lesson 7 Event Handler and Listener,Level_Up,0.10308868882911111,0.1586771289994962,1.0,False,unknown,Level,0.2824709510632889
has_Place,Level_Up,0.10304705734900318,0.15501697072808593,1.0,False,unknown,Level,0.28243764587920256
bonus resource for lesson 8 Exception Handling,Level_Up,0.10303167652706655,0.15870933621823263,1.0,False,unknown,Level,0.28242534122165325
ressource bonus pour la leçon 8 Gestion des exceptions,Level_Up,0.10303167652706655,0.15870933621823263,1.0,False,unknown,Level,0.28242534122165325
greaterThan,Level_Up,0.10295413584177524,0.1563163009395659,1.0,False,unknown,Level,0.2823633086734202
ressource bonus pour la leçon 9 Flux d'entrée et de sortie,Level_Up,0.10231505464183643,0.15902245075998936,1.0,False,unknown,Level,0.28185204371346917
bonus resource for lesson 9 Input and Output Stream,Level_Up,0.10231505464183643,0.15902245075998936,1.0,False,unknown,Level,0.28185204371346917
ressource bonus pour la leçon 5 Méthodes et constructeurs de classe,Level_Up,0.1023108897361934,0.1590247647910226,1.0,False,unknown,Level,0.28184871178895476
bonus resource for lesson 5 Class Methods and Constructors,Level_Up,0.1023108897361934,0.1590247647910226,1.0,False,unknown,Level,0.28184871178895476
Slide,Level_Up,0.10229296735959462,0.15740449798141035,1.0,False,Class,Level,0.28183437388767574
"has priority to either essential or bonus to be accessed by the learner.
This priority is decided by the teacher for the resource.",Level_Up,0.1022473195949847,0.15661039948889868,1.0,False,unknown,Level,0.2817978556759878
"the playing style the teacher prefers, it is either ""explorer"", ""achiever"", ""philanthropest"", or ""socializer""",Level_Up,0.10217522362470402,0.15665119319942583,1.0,False,unknown,Level,0.2817401788997632
Map,Level_Up,0.10201640664274689,0.15670121890812796,1.0,False,Class,Level,0.2816131253141975
LegalDecision,Level_Up,0.10201639472181794,0.15670119254725304,1.0,False,Class,Level,0.28161311577745435
EditedBook,Level_Up,0.10201604901487824,0.1567004280819242,1.0,False,Class,Level,0.2816128392119026
Thesis,Level_Up,0.10201604901487824,0.1567004280819242,1.0,False,Class,Level,0.2816128392119026
Reward,Level_Up,0.1020157688730478,0.15669980860146066,1.0,False,Class,Level,0.28161261509843827
Timer,Level_Up,0.1020157688730478,0.15669980860146066,1.0,False,Class,Level,0.28161261509843827
Challenge,Level_Up,0.1020157688730478,0.15669980860146066,1.0,False,Class,Level,0.28161261509843827
Badge,Level_Up,0.1020157688730478,0.15669980860146066,1.0,False,Class,Level,0.28161261509843827
Achievement,Level_Up,0.1020157688730478,0.15669980860146066,1.0,False,Class,Level,0.28161261509843827
ProgressBar,Level_Up,0.1020157688730478,0.15669980860146066,1.0,False,Class,Level,0.28161261509843827
Story,Level_Up,0.1020157688730478,0.15669980860146066,1.0,False,Class,Level,0.28161261509843827
Hint,Level_Up,0.1020157688730478,0.15669980860146066,1.0,False,Class,Level,0.28161261509843827
Level,Level_Up,0.1020157688730478,0.15669980860146066,1.0,False,Class,Level,0.28161261509843827
Feedback,Level_Up,0.1020157688730478,0.15669980860146066,1.0,False,Class,Level,0.28161261509843827
PedagogicalObjective,Level_Up,0.10186852128702628,0.15628227719921003,1.0,False,Class,Level,0.28149481702962104
AcademicArticle,Level_Up,0.10186852128702628,0.15628227719921003,1.0,False,Class,Level,0.28149481702962104
Manuscript,Level_Up,0.10186852128702628,0.15628227719921003,1.0,False,Class,Level,0.28149481702962104
PedagogicalExperience,Level_Up,0.10186847956377494,0.15628218494150553,1.0,False,Class,Level,0.28149478365102
Lecturing,Stash,0.12254485431322926,0.15601192629552624,0.9172442572270822,False,NamedIndividual,Reward,0.28148473489599984
has_target,Stash,0.12249884230391386,0.15653171111674843,0.9172442572270822,False,unknown,Reward,0.28144792528854756
has_body_for_annotation,Stash,0.12249884230391386,0.15653171111674843,0.9172442572270822,False,unknown,Reward,0.28144792528854756
has_answer,Stash,0.12249878865973356,0.1565315941079301,0.9172442572270822,False,unknown,Reward,0.2814478823732033
PedagogicalKnowledge,Level_Up,0.10175117849033369,0.15593064051890337,1.0,False,Class,Level,0.28140094279226696
detects,Level_Up,0.10122364844823009,0.15623244664115088,1.0,False,unknown,Level,0.2809789187585841
Stimulus,Level_Up,0.10122364844823009,0.15623244664115088,1.0,False,unknown,Level,0.2809789187585841
RDV,Stash,0.12176878047398228,0.15477470662154255,0.9172442572270822,False,unknown,Reward,0.28086387582460226
accountServiceHomepage,Stash,0.12176878047398228,0.15477470662154255,0.9172442572270822,False,unknown,Reward,0.28086387582460226
workplaceHomepage,Stash,0.12176878047398228,0.15477470662154255,0.9172442572270822,False,unknown,Reward,0.28086387582460226
Entity,BLockGame,0.3179301575801766,0.28737790647706707,0.12935257077791257,False,unknown,Badge,0.2802146402197238
Class,BLockGame,0.3179301575801766,0.28737790647706707,0.12935257077791257,False,unknown,Badge,0.2802146402197238
Mike_23,BLockGame,0.31715825210993503,0.24018596886611684,0.12935257077791257,False,UserAccount,Badge,0.27959711584353053
RFK_L6_R4,Stash,0.11963615274507708,0.16350032624847208,0.9172442572270822,False,ReferenceKey,Reward,0.2791577736414781
RFK_L5_R2,Stash,0.11963615274507708,0.16350032624847208,0.9172442572270822,False,ReferenceKey,Reward,0.2791577736414781
RFK_L5_R1,Stash,0.11963615274507708,0.16350032624847208,0.9172442572270822,False,ReferenceKey,Reward,0.2791577736414781
RFK_L5_R3,Stash,0.11963615274507708,0.16350032624847208,0.9172442572270822,False,ReferenceKey,Reward,0.2791577736414781
RFK_L8_R2,Stash,0.11963615274507708,0.16350032624847208,0.9172442572270822,False,ReferenceKey,Reward,0.2791577736414781
RFK_L9_R2,Stash,0.11963615274507708,0.16350032624847208,0.9172442572270822,False,ReferenceKey,Reward,0.2791577736414781
RFK_L9_R3,Stash,0.11963615274507708,0.16350032624847208,0.9172442572270822,False,ReferenceKey,Reward,0.2791577736414781
RFK_L9_R1,Stash,0.11963615274507708,0.16350032624847208,0.9172442572270822,False,ReferenceKey,Reward,0.2791577736414781
RFK_L8_R4,Stash,0.11963615274507708,0.16350032624847208,0.9172442572270822,False,ReferenceKey,Reward,0.2791577736414781
RFK_L7_R1,Stash,0.11963615274507708,0.16350032624847208,0.9172442572270822,False,ReferenceKey,Reward,0.2791577736414781
RFK_L8_R1,Stash,0.11963615274507708,0.16350032624847208,0.9172442572270822,False,ReferenceKey,Reward,0.2791577736414781
RFK_L6_R3,Stash,0.11963615274507708,0.16350032624847208,0.9172442572270822,False,ReferenceKey,Reward,0.2791577736414781
RFK_L5_R5,Stash,0.11963615274507708,0.16350032624847208,0.9172442572270822,False,ReferenceKey,Reward,0.2791577736414781
RFK_L7_R3,Stash,0.11963615274507708,0.16350032624847208,0.9172442572270822,False,ReferenceKey,Reward,0.2791577736414781
RFK_L8_R3,Stash,0.11963615274507708,0.16350032624847208,0.9172442572270822,False,ReferenceKey,Reward,0.2791577736414781
RFK_L7_R2,Stash,0.11963615274507708,0.16350032624847208,0.9172442572270822,False,ReferenceKey,Reward,0.2791577736414781
RFK_L5_R4,Stash,0.11963615274507708,0.16350032624847208,0.9172442572270822,False,ReferenceKey,Reward,0.2791577736414781
RFK_L6_R2,Stash,0.11963615274507708,0.16350032624847208,0.9172442572270822,False,ReferenceKey,Reward,0.2791577736414781
RFK_L7_R4,Stash,0.11963615274507708,0.16350032624847208,0.9172442572270822,False,ReferenceKey,Reward,0.2791577736414781
RFK_L1_R7,Stash,0.11963615274507708,0.16350032624847208,0.9172442572270822,False,ReferenceKey,Reward,0.2791577736414781
RFK_L6_R1,Stash,0.11963615274507708,0.16350032624847208,0.9172442572270822,False,ReferenceKey,Reward,0.2791577736414781
Sofia,Stash,0.11908745002205312,0.15297991753892642,0.9172442572270822,False,Learner,Reward,0.27871881146305894
Tom,Stash,0.11908745002205312,0.15297991753892642,0.9172442572270822,False,Learner,Reward,0.27871881146305894
Motrain,Stash,0.11868061605883798,0.15869747058509176,0.9172442572270822,False,GameElementResource,Reward,0.27839334429248686
hasTarget,Level_Up,0.0969177315299933,0.15950226766543782,1.0,False,unknown,Level,0.27753418522399464
interest,Level_Up,0.0969177315299933,0.15950226766543782,1.0,False,unknown,Level,0.27753418522399464
isPrimaryTopicOf,Level_Up,0.0969177315299933,0.15950226766543782,1.0,False,unknown,Level,0.27753418522399464
space_of,Level_Up,0.09663731466379363,0.1587966257240341,1.0,False,unknown,Level,0.27730985173103495
has_EndDate,Level_Up,0.096637219296362,0.15879641358268085,1.0,False,unknown,Level,0.2773097754370896
img,Level_Up,0.096637219296362,0.15879641358268085,1.0,False,unknown,Level,0.2773097754370896
Chat,Level_Up,0.096637219296362,0.15879641358268085,1.0,False,unknown,Level,0.2773097754370896
Annotation,Level_Up,0.096637219296362,0.15879641358268085,1.0,False,unknown,Level,0.2773097754370896
lives_in,Level_Up,0.09663721333589752,0.15879640032384634,1.0,False,unknown,Level,0.27730977066871804
has_type,Level_Up,0.09648546772091435,0.1583767832975769,1.0,False,unknown,Level,0.2771883741767315
has_question,Level_Up,0.09648546772091435,0.1583767832975769,1.0,False,unknown,Level,0.2771883741767315
teaches,Level_Up,0.09648530082790899,0.15837641206057537,1.0,False,unknown,Level,0.2771882406623272
member,Level_Up,0.09648530082790899,0.15837641206057537,1.0,False,unknown,Level,0.2771882406623272
has_user_account,Level_Up,0.09648530082790899,0.15837641206057537,1.0,False,unknown,Level,0.2771882406623272
view_resource,Level_Up,0.09648530082790899,0.15837641206057537,1.0,False,unknown,Level,0.2771882406623272
thumbnail,Level_Up,0.09636520227234521,0.15802697825396084,1.0,False,unknown,Level,0.2770921618178762
Vcard,Level_Up,0.09626834677111937,0.1577290290180337,1.0,False,unknown,Level,0.2770146774168955
lesson 3 for the course Object Oriented Programming,Stash,0.11666214726340225,0.15788352065591232,0.9172442572270822,False,unknown,Reward,0.27677856925613825
leçon 3 du cours Programmation Orientée Objet,Stash,0.11666214726340225,0.15788352065591232,0.9172442572270822,False,unknown,Reward,0.27677856925613825
Lesson 1 of course Object oriented programming,Stash,0.11666206153469691,0.15788359286684686,0.9172442572270822,False,unknown,Reward,0.276778500673174
ressource bonus pour la leçon 3 Méthodes et constructeurs de classe,Stash,0.1164360766037034,0.1585650662600346,0.9172442572270822,False,unknown,Reward,0.2765977127283792
bonus resource for lesson 3 Class Methods and Constructors,Stash,0.1164360766037034,0.1585650662600346,0.9172442572270822,False,unknown,Reward,0.2765977127283792
bonus material for lesson 1 java basics,Stash,0.11643605047308785,0.15856508311674056,0.9172442572270822,False,unknown,Reward,0.2765976918238867
bonus resource for lesson 4 Class Methods and Constructors,Stash,0.11643496234025705,0.15856578506788102,0.9172442572270822,False,unknown,Reward,0.2765968213176221
ressource bonus pour la leçon 4 Méthodes et constructeurs de classe,Stash,0.11643496234025705,0.15856578506788102,0.9172442572270822,False,unknown,Reward,0.2765968213176221
exercisse of lesson 2 Classes and Objects,Stash,0.11643095389461122,0.1585684038664958,0.9172442572270822,False,unknown,Reward,0.2765936145611054
Assessment,Stash,0.11643095389461122,0.1585684038664958,0.9172442572270822,False,unknown,Reward,0.2765936145611054
Allows the user to choose or change their avatar at any time.,Stash,0.11639097815860336,0.15859446036818636,0.9172442572270822,False,unknown,Reward,0.27656163397229916
3.0.0,Stash,0.11639097815860336,0.15859446036818636,0.9172442572270822,False,unknown,Reward,0.27656163397229916
block_game,Stash,0.11639097815860336,0.15859446036818636,0.9172442572270822,False,unknown,Reward,0.27656163397229916
"Learners receive points for their actions, visualise their progress, compete with others through a leaderboard, and unlock content based on their individual needs and experiences.",Stash,0.11637287108147971,0.15860634359967224,0.9172442572270822,False,unknown,Reward,0.27654714831060023
Level Up XP,Stash,0.11637287108147971,0.15860634359967224,0.9172442572270822,False,unknown,Reward,0.27654714831060023
block_xp,Stash,0.11637287108147971,0.15860634359967224,0.9172442572270822,False,unknown,Reward,0.27654714831060023
A companion plugin for block_stash. This allows you to create items and trades from the TinyMCE editor to be inserted into the activities in your course,Stash,0.11637285916055076,0.15860631837966102,0.9172442572270822,False,unknown,Reward,0.27654713877385706
Tiny Stash,Stash,0.11637285916055076,0.15860631837966102,0.9172442572270822,False,unknown,Reward,0.27654713877385706
tiny_stash,Stash,0.11637285916055076,0.15860631837966102,0.9172442572270822,False,unknown,Reward,0.27654713877385706
Group,BLockGame,0.31265760015883337,0.20665783323689352,0.12935257077791257,False,unknown,Badge,0.2759965942826492
leçon 9 du cours Programmation Orientée Objet,Stash,0.11440026971553818,0.15693957574615489,0.9172442572270822,False,unknown,Reward,0.274969067217847
lesson 9 for the course Object Oriented Programming,Stash,0.11440026971553818,0.15693957574615489,0.9172442572270822,False,unknown,Reward,0.274969067217847
lesson 5 for the course Object Oriented Programming,Stash,0.11439245196248007,0.15694466085518496,0.9172442572270822,False,unknown,Reward,0.2749628130154005
leçon 5 du cours Programmation Orientée Objet,Stash,0.11439245196248007,0.15694466085518496,0.9172442572270822,False,unknown,Reward,0.2749628130154005
leçon 4 du cours Programmation Orientée Objet,Stash,0.11399158070127893,0.15757596170677862,0.9172442572270822,False,unknown,Reward,0.2746421160064396
lesson 4 for the course Object Oriented Programming,Stash,0.11399158070127893,0.15757596170677862,0.9172442572270822,False,unknown,Reward,0.2746421160064396
lesson 2 for the course Object Oriented Programming,Stash,0.11399061673715942,0.1575765861451916,0.9172442572270822,False,unknown,Reward,0.274641344835144
leçon 6 du cours Programmation Orientée Objet,Stash,0.11375648063671481,0.1568668882422264,0.9172442572270822,False,unknown,Reward,0.2744540359547883
lesson 6 for the course Object Oriented Programming,Stash,0.11375648063671481,0.1568668882422264,0.9172442572270822,False,unknown,Reward,0.2744540359547883
Essential,Stash,0.11301238203504962,0.15835269846830916,0.9172442572270822,False,unknown,Reward,0.27385875707345614
Built-in Data Types,Stash,0.11301238203504962,0.15835269846830916,0.9172442572270822,False,unknown,Reward,0.27385875707345614
hasKnowledge,Tiny_stash,0.3319342887174622,0.08750833352776789,0.0415518252487452,False,TransitiveProperty,Reward,0.2738577960237188
Explorer,Stash,0.11300736098110523,0.15835584630426977,0.9172442572270822,False,unknown,Reward,0.27385474023030065
hasGamificationExperience,Tiny_stash,0.3315179226755993,0.08808917048167798,0.0415518252487452,False,ObjectProperty,Reward,0.2735247031902285
locator,Stash,0.11214271849295188,0.1523913932633386,0.9172442572270822,False,AnnotationProperty,Reward,0.27316302623977795
lesson 8 for the course Object Oriented Programming,Stash,0.11182785160624091,0.1567334027316924,0.9172442572270822,False,unknown,Reward,0.2729111327304092
leçon 8 du cours Programmation Orientée Objet,Stash,0.11182785160624091,0.1567334027316924,0.9172442572270822,False,unknown,Reward,0.2729111327304092
bonus material for lesson 2 classes and objects,Stash,0.11116895458034397,0.1582623818352215,0.9172442572270822,False,unknown,Reward,0.2723840151096916
onlineCourse,Stash,0.11065499757210447,0.1571507682507411,0.9172442572270822,False,Class,Reward,0.2719728495031
res,Availability_Block_Game_by_level,0.3378852102530303,0.15270512043411782,0.0,False,Variable,Level,0.27030816820242426
leçon 7 du cours Programmation Orientée Objet,Stash,0.10593591113184778,0.1571727269496194,0.9172442572270822,False,unknown,Reward,0.2681975803508947
lesson 7 for the course Object Oriented Programming,Stash,0.10593591113184778,0.1571727269496194,0.9172442572270822,False,unknown,Reward,0.2681975803508947
CreativeWork,Availability_Block_Game_by_level,0.3351203873505806,0.17504677050448034,0.0,False,unknown,Level,0.26809630988046446
topDataProperty,Stash,0.10560215111896036,0.15487215447318217,0.9172442572270822,False,ObjectProperty,Reward,0.26793057234058476
Exploration,Stash,0.10462400243953604,0.15421985390364487,0.9172442572270822,False,NamedIndividual,Reward,0.2671480533970453
Novice,Stash,0.10313556805609307,0.15610169632543516,0.9172442572270822,False,NamedIndividual,Reward,0.26595730589029093
Performance,Stash,0.10313556805609307,0.15610169632543516,0.9172442572270822,False,NamedIndividual,Reward,0.26595730589029093
LegalDocument,BLockGame,0.3001004426655117,0.14873722157949787,0.12935257077791257,False,Class,Badge,0.2659508682879919
hasPreLesson,Stash,0.1029168457761589,0.15673665463153602,0.9172442572270822,False,ReflexiveProperty,Reward,0.26578232806634355
Bonus,Stash,0.10217139539852631,0.1560403067109976,0.9172442572270822,False,NamedIndividual,Reward,0.26518596776423753
hasPreResource,Stash,0.10198235338567092,0.15627999874112747,0.9172442572270822,False,ReflexiveProperty,Reward,0.2650347341539532
UserGroup,Tiny_stash,0.3208293265279859,0.3251119743655089,0.0415518252487452,False,unknown,Reward,0.2649738262721378
hasPedagogicalExperience,Stash,0.10181645754175017,0.156313096195823,0.9172442572270822,False,ObjectProperty,Reward,0.2649020174788166
cites,Stash,0.1018161595185263,0.15631244100235295,0.9172442572270822,False,ObjectProperty,Reward,0.2649017790602375
_:b16,Stash,0.10179087890826477,0.15675546026030676,0.9172442572270822,False,Restriction,Reward,0.2648815545720283
issuer,Stash,0.10172805841337448,0.1560201624017834,0.9172442572270822,False,ObjectProperty,Reward,0.26483129817611606
distributor,Stash,0.10172805841337448,0.1560201624017834,0.9172442572270822,False,ObjectProperty,Reward,0.26483129817611606
wasAssociatedWith,Stash,0.10172805841337448,0.1560201624017834,0.9172442572270822,False,ObjectProperty,Reward,0.26483129817611606
editor,Stash,0.10172805841337448,0.1560201624017834,0.9172442572270822,False,ObjectProperty,Reward,0.26483129817611606
translator,Stash,0.10172805841337448,0.1560201624017834,0.9172442572270822,False,ObjectProperty,Reward,0.26483129817611606
has_URL,Tiny_stash,0.32039910580818326,0.09302653928851852,0.0415518252487452,False,DatatypeProperty,Reward,0.26462964969629565
Whether it is flexible or has certain deadlines,Stash,0.10143841544633463,0.15738333520624587,0.9172442572270822,False,unknown,Reward,0.26459958380248416
the original language inwhich the course is created with,Stash,0.10143841544633463,0.15738333520624587,0.9172442572270822,False,unknown,Reward,0.26459958380248416
total number of learners enrolled to the course throughout the years,Stash,0.10143841544633463,0.15738333520624587,0.9172442572270822,False,unknown,Reward,0.26459958380248416
Number of hours for completing the course,Stash,0.10143841544633463,0.15738333520624587,0.9172442572270822,False,unknown,Reward,0.26459958380248416
language for the transcript of the course's resources,Stash,0.10143841544633463,0.15738333520624587,0.9172442572270822,False,unknown,Reward,0.26459958380248416
rating of course from 0 to 5.,Stash,0.10143841544633463,0.15738333520624587,0.9172442572270822,False,unknown,Reward,0.26459958380248416
hasInputPole,Tiny_stash,0.319993386771668,0.09354257621686185,0.0415518252487452,False,ObjectProperty,Reward,0.26430507446708346
hasPerceptionPole,Tiny_stash,0.31999334504841664,0.09354249372887131,0.0415518252487452,False,ObjectProperty,Reward,0.26430504108848235
hasProcessingPole,Tiny_stash,0.31999334504841664,0.09354249372887131,0.0415518252487452,False,ObjectProperty,Reward,0.26430504108848235
hasUnderstandingPole,Tiny_stash,0.31999334504841664,0.09354249372887131,0.0415518252487452,False,ObjectProperty,Reward,0.26430504108848235
editorList,Stash,0.10095738262767984,0.1571640091590049,0.9172442572270822,False,AnnotationProperty,Reward,0.2642147575475603
edition,Stash,0.10095738262767984,0.1571640091590049,0.9172442572270822,False,AnnotationProperty,Reward,0.2642147575475603
schoolHomepage,Stash,0.10084069986129715,0.1568116827165353,0.9172442572270822,False,AnnotationProperty,Reward,0.26412141133445416
familyName,Stash,0.10084069986129715,0.1568116827165353,0.9172442572270822,False,AnnotationProperty,Reward,0.26412141133445416
presentedAt,Stash,0.10084037799621537,0.1568109748536453,0.9172442572270822,False,AnnotationProperty,Reward,0.26412115384238877
shortDescription,Stash,0.10084037799621537,0.1568109748536453,0.9172442572270822,False,AnnotationProperty,Reward,0.26412115384238877
hasSelf,Stash,0.10084037799621537,0.1568109748536453,0.9172442572270822,False,AnnotationProperty,Reward,0.26412115384238877
oneOf,Stash,0.10084037799621537,0.1568109748536453,0.9172442572270822,False,AnnotationProperty,Reward,0.26412115384238877
annotates,Stash,0.10084037799621537,0.1568109748536453,0.9172442572270822,False,AnnotationProperty,Reward,0.26412115384238877
plan,Stash,0.10084036607528642,0.1568109486365033,0.9172442572270822,False,AnnotationProperty,Reward,0.2641211443056456
pastProject,Stash,0.10084036607528642,0.1568109486365033,0.9172442572270822,False,AnnotationProperty,Reward,0.2641211443056456
workInfoHomepage,Stash,0.10084036607528642,0.1568109486365033,0.9172442572270822,False,AnnotationProperty,Reward,0.2641211443056456
court,Stash,0.10075150895675485,0.15651968626816726,0.9172442572270822,False,AnnotationProperty,Reward,0.2640500586108203
skypeID,Stash,0.10075134802421395,0.15651933237823018,0.9172442572270822,False,AnnotationProperty,Reward,0.2640499298647876
weblog,Stash,0.10075134802421395,0.15651933237823018,0.9172442572270822,False,AnnotationProperty,Reward,0.2640499298647876
made,Stash,0.10075134802421395,0.15651933237823018,0.9172442572270822,False,AnnotationProperty,Reward,0.2640499298647876
family_name,Stash,0.10075134802421395,0.15651933237823018,0.9172442572270822,False,AnnotationProperty,Reward,0.2640499298647876
msnChatID,Stash,0.10075134802421395,0.15651933237823018,0.9172442572270822,False,AnnotationProperty,Reward,0.2640499298647876
openid,Stash,0.10075134802421395,0.15651933237823018,0.9172442572270822,False,AnnotationProperty,Reward,0.2640499298647876
firstName,Stash,0.10075134802421395,0.15651933237823018,0.9172442572270822,False,AnnotationProperty,Reward,0.2640499298647876
icqChatID,Stash,0.10075134802421395,0.15651933237823018,0.9172442572270822,False,AnnotationProperty,Reward,0.2640499298647876
publications,Stash,0.10075134802421395,0.15651933237823018,0.9172442572270822,False,AnnotationProperty,Reward,0.2640499298647876
geekcode,Stash,0.10075134802421395,0.15651933237823018,0.9172442572270822,False,AnnotationProperty,Reward,0.2640499298647876
lastName,Stash,0.10075134802421395,0.15651933237823018,0.9172442572270822,False,AnnotationProperty,Reward,0.2640499298647876
Task_about_Event_Handler_and_Listener,Interactive_Content_–_H5P,0.3300597058506433,0.12779691055053993,0.0,False,GamifiedResource,GameElementResource,0.26404776468051466
Task_about_Event_Handler_and_Listener,Block_Game,0.3300597058506433,0.12779691055053993,0.0,False,GamifiedResource,GameElementResource,0.26404776468051466
Experience,Tiny_stash,0.3190030341034592,0.25896592181731315,0.0415518252487452,False,Class,Reward,0.2635127923325164
integrated this game element,Stash,0.09977296373358577,0.15691944739104313,0.9172442572270822,False,unknown,Reward,0.26326722243228506
"The course is targeted for audience who have payment preference of either ""free of charge"" or ""with charge""",Stash,0.09977296373358577,0.15691944739104313,0.9172442572270822,False,unknown,Reward,0.26326722243228506
The duration in minutes of a single resource,Stash,0.09977296373358577,0.15691944739104313,0.9172442572270822,False,unknown,Reward,0.26326722243228506
the latest version released for this game element,Stash,0.09977296373358577,0.15691944739104313,0.9172442572270822,False,unknown,Reward,0.26326722243228506
brief description of the game element purpose,Stash,0.09977296373358577,0.15691944739104313,0.9172442572270822,False,unknown,Reward,0.26326722243228506
Total number of downloads done for this game elemnent,Stash,0.09977296373358577,0.15691944739104313,0.9172442572270822,False,unknown,Reward,0.26326722243228506
"The targeted audience of a targeted course has targeted educational level to be beginner, intermefdiate, or advanced",Stash,0.09977296373358577,0.15691944739104313,0.9172442572270822,False,unknown,Reward,0.26326722243228506
Total number of likes granted for this game element,Stash,0.09977296373358577,0.15691944739104313,0.9172442572270822,False,unknown,Reward,0.26326722243228506
the title of the game element,Stash,0.09977296373358577,0.15691944739104313,0.9172442572270822,False,unknown,Reward,0.26326722243228506
the number of weeks since the latest release of the game element version,Stash,0.09977296373358577,0.15691944739104313,0.9172442572270822,False,unknown,Reward,0.26326722243228506
"the teacher defines the purpose of the resource as either for ""lecturing"" or for ""assessment""",Stash,0.0997729577731213,0.15691943420412552,0.9172442572270822,False,unknown,Reward,0.2632672176639135
game elements relevant to behavioural objectives,Stash,0.09974238962519626,0.15693563548018222,0.9172442572270822,False,unknown,Reward,0.2632427631455735
link exxperience level with number: expert=4,Stash,0.09974238962519626,0.15693563548018222,0.9172442572270822,False,unknown,Reward,0.2632427631455735
gamified resource contains one or more game elements,Stash,0.09974238962519626,0.15693563548018222,0.9172442572270822,False,unknown,Reward,0.2632427631455735
link exxperience level with number: expert=2,Stash,0.09974238962519626,0.15693563548018222,0.9172442572270822,False,unknown,Reward,0.2632427631455735
linking bonus resources with teaaccher exploration objective,Stash,0.09974238962519626,0.15693563548018222,0.9172442572270822,False,unknown,Reward,0.2632427631455735
subclass to class,Stash,0.09974238962519626,0.15693563548018222,0.9172442572270822,False,unknown,Reward,0.2632427631455735
Linking leaderboard to resources with objective competition,Stash,0.09974238962519626,0.15693563548018222,0.9172442572270822,False,unknown,Reward,0.2632427631455735
link exxperience level with number: expert=6,Stash,0.09974238962519626,0.15693563548018222,0.9172442572270822,False,unknown,Reward,0.2632427631455735
Identify the more expert teacher between two teachers,Stash,0.09974238962519626,0.15693563548018222,0.9172442572270822,False,unknown,Reward,0.2632427631455735
CollectedDocument,Stash,0.09964748252345024,0.1565614375161227,0.9172442572270822,False,unknown,Reward,0.26316683746417663
Gamified resource that contains social leaderboard game element must contain social points game element,Stash,0.0996168257552759,0.1565776276295037,0.9172442572270822,False,unknown,Reward,0.2631423120496372
Gamified resource that contains score leaderboard game element must contain score points game element,Stash,0.0996168257552759,0.1565776276295037,0.9172442572270822,False,unknown,Reward,0.2631423120496372
Gamified resource that contains experience leaderboard game element must contain experience points game element,Stash,0.0996168257552759,0.1565776276295037,0.9172442572270822,False,unknown,Reward,0.2631423120496372
Gamified resource that contains bonus leaderboard game element must contain bonus points game element,Stash,0.0996168257552759,0.1565776276295037,0.9172442572270822,False,unknown,Reward,0.2631423120496372
anyURI,Stash,0.09951984978676413,0.15628268597708275,0.9172442572270822,False,unknown,Reward,0.26306473127482777
"the url of the game elment where it can be downloaded. In addition, this url contains information of the game elemnt.",Stash,0.09951984978676413,0.15628268597708275,0.9172442572270822,False,unknown,Reward,0.26306473127482777
VCard,Stash,0.09947572802820581,0.15602010217790788,0.9172442572270822,False,unknown,Reward,0.2630294338679811
hasEducationalTopic,Stash,0.09790974285253884,0.1574002937781854,0.9172442572270822,False,FunctionalProperty,Reward,0.2617766457274475
"index key for the resource ""Java FX""",Stash,0.09662389492192885,0.1591817953743075,0.9172442572270822,False,unknown,Reward,0.2607479673829595
startingPage,BLockGame,0.29350714964860736,0.13452466476627364,0.12935257077791257,False,AnnotationProperty,Badge,0.2606762338744684
Slide,Stash,0.09597101044934421,0.158702601856065,0.9172442572270822,False,Class,Reward,0.2602256598048918
Map,Stash,0.09584382817310053,0.15834796929568035,0.9172442572270822,False,Class,Reward,0.2601239139838969
LegalDecision,Stash,0.09584381625217156,0.15834794286264745,0.9172442572270822,False,Class,Reward,0.2601239044471537
Thesis,Stash,0.09584346458476739,0.15834716308821,0.9172442572270822,False,Class,Reward,0.26012362311323034
EditedBook,Stash,0.09584346458476739,0.15834716308821,0.9172442572270822,False,Class,Reward,0.26012362311323034
Feedback,Stash,0.09584317848247247,0.15834652869549534,0.9172442572270822,False,Class,Reward,0.2601233942313944
Timer,Stash,0.09584317848247247,0.15834652869549534,0.9172442572270822,False,Class,Reward,0.2601233942313944
Challenge,Stash,0.09584317848247247,0.15834652869549534,0.9172442572270822,False,Class,Reward,0.2601233942313944
Level,Stash,0.09584317848247247,0.15834652869549534,0.9172442572270822,False,Class,Reward,0.2601233942313944
Hint,Stash,0.09584317848247247,0.15834652869549534,0.9172442572270822,False,Class,Reward,0.2601233942313944
ProgressBar,Stash,0.09584317848247247,0.15834652869549534,0.9172442572270822,False,Class,Reward,0.2601233942313944
Reward,Stash,0.09584317848247247,0.15834652869549534,0.9172442572270822,False,Class,Reward,0.2601233942313944
Achievement,Stash,0.09584317848247247,0.15834652869549534,0.9172442572270822,False,Class,Reward,0.2601233942313944
Badge,Stash,0.09584317848247247,0.15834652869549534,0.9172442572270822,False,Class,Reward,0.2601233942313944
Story,Stash,0.09584317848247247,0.15834652869549534,0.9172442572270822,False,Class,Reward,0.2601233942313944
PedagogicalObjective,Stash,0.0957446743068661,0.15805534948264158,0.9172442572270822,False,Class,Reward,0.26004459089090937
Manuscript,Stash,0.09574466834640163,0.1580553362667863,0.9172442572270822,False,Class,Reward,0.2600445861225378
AcademicArticle,Stash,0.09574466834640163,0.1580553362667863,0.9172442572270822,False,Class,Reward,0.2600445861225378
PedagogicalExperience,Stash,0.09574463258361476,0.15805525697165518,0.9172442572270822,False,Class,Reward,0.26004455751230826
PedagogicalKnowledge,Stash,0.09566763026502091,0.1578116104863076,0.9172442572270822,False,Class,Reward,0.2599829556574332
objectives the teacher can choose from for each resource to prompt a desired learners’ behaviours when learners interact with that resource.,Stash,0.09504155080498049,0.15848254612068735,0.9172442572270822,False,unknown,Reward,0.2594820920894009
has_Place,Stash,0.0949456169523473,0.15817385329302042,0.9172442572270822,False,unknown,Reward,0.2594053450072943
unsignedInt,Stash,0.09476128877177212,0.15861565811001993,0.9172442572270822,False,unknown,Reward,0.25925788246283415
Representes the numeric value equivaent to the teache's gamification experience level,Stash,0.09476128877177212,0.15861565811001993,0.9172442572270822,False,unknown,Reward,0.25925788246283415
"ressource bonus pour la leçon 7 ""Event Handler and Listener""",Stash,0.09361713230559028,0.1607010870388057,0.9172442572270822,False,unknown,Reward,0.2583425572898887
bonus resource for lesson 7 Event Handler and Listener,Stash,0.09361713230559028,0.1607010870388057,0.9172442572270822,False,unknown,Reward,0.2583425572898887
ressource bonus pour la leçon 8 Gestion des exceptions,Stash,0.09357086054244719,0.1607226359979368,0.9172442572270822,False,unknown,Reward,0.2583055398793742
bonus resource for lesson 8 Exception Handling,Stash,0.09357086054244719,0.1607226359979368,0.9172442572270822,False,unknown,Reward,0.2583055398793742
bonus resource for lesson 9 Input and Output Stream,Stash,0.0935303139179258,0.16074152520084145,0.9172442572270822,False,unknown,Reward,0.2582731025797571
ressource bonus pour la leçon 9 Flux d'entrée et de sortie,Stash,0.0935303139179258,0.16074152520084145,0.9172442572270822,False,unknown,Reward,0.2582731025797571
bonus resource for lesson 5 Class Methods and Constructors,Stash,0.09352693646141366,0.16074309645534396,0.9172442572270822,False,unknown,Reward,0.25827040061454737
ressource bonus pour la leçon 5 Méthodes et constructeurs de classe,Stash,0.09352693646141366,0.16074309645534396,0.9172442572270822,False,unknown,Reward,0.25827040061454737
Advanced,Stash,0.09346456053459198,0.16023358671785382,0.9172442572270822,False,unknown,Reward,0.25822049987309004
Motivation,Stash,0.0934643760023379,0.1602336706114136,0.9172442572270822,False,unknown,Reward,0.2582203522472868
greaterThan,Stash,0.09330495982091731,0.15979578846429007,0.9172442572270822,False,unknown,Reward,0.25809281930215033
"has priority to either essential or bonus to be accessed by the learner.
This priority is decided by the teacher for the resource.",Stash,0.09260573521851263,0.16018216393307783,0.9172442572270822,False,unknown,Reward,0.25753343962022657
"the playing style the teacher prefers, it is either ""explorer"", ""achiever"", ""philanthropest"", or ""socializer""",Stash,0.09254726610537693,0.16020904431993516,0.9172442572270822,False,unknown,Reward,0.257486664329718
detects,Stash,0.09240720677730675,0.15985827722061752,0.9172442572270822,False,unknown,Reward,0.2573746168672619
Stimulus,Stash,0.09240720677730675,0.15985827722061752,0.9172442572270822,False,unknown,Reward,0.2573746168672619
isPrimaryTopicOf,Stash,0.0920039363219427,0.1603738074568186,0.9172442572270822,False,unknown,Reward,0.2570520005029706
interest,Stash,0.0920039363219427,0.1603738074568186,0.9172442572270822,False,unknown,Reward,0.2570520005029706
hasTarget,Stash,0.0920039363219427,0.1603738074568186,0.9172442572270822,False,unknown,Reward,0.2570520005029706
space_of,Stash,0.09187373471962552,0.1600180501931181,0.9172442572270822,False,unknown,Reward,0.25694783922111686
Annotation,Stash,0.09187364531265836,0.16001785124264184,0.9172442572270822,False,unknown,Reward,0.25694776769554317
Chat,Stash,0.09187364531265836,0.16001785124264184,0.9172442572270822,False,unknown,Reward,0.25694776769554317
has_EndDate,Stash,0.09187364531265836,0.16001785124264184,0.9172442572270822,False,unknown,Reward,0.25694776769554317
img,Stash,0.09187364531265836,0.16001785124264184,0.9172442572270822,False,unknown,Reward,0.25694776769554317
lives_in,Stash,0.09187363339172941,0.16001782471591186,0.9172442572270822,False,unknown,Reward,0.2569477581588
has_question,Stash,0.09177146704881378,0.15972431780149152,0.9172442572270822,False,unknown,Reward,0.2568660250844675
has_type,Stash,0.09177146704881378,0.15972431780149152,0.9172442572270822,False,unknown,Reward,0.2568660250844675
has_user_account,Stash,0.09177130611627289,0.15972395970185826,0.9172442572270822,False,unknown,Reward,0.25686589633843476
view_resource,Stash,0.09177130611627289,0.15972395970185826,0.9172442572270822,False,unknown,Reward,0.25686589633843476
teaches,Stash,0.09177130611627289,0.15972395970185826,0.9172442572270822,False,unknown,Reward,0.25686589633843476
member,Stash,0.09177130611627289,0.15972395970185826,0.9172442572270822,False,unknown,Reward,0.25686589633843476
thumbnail,Stash,0.09169237104233494,0.15948200772511104,0.9172442572270822,False,unknown,Reward,0.2568027482792844
Vcard,Stash,0.09162981880804545,0.15927636802046544,0.9172442572270822,False,unknown,Reward,0.25675270649185283
nonNegativeInteger,Availability_Block_Game_by_level,0.31671082198197614,0.17348224568720566,0.0,False,unknown,Level,0.2533686575855809
Participation,Tiny_stash,0.3055089678786237,0.25036582106085603,0.0415518252487452,False,NamedIndividual,Reward,0.252717539352648
UserGroup,BLockGame,0.27236137517983766,0.2252725807128322,0.12935257077791257,False,unknown,Badge,0.24375961429945264
Buil-in_Data_Types,Availability_Block_Game_by_level,0.29920493830740885,0.1874611329927447,0.0,False,GamifiedResource,Level,0.23936395064592708
ProcessingPole,Tiny_stash,0.2859315955003058,0.2663780623312438,0.0415518252487452,False,Class,Reward,0.2370556414499937
UnderstandingPole,Tiny_stash,0.2859315955003058,0.2663780623312438,0.0415518252487452,False,Class,Reward,0.2370556414499937
_:b166,Tiny_stash,0.28450214333291485,0.11544061063655933,0.0415518252487452,False,Imp,Reward,0.23591207971608094
_:b177,Tiny_stash,0.28450214333291485,0.11544061063655933,0.0415518252487452,False,Imp,Reward,0.23591207971608094
_:b108,Tiny_stash,0.28450214333291485,0.11544061063655933,0.0415518252487452,False,Imp,Reward,0.23591207971608094
_:b85,Tiny_stash,0.28450214333291485,0.11544061063655933,0.0415518252487452,False,Imp,Reward,0.23591207971608094
_:b148,Tiny_stash,0.28450214333291485,0.11544061063655933,0.0415518252487452,False,Imp,Reward,0.23591207971608094
_:b63,Tiny_stash,0.28450214333291485,0.11544061063655933,0.0415518252487452,False,Imp,Reward,0.23591207971608094
_:b264,Tiny_stash,0.28450214333291485,0.11544061063655933,0.0415518252487452,False,Imp,Reward,0.23591207971608094
_:b155,Tiny_stash,0.28450214333291485,0.11544061063655933,0.0415518252487452,False,Imp,Reward,0.23591207971608094
_:b74,Tiny_stash,0.28450214333291485,0.11544061063655933,0.0415518252487452,False,Imp,Reward,0.23591207971608094
_:b245,Tiny_stash,0.28450214333291485,0.11544061063655933,0.0415518252487452,False,Imp,Reward,0.23591207971608094
_:b199,Tiny_stash,0.28450214333291485,0.11544061063655933,0.0415518252487452,False,Imp,Reward,0.23591207971608094
_:b275,Tiny_stash,0.28450214333291485,0.11544061063655933,0.0415518252487452,False,Imp,Reward,0.23591207971608094
_:b117,Tiny_stash,0.28450214333291485,0.11544061063655933,0.0415518252487452,False,Imp,Reward,0.23591207971608094
_:b240,Tiny_stash,0.2845021373724504,0.11544059800628866,0.0415518252487452,False,Imp,Reward,0.23591207494770938
_:b273,BLockGame,0.26215893275660546,0.13195117737210058,0.12935257077791257,False,DatavaluedPropertyAtom,Badge,0.23559766036086688
RFK_L1_R6,Tiny_stash,0.28335618532462037,0.18332175986766142,0.0415518252487452,False,ReferenceKey,Reward,0.23499531330944537
_:b126,Tiny_stash,0.2829040007769081,0.11308902765548225,0.0415518252487452,False,Imp,Reward,0.23463356567127552
_:b219,Tiny_stash,0.2829040007769081,0.11308902765548225,0.0415518252487452,False,Imp,Reward,0.23463356567127552
_:b208,Tiny_stash,0.2829040007769081,0.11308902765548225,0.0415518252487452,False,Imp,Reward,0.23463356567127552
_:b137,Tiny_stash,0.2829040007769081,0.11308902765548225,0.0415518252487452,False,Imp,Reward,0.23463356567127552
number,Tiny_stash,0.2820435694879987,0.24830138578581137,0.0415518252487452,False,AnnotationProperty,Reward,0.23394522064014803
_:b102,BLockGame,0.25987109427475763,0.1285046024984931,0.12935257077791257,False,DatavaluedPropertyAtom,Badge,0.23376738957538862
_:b100,BLockGame,0.2598683555973832,0.12850643114203225,0.12935257077791257,False,DatavaluedPropertyAtom,Badge,0.2337651986334891
has_host,BLockGame,0.25801955892027395,0.14763325655206797,0.12935257077791257,False,unknown,Badge,0.23228616129180168
OOPTeachers,Tiny_stash,0.27987648780779073,0.1901879797541649,0.0415518252487452,False,FreeGroup,Reward,0.23221155529598164
_:b116,BLockGame,0.25408711923602656,0.12922493649786368,0.12935257077791257,False,DatavaluedPropertyAtom,Badge,0.22914020954440378
_:b125,BLockGame,0.25408711923602656,0.12922493649786368,0.12935257077791257,False,DatavaluedPropertyAtom,Badge,0.22914020954440378
_:b254,Tiny_stash,0.2719685344220955,0.1448809633900374,0.0415518252487452,False,IndividualPropertyAtom,Reward,0.22588519258742548
MathCoursesCommunity,Tiny_stash,0.2709190633595006,0.188964546924538,0.0415518252487452,False,Space,Reward,0.22504561573734955
Collection,Tiny_stash,0.2708714473962788,0.2766594805246333,0.0415518252487452,False,Class,Reward,0.2250075229667721
_:b94,Tiny_stash,0.2701321099340417,0.14047299288310655,0.0415518252487452,False,IndividualPropertyAtom,Reward,0.22441605299698242
_:b191,Tiny_stash,0.2699473051387311,0.14606583928213354,0.0415518252487452,False,IndividualPropertyAtom,Reward,0.22426820916073395
_:b107,Tiny_stash,0.269830358042335,0.14609648943868772,0.0415518252487452,False,IndividualPropertyAtom,Reward,0.22417465148361707
_:b207,Tiny_stash,0.269830358042335,0.14609648943868772,0.0415518252487452,False,IndividualPropertyAtom,Reward,0.22417465148361707
_:b158,Tiny_stash,0.26983034612140605,0.14609646798236425,0.0415518252487452,False,IndividualPropertyAtom,Reward,0.2241746419468739
_:b263,Tiny_stash,0.26983034612140605,0.14609646798236425,0.0415518252487452,False,IndividualPropertyAtom,Reward,0.2241746419468739
_:b274,Tiny_stash,0.26983034612140605,0.14609646798236425,0.0415518252487452,False,IndividualPropertyAtom,Reward,0.2241746419468739
_:b180,Tiny_stash,0.26983034612140605,0.14609646798236425,0.0415518252487452,False,IndividualPropertyAtom,Reward,0.2241746419468739
_:b169,Tiny_stash,0.26983034612140605,0.14609646798236425,0.0415518252487452,False,IndividualPropertyAtom,Reward,0.2241746419468739
_:b68,Tiny_stash,0.2696643441786203,0.14648693225006507,0.0415518252487452,False,IndividualPropertyAtom,Reward,0.2240418403926453
_:b250,Tiny_stash,0.2696643441786203,0.14648693225006507,0.0415518252487452,False,IndividualPropertyAtom,Reward,0.2240418403926453
_:b280,Tiny_stash,0.2696643441786203,0.14648693225006507,0.0415518252487452,False,IndividualPropertyAtom,Reward,0.2240418403926453
_:b79,Tiny_stash,0.2696643441786203,0.14648693225006507,0.0415518252487452,False,IndividualPropertyAtom,Reward,0.2240418403926453
_:b92,Tiny_stash,0.269374338612803,0.1409963075036871,0.0415518252487452,False,IndividualPropertyAtom,Reward,0.22380983593999149
_:b151,Tiny_stash,0.26889260729610653,0.14384164392334592,0.0415518252487452,False,IndividualPropertyAtom,Reward,0.2234244508866343
_:b216,Tiny_stash,0.268892601335642,0.14384163331426406,0.0415518252487452,False,IndividualPropertyAtom,Reward,0.22342444611826268
_:b227,Tiny_stash,0.268892601335642,0.14384163331426406,0.0415518252487452,False,IndividualPropertyAtom,Reward,0.22342444611826268
_:b134,Tiny_stash,0.268892601335642,0.14384163331426406,0.0415518252487452,False,IndividualPropertyAtom,Reward,0.22342444611826268
_:b145,Tiny_stash,0.268892601335642,0.14384163331426406,0.0415518252487452,False,IndividualPropertyAtom,Reward,0.22342444611826268
_:b204,Tiny_stash,0.26872740821471996,0.14423940438078603,0.0415518252487452,False,IndividualPropertyAtom,Reward,0.22329229162152503
_:b113,Tiny_stash,0.26872738437286203,0.14423936202742627,0.0415518252487452,False,IndividualPropertyAtom,Reward,0.22329227254803868
_:b224,Tiny_stash,0.26872738437286203,0.14423936202742627,0.0415518252487452,False,IndividualPropertyAtom,Reward,0.22329227254803868
_:b131,Tiny_stash,0.26872738437286203,0.14423936202742627,0.0415518252487452,False,IndividualPropertyAtom,Reward,0.22329227254803868
_:b213,Tiny_stash,0.26872738437286203,0.14423936202742627,0.0415518252487452,False,IndividualPropertyAtom,Reward,0.22329227254803868
_:b122,Tiny_stash,0.26872738437286203,0.14423936202742627,0.0415518252487452,False,IndividualPropertyAtom,Reward,0.22329227254803868
_:b142,Tiny_stash,0.26872738437286203,0.14423936202742627,0.0415518252487452,False,IndividualPropertyAtom,Reward,0.22329227254803868
LearningStyle,Tiny_stash,0.2684789818772964,0.2764163499936987,0.0415518252487452,False,Class,Reward,0.2230935505515862
Error2,Tiny_stash,0.26812980156343824,0.2705136609879814,0.0415518252487452,False,Class,Reward,0.22281420630049967
_:b269,Tiny_stash,0.2678269563799029,0.14208841523878357,0.0415518252487452,False,IndividualPropertyAtom,Reward,0.22257193015367138
hasDeployment,Motrain,0.277534278017194,0.19466889155342443,0.0,False,unknown,GameElementResource,0.2220274224137552
Deployment,Motrain,0.277534278017194,0.19466889155342443,0.0,False,unknown,GameElementResource,0.2220274224137552
GamificationExperience,Availability_Block_Game_by_level,0.2766745237626281,0.14606564128759775,0.0,False,Class,Level,0.22133961901010246
hasKnowledge,BLockGame,0.244093823726638,0.1406572943190734,0.12935257077791257,False,TransitiveProperty,Badge,0.22114557313689293
hasGamificationExperience,BLockGame,0.24376363459762934,0.1408699740418795,0.12935257077791257,False,ObjectProperty,Badge,0.22088142183368598
LevelGE,Tiny_stash,0.2652783114040188,0.19619982541186412,0.0415518252487452,False,ReferenceKey,Reward,0.22053301417296411
Leaderboard,Availability_Block_Game_by_level,0.274675032107639,0.13654262237087994,0.0,False,Class,Level,0.2197400256861112
JavaFunctions,Tiny_stash,0.2632039582959925,0.1804197113261373,0.0415518252487452,False,IndexKey,Reward,0.21887353168654308
hasExperience,Availability_Block_Game_by_level,0.2732112909739837,0.128481705081871,0.0,False,ObjectProperty,Level,0.218569032779187
t2,Tiny_stash,0.25966057520811847,0.2355682079579239,0.0415518252487452,False,Variable,Reward,0.21603882521624385
t1,Tiny_stash,0.25948278337154884,0.2354946951090039,0.0415518252487452,False,Variable,Reward,0.21589659174698814
determine iof the teacher's objective is behavioural objective,Tiny_stash,0.2581884509700851,0.24734230852906253,0.0415518252487452,False,unknown,Reward,0.21486112582581712
e2,Tiny_stash,0.25803429582991,0.23511980011519323,0.0415518252487452,False,Variable,Reward,0.21473780171367707
e1,Tiny_stash,0.2580092664131704,0.23510916937728865,0.0415518252487452,False,Variable,Reward,0.2147177781802854
has_URL,BLockGame,0.23246669172539805,0.13997129859263124,0.12935257077791257,False,DatatypeProperty,Badge,0.21184386753590095
hasInputPole,BLockGame,0.23214682918316626,0.14016430192625234,0.12935257077791257,False,ObjectProperty,Badge,0.21158797750211555
hasPerceptionPole,BLockGame,0.23214680534130835,0.14016425577134056,0.12935257077791257,False,ObjectProperty,Badge,0.2115879584286292
hasProcessingPole,BLockGame,0.23214679938084387,0.14016424423261342,0.12935257077791257,False,ObjectProperty,Badge,0.21158795366025762
hasUnderstandingPole,BLockGame,0.23214679938084387,0.14016424423261342,0.12935257077791257,False,ObjectProperty,Badge,0.21158795366025762
MathCoursesCommunity,BLockGame,0.23148548890618273,0.11556380111684432,0.12935257077791257,False,Space,Badge,0.21105890528052873
hasKey,Tiny_stash,0.2391129022101172,0.2643920584625669,0.0415518252487452,False,AnnotationProperty,Reward,0.19960068681784282
_:b254,BLockGame,0.21668868015031265,0.16983196054663927,0.12935257077791257,False,IndividualPropertyAtom,Badge,0.19922145827583265
_:b94,BLockGame,0.2142823936702723,0.16462063628988063,0.12935257077791257,False,IndividualPropertyAtom,Badge,0.19729642909180034
RFK_L1_R6,BLockGame,0.2140516066519392,0.18294079006758643,0.12935257077791257,False,ReferenceKey,Badge,0.19711179947713386
Experience,BLockGame,0.21318271965440316,0.14187488285217226,0.12935257077791257,False,Class,Badge,0.19641668987910504
_:b79,BLockGame,0.2118510864336348,0.16646969195017824,0.12935257077791257,False,IndividualPropertyAtom,Badge,0.19535138330249036
_:b68,BLockGame,0.2118510864336348,0.16646969195017824,0.12935257077791257,False,IndividualPropertyAtom,Badge,0.19535138330249036
_:b250,BLockGame,0.2118510864336348,0.16646969195017824,0.12935257077791257,False,IndividualPropertyAtom,Badge,0.19535138330249036
_:b280,BLockGame,0.2118510864336348,0.16646969195017824,0.12935257077791257,False,IndividualPropertyAtom,Badge,0.19535138330249036
_:b92,BLockGame,0.2115644460512518,0.16247620531792514,0.12935257077791257,False,IndividualPropertyAtom,Badge,0.19512207099658396
_:b204,BLockGame,0.21073405793938077,0.16391882012961223,0.12935257077791257,False,IndividualPropertyAtom,Badge,0.19445776050708713
_:b122,BLockGame,0.21073404005798735,0.16391878669006757,0.12935257077791257,False,IndividualPropertyAtom,Badge,0.19445774620197243
_:b113,BLockGame,0.21073404005798735,0.16391878669006757,0.12935257077791257,False,IndividualPropertyAtom,Badge,0.19445774620197243
_:b131,BLockGame,0.21073401621612944,0.16391874210401255,0.12935257077791257,False,IndividualPropertyAtom,Badge,0.19445772712848608
_:b213,BLockGame,0.21073401621612944,0.16391874210401255,0.12935257077791257,False,IndividualPropertyAtom,Badge,0.19445772712848608
_:b142,BLockGame,0.21073401621612944,0.16391874210401255,0.12935257077791257,False,IndividualPropertyAtom,Badge,0.19445772712848608
_:b224,BLockGame,0.21073401621612944,0.16391874210401255,0.12935257077791257,False,IndividualPropertyAtom,Badge,0.19445772712848608
_:b269,BLockGame,0.20944398814945822,0.16105935685571307,0.12935257077791257,False,IndividualPropertyAtom,Badge,0.19342570467514908
_:b191,BLockGame,0.20896907825440075,0.1649030842056066,0.12935257077791257,False,IndividualPropertyAtom,Badge,0.19304577675910312
_:b107,BLockGame,0.2089035345666843,0.16495554121175193,0.12935257077791257,False,IndividualPropertyAtom,Badge,0.19299334180892996
_:b207,BLockGame,0.20890352264575535,0.16495551831379177,0.12935257077791257,False,IndividualPropertyAtom,Badge,0.1929933322721868
_:b274,BLockGame,0.2089035107248264,0.16495549541583268,0.12935257077791257,False,IndividualPropertyAtom,Badge,0.19299332273544367
_:b263,BLockGame,0.2089035107248264,0.16495549541583268,0.12935257077791257,False,IndividualPropertyAtom,Badge,0.19299332273544367
_:b180,BLockGame,0.20890349284343296,0.16495546106889622,0.12935257077791257,False,IndividualPropertyAtom,Badge,0.1929933084303289
_:b158,BLockGame,0.20890349284343296,0.16495546106889622,0.12935257077791257,False,IndividualPropertyAtom,Badge,0.1929933084303289
_:b169,BLockGame,0.20890349284343296,0.16495546106889622,0.12935257077791257,False,IndividualPropertyAtom,Badge,0.1929933084303289
Participation,BLockGame,0.20783403769077022,0.1617102996855797,0.12935257077791257,False,NamedIndividual,Badge,0.1921377443081987
_:b151,BLockGame,0.20778574862281127,0.16235536311781182,0.12935257077791257,False,IndividualPropertyAtom,Badge,0.19209911305383154
_:b145,BLockGame,0.20778572478095336,0.1623553175611044,0.12935257077791257,False,IndividualPropertyAtom,Badge,0.1920990939803452
_:b216,BLockGame,0.20778572478095336,0.1623553175611044,0.12935257077791257,False,IndividualPropertyAtom,Badge,0.1920990939803452
_:b134,BLockGame,0.20778572478095336,0.1623553175611044,0.12935257077791257,False,IndividualPropertyAtom,Badge,0.1920990939803452
_:b227,BLockGame,0.20778572478095336,0.1623553175611044,0.12935257077791257,False,IndividualPropertyAtom,Badge,0.1920990939803452
CompositeResource,Availability_Block_Game_by_level,0.23840292885663228,0.14223488241326576,0.0,False,unknown,Level,0.19072234308530583
User,Motrain,0.23830490609283017,0.12263495932703665,0.0,False,unknown,GameElementResource,0.19064392487426415
Audience_A,Tiny_stash,0.22778469395761997,0.1579815996801397,0.0415518252487452,False,Audience,Reward,0.19053812021584504
Image,Tiny_stash,0.22748744653485203,0.17307386502999242,0.0415518252487452,False,unknown,Reward,0.1903003222776307
OOPTeachers,BLockGame,0.2026623988525625,0.17521264361554825,0.12935257077791257,False,FreeGroup,Badge,0.1880004332376325
r,Availability_Block_Game_by_level,0.23235758667700052,0.13520860283003203,0.0,False,Variable,Level,0.18588606934160043
_:b62,Tiny_stash,0.22184735928355032,0.14205811837418142,0.0415518252487452,False,Restriction,Reward,0.1857882524765893
_:b199,BLockGame,0.19958055181772244,0.15367379956223534,0.12935257077791257,False,Imp,Badge,0.18553495560976047
_:b155,BLockGame,0.19958055181772244,0.15367379956223534,0.12935257077791257,False,Imp,Badge,0.18553495560976047
_:b166,BLockGame,0.19958055181772244,0.15367379956223534,0.12935257077791257,False,Imp,Badge,0.18553495560976047
_:b245,BLockGame,0.19958055181772244,0.15367379956223534,0.12935257077791257,False,Imp,Badge,0.18553495560976047
_:b85,BLockGame,0.19958055181772244,0.15367379956223534,0.12935257077791257,False,Imp,Badge,0.18553495560976047
_:b108,BLockGame,0.19958055181772244,0.15367379956223534,0.12935257077791257,False,Imp,Badge,0.18553495560976047
_:b177,BLockGame,0.19958055181772244,0.15367379956223534,0.12935257077791257,False,Imp,Badge,0.18553495560976047
_:b148,BLockGame,0.19958055181772244,0.15367379956223534,0.12935257077791257,False,Imp,Badge,0.18553495560976047
_:b264,BLockGame,0.19958055181772244,0.15367379956223534,0.12935257077791257,False,Imp,Badge,0.18553495560976047
_:b117,BLockGame,0.19958055181772244,0.15367379956223534,0.12935257077791257,False,Imp,Badge,0.18553495560976047
_:b240,BLockGame,0.19958055181772244,0.15367379956223534,0.12935257077791257,False,Imp,Badge,0.18553495560976047
_:b275,BLockGame,0.19958055181772244,0.15367379956223534,0.12935257077791257,False,Imp,Badge,0.18553495560976047
_:b63,BLockGame,0.19958055181772244,0.15367379956223534,0.12935257077791257,False,Imp,Badge,0.18553495560976047
_:b74,BLockGame,0.19958055181772244,0.15367379956223534,0.12935257077791257,False,Imp,Badge,0.18553495560976047
BonusPointsLeaderboard,Tiny_stash,0.22103602343445514,0.19478011772159357,0.0415518252487452,False,Class,Reward,0.18513918379731317
BonusPoints,Tiny_stash,0.22097527556209623,0.19476340077150606,0.0415518252487452,False,Class,Reward,0.18509058549942606
SocialPointsLeaderboard,Tiny_stash,0.22083252121195596,0.19472406952928198,0.0415518252487452,False,Class,Reward,0.18497638201931382
_:b72,Tiny_stash,0.2205136166153364,0.15678453647674462,0.0415518252487452,False,List,Reward,0.18472125834201816
Usergroup,Tiny_stash,0.2203064688317927,0.25987088444296913,0.0415518252487452,False,unknown,Reward,0.18455554011518321
_:b126,BLockGame,0.19781686047731398,0.15102144805652493,0.12935257077791257,False,Imp,Badge,0.18412400253743372
_:b137,BLockGame,0.19781686047731398,0.15102144805652493,0.12935257077791257,False,Imp,Badge,0.18412400253743372
_:b219,BLockGame,0.19781686047731398,0.15102144805652493,0.12935257077791257,False,Imp,Badge,0.18412400253743372
_:b208,BLockGame,0.19781686047731398,0.15102144805652493,0.12935257077791257,False,Imp,Badge,0.18412400253743372
_:b60,Tiny_stash,0.21931558993857486,0.13578856121434849,0.0415518252487452,False,Restriction,Reward,0.18376283700060894
FeatureOfInterest,Tiny_stash,0.2191548555002305,0.25770236243207606,0.0415518252487452,False,unknown,Reward,0.18363424944993348
Sensor,Tiny_stash,0.2191548555002305,0.25770236243207606,0.0415518252487452,False,unknown,Reward,0.18363424944993348
madeBySensor,Tiny_stash,0.2191548555002305,0.25770236243207606,0.0415518252487452,False,unknown,Reward,0.18363424944993348
isPropertyOf,Tiny_stash,0.2191548555002305,0.25770236243207606,0.0415518252487452,False,unknown,Reward,0.18363424944993348
1.0,Tiny_stash,0.21904675751593256,0.25761232205898166,0.0415518252487452,False,unknown,Reward,0.18354777106249512
Item,Tiny_stash,0.2186345672140509,0.2584932743300838,0.0415518252487452,False,unknown,Reward,0.1832180188209898
Address,Tiny_stash,0.2186345672140509,0.2584932743300838,0.0415518252487452,False,unknown,Reward,0.1832180188209898
_:b56,Tiny_stash,0.2186345672140509,0.2584932743300838,0.0415518252487452,False,unknown,Reward,0.1832180188209898
Property,Tiny_stash,0.2186345672140509,0.2584932743300838,0.0415518252487452,False,unknown,Reward,0.1832180188209898
Container,Tiny_stash,0.2186345672140509,0.2584932743300838,0.0415518252487452,False,unknown,Reward,0.1832180188209898
JavaFunctions,BLockGame,0.19615934345404526,0.18196950455732158,0.12935257077791257,False,IndexKey,Badge,0.1827979889188187
Literal,Availability_Block_Game_by_level,0.22814684121640835,0.14758600037098277,0.0,False,unknown,Level,0.1825174729731267
_:b71,Tiny_stash,0.21629837078141279,0.15341815159461372,0.0415518252487452,False,List,Reward,0.1813490616748793
hasKey,BLockGame,0.19308872288330492,0.17069306713145363,0.12935257077791257,False,AnnotationProperty,Badge,0.18034149246222647
Experience,Availability_Block_Game_by_level,0.22354551398784173,0.13252055358482392,0.0,False,Class,Level,0.17883641119027338
Knowledge,Availability_Block_Game_by_level,0.22340630748832932,0.1392190305700126,0.0,False,Class,Level,0.17872504599066347
LevelGE,BLockGame,0.1892396612906336,0.18020511328916727,0.12935257077791257,False,ReferenceKey,Badge,0.17726224318808942
Adam,Tiny_stash,0.2098285325777564,0.18331735515334854,0.0415518252487452,False,Teacher,Reward,0.1761731911119542
OnlineAccount,Motrain,0.21961231015477942,0.15407300461980386,0.0,False,unknown,GameElementResource,0.17568984812382354
Learner,Availability_Block_Game_by_level,0.21939466415109035,0.13620304166863953,0.0,False,unknown,Level,0.17551573132087228
ImageObject,Tiny_stash,0.20659736726116879,0.17482775538779846,0.0415518252487452,False,unknown,Reward,0.1735882588586841
Mike,Tiny_stash,0.20631336184597057,0.18367189366088524,0.0415518252487452,False,Teacher,Reward,0.17336105452652553
ProcessingPole,BLockGame,0.18389712695429422,0.14599173331962764,0.12935257077791257,False,Class,Badge,0.1729882157190179
UnderstandingPole,BLockGame,0.18389712695429422,0.14599173331962764,0.12935257077791257,False,Class,Badge,0.1729882157190179
_:b5,Tiny_stash,0.20309225171370238,0.14678434739113516,0.0415518252487452,False,Restriction,Reward,0.17078416642071095
_:b7,Tiny_stash,0.2030922397927734,0.1467843223763389,0.0415518252487452,False,Restriction,Reward,0.17078415688396778
_:b6,Tiny_stash,0.2030922397927734,0.1467843223763389,0.0415518252487452,False,Restriction,Reward,0.17078415688396778
_:b284,Tiny_stash,0.2022509536686404,0.15473443276607773,0.0415518252487452,False,List,Reward,0.17011112798466138
_:b83,Tiny_stash,0.2022509536686404,0.15473443276607773,0.0415518252487452,False,List,Reward,0.17011112798466138
_:b261,Tiny_stash,0.20160156176038063,0.1551212164453307,0.0415518252487452,False,List,Reward,0.16959161445805357
_:b197,Tiny_stash,0.20158679115679198,0.15512789320231823,0.0415518252487452,False,List,Reward,0.16957979797518266
_:b173,Tiny_stash,0.20149973062469506,0.15516771628488762,0.0415518252487452,False,BuiltinAtom,Reward,0.1695101495495051
_:b162,Tiny_stash,0.20149973062469506,0.15516771628488762,0.0415518252487452,False,BuiltinAtom,Reward,0.1695101495495051
_:b70,Tiny_stash,0.20149973062469506,0.15516771628488762,0.0415518252487452,False,BuiltinAtom,Reward,0.1695101495495051
number,BLockGame,0.17910291163042322,0.1435710267514466,0.12935257077791257,False,AnnotationProperty,Badge,0.1691528434599211
_:b196,Tiny_stash,0.20105286278961398,0.15167897696312502,0.0415518252487452,False,List,Reward,0.16915265528144025
_:b82,Tiny_stash,0.2010469351266829,0.15168166967863425,0.0415518252487452,False,List,Reward,0.16914791315109537
_:b283,Tiny_stash,0.2010469351266829,0.15168166967863425,0.0415518252487452,False,List,Reward,0.16914791315109537
has_TotalCompletionHours,Tiny_stash,0.20094361766629687,0.16931362494159696,0.0415518252487452,False,DatatypeProperty,Reward,0.16906525918278656
has_Rating,Tiny_stash,0.20094361766629687,0.16931362494159696,0.0415518252487452,False,DatatypeProperty,Reward,0.16906525918278656
has_TotalEnrollment,Tiny_stash,0.20094361766629687,0.16931362494159696,0.0415518252487452,False,DatatypeProperty,Reward,0.16906525918278656
has_LearningPace,Tiny_stash,0.20094361766629687,0.16931362494159696,0.0415518252487452,False,DatatypeProperty,Reward,0.16906525918278656
has_TranslationLanguage,Tiny_stash,0.20094359978490345,0.16931358913345218,0.0415518252487452,False,DatatypeProperty,Reward,0.16906524487767183
has_TeachingLanguage,Tiny_stash,0.20094359978490345,0.16931358913345218,0.0415518252487452,False,DatatypeProperty,Reward,0.16906524487767183
_:b104,Tiny_stash,0.20042377624458693,0.1520581445085993,0.0415518252487452,False,BuiltinAtom,Reward,0.1686493860454186
_:b260,Tiny_stash,0.20042097404967815,0.15205935282857277,0.0415518252487452,False,List,Reward,0.1686471442894916
_:b195,Tiny_stash,0.20033465481474666,0.15209811226623218,0.0415518252487452,False,BuiltinAtom,Reward,0.16857808890154638
_:b282,Tiny_stash,0.2003207386013966,0.1521043734634655,0.0415518252487452,False,BuiltinAtom,Reward,0.16856695593086635
_:b184,Tiny_stash,0.2003207386013966,0.1521043734634655,0.0415518252487452,False,BuiltinAtom,Reward,0.16856695593086635
_:b81,Tiny_stash,0.2003207386013966,0.1521043734634655,0.0415518252487452,False,BuiltinAtom,Reward,0.16856695593086635
isRelevantFor,Tiny_stash,0.20020676537851706,0.1483518263945629,0.0415518252487452,False,ObjectProperty,Reward,0.16847577735256272
hasRelevantGameElement,Tiny_stash,0.20020672961573022,0.14835175127408062,0.0415518252487452,False,ObjectProperty,Reward,0.16847574874233323
_:b258,Tiny_stash,0.19921646091105613,0.1489650230295537,0.0415518252487452,False,BuiltinAtom,Reward,0.16768353377859396
designedWithObjective,Tiny_stash,0.1985820202754212,0.14924698362028152,0.0415518252487452,False,TransitiveProperty,Reward,0.16717598127008604
Audience_A,BLockGame,0.17641993929306027,0.17319756417913812,0.12935257077791257,False,Audience,Badge,0.16700646559003074
hasPedagogicalObjective,Tiny_stash,0.19758924594428431,0.15231175478502115,0.0415518252487452,False,ObjectProperty,Reward,0.16638176180517653
_:b33,Tiny_stash,0.19723070061190656,0.15345689331702556,0.0415518252487452,False,Restriction,Reward,0.16609492553927432
_:b39,Tiny_stash,0.1971972945842435,0.15347155363747852,0.0415518252487452,False,Restriction,Reward,0.16606820071714387
_:b45,Tiny_stash,0.19718308429900683,0.15347776481000286,0.0415518252487452,False,Restriction,Reward,0.16605683248895453
_:b50,Tiny_stash,0.19717704219389728,0.15348040590222153,0.0415518252487452,False,Restriction,Reward,0.1660519988048669
_:b27,Tiny_stash,0.19664267494503987,0.15386590436608444,0.0415518252487452,False,Restriction,Reward,0.16562450500578096
_:b10,Tiny_stash,0.19598896645868297,0.15011614422370134,0.0415518252487452,False,Restriction,Reward,0.16510153821669543
cardinality,Tiny_stash,0.19559845237015677,0.17102234763871593,0.0415518252487452,False,AnnotationProperty,Reward,0.16478912694587447
hasValue,Tiny_stash,0.19559845237015677,0.17102234763871593,0.0415518252487452,False,AnnotationProperty,Reward,0.16478912694587447
creator_of,Tiny_stash,0.1955984464096923,0.1710223395898344,0.0415518252487452,False,AnnotationProperty,Reward,0.16478912217750288
avatar,Tiny_stash,0.1955984464096923,0.1710223395898344,0.0415518252487452,False,AnnotationProperty,Reward,0.16478912217750288
usergroup_of,Tiny_stash,0.1955984464096923,0.1710223395898344,0.0415518252487452,False,AnnotationProperty,Reward,0.16478912217750288
num_threads,Tiny_stash,0.1955984464096923,0.1710223395898344,0.0415518252487452,False,AnnotationProperty,Reward,0.16478912217750288
key,Tiny_stash,0.1955984464096923,0.1710223395898344,0.0415518252487452,False,AnnotationProperty,Reward,0.16478912217750288
subject,Tiny_stash,0.1955984464096923,0.1710223395898344,0.0415518252487452,False,AnnotationProperty,Reward,0.16478912217750288
SpatialThing,Availability_Block_Game_by_level,0.2058974826332666,0.14093187687242997,0.0,False,unknown,Level,0.16471798610661328
Usergroup,BLockGame,0.17341657567441032,0.17230932767309007,0.12935257077791257,False,unknown,Badge,0.16460377469511078
_:b198,Tiny_stash,0.19455397699331115,0.15378114802833193,0.0415518252487452,False,DatavaluedPropertyAtom,Reward,0.16395354664439798
_:b176,Tiny_stash,0.1944808009334966,0.15381551682351532,0.0415518252487452,False,DatavaluedPropertyAtom,Reward,0.16389500579654634
_:b187,Tiny_stash,0.1944808009334966,0.15381551682351532,0.0415518252487452,False,DatavaluedPropertyAtom,Reward,0.16389500579654634
_:b165,Tiny_stash,0.1944808009334966,0.15381551682351532,0.0415518252487452,False,DatavaluedPropertyAtom,Reward,0.16389500579654634
_:b256,Tiny_stash,0.19439739914186666,0.1538140345752311,0.0415518252487452,False,ClassAtom,Reward,0.1638282843632424
Sensor,BLockGame,0.17216593440426672,0.17097790437615268,0.12935257077791257,False,unknown,Badge,0.16360326167899591
FeatureOfInterest,BLockGame,0.17216593440426672,0.17097790437615268,0.12935257077791257,False,unknown,Badge,0.16360326167899591
isPropertyOf,BLockGame,0.17216593440426672,0.17097790437615268,0.12935257077791257,False,unknown,Badge,0.16360326167899591
madeBySensor,BLockGame,0.17216593440426672,0.17097790437615268,0.12935257077791257,False,unknown,Badge,0.16360326167899591
1.0,BLockGame,0.17205253182957977,0.170943783902653,0.12935257077791257,False,unknown,Badge,0.16351253961924633
_:b262,Tiny_stash,0.19374499969505354,0.15416166852333263,0.0415518252487452,False,ClassAtom,Reward,0.1633063648057919
_:b133,Tiny_stash,0.19365188709942566,0.15420659963162492,0.0415518252487452,False,ClassAtom,Reward,0.1632318747292896
_:b124,Tiny_stash,0.19365188709942566,0.15420659963162492,0.0415518252487452,False,ClassAtom,Reward,0.1632318747292896
_:b226,Tiny_stash,0.19365188709942566,0.15420659963162492,0.0415518252487452,False,ClassAtom,Reward,0.1632318747292896
_:b144,Tiny_stash,0.19365188709942566,0.15420659963162492,0.0415518252487452,False,ClassAtom,Reward,0.1632318747292896
_:b215,Tiny_stash,0.19365188709942566,0.15420659963162492,0.0415518252487452,False,ClassAtom,Reward,0.1632318747292896
_:b115,Tiny_stash,0.19365188709942566,0.15420659963162492,0.0415518252487452,False,ClassAtom,Reward,0.1632318747292896
_:b206,Tiny_stash,0.1936518692180322,0.15420656149552456,0.0415518252487452,False,ClassAtom,Reward,0.16323186042417484
Address,BLockGame,0.17165291487739193,0.1717711918525739,0.12935257077791257,False,unknown,Badge,0.16319284605749607
Container,BLockGame,0.17165291487739193,0.1717711918525739,0.12935257077791257,False,unknown,Badge,0.16319284605749607
Property,BLockGame,0.17165291487739193,0.1717711918525739,0.12935257077791257,False,unknown,Badge,0.16319284605749607
_:b56,BLockGame,0.17165291487739193,0.1717711918525739,0.12935257077791257,False,unknown,Badge,0.16319284605749607
Item,BLockGame,0.17165291487739193,0.1717711918525739,0.12935257077791257,False,unknown,Badge,0.16319284605749607
philanthropest,Availability_Block_Game_by_level,0.2038416833494594,0.17676233684081566,0.0,False,NamedIndividual|_:b17,Level,0.16307334667956752
fgiasson,Availability_Block_Game_by_level,0.2038416833494594,0.17676233684081566,0.0,False,Agent,Level,0.16307334667956752
visual,Availability_Block_Game_by_level,0.2038416833494594,0.17676233684081566,0.0,False,InputPole,Level,0.16307334667956752
Access_Resource_No.340,Availability_Block_Game_by_level,0.2038416833494594,0.17676233684081566,0.0,False,AccessResourceActivity,Level,0.16307334667956752
socializer,Availability_Block_Game_by_level,0.2038416833494594,0.17676233684081566,0.0,False,NamedIndividual|_:b18,Level,0.16307334667956752
explorer,Availability_Block_Game_by_level,0.2038416833494594,0.17676233684081566,0.0,False,NamedIndividual|_:b16,Level,0.16307334667956752
achiever,Availability_Block_Game_by_level,0.2038416833494594,0.17676233684081566,0.0,False,NamedIndividual|_:b15,Level,0.16307334667956752
Intermediate,Availability_Block_Game_by_level,0.2038416833494594,0.17676233684081566,0.0,False,Experience,Level,0.16307334667956752
has_preLesson,Availability_Block_Game_by_level,0.20382616652152072,0.17678396477178615,0.0,False,ObjectProperty,Level,0.1630609332172166
_:b233,Tiny_stash,0.1932883668677912,0.15438178877631795,0.0415518252487452,False,ClassAtom,Reward,0.16294105854398203
_:b234,Tiny_stash,0.1932883668677912,0.15438178877631795,0.0415518252487452,False,ClassAtom,Reward,0.16294105854398203
_:b239,Tiny_stash,0.1932883668677912,0.15438178877631795,0.0415518252487452,False,ClassAtom,Reward,0.16294105854398203
_:b238,Tiny_stash,0.1932883668677912,0.15438178877631795,0.0415518252487452,False,ClassAtom,Reward,0.16294105854398203
_:b243,Tiny_stash,0.1932172032138701,0.1544161183759651,0.0415518252487452,False,ClassAtom,Reward,0.16288412762084514
_:b73,Tiny_stash,0.19321718533247664,0.1544160802285596,0.0415518252487452,False,ClassAtom,Reward,0.16288411331573038
_:b285,Tiny_stash,0.19321718533247664,0.1544160802285596,0.0415518252487452,False,ClassAtom,Reward,0.16288411331573038
_:b84,Tiny_stash,0.19321718533247664,0.1544160802285596,0.0415518252487452,False,ClassAtom,Reward,0.16288411331573038
_:b244,Tiny_stash,0.1932171734115477,0.15441605479695644,0.0415518252487452,False,ClassAtom,Reward,0.16288410377898724
_:b154,Tiny_stash,0.19321715553015426,0.15441601664955248,0.0415518252487452,False,ClassAtom,Reward,0.16288408947387248
_:b61,Tiny_stash,0.19298370929523628,0.15204693626895785,0.0415518252487452,False,Restriction,Reward,0.1626973324859381
_:b59,Tiny_stash,0.19298370929523628,0.15204693626895785,0.0415518252487452,False,Restriction,Reward,0.1626973324859381
_:b193,Tiny_stash,0.19288562187450128,0.15462144479950363,0.0415518252487452,False,ClassAtom,Reward,0.1626188625493501
_:b218,Tiny_stash,0.19285526105925338,0.1546359035236249,0.0415518252487452,False,ClassAtom,Reward,0.16259457389715176
_:b147,Tiny_stash,0.19285526105925338,0.1546359035236249,0.0415518252487452,False,ClassAtom,Reward,0.16259457389715176
_:b136,Tiny_stash,0.19285526105925338,0.1546359035236249,0.0415518252487452,False,ClassAtom,Reward,0.16259457389715176
_:b229,Tiny_stash,0.19285526105925338,0.1546359035236249,0.0415518252487452,False,ClassAtom,Reward,0.16259457389715176
_:b160,Tiny_stash,0.19285523721739548,0.15463585266308658,0.0415518252487452,False,ClassAtom,Reward,0.16259455482366544
_:b171,Tiny_stash,0.19285523721739548,0.15463585266308658,0.0415518252487452,False,ClassAtom,Reward,0.16259455482366544
_:b182,Tiny_stash,0.19285523721739548,0.15463585266308658,0.0415518252487452,False,ClassAtom,Reward,0.16259455482366544
_:b153,Tiny_stash,0.1928551776127507,0.15463572551174787,0.0415518252487452,False,ClassAtom,Reward,0.16259450713994963
Space,Availability_Block_Game_by_level,0.20316269261525316,0.1306663610267297,0.0,False,unknown,Level,0.16253015409220253
Points,Availability_Block_Game_by_level,0.20314934593011152,0.12944659194568503,0.0,False,Class,Level,0.16251947674408923
_:b271,Tiny_stash,0.19243516833029525,0.1510605044975414,0.0415518252487452,False,ClassAtom,Reward,0.16225849971398526
_:b164,Tiny_stash,0.19221203807374185,0.17058669978559404,0.0415518252487452,False,unknown,Reward,0.16207999550874255
_:b175,Tiny_stash,0.19221203807374185,0.17058669978559404,0.0415518252487452,False,unknown,Reward,0.16207999550874255
TeacherGroupB,Motrain,0.20249294749257468,0.1184184985614125,0.0,False,FreeGroup,GameElementResource,0.16199435799405976
_:b72,BLockGame,0.16992686202781712,0.17121518538730762,0.12935257077791257,False,List,Badge,0.16181200377783622
_:b96,Tiny_stash,0.1918407542662294,0.14726824989558024,0.0415518252487452,False,ClassAtom,Reward,0.16178296846273257
volume,Tiny_stash,0.19136372546009803,0.14944853995215646,0.0415518252487452,False,AnnotationProperty,Reward,0.1614013454178275
_:b98,Tiny_stash,0.19118415736279212,0.147619315312915,0.0415518252487452,False,ClassAtom,Reward,0.16125769093998277
_:b252,Tiny_stash,0.19109481798798428,0.14766156302363184,0.0415518252487452,False,ClassAtom,Reward,0.16118621944013647
resource_340,Availability_Block_Game_by_level,0.201156203685803,0.17885702370700982,0.0,False,NamedIndividual,Level,0.16092496294864242
Fellowship,Availability_Block_Game_by_level,0.201156203685803,0.17885702370700982,0.0,False,NamedIndividual,Level,0.16092496294864242
Objective,Availability_Block_Game_by_level,0.20109412727246867,0.13499754128916275,0.0,False,Class,Level,0.16087530181797494
_:b202,Tiny_stash,0.190658034991307,0.1478686389551842,0.0415518252487452,False,ClassAtom,Reward,0.16083679304279466
_:b88,Tiny_stash,0.190658034991307,0.1478686389551842,0.0415518252487452,False,ClassAtom,Reward,0.16083679304279466
_:b129,Tiny_stash,0.19065802307037807,0.14786861366496484,0.0415518252487452,False,ClassAtom,Reward,0.16083678350605152
_:b120,Tiny_stash,0.19065802307037807,0.14786861366496484,0.0415518252487452,False,ClassAtom,Reward,0.16083678350605152
_:b111,Tiny_stash,0.19065802307037807,0.14786861366496484,0.0415518252487452,False,ClassAtom,Reward,0.16083678350605152
_:b222,Tiny_stash,0.19065802307037807,0.14786861366496484,0.0415518252487452,False,ClassAtom,Reward,0.16083678350605152
_:b140,Tiny_stash,0.19065802307037807,0.14786861366496484,0.0415518252487452,False,ClassAtom,Reward,0.16083678350605152
_:b211,Tiny_stash,0.19065802307037807,0.14786861366496484,0.0415518252487452,False,ClassAtom,Reward,0.16083678350605152
_:b248,Tiny_stash,0.19065800518898463,0.14786857572963671,0.0415518252487452,False,ClassAtom,Reward,0.16083676920093676
_:b267,Tiny_stash,0.19065800518898463,0.14786857572963671,0.0415518252487452,False,ClassAtom,Reward,0.16083676920093676
_:b77,Tiny_stash,0.19065800518898463,0.14786857572963671,0.0415518252487452,False,ClassAtom,Reward,0.16083676920093676
_:b66,Tiny_stash,0.19065800518898463,0.14786857572963671,0.0415518252487452,False,ClassAtom,Reward,0.16083676920093676
_:b278,Tiny_stash,0.19065800518898463,0.14786857572963671,0.0415518252487452,False,ClassAtom,Reward,0.16083676920093676
Error2,BLockGame,0.16854969232354017,0.1551564045052068,0.12935257077791257,False,Class,Badge,0.16071026801441468
Adam,BLockGame,0.16851790040234224,0.18887402757406324,0.12935257077791257,False,Teacher,Badge,0.1606848344774563
_:b90,Tiny_stash,0.19029756733896117,0.1480919559974837,0.0415518252487452,False,ClassAtom,Reward,0.160548418920918
_:b62,BLockGame,0.16740847836313974,0.15505957495215916,0.12935257077791257,False,Restriction,Badge,0.15979729684609434
Collection,BLockGame,0.16697520294981785,0.1625011197385558,0.12935257077791257,False,Class,Badge,0.15945067651543682
hasPart,Availability_Block_Game_by_level,0.1991006386488037,0.13279385699893975,0.0,False,unknown,Level,0.15928051091904297
GE_TinyStash,Availability_Block_Game_by_level,0.19864621704512553,0.1761685088748919,0.0,False,ReferenceKey,Level,0.15891697363610044
_:b174,Tiny_stash,0.18794509266795634,0.1669518143715014,0.0415518252487452,False,unknown,Reward,0.15866643918411413
_:b163,Tiny_stash,0.18794509266795634,0.1669518143715014,0.0415518252487452,False,unknown,Reward,0.15866643918411413
experienceLevel,Availability_Block_Game_by_level,0.19795765518878994,0.12631050836264712,0.0,False,DatatypeProperty,Level,0.15836612415103196
isbn,Availability_Block_Game_by_level,0.19780005824114238,0.1768426567898699,0.0,False,AnnotationProperty,Level,0.1582400465929139
minQualifiedCardinality,Availability_Block_Game_by_level,0.19780005824114238,0.1768426567898699,0.0,False,AnnotationProperty,Level,0.1582400465929139
id,Availability_Block_Game_by_level,0.19780005824114238,0.1768426567898699,0.0,False,AnnotationProperty,Level,0.1582400465929139
identifier,Availability_Block_Game_by_level,0.19780005824114238,0.1768426567898699,0.0,False,AnnotationProperty,Level,0.1582400465929139
member_of,Availability_Block_Game_by_level,0.19780005824114238,0.1768426567898699,0.0,False,AnnotationProperty,Level,0.1582400465929139
isRuleEnabled,Availability_Block_Game_by_level,0.19780005824114238,0.1768426567898699,0.0,False,AnnotationProperty,Level,0.1582400465929139
has_usergroup,Availability_Block_Game_by_level,0.19780005824114238,0.1768426567898699,0.0,False,AnnotationProperty,Level,0.1582400465929139
age,Availability_Block_Game_by_level,0.19780005824114238,0.1768426567898699,0.0,False,AnnotationProperty,Level,0.1582400465929139
LearningStyle,BLockGame,0.16493508477674962,0.16332217780912386,0.12935257077791257,False,Class,Badge,0.15781858197698223
hasPaymentPreference,Tiny_stash,0.1868430491616228,0.15914172394107337,0.0415518252487452,False,DatatypeProperty,Reward,0.1577848043790473
has_EducationalLevel,Tiny_stash,0.1868430491616228,0.15914172394107337,0.0415518252487452,False,DatatypeProperty,Reward,0.1577848043790473
has_duration,Tiny_stash,0.18684301935930042,0.15914166075732597,0.0415518252487452,False,DatatypeProperty,Reward,0.1577847805371894
has_Purpose,Tiny_stash,0.18684301935930042,0.15914166075732597,0.0415518252487452,False,DatatypeProperty,Reward,0.1577847805371894
has_totalDownloads,Tiny_stash,0.1868429776360491,0.15914157230008436,0.0415518252487452,False,DatatypeProperty,Reward,0.15778474715858834
has_totalLikes,Tiny_stash,0.1868429776360491,0.15914157230008436,0.0415518252487452,False,DatatypeProperty,Reward,0.15778474715858834
has_totalSites,Tiny_stash,0.1868429776360491,0.15914157230008436,0.0415518252487452,False,DatatypeProperty,Reward,0.15778474715858834
has_latestRelease,Tiny_stash,0.1868429776360491,0.15914157230008436,0.0415518252487452,False,DatatypeProperty,Reward,0.15778474715858834
has_title,Tiny_stash,0.18684295975465565,0.15914153438983966,0.0415518252487452,False,DatatypeProperty,Reward,0.15778473285347358
has_latestVersion,Tiny_stash,0.18684295975465565,0.15914153438983966,0.0415518252487452,False,DatatypeProperty,Reward,0.15778473285347358
_:b60,BLockGame,0.16470664765465542,0.14868830073364514,0.12935257077791257,False,Restriction,Badge,0.1576358322793069
designLesson,Tiny_stash,0.18664898513121028,0.1592861338834066,0.0415518252487452,False,ObjectProperty,Reward,0.15762955315471727
has_description,Tiny_stash,0.18532397547390997,0.15931014075677943,0.0415518252487452,False,FunctionalProperty,Reward,0.15656954542887702
PerceptionPole,Availability_Block_Game_by_level,0.19529759426389823,0.13606350444716164,0.0,False,Class,Level,0.1562380754111186
InputPole,Availability_Block_Game_by_level,0.19529759426389823,0.13606350444716164,0.0,False,Class,Level,0.1562380754111186
_:b71,BLockGame,0.16294640438251018,0.16734740472392118,0.12935257077791257,False,List,Badge,0.15622763766159065
Interactive_Content_–_H5P,Availability_Block_Game_by_level,0.19416258105494616,0.17246073568170103,0.0,False,GameElementResource,Level,0.15533006484395695
Block_Game,Availability_Block_Game_by_level,0.19416258105494616,0.17246073568170103,0.0,False,GameElementResource,Level,0.15533006484395695
Quizventure,Availability_Block_Game_by_level,0.19416258105494616,0.17246073568170103,0.0,False,GameElementResource,Level,0.15533006484395695
Game,Availability_Block_Game_by_level,0.19416258105494616,0.17246073568170103,0.0,False,GameElementResource,Level,0.15533006484395695
Mike,BLockGame,0.16157583201015652,0.1447821929857792,0.12935257077791257,False,Teacher,Badge,0.15513117976370772
_:b247,Tiny_stash,0.18246673218735573,0.16792937332288693,0.0415518252487452,False,AtomList,Reward,0.15428375079963363
_:b168,Tiny_stash,0.18246673218735573,0.16792937332288693,0.0415518252487452,False,AtomList,Reward,0.15428375079963363
_:b157,Tiny_stash,0.18246673218735573,0.16792937332288693,0.0415518252487452,False,AtomList,Reward,0.15428375079963363
_:b242,Tiny_stash,0.18246673218735573,0.16792937332288693,0.0415518252487452,False,AtomList,Reward,0.15428375079963363
_:b241,Tiny_stash,0.18246673218735573,0.16792937332288693,0.0415518252487452,False,AtomList,Reward,0.15428375079963363
_:b150,Tiny_stash,0.18246673218735573,0.16792937332288693,0.0415518252487452,False,AtomList,Reward,0.15428375079963363
_:b119,Tiny_stash,0.18246673218735573,0.16792937332288693,0.0415518252487452,False,AtomList,Reward,0.15428375079963363
_:b110,Tiny_stash,0.18246673218735573,0.16792937332288693,0.0415518252487452,False,AtomList,Reward,0.15428375079963363
_:b201,Tiny_stash,0.18246673218735573,0.16792937332288693,0.0415518252487452,False,AtomList,Reward,0.15428375079963363
_:b277,Tiny_stash,0.18246673218735573,0.16792937332288693,0.0415518252487452,False,AtomList,Reward,0.15428375079963363
_:b179,Tiny_stash,0.18246673218735573,0.16792937332288693,0.0415518252487452,False,AtomList,Reward,0.15428375079963363
_:b65,Tiny_stash,0.18246673218735573,0.16792937332288693,0.0415518252487452,False,AtomList,Reward,0.15428375079963363
_:b76,Tiny_stash,0.18246673218735573,0.16792937332288693,0.0415518252487452,False,AtomList,Reward,0.15428375079963363
_:b87,Tiny_stash,0.18246673218735573,0.16792937332288693,0.0415518252487452,False,AtomList,Reward,0.15428375079963363
_:b266,Tiny_stash,0.18246673218735573,0.16792937332288693,0.0415518252487452,False,AtomList,Reward,0.15428375079963363
determine iof the teacher's objective is behavioural objective,BLockGame,0.16020651063806712,0.15662654530236,0.12935257077791257,False,unknown,Badge,0.1540357226660362
hasObjective,Availability_Block_Game_by_level,0.1923329673197852,0.13000046940022472,0.0,False,TransitiveProperty,Level,0.15386637385582816
_:b190,Tiny_stash,0.18193871875313056,0.16808822763875497,0.0415518252487452,False,AtomList,Reward,0.1538613400522535
_:b237,Tiny_stash,0.18193871875313056,0.16808822763875497,0.0415518252487452,False,AtomList,Reward,0.1538613400522535
_:b236,Tiny_stash,0.18193871875313056,0.16808822763875497,0.0415518252487452,False,AtomList,Reward,0.1538613400522535
_:b232,Tiny_stash,0.18193871875313056,0.16808822763875497,0.0415518252487452,False,AtomList,Reward,0.1538613400522535
_:b231,Tiny_stash,0.18193871875313056,0.16808822763875497,0.0415518252487452,False,AtomList,Reward,0.1538613400522535
stringEqualIgnoreCase,Availability_Block_Game_by_level,0.1923045563142886,0.1351319742044453,0.0,False,unknown,Level,0.1538436450514309
equal,Availability_Block_Game_by_level,0.1922609096324937,0.13512035538945652,0.0,False,unknown,Level,0.15380872770599496
_:b149,Tiny_stash,0.18124288516723158,0.16490375370154933,0.0415518252487452,False,AtomList,Reward,0.15330467318353433
_:b139,Tiny_stash,0.18124288516723158,0.16490375370154933,0.0415518252487452,False,AtomList,Reward,0.15330467318353433
_:b221,Tiny_stash,0.18124288516723158,0.16490375370154933,0.0415518252487452,False,AtomList,Reward,0.15330467318353433
_:b128,Tiny_stash,0.18124288516723158,0.16490375370154933,0.0415518252487452,False,AtomList,Reward,0.15330467318353433
_:b210,Tiny_stash,0.18124288516723158,0.16490375370154933,0.0415518252487452,False,AtomList,Reward,0.15330467318353433
Image,BLockGame,0.15905112974439647,0.15505913969134813,0.12935257077791257,False,unknown,Badge,0.15311141795109973
created_at,Tiny_stash,0.1797787228847245,0.15855564707271363,0.0415518252487452,False,AnnotationProperty,Reward,0.15213334335752865
issue,Tiny_stash,0.17977868116147316,0.1585555583520962,0.0415518252487452,False,AnnotationProperty,Reward,0.1521333099789276
ExperiencePointsLeaderboard,Tiny_stash,0.17961082204955398,0.16095149945785026,0.0415518252487452,False,Class,Reward,0.15199902268939225
gel,Availability_Block_Game_by_level,0.18990623311785002,0.1315677326010503,0.0,False,Variable,Level,0.15192498649428002
_:b127,Tiny_stash,0.17933101941081692,0.16205684639167517,0.0415518252487452,False,AtomList,Reward,0.15177518057840259
_:b109,Tiny_stash,0.17933101941081692,0.16205684639167517,0.0415518252487452,False,AtomList,Reward,0.15177518057840259
_:b246,Tiny_stash,0.17933101941081692,0.16205684639167517,0.0415518252487452,False,AtomList,Reward,0.15177518057840259
_:b167,Tiny_stash,0.17933101941081692,0.16205684639167517,0.0415518252487452,False,AtomList,Reward,0.15177518057840259
_:b118,Tiny_stash,0.17933101941081692,0.16205684639167517,0.0415518252487452,False,AtomList,Reward,0.15177518057840259
_:b220,Tiny_stash,0.17933101941081692,0.16205684639167517,0.0415518252487452,False,AtomList,Reward,0.15177518057840259
_:b86,Tiny_stash,0.17933101941081692,0.16205684639167517,0.0415518252487452,False,AtomList,Reward,0.15177518057840259
_:b178,Tiny_stash,0.17933101941081692,0.16205684639167517,0.0415518252487452,False,AtomList,Reward,0.15177518057840259
_:b276,Tiny_stash,0.17933101941081692,0.16205684639167517,0.0415518252487452,False,AtomList,Reward,0.15177518057840259
_:b200,Tiny_stash,0.17933101941081692,0.16205684639167517,0.0415518252487452,False,AtomList,Reward,0.15177518057840259
_:b75,Tiny_stash,0.17933101941081692,0.16205684639167517,0.0415518252487452,False,AtomList,Reward,0.15177518057840259
_:b156,Tiny_stash,0.17933101941081692,0.16205684639167517,0.0415518252487452,False,AtomList,Reward,0.15177518057840259
_:b64,Tiny_stash,0.17933101941081692,0.16205684639167517,0.0415518252487452,False,AtomList,Reward,0.15177518057840259
_:b138,Tiny_stash,0.17933101941081692,0.16205684639167517,0.0415518252487452,False,AtomList,Reward,0.15177518057840259
_:b209,Tiny_stash,0.17933101941081692,0.16205684639167517,0.0415518252487452,False,AtomList,Reward,0.15177518057840259
_:b265,Tiny_stash,0.17933101941081692,0.16205684639167517,0.0415518252487452,False,AtomList,Reward,0.15177518057840259
ExperiencePoints,Tiny_stash,0.17889646622017769,0.16133518566799898,0.0415518252487452,False,Class,Reward,0.1514275380258912
_:b189,Tiny_stash,0.17880371907309742,0.16222648708217186,0.0415518252487452,False,AtomList,Reward,0.151353340308227
BehaviouralObjective,Availability_Block_Game_by_level,0.18861544435079747,0.1387260810030256,0.0,False,Class,Level,0.15089235548063798
t2,BLockGame,0.15613899260083347,0.15831554431943706,0.12935257077791257,False,Variable,Badge,0.1507817082362493
t1,BLockGame,0.15601824865300057,0.15835990808609002,0.12935257077791257,False,Variable,Badge,0.150685113077983
has_Rating,BLockGame,0.1556343626611696,0.17426592316847167,0.12935257077791257,False,DatatypeProperty,Badge,0.1503780042845182
has_TotalCompletionHours,BLockGame,0.1556343626611696,0.17426592316847167,0.12935257077791257,False,DatatypeProperty,Badge,0.1503780042845182
has_TotalEnrollment,BLockGame,0.1556343626611696,0.17426592316847167,0.12935257077791257,False,DatatypeProperty,Badge,0.1503780042845182
has_LearningPace,BLockGame,0.1556343626611696,0.17426592316847167,0.12935257077791257,False,DatatypeProperty,Badge,0.1503780042845182
has_TeachingLanguage,BLockGame,0.15563434477977617,0.1742658848476713,0.12935257077791257,False,DatatypeProperty,Badge,0.15037798997940344
has_TranslationLanguage,BLockGame,0.15563434477977617,0.1742658848476713,0.12935257077791257,False,DatatypeProperty,Badge,0.15037798997940344
CompositeResource,Tiny_stash,0.17740127848694034,0.14854203637883512,0.0415518252487452,False,unknown,Reward,0.15023138783930134
e2,BLockGame,0.15505227415027695,0.15503488926704073,0.12935257077791257,False,Variable,Badge,0.14991233347580407
e1,BLockGame,0.15503520957769698,0.15504103622844748,0.12935257077791257,False,Variable,Badge,0.1498986818177401
bonusPoints,Availability_Block_Game_by_level,0.18716927748098075,0.17699759242958404,0.0,False,BonusPoints,Level,0.1497354219847846
has_parent,Tiny_stash,0.1767016886990858,0.1701289203423987,0.0415518252487452,False,unknown,Reward,0.1496717160090177
indexed_by,Tiny_stash,0.1767016886990858,0.1701289203423987,0.0415518252487452,False,unknown,Reward,0.1496717160090177
was_generated_by,Tiny_stash,0.1767016886990858,0.1701289203423987,0.0415518252487452,False,unknown,Reward,0.1496717160090177
CreateResourceActivity,Tiny_stash,0.17670168273862136,0.17012891142368888,0.0415518252487452,False,unknown,Reward,0.14967171124064615
used,Tiny_stash,0.17670168273862136,0.17012891142368888,0.0415518252487452,False,unknown,Reward,0.14967171124064615
has_member,Tiny_stash,0.17670168273862136,0.17012891142368888,0.0415518252487452,False,unknown,Reward,0.14967171124064615
has_moderator,Tiny_stash,0.17670168273862136,0.17012891142368888,0.0415518252487452,False,unknown,Reward,0.14967171124064615
ReflexiveProperty,Tiny_stash,0.17670168273862136,0.17012891142368888,0.0415518252487452,False,unknown,Reward,0.14967171124064615
create_organization,Tiny_stash,0.17670168273862136,0.17012891142368888,0.0415518252487452,False,unknown,Reward,0.14967171124064615
has_owner,Tiny_stash,0.17670168273862136,0.17012891142368888,0.0415518252487452,False,unknown,Reward,0.14967171124064615
has_creator,Tiny_stash,0.17670168273862136,0.17012891142368888,0.0415518252487452,False,unknown,Reward,0.14967171124064615
is_processed_by,Tiny_stash,0.17670168273862136,0.17012891142368888,0.0415518252487452,False,unknown,Reward,0.14967171124064615
Sampler,Tiny_stash,0.17670168273862136,0.17012891142368888,0.0415518252487452,False,unknown,Reward,0.14967171124064615
_:b55,Tiny_stash,0.17670168273862136,0.17012891142368888,0.0415518252487452,False,unknown,Reward,0.14967171124064615
has_actor,Tiny_stash,0.17670168273862136,0.17012891142368888,0.0415518252487452,False,unknown,Reward,0.14967171124064615
CreateUser,Tiny_stash,0.17670168273862136,0.17012891142368888,0.0415518252487452,False,unknown,Reward,0.14967171124064615
DeleteResourceActivity,Tiny_stash,0.17670168273862136,0.17012891142368888,0.0415518252487452,False,unknown,Reward,0.14967171124064615
shared_by,Tiny_stash,0.17670168273862136,0.17012891142368888,0.0415518252487452,False,unknown,Reward,0.14967171124064615
about_modify,Tiny_stash,0.17670168273862136,0.17012891142368888,0.0415518252487452,False,unknown,Reward,0.14967171124064615
adr,Tiny_stash,0.17670168273862136,0.17012891142368888,0.0415518252487452,False,unknown,Reward,0.14967171124064615
ObservableProperty,Tiny_stash,0.17670168273862136,0.17012891142368888,0.0415518252487452,False,unknown,Reward,0.14967171124064615
UserAccount,Motrain,0.18686314683871763,0.12737130669209099,0.0,False,unknown,GameElementResource,0.1494905174709741
hasValue,BLockGame,0.15422652198385464,0.14181859936661917,0.12935257077791257,False,AnnotationProperty,Badge,0.14925173174266623
avatar,BLockGame,0.15422652198385464,0.14181859936661917,0.12935257077791257,False,AnnotationProperty,Badge,0.14925173174266623
subject,BLockGame,0.15422652198385464,0.14181859936661917,0.12935257077791257,False,AnnotationProperty,Badge,0.14925173174266623
creator_of,BLockGame,0.15422652198385464,0.14181859936661917,0.12935257077791257,False,AnnotationProperty,Badge,0.14925173174266623
usergroup_of,BLockGame,0.15422652198385464,0.14181859936661917,0.12935257077791257,False,AnnotationProperty,Badge,0.14925173174266623
key,BLockGame,0.15422652198385464,0.14181859936661917,0.12935257077791257,False,AnnotationProperty,Badge,0.14925173174266623
cardinality,BLockGame,0.15422652198385464,0.14181859936661917,0.12935257077791257,False,AnnotationProperty,Badge,0.14925173174266623
num_threads,BLockGame,0.15422652198385464,0.14181859936661917,0.12935257077791257,False,AnnotationProperty,Badge,0.14925173174266623
_:b58,Availability_Block_Game_by_level,0.1861885839582233,0.17633573448798115,0.0,False,unknown,Level,0.14895086716657865
_:b57,Availability_Block_Game_by_level,0.1861885839582233,0.17633573448798115,0.0,False,unknown,Level,0.14895086716657865
Error1,Availability_Block_Game_by_level,0.18603068831379826,0.13809954440029676,0.0,False,Class,Level,0.1488245506510386
_:b175,BLockGame,0.15326847558970305,0.1805826006430271,0.12935257077791257,False,unknown,Badge,0.14848529462734494
_:b164,BLockGame,0.15326847558970305,0.1805826006430271,0.12935257077791257,False,unknown,Badge,0.14848529462734494
Audience,Availability_Block_Game_by_level,0.18545849675796008,0.13737617008303923,0.0,False,Class,Level,0.14836679740636807
Lesson,Availability_Block_Game_by_level,0.18538308523347696,0.13690517228570423,0.0,False,unknown,Level,0.1483064681867816
_:b103,Tiny_stash,0.17483792687182498,0.17137805387593533,0.0415518252487452,False,AtomList,Reward,0.14818070654720905
_:b259,Tiny_stash,0.17483284348477313,0.17137983055275402,0.0415518252487452,False,AtomList,Reward,0.14817663983756757
_:b272,Tiny_stash,0.1747585197567138,0.1714059197987958,0.0415518252487452,False,AtomList,Reward,0.1481171808551201
_:b135,Tiny_stash,0.1743950934440926,0.1715336844433475,0.0415518252487452,False,AtomList,Reward,0.14782643980502314
_:b228,Tiny_stash,0.1743950934440926,0.1715336844433475,0.0415518252487452,False,AtomList,Reward,0.14782643980502314
_:b152,Tiny_stash,0.1743950934440926,0.1715336844433475,0.0415518252487452,False,AtomList,Reward,0.14782643980502314
_:b217,Tiny_stash,0.1743950934440926,0.1715336844433475,0.0415518252487452,False,AtomList,Reward,0.14782643980502314
_:b146,Tiny_stash,0.1743950934440926,0.1715336844433475,0.0415518252487452,False,AtomList,Reward,0.14782643980502314
_:b257,Tiny_stash,0.17426996184563054,0.16797772590941398,0.0415518252487452,False,AtomList,Reward,0.1477263345262535
l,Availability_Block_Game_by_level,0.1845500653620275,0.13371530889071268,0.0,False,Variable,Level,0.14764005228962201
_:b194,Tiny_stash,0.17400859440776006,0.1718203977023017,0.0415518252487452,False,AtomList,Reward,0.1475172405759571
_:b123,Tiny_stash,0.17398318743927452,0.17182914939254124,0.0415518252487452,False,AtomList,Reward,0.14749691500116868
_:b114,Tiny_stash,0.17398318743927452,0.17182914939254124,0.0415518252487452,False,AtomList,Reward,0.14749691500116868
_:b132,Tiny_stash,0.17398318743927452,0.17182914939254124,0.0415518252487452,False,AtomList,Reward,0.14749691500116868
_:b225,Tiny_stash,0.17398318743927452,0.17182914939254124,0.0415518252487452,False,AtomList,Reward,0.14749691500116868
_:b143,Tiny_stash,0.17398318743927452,0.17182914939254124,0.0415518252487452,False,AtomList,Reward,0.14749691500116868
_:b69,Tiny_stash,0.17398318743927452,0.17182914939254124,0.0415518252487452,False,AtomList,Reward,0.14749691500116868
_:b205,Tiny_stash,0.17398318743927452,0.17182914939254124,0.0415518252487452,False,AtomList,Reward,0.14749691500116868
_:b281,Tiny_stash,0.17398318743927452,0.17182914939254124,0.0415518252487452,False,AtomList,Reward,0.14749691500116868
_:b161,Tiny_stash,0.17398318743927452,0.17182914939254124,0.0415518252487452,False,AtomList,Reward,0.14749691500116868
_:b80,Tiny_stash,0.17398318743927452,0.17182914939254124,0.0415518252487452,False,AtomList,Reward,0.14749691500116868
_:b183,Tiny_stash,0.17398318743927452,0.17182914939254124,0.0415518252487452,False,AtomList,Reward,0.14749691500116868
_:b214,Tiny_stash,0.17398318743927452,0.17182914939254124,0.0415518252487452,False,AtomList,Reward,0.14749691500116868
_:b172,Tiny_stash,0.17398318743927452,0.17182914939254124,0.0415518252487452,False,AtomList,Reward,0.14749691500116868
b,Availability_Block_Game_by_level,0.18429979998569987,0.13366614159898774,0.0,False,Variable,Level,0.1474398399885599
_:b186,Tiny_stash,0.17383373859695625,0.167030060765342,0.0415518252487452,False,unknown,Reward,0.14737735592731405
Participation,Availability_Block_Game_by_level,0.18419736767869788,0.1351002528934392,0.0,False,NamedIndividual,Level,0.1473578941429583
_:b101,Tiny_stash,0.17361526089832519,0.1683482375763774,0.0415518252487452,False,AtomList,Reward,0.1472025737684092
_:b192,Tiny_stash,0.17323245197337717,0.16848038688189618,0.0415518252487452,False,AtomList,Reward,0.14689632662845079
_:b43,Tiny_stash,0.17320355308105817,0.16733698684489645,0.0415518252487452,False,unknown,Reward,0.1468732075145956
_:b106,Tiny_stash,0.17318119049832906,0.16734793001006842,0.0415518252487452,False,unknown,Reward,0.1468553174484123
_:b141,Tiny_stash,0.1731727938682957,0.16850099379380204,0.0415518252487452,False,AtomList,Reward,0.1468486001443856
_:b159,Tiny_stash,0.1731727938682957,0.16850099379380204,0.0415518252487452,False,AtomList,Reward,0.1468486001443856
_:b223,Tiny_stash,0.1731727938682957,0.16850099379380204,0.0415518252487452,False,AtomList,Reward,0.1468486001443856
_:b170,Tiny_stash,0.1731727938682957,0.16850099379380204,0.0415518252487452,False,AtomList,Reward,0.1468486001443856
_:b78,Tiny_stash,0.1731727938682957,0.16850099379380204,0.0415518252487452,False,AtomList,Reward,0.1468486001443856
_:b181,Tiny_stash,0.1731727938682957,0.16850099379380204,0.0415518252487452,False,AtomList,Reward,0.1468486001443856
_:b212,Tiny_stash,0.1731727938682957,0.16850099379380204,0.0415518252487452,False,AtomList,Reward,0.1468486001443856
_:b112,Tiny_stash,0.1731727938682957,0.16850099379380204,0.0415518252487452,False,AtomList,Reward,0.1468486001443856
_:b121,Tiny_stash,0.1731727938682957,0.16850099379380204,0.0415518252487452,False,AtomList,Reward,0.1468486001443856
_:b279,Tiny_stash,0.1731727938682957,0.16850099379380204,0.0415518252487452,False,AtomList,Reward,0.1468486001443856
_:b203,Tiny_stash,0.1731727938682957,0.16850099379380204,0.0415518252487452,False,AtomList,Reward,0.1468486001443856
_:b67,Tiny_stash,0.1731727938682957,0.16850099379380204,0.0415518252487452,False,AtomList,Reward,0.1468486001443856
_:b130,Tiny_stash,0.1731727938682957,0.16850099379380204,0.0415518252487452,False,AtomList,Reward,0.1468486001443856
_:b255,Tiny_stash,0.17300763268617272,0.1649188316870575,0.0415518252487452,False,AtomList,Reward,0.14671647119868725
_:b20,Tiny_stash,0.1729047349911705,0.16749634953904952,0.0415518252487452,False,unknown,Reward,0.14663415304268546
_:b54,Tiny_stash,0.1729047349911705,0.16749634953904952,0.0415518252487452,False,unknown,Reward,0.14663415304268546
_:b270,Tiny_stash,0.1727615681749132,0.16879872647863325,0.0415518252487452,False,AtomList,Reward,0.14651961958967963
leçon 2 du cours Programmation Orientée Objet,BLockGame,0.15071900895955098,0.18076611110196247,0.12935257077791257,False,unknown,Badge,0.1464457213232233
_:b185,Tiny_stash,0.17257792406754285,0.16387960655087527,0.0415518252487452,False,unknown,Reward,0.14637270430378335
leçon 2 du cours Programmation Orientée Objet,Availability_Block_Game_by_level,0.18292128879123087,0.13277339377109484,0.0,False,unknown,Level,0.1463370310329847
_:b34,Tiny_stash,0.1725054393607567,0.16772134164055297,0.0415518252487452,False,unknown,Reward,0.14631471653835443
_:b40,Tiny_stash,0.17247956055921174,0.16773368013865597,0.0415518252487452,False,unknown,Reward,0.14629401349711846
_:b46,Tiny_stash,0.17246856129398414,0.16773892733925208,0.0415518252487452,False,unknown,Reward,0.14628521408493636
_:b51,Tiny_stash,0.17246388201685628,0.16774115298495215,0.0415518252487452,False,unknown,Reward,0.14628147066323408
_:b99,Tiny_stash,0.17236917905916954,0.16528452000709065,0.0415518252487452,False,AtomList,Reward,0.14620570829708468
_:b253,Tiny_stash,0.17229446578322913,0.16530978559653847,0.0415518252487452,False,AtomList,Reward,0.14614593767633235
_:b230,Tiny_stash,0.17229134180627478,0.165046107798081,0.0415518252487452,False,Imp,Reward,0.14614343849476888
_:b188,Tiny_stash,0.17229134180627478,0.165046107798081,0.0415518252487452,False,Imp,Reward,0.14614343849476888
_:b235,Tiny_stash,0.17229134180627478,0.165046107798081,0.0415518252487452,False,Imp,Reward,0.14614343849476888
Princeton_University,BLockGame,0.15022358858898877,0.18209935705637695,0.12935257077791257,False,EducationalInstitution,Badge,0.14604938502677353
_:b22,Tiny_stash,0.17213822455307598,0.1678964602636985,0.0415518252487452,False,unknown,Reward,0.14602094469220983
_:b37,Tiny_stash,0.17199728110023746,0.16416239180183304,0.0415518252487452,False,unknown,Reward,0.14590818992993904
_:b105,Tiny_stash,0.17194455518582089,0.16418807929493776,0.0415518252487452,False,unknown,Reward,0.14586600919840575
_:b268,Tiny_stash,0.17192913809908927,0.16543355297743242,0.0415518252487452,False,AtomList,Reward,0.14585367552902048
_:b249,Tiny_stash,0.17192913809908927,0.16543355297743242,0.0415518252487452,False,AtomList,Reward,0.14585367552902048
_:b28,Tiny_stash,0.17189967615328744,0.1680591445408253,0.0415518252487452,False,unknown,Reward,0.145830105972379
effectively_use_the_built-in_data_types,Availability_Block_Game_by_level,0.1821616881334145,0.13068003575023437,0.0,False,PedagogicalObjective,Level,0.1457293505067316
recognizing_the_properties_of_the_built-in_data_types,Availability_Block_Game_by_level,0.1821616881334145,0.13068003575023437,0.0,False,PedagogicalObjective,Level,0.1457293505067316
PO1,Availability_Block_Game_by_level,0.1821616881334145,0.13068003575023437,0.0,False,PedagogicalObjective,Level,0.1457293505067316
_:b97,Tiny_stash,0.17166120299143053,0.1615991568024632,0.0415518252487452,False,AtomList,Reward,0.14563932744289348
hasPedagogicalObjective,BLockGame,0.14955640835647926,0.15767237575697948,0.12935257077791257,False,ObjectProperty,Badge,0.14551564084076593
RF_GE_BloackGame,BLockGame,0.14908876587518408,0.22840267683149476,0.12935257077791257,False,ReferenceKey,Badge,0.14514152685572979
_:b26,Tiny_stash,0.1709864676876678,0.164828252884662,0.0415518252487452,False,unknown,Reward,0.14509953919988328
_:b53,Tiny_stash,0.17086920070968128,0.16480678058984094,0.0415518252487452,False,unknown,Reward,0.14500572561749409
_:b19,Tiny_stash,0.17086920070968128,0.16480678058984094,0.0415518252487452,False,unknown,Reward,0.14500572561749409
_:b32,Tiny_stash,0.17084051636310776,0.16489514897658614,0.0415518252487452,False,unknown,Reward,0.14498277814023527
_:b38,Tiny_stash,0.17077856955017362,0.1649235543698953,0.0415518252487452,False,unknown,Reward,0.14493322068988795
_:b44,Tiny_stash,0.17075224741113443,0.16493562598728742,0.0415518252487452,False,unknown,Reward,0.1449121629786566
_:b49,Tiny_stash,0.17074105360419595,0.16494074694589614,0.0415518252487452,False,unknown,Reward,0.14490320793310582
UnderstandingPole,Availability_Block_Game_by_level,0.1810438512034203,0.13364709781063594,0.0,False,Class,Level,0.14483508096273623
ProcessingPole,Availability_Block_Game_by_level,0.1810438512034203,0.13364709781063594,0.0,False,Class,Level,0.14483508096273623
_:b21,Tiny_stash,0.17063186490778148,0.16491761681301223,0.0415518252487452,False,unknown,Reward,0.14481585697597424
_:b89,Tiny_stash,0.17056179135790717,0.16211856492019514,0.0415518252487452,False,AtomList,Reward,0.14475979813607479
_:b95,Tiny_stash,0.1703892080495992,0.15854403077168272,0.0415518252487452,False,AtomList,Reward,0.14462173148942842
hasLearningStyle,Availability_Block_Game_by_level,0.18055786872996554,0.12832873032527856,0.0,False,ObjectProperty,Level,0.14444629498397243
_:b251,Tiny_stash,0.17015189283882745,0.16242113352763501,0.0415518252487452,False,AtomList,Reward,0.14443187932081103
_:b59,BLockGame,0.14819566856520314,0.15816339372090035,0.12935257077791257,False,Restriction,Badge,0.14442704900774503
_:b61,BLockGame,0.14819566856520314,0.15816339372090035,0.12935257077791257,False,Restriction,Badge,0.14442704900774503
_:b93,Tiny_stash,0.1696757861846902,0.15893568384030735,0.0415518252487452,False,AtomList,Reward,0.1440509939975012
IK_GE_BlockGame,BLockGame,0.14760941419592158,0.2209346627408365,0.12935257077791257,False,IndexKey,Badge,0.14395804551231978
_:b31,Tiny_stash,0.16947745095099515,0.16161709035765603,0.0415518252487452,False,unknown,Reward,0.14389232581054517
number,Availability_Block_Game_by_level,0.17975221975097916,0.13552329087726397,0.0,False,AnnotationProperty,Level,0.14380177580078332
CompositeResource,Quizventure,0.17969199080184836,0.14419801738479732,0.0,False,unknown,GameElementResource,0.1437535926414787
_:b83,BLockGame,0.14710131701521043,0.16672459216755944,0.12935257077791257,False,List,Badge,0.14355156776775085
_:b284,BLockGame,0.14710131701521043,0.16672459216755944,0.12935257077791257,False,List,Badge,0.14355156776775085
_:b91,Tiny_stash,0.168899324934608,0.159359893407322,0.0415518252487452,False,AtomList,Reward,0.14342982499743545
_:b163,BLockGame,0.1469253026535554,0.1767017936200941,0.12935257077791257,False,unknown,Badge,0.14341075627842687
_:b174,BLockGame,0.1469253026535554,0.1767017936200941,0.12935257077791257,False,unknown,Badge,0.14341075627842687
MathCoursesCommunity,Availability_Block_Game_by_level,0.17899484983721525,0.13131306301923626,0.0,False,Space,Level,0.1431958798697722
_:b5,BLockGame,0.14659320343298454,0.1580057827855236,0.12935257077791257,False,Restriction,Badge,0.14314507690197015
_:b7,BLockGame,0.14659319747252006,0.1580057695710081,0.12935257077791257,False,Restriction,Badge,0.14314507213359856
_:b6,BLockGame,0.14659319747252006,0.1580057695710081,0.12935257077791257,False,Restriction,Badge,0.14314507213359856
_:b25,Tiny_stash,0.16826464374983385,0.15807596752250305,0.0415518252487452,False,unknown,Reward,0.14292208004961615
BonusPointsLeaderboard,BLockGame,0.14622928840238095,0.1583166086980606,0.12935257077791257,False,Class,Badge,0.14285394487748726
BonusPoints,BLockGame,0.1461942479585819,0.15833621468778955,0.12935257077791257,False,Class,Badge,0.14282591252244803
SocialPointsLeaderboard,BLockGame,0.14611194033841743,0.15838221122445173,0.12935257077791257,False,Class,Badge,0.14276006642631645
_:b23,Tiny_stash,0.16799608192661944,0.1582591127769196,0.0415518252487452,False,unknown,Reward,0.14270723059104462
recognizing_the_properties_of_the_built-in_data_types,BLockGame,0.1459393901668355,0.17690802237417147,0.12935257077791257,False,PedagogicalObjective,Badge,0.1426220262890509
effectively_use_the_built-in_data_types,BLockGame,0.1459393901668355,0.17690802237417147,0.12935257077791257,False,PedagogicalObjective,Badge,0.1426220262890509
PO1,BLockGame,0.1459393901668355,0.17690802237417147,0.12935257077791257,False,PedagogicalObjective,Badge,0.1426220262890509
_:b261,BLockGame,0.14577843088275252,0.16737941389955494,0.12935257077791257,False,List,Badge,0.14249325886178454
_:b197,BLockGame,0.14576950423482618,0.16738438555639443,0.12935257077791257,False,List,Badge,0.14248611754344348
_:b173,BLockGame,0.1457169209060903,0.16741404539387478,0.12935257077791257,False,BuiltinAtom,Badge,0.14244405088045475
_:b70,BLockGame,0.1457169209060903,0.16741404539387478,0.12935257077791257,False,BuiltinAtom,Badge,0.14244405088045475
_:b162,BLockGame,0.1457169209060903,0.16741404539387478,0.12935257077791257,False,BuiltinAtom,Badge,0.14244405088045475
_:b196,BLockGame,0.14467298322526662,0.16282011594380957,0.12935257077791257,False,List,Badge,0.1416089007357958
_:b283,BLockGame,0.1446694002126013,0.16282213309346064,0.12935257077791257,False,List,Badge,0.14160603432566354
_:b82,BLockGame,0.1446694002126013,0.16282213309346064,0.12935257077791257,False,List,Badge,0.14160603432566354
Expert,BLockGame,0.14383750092226172,0.17566503221586835,0.12935257077791257,False,GamificationExperience,Badge,0.14094051489339188
Expert,Availability_Block_Game_by_level,0.1757085315606196,0.13297070560694577,0.0,False,GamificationExperience,Level,0.1405668252484957
_:b104,BLockGame,0.1433623670528293,0.16349325655860136,0.12935257077791257,False,BuiltinAtom,Badge,0.14056040779784595
_:b260,BLockGame,0.14336066595941643,0.16349414293290682,0.12935257077791257,False,List,Badge,0.14055904692311566
_:b195,BLockGame,0.14330851551440477,0.16352299778311574,0.12935257077791257,False,BuiltinAtom,Badge,0.14051732656710633
_:b184,BLockGame,0.14330010406502258,0.1635276456817536,0.12935257077791257,False,BuiltinAtom,Badge,0.14051059740760058
_:b81,BLockGame,0.14330010406502258,0.1635276456817536,0.12935257077791257,False,BuiltinAtom,Badge,0.14051059740760058
_:b282,BLockGame,0.14330010406502258,0.1635276456817536,0.12935257077791257,False,BuiltinAtom,Badge,0.14051059740760058
ReferenceKey1,BLockGame,0.14323809688306394,0.19038668340182668,0.12935257077791257,False,ReferenceKey,Badge,0.14046099166203369
Beginner,BLockGame,0.14303902636589752,0.17560191186089777,0.12935257077791257,False,GamificationExperience,Badge,0.14030173524830053
Beginner,Availability_Block_Game_by_level,0.17519279650356404,0.1329682970739073,0.0,False,GamificationExperience,Level,0.14015423720285122
_:b33,BLockGame,0.1421769622474673,0.16416769369719364,0.12935257077791257,False,Restriction,Badge,0.13961208395355634
_:b39,BLockGame,0.1421567924082174,0.16417873760676902,0.12935257077791257,False,Restriction,Badge,0.13959594808215645
_:b45,BLockGame,0.1421482236549346,0.16418344203910307,0.12935257077791257,False,Restriction,Badge,0.1395890930795302
_:b50,BLockGame,0.14214458129946678,0.16418544436747234,0.12935257077791257,False,Restriction,Badge,0.13958617919515592
isRelevantFor,BLockGame,0.14182484488551472,0.15970154779255225,0.12935257077791257,False,ObjectProperty,Badge,0.13933039006399428
hasRelevantGameElement,BLockGame,0.14182482104365682,0.1597014946062417,0.12935257077791257,False,ObjectProperty,Badge,0.139330370990508
_:b258,BLockGame,0.14180738224252304,0.15970471127986338,0.12935257077791257,False,BuiltinAtom,Badge,0.13931641994960095
_:b27,BLockGame,0.14155777650131318,0.16451364649325564,0.12935257077791257,False,Restriction,Badge,0.13911673535663305
_:b256,BLockGame,0.1412099985370457,0.16485706023106644,0.12935257077791257,False,ClassAtom,Badge,0.13883851298521907
contains_forum_post,Tiny_stash,0.1626534485354985,0.16795000059411494,0.0415518252487452,False,unknown,Reward,0.13843312387814788
3.16.0,Tiny_stash,0.1624886053237577,0.22388013176082433,0.0415518252487452,False,unknown,Reward,0.1383012493087552
_:b262,BLockGame,0.1398851778330362,0.1654945881653226,0.12935257077791257,False,ClassAtom,Badge,0.13777865642201148
_:b144,BLockGame,0.13982967319000744,0.16552600134154746,0.12935257077791257,False,ClassAtom,Badge,0.1377342527075885
_:b133,BLockGame,0.13982967319000744,0.16552600134154746,0.12935257077791257,False,ClassAtom,Badge,0.1377342527075885
_:b124,BLockGame,0.13982967319000744,0.16552600134154746,0.12935257077791257,False,ClassAtom,Badge,0.1377342527075885
_:b115,BLockGame,0.13982967319000744,0.16552600134154746,0.12935257077791257,False,ClassAtom,Badge,0.1377342527075885
_:b226,BLockGame,0.13982967319000744,0.16552600134154746,0.12935257077791257,False,ClassAtom,Badge,0.1377342527075885
_:b215,BLockGame,0.13982967319000744,0.16552600134154746,0.12935257077791257,False,ClassAtom,Badge,0.1377342527075885
_:b206,BLockGame,0.139829655308614,0.16552596145974158,0.12935257077791257,False,ClassAtom,Badge,0.13773423840247373
effectively_use_the_built-in_data_types,Tiny_stash,0.16160550684315883,0.1749933215222927,0.0415518252487452,False,PedagogicalObjective,Reward,0.13759477052427613
recognizing_the_properties_of_the_built-in_data_types,Tiny_stash,0.16160550684315883,0.1749933215222927,0.0415518252487452,False,PedagogicalObjective,Reward,0.13759477052427613
PO1,Tiny_stash,0.16160550684315883,0.1749933215222927,0.0415518252487452,False,PedagogicalObjective,Reward,0.13759477052427613
ImageObject,BLockGame,0.13957452195730505,0.15344556203545778,0.12935257077791257,False,unknown,Badge,0.13753013172142656
has_bag,Tiny_stash,0.16119446988606087,0.16450380964822234,0.0415518252487452,False,unknown,Reward,0.13726594095859776
Adam_Phil,BLockGame,0.13911855260918815,0.19205766860547996,0.12935257077791257,False,UserAccount,Badge,0.13716535624293302
_:b193,BLockGame,0.13910366595194196,0.16589920218781995,0.12935257077791257,False,ClassAtom,Badge,0.1371534469171361
_:b218,BLockGame,0.13908558902777077,0.16590935854257383,0.12935257077791257,False,ClassAtom,Badge,0.13713898537779912
_:b136,BLockGame,0.13908558902777077,0.16590935854257383,0.12935257077791257,False,ClassAtom,Badge,0.13713898537779912
_:b229,BLockGame,0.13908558902777077,0.16590935854257383,0.12935257077791257,False,ClassAtom,Badge,0.13713898537779912
_:b147,BLockGame,0.13908558306730628,0.16590934524592635,0.12935257077791257,False,ClassAtom,Badge,0.13713898060942753
_:b160,BLockGame,0.13908557114637735,0.1659093186526314,0.12935257077791257,False,ClassAtom,Badge,0.1371389710726844
_:b182,BLockGame,0.13908557114637735,0.1659093186526314,0.12935257077791257,False,ClassAtom,Badge,0.1371389710726844
_:b171,BLockGame,0.13908557114637735,0.1659093186526314,0.12935257077791257,False,ClassAtom,Badge,0.1371389710726844
_:b153,BLockGame,0.1390855234626615,0.16590921227945182,0.12935257077791257,False,ClassAtom,Badge,0.13713893292571172
volume,BLockGame,0.1386751728316825,0.16166929599353783,0.12935257077791257,False,AnnotationProperty,Badge,0.13681065242092855
leçon 2 du cours Programmation Orientée Objet,Tiny_stash,0.1603712216262678,0.1739920154055827,0.0415518252487452,False,unknown,Reward,0.1366073423507633
DataTypes,BLockGame,0.1383584224291178,0.19351573785436477,0.12935257077791257,False,IndexKey,Badge,0.13655725209887676
_:b96,BLockGame,0.13827145678379432,0.1576952498163368,0.12935257077791257,False,ClassAtom,Badge,0.13648767958261798
_:b271,BLockGame,0.1382690344315313,0.1617410592975719,0.12935257077791257,False,ClassAtom,Badge,0.13648574170080757
hasPaymentPreference,BLockGame,0.13796067487752886,0.16799295244380963,0.12935257077791257,False,DatatypeProperty,Badge,0.1362390540576056
has_EducationalLevel,BLockGame,0.13796067487752886,0.16799295244380963,0.12935257077791257,False,DatatypeProperty,Badge,0.1362390540576056
has_Purpose,BLockGame,0.1379606569961354,0.16799291289842969,0.12935257077791257,False,DatatypeProperty,Badge,0.13623903975249085
has_duration,BLockGame,0.1379606569961354,0.16799291289842969,0.12935257077791257,False,DatatypeProperty,Badge,0.13623903975249085
has_totalLikes,BLockGame,0.13796062123334857,0.1679928338076704,0.12935257077791257,False,DatatypeProperty,Badge,0.1362390111422614
has_totalSites,BLockGame,0.13796062123334857,0.1679928338076704,0.12935257077791257,False,DatatypeProperty,Badge,0.1362390111422614
has_totalDownloads,BLockGame,0.13796062123334857,0.1679928338076704,0.12935257077791257,False,DatatypeProperty,Badge,0.1362390111422614
has_latestRelease,BLockGame,0.13796062123334857,0.1679928338076704,0.12935257077791257,False,DatatypeProperty,Badge,0.1362390111422614
has_latestVersion,BLockGame,0.13796061527288409,0.16799282062587725,0.12935257077791257,False,DatatypeProperty,Badge,0.1362390063738898
has_title,BLockGame,0.13796061527288409,0.16799282062587725,0.12935257077791257,False,DatatypeProperty,Badge,0.1362390063738898
has_moderator,BLockGame,0.13795054248297584,0.14751942498316184,0.12935257077791257,False,unknown,Badge,0.13623094814196318
has_parent,BLockGame,0.13795054248297584,0.14751942498316184,0.12935257077791257,False,unknown,Badge,0.13623094814196318
has_owner,BLockGame,0.13795054248297584,0.14751942498316184,0.12935257077791257,False,unknown,Badge,0.13623094814196318
has_member,BLockGame,0.13795053652251135,0.14751941273653707,0.12935257077791257,False,unknown,Badge,0.1362309433735916
Sampler,BLockGame,0.13795053652251135,0.14751941273653707,0.12935257077791257,False,unknown,Badge,0.1362309433735916
has_actor,BLockGame,0.13795053652251135,0.14751941273653707,0.12935257077791257,False,unknown,Badge,0.1362309433735916
is_processed_by,BLockGame,0.13795053652251135,0.14751941273653707,0.12935257077791257,False,unknown,Badge,0.1362309433735916
about_modify,BLockGame,0.13795053652251135,0.14751941273653707,0.12935257077791257,False,unknown,Badge,0.1362309433735916
_:b55,BLockGame,0.13795053652251135,0.14751941273653707,0.12935257077791257,False,unknown,Badge,0.1362309433735916
adr,BLockGame,0.13795053652251135,0.14751941273653707,0.12935257077791257,False,unknown,Badge,0.1362309433735916
CreateResourceActivity,BLockGame,0.13795053652251135,0.14751941273653707,0.12935257077791257,False,unknown,Badge,0.1362309433735916
CreateUser,BLockGame,0.13795053652251135,0.14751941273653707,0.12935257077791257,False,unknown,Badge,0.1362309433735916
was_generated_by,BLockGame,0.13795053652251135,0.14751941273653707,0.12935257077791257,False,unknown,Badge,0.1362309433735916
ReflexiveProperty,BLockGame,0.13795053652251135,0.14751941273653707,0.12935257077791257,False,unknown,Badge,0.1362309433735916
has_creator,BLockGame,0.13795053652251135,0.14751941273653707,0.12935257077791257,False,unknown,Badge,0.1362309433735916
used,BLockGame,0.13795053652251135,0.14751941273653707,0.12935257077791257,False,unknown,Badge,0.1362309433735916
shared_by,BLockGame,0.13795053652251135,0.14751941273653707,0.12935257077791257,False,unknown,Badge,0.1362309433735916
create_organization,BLockGame,0.13795053652251135,0.14751941273653707,0.12935257077791257,False,unknown,Badge,0.1362309433735916
DeleteResourceActivity,BLockGame,0.13795053652251135,0.14751941273653707,0.12935257077791257,False,unknown,Badge,0.1362309433735916
ObservableProperty,BLockGame,0.13795053652251135,0.14751941273653707,0.12935257077791257,False,unknown,Badge,0.1362309433735916
indexed_by,BLockGame,0.13795053652251135,0.14751941273653707,0.12935257077791257,False,unknown,Badge,0.1362309433735916
n,Tiny_stash,0.15984936934467225,0.16130502389640744,0.0415518252487452,False,unknown,Reward,0.13618986052548687
designLesson,BLockGame,0.13780423242945533,0.16806894083423232,0.12935257077791257,False,ObjectProperty,Badge,0.13611390009914678
designedWithObjective,BLockGame,0.13742427257688877,0.16227145698626663,0.12935257077791257,False,TransitiveProperty,Badge,0.13580993221709353
Competition,Availability_Block_Game_by_level,0.16943091903047813,0.13552126767812056,0.0,False,NamedIndividual,Level,0.1355447352243825
_:b98,BLockGame,0.1369441308496007,0.15833232890670507,0.12935257077791257,False,ClassAtom,Badge,0.13542581883526306
_:b252,BLockGame,0.13689087122385163,0.1583624109300955,0.12935257077791257,False,ClassAtom,Badge,0.13538321113466384
_:b198,BLockGame,0.1367166142970814,0.16734412641750365,0.12935257077791257,False,DatavaluedPropertyAtom,Badge,0.13524380559324764
Expert,Tiny_stash,0.15866290078775147,0.1759778547496075,0.0415518252487452,False,GamificationExperience,Reward,0.13524068567995023
_:b187,BLockGame,0.13667273679714362,0.1673669309929505,0.12935257077791257,False,DatavaluedPropertyAtom,Badge,0.1352087035932974
_:b165,BLockGame,0.13667273679714362,0.1673669309929505,0.12935257077791257,False,DatavaluedPropertyAtom,Badge,0.1352087035932974
_:b176,BLockGame,0.13667273679714362,0.1673669309929505,0.12935257077791257,False,DatavaluedPropertyAtom,Badge,0.1352087035932974
has_description,BLockGame,0.13657792860429846,0.16855485870416487,0.12935257077791257,False,FunctionalProperty,Badge,0.13513285703902128
_:b10,BLockGame,0.13646477086681313,0.1627956164629112,0.12935257077791257,False,Restriction,Badge,0.13504233084903303
Availability_Block_Game_by_level,Tiny_stash,0.15824875626349483,0.1513541174315576,0.0415518252487452,False,Level,Reward,0.13490937006054493
_:b90,BLockGame,0.13614637802129334,0.15874586748303862,0.12935257077791257,False,ClassAtom,Badge,0.13478761657261717
Collection,Availability_Block_Game_by_level,0.16815343157150922,0.14034059141041952,0.0,False,Class,Level,0.1345227452572074
Beginner,Tiny_stash,0.15775022176011913,0.17631909269907714,0.0415518252487452,False,GamificationExperience,Reward,0.13451054245784436
_:b238,BLockGame,0.13561319718519516,0.16786920837005212,0.12935257077791257,False,ClassAtom,Badge,0.13436107190373864
_:b239,BLockGame,0.13561319718519516,0.16786920837005212,0.12935257077791257,False,ClassAtom,Badge,0.13436107190373864
_:b234,BLockGame,0.13561319718519516,0.16786920837005212,0.12935257077791257,False,ClassAtom,Badge,0.13436107190373864
_:b233,BLockGame,0.13561319718519516,0.16786920837005212,0.12935257077791257,False,ClassAtom,Badge,0.13436107190373864
_:b243,BLockGame,0.13557084900750915,0.16789162408756023,0.12935257077791257,False,ClassAtom,Badge,0.13432719336158983
_:b84,BLockGame,0.13557083112611573,0.16789158420055966,0.12935257077791257,False,ClassAtom,Badge,0.13432717905647512
_:b244,BLockGame,0.13557083112611573,0.16789158420055966,0.12935257077791257,False,ClassAtom,Badge,0.13432717905647512
_:b73,BLockGame,0.13557083112611573,0.16789158420055966,0.12935257077791257,False,ClassAtom,Badge,0.13432717905647512
_:b285,BLockGame,0.13557083112611573,0.16789158420055966,0.12935257077791257,False,ClassAtom,Badge,0.13432717905647512
_:b154,BLockGame,0.13557082516565125,0.16789157090489282,0.12935257077791257,False,ClassAtom,Badge,0.13432717428810353
TaskJavaInheritance,BLockGame,0.13548465283451921,0.19280389428437764,0.12935257077791257,False,IndexKey,Badge,0.1342582364231979
Princeton_University,Tiny_stash,0.15728320791487824,0.17912748529187308,0.0415518252487452,False,EducationalInstitution,Reward,0.13413693138165164
Availability_Block_Game_by_level,Quizventure,0.16743821159535333,0.16714163275224916,0.0,False,Level,GameElementResource,0.13395056927628265
Availability_Block_Game_by_level,Game,0.16743821159535333,0.16714163275224916,0.0,False,Level,GameElementResource,0.13395056927628265
3.16.0,BLockGame,0.135082026106164,0.18091553565925123,0.12935257077791257,False,unknown,Badge,0.13393613504051372
Error2,Availability_Block_Game_by_level,0.16740312844511462,0.13716299022439285,0.0,False,Class,Level,0.13392250275609172
Sara_12,BLockGame,0.13501947399765304,0.19187473078210543,0.12935257077791257,False,UserAccount,Badge,0.13388609335370494
_:b231,BLockGame,0.1347592892745627,0.1745788541648258,0.12935257077791257,False,AtomList,Badge,0.1336779455752327
_:b232,BLockGame,0.1347592892745627,0.1745788541648258,0.12935257077791257,False,AtomList,Badge,0.1336779455752327
_:b237,BLockGame,0.1347592892745627,0.1745788541648258,0.12935257077791257,False,AtomList,Badge,0.1336779455752327
_:b236,BLockGame,0.1347592892745627,0.1745788541648258,0.12935257077791257,False,AtomList,Badge,0.1336779455752327
_:b190,BLockGame,0.13475928331409823,0.1745788409452635,0.12935257077791257,False,AtomList,Badge,0.1336779408068611
IK_GE_stash,BLockGame,0.1346134053134542,0.19342599534898805,0.12935257077791257,False,IndexKey,Badge,0.13356123840634587
IK_GE_TinyStash,BLockGame,0.134596357399611,0.19343818048339684,0.12935257077791257,False,IndexKey,Badge,0.13354760007527133
IK2,BLockGame,0.13453600619918,0.1956782687963712,0.12935257077791257,False,IndexKey,Badge,0.13349931911492652
_:b242,BLockGame,0.1340155870485043,0.17482957180394684,0.12935257077791257,False,AtomList,Badge,0.13308298379438596
_:b87,BLockGame,0.1340155870485043,0.17482957180394684,0.12935257077791257,False,AtomList,Badge,0.13308298379438596
_:b76,BLockGame,0.1340155870485043,0.17482957180394684,0.12935257077791257,False,AtomList,Badge,0.13308298379438596
_:b247,BLockGame,0.1340155870485043,0.17482957180394684,0.12935257077791257,False,AtomList,Badge,0.13308298379438596
_:b150,BLockGame,0.1340155870485043,0.17482957180394684,0.12935257077791257,False,AtomList,Badge,0.13308298379438596
_:b168,BLockGame,0.1340155870485043,0.17482957180394684,0.12935257077791257,False,AtomList,Badge,0.13308298379438596
_:b201,BLockGame,0.1340155870485043,0.17482957180394684,0.12935257077791257,False,AtomList,Badge,0.13308298379438596
_:b266,BLockGame,0.1340155870485043,0.17482957180394684,0.12935257077791257,False,AtomList,Badge,0.13308298379438596
_:b65,BLockGame,0.1340155870485043,0.17482957180394684,0.12935257077791257,False,AtomList,Badge,0.13308298379438596
_:b179,BLockGame,0.1340155870485043,0.17482957180394684,0.12935257077791257,False,AtomList,Badge,0.13308298379438596
_:b241,BLockGame,0.1340155870485043,0.17482957180394684,0.12935257077791257,False,AtomList,Badge,0.13308298379438596
_:b277,BLockGame,0.1340155870485043,0.17482957180394684,0.12935257077791257,False,AtomList,Badge,0.13308298379438596
_:b157,BLockGame,0.1340155870485043,0.17482957180394684,0.12935257077791257,False,AtomList,Badge,0.13308298379438596
_:b110,BLockGame,0.1340155870485043,0.17482957180394684,0.12935257077791257,False,AtomList,Badge,0.13308298379438596
_:b119,BLockGame,0.1340155870485043,0.17482957180394684,0.12935257077791257,False,AtomList,Badge,0.13308298379438596
Lecturing,Availability_Block_Game_by_level,0.1662916139998331,0.1357861944675468,0.0,False,NamedIndividual,Level,0.13303329119986648
JavaOverloadedConstructors,BLockGame,0.13386175654456492,0.1934689522875303,0.12935257077791257,False,IndexKey,Badge,0.13295991939123447
JavaIOStreams,BLockGame,0.13386175654456492,0.1934689522875303,0.12935257077791257,False,IndexKey,Badge,0.13295991939123447
JavaExceptionTypes,BLockGame,0.13386175654456492,0.1934689522875303,0.12935257077791257,False,IndexKey,Badge,0.13295991939123447
JavaFX,BLockGame,0.13386175654456492,0.1934689522875303,0.12935257077791257,False,IndexKey,Badge,0.13295991939123447
JavaOverloading,BLockGame,0.13386175654456492,0.1934689522875303,0.12935257077791257,False,IndexKey,Badge,0.13295991939123447
JavaEventListener,BLockGame,0.13386175654456492,0.1934689522875303,0.12935257077791257,False,IndexKey,Badge,0.13295991939123447
JavaGUIElements,BLockGame,0.13386175654456492,0.1934689522875303,0.12935257077791257,False,IndexKey,Badge,0.13295991939123447
JavaOverriding,BLockGame,0.13386175654456492,0.1934689522875303,0.12935257077791257,False,IndexKey,Badge,0.13295991939123447
TaskJavaExceptions,BLockGame,0.13386175654456492,0.1934689522875303,0.12935257077791257,False,IndexKey,Badge,0.13295991939123447
JavaExceptions,BLockGame,0.13386175654456492,0.1934689522875303,0.12935257077791257,False,IndexKey,Badge,0.13295991939123447
JavaGUILinkedScreens,BLockGame,0.13386175654456492,0.1934689522875303,0.12935257077791257,False,IndexKey,Badge,0.13295991939123447
JavaTryCatch,BLockGame,0.13386175654456492,0.1934689522875303,0.12935257077791257,False,IndexKey,Badge,0.13295991939123447
JavaTaskEventHandlerListener,BLockGame,0.13386175654456492,0.1934689522875303,0.12935257077791257,False,IndexKey,Badge,0.13295991939123447
TaskJavaPolymorphism,BLockGame,0.13386175654456492,0.1934689522875303,0.12935257077791257,False,IndexKey,Badge,0.13295991939123447
JavaDelimiters,BLockGame,0.13386175654456492,0.1934689522875303,0.12935257077791257,False,IndexKey,Badge,0.13295991939123447
JavaArithmeticOperations,BLockGame,0.13386175654456492,0.1934689522875303,0.12935257077791257,False,IndexKey,Badge,0.13295991939123447
JavaFiles,BLockGame,0.13386175654456492,0.1934689522875303,0.12935257077791257,False,IndexKey,Badge,0.13295991939123447
JavaArgumentsParameters,BLockGame,0.13386175654456492,0.1934689522875303,0.12935257077791257,False,IndexKey,Badge,0.13295991939123447
TaskJavaGUI,BLockGame,0.13386175654456492,0.1934689522875303,0.12935257077791257,False,IndexKey,Badge,0.13295991939123447
JavaEventTypes,BLockGame,0.13386175654456492,0.1934689522875303,0.12935257077791257,False,IndexKey,Badge,0.13295991939123447
JavaEvents,BLockGame,0.13386175654456492,0.1934689522875303,0.12935257077791257,False,IndexKey,Badge,0.13295991939123447
RFK_L3_R6,BLockGame,0.13352801668554118,0.1924592637722441,0.12935257077791257,False,ReferenceKey,Badge,0.13269292750401546
RFK_L4_R7,BLockGame,0.13352673474038185,0.1924601950878993,0.12935257077791257,False,ReferenceKey,Badge,0.132691901947888
RFK_GE_TinyStash,BLockGame,0.1334549025805073,0.1925117669571103,0.12935257077791257,False,ReferenceKey,Badge,0.13263443621998836
JavaArrays,BLockGame,0.13338469732982175,0.193328664453758,0.12935257077791257,False,IndexKey,Badge,0.13257827201943992
JavaStaticFunctions,BLockGame,0.13332245113231705,0.19337260446842797,0.12935257077791257,False,IndexKey,Badge,0.13252847506143617
JavaParentClass,BLockGame,0.13332141801483915,0.19337336714786174,0.12935257077791257,False,IndexKey,Badge,0.13252764856745386
created_at,BLockGame,0.13296747849813437,0.16599096622822593,0.12935257077791257,False,AnnotationProperty,Badge,0.13224449695409002
issue,BLockGame,0.13296743677488304,0.16599087389512812,0.12935257077791257,False,AnnotationProperty,Badge,0.13224446357548897
RF_GE_STash,BLockGame,0.13280920043316544,0.1925021625973672,0.12935257077791257,False,ReferenceKey,Badge,0.13211787450211487
LearningStyle,Availability_Block_Game_by_level,0.16500098061929827,0.14131870300331523,0.0,False,Class,Level,0.13200078449543862
_:b202,BLockGame,0.13263067895555297,0.16073615830623236,0.12935257077791257,False,ClassAtom,Badge,0.1319750573200249
_:b140,BLockGame,0.13263067895555297,0.16073615830623236,0.12935257077791257,False,ClassAtom,Badge,0.1319750573200249
_:b129,BLockGame,0.13263067895555297,0.16073615830623236,0.12935257077791257,False,ClassAtom,Badge,0.1319750573200249
_:b222,BLockGame,0.13263067895555297,0.16073615830623236,0.12935257077791257,False,ClassAtom,Badge,0.1319750573200249
_:b120,BLockGame,0.13263067895555297,0.16073615830623236,0.12935257077791257,False,ClassAtom,Badge,0.1319750573200249
_:b88,BLockGame,0.13263067895555297,0.16073615830623236,0.12935257077791257,False,ClassAtom,Badge,0.1319750573200249
_:b211,BLockGame,0.13263067895555297,0.16073615830623236,0.12935257077791257,False,ClassAtom,Badge,0.1319750573200249
_:b111,BLockGame,0.13263067895555297,0.16073615830623236,0.12935257077791257,False,ClassAtom,Badge,0.1319750573200249
_:b278,BLockGame,0.13263066703462403,0.16073613172085455,0.12935257077791257,False,ClassAtom,Badge,0.13197504778328173
_:b66,BLockGame,0.13263066703462403,0.16073613172085455,0.12935257077791257,False,ClassAtom,Badge,0.13197504778328173
_:b248,BLockGame,0.13263066703462403,0.16073613172085455,0.12935257077791257,False,ClassAtom,Badge,0.13197504778328173
_:b77,BLockGame,0.13263066703462403,0.16073613172085455,0.12935257077791257,False,ClassAtom,Badge,0.13197504778328173
_:b267,BLockGame,0.13263066703462403,0.16073613172085455,0.12935257077791257,False,ClassAtom,Badge,0.13197504778328173
determine iof the teacher's objective is behavioural objective,Availability_Block_Game_by_level,0.16463074638238478,0.137116511322226,0.0,False,unknown,Level,0.13170459710590784
_:b128,BLockGame,0.1322342434081205,0.17063129631401847,0.12935257077791257,False,AtomList,Badge,0.13165790888207893
_:b149,BLockGame,0.1322342434081205,0.17063129631401847,0.12935257077791257,False,AtomList,Badge,0.13165790888207893
_:b221,BLockGame,0.1322342434081205,0.17063129631401847,0.12935257077791257,False,AtomList,Badge,0.13165790888207893
_:b139,BLockGame,0.1322342434081205,0.17063129631401847,0.12935257077791257,False,AtomList,Badge,0.13165790888207893
_:b210,BLockGame,0.1322342434081205,0.17063129631401847,0.12935257077791257,False,AtomList,Badge,0.13165790888207893
JavaSingleInheritance,BLockGame,0.13154752789742508,0.19326825353339683,0.12935257077791257,False,IndexKey,Badge,0.13110853647352258
IK_GE_Motrain,BLockGame,0.13153876191674982,0.1932743162315767,0.12935257077791257,False,IndexKey,Badge,0.13110152368898237
JavaExtend,BLockGame,0.13153607936097816,0.19327617156044277,0.12935257077791257,False,IndexKey,Badge,0.13109937764436505
TaskJavaClassesMethod,BLockGame,0.1315327643732582,0.19327846431505116,0.12935257077791257,False,IndexKey,Badge,0.13109672565418906
JavaStatic,BLockGame,0.13153147363176554,0.19327935703988716,0.12935257077791257,False,IndexKey,Badge,0.13109569306099494
JavaThis,BLockGame,0.13153084530525255,0.19327979161500203,0.12935257077791257,False,IndexKey,Badge,0.13109519039978457
JavaConstructors,BLockGame,0.131530601424574,0.19327999447136737,0.12935257077791257,False,IndexKey,Badge,0.1310949952952417
TaskJavaClassesObjects,BLockGame,0.13152847152006572,0.1932814676028224,0.12935257077791257,False,IndexKey,Badge,0.1310932913716351
JavaAccessModifiers,BLockGame,0.13152760866927965,0.19328206438908793,0.12935257077791257,False,IndexKey,Badge,0.13109260109100623
JavaPackages,BLockGame,0.13152724337957356,0.1932823170402341,0.12935257077791257,False,IndexKey,Badge,0.13109230885924136
JavaArrayOfInstances,BLockGame,0.13152708881266642,0.19328242394588369,0.12935257077791257,False,IndexKey,Badge,0.13109218520571564
JavaClassInstance,BLockGame,0.13152701146470477,0.19328244326453795,0.12935257077791257,False,IndexKey,Badge,0.13109212332734632
JavaStrings,BLockGame,0.1315233484467761,0.1932850109701776,0.12935257077791257,False,IndexKey,Badge,0.13108919291300342
JavaIf,BLockGame,0.13149161029694922,0.19330698080006345,0.12935257077791257,False,IndexKey,Badge,0.13106380239314191
taskJavaBasics,BLockGame,0.13144632926299368,0.1933383383381883,0.12935257077791257,False,IndexKey,Badge,0.13102757756597747
JavaForWhile,BLockGame,0.13143943449949833,0.19334310815466804,0.12935257077791257,False,IndexKey,Badge,0.13102206175518116
IK_GE_LevelUp,BLockGame,0.13143461611358848,0.19334647575889388,0.12935257077791257,False,IndexKey,Badge,0.13101820704645328
ExperiencePointsLeaderboard,BLockGame,0.13133344409738723,0.16559683533078426,0.12935257077791257,False,Class,Badge,0.13093726943349232
ObjectOrientedProgramming,Motrain,0.16356715232388647,0.1977942257268576,0.0,False,onlineCourse,GameElementResource,0.13085372185910918
JavaVariables,BLockGame,0.1312024286636415,0.19308819128905594,0.12935257077791257,False,IndexKey,Badge,0.1308324570864957
JavaClassAttributesFunctions,BLockGame,0.1312016425948544,0.19308876511906214,0.12935257077791257,False,IndexKey,Badge,0.13083182823146605
Princeton_University,Availability_Block_Game_by_level,0.16351205458970472,0.13371997570266042,0.0,False,EducationalInstitution,Level,0.1308096436717638
JavaInheritanceComposition,BLockGame,0.13112250079832743,0.19314315588996547,0.12935257077791257,False,IndexKey,Badge,0.13076851479424445
_:b186,BLockGame,0.13104239008517457,0.17565976422924892,0.12935257077791257,False,unknown,Badge,0.1307044262237222
Quizventure,Game,0.16334823389009365,0.17008177620344914,0.0,False,GameElementResource,GameElementResource,0.13067858711207492
Interactive_Content_–_H5P,Quizventure,0.16334823389009365,0.17008177620344914,0.0,False,GameElementResource,GameElementResource,0.13067858711207492
Interactive_Content_–_H5P,Game,0.16334823389009365,0.17008177620344914,0.0,False,GameElementResource,GameElementResource,0.13067858711207492
Quizventure,Block_Game,0.16334823389009365,0.17008177620344914,0.0,False,GameElementResource,GameElementResource,0.13067858711207492
Game,Block_Game,0.16334823389009365,0.17008177620344914,0.0,False,GameElementResource,GameElementResource,0.13067858711207492
Game,Quizventure,0.16334823389009365,0.17008177620344914,0.0,False,GameElementResource,GameElementResource,0.13067858711207492
Block_Game,Quizventure,0.16334823389009365,0.17008177620344914,0.0,False,GameElementResource,GameElementResource,0.13067858711207492
Block_Game,Game,0.16334823389009365,0.17008177620344914,0.0,False,GameElementResource,GameElementResource,0.13067858711207492
JavaSuper,BLockGame,0.13097149877800468,0.19324705691306818,0.12935257077791257,False,IndexKey,Badge,0.13064771317798626
JavaMultiInheritance,BLockGame,0.13090797368567525,0.19329075233950457,0.12935257077791257,False,IndexKey,Badge,0.1305968931041227
_:b189,BLockGame,0.13072966804639113,0.16682855695877336,0.12935257077791257,False,AtomList,Badge,0.13045424859269544
locator,Availability_Block_Game_by_level,0.16284642535445693,0.13582243367065294,0.0,False,AnnotationProperty,Level,0.13027714028356555
_:b167,BLockGame,0.12998550060604325,0.16708514943202638,0.12935257077791257,False,AtomList,Badge,0.1298589146404171
_:b276,BLockGame,0.12998550060604325,0.16708514943202638,0.12935257077791257,False,AtomList,Badge,0.1298589146404171
_:b118,BLockGame,0.12998550060604325,0.16708514943202638,0.12935257077791257,False,AtomList,Badge,0.1298589146404171
_:b200,BLockGame,0.12998550060604325,0.16708514943202638,0.12935257077791257,False,AtomList,Badge,0.1298589146404171
_:b156,BLockGame,0.12998550060604325,0.16708514943202638,0.12935257077791257,False,AtomList,Badge,0.1298589146404171
_:b178,BLockGame,0.12998550060604325,0.16708514943202638,0.12935257077791257,False,AtomList,Badge,0.1298589146404171
_:b138,BLockGame,0.12998550060604325,0.16708514943202638,0.12935257077791257,False,AtomList,Badge,0.1298589146404171
_:b109,BLockGame,0.12998550060604325,0.16708514943202638,0.12935257077791257,False,AtomList,Badge,0.1298589146404171
_:b64,BLockGame,0.12998550060604325,0.16708514943202638,0.12935257077791257,False,AtomList,Badge,0.1298589146404171
_:b220,BLockGame,0.12998550060604325,0.16708514943202638,0.12935257077791257,False,AtomList,Badge,0.1298589146404171
_:b86,BLockGame,0.12998550060604325,0.16708514943202638,0.12935257077791257,False,AtomList,Badge,0.1298589146404171
_:b265,BLockGame,0.12998550060604325,0.16708514943202638,0.12935257077791257,False,AtomList,Badge,0.1298589146404171
_:b209,BLockGame,0.12998550060604325,0.16708514943202638,0.12935257077791257,False,AtomList,Badge,0.1298589146404171
_:b246,BLockGame,0.12998550060604325,0.16708514943202638,0.12935257077791257,False,AtomList,Badge,0.1298589146404171
_:b127,BLockGame,0.12998550060604325,0.16708514943202638,0.12935257077791257,False,AtomList,Badge,0.1298589146404171
_:b75,BLockGame,0.12998550060604325,0.16708514943202638,0.12935257077791257,False,AtomList,Badge,0.1298589146404171
ExperiencePoints,BLockGame,0.1299735549342535,0.16618664732496652,0.12935257077791257,False,Class,Badge,0.1298493581029853
_:b43,BLockGame,0.12973014050724027,0.17625135138424036,0.12935257077791257,False,unknown,Badge,0.12965462656137472
_:b106,BLockGame,0.12971722712925632,0.17625862849256183,0.12935257077791257,False,unknown,Badge,0.12964429585898757
is_part_of,Availability_Block_Game_by_level,0.16201753240146907,0.14042226267381108,0.0,False,unknown,Level,0.12961402592117527
RFK_GE_TinyStash,Tiny_stash,0.15147491143681996,0.22714345838301703,0.0415518252487452,False,ReferenceKey,Reward,0.12949029419920502
_:b34,BLockGame,0.12943107389870825,0.17636697828977832,0.12935257077791257,False,unknown,Badge,0.1294153732745491
_:b40,BLockGame,0.12941607989960488,0.17637529667763838,0.12935257077791257,False,unknown,Badge,0.12940337807526642
_:b46,BLockGame,0.12940969938149824,0.17637881574308284,0.12935257077791257,False,unknown,Badge,0.1293982736607811
_:b51,BLockGame,0.12940698655932995,0.17638031203729018,0.12935257077791257,False,unknown,Badge,0.12939610340304647
Array_of_instances,Availability_Block_Game_by_level,0.16172323061029673,0.13134616162951857,0.0,False,Resource,Level,0.12937858448823739
_:b54,BLockGame,0.12927622360004637,0.17645281066381374,0.12935257077791257,False,unknown,Badge,0.1292914930356196
_:b20,BLockGame,0.12927622360004637,0.17645281066381374,0.12935257077791257,False,unknown,Badge,0.1292914930356196
_:b188,BLockGame,0.12918147339179015,0.17224974464016224,0.12935257077791257,False,Imp,Badge,0.12921569286901463
_:b235,BLockGame,0.12918147339179015,0.17224974464016224,0.12935257077791257,False,Imp,Badge,0.12921569286901463
_:b230,BLockGame,0.12918147339179015,0.17224974464016224,0.12935257077791257,False,Imp,Badge,0.12921569286901463
RFK_L1_R3,BLockGame,0.1290973164154814,0.1925794066738799,0.12935257077791257,False,ReferenceKey,Badge,0.12914836728796764
RFK_L1_R4,BLockGame,0.12906984588088402,0.19259824362278927,0.12935257077791257,False,ReferenceKey,Badge,0.12912639086028974
RFK_L2_R7,BLockGame,0.12893800031593367,0.1926886632428325,0.12935257077791257,False,ReferenceKey,Badge,0.12902091440832947
Sofia,Availability_Block_Game_by_level,0.16116562707679516,0.13510431082312593,0.0,False,Learner,Level,0.12893250166143613
Tom,Availability_Block_Game_by_level,0.16116562707679516,0.13510431082312593,0.0,False,Learner,Level,0.12893250166143613
_:b28,BLockGame,0.12879970810251284,0.17668166641548583,0.12935257077791257,False,unknown,Badge,0.1289102806375928
Allows the user to choose or change their avatar at any time.,BLockGame,0.12867499235487959,0.22046302005036023,0.12935257077791257,False,unknown,Badge,0.12881050803948618
3.0.0,BLockGame,0.12867499235487959,0.22046302005036023,0.12935257077791257,False,unknown,Badge,0.12881050803948618
block_game,BLockGame,0.12867499235487959,0.22046302005036023,0.12935257077791257,False,unknown,Badge,0.12881050803948618
IK_GE_TinyStash,Tiny_stash,0.15061575400353194,0.22191129615231164,0.0415518252487452,False,IndexKey,Reward,0.12880296825257462
_:b185,BLockGame,0.12858093371940005,0.17174460815788592,0.12935257077791257,False,unknown,Badge,0.12873526113110256
_:b22,BLockGame,0.1285517691490737,0.17681773356485403,0.12935257077791257,False,unknown,Badge,0.1287119294748415
RFK_L4_R3,BLockGame,0.12850556882312283,0.19261582356419457,0.12935257077791257,False,ReferenceKey,Badge,0.12867496921408078
topDataProperty,Availability_Block_Game_by_level,0.16082260308550825,0.13529455926213366,0.0,False,ObjectProperty,Level,0.1286580824684066
t2,Availability_Block_Game_by_level,0.1604617288241981,0.13852353974022244,0.0,False,Variable,Level,0.1283693830593585
Exploration,Availability_Block_Game_by_level,0.16041762659395425,0.13593410558845379,0.0,False,NamedIndividual,Level,0.1283341012751634
t1,Availability_Block_Game_by_level,0.1603009856366226,0.13851437980394213,0.0,False,Variable,Level,0.12824078850929807
RFK_L4_R2,BLockGame,0.1278056543497235,0.19273760569636034,0.12935257077791257,False,ReferenceKey,Badge,0.1281150376353613
RF_GE_Motrain,BLockGame,0.12779474154789958,0.19274493847031746,0.12935257077791257,False,ReferenceKey,Badge,0.12810630739390216
RFK_L4_R1,BLockGame,0.12779143671412213,0.19274722759241997,0.12935257077791257,False,ReferenceKey,Badge,0.12810366352688024
RFK_L3_R5,BLockGame,0.12778739387619673,0.192749944239037,0.12935257077791257,False,ReferenceKey,Badge,0.12810042925653992
RFK_L3_R4,BLockGame,0.12778565714816184,0.19275112837420644,0.12935257077791257,False,ReferenceKey,Badge,0.12809903987411198
RFK_L3_R3,BLockGame,0.1277849785496645,0.19275158437471251,0.12935257077791257,False,ReferenceKey,Badge,0.12809849699531412
RFK_L3_R2,BLockGame,0.1277846481797506,0.19275180637503753,0.12935257077791257,False,ReferenceKey,Badge,0.128098232699383
RFK_L3_R1,BLockGame,0.12778451368111082,0.19275189675482857,0.12935257077791257,False,ReferenceKey,Badge,0.1280981251004712
RFK_L2_R6,BLockGame,0.12778201509177192,0.19275360995993726,0.12935257077791257,False,ReferenceKey,Badge,0.12809612622900007
RFK_L2_R5,BLockGame,0.12778094430281217,0.19275432951092705,0.12935257077791257,False,ReferenceKey,Badge,0.12809526959783224
RFK_L2_R4,BLockGame,0.12778049065523348,0.19275463435470094,0.12935257077791257,False,ReferenceKey,Badge,0.1280949066797693
RFK_L2_R3,BLockGame,0.12778029860157458,0.192754763411759,0.12935257077791257,False,ReferenceKey,Badge,0.1280947530368422
RFK_L2_R2,BLockGame,0.1277802173381426,0.19275481801953873,0.12935257077791257,False,ReferenceKey,Badge,0.12809468802609658
RFK_L1_R2,BLockGame,0.12777567777251558,0.1927578685602125,0.12935257077791257,False,ReferenceKey,Badge,0.12809105637359497
e2,Availability_Block_Game_by_level,0.16006444303602985,0.13903258557248044,0.0,False,Variable,Level,0.12805155442882388
e1,Availability_Block_Game_by_level,0.16004178792020207,0.1390310373122511,0.0,False,Variable,Level,0.12803343033616166
_:b37,BLockGame,0.12729732824180126,0.1723425740999672,0.12935257077791257,False,unknown,Badge,0.12770837674902352
_:b105,BLockGame,0.12726685425020468,0.17235952379453645,0.12935257077791257,False,unknown,Badge,0.12768399755574628
RFK_L4_R4,BLockGame,0.127250951027648,0.19277304227076056,0.12935257077791257,False,ReferenceKey,Badge,0.12767127497770092
_:b272,BLockGame,0.12721586268999746,0.1775899359503155,0.12935257077791257,False,AtomList,Badge,0.12764320430758047
_:b103,BLockGame,0.12659352520349945,0.17791880735470464,0.12935257077791257,False,AtomList,Badge,0.1271453343183821
_:b259,BLockGame,0.12659068530659484,0.17792031845302034,0.12935257077791257,False,AtomList,Badge,0.12714306240085838
_:b194,BLockGame,0.12650272840583016,0.17796739580739465,0.12935257077791257,False,AtomList,Badge,0.12707269688024664
_:b143,BLockGame,0.12648857054954965,0.17797500485324438,0.12935257077791257,False,AtomList,Badge,0.12706137059522224
_:b69,BLockGame,0.12648857054954965,0.17797500485324438,0.12935257077791257,False,AtomList,Badge,0.12706137059522224
_:b80,BLockGame,0.12648857054954965,0.17797500485324438,0.12935257077791257,False,AtomList,Badge,0.12706137059522224
_:b161,BLockGame,0.12648857054954965,0.17797500485324438,0.12935257077791257,False,AtomList,Badge,0.12706137059522224
_:b225,BLockGame,0.12648857054954965,0.17797500485324438,0.12935257077791257,False,AtomList,Badge,0.12706137059522224
_:b114,BLockGame,0.12648857054954965,0.17797500485324438,0.12935257077791257,False,AtomList,Badge,0.12706137059522224
_:b281,BLockGame,0.12648857054954965,0.17797500485324438,0.12935257077791257,False,AtomList,Badge,0.12706137059522224
_:b132,BLockGame,0.12648857054954965,0.17797500485324438,0.12935257077791257,False,AtomList,Badge,0.12706137059522224
_:b205,BLockGame,0.12648857054954965,0.17797500485324438,0.12935257077791257,False,AtomList,Badge,0.12706137059522224
_:b172,BLockGame,0.12648857054954965,0.17797500485324438,0.12935257077791257,False,AtomList,Badge,0.12706137059522224
_:b214,BLockGame,0.12648857054954965,0.17797500485324438,0.12935257077791257,False,AtomList,Badge,0.12706137059522224
_:b183,BLockGame,0.12648857054954965,0.17797500485324438,0.12935257077791257,False,AtomList,Badge,0.12706137059522224
_:b123,BLockGame,0.12648857054954965,0.17797500485324438,0.12935257077791257,False,AtomList,Badge,0.12706137059522224
_:b53,BLockGame,0.12646896423192272,0.17274373441705593,0.12935257077791257,False,unknown,Badge,0.1270456855411207
_:b19,BLockGame,0.12646896423192272,0.17274373441705593,0.12935257077791257,False,unknown,Badge,0.1270456855411207
RFK_L4_R5,BLockGame,0.126336333665844,0.19285781882909125,0.12935257077791257,False,ReferenceKey,Badge,0.1269395810882577
_:b21,BLockGame,0.12633132206769546,0.17281825665742392,0.12935257077791257,False,unknown,Badge,0.12693557180973888
ReferenceKey1,Tiny_stash,0.14816419617276416,0.1915689343059382,0.0415518252487452,False,ReferenceKey,Reward,0.12684172198796037
_:b257,BLockGame,0.12613966860388284,0.1730103495909356,0.12935257077791257,False,AtomList,Badge,0.1267822490386888
RFK_L4_R6,BLockGame,0.1261197522387542,0.19270415104768054,0.12935257077791257,False,ReferenceKey,Badge,0.12676631594658588
Performance,Availability_Block_Game_by_level,0.1583536007871512,0.13643624436171828,0.0,False,NamedIndividual,Level,0.12668288062972097
Novice,Availability_Block_Game_by_level,0.1583536007871512,0.13643624436171828,0.0,False,NamedIndividual,Level,0.12668288062972097
RFK_L1_R1,BLockGame,0.1257690742411889,0.19293471764849435,0.12935257077791257,False,ReferenceKey,Badge,0.12648577354853363
RFK_L2_R1,BLockGame,0.12576807662318595,0.19293536976251055,0.12935257077791257,False,ReferenceKey,Badge,0.1264849754541313
_:b26,BLockGame,0.12559124004284244,0.17323323868560783,0.12935257077791257,False,unknown,Badge,0.12634350618985646
_:b32,BLockGame,0.12550628792560695,0.17327790222440562,0.12935257077791257,False,unknown,Badge,0.1262755444960681
_:b38,BLockGame,0.12547026947230952,0.17329691190564825,0.12935257077791257,False,unknown,Badge,0.12624672973343015
Bonus,Availability_Block_Game_by_level,0.15780005972367894,0.13652259796575533,0.0,False,NamedIndividual,Level,0.12624004777894315
_:b44,BLockGame,0.12545495706609858,0.17330496623500885,0.12935257077791257,False,unknown,Badge,0.12623447980846136
_:b49,BLockGame,0.12544844963156304,0.17330839212260687,0.12935257077791257,False,unknown,Badge,0.12622927386083294
_:b101,BLockGame,0.12481301048178584,0.17370031033843902,0.12935257077791257,False,AtomList,Badge,0.1257209225410112
_:b270,BLockGame,0.12470860863224895,0.17375612613004834,0.12935257077791257,False,AtomList,Badge,0.12563740106138166
IK2,Tiny_stash,0.14659031121429827,0.19627364180254891,0.0415518252487452,False,IndexKey,Reward,0.12558261402118767
3.16.0,Availability_Block_Game_by_level,0.15690163010991767,0.1367244401794804,0.0,False,unknown,Level,0.12552130408793413
_:b255,BLockGame,0.12454824150743873,0.16924217119220256,0.12935257077791257,False,AtomList,Badge,0.1255091073615335
_:b31,BLockGame,0.1244209424083553,0.16922031365767215,0.12935257077791257,False,unknown,Badge,0.12540726808226677
RFK_L1_R5,BLockGame,0.12433880763575673,0.19349204684485363,0.12935257077791257,False,ReferenceKey,Badge,0.1253415602641879
RFK_L1_R6,Availability_Block_Game_by_level,0.15664682221808954,0.13482280108895534,0.0,False,ReferenceKey,Level,0.12531745777447165
check if gr has bonus then voluntary,Availability_Block_Game_by_level,0.15642174474431886,0.13688633161812888,0.0,False,unknown,Level,0.1251373957954551
_:b253,BLockGame,0.12385559103195014,0.1695966227258208,0.12935257077791257,False,AtomList,Badge,0.12495498698114263
contains_forum_post,BLockGame,0.12369870461552898,0.17103594064614078,0.12935257077791257,False,unknown,Badge,0.1248294778480057
pageStart,Availability_Block_Game_by_level,0.155896876881884,0.13533152919081057,0.0,False,AnnotationProperty,Level,0.1247175015055072
_:b23,BLockGame,0.12334722222755853,0.16567418860116215,0.12935257077791257,False,unknown,Badge,0.12454829193762935
_:b99,BLockGame,0.12323066575511107,0.1699270937748345,0.12935257077791257,False,AtomList,Badge,0.12445504675967138
_:b97,BLockGame,0.12316132287535357,0.16586861796706567,0.12935257077791257,False,AtomList,Badge,0.12439957245586537
_:b25,BLockGame,0.12311661023775589,0.16579903343130978,0.12935257077791257,False,unknown,Badge,0.12436380234578723
_:b146,BLockGame,0.12301322780427279,0.17998335715084082,0.12935257077791257,False,AtomList,Badge,0.12428109639900076
_:b135,BLockGame,0.12301322780427279,0.17998335715084082,0.12935257077791257,False,AtomList,Badge,0.12428109639900076
_:b228,BLockGame,0.12301322780427279,0.17998335715084082,0.12935257077791257,False,AtomList,Badge,0.12428109639900076
_:b217,BLockGame,0.12301322780427279,0.17998335715084082,0.12935257077791257,False,AtomList,Badge,0.12428109639900076
_:b152,BLockGame,0.12301322780427279,0.17998335715084082,0.12935257077791257,False,AtomList,Badge,0.12428109639900076
pageStart,BLockGame,0.12283117816591302,0.15770165227075453,0.12935257077791257,False,AnnotationProperty,Badge,0.12413545668831294
EducationalInstitution,Availability_Block_Game_by_level,0.1547970366082378,0.13750989330310906,0.0,False,unknown,Level,0.12383762928659024
has_bag,BLockGame,0.12227385697854662,0.16770732108263614,0.12935257077791257,False,unknown,Badge,0.12368959973841982
Group,Availability_Block_Game_by_level,0.1544796551639109,0.14110220299933854,0.0,False,unknown,Level,0.12358372413112872
System,Availability_Block_Game_by_level,0.15435485836327628,0.1379407579868757,0.0,False,unknown,Level,0.12348388669062103
hasSubSystem,Availability_Block_Game_by_level,0.15435485836327623,0.1379407579868757,0.0,False,unknown,Level,0.12348388669062099
hasKey,Availability_Block_Game_by_level,0.1543256950829886,0.13724283412997024,0.0,False,AnnotationProperty,Level,0.12346055606639089
_:b95,BLockGame,0.12191078887429554,0.16286053215032595,0.12935257077791257,False,AtomList,Badge,0.12339914525501895
Sara_12,Tiny_stash,0.14376262144301552,0.1940052299297265,0.0415518252487452,False,UserAccount,Reward,0.12332046220416146
_:b251,BLockGame,0.12172970908996436,0.16661446896622195,0.12935257077791257,False,AtomList,Badge,0.12325428142755401
bonus,Availability_Block_Game_by_level,0.1540506788457911,0.13797438658410577,0.0,False,unknown,Level,0.12324054307663289
_:b192,BLockGame,0.12126608068461076,0.17575186444555627,0.12935257077791257,False,AtomList,Badge,0.12288337870327112
_:b141,BLockGame,0.12123284905400274,0.1757687166464509,0.12935257077791257,False,AtomList,Badge,0.1228567933987847
_:b78,BLockGame,0.12123284905400274,0.1757687166464509,0.12935257077791257,False,AtomList,Badge,0.1228567933987847
_:b112,BLockGame,0.12123284905400274,0.1757687166464509,0.12935257077791257,False,AtomList,Badge,0.1228567933987847
_:b170,BLockGame,0.12123284905400274,0.1757687166464509,0.12935257077791257,False,AtomList,Badge,0.1228567933987847
_:b223,BLockGame,0.12123284905400274,0.1757687166464509,0.12935257077791257,False,AtomList,Badge,0.1228567933987847
_:b203,BLockGame,0.12123284905400274,0.1757687166464509,0.12935257077791257,False,AtomList,Badge,0.1228567933987847
_:b121,BLockGame,0.12123284905400274,0.1757687166464509,0.12935257077791257,False,AtomList,Badge,0.1228567933987847
_:b279,BLockGame,0.12123284905400274,0.1757687166464509,0.12935257077791257,False,AtomList,Badge,0.1228567933987847
_:b130,BLockGame,0.12123284905400274,0.1757687166464509,0.12935257077791257,False,AtomList,Badge,0.1228567933987847
_:b67,BLockGame,0.12123284905400274,0.1757687166464509,0.12935257077791257,False,AtomList,Badge,0.1228567933987847
_:b181,BLockGame,0.12123284905400274,0.1757687166464509,0.12935257077791257,False,AtomList,Badge,0.1228567933987847
_:b212,BLockGame,0.12123284905400274,0.1757687166464509,0.12935257077791257,False,AtomList,Badge,0.1228567933987847
_:b159,BLockGame,0.12123284905400274,0.1757687166464509,0.12935257077791257,False,AtomList,Badge,0.1228567933987847
EducationalTopic,Availability_Block_Game_by_level,0.15356736238100757,0.13885836678284125,0.0,False,Class,Level,0.12285388990480606
_:b93,BLockGame,0.12121799999289913,0.16321489399194422,0.12935257077791257,False,AtomList,Badge,0.12284491414990183
n,BLockGame,0.12100731407596373,0.16472984252946732,0.12935257077791257,False,unknown,Badge,0.1226763654163535
Adam_Phil,Tiny_stash,0.1425799840349006,0.19422208142540473,0.0415518252487452,False,UserAccount,Reward,0.12237435227766953
_:b91,BLockGame,0.12049000975778615,0.16360054719462536,0.12935257077791257,False,AtomList,Badge,0.12226252196181144
Stash,Availability_Block_Game_by_level,0.15268899848457682,0.15751079417045416,0.0,False,Reward,Level,0.12215119878766145
additional-name,Availability_Block_Game_by_level,0.15251421623804884,0.1406312713925746,0.0,False,unknown,Level,0.12201137299043907
family-name,Availability_Block_Game_by_level,0.1524563390351702,0.1406312684046054,0.0,False,unknown,Level,0.12196507122813616
given-name,Availability_Block_Game_by_level,0.15243174308089052,0.1406312843969662,0.0,False,unknown,Level,0.12194539446471242
honorific-prefix,Availability_Block_Game_by_level,0.1524212855739056,0.14063129431562169,0.0,False,unknown,Level,0.12193702845912449
honorific-suffix,Availability_Block_Game_by_level,0.152416838188079,0.14063129909790498,0.0,False,unknown,Level,0.1219334705504632
fgiasson,Game,0.15205548119525236,0.1646779742458406,0.0,False,Agent,GameElementResource,0.12164438495620189
visual,Interactive_Content_–_H5P,0.15205548119525236,0.1646779742458406,0.0,False,InputPole,GameElementResource,0.12164438495620189
visual,Block_Game,0.15205548119525236,0.1646779742458406,0.0,False,InputPole,GameElementResource,0.12164438495620189
fgiasson,Block_Game,0.15205548119525236,0.1646779742458406,0.0,False,Agent,GameElementResource,0.12164438495620189
Intermediate,Quizventure,0.15205548119525236,0.1646779742458406,0.0,False,Experience,GameElementResource,0.12164438495620189
Intermediate,Game,0.15205548119525236,0.1646779742458406,0.0,False,Experience,GameElementResource,0.12164438495620189
philanthropest,Game,0.15205548119525236,0.1646779742458406,0.0,False,NamedIndividual|_:b17,GameElementResource,0.12164438495620189
Access_Resource_No.340,Game,0.15205548119525236,0.1646779742458406,0.0,False,AccessResourceActivity,GameElementResource,0.12164438495620189
explorer,Game,0.15205548119525236,0.1646779742458406,0.0,False,NamedIndividual|_:b16,GameElementResource,0.12164438495620189
Access_Resource_No.340,Block_Game,0.15205548119525236,0.1646779742458406,0.0,False,AccessResourceActivity,GameElementResource,0.12164438495620189
achiever,Block_Game,0.15205548119525236,0.1646779742458406,0.0,False,NamedIndividual|_:b15,GameElementResource,0.12164438495620189
achiever,Game,0.15205548119525236,0.1646779742458406,0.0,False,NamedIndividual|_:b15,GameElementResource,0.12164438495620189
socializer,Quizventure,0.15205548119525236,0.1646779742458406,0.0,False,NamedIndividual|_:b18,GameElementResource,0.12164438495620189
socializer,Block_Game,0.15205548119525236,0.1646779742458406,0.0,False,NamedIndividual|_:b18,GameElementResource,0.12164438495620189
philanthropest,Block_Game,0.15205548119525236,0.1646779742458406,0.0,False,NamedIndividual|_:b17,GameElementResource,0.12164438495620189
explorer,Quizventure,0.15205548119525236,0.1646779742458406,0.0,False,NamedIndividual|_:b16,GameElementResource,0.12164438495620189
has_preLesson,Interactive_Content_–_H5P,0.15203806111020243,0.1646970797082663,0.0,False,ObjectProperty,GameElementResource,0.12163044888816195
has_preLesson,Game,0.15203806111020243,0.1646970797082663,0.0,False,ObjectProperty,GameElementResource,0.12163044888816195
_:b249,BLockGame,0.11965176432532185,0.1719987008950942,0.12935257077791257,False,AtomList,Badge,0.12159192561584
_:b268,BLockGame,0.11965176432532185,0.1719987008950942,0.12935257077791257,False,AtomList,Badge,0.12159192561584
DataTypes,Tiny_stash,0.14124792695918498,0.1987384175739209,0.0415518252487452,False,IndexKey,Reward,0.12130870661709703
GE,Availability_Block_Game_by_level,0.15159074802965025,0.13787744832836862,0.0,False,Variable,Level,0.12127259842372021
ge,Availability_Block_Game_by_level,0.15153969092859107,0.1378846120065279,0.0,False,Variable,Level,0.12123175274287286
Kind,Availability_Block_Game_by_level,0.1511835495910476,0.14064561622507932,0.0,False,unknown,Level,0.12094683967283809
TaskJavaInheritance,Tiny_stash,0.140650257120373,0.19615371351148886,0.0415518252487452,False,IndexKey,Reward,0.12083057074604743
resource_340,Game,0.15086544941955643,0.16579811922206536,0.0,False,NamedIndividual,GameElementResource,0.12069235953564515
resource_340,Block_Game,0.15086544941955643,0.16579811922206536,0.0,False,NamedIndividual,GameElementResource,0.12069235953564515
Fellowship,Interactive_Content_–_H5P,0.15086544941955643,0.16579811922206536,0.0,False,NamedIndividual,GameElementResource,0.12069235953564515
Fellowship,Block_Game,0.15086544941955643,0.16579811922206536,0.0,False,NamedIndividual,GameElementResource,0.12069235953564515
Explorer,Availability_Block_Game_by_level,0.1508119985525616,0.13953679183962678,0.0,False,unknown,Level,0.12064959884204929
GE_TinyStash,Game,0.15065185565042255,0.16582229197063536,0.0,False,ReferenceKey,GameElementResource,0.12052148452033805
GE_TinyStash,Quizventure,0.15065185565042255,0.16582229197063536,0.0,False,ReferenceKey,GameElementResource,0.12052148452033805
Class,Availability_Block_Game_by_level,0.15062624128439195,0.14066054245430093,0.0,False,unknown,Level,0.12050099302751356
Entity,Availability_Block_Game_by_level,0.15062624128439195,0.14066054245430093,0.0,False,unknown,Level,0.12050099302751356
_:b89,BLockGame,0.11825311837582815,0.1686355943648552,0.12935257077791257,False,AtomList,Badge,0.12047300885624504
has_usergroup,Game,0.15046653506722812,0.16603238585654892,0.0,False,AnnotationProperty,GameElementResource,0.1203732280537825
isbn,Block_Game,0.15046653506722812,0.16603238585654892,0.0,False,AnnotationProperty,GameElementResource,0.1203732280537825
has_usergroup,Quizventure,0.15046653506722812,0.16603238585654892,0.0,False,AnnotationProperty,GameElementResource,0.1203732280537825
identifier,Interactive_Content_–_H5P,0.15046653506722812,0.16603238585654892,0.0,False,AnnotationProperty,GameElementResource,0.1203732280537825
identifier,Game,0.15046653506722812,0.16603238585654892,0.0,False,AnnotationProperty,GameElementResource,0.1203732280537825
isRuleEnabled,Block_Game,0.15046653506722812,0.16603238585654892,0.0,False,AnnotationProperty,GameElementResource,0.1203732280537825
isRuleEnabled,Game,0.15046653506722812,0.16603238585654892,0.0,False,AnnotationProperty,GameElementResource,0.1203732280537825
minQualifiedCardinality,Quizventure,0.15046653506722812,0.16603238585654892,0.0,False,AnnotationProperty,GameElementResource,0.1203732280537825
member_of,Block_Game,0.15046653506722812,0.16603238585654892,0.0,False,AnnotationProperty,GameElementResource,0.1203732280537825
isbn,Game,0.15046653506722812,0.16603238585654892,0.0,False,AnnotationProperty,GameElementResource,0.1203732280537825
member_of,Game,0.15046653506722812,0.16603238585654892,0.0,False,AnnotationProperty,GameElementResource,0.1203732280537825
id,Interactive_Content_–_H5P,0.15046653506722812,0.16603238585654892,0.0,False,AnnotationProperty,GameElementResource,0.1203732280537825
id,Quizventure,0.15046653506722812,0.16603238585654892,0.0,False,AnnotationProperty,GameElementResource,0.1203732280537825
age,Quizventure,0.15046653506722812,0.16603238585654892,0.0,False,AnnotationProperty,GameElementResource,0.1203732280537825
age,Game,0.15046653506722812,0.16603238585654892,0.0,False,AnnotationProperty,GameElementResource,0.1203732280537825
minQualifiedCardinality,Game,0.15046653506722812,0.16603238585654892,0.0,False,AnnotationProperty,GameElementResource,0.1203732280537825
lesson 9 for the course Object Oriented Programming,Availability_Block_Game_by_level,0.15027818662010492,0.1395052336273152,0.0,False,unknown,Level,0.12022254929608395
leçon 9 du cours Programmation Orientée Objet,Availability_Block_Game_by_level,0.15027818662010492,0.1395052336273152,0.0,False,unknown,Level,0.12022254929608395
leçon 5 du cours Programmation Orientée Objet,Availability_Block_Game_by_level,0.15024459932717732,0.1395164306984908,0.0,False,unknown,Level,0.12019567946174187
lesson 5 for the course Object Oriented Programming,Availability_Block_Game_by_level,0.15024459932717732,0.1395164306984908,0.0,False,unknown,Level,0.12019567946174187
lesson 3 for the course Object Oriented Programming,Availability_Block_Game_by_level,0.15019571131386372,0.13953276174924856,0.0,False,unknown,Level,0.12015656905109098
leçon 3 du cours Programmation Orientée Objet,Availability_Block_Game_by_level,0.15019571131386372,0.13953276174924856,0.0,False,unknown,Level,0.12015656905109098
Lesson 1 of course Object oriented programming,Availability_Block_Game_by_level,0.1501953186175525,0.13953289308854885,0.0,False,unknown,Level,0.12015625489404201
pp,Availability_Block_Game_by_level,0.14994777947391466,0.13877965199520503,0.0,False,Variable,Level,0.11995822357913173
ip,Availability_Block_Game_by_level,0.14994777947391466,0.13877965199520503,0.0,False,Variable,Level,0.11995822357913173
l2,Availability_Block_Game_by_level,0.14976769763230696,0.13880060676277609,0.0,False,Variable,Level,0.11981415810584557
l1,Availability_Block_Game_by_level,0.14976727680509858,0.13880065637870692,0.0,False,Variable,Level,0.11981382144407887
"Learners receive points for their actions, visualise their progress, compete with others through a leaderboard, and unlock content based on their individual needs and experiences.",Availability_Block_Game_by_level,0.14961711525480692,0.1395329388362054,0.0,False,unknown,Level,0.11969369220384554
tiny_stash,Availability_Block_Game_by_level,0.14961711525480692,0.1395329388362054,0.0,False,unknown,Level,0.11969369220384554
Level Up XP,Availability_Block_Game_by_level,0.14961711525480692,0.1395329388362054,0.0,False,unknown,Level,0.11969369220384554
block_xp,Availability_Block_Game_by_level,0.14961711525480692,0.1395329388362054,0.0,False,unknown,Level,0.11969369220384554
Tiny Stash,Availability_Block_Game_by_level,0.14961711525480692,0.1395329388362054,0.0,False,unknown,Level,0.11969369220384554
A companion plugin for block_stash. This allows you to create items and trades from the TinyMCE editor to be inserted into the activities in your course,Availability_Block_Game_by_level,0.14961711525480692,0.1395329388362054,0.0,False,unknown,Level,0.11969369220384554
Built-in Data Types,Availability_Block_Game_by_level,0.14950026936426022,0.13957122670509184,0.0,False,unknown,Level,0.11960021549140819
Essential,Availability_Block_Game_by_level,0.14950026936426022,0.13957122670509184,0.0,False,unknown,Level,0.11960021549140819
Event_Handler_and_Listener,Motrain,0.14922763338747674,0.18363505344821257,0.0,False,Lesson,GameElementResource,0.1193821067099814
LegalDocument,Availability_Block_Game_by_level,0.149153697442238,0.14108057020985196,0.0,False,Class,Level,0.1193229579537904
leçon 4 du cours Programmation Orientée Objet,Availability_Block_Game_by_level,0.1488456242274611,0.13961215024566773,0.0,False,unknown,Level,0.11907649938196888
lesson 4 for the course Object Oriented Programming,Availability_Block_Game_by_level,0.1488456242274611,0.13961215024566773,0.0,False,unknown,Level,0.11907649938196888
lesson 2 for the course Object Oriented Programming,Availability_Block_Game_by_level,0.14884147024126687,0.13961349051535205,0.0,False,unknown,Level,0.1190731761930135
offersCourse,BLockGame,0.11636448411097704,0.17100164950090863,0.12935257077791257,False,TransitiveProperty,Badge,0.11896210144436416
hasTargetAudience,BLockGame,0.1162935435673241,0.17104562971218715,0.12935257077791257,False,ObjectProperty,Badge,0.1189053490094418
hasPreLesson,Availability_Block_Game_by_level,0.14856695199871367,0.1437611314408908,0.0,False,ReflexiveProperty,Level,0.11885356159897094
hasPreResource,Availability_Block_Game_by_level,0.14856695199871367,0.1437611314408908,0.0,False,ReflexiveProperty,Level,0.11885356159897094
Mike,Availability_Block_Game_by_level,0.14856695199871367,0.1437611314408908,0.0,False,Teacher,Level,0.11885356159897094
cites,Availability_Block_Game_by_level,0.14854976462915198,0.1437822179003672,0.0,False,ObjectProperty,Level,0.11883981170332159
hasPedagogicalExperience,Availability_Block_Game_by_level,0.14854976462915198,0.1437822179003672,0.0,False,ObjectProperty,Level,0.11883981170332159
wasAssociatedWith,Availability_Block_Game_by_level,0.14854975270822302,0.14378219384023674,0.0,False,ObjectProperty,Level,0.11883980216657841
translator,Availability_Block_Game_by_level,0.14854975270822302,0.14378219384023674,0.0,False,ObjectProperty,Level,0.11883980216657841
distributor,Availability_Block_Game_by_level,0.14854975270822302,0.14378219384023674,0.0,False,ObjectProperty,Level,0.11883980216657841
issuer,Availability_Block_Game_by_level,0.14854975270822302,0.14378219384023674,0.0,False,ObjectProperty,Level,0.11883980216657841
editor,Availability_Block_Game_by_level,0.14854975270822302,0.14378219384023674,0.0,False,ObjectProperty,Level,0.11883980216657841
IK_GE_stash,Tiny_stash,0.13804275948706762,0.1972973865105103,0.0415518252487452,False,IndexKey,Reward,0.11874457263940315
IK_GE_BlockGame,Tiny_stash,0.13804275948706762,0.1972973865105103,0.0415518252487452,False,IndexKey,Reward,0.11874457263940315
lesson 6 for the course Object Oriented Programming,Availability_Block_Game_by_level,0.1483762563863458,0.13961074097546544,0.0,False,unknown,Level,0.11870100510907665
leçon 6 du cours Programmation Orientée Objet,Availability_Block_Game_by_level,0.1483762563863458,0.13961074097546544,0.0,False,unknown,Level,0.11870100510907665
game elements relevant to behavioural objectives,Availability_Block_Game_by_level,0.1483618325966179,0.13961528943511126,0.0,False,unknown,Level,0.11868946607729432
3.0.0,Availability_Block_Game_by_level,0.1483618325966179,0.13961528943511126,0.0,False,unknown,Level,0.11868946607729432
gamified resource contains one or more game elements,Availability_Block_Game_by_level,0.1483618325966179,0.13961528943511126,0.0,False,unknown,Level,0.11868946607729432
link exxperience level with number: expert=4,Availability_Block_Game_by_level,0.1483618325966179,0.13961528943511126,0.0,False,unknown,Level,0.11868946607729432
link exxperience level with number: expert=6,Availability_Block_Game_by_level,0.1483618325966179,0.13961528943511126,0.0,False,unknown,Level,0.11868946607729432
link exxperience level with number: expert=2,Availability_Block_Game_by_level,0.1483618325966179,0.13961528943511126,0.0,False,unknown,Level,0.11868946607729432
Identify the more expert teacher between two teachers,Availability_Block_Game_by_level,0.1483618325966179,0.13961528943511126,0.0,False,unknown,Level,0.11868946607729432
subclass to class,Availability_Block_Game_by_level,0.1483618325966179,0.13961528943511126,0.0,False,unknown,Level,0.11868946607729432
"the url of the game elment where it can be downloaded. In addition, this url contains information of the game elemnt.",Availability_Block_Game_by_level,0.1483618325966179,0.13961528943511126,0.0,False,unknown,Level,0.11868946607729432
2.1.1,Availability_Block_Game_by_level,0.1483618325966179,0.13961528943511126,0.0,False,unknown,Level,0.11868946607729432
Allows the user to choose or change their avatar at any time.,Availability_Block_Game_by_level,0.1483618325966179,0.13961528943511126,0.0,False,unknown,Level,0.11868946607729432
Linking leaderboard to resources with objective competition,Availability_Block_Game_by_level,0.1483618325966179,0.13961528943511126,0.0,False,unknown,Level,0.11868946607729432
Gamified resource that contains experience leaderboard game element must contain experience points game element,Availability_Block_Game_by_level,0.1483618325966179,0.13961528943511126,0.0,False,unknown,Level,0.11868946607729432
linking bonus resources with teaaccher exploration objective,Availability_Block_Game_by_level,0.1483618325966179,0.13961528943511126,0.0,False,unknown,Level,0.11868946607729432
Gamified resource that contains score leaderboard game element must contain score points game element,Availability_Block_Game_by_level,0.1483618325966179,0.13961528943511126,0.0,False,unknown,Level,0.11868946607729432
block_game,Availability_Block_Game_by_level,0.1483618325966179,0.13961528943511126,0.0,False,unknown,Level,0.11868946607729432
"Enables teachers to create items that students can collect, providing an interactive experience where students find items across the course.",Availability_Block_Game_by_level,0.1483618325966179,0.13961528943511126,0.0,False,unknown,Level,0.11868946607729432
anyURI,Availability_Block_Game_by_level,0.1483618325966179,0.13961528943511126,0.0,False,unknown,Level,0.11868946607729432
Gamified resource that contains bonus leaderboard game element must contain bonus points game element,Availability_Block_Game_by_level,0.1483618325966179,0.13961528943511126,0.0,False,unknown,Level,0.11868946607729432
block_stash,Availability_Block_Game_by_level,0.1483618325966179,0.13961528943511126,0.0,False,unknown,Level,0.11868946607729432
Gamified resource that contains social leaderboard game element must contain social points game element,Availability_Block_Game_by_level,0.1483618325966179,0.13961528943511126,0.0,False,unknown,Level,0.11868946607729432
Sensitive,Availability_Block_Game_by_level,0.1483237056018721,0.1392378426396604,0.0,False,Class,Level,0.1186589644814977
Sequential,Availability_Block_Game_by_level,0.1483237056018721,0.1392378426396604,0.0,False,Class,Level,0.1186589644814977
Reflective,Availability_Block_Game_by_level,0.1483237056018721,0.1392378426396604,0.0,False,Class,Level,0.1186589644814977
Visual,Availability_Block_Game_by_level,0.1483237056018721,0.1392378426396604,0.0,False,Class,Level,0.1186589644814977
RF_GE_BloackGame,Tiny_stash,0.1378958685171556,0.19609148498052428,0.0415518252487452,False,ReferenceKey,Reward,0.11862705986347352
RF_GE_STash,Tiny_stash,0.1378958685171556,0.19609148498052428,0.0415518252487452,False,ReferenceKey,Reward,0.11862705986347352
Sensitive,BLockGame,0.11591835005650344,0.15844987975375902,0.12935257077791257,False,Class,Badge,0.11860519420078527
Visual,BLockGame,0.11591835005650344,0.15844987975375902,0.12935257077791257,False,Class,Badge,0.11860519420078527
hasEducationalTopic,Availability_Block_Game_by_level,0.14817214551623423,0.14398753397641675,0.0,False,FunctionalProperty,Level,0.11853771641298738
JavaArrays,Tiny_stash,0.13752974225537445,0.19738136406146875,0.0415518252487452,False,IndexKey,Reward,0.1183341588540486
JavaStaticFunctions,Tiny_stash,0.13743836367140533,0.19743866034485857,0.0415518252487452,False,IndexKey,Reward,0.11826105598687331
JavaParentClass,Tiny_stash,0.1374368290394564,0.19743962152190855,0.0415518252487452,False,IndexKey,Reward,0.11825982828131416
RFK_L3_R6,Tiny_stash,0.137307564276898,0.196251784384637,0.0415518252487452,False,ReferenceKey,Reward,0.11815641647126744
RFK_L4_R7,Tiny_stash,0.13730563128689927,0.1962529607837141,0.0415518252487452,False,ReferenceKey,Reward,0.11815487007926846
JavaFiles,Tiny_stash,0.13725114278175857,0.19755603942390848,0.0415518252487452,False,IndexKey,Reward,0.1181112792751559
JavaOverloadedConstructors,Tiny_stash,0.13725114278175857,0.19755603942390848,0.0415518252487452,False,IndexKey,Reward,0.1181112792751559
JavaArithmeticOperations,Tiny_stash,0.13725114278175857,0.19755603942390848,0.0415518252487452,False,IndexKey,Reward,0.1181112792751559
JavaTaskEventHandlerListener,Tiny_stash,0.13725114278175857,0.19755603942390848,0.0415518252487452,False,IndexKey,Reward,0.1181112792751559
JavaGUILinkedScreens,Tiny_stash,0.13725114278175857,0.19755603942390848,0.0415518252487452,False,IndexKey,Reward,0.1181112792751559
TaskJavaPolymorphism,Tiny_stash,0.13725114278175857,0.19755603942390848,0.0415518252487452,False,IndexKey,Reward,0.1181112792751559
JavaGUIElements,Tiny_stash,0.13725114278175857,0.19755603942390848,0.0415518252487452,False,IndexKey,Reward,0.1181112792751559
JavaFX,Tiny_stash,0.13725114278175857,0.19755603942390848,0.0415518252487452,False,IndexKey,Reward,0.1181112792751559
JavaEventListener,Tiny_stash,0.13725114278175857,0.19755603942390848,0.0415518252487452,False,IndexKey,Reward,0.1181112792751559
JavaDelimiters,Tiny_stash,0.13725114278175857,0.19755603942390848,0.0415518252487452,False,IndexKey,Reward,0.1181112792751559
JavaOverloading,Tiny_stash,0.13725114278175857,0.19755603942390848,0.0415518252487452,False,IndexKey,Reward,0.1181112792751559
JavaIOStreams,Tiny_stash,0.13725114278175857,0.19755603942390848,0.0415518252487452,False,IndexKey,Reward,0.1181112792751559
JavaOverriding,Tiny_stash,0.13725114278175857,0.19755603942390848,0.0415518252487452,False,IndexKey,Reward,0.1181112792751559
JavaTryCatch,Tiny_stash,0.13725114278175857,0.19755603942390848,0.0415518252487452,False,IndexKey,Reward,0.1181112792751559
JavaArgumentsParameters,Tiny_stash,0.13725114278175857,0.19755603942390848,0.0415518252487452,False,IndexKey,Reward,0.1181112792751559
TaskJavaGUI,Tiny_stash,0.13725114278175857,0.19755603942390848,0.0415518252487452,False,IndexKey,Reward,0.1181112792751559
JavaEvents,Tiny_stash,0.13725114278175857,0.19755603942390848,0.0415518252487452,False,IndexKey,Reward,0.1181112792751559
JavaEventTypes,Tiny_stash,0.13725114278175857,0.19755603942390848,0.0415518252487452,False,IndexKey,Reward,0.1181112792751559
JavaExceptions,Tiny_stash,0.13725114278175857,0.19755603942390848,0.0415518252487452,False,IndexKey,Reward,0.1181112792751559
JavaExceptionTypes,Tiny_stash,0.13725114278175857,0.19755603942390848,0.0415518252487452,False,IndexKey,Reward,0.1181112792751559
TaskJavaExceptions,Tiny_stash,0.13725114278175857,0.19755603942390848,0.0415518252487452,False,IndexKey,Reward,0.1181112792751559
JavaSingleInheritance,Tiny_stash,0.13710184307473308,0.1974250145849203,0.0415518252487452,False,IndexKey,Reward,0.11799183950953551
IK_GE_Motrain,Tiny_stash,0.13708900152765785,0.19743299155514293,0.0415518252487452,False,IndexKey,Reward,0.11798156627187532
JavaExtend,Tiny_stash,0.13708507152631103,0.19743543284294374,0.0415518252487452,False,IndexKey,Reward,0.11797842227079787
TaskJavaClassesMethod,Tiny_stash,0.1370802148398858,0.19743844980127218,0.0415518252487452,False,IndexKey,Reward,0.11797453692165769
JavaStatic,Tiny_stash,0.137078323766734,0.19743962453612046,0.0415518252487452,False,IndexKey,Reward,0.11797302406313626
JavaThis,Tiny_stash,0.13707740319215564,0.1974401963984021,0.0415518252487452,False,IndexKey,Reward,0.11797228760347356
JavaConstructors,Tiny_stash,0.1370770284099408,0.1974404292138974,0.0415518252487452,False,IndexKey,Reward,0.11797198777770168
TaskJavaClassesObjects,Tiny_stash,0.1370739077858011,0.19744236775742807,0.0415518252487452,False,IndexKey,Reward,0.11796949127838993
JavaAccessModifiers,Tiny_stash,0.13707264356150844,0.19744315310101815,0.0415518252487452,False,IndexKey,Reward,0.1179684798989558
JavaPackages,Tiny_stash,0.1370721083458855,0.1974434855805853,0.0415518252487452,False,IndexKey,Reward,0.11796805172645745
JavaArrayOfInstances,Tiny_stash,0.13707188187674807,0.19744362626483444,0.0415518252487452,False,IndexKey,Reward,0.1179678705511475
JavaClassInstance,Tiny_stash,0.13707178601391792,0.19744368581552588,0.0415518252487452,False,IndexKey,Reward,0.11796779386088338
JavaStrings,Tiny_stash,0.13706640143100074,0.19744703077197182,0.0415518252487452,False,IndexKey,Reward,0.11796348619454963
JavaIf,Tiny_stash,0.13701990426672903,0.19747598406892974,0.0415518252487452,False,IndexKey,Reward,0.11792628846313226
taskJavaBasics,Tiny_stash,0.13695351136934722,0.1975172671084044,0.0415518252487452,False,IndexKey,Reward,0.11787317414522681
JavaForWhile,Tiny_stash,0.13694338802010333,0.19752352320187774,0.0415518252487452,False,IndexKey,Reward,0.1178650754658317
JavaVariables,Tiny_stash,0.13690550252862382,0.19733933910640733,0.0415518252487452,False,IndexKey,Reward,0.1178347670726481
JavaClassAttributesFunctions,Tiny_stash,0.1369043376274591,0.19734005651871114,0.0415518252487452,False,IndexKey,Reward,0.11783383515171632
Verbal,Availability_Block_Game_by_level,0.14722346554801852,0.15153415067131912,0.0,False,Class,Level,0.11777877243841482
Global,Availability_Block_Game_by_level,0.14722346554801852,0.15153415067131912,0.0,False,Class,Level,0.11777877243841482
Active,Availability_Block_Game_by_level,0.14722346554801852,0.15153415067131912,0.0,False,Class,Level,0.11777877243841482
Intuitive,Availability_Block_Game_by_level,0.14722346554801852,0.15153415067131912,0.0,False,Class,Level,0.11777877243841482
ressource bonus pour la leçon 3 Méthodes et constructeurs de classe,Availability_Block_Game_by_level,0.14722261129375178,0.13972843705218557,0.0,False,unknown,Level,0.11777808903500142
bonus resource for lesson 3 Class Methods and Constructors,Availability_Block_Game_by_level,0.14722261129375178,0.13972843705218557,0.0,False,unknown,Level,0.11777808903500142
bonus material for lesson 1 java basics,Availability_Block_Game_by_level,0.1472224990643174,0.13972847049187911,0.0,False,unknown,Level,0.11777799925145392
bonus resource for lesson 4 Class Methods and Constructors,Availability_Block_Game_by_level,0.14721782561413718,0.13972986317096367,0.0,False,unknown,Level,0.11777426049130975
ressource bonus pour la leçon 4 Méthodes et constructeurs de classe,Availability_Block_Game_by_level,0.14721782561413718,0.13972986317096367,0.0,False,unknown,Level,0.11777426049130975
exercisse of lesson 2 Classes and Objects,Availability_Block_Game_by_level,0.14720055869584206,0.1397350118253925,0.0,False,unknown,Level,0.11776044695667365
Assessment,Availability_Block_Game_by_level,0.14720055869584206,0.1397350118253925,0.0,False,unknown,Level,0.11776044695667365
JavaInheritanceComposition,Tiny_stash,0.13678875520946385,0.1974113128845271,0.0415518252487452,False,IndexKey,Reward,0.11774136921732012
Whether it is flexible or has certain deadlines,Availability_Block_Game_by_level,0.14715885895461495,0.13974748051494706,0.0,False,unknown,Level,0.11772708716369196
Total number of downloads done for this game elemnent,Availability_Block_Game_by_level,0.14715885895461495,0.13974748051494706,0.0,False,unknown,Level,0.11772708716369196
Total number of likes granted for this game element,Availability_Block_Game_by_level,0.14715885895461495,0.13974748051494706,0.0,False,unknown,Level,0.11772708716369196
the title of the game element,Availability_Block_Game_by_level,0.14715885895461495,0.13974748051494706,0.0,False,unknown,Level,0.11772708716369196
CollectedDocument,Availability_Block_Game_by_level,0.14715885895461495,0.13974748051494706,0.0,False,unknown,Level,0.11772708716369196
the number of weeks since the latest release of the game element version,Availability_Block_Game_by_level,0.14715885895461495,0.13974748051494706,0.0,False,unknown,Level,0.11772708716369196
VCard,Availability_Block_Game_by_level,0.14715885895461495,0.13974748051494706,0.0,False,unknown,Level,0.11772708716369196
the latest version released for this game element,Availability_Block_Game_by_level,0.14715885895461495,0.13974748051494706,0.0,False,unknown,Level,0.11772708716369196
the original language inwhich the course is created with,Availability_Block_Game_by_level,0.14715885895461495,0.13974748051494706,0.0,False,unknown,Level,0.11772708716369196
integrated this game element,Availability_Block_Game_by_level,0.14715885895461495,0.13974748051494706,0.0,False,unknown,Level,0.11772708716369196
language for the transcript of the course's resources,Availability_Block_Game_by_level,0.14715885895461495,0.13974748051494706,0.0,False,unknown,Level,0.11772708716369196
total number of learners enrolled to the course throughout the years,Availability_Block_Game_by_level,0.14715885895461495,0.13974748051494706,0.0,False,unknown,Level,0.11772708716369196
Number of hours for completing the course,Availability_Block_Game_by_level,0.14715885895461495,0.13974748051494706,0.0,False,unknown,Level,0.11772708716369196
The duration in minutes of a single resource,Availability_Block_Game_by_level,0.14715885895461495,0.13974748051494706,0.0,False,unknown,Level,0.11772708716369196
"The targeted audience of a targeted course has targeted educational level to be beginner, intermefdiate, or advanced",Availability_Block_Game_by_level,0.14715885895461495,0.13974748051494706,0.0,False,unknown,Level,0.11772708716369196
"The course is targeted for audience who have payment preference of either ""free of charge"" or ""with charge""",Availability_Block_Game_by_level,0.14715885895461495,0.13974748051494706,0.0,False,unknown,Level,0.11772708716369196
brief description of the game element purpose,Availability_Block_Game_by_level,0.14715885895461495,0.13974748051494706,0.0,False,unknown,Level,0.11772708716369196
rating of course from 0 to 5.,Availability_Block_Game_by_level,0.14715885895461495,0.13974748051494706,0.0,False,unknown,Level,0.11772708716369196
"the teacher defines the purpose of the resource as either for ""lecturing"" or for ""assessment""",Availability_Block_Game_by_level,0.14715885895461495,0.13974748051494706,0.0,False,unknown,Level,0.11772708716369196
Sequential,BLockGame,0.11462042643202779,0.15541757462399072,0.12935257077791257,False,Class,Badge,0.11756685530120475
Reflective,BLockGame,0.11462042643202779,0.15541757462399072,0.12935257077791257,False,Class,Badge,0.11756685530120475
JavaSuper,Tiny_stash,0.13656790804392563,0.19754750728321252,0.0415518252487452,False,IndexKey,Reward,0.11756469148488954
JavaMultiInheritance,Tiny_stash,0.13647490395195144,0.1976048702200708,0.0415518252487452,False,IndexKey,Reward,0.1174902882113102
has_PlayingStyle,Availability_Block_Game_by_level,0.146519139799377,0.1401116111353822,0.0,False,DatatypeProperty,Level,0.11721531183950161
OOPTeachers,Availability_Block_Game_by_level,0.14620688209562088,0.14259752419754243,0.0,False,FreeGroup,Level,0.11696550567649672
RFK_L2_R7,Tiny_stash,0.1354226287127268,0.19687522827179244,0.0415518252487452,False,ReferenceKey,Reward,0.11664846801993049
offersCourse,Tiny_stash,0.13536831354726583,0.1779977516367005,0.0415518252487452,False,TransitiveProperty,Reward,0.11660501588756171
hasTargetAudience,Tiny_stash,0.13528845519753877,0.17805366098069014,0.0415518252487452,False,ObjectProperty,Reward,0.11654112920778005
IK_GE_LevelUp,Tiny_stash,0.13499688961897788,0.19068083536773978,0.0415518252487452,False,IndexKey,Reward,0.11630787674493134
leçon 8 du cours Programmation Orientée Objet,Availability_Block_Game_by_level,0.14534912923121482,0.14007243012123702,0.0,False,unknown,Level,0.11627930338497186
lesson 8 for the course Object Oriented Programming,Availability_Block_Game_by_level,0.14534912923121482,0.14007243012123702,0.0,False,unknown,Level,0.11627930338497186
Competition,BLockGame,0.1128538570065782,0.16108636903816323,0.12935257077791257,False,NamedIndividual,Badge,0.11615359976084508
bonus material for lesson 2 classes and objects,Availability_Block_Game_by_level,0.144841192261593,0.14018828568358915,0.0,False,unknown,Level,0.11587295380927441
RFK_L4_R3,Tiny_stash,0.13444029649206515,0.19718710032283984,0.0415518252487452,False,ReferenceKey,Reward,0.11586260224340117
RFK_L4_R6,Tiny_stash,0.1344053838539807,0.19703548719332728,0.0415518252487452,False,ReferenceKey,Reward,0.11583467213293361
RFK_L4_R5,Tiny_stash,0.13440226934575755,0.19713549773258127,0.0415518252487452,False,ReferenceKey,Reward,0.11583218052635509
has_Place,Availability_Block_Game_by_level,0.14475400909666797,0.14021173992066688,0.0,False,unknown,Level,0.11580320727733438
RFK_L1_R3,Tiny_stash,0.13432812341837183,0.19725277571415278,0.0415518252487452,False,ReferenceKey,Reward,0.11577286378444651
RFK_L1_R4,Tiny_stash,0.13428698636253783,0.1972769065420335,0.0415518252487452,False,ReferenceKey,Reward,0.1157399541397793
Classes_and_Objects,Motrain,0.14454962834298277,0.1984638590715717,0.0,False,Lesson,GameElementResource,0.11563970267438622
Inheritance,Motrain,0.14449306411316565,0.19845439512541696,0.0,False,Lesson,GameElementResource,0.11559445129053253
RFK_L4_R4,Tiny_stash,0.13389136896290335,0.19739564523679984,0.0415518252487452,False,ReferenceKey,Reward,0.11542346022007173
RFK_L1_R1,Tiny_stash,0.13388384009714177,0.19733595214197322,0.0415518252487452,False,ReferenceKey,Reward,0.11541743712746245
RFK_L2_R1,Tiny_stash,0.13388235444335966,0.1973368051119032,0.0415518252487452,False,ReferenceKey,Reward,0.11541624860443678
RFK_L4_R2,Tiny_stash,0.1337238623102434,0.19749284729140476,0.0415518252487452,False,ReferenceKey,Reward,0.11528945489794377
RF_GE_Motrain,Tiny_stash,0.1337075357703476,0.1975022874764753,0.0415518252487452,False,ReferenceKey,Reward,0.11527639366602713
RFK_L4_R1,Tiny_stash,0.13370257920104417,0.19750522033153436,0.0415518252487452,False,ReferenceKey,Reward,0.11527242841058438
RFK_L3_R5,Tiny_stash,0.13369652999178416,0.19750871817658272,0.0415518252487452,False,ReferenceKey,Reward,0.11526758904317637
RFK_L3_R4,Tiny_stash,0.13369392235791153,0.19751022600786777,0.0415518252487452,False,ReferenceKey,Reward,0.11526550293607826
RFK_L3_R3,Tiny_stash,0.1336929069376047,0.19751081316417202,0.0415518252487452,False,ReferenceKey,Reward,0.1152646905998328
RFK_L3_R2,Tiny_stash,0.13369241258600478,0.19751109901836647,0.0415518252487452,False,ReferenceKey,Reward,0.11526429511855286
RFK_L3_R1,Tiny_stash,0.13369221132734158,0.1975112153943925,0.0415518252487452,False,ReferenceKey,Reward,0.1152641341116223
RFK_L2_R6,Tiny_stash,0.13368845463768542,0.19751338767628016,0.0415518252487452,False,ReferenceKey,Reward,0.11526112875989737
RFK_L2_R5,Tiny_stash,0.13368686421288503,0.19751434075714494,0.0415518252487452,False,ReferenceKey,Reward,0.11525985642005707
RFK_L2_R4,Tiny_stash,0.13368618536141277,0.19751473330202513,0.0415518252487452,False,ReferenceKey,Reward,0.11525931333887926
RFK_L2_R3,Tiny_stash,0.13368589796561253,0.19751489948840395,0.0415518252487452,False,ReferenceKey,Reward,0.11525908342223908
RFK_L2_R2,Tiny_stash,0.13368577636000797,0.19751496980677877,0.0415518252487452,False,ReferenceKey,Reward,0.11525898613775543
RFK_L1_R2,Tiny_stash,0.133678994924008,0.19751892462087056,0.0415518252487452,False,ReferenceKey,Reward,0.11525356098895545
RFK_L5_R3,Availability_Block_Game_by_level,0.14391307741755316,0.144668128580645,0.0,False,ReferenceKey,Level,0.11513046193404253
RFK_L7_R4,Availability_Block_Game_by_level,0.14391307741755316,0.144668128580645,0.0,False,ReferenceKey,Level,0.11513046193404253
RFK_L7_R1,Availability_Block_Game_by_level,0.14391307741755316,0.144668128580645,0.0,False,ReferenceKey,Level,0.11513046193404253
RFK_L5_R4,Availability_Block_Game_by_level,0.14391307741755316,0.144668128580645,0.0,False,ReferenceKey,Level,0.11513046193404253
RFK_L5_R2,Availability_Block_Game_by_level,0.14391307741755316,0.144668128580645,0.0,False,ReferenceKey,Level,0.11513046193404253
RFK_L5_R1,Availability_Block_Game_by_level,0.14391307741755316,0.144668128580645,0.0,False,ReferenceKey,Level,0.11513046193404253
RFK_L6_R1,Availability_Block_Game_by_level,0.14391307741755316,0.144668128580645,0.0,False,ReferenceKey,Level,0.11513046193404253
RFK_L9_R1,Availability_Block_Game_by_level,0.14391307741755316,0.144668128580645,0.0,False,ReferenceKey,Level,0.11513046193404253
RFK_L8_R1,Availability_Block_Game_by_level,0.14391307741755316,0.144668128580645,0.0,False,ReferenceKey,Level,0.11513046193404253
RFK_L8_R2,Availability_Block_Game_by_level,0.14391307741755316,0.144668128580645,0.0,False,ReferenceKey,Level,0.11513046193404253
RFK_L1_R7,Availability_Block_Game_by_level,0.14391307741755316,0.144668128580645,0.0,False,ReferenceKey,Level,0.11513046193404253
RFK_L9_R2,Availability_Block_Game_by_level,0.14391307741755316,0.144668128580645,0.0,False,ReferenceKey,Level,0.11513046193404253
RFK_L7_R2,Availability_Block_Game_by_level,0.14391307741755316,0.144668128580645,0.0,False,ReferenceKey,Level,0.11513046193404253
RFK_L5_R5,Availability_Block_Game_by_level,0.14391307741755316,0.144668128580645,0.0,False,ReferenceKey,Level,0.11513046193404253
RFK_L9_R3,Availability_Block_Game_by_level,0.14391307741755316,0.144668128580645,0.0,False,ReferenceKey,Level,0.11513046193404253
RFK_L7_R3,Availability_Block_Game_by_level,0.14391307741755316,0.144668128580645,0.0,False,ReferenceKey,Level,0.11513046193404253
RFK_L6_R2,Availability_Block_Game_by_level,0.14391307741755316,0.144668128580645,0.0,False,ReferenceKey,Level,0.11513046193404253
RFK_L6_R4,Availability_Block_Game_by_level,0.14391307741755316,0.144668128580645,0.0,False,ReferenceKey,Level,0.11513046193404253
RFK_L8_R3,Availability_Block_Game_by_level,0.14391307741755316,0.144668128580645,0.0,False,ReferenceKey,Level,0.11513046193404253
RFK_L6_R3,Availability_Block_Game_by_level,0.14391307741755316,0.144668128580645,0.0,False,ReferenceKey,Level,0.11513046193404253
RFK_L8_R4,Availability_Block_Game_by_level,0.14391307741755316,0.144668128580645,0.0,False,ReferenceKey,Level,0.11513046193404253
RFK_L1_R5,Tiny_stash,0.13352383807488397,0.1976089783837089,0.0415518252487452,False,ReferenceKey,Reward,0.11512943550965622
works_in,Availability_Block_Game_by_level,0.14360466955066759,0.15211468249853644,0.0,False,unknown,Level,0.11488373564053407
depiction,Availability_Block_Game_by_level,0.14360466955066759,0.15211468249853644,0.0,False,unknown,Level,0.11488373564053407
has_competency,Availability_Block_Game_by_level,0.14360466955066759,0.15211468249853644,0.0,False,unknown,Level,0.11488373564053407
has_contact,Availability_Block_Game_by_level,0.14360466955066759,0.15211468249853644,0.0,False,unknown,Level,0.11488373564053407
interacts,Availability_Block_Game_by_level,0.14360466955066759,0.15211468249853644,0.0,False,unknown,Level,0.11488373564053407
_:b16,Availability_Block_Game_by_level,0.14342940662131004,0.14348706103501077,0.0,False,Restriction,Level,0.11474352529704804
Sensor,Availability_Block_Game_by_level,0.14342846711631374,0.14061725840557274,0.0,False,unknown,Level,0.114742773693051
FeatureOfInterest,Availability_Block_Game_by_level,0.14342846711631374,0.14061725840557274,0.0,False,unknown,Level,0.114742773693051
isPropertyOf,Availability_Block_Game_by_level,0.14342846711631374,0.14061725840557274,0.0,False,unknown,Level,0.114742773693051
madeBySensor,Availability_Block_Game_by_level,0.14342846711631374,0.14061725840557274,0.0,False,unknown,Level,0.114742773693051
Level_Up,Availability_Block_Game_by_level,0.14340813771975455,0.16383973690220557,0.0,False,Level,Level,0.11472651017580365
Image,Availability_Block_Game_by_level,0.14337970684194115,0.13967298339940684,0.0,False,unknown,Level,0.11470376547355293
1.0,Availability_Block_Game_by_level,0.14334020445504841,0.1406384712829023,0.0,False,unknown,Level,0.11467216356403874
greaterThan,Availability_Block_Game_by_level,0.14334001181913383,0.14063851772388192,0.0,False,unknown,Level,0.11467200945530708
Advanced,Availability_Block_Game_by_level,0.1433351368889115,0.14063969318734187,0.0,False,unknown,Level,0.11466810951112921
Motivation,Availability_Block_Game_by_level,0.14333435080532006,0.14063988276848063,0.0,False,unknown,Level,0.11466748064425605
consists_of,BLockGame,0.11085397892105872,0.17384685286562584,0.12935257077791257,False,unknown,Badge,0.1145536972924295
BLockGame,Availability_Block_Game_by_level,0.14310166158486773,0.16188652497750375,0.0,False,Badge,Level,0.11448132926789419
shortDescription,Availability_Block_Game_by_level,0.14307922132798198,0.14506097065697682,0.0,False,AnnotationProperty,Level,0.11446337706238559
schoolHomepage,Availability_Block_Game_by_level,0.14307922132798198,0.14506097065697682,0.0,False,AnnotationProperty,Level,0.11446337706238559
avatar,Availability_Block_Game_by_level,0.14307922132798198,0.14506097065697682,0.0,False,AnnotationProperty,Level,0.11446337706238559
presentedAt,Availability_Block_Game_by_level,0.14307922132798198,0.14506097065697682,0.0,False,AnnotationProperty,Level,0.11446337706238559
cardinality,Availability_Block_Game_by_level,0.14307922132798198,0.14506097065697682,0.0,False,AnnotationProperty,Level,0.11446337706238559
oneOf,Availability_Block_Game_by_level,0.14307922132798198,0.14506097065697682,0.0,False,AnnotationProperty,Level,0.11446337706238559
annotates,Availability_Block_Game_by_level,0.14307922132798198,0.14506097065697682,0.0,False,AnnotationProperty,Level,0.11446337706238559
editorList,Availability_Block_Game_by_level,0.14307922132798198,0.14506097065697682,0.0,False,AnnotationProperty,Level,0.11446337706238559
usergroup_of,Availability_Block_Game_by_level,0.14307922132798198,0.14506097065697682,0.0,False,AnnotationProperty,Level,0.11446337706238559
key,Availability_Block_Game_by_level,0.14307922132798198,0.14506097065697682,0.0,False,AnnotationProperty,Level,0.11446337706238559
hasValue,Availability_Block_Game_by_level,0.14307922132798198,0.14506097065697682,0.0,False,AnnotationProperty,Level,0.11446337706238559
hasSelf,Availability_Block_Game_by_level,0.14307922132798198,0.14506097065697682,0.0,False,AnnotationProperty,Level,0.11446337706238559
edition,Availability_Block_Game_by_level,0.14307922132798198,0.14506097065697682,0.0,False,AnnotationProperty,Level,0.11446337706238559
familyName,Availability_Block_Game_by_level,0.14307922132798198,0.14506097065697682,0.0,False,AnnotationProperty,Level,0.11446337706238559
num_threads,Availability_Block_Game_by_level,0.14307922132798198,0.14506097065697682,0.0,False,AnnotationProperty,Level,0.11446337706238559
subject,Availability_Block_Game_by_level,0.14307922132798198,0.14506097065697682,0.0,False,AnnotationProperty,Level,0.11446337706238559
creator_of,Availability_Block_Game_by_level,0.14307922132798198,0.14506097065697682,0.0,False,AnnotationProperty,Level,0.11446337706238559
pastProject,Availability_Block_Game_by_level,0.14307920940705304,0.14506094624699004,0.0,False,AnnotationProperty,Level,0.11446336752564244
family_name,Availability_Block_Game_by_level,0.14307920940705304,0.14506094624699004,0.0,False,AnnotationProperty,Level,0.11446336752564244
court,Availability_Block_Game_by_level,0.14307920940705304,0.14506094624699004,0.0,False,AnnotationProperty,Level,0.11446336752564244
geekcode,Availability_Block_Game_by_level,0.14307920940705304,0.14506094624699004,0.0,False,AnnotationProperty,Level,0.11446336752564244
made,Availability_Block_Game_by_level,0.14307920940705304,0.14506094624699004,0.0,False,AnnotationProperty,Level,0.11446336752564244
openid,Availability_Block_Game_by_level,0.14307920940705304,0.14506094624699004,0.0,False,AnnotationProperty,Level,0.11446336752564244
firstName,Availability_Block_Game_by_level,0.14307920940705304,0.14506094624699004,0.0,False,AnnotationProperty,Level,0.11446336752564244
publications,Availability_Block_Game_by_level,0.14307920940705304,0.14506094624699004,0.0,False,AnnotationProperty,Level,0.11446336752564244
plan,Availability_Block_Game_by_level,0.14307920940705304,0.14506094624699004,0.0,False,AnnotationProperty,Level,0.11446336752564244
skypeID,Availability_Block_Game_by_level,0.14307920940705304,0.14506094624699004,0.0,False,AnnotationProperty,Level,0.11446336752564244
workInfoHomepage,Availability_Block_Game_by_level,0.14307920940705304,0.14506094624699004,0.0,False,AnnotationProperty,Level,0.11446336752564244
icqChatID,Availability_Block_Game_by_level,0.14307920940705304,0.14506094624699004,0.0,False,AnnotationProperty,Level,0.11446336752564244
msnChatID,Availability_Block_Game_by_level,0.14307920940705304,0.14506094624699004,0.0,False,AnnotationProperty,Level,0.11446336752564244
weblog,Availability_Block_Game_by_level,0.14307920940705304,0.14506094624699004,0.0,False,AnnotationProperty,Level,0.11446336752564244
lastName,Availability_Block_Game_by_level,0.14307920940705304,0.14506094624699004,0.0,False,AnnotationProperty,Level,0.11446336752564244
ressource bonus pour la leçon 8 Gestion des exceptions,Availability_Block_Game_by_level,0.14305944661116343,0.14070684611315137,0.0,False,unknown,Level,0.11444755728893075
bonus resource for lesson 8 Exception Handling,Availability_Block_Game_by_level,0.14305944661116343,0.14070684611315137,0.0,False,unknown,Level,0.11444755728893075
"the playing style the teacher prefers, it is either ""explorer"", ""achiever"", ""philanthropest"", or ""socializer""",Availability_Block_Game_by_level,0.14295158895732013,0.14073343988464768,0.0,False,unknown,Level,0.11436127116585611
Stimulus,Availability_Block_Game_by_level,0.1428881486655395,0.14074919520956614,0.0,False,unknown,Level,0.1143105189324316
detects,Availability_Block_Game_by_level,0.1428881486655395,0.14074919520956614,0.0,False,unknown,Level,0.1143105189324316
ressource bonus pour la leçon 9 Flux d'entrée et de sortie,Availability_Block_Game_by_level,0.1428857417880349,0.14074979374647864,0.0,False,unknown,Level,0.11430859343042793
bonus resource for lesson 9 Input and Output Stream,Availability_Block_Game_by_level,0.1428857417880349,0.14074979374647864,0.0,False,unknown,Level,0.11430859343042793
ressource bonus pour la leçon 5 Méthodes et constructeurs de classe,Availability_Block_Game_by_level,0.14287127847193754,0.1407533924910495,0.0,False,unknown,Level,0.11429702277755004
bonus resource for lesson 5 Class Methods and Constructors,Availability_Block_Game_by_level,0.14287127847193754,0.1407533924910495,0.0,False,unknown,Level,0.11429702277755004
bonusPoints,Game,0.1427688086601005,0.16521301224225782,0.0,False,BonusPoints,GameElementResource,0.1142150469280804
bonusPoints,Quizventure,0.1427688086601005,0.16521301224225782,0.0,False,BonusPoints,GameElementResource,0.1142150469280804
Arithmetic_operations,Availability_Block_Game_by_level,0.1425992788453806,0.1428625463870234,0.0,False,Resource,Level,0.11407942307630448
"ressource bonus pour la leçon 7 ""Event Handler and Listener""",Availability_Block_Game_by_level,0.1425910604787798,0.1408829306507791,0.0,False,unknown,Level,0.11407284838302385
bonus resource for lesson 7 Event Handler and Listener,Availability_Block_Game_by_level,0.1425910604787798,0.1408829306507791,0.0,False,unknown,Level,0.11407284838302385
"has priority to either essential or bonus to be accessed by the learner.
This priority is decided by the teacher for the resource.",Availability_Block_Game_by_level,0.14253440540530543,0.14089633747460661,0.0,False,unknown,Level,0.11402752432424434
leçon 7 du cours Programmation Orientée Objet,Availability_Block_Game_by_level,0.14247962074547807,0.14090935288851697,0.0,False,unknown,Level,0.11398369659638247
lesson 7 for the course Object Oriented Programming,Availability_Block_Game_by_level,0.14247962074547807,0.14090935288851697,0.0,False,unknown,Level,0.11398369659638247
Competition,Tiny_stash,0.1313534180871828,0.16787226581256987,0.0415518252487452,False,NamedIndividual,Reward,0.11339309951949528
_:b57,Quizventure,0.14167344205073415,0.16487472306250628,0.0,False,unknown,GameElementResource,0.11333875364058732
_:b57,Game,0.14167344205073415,0.16487472306250628,0.0,False,unknown,GameElementResource,0.11333875364058732
_:b58,Game,0.14167344205073415,0.16487472306250628,0.0,False,unknown,GameElementResource,0.11333875364058732
_:b58,Quizventure,0.14167344205073415,0.16487472306250628,0.0,False,unknown,GameElementResource,0.11333875364058732
Container,Availability_Block_Game_by_level,0.1415481498244438,0.14131380312638,0.0,False,unknown,Level,0.11323851985955505
Property,Availability_Block_Game_by_level,0.1415481498244438,0.14131380312638,0.0,False,unknown,Level,0.11323851985955505
_:b56,Availability_Block_Game_by_level,0.1415481498244438,0.14131380312638,0.0,False,unknown,Level,0.11323851985955505
Item,Availability_Block_Game_by_level,0.1415481498244438,0.14131380312638,0.0,False,unknown,Level,0.11323851985955505
Address,Availability_Block_Game_by_level,0.1415481498244438,0.14131380312638,0.0,False,unknown,Level,0.11323851985955505
Sara_12,Availability_Block_Game_by_level,0.14145335451684654,0.14012983209450677,0.0,False,UserAccount,Level,0.11316268361347724
Motrain,Availability_Block_Game_by_level,0.14100702247215482,0.14474442687990635,0.0,False,GameElementResource,Level,0.11280561797772387
Intuitive,BLockGame,0.10866586733313292,0.16086849423244812,0.12935257077791257,False,Class,Badge,0.11280320802208886
Verbal,BLockGame,0.10866586733313292,0.16086849423244812,0.12935257077791257,False,Class,Badge,0.11280320802208886
Java_Basics,Motrain,0.14098606643340944,0.196789606674711,0.0,False,Lesson,GameElementResource,0.11278885314672756
Class_Methods_and_Constructors,Motrain,0.14084516625563276,0.19676774524690557,0.0,False,Lesson,GameElementResource,0.11267613300450621
offersCourse,Availability_Block_Game_by_level,0.14059022101599547,0.14868693563978647,0.0,False,TransitiveProperty,Level,0.11247217681279638
indexKey,Availability_Block_Game_by_level,0.14059022101599547,0.14868693563978647,0.0,False,DatatypeProperty,Level,0.11247217681279638
has_Experience_Level,Availability_Block_Game_by_level,0.14059022101599547,0.14868693563978647,0.0,False,DatatypeProperty,Level,0.11247217681279638
hasgamificationExperienceLevel,Availability_Block_Game_by_level,0.14059022101599547,0.14868693563978647,0.0,False,DatatypeProperty,Level,0.11247217681279638
hasName,Availability_Block_Game_by_level,0.14059022101599547,0.14868693563978647,0.0,False,DatatypeProperty,Level,0.11247217681279638
isComposedOf,Availability_Block_Game_by_level,0.1405711862845675,0.14870810924685968,0.0,False,ObjectProperty,Level,0.112456949027654
aboutEducationalTopic,Availability_Block_Game_by_level,0.1405711862845675,0.14870810924685968,0.0,False,ObjectProperty,Level,0.112456949027654
hasTargetAudience,Availability_Block_Game_by_level,0.1405711862845675,0.14870810924685968,0.0,False,ObjectProperty,Level,0.112456949027654
requiresKnowledge,Availability_Block_Game_by_level,0.1405711862845675,0.14870810924685968,0.0,False,ObjectProperty,Level,0.112456949027654
reversedBy,Availability_Block_Game_by_level,0.1405711862845675,0.14870810924685968,0.0,False,ObjectProperty,Level,0.112456949027654
contain_resource,Availability_Block_Game_by_level,0.1405711862845675,0.14870810924685968,0.0,False,ObjectProperty,Level,0.112456949027654
EducationalInstitution,BLockGame,0.10820916690280216,0.16685942916574678,0.12935257077791257,False,unknown,Badge,0.11243784767782425
LevelGE,Availability_Block_Game_by_level,0.1404945200033127,0.1423948063854195,0.0,False,ReferenceKey,Level,0.11239561600265016
objectives the teacher can choose from for each resource to prompt a desired learners’ behaviours when learners interact with that resource.,Availability_Block_Game_by_level,0.14025875493746096,0.1424781315588041,0.0,False,unknown,Level,0.11220700394996877
has_Priority,Availability_Block_Game_by_level,0.13993026740233008,0.14141114682962838,0.0,False,DatatypeProperty,Level,0.11194421392186407
hasKnowledge,Availability_Block_Game_by_level,0.13986292888943347,0.15805524662773848,0.0,False,TransitiveProperty,Level,0.11189034311154678
hasGamificationExperience,Availability_Block_Game_by_level,0.13983730932178037,0.15808132231333824,0.0,False,ObjectProperty,Level,0.1118698474574243
Adam_Phil,Availability_Block_Game_by_level,0.13978057770678043,0.14080354628841354,0.0,False,UserAccount,Level,0.11182446216542435
unsignedInt,Availability_Block_Game_by_level,0.13973011210526937,0.14233519542992262,0.0,False,unknown,Level,0.11178408968421549
Representes the numeric value equivaent to the teache's gamification experience level,Availability_Block_Game_by_level,0.13973011210526937,0.14233519542992262,0.0,False,unknown,Level,0.11178408968421549
_:b62,Availability_Block_Game_by_level,0.13970315823980234,0.14211512482711267,0.0,False,Restriction,Level,0.11176252659184188
_:b60,Availability_Block_Game_by_level,0.13970315823980234,0.14211512482711267,0.0,False,Restriction,Level,0.11176252659184188
Active,BLockGame,0.10734222638188315,0.15782312159867978,0.12935257077791257,False,Class,Badge,0.11174429526108905
Global,BLockGame,0.10734222638188315,0.15782312159867978,0.12935257077791257,False,Class,Badge,0.11174429526108905
Usergroup,Availability_Block_Game_by_level,0.13959564049866885,0.1425831247762225,0.0,False,unknown,Level,0.11167651239893508
ReferenceKey1,Availability_Block_Game_by_level,0.13945771260945145,0.1441689973978262,0.0,False,ReferenceKey,Level,0.11156617008756116
JavaFunctions,Availability_Block_Game_by_level,0.13945556601094009,0.14085831873835478,0.0,False,IndexKey,Level,0.11156445280875207
"index key for the resource ""Java FX""",Availability_Block_Game_by_level,0.13938301605610393,0.1426183621709236,0.0,False,unknown,Level,0.11150641284488315
Achievement,Availability_Block_Game_by_level,0.13932169211008175,0.1479428514652205,0.0,False,Class,Level,0.1114573536880654
ProgressBar,Availability_Block_Game_by_level,0.13932169211008172,0.14794285146522052,0.0,False,Class,Level,0.11145735368806538
PedagogicalKnowledge,Availability_Block_Game_by_level,0.13932169211008172,0.14794285146522052,0.0,False,Class,Level,0.11145735368806538
Badge,Availability_Block_Game_by_level,0.13932169211008172,0.14794285146522052,0.0,False,Class,Level,0.11145735368806538
Thesis,Availability_Block_Game_by_level,0.13932169211008172,0.14794285146522052,0.0,False,Class,Level,0.11145735368806538
Reward,Availability_Block_Game_by_level,0.13932169211008172,0.14794285146522052,0.0,False,Class,Level,0.11145735368806538
PedagogicalExperience,Availability_Block_Game_by_level,0.13932169211008172,0.14794285146522052,0.0,False,Class,Level,0.11145735368806538
Slide,Availability_Block_Game_by_level,0.13932169211008172,0.14794285146522052,0.0,False,Class,Level,0.11145735368806538
Story,Availability_Block_Game_by_level,0.13932169211008172,0.14794285146522052,0.0,False,Class,Level,0.11145735368806538
Timer,Availability_Block_Game_by_level,0.13932169211008172,0.14794285146522052,0.0,False,Class,Level,0.11145735368806538
PedagogicalObjective,Availability_Block_Game_by_level,0.13932169211008172,0.14794285146522052,0.0,False,Class,Level,0.11145735368806538
Manuscript,Availability_Block_Game_by_level,0.13932169211008172,0.14794285146522052,0.0,False,Class,Level,0.11145735368806538
Level,Availability_Block_Game_by_level,0.13932169211008172,0.14794285146522052,0.0,False,Class,Level,0.11145735368806538
AcademicArticle,Availability_Block_Game_by_level,0.13932169211008172,0.14794285146522052,0.0,False,Class,Level,0.11145735368806538
Hint,Availability_Block_Game_by_level,0.13932169211008172,0.14794285146522052,0.0,False,Class,Level,0.11145735368806538
Feedback,Availability_Block_Game_by_level,0.13932169211008172,0.14794285146522052,0.0,False,Class,Level,0.11145735368806538
LegalDecision,Availability_Block_Game_by_level,0.13932169211008172,0.14794285146522052,0.0,False,Class,Level,0.11145735368806538
EditedBook,Availability_Block_Game_by_level,0.13932169211008172,0.14794285146522052,0.0,False,Class,Level,0.11145735368806538
onlineCourse,Availability_Block_Game_by_level,0.13932169211008172,0.14794285146522052,0.0,False,Class,Level,0.11145735368806538
Map,Availability_Block_Game_by_level,0.13932169211008172,0.14794285146522052,0.0,False,Class,Level,0.11145735368806538
Challenge,Availability_Block_Game_by_level,0.13932169211008172,0.14794285146522052,0.0,False,Class,Level,0.11145735368806538
check if gr has bonus then voluntary,BLockGame,0.10685121496472198,0.1621699877068654,0.12935257077791257,False,unknown,Badge,0.11135148612736011
pageStart,Tiny_stash,0.12838781057116097,0.15982967633492054,0.0415518252487452,False,AnnotationProperty,Reward,0.11102061350667781
GE,BLockGame,0.10641642130282605,0.16165797244816235,0.12935257077791257,False,Variable,Badge,0.11100365119784336
ge,BLockGame,0.10640384157536409,0.1616658526900841,0.12935257077791257,False,Variable,Badge,0.1109935874158738
JavafunctionTypes,BLockGame,0.1060153174655342,0.16826040070328596,0.12935257077791257,False,IndexKey,Badge,0.11068276812800988
hasPedagogicalObjective,Availability_Block_Game_by_level,0.13812741649146962,0.15186346199675185,0.0,False,ObjectProperty,Level,0.1105019331931757
bonus,BLockGame,0.10572644164954585,0.16240552659005825,0.12935257077791257,False,unknown,Badge,0.1104516674752192
hasSubSystem,BLockGame,0.10568764198010028,0.16032831098343345,0.12935257077791257,False,unknown,Badge,0.11042062773966274
System,BLockGame,0.10568764198010028,0.16032831098343345,0.12935257077791257,False,unknown,Badge,0.11042062773966274
Exception_Handling,Availability_Block_Game_by_level,0.13792840681661317,0.14777396036370072,0.0,False,Lesson,Level,0.11034272545329055
interest,Availability_Block_Game_by_level,0.13773442032954714,0.14889839547072656,0.0,False,unknown,Level,0.11018753626363771
Chat,Availability_Block_Game_by_level,0.13773442032954714,0.14889839547072656,0.0,False,unknown,Level,0.11018753626363771
ObservableProperty,Availability_Block_Game_by_level,0.13773442032954714,0.14889839547072656,0.0,False,unknown,Level,0.11018753626363771
about_modify,Availability_Block_Game_by_level,0.13773442032954714,0.14889839547072656,0.0,False,unknown,Level,0.11018753626363771
space_of,Availability_Block_Game_by_level,0.13773442032954714,0.14889839547072656,0.0,False,unknown,Level,0.11018753626363771
_:b55,Availability_Block_Game_by_level,0.13773442032954714,0.14889839547072656,0.0,False,unknown,Level,0.11018753626363771
shared_by,Availability_Block_Game_by_level,0.13773442032954714,0.14889839547072656,0.0,False,unknown,Level,0.11018753626363771
adr,Availability_Block_Game_by_level,0.13773442032954714,0.14889839547072656,0.0,False,unknown,Level,0.11018753626363771
thumbnail,Availability_Block_Game_by_level,0.13773442032954714,0.14889839547072656,0.0,False,unknown,Level,0.11018753626363771
Annotation,Availability_Block_Game_by_level,0.13773442032954714,0.14889839547072656,0.0,False,unknown,Level,0.11018753626363771
Sampler,Availability_Block_Game_by_level,0.13773442032954714,0.14889839547072656,0.0,False,unknown,Level,0.11018753626363771
ReflexiveProperty,Availability_Block_Game_by_level,0.13773442032954714,0.14889839547072656,0.0,False,unknown,Level,0.11018753626363771
create_organization,Availability_Block_Game_by_level,0.13773442032954714,0.14889839547072656,0.0,False,unknown,Level,0.11018753626363771
DeleteResourceActivity,Availability_Block_Game_by_level,0.13773442032954714,0.14889839547072656,0.0,False,unknown,Level,0.11018753626363771
CreateResourceActivity,Availability_Block_Game_by_level,0.13773442032954714,0.14889839547072656,0.0,False,unknown,Level,0.11018753626363771
CreateUser,Availability_Block_Game_by_level,0.13773442032954714,0.14889839547072656,0.0,False,unknown,Level,0.11018753626363771
was_generated_by,Availability_Block_Game_by_level,0.13773442032954714,0.14889839547072656,0.0,False,unknown,Level,0.11018753626363771
indexed_by,Availability_Block_Game_by_level,0.13773442032954714,0.14889839547072656,0.0,False,unknown,Level,0.11018753626363771
img,Availability_Block_Game_by_level,0.13773442032954714,0.14889839547072656,0.0,False,unknown,Level,0.11018753626363771
isPrimaryTopicOf,Availability_Block_Game_by_level,0.13773442032954714,0.14889839547072656,0.0,False,unknown,Level,0.11018753626363771
has_parent,Availability_Block_Game_by_level,0.13773442032954714,0.14889839547072656,0.0,False,unknown,Level,0.11018753626363771
has_owner,Availability_Block_Game_by_level,0.13773442032954714,0.14889839547072656,0.0,False,unknown,Level,0.11018753626363771
has_moderator,Availability_Block_Game_by_level,0.13773442032954714,0.14889839547072656,0.0,False,unknown,Level,0.11018753626363771
is_processed_by,Availability_Block_Game_by_level,0.13773442032954714,0.14889839547072656,0.0,False,unknown,Level,0.11018753626363771
hasTarget,Availability_Block_Game_by_level,0.13773442032954714,0.14889839547072656,0.0,False,unknown,Level,0.11018753626363771
used,Availability_Block_Game_by_level,0.13773442032954714,0.14889839547072656,0.0,False,unknown,Level,0.11018753626363771
has_EndDate,Availability_Block_Game_by_level,0.13773442032954714,0.14889839547072656,0.0,False,unknown,Level,0.11018753626363771
Vcard,Availability_Block_Game_by_level,0.13773442032954714,0.14889839547072656,0.0,False,unknown,Level,0.11018753626363771
has_member,Availability_Block_Game_by_level,0.13773442032954714,0.14889839547072656,0.0,False,unknown,Level,0.11018753626363771
has_actor,Availability_Block_Game_by_level,0.13773442032954714,0.14889839547072656,0.0,False,unknown,Level,0.11018753626363771
teaches,Availability_Block_Game_by_level,0.13773440840861817,0.14889837115495003,0.0,False,unknown,Level,0.11018752672689454
member,Availability_Block_Game_by_level,0.13773440840861817,0.14889837115495003,0.0,False,unknown,Level,0.11018752672689454
has_user_account,Availability_Block_Game_by_level,0.13773440840861817,0.14889837115495003,0.0,False,unknown,Level,0.11018752672689454
lives_in,Availability_Block_Game_by_level,0.13773440840861817,0.14889837115495003,0.0,False,unknown,Level,0.11018752672689454
has_type,Availability_Block_Game_by_level,0.13773440840861817,0.14889837115495003,0.0,False,unknown,Level,0.11018752672689454
has_creator,Availability_Block_Game_by_level,0.13773440840861817,0.14889837115495003,0.0,False,unknown,Level,0.11018752672689454
view_resource,Availability_Block_Game_by_level,0.13773440840861817,0.14889837115495003,0.0,False,unknown,Level,0.11018752672689454
has_question,Availability_Block_Game_by_level,0.13773440840861817,0.14889837115495003,0.0,False,unknown,Level,0.11018752672689454
JavafunctionTypes,Availability_Block_Game_by_level,0.13724960352232188,0.14773598572227212,0.0,False,IndexKey,Level,0.10979968281785751
l1,BLockGame,0.10466972457892168,0.1647842523407049,0.12935257077791257,False,Variable,Badge,0.10960629381871986
depiction,BLockGame,0.10448372567898725,0.1637938390854769,0.12935257077791257,False,unknown,Badge,0.10945749469877232
RFK_GE_TinyStash,Availability_Block_Game_by_level,0.13633599955817308,0.14183038946082813,0.0,False,ReferenceKey,Level,0.10906879964653847
consists_of,Tiny_stash,0.12583164358703872,0.18141811764023769,0.0415518252487452,False,unknown,Reward,0.10897567991938002
l2,BLockGame,0.10379333247703224,0.16269524024469034,0.12935257077791257,False,Variable,Badge,0.1089051801372083
_:b59,Availability_Block_Game_by_level,0.13605356659908796,0.15179295630728928,0.0,False,Restriction,Level,0.10884285327927037
_:b61,Availability_Block_Game_by_level,0.13605356659908796,0.15179295630728928,0.0,False,Restriction,Level,0.10884285327927037
isMoreExpertThan,Availability_Block_Game_by_level,0.13601089406869687,0.1427442539099957,0.0,False,ObjectProperty,Level,0.1088087152549575
has_competency,BLockGame,0.1036436287226514,0.16186716523068714,0.12935257077791257,False,unknown,Badge,0.10878541713370364
interacts,BLockGame,0.1036436287226514,0.16186716523068714,0.12935257077791257,False,unknown,Badge,0.10878541713370364
has_contact,BLockGame,0.1036436287226514,0.16186716523068714,0.12935257077791257,False,unknown,Badge,0.10878541713370364
works_in,BLockGame,0.1036436287226514,0.16186716523068714,0.12935257077791257,False,unknown,Badge,0.10878541713370364
RF_GE_BloackGame,Availability_Block_Game_by_level,0.13573890957739293,0.14207711286649066,0.0,False,ReferenceKey,Level,0.10859112766191435
RF_GE_STash,Availability_Block_Game_by_level,0.13573890957739293,0.14207711286649066,0.0,False,ReferenceKey,Level,0.10859112766191435
_:b17,Availability_Block_Game_by_level,0.13569917368436923,0.14809762035056373,0.0,False,Restriction,Level,0.10855933894749539
_:b15,Availability_Block_Game_by_level,0.13569917368436923,0.14809762035056373,0.0,False,Restriction,Level,0.10855933894749539
_:b18,Availability_Block_Game_by_level,0.13569917368436923,0.14809762035056373,0.0,False,Restriction,Level,0.10855933894749539
content,Availability_Block_Game_by_level,0.13557379677661804,0.14968104991999254,0.0,False,AnnotationProperty,Level,0.10845903742129444
topic,Availability_Block_Game_by_level,0.13557379677661804,0.14968104991999254,0.0,False,AnnotationProperty,Level,0.10845903742129444
content_encoded,Availability_Block_Game_by_level,0.13557379677661804,0.14968104991999254,0.0,False,AnnotationProperty,Level,0.10845903742129444
pageEnd,Availability_Block_Game_by_level,0.13557379677661804,0.14968104991999254,0.0,False,AnnotationProperty,Level,0.10845903742129444
chapter,Availability_Block_Game_by_level,0.1355737848556891,0.1496810255162626,0.0,False,AnnotationProperty,Level,0.10845902788455129
section,Availability_Block_Game_by_level,0.1355737848556891,0.1496810255162626,0.0,False,AnnotationProperty,Level,0.10845902788455129
depicts,Availability_Block_Game_by_level,0.1355737848556891,0.1496810255162626,0.0,False,AnnotationProperty,Level,0.10845902788455129
pages,Availability_Block_Game_by_level,0.1355737848556891,0.1496810255162626,0.0,False,AnnotationProperty,Level,0.10845902788455129
EducationalInstitution,Tiny_stash,0.12516762380934474,0.17263306042879373,0.0415518252487452,False,unknown,Reward,0.10844446409722483
ressource bonus pour la leçon 3 Méthodes et constructeurs de classe,BLockGame,0.10315198829120276,0.1635719863978432,0.12935257077791257,False,unknown,Badge,0.10839210478854473
bonus resource for lesson 3 Class Methods and Constructors,BLockGame,0.10315198829120276,0.1635719863978432,0.12935257077791257,False,unknown,Badge,0.10839210478854473
bonus material for lesson 1 java basics,BLockGame,0.10315198099826192,0.16357199182749302,0.12935257077791257,False,unknown,Badge,0.10839209895419206
ressource bonus pour la leçon 4 Méthodes et constructeurs de classe,BLockGame,0.10315168326743289,0.1635722306644164,0.12935257077791257,False,unknown,Badge,0.10839186076952884
bonus resource for lesson 4 Class Methods and Constructors,BLockGame,0.10315168326743289,0.1635722306644164,0.12935257077791257,False,unknown,Badge,0.10839186076952884
Assessment,BLockGame,0.10315059104072337,0.16357312970666246,0.12935257077791257,False,unknown,Badge,0.10839098698816121
exercisse of lesson 2 Classes and Objects,BLockGame,0.10315059104072337,0.16357312970666246,0.12935257077791257,False,unknown,Badge,0.10839098698816121
A companion plugin for block_stash. This allows you to create items and trades from the TinyMCE editor to be inserted into the activities in your course,Tiny_stash,0.12448340317217463,0.22645732541785635,0.0415518252487452,False,unknown,Reward,0.10789708758748874
tiny_stash,Tiny_stash,0.12448340317217463,0.22645732541785635,0.0415518252487452,False,unknown,Reward,0.10789708758748874
Tiny Stash,Tiny_stash,0.12448340317217463,0.22645732541785635,0.0415518252487452,False,unknown,Reward,0.10789708758748874
pp,BLockGame,0.10250436736409488,0.16328044470308933,0.12935257077791257,False,Variable,Badge,0.10787400804685843
ip,BLockGame,0.10250436736409488,0.16328044470308933,0.12935257077791257,False,Variable,Badge,0.10787400804685843
2.1.1,BLockGame,0.10247302388773101,0.16351992280143016,0.12935257077791257,False,unknown,Badge,0.10784893326576733
block_stash,BLockGame,0.10247302388773101,0.16351992280143016,0.12935257077791257,False,unknown,Badge,0.10784893326576733
"Enables teachers to create items that students can collect, providing an interactive experience where students find items across the course.",BLockGame,0.10247302388773101,0.16351992280143016,0.12935257077791257,False,unknown,Badge,0.10784893326576733
block_xp,BLockGame,0.10246807250743588,0.1635239290105816,0.12935257077791257,False,unknown,Badge,0.10784497216153123
Level Up XP,BLockGame,0.10246807250743588,0.1635239290105816,0.12935257077791257,False,unknown,Badge,0.10784497216153123
"Learners receive points for their actions, visualise their progress, compete with others through a leaderboard, and unlock content based on their individual needs and experiences.",BLockGame,0.10246807250743588,0.1635239290105816,0.12935257077791257,False,unknown,Badge,0.10784497216153123
tiny_stash,BLockGame,0.10246805462604244,0.16352389069639145,0.12935257077791257,False,unknown,Badge,0.10784495785641647
A companion plugin for block_stash. This allows you to create items and trades from the TinyMCE editor to be inserted into the activities in your course,BLockGame,0.10246805462604244,0.16352389069639145,0.12935257077791257,False,unknown,Badge,0.10784495785641647
Tiny Stash,BLockGame,0.10246805462604244,0.16352389069639145,0.12935257077791257,False,unknown,Badge,0.10784495785641647
Mike_23,Availability_Block_Game_by_level,0.13477658842041268,0.14371603774871453,0.0,False,UserAccount,Level,0.10782127073633015
leçon 3 du cours Programmation Orientée Objet,BLockGame,0.10229909220123971,0.16179065040023272,0.12935257077791257,False,unknown,Badge,0.10770978791657429
lesson 3 for the course Object Oriented Programming,BLockGame,0.10229909220123971,0.16179065040023272,0.12935257077791257,False,unknown,Badge,0.10770978791657429
Lesson 1 of course Object oriented programming,BLockGame,0.10229906661898847,0.16179066949233464,0.12935257077791257,False,unknown,Badge,0.10770976745077329
RFK_L3_R6,Availability_Block_Game_by_level,0.1345786274443987,0.14260698396337662,0.0,False,ReferenceKey,Level,0.10766290195551896
RFK_L4_R7,Availability_Block_Game_by_level,0.13457436117838253,0.14260845091687738,0.0,False,ReferenceKey,Level,0.10765948894270604
Sensitive,Tiny_stash,0.12412902073041332,0.15918009412413694,0.0415518252487452,False,Class,Reward,0.1076135816340797
Visual,Tiny_stash,0.12412902073041332,0.15918009412413694,0.0415518252487452,False,Class,Reward,0.1076135816340797
_:b8,BLockGame,0.10212956436570726,0.16447324009366066,0.12935257077791257,False,Class,Badge,0.10757416564814833
has_URL,Availability_Block_Game_by_level,0.13442568557049572,0.15603085838866698,0.0,False,DatatypeProperty,Level,0.10754054845639659
hasInputPole,Availability_Block_Game_by_level,0.13440123505225623,0.15605510304737333,0.0,False,ObjectProperty,Level,0.10752098804180499
hasProcessingPole,Availability_Block_Game_by_level,0.13440123505225623,0.15605510304737333,0.0,False,ObjectProperty,Level,0.10752098804180499
hasUnderstandingPole,Availability_Block_Game_by_level,0.13440123505225623,0.15605510304737333,0.0,False,ObjectProperty,Level,0.10752098804180499
hasPerceptionPole,Availability_Block_Game_by_level,0.13440123505225623,0.15605510304737333,0.0,False,ObjectProperty,Level,0.10752098804180499
additional-name,BLockGame,0.10188622970429236,0.163632173472963,0.12935257077791257,False,unknown,Badge,0.10737949791901641
family-name,BLockGame,0.10187357848622589,0.16363982982515723,0.12935257077791257,False,unknown,Badge,0.10736937694456324
given-name,BLockGame,0.10186821122812698,0.16364310265054902,0.12935257077791257,False,unknown,Badge,0.1073650831380841
honorific-prefix,BLockGame,0.10186592512766166,0.16364448481024135,0.12935257077791257,False,unknown,Badge,0.10736325425771184
honorific-suffix,BLockGame,0.10186496229210384,0.16364509356267753,0.12935257077791257,False,unknown,Badge,0.1073624839892656
hasBehaviouralObjective,Availability_Block_Game_by_level,0.13412816854596,0.14346302796973215,0.0,False,ObjectProperty,Level,0.107302534836768
_:b29,BLockGame,0.10175462836433154,0.166259454578326,0.12935257077791257,False,Restriction,Badge,0.10727421684704776
Lecturing,BLockGame,0.10170244132895098,0.16257164360035928,0.12935257077791257,False,NamedIndividual,Badge,0.10723246721874331
EducationalTopic,BLockGame,0.10166606803838985,0.15563363714149162,0.12935257077791257,False,Class,Badge,0.1072033685862944
Intuitive,Tiny_stash,0.12351938992104708,0.16439839158539388,0.0415518252487452,False,Class,Reward,0.10712587698658671
Verbal,Tiny_stash,0.12351938992104708,0.16439839158539388,0.0415518252487452,False,Class,Reward,0.10712587698658671
isMoreExpertThan,BLockGame,0.10156432068045969,0.1638287121187521,0.12935257077791257,False,ObjectProperty,Badge,0.10712197069995028
hasName,Tiny_stash,0.1230956951326371,0.16923338236647587,0.0415518252487452,False,DatatypeProperty,Reward,0.10678692115585872
_:b29,Availability_Block_Game_by_level,0.1334382873825709,0.1440216931934203,0.0,False,Restriction,Level,0.10675062990605673
_:b35,BLockGame,0.10108092205908956,0.1665950327693679,0.12935257077791257,False,Restriction,Badge,0.10673525180285416
_:b41,BLockGame,0.10107791727350106,0.16659673659166016,0.12935257077791257,False,Restriction,Badge,0.10673284797438337
_:b47,BLockGame,0.10107665757686182,0.1665975009666312,0.12935257077791257,False,Restriction,Badge,0.10673184021707198
_:b52,BLockGame,0.10107611423603591,0.16659780906552252,0.12935257077791257,False,Restriction,Badge,0.10673140554441125
contain_resource,Tiny_stash,0.12301554363906231,0.1692850583245858,0.0415518252487452,False,ObjectProperty,Reward,0.10672279996099888
isComposedOf,Tiny_stash,0.12301552575766887,0.16928501954715788,0.0415518252487452,False,ObjectProperty,Reward,0.10672278565588414
Film,Availability_Block_Game_by_level,0.1332631346670185,0.1519397783178829,0.0,False,Class,Level,0.1066105077336148
Bill,Availability_Block_Game_by_level,0.1332631346670185,0.1519397783178829,0.0,False,Class,Level,0.1066105077336148
hasName,BLockGame,0.10077205939615104,0.16720319876863257,0.12935257077791257,False,DatatypeProperty,Badge,0.10648816167250336
contain_resource,BLockGame,0.10070083824805347,0.16723994231299175,0.12935257077791257,False,ObjectProperty,Badge,0.1064311847540253
isComposedOf,BLockGame,0.10070082632712452,0.167239915758568,0.12935257077791257,False,ObjectProperty,Badge,0.10643117521728214
_:b11,BLockGame,0.10066246539929909,0.1610336748043022,0.12935257077791257,False,Class,Badge,0.10640048647502179
Error3,BLockGame,0.10066245347837013,0.1610336483593115,0.12935257077791257,False,Class,Badge,0.10640047693827863
_:b35,Availability_Block_Game_by_level,0.1327487651895068,0.1444519804173423,0.0,False,Restriction,Level,0.10619901215160543
_:b41,Availability_Block_Game_by_level,0.13273905054394824,0.1444546316930046,0.0,False,Restriction,Level,0.1061912404351586
_:b47,Availability_Block_Game_by_level,0.13273492003079657,0.14445575931603588,0.0,False,Restriction,Level,0.10618793602463726
_:b52,Availability_Block_Game_by_level,0.13273316336060983,0.14445623894595983,0.0,False,Restriction,Level,0.10618653068848788
Polymorphism,Motrain,0.13269898493894977,0.18923682190252283,0.0,False,Lesson,GameElementResource,0.10615918795115982
Motrain,BLockGame,0.10033439993510432,0.1656611268824659,0.12935257077791257,False,GameElementResource,Badge,0.10613803410366597
Sequential,Tiny_stash,0.12218560272155041,0.15442536271776214,0.0415518252487452,False,Class,Reward,0.10605884722698937
Reflective,Tiny_stash,0.12218560272155041,0.15442536271776214,0.0415518252487452,False,Class,Reward,0.10605884722698937
RFK_L9_R2,BLockGame,0.10012799436523452,0.16965943775272022,0.12935257077791257,False,ReferenceKey,Badge,0.10597290964777013
RFK_L1_R7,BLockGame,0.10012799436523452,0.16965943775272022,0.12935257077791257,False,ReferenceKey,Badge,0.10597290964777013
RFK_L6_R3,BLockGame,0.10012799436523452,0.16965943775272022,0.12935257077791257,False,ReferenceKey,Badge,0.10597290964777013
RFK_L7_R2,BLockGame,0.10012799436523452,0.16965943775272022,0.12935257077791257,False,ReferenceKey,Badge,0.10597290964777013
RFK_L8_R1,BLockGame,0.10012799436523452,0.16965943775272022,0.12935257077791257,False,ReferenceKey,Badge,0.10597290964777013
RFK_L8_R2,BLockGame,0.10012799436523452,0.16965943775272022,0.12935257077791257,False,ReferenceKey,Badge,0.10597290964777013
RFK_L8_R3,BLockGame,0.10012799436523452,0.16965943775272022,0.12935257077791257,False,ReferenceKey,Badge,0.10597290964777013
RFK_L9_R3,BLockGame,0.10012799436523452,0.16965943775272022,0.12935257077791257,False,ReferenceKey,Badge,0.10597290964777013
RFK_L9_R1,BLockGame,0.10012799436523452,0.16965943775272022,0.12935257077791257,False,ReferenceKey,Badge,0.10597290964777013
RFK_L7_R3,BLockGame,0.10012799436523452,0.16965943775272022,0.12935257077791257,False,ReferenceKey,Badge,0.10597290964777013
RFK_L8_R4,BLockGame,0.10012799436523452,0.16965943775272022,0.12935257077791257,False,ReferenceKey,Badge,0.10597290964777013
RFK_L6_R4,BLockGame,0.10012799436523452,0.16965943775272022,0.12935257077791257,False,ReferenceKey,Badge,0.10597290964777013
RFK_L5_R1,BLockGame,0.10012799436523452,0.16965943775272022,0.12935257077791257,False,ReferenceKey,Badge,0.10597290964777013
RFK_L5_R2,BLockGame,0.10012799436523452,0.16965943775272022,0.12935257077791257,False,ReferenceKey,Badge,0.10597290964777013
RFK_L7_R1,BLockGame,0.10012799436523452,0.16965943775272022,0.12935257077791257,False,ReferenceKey,Badge,0.10597290964777013
RFK_L5_R5,BLockGame,0.10012799436523452,0.16965943775272022,0.12935257077791257,False,ReferenceKey,Badge,0.10597290964777013
RFK_L6_R1,BLockGame,0.10012799436523452,0.16965943775272022,0.12935257077791257,False,ReferenceKey,Badge,0.10597290964777013
RFK_L5_R3,BLockGame,0.10012799436523452,0.16965943775272022,0.12935257077791257,False,ReferenceKey,Badge,0.10597290964777013
RFK_L7_R4,BLockGame,0.10012799436523452,0.16965943775272022,0.12935257077791257,False,ReferenceKey,Badge,0.10597290964777013
RFK_L6_R2,BLockGame,0.10012799436523452,0.16965943775272022,0.12935257077791257,False,ReferenceKey,Badge,0.10597290964777013
RFK_L5_R4,BLockGame,0.10012799436523452,0.16965943775272022,0.12935257077791257,False,ReferenceKey,Badge,0.10597290964777013
BonusPointsLeaderboard,Availability_Block_Game_by_level,0.13220934718107263,0.1469253722793029,0.0,False,Class,Level,0.10576747774485812
BonusPoints,Availability_Block_Game_by_level,0.13216921871080495,0.14693445632769517,0.0,False,Class,Level,0.10573537496864396
SocialPointsLeaderboard,Availability_Block_Game_by_level,0.13207499373232262,0.14695584954285235,0.0,False,Class,Level,0.1056599949858581
lesson 4 for the course Object Oriented Programming,BLockGame,0.09963135200024889,0.1616052444780465,0.12935257077791257,False,unknown,Badge,0.10557559575578164
leçon 4 du cours Programmation Orientée Objet,BLockGame,0.09963135200024889,0.1616052444780465,0.12935257077791257,False,unknown,Badge,0.10557559575578164
lesson 2 for the course Object Oriented Programming,BLockGame,0.09963108735420631,0.16160545394425588,0.12935257077791257,False,unknown,Badge,0.10557538403894758
Kind,BLockGame,0.09957194453508875,0.15889231072385815,0.12935257077791257,False,unknown,Badge,0.10552806978365352
Global,Tiny_stash,0.12149024344626291,0.1598007241633606,0.0415518252487452,False,Class,Reward,0.10550255980675938
Active,Tiny_stash,0.12149024344626291,0.1598007241633606,0.0415518252487452,False,Class,Reward,0.10550255980675938
EducationalTopic,Tiny_stash,0.12131733045964485,0.16065182661131647,0.0415518252487452,False,Class,Reward,0.10536422941746493
bonus material for lesson 2 classes and objects,BLockGame,0.09917007446149533,0.16338909697981868,0.12935257077791257,False,unknown,Badge,0.10520657372477878
has_target,Availability_Block_Game_by_level,0.13139492977421924,0.15306596714008244,0.0,False,unknown,Level,0.10511594381937539
workplaceHomepage,Availability_Block_Game_by_level,0.13139492977421924,0.15306596714008244,0.0,False,unknown,Level,0.10511594381937539
consists_of,Availability_Block_Game_by_level,0.13139492977421924,0.15306596714008244,0.0,False,unknown,Level,0.10511594381937539
has_body_for_annotation,Availability_Block_Game_by_level,0.13139492977421924,0.15306596714008244,0.0,False,unknown,Level,0.10511594381937539
accountServiceHomepage,Availability_Block_Game_by_level,0.13139492977421924,0.15306596714008244,0.0,False,unknown,Level,0.10511594381937539
RDV,Availability_Block_Game_by_level,0.13139492977421924,0.15306596714008244,0.0,False,unknown,Level,0.10511594381937539
has_answer,Availability_Block_Game_by_level,0.1313949178532903,0.1530659428692014,0.0,False,unknown,Level,0.10511593428263225
Level_Up,Motrain,0.13132756000468998,0.18150451723693842,0.0,False,Level,GameElementResource,0.10506204800375199
Graphical_User_Interface,Availability_Block_Game_by_level,0.131120249569388,0.15256903876005612,0.0,False,Lesson,Level,0.1048961996555104
topic,BLockGame,0.09871403808185464,0.16571416110100953,0.12935257077791257,False,AnnotationProperty,Badge,0.10484174462106623
content,BLockGame,0.0987140202004612,0.1657141212578154,0.12935257077791257,False,AnnotationProperty,Badge,0.10484173031595148
pageEnd,BLockGame,0.0987140202004612,0.1657141212578154,0.12935257077791257,False,AnnotationProperty,Badge,0.10484173031595148
content_encoded,BLockGame,0.0987140202004612,0.1657141212578154,0.12935257077791257,False,AnnotationProperty,Badge,0.10484173031595148
pages,BLockGame,0.09871401423999673,0.1657141079767507,0.12935257077791257,False,AnnotationProperty,Badge,0.10484172554757991
section,BLockGame,0.09871401423999673,0.1657141079767507,0.12935257077791257,False,AnnotationProperty,Badge,0.10484172554757991
check if gr has bonus then voluntary,Tiny_stash,0.1206376092067251,0.1663888995569564,0.0415518252487452,False,unknown,Reward,0.10482045241512912
IK2,Availability_Block_Game_by_level,0.13100017015463383,0.1518282228719828,0.0,False,IndexKey,Level,0.10480013612370707
_:b48,BLockGame,0.09853265291774346,0.16813624090820398,0.12935257077791257,False,Class,Badge,0.1046966364897773
RFK_L2_R7,Availability_Block_Game_by_level,0.1308329225193897,0.14465995740189097,0.0,False,ReferenceKey,Level,0.10466633801551176
_:b11,Availability_Block_Game_by_level,0.13081692701339148,0.14485588189814597,0.0,False,Class,Level,0.10465354161071319
_:b8,Availability_Block_Game_by_level,0.13081692701339148,0.14485588189814597,0.0,False,Class,Level,0.10465354161071319
Error3,Availability_Block_Game_by_level,0.13081692701339148,0.14485588189814597,0.0,False,Class,Level,0.10465354161071319
Built-in Data Types,BLockGame,0.09846065601235884,0.16344205638932324,0.12935257077791257,False,unknown,Badge,0.1046390389654696
Essential,BLockGame,0.09846065601235884,0.16344205638932324,0.12935257077791257,False,unknown,Badge,0.1046390389654696
Explorer,BLockGame,0.09845928254914303,0.16344311685443122,0.12935257077791257,False,unknown,Badge,0.10463794019489694
indexKey,BLockGame,0.0984249140443518,0.16356138882154186,0.12935257077791257,False,DatatypeProperty,Badge,0.10461044539106397
hasgamificationExperienceLevel,BLockGame,0.09842489616295837,0.16356134897290134,0.12935257077791257,False,DatatypeProperty,Badge,0.10461043108594921
has_Experience_Level,BLockGame,0.09842489616295837,0.16356134897290134,0.12935257077791257,False,DatatypeProperty,Badge,0.10461043108594921
RFK_L1_R3,Availability_Block_Game_by_level,0.13069453350861274,0.1449132880160338,0.0,False,ReferenceKey,Level,0.10455562680689019
reversedBy,BLockGame,0.09835342330791695,0.16359772924056865,0.12935257077791257,False,ObjectProperty,Badge,0.10455325280191609
ScorePointsLeaderboard,BLockGame,0.09829927421373953,0.16577817603945086,0.12935257077791257,False,Class,Badge,0.10450993352657414
_:b17,BLockGame,0.09827709432533152,0.16584546124703065,0.12935257077791257,False,Restriction,Badge,0.10449218961584773
_:b18,BLockGame,0.09827709432533152,0.16584546124703065,0.12935257077791257,False,Restriction,Badge,0.10449218961584773
_:b15,BLockGame,0.09827709432533152,0.16584546124703065,0.12935257077791257,False,Restriction,Badge,0.10449218961584773
RFK_L1_R4,Availability_Block_Game_by_level,0.13060345812552784,0.1449395681162632,0.0,False,ReferenceKey,Level,0.10448276650042228
depiction,Tiny_stash,0.1201912911470405,0.16856095499188442,0.0415518252487452,False,unknown,Reward,0.10446339796738144
ImageObject,Availability_Block_Game_by_level,0.13057774039437298,0.14560158587322153,0.0,False,unknown,Level,0.10446219231549839
GE,Tiny_stash,0.12002028205416146,0.1656915253317487,0.0415518252487452,False,Variable,Reward,0.10432659069307822
ge,Tiny_stash,0.1199971335618382,0.16569902721206525,0.0415518252487452,False,Variable,Reward,0.1043080718992196
RFK_L4_R3,Availability_Block_Game_by_level,0.13027622971329217,0.1452686111394428,0.0,False,ReferenceKey,Level,0.10422098377063374
depicts,BLockGame,0.09792537744449625,0.1638762435169195,0.12935257077791257,False,AnnotationProperty,Badge,0.10421081611117952
chapter,BLockGame,0.09792537744449625,0.1638762435169195,0.12935257077791257,False,AnnotationProperty,Badge,0.10421081611117952
leçon 6 du cours Programmation Orientée Objet,BLockGame,0.09782267358776273,0.16049963887514393,0.12935257077791257,False,unknown,Badge,0.1041286530257927
lesson 6 for the course Object Oriented Programming,BLockGame,0.09782267358776273,0.16049963887514393,0.12935257077791257,False,unknown,Badge,0.1041286530257927
leçon 9 du cours Programmation Orientée Objet,BLockGame,0.09781638970780444,0.16050450667447433,0.12935257077791257,False,unknown,Badge,0.10412362592182607
lesson 9 for the course Object Oriented Programming,BLockGame,0.09781638970780444,0.16050450667447433,0.12935257077791257,False,unknown,Badge,0.10412362592182607
lesson 5 for the course Object Oriented Programming,BLockGame,0.09781423686213818,0.16050617104243228,0.12935257077791257,False,unknown,Badge,0.10412190364529307
leçon 5 du cours Programmation Orientée Objet,BLockGame,0.09781423686213818,0.16050617104243228,0.12935257077791257,False,unknown,Badge,0.10412190364529307
bonus,Tiny_stash,0.11971714381352008,0.16718476876030852,0.0415518252487452,False,unknown,Reward,0.10408408010056511
indexKey,Tiny_stash,0.11967242105997584,0.1629958437861546,0.0415518252487452,False,DatatypeProperty,Reward,0.10404830189772972
has_Experience_Level,Tiny_stash,0.11967241509951136,0.16299583086052702,0.0415518252487452,False,DatatypeProperty,Reward,0.10404829712935813
hasgamificationExperienceLevel,Tiny_stash,0.11967240913904689,0.1629958179348995,0.0415518252487452,False,DatatypeProperty,Reward,0.10404829236098656
_:b36,BLockGame,0.09764988846919538,0.16604926356782665,0.12935257077791257,False,Class,Badge,0.10399042493093882
_:b42,BLockGame,0.0976438117616151,0.16605296043930134,0.12935257077791257,False,Class,Badge,0.10398556356487461
reversedBy,Tiny_stash,0.11959195755144547,0.1630474593509764,0.0415518252487452,False,ObjectProperty,Reward,0.10398393109090542
l1,Tiny_stash,0.11956307410372635,0.17064110824816317,0.0415518252487452,False,Variable,Reward,0.10396082433273013
Audience_A,Availability_Block_Game_by_level,0.1299037350643059,0.1446524411434963,0.0,False,Audience,Level,0.10392298805144472
_:b12,BLockGame,0.09751735781958797,0.16613047582322274,0.12935257077791257,False,Class,Badge,0.1038844004112529
_:b2,BLockGame,0.09751735781958797,0.16613047582322274,0.12935257077791257,False,Class,Badge,0.1038844004112529
_:b3,Motrain,0.12981904675000805,0.14541262637132535,0.0,False,Restriction,GameElementResource,0.10385523740000645
_:b1,Motrain,0.12981904675000805,0.14541262637132535,0.0,False,Restriction,GameElementResource,0.10385523740000645
_:b0,Motrain,0.12981904675000805,0.14541262637132535,0.0,False,Restriction,GameElementResource,0.10385523740000645
_:b4,Motrain,0.12981904675000805,0.14541262637132535,0.0,False,Restriction,GameElementResource,0.10385523740000645
System,Tiny_stash,0.11936584990233341,0.16393778712483598,0.0415518252487452,False,unknown,Reward,0.10380304497161577
hasSubSystem,Tiny_stash,0.11936584990233341,0.16393778712483598,0.0415518252487452,False,unknown,Reward,0.10380304497161577
additional-name,Tiny_stash,0.11933602396709708,0.16826487288281142,0.0415518252487452,False,unknown,Reward,0.1037791842234267
family-name,Tiny_stash,0.11931145037851265,0.16827026655000746,0.0415518252487452,False,unknown,Reward,0.10375952535255917
given-name,Tiny_stash,0.11930101166103808,0.16827257128372566,0.0415518252487452,False,unknown,Reward,0.10375117437857952
honorific-prefix,Tiny_stash,0.11929657159844727,0.1682735479101606,0.0415518252487452,False,unknown,Reward,0.10374762232850686
honorific-suffix,Tiny_stash,0.1192946926761463,0.1682739834802705,0.0415518252487452,False,unknown,Reward,0.10374611919066608
has_totalLikes,Availability_Block_Game_by_level,0.12964957136424907,0.15097389427449412,0.0,False,DatatypeProperty,Level,0.10371965709139926
has_TranslationLanguage,Availability_Block_Game_by_level,0.12964957136424907,0.15097389427449412,0.0,False,DatatypeProperty,Level,0.10371965709139926
hasPaymentPreference,Availability_Block_Game_by_level,0.12964957136424907,0.15097389427449412,0.0,False,DatatypeProperty,Level,0.10371965709139926
has_EducationalLevel,Availability_Block_Game_by_level,0.12964957136424907,0.15097389427449412,0.0,False,DatatypeProperty,Level,0.10371965709139926
has_totalSites,Availability_Block_Game_by_level,0.12964957136424907,0.15097389427449412,0.0,False,DatatypeProperty,Level,0.10371965709139926
Adam,Availability_Block_Game_by_level,0.12964957136424907,0.15097389427449412,0.0,False,Teacher,Level,0.10371965709139926
has_Rating,Availability_Block_Game_by_level,0.12964957136424907,0.15097389427449412,0.0,False,DatatypeProperty,Level,0.10371965709139926
has_LearningPace,Availability_Block_Game_by_level,0.12964957136424907,0.15097389427449412,0.0,False,DatatypeProperty,Level,0.10371965709139926
has_Purpose,Availability_Block_Game_by_level,0.12964957136424907,0.15097389427449412,0.0,False,DatatypeProperty,Level,0.10371965709139926
has_totalDownloads,Availability_Block_Game_by_level,0.12964957136424907,0.15097389427449412,0.0,False,DatatypeProperty,Level,0.10371965709139926
has_TotalCompletionHours,Availability_Block_Game_by_level,0.12964957136424907,0.15097389427449412,0.0,False,DatatypeProperty,Level,0.10371965709139926
has_TeachingLanguage,Availability_Block_Game_by_level,0.12964957136424907,0.15097389427449412,0.0,False,DatatypeProperty,Level,0.10371965709139926
has_TotalEnrollment,Availability_Block_Game_by_level,0.12964957136424907,0.15097389427449412,0.0,False,DatatypeProperty,Level,0.10371965709139926
has_latestRelease,Availability_Block_Game_by_level,0.12964957136424907,0.15097389427449412,0.0,False,DatatypeProperty,Level,0.10371965709139926
has_duration,Availability_Block_Game_by_level,0.12964957136424907,0.15097389427449412,0.0,False,DatatypeProperty,Level,0.10371965709139926
has_title,Availability_Block_Game_by_level,0.1296495594433201,0.15097386949501965,0.0,False,DatatypeProperty,Level,0.10371964755465608
has_latestVersion,Availability_Block_Game_by_level,0.1296495594433201,0.15097386949501965,0.0,False,DatatypeProperty,Level,0.10371964755465608
designLesson,Availability_Block_Game_by_level,0.12962849442502772,0.1509949191763524,0.0,False,ObjectProperty,Level,0.10370279554002218
Tiny_stash,Availability_Block_Game_by_level,0.12960781285562856,0.15648632517027664,0.0,False,Reward,Level,0.10368625028450285
_:b17,Tiny_stash,0.11917367589982945,0.16612822425212848,0.0415518252487452,False,Restriction,Reward,0.1036493057696126
_:b15,Tiny_stash,0.11917367589982945,0.16612822425212848,0.0415518252487452,False,Restriction,Reward,0.1036493057696126
_:b18,Tiny_stash,0.11917367589982945,0.16612822425212848,0.0415518252487452,False,Restriction,Reward,0.1036493057696126
topic,Tiny_stash,0.11912043802814624,0.16660781855164683,0.0415518252487452,False,AnnotationProperty,Reward,0.10360671547226603
content_encoded,Tiny_stash,0.11912040822582386,0.1666077537811082,0.0415518252487452,False,AnnotationProperty,Reward,0.10360669163040813
pages,Tiny_stash,0.11912040822582386,0.1666077537811082,0.0415518252487452,False,AnnotationProperty,Reward,0.10360669163040813
content,Tiny_stash,0.11912040822582386,0.1666077537811082,0.0415518252487452,False,AnnotationProperty,Reward,0.10360669163040813
section,Tiny_stash,0.11912040822582386,0.1666077537811082,0.0415518252487452,False,AnnotationProperty,Reward,0.10360669163040813
pageEnd,Tiny_stash,0.11912040822582386,0.1666077537811082,0.0415518252487452,False,AnnotationProperty,Reward,0.10360669163040813
RFK_L4_R2,Availability_Block_Game_by_level,0.12949934879904781,0.14573910898443643,0.0,False,ReferenceKey,Level,0.10359947903923826
RF_GE_Motrain,Availability_Block_Game_by_level,0.12946322928295576,0.14574898268940892,0.0,False,ReferenceKey,Level,0.1035705834263646
RFK_L4_R1,Availability_Block_Game_by_level,0.1294522116812427,0.14575199770314323,0.0,False,ReferenceKey,Level,0.10356176934499417
has_description,Availability_Block_Game_by_level,0.12944691793003751,0.1511105396762612,0.0,False,FunctionalProperty,Level,0.10355753434403002
RFK_L3_R5,Availability_Block_Game_by_level,0.12943883011180904,0.1457556616501272,0.0,False,ReferenceKey,Level,0.10355106408944724
RFK_L3_R4,Availability_Block_Game_by_level,0.12943306185605305,0.14575724171457038,0.0,False,ReferenceKey,Level,0.10354644948484244
RFK_L3_R3,Availability_Block_Game_by_level,0.1294308157031356,0.14575785710158082,0.0,False,ReferenceKey,Level,0.1035446525625085
RFK_L3_R2,Availability_Block_Game_by_level,0.12942972218094712,0.14575815672062692,0.0,False,ReferenceKey,Level,0.1035437777447577
RFK_L3_R1,Availability_Block_Game_by_level,0.12942927699099518,0.14575827870445296,0.0,False,ReferenceKey,Level,0.10354342159279616
RFK_L2_R6,Availability_Block_Game_by_level,0.1294209671774014,0.1457605560773486,0.0,False,ReferenceKey,Level,0.10353677374192112
RFK_L2_R5,Availability_Block_Game_by_level,0.1294174228351746,0.14576152769379289,0.0,False,ReferenceKey,Level,0.10353393826813968
RFK_L2_R4,Availability_Block_Game_by_level,0.12941592124502568,0.1457619393741404,0.0,False,ReferenceKey,Level,0.10353273699602056
RFK_L2_R3,Availability_Block_Game_by_level,0.1294152855396811,0.1457621136693857,0.0,False,ReferenceKey,Level,0.10353222843174488
RFK_L2_R2,Availability_Block_Game_by_level,0.1294150165543559,0.14576218742026092,0.0,False,ReferenceKey,Level,0.10353201324348471
RFK_L1_R2,Availability_Block_Game_by_level,0.12939999029258387,0.14576630877054003,0.0,False,ReferenceKey,Level,0.1035199922340671
ScorePoints,BLockGame,0.0969568496547635,0.16635989505459292,0.12935257077791257,False,Class,Badge,0.10343599387939333
SocialPoints,BLockGame,0.0969568496547635,0.16635989505459292,0.12935257077791257,False,Class,Badge,0.10343599387939333
works_in,Tiny_stash,0.11879097353078685,0.16542048194551842,0.0415518252487452,False,unknown,Reward,0.10334314387437853
has_competency,Tiny_stash,0.11879097353078685,0.16542048194551842,0.0415518252487452,False,unknown,Reward,0.10334314387437853
has_contact,Tiny_stash,0.11879097353078685,0.16542048194551842,0.0415518252487452,False,unknown,Reward,0.10334314387437853
interacts,Tiny_stash,0.11879097353078685,0.16542048194551842,0.0415518252487452,False,unknown,Reward,0.10334314387437853
RFK_L1_R5,Availability_Block_Game_by_level,0.1290567114107386,0.1458612368171764,0.0,False,ReferenceKey,Level,0.10324536912859089
requiresKnowledge,BLockGame,0.09660669978612721,0.15944713333711327,0.12935257077791257,False,ObjectProperty,Badge,0.1031558739844843
aboutEducationalTopic,BLockGame,0.09660669978612721,0.15944713333711327,0.12935257077791257,False,ObjectProperty,Badge,0.1031558739844843
_:b5,Availability_Block_Game_by_level,0.12879584621960177,0.14508486884480376,0.0,False,Restriction,Level,0.10303667697568142
_:b6,Availability_Block_Game_by_level,0.1287958342986728,0.14508484297184185,0.0,False,Restriction,Level,0.10303666743893825
_:b7,Availability_Block_Game_by_level,0.1287958342986728,0.14508484297184185,0.0,False,Restriction,Level,0.10303666743893825
Stash,Quizventure,0.1287539187642693,0.15902874604815942,0.0,False,Reward,GameElementResource,0.10300313501141545
_:b24,BLockGame,0.09636452738489204,0.16662260098649967,0.12935257077791257,False,Class,Badge,0.10296213606349615
_:b30,BLockGame,0.09633083347471484,0.16664280948621343,0.12935257077791257,False,Class,Badge,0.10293518093535439
RFK_L4_R6,Availability_Block_Game_by_level,0.12864503873152183,0.14758523808897553,0.0,False,ReferenceKey,Level,0.10291603098521747
pp,Tiny_stash,0.1181820296361084,0.1671542931131881,0.0415518252487452,False,Variable,Reward,0.10285598875863576
ip,Tiny_stash,0.1181820296361084,0.1671542931131881,0.0415518252487452,False,Variable,Reward,0.10285598875863576
l2,Tiny_stash,0.11810046789473587,0.167179246115726,0.0415518252487452,False,Variable,Reward,0.10279073936553774
depicts,Tiny_stash,0.11789325706511719,0.16381790245450717,0.0415518252487452,False,AnnotationProperty,Reward,0.1026249707018428
chapter,Tiny_stash,0.11789325706511719,0.16381790245450717,0.0415518252487452,False,AnnotationProperty,Reward,0.1026249707018428
leçon 8 du cours Programmation Orientée Objet,BLockGame,0.09584231176598891,0.16056507684833418,0.12935257077791257,False,unknown,Badge,0.10254436356837365
lesson 8 for the course Object Oriented Programming,BLockGame,0.09584231176598891,0.16056507684833418,0.12935257077791257,False,unknown,Badge,0.10254436356837365
RFK_L1_R1,Availability_Block_Game_by_level,0.12815176505644904,0.1473204364166984,0.0,False,ReferenceKey,Level,0.10252141204515924
RFK_L2_R1,Availability_Block_Game_by_level,0.12814846777802458,0.14732119686707978,0.0,False,ReferenceKey,Level,0.10251877422241967
tbox,Motrain,0.12808846287795078,0.14864830681521335,0.0,False,Ontology,GameElementResource,0.10247077030236063
aboutEducationalTopic,Tiny_stash,0.11753086800737411,0.15816916477168969,0.0415518252487452,False,ObjectProperty,Reward,0.10233505945564833
requiresKnowledge,Tiny_stash,0.11753086204690963,0.15816915186993932,0.0415518252487452,False,ObjectProperty,Reward,0.10233505468727674
RFK_L4_R5,Availability_Block_Game_by_level,0.12782260278373336,0.14739703932462317,0.0,False,ReferenceKey,Level,0.1022580822269867
COntentKnowledge,BLockGame,0.09544828021643106,0.16123758096401636,0.12935257077791257,False,Class,Badge,0.10222913832872738
GamificationKnowledge,BLockGame,0.09544828021643106,0.16123758096401636,0.12935257077791257,False,Class,Badge,0.10222913832872738
TechnologicalKnowledge,BLockGame,0.09544828021643106,0.16123758096401636,0.12935257077791257,False,Class,Badge,0.10222913832872738
Sara,Motrain,0.12763866540059865,0.19762941607425874,0.0,False,Person,GameElementResource,0.10211093232047892
Sofia,BLockGame,0.09524446952177681,0.15952502284815234,0.12935257077791257,False,Learner,Badge,0.10206608977300398
Tom,BLockGame,0.09524446952177681,0.15952502284815234,0.12935257077791257,False,Learner,Badge,0.10206608977300398
_:b155,Availability_Block_Game_by_level,0.12737284414542777,0.15658125110293533,0.0,False,Imp,Level,0.10189827531634221
_:b137,Availability_Block_Game_by_level,0.12737284414542777,0.15658125110293533,0.0,False,Imp,Level,0.10189827531634221
_:b219,Availability_Block_Game_by_level,0.12737284414542777,0.15658125110293533,0.0,False,Imp,Level,0.10189827531634221
_:b199,Availability_Block_Game_by_level,0.12737284414542777,0.15658125110293533,0.0,False,Imp,Level,0.10189827531634221
_:b126,Availability_Block_Game_by_level,0.12737284414542777,0.15658125110293533,0.0,False,Imp,Level,0.10189827531634221
_:b148,Availability_Block_Game_by_level,0.12737284414542777,0.15658125110293533,0.0,False,Imp,Level,0.10189827531634221
_:b74,Availability_Block_Game_by_level,0.12737284414542777,0.15658125110293533,0.0,False,Imp,Level,0.10189827531634221
_:b208,Availability_Block_Game_by_level,0.12737284414542777,0.15658125110293533,0.0,False,Imp,Level,0.10189827531634221
_:b117,Availability_Block_Game_by_level,0.12737284414542777,0.15658125110293533,0.0,False,Imp,Level,0.10189827531634221
_:b85,Availability_Block_Game_by_level,0.12737284414542777,0.15658125110293533,0.0,False,Imp,Level,0.10189827531634221
_:b63,Availability_Block_Game_by_level,0.12737284414542777,0.15658125110293533,0.0,False,Imp,Level,0.10189827531634221
_:b108,Availability_Block_Game_by_level,0.12737284414542777,0.15658125110293533,0.0,False,Imp,Level,0.10189827531634221
_:b275,Availability_Block_Game_by_level,0.12737284414542777,0.15658125110293533,0.0,False,Imp,Level,0.10189827531634221
_:b166,Availability_Block_Game_by_level,0.12737284414542777,0.15658125110293533,0.0,False,Imp,Level,0.10189827531634221
_:b177,Availability_Block_Game_by_level,0.12737284414542777,0.15658125110293533,0.0,False,Imp,Level,0.10189827531634221
_:b240,Availability_Block_Game_by_level,0.12737284414542777,0.15658125110293533,0.0,False,Imp,Level,0.10189827531634221
_:b245,Availability_Block_Game_by_level,0.12737284414542777,0.15658125110293533,0.0,False,Imp,Level,0.10189827531634221
_:b264,Availability_Block_Game_by_level,0.12737284414542777,0.15658125110293533,0.0,False,Imp,Level,0.10189827531634221
Film,BLockGame,0.09496120328469557,0.16770088972205316,0.12935257077791257,False,Class,Badge,0.10183947678333898
RFK_L4_R4,Availability_Block_Game_by_level,0.12720373342877128,0.14754474901379527,0.0,False,ReferenceKey,Level,0.10176298674301704
_:b2,Availability_Block_Game_by_level,0.12701063577198152,0.14641115101128593,0.0,False,Class,Level,0.10160850861758522
COntentKnowledge,Availability_Block_Game_by_level,0.12701063577198152,0.14641115101128593,0.0,False,Class,Level,0.10160850861758522
TechnologicalKnowledge,Availability_Block_Game_by_level,0.12701063577198152,0.14641115101128593,0.0,False,Class,Level,0.10160850861758522
GamificationKnowledge,Availability_Block_Game_by_level,0.12701063577198152,0.14641115101128593,0.0,False,Class,Level,0.10160850861758522
_:b12,Availability_Block_Game_by_level,0.12701063577198152,0.14641115101128593,0.0,False,Class,Level,0.10160850861758522
_:b36,Availability_Block_Game_by_level,0.12681521817313032,0.14656173208305964,0.0,False,Class,Level,0.10145217453850426
_:b42,Availability_Block_Game_by_level,0.12679365250748187,0.1465696307347566,0.0,False,Class,Level,0.1014349220059855
_:b48,Availability_Block_Game_by_level,0.1267844838323598,0.14657298378716765,0.0,False,Class,Level,0.10142758706588784
ScorePointsLeaderboard,Availability_Block_Game_by_level,0.12675378354569894,0.1465842169367133,0.0,False,Class,Level,0.10140302683655916
Kind,Tiny_stash,0.1163471889998517,0.16235300614576337,0.0415518252487452,False,unknown,Reward,0.10138811624963041
_:b230,Availability_Block_Game_by_level,0.12668641392136404,0.15308226123481875,0.0,False,Imp,Level,0.10134913113709124
_:b235,Availability_Block_Game_by_level,0.12668641392136404,0.15308226123481875,0.0,False,Imp,Level,0.10134913113709124
_:b188,Availability_Block_Game_by_level,0.12668641392136404,0.15308226123481875,0.0,False,Imp,Level,0.10134913113709124
Bill,BLockGame,0.09416600608198983,0.16586513059908964,0.12935257077791257,False,Class,Badge,0.10120331902117438
_:b9,Motrain,0.12616388616413737,0.1495377095403138,0.0,False,Restriction,GameElementResource,0.10093110893130991
_:b13,Motrain,0.12616388616413737,0.1495377095403138,0.0,False,Restriction,GameElementResource,0.10093110893130991
_:b14,Motrain,0.12616388020367292,0.14953769686855883,0.0,False,Restriction,GameElementResource,0.10093110416293834
SocialPoints,Availability_Block_Game_by_level,0.12605483151723545,0.146936785375857,0.0,False,Class,Level,0.10084386521378837
ScorePoints,Availability_Block_Game_by_level,0.12605483151723545,0.146936785375857,0.0,False,Class,Level,0.10084386521378837
has_answer,BLockGame,0.09367155957832456,0.16833272379079073,0.12935257077791257,False,unknown,Badge,0.10080776181824216
has_target,BLockGame,0.09367154169693112,0.16833268389783637,0.12935257077791257,False,unknown,Badge,0.10080774751312742
has_body_for_annotation,BLockGame,0.09367154169693112,0.16833268389783637,0.12935257077791257,False,unknown,Badge,0.10080774751312742
startingPage,Availability_Block_Game_by_level,0.12584494319947387,0.1580860387366156,0.0,False,AnnotationProperty,Level,0.1006759545595791
JavafunctionTypes,Tiny_stash,0.11544818578288174,0.17812277702767063,0.0415518252487452,False,IndexKey,Reward,0.10066891367605443
onlineCourse,BLockGame,0.09346503890317037,0.16106577077458883,0.12935257077791257,False,Class,Badge,0.10064254527811882
_:b24,Availability_Block_Game_by_level,0.12565242734117102,0.1471987838927606,0.0,False,Class,Level,0.10052194187293682
TaskJavaInheritance,Availability_Block_Game_by_level,0.1255914422774601,0.14648755214046558,0.0,False,IndexKey,Level,0.10047315382196809
_:b30,Availability_Block_Game_by_level,0.12553267428575604,0.14724085939408246,0.0,False,Class,Level,0.10042613942860484
Input_and_Output_Stream,Availability_Block_Game_by_level,0.12536596913190437,0.15392542792059857,0.0,False,Lesson,Level,0.1002927753055235
workplaceHomepage,BLockGame,0.09287476247552791,0.16649702846409797,0.12935257077791257,False,unknown,Badge,0.10017032413600485
accountServiceHomepage,BLockGame,0.09287476247552791,0.16649702846409797,0.12935257077791257,False,unknown,Badge,0.10017032413600485
RDV,BLockGame,0.09287476247552791,0.16649702846409797,0.12935257077791257,False,unknown,Badge,0.10017032413600485
issue,Availability_Block_Game_by_level,0.12503079330468034,0.15197524775655558,0.0,False,AnnotationProperty,Level,0.10002463464374428
created_at,Availability_Block_Game_by_level,0.1250307813837514,0.15197522268748032,0.0,False,AnnotationProperty,Level,0.10002462510700112
hasRelevantGameElement,Availability_Block_Game_by_level,0.12487514788875176,0.14679413675643785,0.0,False,ObjectProperty,Level,0.09990011831100142
isRelevantFor,Availability_Block_Game_by_level,0.12487514788875176,0.14679413675643785,0.0,False,ObjectProperty,Level,0.09990011831100142
_:b104,Availability_Block_Game_by_level,0.12464929862440473,0.14695387932180698,0.0,False,BuiltinAtom,Level,0.09971943889952378
_:b261,Availability_Block_Game_by_level,0.12464886815865243,0.1469540636132327,0.0,False,List,Level,0.09971909452692196
_:b260,Availability_Block_Game_by_level,0.12464783699583593,0.1469544530573115,0.0,False,List,Level,0.09971826959666874
_:b258,Availability_Block_Game_by_level,0.124645428056726,0.14695539868111082,0.0,False,BuiltinAtom,Level,0.0997163424453808
_:b197,Availability_Block_Game_by_level,0.12464109640329694,0.14695711450640184,0.0,False,List,Level,0.09971287712263756
_:b83,Availability_Block_Game_by_level,0.12463977257431627,0.14695763424115105,0.0,False,List,Level,0.09971181805945302
_:b72,Availability_Block_Game_by_level,0.12463977257431627,0.14695763424115105,0.0,False,List,Level,0.09971181805945302
_:b284,Availability_Block_Game_by_level,0.12463977257431627,0.14695763424115105,0.0,False,List,Level,0.09971181805945302
_:b196,Availability_Block_Game_by_level,0.12462957205992072,0.14696162412634842,0.0,False,List,Level,0.09970365764793658
_:b82,Availability_Block_Game_by_level,0.1246264607394584,0.1469628459516739,0.0,False,List,Level,0.09970116859156673
_:b71,Availability_Block_Game_by_level,0.1246264607394584,0.1469628459516739,0.0,False,List,Level,0.09970116859156673
_:b283,Availability_Block_Game_by_level,0.1246264607394584,0.1469628459516739,0.0,False,List,Level,0.09970116859156673
lesson 7 for the course Object Oriented Programming,BLockGame,0.09187206283890491,0.16107750876572322,0.12935257077791257,False,unknown,Badge,0.09936816442670644
leçon 7 du cours Programmation Orientée Objet,BLockGame,0.09187206283890491,0.16107750876572322,0.12935257077791257,False,unknown,Badge,0.09936816442670644
_:b195,Availability_Block_Game_by_level,0.12393584472798642,0.1473378679781024,0.0,False,BuiltinAtom,Level,0.09914867578238915
_:b81,Availability_Block_Game_by_level,0.12392853548605956,0.14734069165147543,0.0,False,BuiltinAtom,Level,0.09914282838884765
_:b173,Availability_Block_Game_by_level,0.12392853548605956,0.14734069165147543,0.0,False,BuiltinAtom,Level,0.09914282838884765
_:b184,Availability_Block_Game_by_level,0.12392853548605956,0.14734069165147543,0.0,False,BuiltinAtom,Level,0.09914282838884765
_:b162,Availability_Block_Game_by_level,0.12392853548605956,0.14734069165147543,0.0,False,BuiltinAtom,Level,0.09914282838884765
_:b282,Availability_Block_Game_by_level,0.12392853548605956,0.14734069165147543,0.0,False,BuiltinAtom,Level,0.09914282838884765
_:b70,Availability_Block_Game_by_level,0.12392853548605956,0.14734069165147543,0.0,False,BuiltinAtom,Level,0.09914282838884765
has_host,Availability_Block_Game_by_level,0.12372273958890041,0.16099434671662946,0.0,False,unknown,Level,0.09897819167112033
_:b29,Tiny_stash,0.11319038006124885,0.17070141982943285,0.0415518252487452,False,Restriction,Reward,0.09886266909874812
_:b200,Availability_Block_Game_by_level,0.12338838244565742,0.14818423112176765,0.0,False,AtomList,Level,0.09871070595652594
_:b118,Availability_Block_Game_by_level,0.12338838244565742,0.14818423112176765,0.0,False,AtomList,Level,0.09871070595652594
_:b109,Availability_Block_Game_by_level,0.12338838244565742,0.14818423112176765,0.0,False,AtomList,Level,0.09871070595652594
_:b86,Availability_Block_Game_by_level,0.12338838244565742,0.14818423112176765,0.0,False,AtomList,Level,0.09871070595652594
_:b64,Availability_Block_Game_by_level,0.12338838244565742,0.14818423112176765,0.0,False,AtomList,Level,0.09871070595652594
_:b127,Availability_Block_Game_by_level,0.12338838244565742,0.14818423112176765,0.0,False,AtomList,Level,0.09871070595652594
_:b220,Availability_Block_Game_by_level,0.12338838244565742,0.14818423112176765,0.0,False,AtomList,Level,0.09871070595652594
_:b276,Availability_Block_Game_by_level,0.12338838244565742,0.14818423112176765,0.0,False,AtomList,Level,0.09871070595652594
_:b246,Availability_Block_Game_by_level,0.12338838244565742,0.14818423112176765,0.0,False,AtomList,Level,0.09871070595652594
_:b138,Availability_Block_Game_by_level,0.12338838244565742,0.14818423112176765,0.0,False,AtomList,Level,0.09871070595652594
_:b265,Availability_Block_Game_by_level,0.12338838244565742,0.14818423112176765,0.0,False,AtomList,Level,0.09871070595652594
_:b167,Availability_Block_Game_by_level,0.12338838244565742,0.14818423112176765,0.0,False,AtomList,Level,0.09871070595652594
_:b178,Availability_Block_Game_by_level,0.12338838244565742,0.14818423112176765,0.0,False,AtomList,Level,0.09871070595652594
_:b209,Availability_Block_Game_by_level,0.12338838244565742,0.14818423112176765,0.0,False,AtomList,Level,0.09871070595652594
_:b75,Availability_Block_Game_by_level,0.12338838244565742,0.14818423112176765,0.0,False,AtomList,Level,0.09871070595652594
_:b156,Availability_Block_Game_by_level,0.12338838244565742,0.14818423112176765,0.0,False,AtomList,Level,0.09871070595652594
_:b149,Availability_Block_Game_by_level,0.12338837052472847,0.1481842052461887,0.0,False,AtomList,Level,0.09871069641978278
_:b221,Availability_Block_Game_by_level,0.12338837052472847,0.1481842052461887,0.0,False,AtomList,Level,0.09871069641978278
_:b210,Availability_Block_Game_by_level,0.12338837052472847,0.1481842052461887,0.0,False,AtomList,Level,0.09871069641978278
_:b128,Availability_Block_Game_by_level,0.12338837052472847,0.1481842052461887,0.0,False,AtomList,Level,0.09871069641978278
_:b139,Availability_Block_Game_by_level,0.12338837052472847,0.1481842052461887,0.0,False,AtomList,Level,0.09871069641978278
_:b157,Availability_Block_Game_by_level,0.12338836456426398,0.1481841923083993,0.0,False,AtomList,Level,0.09871069165141119
_:b150,Availability_Block_Game_by_level,0.12338836456426398,0.1481841923083993,0.0,False,AtomList,Level,0.09871069165141119
_:b168,Availability_Block_Game_by_level,0.12338836456426398,0.1481841923083993,0.0,False,AtomList,Level,0.09871069165141119
_:b201,Availability_Block_Game_by_level,0.12338836456426398,0.1481841923083993,0.0,False,AtomList,Level,0.09871069165141119
_:b65,Availability_Block_Game_by_level,0.12338836456426398,0.1481841923083993,0.0,False,AtomList,Level,0.09871069165141119
_:b76,Availability_Block_Game_by_level,0.12338836456426398,0.1481841923083993,0.0,False,AtomList,Level,0.09871069165141119
_:b242,Availability_Block_Game_by_level,0.12338836456426398,0.1481841923083993,0.0,False,AtomList,Level,0.09871069165141119
_:b241,Availability_Block_Game_by_level,0.12338836456426398,0.1481841923083993,0.0,False,AtomList,Level,0.09871069165141119
_:b119,Availability_Block_Game_by_level,0.12338836456426398,0.1481841923083993,0.0,False,AtomList,Level,0.09871069165141119
_:b179,Availability_Block_Game_by_level,0.12338836456426398,0.1481841923083993,0.0,False,AtomList,Level,0.09871069165141119
_:b277,Availability_Block_Game_by_level,0.12338836456426398,0.1481841923083993,0.0,False,AtomList,Level,0.09871069165141119
_:b266,Availability_Block_Game_by_level,0.12338836456426398,0.1481841923083993,0.0,False,AtomList,Level,0.09871069165141119
_:b87,Availability_Block_Game_by_level,0.12338836456426398,0.1481841923083993,0.0,False,AtomList,Level,0.09871069165141119
_:b110,Availability_Block_Game_by_level,0.12338836456426398,0.1481841923083993,0.0,False,AtomList,Level,0.09871069165141119
_:b247,Availability_Block_Game_by_level,0.12338836456426398,0.1481841923083993,0.0,False,AtomList,Level,0.09871069165141119
Film,Tiny_stash,0.11276475975468855,0.1689197892051294,0.0415518252487452,False,Class,Reward,0.09852217285349989
designedWithObjective,Availability_Block_Game_by_level,0.12298007691684024,0.14782772784566733,0.0,False,TransitiveProperty,Level,0.09838406153347219
isMoreExpertThan,Tiny_stash,0.11255908167998618,0.16665783611607665,0.0415518252487452,False,ObjectProperty,Reward,0.09835763039373799
_:b35,Tiny_stash,0.11251301140339942,0.17115016201672703,0.0415518252487452,False,Restriction,Reward,0.09832077417246858
_:b41,Tiny_stash,0.11250845478485871,0.17115235619812078,0.0415518252487452,False,Restriction,Reward,0.09831712887763601
_:b47,Tiny_stash,0.11250653523149001,0.17115332888441537,0.0415518252487452,False,Restriction,Reward,0.09831559323494106
_:b52,Tiny_stash,0.11250571125192135,0.17115372566950798,0.0415518252487452,False,Restriction,Reward,0.09831493405128612
has_container,Availability_Block_Game_by_level,0.1223299885499531,0.1548335524919685,0.0,False,unknown,Level,0.09786399083996249
n,Availability_Block_Game_by_level,0.1223299885499531,0.1548335524919685,0.0,False,unknown,Level,0.09786399083996249
partOf,Availability_Block_Game_by_level,0.1223299885499531,0.1548335524919685,0.0,False,unknown,Level,0.09786399083996249
has_bag,Availability_Block_Game_by_level,0.1223299885499531,0.1548335524919685,0.0,False,unknown,Level,0.09786399083996249
contains_forum_post,Availability_Block_Game_by_level,0.12232997662902415,0.1548335276257558,0.0,False,unknown,Level,0.09786398130321933
BLockGame,Motrain,0.12223427331064962,0.17470304943547793,0.0,False,Badge,GameElementResource,0.0977874186485197
IK_GE_TinyStash,Availability_Block_Game_by_level,0.12222510705959802,0.1478094709729858,0.0,False,IndexKey,Level,0.09778008564767843
UserGroup,Availability_Block_Game_by_level,0.12217938067272731,0.14800524412182653,0.0,False,unknown,Level,0.09774350453818186
_:b189,Availability_Block_Game_by_level,0.1221323980205005,0.14855384375387476,0.0,False,AtomList,Level,0.0977059184164004
_:b232,Availability_Block_Game_by_level,0.1221323980205005,0.14855384375387476,0.0,False,AtomList,Level,0.0977059184164004
_:b236,Availability_Block_Game_by_level,0.1221323980205005,0.14855384375387476,0.0,False,AtomList,Level,0.0977059184164004
_:b237,Availability_Block_Game_by_level,0.1221323980205005,0.14855384375387476,0.0,False,AtomList,Level,0.0977059184164004
_:b231,Availability_Block_Game_by_level,0.1221323980205005,0.14855384375387476,0.0,False,AtomList,Level,0.0977059184164004
_:b190,Availability_Block_Game_by_level,0.1221323980205005,0.14855384375387476,0.0,False,AtomList,Level,0.0977059184164004
block_xp,Tiny_stash,0.11166071985133255,0.19795728398902238,0.0415518252487452,False,unknown,Reward,0.09763894093081509
"Learners receive points for their actions, visualise their progress, compete with others through a leaderboard, and unlock content based on their individual needs and experiences.",Tiny_stash,0.11166071985133255,0.19795728398902238,0.0415518252487452,False,unknown,Reward,0.09763894093081509
Level Up XP,Tiny_stash,0.11166071985133255,0.19795728398902238,0.0415518252487452,False,unknown,Reward,0.09763894093081509
JavaDelimiters,Availability_Block_Game_by_level,0.12201870057484614,0.14788216376468905,0.0,False,IndexKey,Level,0.09761496045987691
JavaEventListener,Availability_Block_Game_by_level,0.12201870057484614,0.14788216376468905,0.0,False,IndexKey,Level,0.09761496045987691
JavaExceptionTypes,Availability_Block_Game_by_level,0.12201870057484614,0.14788216376468905,0.0,False,IndexKey,Level,0.09761496045987691
JavaArgumentsParameters,Availability_Block_Game_by_level,0.12201870057484614,0.14788216376468905,0.0,False,IndexKey,Level,0.09761496045987691
JavaTaskEventHandlerListener,Availability_Block_Game_by_level,0.12201870057484614,0.14788216376468905,0.0,False,IndexKey,Level,0.09761496045987691
JavaIOStreams,Availability_Block_Game_by_level,0.12201870057484614,0.14788216376468905,0.0,False,IndexKey,Level,0.09761496045987691
JavaOverloading,Availability_Block_Game_by_level,0.12201870057484614,0.14788216376468905,0.0,False,IndexKey,Level,0.09761496045987691
JavaOverriding,Availability_Block_Game_by_level,0.12201870057484614,0.14788216376468905,0.0,False,IndexKey,Level,0.09761496045987691
JavaTryCatch,Availability_Block_Game_by_level,0.12201870057484614,0.14788216376468905,0.0,False,IndexKey,Level,0.09761496045987691
TaskJavaPolymorphism,Availability_Block_Game_by_level,0.12201870057484614,0.14788216376468905,0.0,False,IndexKey,Level,0.09761496045987691
TaskJavaGUI,Availability_Block_Game_by_level,0.12201870057484614,0.14788216376468905,0.0,False,IndexKey,Level,0.09761496045987691
JavaFX,Availability_Block_Game_by_level,0.12201870057484614,0.14788216376468905,0.0,False,IndexKey,Level,0.09761496045987691
TaskJavaExceptions,Availability_Block_Game_by_level,0.12201870057484614,0.14788216376468905,0.0,False,IndexKey,Level,0.09761496045987691
JavaExceptions,Availability_Block_Game_by_level,0.12201870057484614,0.14788216376468905,0.0,False,IndexKey,Level,0.09761496045987691
JavaArithmeticOperations,Availability_Block_Game_by_level,0.12201870057484614,0.14788216376468905,0.0,False,IndexKey,Level,0.09761496045987691
JavaEvents,Availability_Block_Game_by_level,0.12201870057484614,0.14788216376468905,0.0,False,IndexKey,Level,0.09761496045987691
JavaGUILinkedScreens,Availability_Block_Game_by_level,0.12201870057484614,0.14788216376468905,0.0,False,IndexKey,Level,0.09761496045987691
JavaFiles,Availability_Block_Game_by_level,0.12201870057484614,0.14788216376468905,0.0,False,IndexKey,Level,0.09761496045987691
JavaGUIElements,Availability_Block_Game_by_level,0.12201870057484614,0.14788216376468905,0.0,False,IndexKey,Level,0.09761496045987691
JavaOverloadedConstructors,Availability_Block_Game_by_level,0.12201870057484614,0.14788216376468905,0.0,False,IndexKey,Level,0.09761496045987691
JavaEventTypes,Availability_Block_Game_by_level,0.12201870057484614,0.14788216376468905,0.0,False,IndexKey,Level,0.09761496045987691
_:b33,Availability_Block_Game_by_level,0.12197425510954733,0.14826758133334436,0.0,False,Restriction,Level,0.09757940408763788
_:b39,Availability_Block_Game_by_level,0.12195679030053275,0.14827422005245502,0.0,False,Restriction,Level,0.0975654322404262
_:b45,Availability_Block_Game_by_level,0.12194936700960653,0.14827704256478857,0.0,False,Restriction,Level,0.09755949360768523
_:b50,Availability_Block_Game_by_level,0.12194621079242876,0.14827824277348473,0.0,False,Restriction,Level,0.09755696863394302
_:b10,Availability_Block_Game_by_level,0.12192715555194225,0.1481559009129217,0.0,False,Restriction,Level,0.0975417244415538
Bill,Tiny_stash,0.11153197175183098,0.16611280325648464,0.0415518252487452,False,Class,Reward,0.09753594245121383
has_answer,Tiny_stash,0.11131291357721404,0.1698476602843821,0.0415518252487452,False,unknown,Reward,0.09736069591152027
has_body_for_annotation,Tiny_stash,0.11131288377489165,0.16984759503690616,0.0415518252487452,False,unknown,Reward,0.09736067206966237
has_target,Tiny_stash,0.11131288377489165,0.16984759503690616,0.0415518252487452,False,unknown,Reward,0.09736067206966237
_:b27,Availability_Block_Game_by_level,0.1213486904661275,0.14865596404190595,0.0,False,Restriction,Level,0.09707895237290201
JavaVariables,Availability_Block_Game_by_level,0.12073361595688725,0.14945131157129654,0.0,False,IndexKey,Level,0.0965868927655098
JavaClassAttributesFunctions,Availability_Block_Game_by_level,0.120731191249097,0.149452029288664,0.0,False,IndexKey,Level,0.0965849529992776
JavaInheritanceComposition,Availability_Block_Game_by_level,0.12049066664460248,0.14952357912050396,0.0,False,IndexKey,Level,0.09639253331568198
_:b262,Availability_Block_Game_by_level,0.12047802569162451,0.14852532145756686,0.0,False,ClassAtom,Level,0.09638242055329961
_:b98,Availability_Block_Game_by_level,0.12047584337371679,0.14852625125356456,0.0,False,ClassAtom,Level,0.09638067469897343
_:b96,Availability_Block_Game_by_level,0.12047070053190082,0.14852840590997407,0.0,False,ClassAtom,Level,0.09637656042552066
_:b256,Availability_Block_Game_by_level,0.12047069457143633,0.14852839285581168,0.0,False,ClassAtom,Level,0.09637655565714907
RDV,Tiny_stash,0.11007503214902872,0.16704525901819844,0.0415518252487452,False,unknown,Reward,0.09637039076897203
workplaceHomepage,Tiny_stash,0.11007502022809976,0.16704523293748058,0.0415518252487452,False,unknown,Reward,0.09637038123222885
accountServiceHomepage,Tiny_stash,0.11007502022809976,0.16704523293748058,0.0415518252487452,False,unknown,Reward,0.09637038123222885
JavaSingleInheritance,Availability_Block_Game_by_level,0.12042290581077648,0.14927212383700653,0.0,False,IndexKey,Level,0.09633832464862119
IK_GE_Motrain,Availability_Block_Game_by_level,0.12039627547175094,0.14928049811414112,0.0,False,IndexKey,Level,0.09631702037740075
JavaExtend,Availability_Block_Game_by_level,0.12038812612592598,0.14928306247807888,0.0,False,IndexKey,Level,0.09631050090074078
TaskJavaClassesMethod,Availability_Block_Game_by_level,0.12037805553978143,0.14928623249452466,0.0,False,IndexKey,Level,0.09630244443182515
JavaStatic,Availability_Block_Game_by_level,0.12037413441011477,0.14928746711363117,0.0,False,IndexKey,Level,0.09629930752809182
JavaThis,Availability_Block_Game_by_level,0.12037222562544622,0.14928806818583462,0.0,False,IndexKey,Level,0.09629778050035698
JavaConstructors,Availability_Block_Game_by_level,0.12037144852947468,0.14928831290412525,0.0,False,IndexKey,Level,0.09629715882357975
locator,BLockGame,0.08802860500684394,0.1592777094428398,0.12935257077791257,False,AnnotationProperty,Badge,0.09629339816105767
TaskJavaClassesObjects,Availability_Block_Game_by_level,0.12036497813079121,0.14929035080177663,0.0,False,IndexKey,Level,0.09629198250463297
JavaAccessModifiers,Availability_Block_Game_by_level,0.12036235689538648,0.14929117652031126,0.0,False,IndexKey,Level,0.09628988551630918
JavaPackages,Availability_Block_Game_by_level,0.12036124719044121,0.14929152611447175,0.0,False,IndexKey,Level,0.09628899775235297
JavaArrayOfInstances,Availability_Block_Game_by_level,0.12036077763544384,0.1492916740444198,0.0,False,IndexKey,Level,0.09628862210835508
JavaClassInstance,Availability_Block_Game_by_level,0.12036057887629559,0.14929173666286139,0.0,False,IndexKey,Level,0.09628846310103648
JavaStrings,Availability_Block_Game_by_level,0.12034941488949395,0.14929525459710868,0.0,False,IndexKey,Level,0.09627953191159516
Motrain,Game,0.12034909999303837,0.15208822089204516,0.0,False,GameElementResource,GameElementResource,0.0962792799944307
IK_GE_BlockGame,Availability_Block_Game_by_level,0.12027689966371222,0.14907600954485944,0.0,False,IndexKey,Level,0.09622151973096978
IK_GE_stash,Availability_Block_Game_by_level,0.12027689966371222,0.14907600954485944,0.0,False,IndexKey,Level,0.09622151973096978
JavaIf,Availability_Block_Game_by_level,0.1202529819954427,0.1493257037644099,0.0,False,IndexKey,Level,0.09620238559635416
volume,Availability_Block_Game_by_level,0.12021213306151195,0.14823395087813637,0.0,False,AnnotationProperty,Level,0.09616970644920957
taskJavaBasics,Availability_Block_Game_by_level,0.1201154012850294,0.14936935179380117,0.0,False,IndexKey,Level,0.09609232102802352
JavaForWhile,Availability_Block_Game_by_level,0.12009445758191648,0.14937601370030978,0.0,False,IndexKey,Level,0.09607556606553319
IK_GE_LevelUp,Availability_Block_Game_by_level,0.12007978501408698,0.1493806839411668,0.0,False,IndexKey,Level,0.09606382801126959
JavaSuper,Availability_Block_Game_by_level,0.12003169053072164,0.14966207958789113,0.0,False,IndexKey,Level,0.09602535242457733
JavaArrays,Availability_Block_Game_by_level,0.11992811975487117,0.14942910792863712,0.0,False,IndexKey,Level,0.09594249580389694
JavaMultiInheritance,Availability_Block_Game_by_level,0.1198386420762106,0.14972107674378649,0.0,False,IndexKey,Level,0.09587091366096849
_:b124,Availability_Block_Game_by_level,0.11976354660670249,0.14890241746313845,0.0,False,ClassAtom,Level,0.095810837285362
_:b215,Availability_Block_Game_by_level,0.11976354660670249,0.14890241746313845,0.0,False,ClassAtom,Level,0.095810837285362
_:b271,Availability_Block_Game_by_level,0.11976354660670249,0.14890241746313845,0.0,False,ClassAtom,Level,0.095810837285362
_:b115,Availability_Block_Game_by_level,0.11976354660670249,0.14890241746313845,0.0,False,ClassAtom,Level,0.095810837285362
_:b144,Availability_Block_Game_by_level,0.11976354660670249,0.14890241746313845,0.0,False,ClassAtom,Level,0.095810837285362
_:b226,Availability_Block_Game_by_level,0.11976354660670249,0.14890241746313845,0.0,False,ClassAtom,Level,0.095810837285362
_:b133,Availability_Block_Game_by_level,0.11976354660670249,0.14890241746313845,0.0,False,ClassAtom,Level,0.095810837285362
_:b206,Availability_Block_Game_by_level,0.11976354064623802,0.14890240440638175,0.0,False,ClassAtom,Level,0.09581083251699042
_:b252,Availability_Block_Game_by_level,0.11976354064623802,0.14890240440638175,0.0,False,ClassAtom,Level,0.09581083251699042
JavaStaticFunctions,Availability_Block_Game_by_level,0.11973901591689895,0.14948989576530983,0.0,False,IndexKey,Level,0.09579121273351916
JavaParentClass,Availability_Block_Game_by_level,0.11973584192691171,0.1494909191462511,0.0,False,IndexKey,Level,0.09578867354152937
_:b193,Availability_Block_Game_by_level,0.11971244252731758,0.14892350321471415,0.0,False,ClassAtom,Level,0.09576995402185406
_:b218,Availability_Block_Game_by_level,0.1196968663812518,0.14892995439040188,0.0,False,ClassAtom,Level,0.09575749310500145
_:b136,Availability_Block_Game_by_level,0.1196968663812518,0.14892995439040188,0.0,False,ClassAtom,Level,0.09575749310500145
_:b147,Availability_Block_Game_by_level,0.1196968663812518,0.14892995439040188,0.0,False,ClassAtom,Level,0.09575749310500145
_:b229,Availability_Block_Game_by_level,0.1196968663812518,0.14892995439040188,0.0,False,ClassAtom,Level,0.09575749310500145
_:b182,Availability_Block_Game_by_level,0.11969686042078734,0.14892994133272353,0.0,False,ClassAtom,Level,0.09575748833662988
_:b153,Availability_Block_Game_by_level,0.11969686042078734,0.14892994133272353,0.0,False,ClassAtom,Level,0.09575748833662988
_:b171,Availability_Block_Game_by_level,0.11969686042078734,0.14892994133272353,0.0,False,ClassAtom,Level,0.09575748833662988
_:b160,Availability_Block_Game_by_level,0.11969686042078734,0.14892994133272353,0.0,False,ClassAtom,Level,0.09575748833662988
_:b90,Availability_Block_Game_by_level,0.11969686042078734,0.14892994133272353,0.0,False,ClassAtom,Level,0.09575748833662988
_:b198,Availability_Block_Game_by_level,0.11965701965410162,0.14907628441473475,0.0,False,DatavaluedPropertyAtom,Level,0.09572561572328131
_:b176,Availability_Block_Game_by_level,0.11961934193391824,0.14909128735728713,0.0,False,DatavaluedPropertyAtom,Level,0.09569547354713459
_:b187,Availability_Block_Game_by_level,0.11961934193391824,0.14909128735728713,0.0,False,DatavaluedPropertyAtom,Level,0.09569547354713459
_:b165,Availability_Block_Game_by_level,0.11961934193391824,0.14909128735728713,0.0,False,DatavaluedPropertyAtom,Level,0.09569547354713459
_:b8,Tiny_stash,0.10919017612741835,0.16840488581538773,0.0415518252487452,False,Class,Reward,0.09566250595168373
RFK_L8_R4,Tiny_stash,0.1091547607010872,0.177760636342068,0.0415518252487452,False,ReferenceKey,Reward,0.09563417361061881
RFK_L5_R5,Tiny_stash,0.1091547607010872,0.177760636342068,0.0415518252487452,False,ReferenceKey,Reward,0.09563417361061881
RFK_L7_R1,Tiny_stash,0.1091547607010872,0.177760636342068,0.0415518252487452,False,ReferenceKey,Reward,0.09563417361061881
RFK_L8_R3,Tiny_stash,0.1091547607010872,0.177760636342068,0.0415518252487452,False,ReferenceKey,Reward,0.09563417361061881
RFK_L8_R1,Tiny_stash,0.1091547607010872,0.177760636342068,0.0415518252487452,False,ReferenceKey,Reward,0.09563417361061881
RFK_L5_R1,Tiny_stash,0.1091547607010872,0.177760636342068,0.0415518252487452,False,ReferenceKey,Reward,0.09563417361061881
RFK_L1_R7,Tiny_stash,0.1091547607010872,0.177760636342068,0.0415518252487452,False,ReferenceKey,Reward,0.09563417361061881
RFK_L6_R4,Tiny_stash,0.1091547607010872,0.177760636342068,0.0415518252487452,False,ReferenceKey,Reward,0.09563417361061881
RFK_L8_R2,Tiny_stash,0.1091547607010872,0.177760636342068,0.0415518252487452,False,ReferenceKey,Reward,0.09563417361061881
RFK_L7_R3,Tiny_stash,0.1091547607010872,0.177760636342068,0.0415518252487452,False,ReferenceKey,Reward,0.09563417361061881
RFK_L7_R2,Tiny_stash,0.1091547607010872,0.177760636342068,0.0415518252487452,False,ReferenceKey,Reward,0.09563417361061881
RFK_L5_R2,Tiny_stash,0.1091547607010872,0.177760636342068,0.0415518252487452,False,ReferenceKey,Reward,0.09563417361061881
RFK_L6_R2,Tiny_stash,0.1091547607010872,0.177760636342068,0.0415518252487452,False,ReferenceKey,Reward,0.09563417361061881
RFK_L7_R4,Tiny_stash,0.1091547607010872,0.177760636342068,0.0415518252487452,False,ReferenceKey,Reward,0.09563417361061881
RFK_L9_R3,Tiny_stash,0.1091547607010872,0.177760636342068,0.0415518252487452,False,ReferenceKey,Reward,0.09563417361061881
RFK_L6_R3,Tiny_stash,0.1091547607010872,0.177760636342068,0.0415518252487452,False,ReferenceKey,Reward,0.09563417361061881
RFK_L9_R1,Tiny_stash,0.1091547607010872,0.177760636342068,0.0415518252487452,False,ReferenceKey,Reward,0.09563417361061881
RFK_L6_R1,Tiny_stash,0.1091547607010872,0.177760636342068,0.0415518252487452,False,ReferenceKey,Reward,0.09563417361061881
RFK_L5_R4,Tiny_stash,0.1091547607010872,0.177760636342068,0.0415518252487452,False,ReferenceKey,Reward,0.09563417361061881
RFK_L5_R3,Tiny_stash,0.1091547607010872,0.177760636342068,0.0415518252487452,False,ReferenceKey,Reward,0.09563417361061881
RFK_L9_R2,Tiny_stash,0.1091547607010872,0.177760636342068,0.0415518252487452,False,ReferenceKey,Reward,0.09563417361061881
Lecturing,Block_Game,0.11941931836611766,0.14947400317748505,0.0,False,NamedIndividual,GameElementResource,0.09553545469289414
_:b234,Availability_Block_Game_by_level,0.11891043133532045,0.14934936287829195,0.0,False,ClassAtom,Level,0.09512834506825636
_:b233,Availability_Block_Game_by_level,0.11891043133532045,0.14934936287829195,0.0,False,ClassAtom,Level,0.09512834506825636
_:b239,Availability_Block_Game_by_level,0.11891043133532045,0.14934936287829195,0.0,False,ClassAtom,Level,0.09512834506825636
_:b238,Availability_Block_Game_by_level,0.11891043133532045,0.14934936287829195,0.0,False,ClassAtom,Level,0.09512834506825636
_:b202,Availability_Block_Game_by_level,0.11887395892963407,0.14936423374158972,0.0,False,ClassAtom,Level,0.09509916714370725
_:b88,Availability_Block_Game_by_level,0.11887395892963407,0.14936423374158972,0.0,False,ClassAtom,Level,0.09509916714370725
_:b244,Availability_Block_Game_by_level,0.11887395892963407,0.14936423374158972,0.0,False,ClassAtom,Level,0.09509916714370725
_:b140,Availability_Block_Game_by_level,0.11887395892963407,0.14936423374158972,0.0,False,ClassAtom,Level,0.09509916714370725
_:b285,Availability_Block_Game_by_level,0.11887395892963407,0.14936423374158972,0.0,False,ClassAtom,Level,0.09509916714370725
_:b154,Availability_Block_Game_by_level,0.11887395892963407,0.14936423374158972,0.0,False,ClassAtom,Level,0.09509916714370725
_:b73,Availability_Block_Game_by_level,0.11887395892963407,0.14936423374158972,0.0,False,ClassAtom,Level,0.09509916714370725
_:b222,Availability_Block_Game_by_level,0.11887395892963407,0.14936423374158972,0.0,False,ClassAtom,Level,0.09509916714370725
_:b243,Availability_Block_Game_by_level,0.11887395892963407,0.14936423374158972,0.0,False,ClassAtom,Level,0.09509916714370725
_:b129,Availability_Block_Game_by_level,0.11887395892963407,0.14936423374158972,0.0,False,ClassAtom,Level,0.09509916714370725
_:b211,Availability_Block_Game_by_level,0.11887395892963407,0.14936423374158972,0.0,False,ClassAtom,Level,0.09509916714370725
_:b84,Availability_Block_Game_by_level,0.11887395892963407,0.14936423374158972,0.0,False,ClassAtom,Level,0.09509916714370725
_:b248,Availability_Block_Game_by_level,0.11887395296916958,0.14936422068082708,0.0,False,ClassAtom,Level,0.09509916237533567
_:b267,Availability_Block_Game_by_level,0.11887395296916958,0.14936422068082708,0.0,False,ClassAtom,Level,0.09509916237533567
_:b66,Availability_Block_Game_by_level,0.11887395296916958,0.14936422068082708,0.0,False,ClassAtom,Level,0.09509916237533567
_:b120,Availability_Block_Game_by_level,0.11887395296916958,0.14936422068082708,0.0,False,ClassAtom,Level,0.09509916237533567
_:b278,Availability_Block_Game_by_level,0.11887395296916958,0.14936422068082708,0.0,False,ClassAtom,Level,0.09509916237533567
_:b111,Availability_Block_Game_by_level,0.11887395296916958,0.14936422068082708,0.0,False,ClassAtom,Level,0.09509916237533567
_:b77,Availability_Block_Game_by_level,0.11887395296916958,0.14936422068082708,0.0,False,ClassAtom,Level,0.09509916237533567
_:b48,Tiny_stash,0.10832781104055558,0.17333807279989394,0.0415518252487452,False,Class,Reward,0.09497261388219351
_:b102,Availability_Block_Game_by_level,0.11865256767060843,0.14945663339619378,0.0,False,DatavaluedPropertyAtom,Level,0.09492205413648674
_:b100,Availability_Block_Game_by_level,0.11865182781255305,0.14945700426594866,0.0,False,DatavaluedPropertyAtom,Level,0.09492146225004244
_:b273,Availability_Block_Game_by_level,0.1186364071040376,0.14946475094545472,0.0,False,DatavaluedPropertyAtom,Level,0.09490912568323008
total number of learners enrolled to the course throughout the years,BLockGame,0.08614282182289369,0.1617684218395463,0.12935257077791257,False,unknown,Badge,0.09478477161389748
rating of course from 0 to 5.,BLockGame,0.08614282182289369,0.1617684218395463,0.12935257077791257,False,unknown,Badge,0.09478477161389748
Whether it is flexible or has certain deadlines,BLockGame,0.08614282182289369,0.1617684218395463,0.12935257077791257,False,unknown,Badge,0.09478477161389748
language for the transcript of the course's resources,BLockGame,0.08614282182289369,0.1617684218395463,0.12935257077791257,False,unknown,Badge,0.09478477161389748
Number of hours for completing the course,BLockGame,0.08614282182289369,0.1617684218395463,0.12935257077791257,False,unknown,Badge,0.09478477161389748
the original language inwhich the course is created with,BLockGame,0.08614282182289369,0.1617684218395463,0.12935257077791257,False,unknown,Badge,0.09478477161389748
_:b103,Availability_Block_Game_by_level,0.11796847553405851,0.15022607212878908,0.0,False,AtomList,Level,0.09437478042724681
_:b101,Availability_Block_Game_by_level,0.11796762009933877,0.15022640525625458,0.0,False,AtomList,Level,0.09437409607947102
_:b259,Availability_Block_Game_by_level,0.1179656300347196,0.1502272316850916,0.0,False,AtomList,Level,0.0943725040277757
_:b99,Availability_Block_Game_by_level,0.11796562407425512,0.15022721865431057,0.0,False,AtomList,Level,0.09437249925940411
_:b257,Availability_Block_Game_by_level,0.11796093306563497,0.15022913041387184,0.0,False,AtomList,Level,0.09436874645250798
_:b97,Availability_Block_Game_by_level,0.11796093306563497,0.15022913041387184,0.0,False,AtomList,Level,0.09436874645250798
_:b95,Availability_Block_Game_by_level,0.11794991399035018,0.15023363728171815,0.0,False,AtomList,Level,0.09435993119228014
_:b255,Availability_Block_Game_by_level,0.11794991399035018,0.15023363728171815,0.0,False,AtomList,Level,0.09435993119228014
Error3,Tiny_stash,0.10728088892485688,0.16377532882301898,0.0415518252487452,False,Class,Reward,0.09413507618963454
_:b11,Tiny_stash,0.10728088892485688,0.16377532882301898,0.0415518252487452,False,Class,Reward,0.09413507618963454
_:b2,Tiny_stash,0.10728062876947445,0.16948965975182642,0.0415518252487452,False,Class,Reward,0.0941348680653286
_:b12,Tiny_stash,0.10728061684854548,0.16948963324350572,0.0415518252487452,False,Class,Reward,0.09413485852858543
Total number of downloads done for this game elemnent,BLockGame,0.08501329949546994,0.1609267408507255,0.12935257077791257,False,unknown,Badge,0.09388115375195848
the number of weeks since the latest release of the game element version,BLockGame,0.08501329949546994,0.1609267408507255,0.12935257077791257,False,unknown,Badge,0.09388115375195848
the title of the game element,BLockGame,0.08501329949546994,0.1609267408507255,0.12935257077791257,False,unknown,Badge,0.09388115375195848
the latest version released for this game element,BLockGame,0.08501329949546994,0.1609267408507255,0.12935257077791257,False,unknown,Badge,0.09388115375195848
The duration in minutes of a single resource,BLockGame,0.08501329949546994,0.1609267408507255,0.12935257077791257,False,unknown,Badge,0.09388115375195848
integrated this game element,BLockGame,0.08501329949546994,0.1609267408507255,0.12935257077791257,False,unknown,Badge,0.09388115375195848
"The course is targeted for audience who have payment preference of either ""free of charge"" or ""with charge""",BLockGame,0.08501329949546994,0.1609267408507255,0.12935257077791257,False,unknown,Badge,0.09388115375195848
brief description of the game element purpose,BLockGame,0.08501329949546994,0.1609267408507255,0.12935257077791257,False,unknown,Badge,0.09388115375195848
Total number of likes granted for this game element,BLockGame,0.08501329949546994,0.1609267408507255,0.12935257077791257,False,unknown,Badge,0.09388115375195848
"The targeted audience of a targeted course has targeted educational level to be beginner, intermefdiate, or advanced",BLockGame,0.08501329949546994,0.1609267408507255,0.12935257077791257,False,unknown,Badge,0.09388115375195848
"the teacher defines the purpose of the resource as either for ""lecturing"" or for ""assessment""",BLockGame,0.08501329353500546,0.16092672757040236,0.12935257077791257,False,unknown,Badge,0.09388114898358689
CollectedDocument,BLockGame,0.0849607939971664,0.16078223023365848,0.12935257077791257,False,unknown,Badge,0.09383914935331564
_:b253,Availability_Block_Game_by_level,0.11725734236984468,0.15057251389205292,0.0,False,AtomList,Level,0.09380587389587575
_:b272,Availability_Block_Game_by_level,0.11725734236984468,0.15057251389205292,0.0,False,AtomList,Level,0.09380587389587575
_:b93,Availability_Block_Game_by_level,0.11725734236984468,0.15057251389205292,0.0,False,AtomList,Level,0.09380587389587575
VCard,BLockGame,0.08490116285600255,0.16059403868420666,0.12935257077791257,False,unknown,Badge,0.09379144444038456
Exploration,BLockGame,0.08489278627938894,0.1604405613947332,0.12935257077791257,False,NamedIndividual,Badge,0.09378474317909367
_:b36,Tiny_stash,0.10683370338361245,0.16978496944502422,0.0415518252487452,False,Class,Reward,0.09377732775663901
_:b42,Tiny_stash,0.10682365428809197,0.16978981748306157,0.0415518252487452,False,Class,Reward,0.09376928848022262
_:b194,Availability_Block_Game_by_level,0.11721073428944997,0.15059123348241493,0.0,False,AtomList,Level,0.09376858743155998
_:b132,Availability_Block_Game_by_level,0.11719652150419516,0.1505969455079451,0.0,False,AtomList,Level,0.09375721720335613
_:b251,Availability_Block_Game_by_level,0.11719652150419516,0.1505969455079451,0.0,False,AtomList,Level,0.09375721720335613
_:b114,Availability_Block_Game_by_level,0.11719652150419516,0.1505969455079451,0.0,False,AtomList,Level,0.09375721720335613
_:b69,Availability_Block_Game_by_level,0.11719652150419516,0.1505969455079451,0.0,False,AtomList,Level,0.09375721720335613
_:b281,Availability_Block_Game_by_level,0.11719652150419516,0.1505969455079451,0.0,False,AtomList,Level,0.09375721720335613
_:b161,Availability_Block_Game_by_level,0.11719652150419516,0.1505969455079451,0.0,False,AtomList,Level,0.09375721720335613
_:b172,Availability_Block_Game_by_level,0.11719652150419516,0.1505969455079451,0.0,False,AtomList,Level,0.09375721720335613
_:b225,Availability_Block_Game_by_level,0.11719652150419516,0.1505969455079451,0.0,False,AtomList,Level,0.09375721720335613
_:b270,Availability_Block_Game_by_level,0.11719652150419516,0.1505969455079451,0.0,False,AtomList,Level,0.09375721720335613
_:b123,Availability_Block_Game_by_level,0.11719652150419516,0.1505969455079451,0.0,False,AtomList,Level,0.09375721720335613
_:b80,Availability_Block_Game_by_level,0.11719652150419516,0.1505969455079451,0.0,False,AtomList,Level,0.09375721720335613
_:b91,Availability_Block_Game_by_level,0.11719652150419516,0.1505969455079451,0.0,False,AtomList,Level,0.09375721720335613
_:b143,Availability_Block_Game_by_level,0.11719652150419516,0.1505969455079451,0.0,False,AtomList,Level,0.09375721720335613
_:b183,Availability_Block_Game_by_level,0.11719652150419516,0.1505969455079451,0.0,False,AtomList,Level,0.09375721720335613
_:b205,Availability_Block_Game_by_level,0.11719652150419516,0.1505969455079451,0.0,False,AtomList,Level,0.09375721720335613
_:b214,Availability_Block_Game_by_level,0.11719652150419516,0.1505969455079451,0.0,False,AtomList,Level,0.09375721720335613
ScorePointsLeaderboard,Tiny_stash,0.10680508277760126,0.16979878766419296,0.0415518252487452,False,Class,Reward,0.09375443127183004
SocialPoints,Tiny_stash,0.10679002688761614,0.16980602059635852,0.0415518252487452,False,Class,Reward,0.09374238655984196
ScorePoints,Tiny_stash,0.10679002688761614,0.16980602059635852,0.0415518252487452,False,Class,Reward,0.09374238655984196
ExperiencePointsLeaderboard,Availability_Block_Game_by_level,0.11714482185246791,0.1507071487086806,0.0,False,Class,Level,0.09371585748197434
locator,Game,0.11704471831091048,0.15010592320565028,0.0,False,AnnotationProperty,GameElementResource,0.0936357746487284
Identify the more expert teacher between two teachers,BLockGame,0.08433818133272925,0.16118935035221355,0.12935257077791257,False,unknown,Badge,0.09334105922176592
linking bonus resources with teaaccher exploration objective,BLockGame,0.08433818133272925,0.16118935035221355,0.12935257077791257,False,unknown,Badge,0.09334105922176592
Linking leaderboard to resources with objective competition,BLockGame,0.08433818133272925,0.16118935035221355,0.12935257077791257,False,unknown,Badge,0.09334105922176592
game elements relevant to behavioural objectives,BLockGame,0.08433818133272925,0.16118935035221355,0.12935257077791257,False,unknown,Badge,0.09334105922176592
link exxperience level with number: expert=2,BLockGame,0.08433818133272925,0.16118935035221355,0.12935257077791257,False,unknown,Badge,0.09334105922176592
link exxperience level with number: expert=4,BLockGame,0.08433818133272925,0.16118935035221355,0.12935257077791257,False,unknown,Badge,0.09334105922176592
link exxperience level with number: expert=6,BLockGame,0.08433818133272925,0.16118935035221355,0.12935257077791257,False,unknown,Badge,0.09334105922176592
subclass to class,BLockGame,0.08433818133272925,0.16118935035221355,0.12935257077791257,False,unknown,Badge,0.09334105922176592
gamified resource contains one or more game elements,BLockGame,0.08433818133272925,0.16118935035221355,0.12935257077791257,False,unknown,Badge,0.09334105922176592
_:b24,Tiny_stash,0.10624645721068418,0.17016196544985523,0.0415518252487452,False,Class,Reward,0.09330753081829639
Gamified resource that contains bonus leaderboard game element must contain bonus points game element,BLockGame,0.08428564484637426,0.16104480094298373,0.12935257077791257,False,unknown,Badge,0.09329903003268192
Gamified resource that contains social leaderboard game element must contain social points game element,BLockGame,0.08428564484637426,0.16104480094298373,0.12935257077791257,False,unknown,Badge,0.09329903003268192
Gamified resource that contains score leaderboard game element must contain score points game element,BLockGame,0.08428564484637426,0.16104480094298373,0.12935257077791257,False,unknown,Badge,0.09329903003268192
Gamified resource that contains experience leaderboard game element must contain experience points game element,BLockGame,0.08428564484637426,0.16104480094298373,0.12935257077791257,False,unknown,Badge,0.09329903003268192
"the url of the game elment where it can be downloaded. In addition, this url contains information of the game elemnt.",BLockGame,0.08424971702417271,0.16093719080250374,0.12935257077791257,False,unknown,Badge,0.09327028777492069
anyURI,BLockGame,0.08424971702417271,0.16093719080250374,0.12935257077791257,False,unknown,Badge,0.09327028777492069
_:b30,Tiny_stash,0.10619069597902278,0.17018851473790503,0.0415518252487452,False,Class,Reward,0.09326292183296726
ExperiencePoints,Availability_Block_Game_by_level,0.11645357367596951,0.15105093243629517,0.0,False,Class,Level,0.09316285894077561
_:b116,Availability_Block_Game_by_level,0.1164367180323334,0.15032807875213042,0.0,False,DatavaluedPropertyAtom,Level,0.09314937442586672
_:b125,Availability_Block_Game_by_level,0.1164367180323334,0.15032807875213042,0.0,False,DatavaluedPropertyAtom,Level,0.09314937442586672
_:b192,Availability_Block_Game_by_level,0.11642061363371885,0.1509821521044079,0.0,False,AtomList,Level,0.09313649090697508
_:b279,Availability_Block_Game_by_level,0.11638734743672748,0.1509953447154696,0.0,False,AtomList,Level,0.09310987794938198
_:b212,Availability_Block_Game_by_level,0.11638734743672748,0.1509953447154696,0.0,False,AtomList,Level,0.09310987794938198
_:b67,Availability_Block_Game_by_level,0.11638734743672748,0.1509953447154696,0.0,False,AtomList,Level,0.09310987794938198
_:b78,Availability_Block_Game_by_level,0.11638734743672748,0.1509953447154696,0.0,False,AtomList,Level,0.09310987794938198
_:b181,Availability_Block_Game_by_level,0.11638734743672748,0.1509953447154696,0.0,False,AtomList,Level,0.09310987794938198
_:b89,Availability_Block_Game_by_level,0.11638734743672748,0.1509953447154696,0.0,False,AtomList,Level,0.09310987794938198
_:b141,Availability_Block_Game_by_level,0.11638734743672748,0.1509953447154696,0.0,False,AtomList,Level,0.09310987794938198
_:b203,Availability_Block_Game_by_level,0.11638734743672748,0.1509953447154696,0.0,False,AtomList,Level,0.09310987794938198
_:b112,Availability_Block_Game_by_level,0.11638734743672748,0.1509953447154696,0.0,False,AtomList,Level,0.09310987794938198
_:b170,Availability_Block_Game_by_level,0.11638734743672748,0.1509953447154696,0.0,False,AtomList,Level,0.09310987794938198
_:b121,Availability_Block_Game_by_level,0.11638734743672748,0.1509953447154696,0.0,False,AtomList,Level,0.09310987794938198
_:b268,Availability_Block_Game_by_level,0.11638734743672748,0.1509953447154696,0.0,False,AtomList,Level,0.09310987794938198
_:b223,Availability_Block_Game_by_level,0.11638734743672748,0.1509953447154696,0.0,False,AtomList,Level,0.09310987794938198
_:b249,Availability_Block_Game_by_level,0.11638734743672748,0.1509953447154696,0.0,False,AtomList,Level,0.09310987794938198
_:b130,Availability_Block_Game_by_level,0.11638734743672748,0.1509953447154696,0.0,False,AtomList,Level,0.09310987794938198
_:b159,Availability_Block_Game_by_level,0.11638734743672748,0.1509953447154696,0.0,False,AtomList,Level,0.09310987794938198
_:b152,Availability_Block_Game_by_level,0.11638734147626299,0.15099533167309728,0.0,False,AtomList,Level,0.0931098731810104
_:b228,Availability_Block_Game_by_level,0.11638734147626299,0.15099533167309728,0.0,False,AtomList,Level,0.0931098731810104
_:b135,Availability_Block_Game_by_level,0.11638734147626299,0.15099533167309728,0.0,False,AtomList,Level,0.0931098731810104
_:b217,Availability_Block_Game_by_level,0.11638734147626299,0.15099533167309728,0.0,False,AtomList,Level,0.0931098731810104
_:b146,Availability_Block_Game_by_level,0.11638734147626299,0.15099533167309728,0.0,False,AtomList,Level,0.0931098731810104
Performance,BLockGame,0.08379168126226438,0.16153791169359183,0.12935257077791257,False,NamedIndividual,Badge,0.09290385916539402
Novice,BLockGame,0.08379168126226438,0.16153791169359183,0.12935257077791257,False,NamedIndividual,Badge,0.09290385916539402
topDataProperty,BLockGame,0.0837219667952675,0.1610212955662392,0.12935257077791257,False,ObjectProperty,Badge,0.09284808759179652
TechnologicalKnowledge,Tiny_stash,0.10470017044219719,0.16317750376078557,0.0415518252487452,False,Class,Reward,0.0920705014035068
GamificationKnowledge,Tiny_stash,0.10470017044219719,0.16317750376078557,0.0415518252487452,False,Class,Reward,0.0920705014035068
COntentKnowledge,Tiny_stash,0.10470017044219719,0.16317750376078557,0.0415518252487452,False,Class,Reward,0.0920705014035068
hasPreLesson,BLockGame,0.08274135617962297,0.16210843119551047,0.12935257077791257,False,ReflexiveProperty,Badge,0.0920635990992809
_:b54,Availability_Block_Game_by_level,0.1149208161380364,0.15080537615954276,0.0,False,unknown,Level,0.09193665291042913
_:b20,Availability_Block_Game_by_level,0.1149208161380364,0.15080537615954276,0.0,False,unknown,Level,0.09193665291042913
_:b37,Availability_Block_Game_by_level,0.11474082603161051,0.1508879595797085,0.0,False,unknown,Level,0.09179266082528842
_:b43,Availability_Block_Game_by_level,0.1147247942430446,0.15089532943796913,0.0,False,unknown,Level,0.09177983539443568
_:b106,Availability_Block_Game_by_level,0.1147129008847256,0.15090081421158455,0.0,False,unknown,Level,0.09177032070778049
_:b105,Availability_Block_Game_by_level,0.11471283416885639,0.15090082901865423,0.0,False,unknown,Level,0.09177026733508512
_:b175,Availability_Block_Game_by_level,0.11470538247201378,0.15090427204289528,0.0,False,unknown,Level,0.09176430597761104
_:b186,Availability_Block_Game_by_level,0.11470538247201378,0.15090427204289528,0.0,False,unknown,Level,0.09176430597761104
_:b164,Availability_Block_Game_by_level,0.11470538247201378,0.15090427204289528,0.0,False,unknown,Level,0.09176430597761104
_:b185,Availability_Block_Game_by_level,0.11469516556672883,0.1509089558879901,0.0,False,unknown,Level,0.09175613245338307
_:b174,Availability_Block_Game_by_level,0.11469516556672883,0.1509089558879901,0.0,False,unknown,Level,0.09175613245338307
_:b163,Availability_Block_Game_by_level,0.11469516556672883,0.1509089558879901,0.0,False,unknown,Level,0.09175613245338307
Bonus,BLockGame,0.08231145002433901,0.16193602026288048,0.12935257077791257,False,NamedIndividual,Badge,0.09171967417505372
Exploration,Interactive_Content_–_H5P,0.11450451617975536,0.15118062675733754,0.0,False,NamedIndividual,GameElementResource,0.0916036129438043
hasPreResource,BLockGame,0.08191403907445667,0.16201764852488904,0.12935257077791257,False,ReflexiveProperty,Badge,0.09140174541514785
hasPedagogicalExperience,BLockGame,0.08188340382109126,0.16203475126457434,0.12935257077791257,False,ObjectProperty,Badge,0.09137723721245553
cites,BLockGame,0.08188306407461604,0.1620339920677858,0.12935257077791257,False,ObjectProperty,Badge,0.09137696541527535
_:b16,BLockGame,0.08187699228819614,0.16221434935059026,0.12935257077791257,False,Restriction,Badge,0.09137210798613943
_:b25,Availability_Block_Game_by_level,0.11420092448830002,0.15113995731316007,0.0,False,unknown,Level,0.09136073959064002
_:b22,Availability_Block_Game_by_level,0.11420092448830002,0.15113995731316007,0.0,False,unknown,Level,0.09136073959064002
wasAssociatedWith,BLockGame,0.08184751816823828,0.16192472824480655,0.12935257077791257,False,ObjectProperty,Badge,0.09134852869017314
editor,BLockGame,0.08184751816823828,0.16192472824480655,0.12935257077791257,False,ObjectProperty,Badge,0.09134852869017314
translator,BLockGame,0.08184751816823828,0.16192472824480655,0.12935257077791257,False,ObjectProperty,Badge,0.09134852869017314
issuer,BLockGame,0.08184751816823828,0.16192472824480655,0.12935257077791257,False,ObjectProperty,Badge,0.09134852869017314
distributor,BLockGame,0.08184751816823828,0.16192472824480655,0.12935257077791257,False,ObjectProperty,Badge,0.09134852869017314
edition,BLockGame,0.0817918858660065,0.16226349980734284,0.12935257077791257,False,AnnotationProperty,Badge,0.09130402284838772
editorList,BLockGame,0.0817918858660065,0.16226349980734284,0.12935257077791257,False,AnnotationProperty,Badge,0.09130402284838772
_:b31,Availability_Block_Game_by_level,0.11411190773508025,0.15118023189121335,0.0,False,unknown,Level,0.0912895261880642
familyName,BLockGame,0.08174021615512397,0.16211990047145738,0.12935257077791257,False,AnnotationProperty,Badge,0.0912626870796817
schoolHomepage,BLockGame,0.08174021615512397,0.16211990047145738,0.12935257077791257,False,AnnotationProperty,Badge,0.0912626870796817
hasSelf,BLockGame,0.08173985256679085,0.16211908802268676,0.12935257077791257,False,AnnotationProperty,Badge,0.0912623962090152
oneOf,BLockGame,0.08173985256679085,0.16211908802268676,0.12935257077791257,False,AnnotationProperty,Badge,0.0912623962090152
presentedAt,BLockGame,0.08173985256679085,0.16211908802268676,0.12935257077791257,False,AnnotationProperty,Badge,0.0912623962090152
shortDescription,BLockGame,0.08173985256679085,0.16211908802268676,0.12935257077791257,False,AnnotationProperty,Badge,0.0912623962090152
annotates,BLockGame,0.08173985256679085,0.16211908802268676,0.12935257077791257,False,AnnotationProperty,Badge,0.0912623962090152
plan,BLockGame,0.0817398406458619,0.16211906138502227,0.12935257077791257,False,AnnotationProperty,Badge,0.09126238667227204
workInfoHomepage,BLockGame,0.0817398406458619,0.16211906138502227,0.12935257077791257,False,AnnotationProperty,Badge,0.09126238667227204
pastProject,BLockGame,0.0817398406458619,0.16211906138502227,0.12935257077791257,False,AnnotationProperty,Badge,0.09126238667227204
Tiny_stash,Motrain,0.11407302609126554,0.17505523204148732,0.0,False,Reward,GameElementResource,0.09125842087301245
court,BLockGame,0.08170392275620429,0.16201058148439823,0.12935257077791257,False,AnnotationProperty,Badge,0.09123365236054595
icqChatID,BLockGame,0.0817037379818055,0.16201016860084883,0.12935257077791257,False,AnnotationProperty,Badge,0.09123350454102691
weblog,BLockGame,0.0817037379818055,0.16201016860084883,0.12935257077791257,False,AnnotationProperty,Badge,0.09123350454102691
family_name,BLockGame,0.0817037379818055,0.16201016860084883,0.12935257077791257,False,AnnotationProperty,Badge,0.09123350454102691
msnChatID,BLockGame,0.0817037379818055,0.16201016860084883,0.12935257077791257,False,AnnotationProperty,Badge,0.09123350454102691
publications,BLockGame,0.0817037379818055,0.16201016860084883,0.12935257077791257,False,AnnotationProperty,Badge,0.09123350454102691
made,BLockGame,0.0817037379818055,0.16201016860084883,0.12935257077791257,False,AnnotationProperty,Badge,0.09123350454102691
firstName,BLockGame,0.0817037379818055,0.16201016860084883,0.12935257077791257,False,AnnotationProperty,Badge,0.09123350454102691
skypeID,BLockGame,0.0817037379818055,0.16201016860084883,0.12935257077791257,False,AnnotationProperty,Badge,0.09123350454102691
geekcode,BLockGame,0.0817037379818055,0.16201016860084883,0.12935257077791257,False,AnnotationProperty,Badge,0.09123350454102691
lastName,BLockGame,0.0817037379818055,0.16201016860084883,0.12935257077791257,False,AnnotationProperty,Badge,0.09123350454102691
openid,BLockGame,0.0817037379818055,0.16201016860084883,0.12935257077791257,False,AnnotationProperty,Badge,0.09123350454102691
Sofia,Block_Game,0.11343839588697076,0.1514429463536163,0.0,False,Learner,GameElementResource,0.09075071670957661
Tom,Quizventure,0.11343839588697076,0.1514429463536163,0.0,False,Learner,GameElementResource,0.09075071670957661
has_Place,BLockGame,0.08094200578089383,0.16240527457480933,0.12935257077791257,False,unknown,Badge,0.09062411878029758
_:b34,Availability_Block_Game_by_level,0.11306339857395056,0.15171654208484317,0.0,False,unknown,Level,0.09045071885916045
_:b40,Availability_Block_Game_by_level,0.11304958767931172,0.15172258252185078,0.0,False,unknown,Level,0.09043967014344939
hasEducationalTopic,BLockGame,0.08070955847032782,0.16227246238794335,0.12935257077791257,False,FunctionalProperty,Badge,0.09043816093184477
_:b46,Availability_Block_Game_by_level,0.11304371758106013,0.15172515043893867,0.0,False,unknown,Level,0.09043497406484811
_:b51,Availability_Block_Game_by_level,0.11304122176884095,0.15172624234526694,0.0,False,unknown,Level,0.09043297741507277
_:b26,Availability_Block_Game_by_level,0.1129563038482327,0.1518301657815583,0.0,False,unknown,Level,0.09036504307858617
topDataProperty,Block_Game,0.11293030369800809,0.1517658089802763,0.0,False,ObjectProperty,GameElementResource,0.09034424295840648
_:b32,Availability_Block_Game_by_level,0.11287831719975971,0.1518633891801809,0.0,False,unknown,Level,0.09030265375980778
Advanced,BLockGame,0.08051081953607939,0.163242621756952,0.12935257077791257,False,unknown,Badge,0.09027916978444603
Motivation,BLockGame,0.08051076780864967,0.16324265132384788,0.12935257077791257,False,unknown,Badge,0.09027912840250225
_:b38,Availability_Block_Game_by_level,0.11284522589551557,0.1518774879018162,0.0,False,unknown,Level,0.09027618071641247
_:b44,Availability_Block_Game_by_level,0.11283117022065894,0.1518834861254136,0.0,False,unknown,Level,0.09026493617652716
_:b49,Availability_Block_Game_by_level,0.11282520197407528,0.1518860492977621,0.0,False,unknown,Level,0.09026016157926023
Representes the numeric value equivaent to the teache's gamification experience level,BLockGame,0.0804180648694369,0.1627827265153566,0.12935257077791257,False,unknown,Badge,0.09020496605113204
unsignedInt,BLockGame,0.0804180648694369,0.1627827265153566,0.12935257077791257,False,unknown,Badge,0.09020496605113204
greaterThan,BLockGame,0.08040154411040583,0.16296990185376162,0.12935257077791257,False,unknown,Badge,0.09019174944390718
"index key for the resource ""Java FX""",BLockGame,0.08028604939853808,0.1643532795366595,0.12935257077791257,False,unknown,Badge,0.09009935367441298
_:b53,Availability_Block_Game_by_level,0.11253796491777057,0.1520090737479556,0.0,False,unknown,Level,0.09003037193421647
_:b19,Availability_Block_Game_by_level,0.11253796491777057,0.1520090737479556,0.0,False,unknown,Level,0.09003037193421647
"ressource bonus pour la leçon 7 ""Event Handler and Listener""",BLockGame,0.0801920695211539,0.16441146651296476,0.12935257077791257,False,unknown,Badge,0.09002416977250564
bonus resource for lesson 7 Event Handler and Listener,BLockGame,0.0801920695211539,0.16441146651296476,0.12935257077791257,False,unknown,Badge,0.09002416977250564
_:b28,Availability_Block_Game_by_level,0.11242924104976763,0.1520558422107475,0.0,False,unknown,Level,0.08994339283981412
_:b21,Availability_Block_Game_by_level,0.11241156483102195,0.1520634534543939,0.0,False,unknown,Level,0.08992925186481757
_:b23,Availability_Block_Game_by_level,0.11241156483102195,0.1520634534543939,0.0,False,unknown,Level,0.08992925186481757
Slide,BLockGame,0.07997496868420725,0.16323027136147994,0.12935257077791257,False,Class,Badge,0.08985048910294832
Map,BLockGame,0.07992094118417808,0.16308804338149083,0.12935257077791257,False,Class,Badge,0.08980726710292498
LegalDecision,BLockGame,0.0799209352237136,0.16308803005859995,0.12935257077791257,False,Class,Badge,0.0898072623345534
EditedBook,BLockGame,0.07992052991212914,0.1630871241020219,0.12935257077791257,False,Class,Badge,0.08980693808528584
Thesis,BLockGame,0.07992052991212914,0.1630871241020219,0.12935257077791257,False,Class,Badge,0.08980693808528584
ProgressBar,BLockGame,0.07992021400751183,0.16308641798880932,0.12935257077791257,False,Class,Badge,0.08980668536159198
Level,BLockGame,0.07992021400751183,0.16308641798880932,0.12935257077791257,False,Class,Badge,0.08980668536159198
Feedback,BLockGame,0.07992021400751183,0.16308641798880932,0.12935257077791257,False,Class,Badge,0.08980668536159198
Achievement,BLockGame,0.07992021400751183,0.16308641798880932,0.12935257077791257,False,Class,Badge,0.08980668536159198
Hint,BLockGame,0.07992021400751183,0.16308641798880932,0.12935257077791257,False,Class,Badge,0.08980668536159198
Timer,BLockGame,0.07992021400751183,0.16308641798880932,0.12935257077791257,False,Class,Badge,0.08980668536159198
Story,BLockGame,0.07992021400751183,0.16308641798880932,0.12935257077791257,False,Class,Badge,0.08980668536159198
Badge,BLockGame,0.07992021400751183,0.16308641798880932,0.12935257077791257,False,Class,Badge,0.08980668536159198
Reward,BLockGame,0.07992021400751183,0.16308641798880932,0.12935257077791257,False,Class,Badge,0.08980668536159198
Challenge,BLockGame,0.07992021400751183,0.16308641798880932,0.12935257077791257,False,Class,Badge,0.08980668536159198
PedagogicalObjective,BLockGame,0.07988289905082184,0.16298148083925001,0.12935257077791257,False,Class,Badge,0.08977683339623999
Manuscript,BLockGame,0.07988289905082184,0.16298148083925001,0.12935257077791257,False,Class,Badge,0.08977683339623999
AcademicArticle,BLockGame,0.07988289905082184,0.16298148083925001,0.12935257077791257,False,Class,Badge,0.08977683339623999
PedagogicalExperience,BLockGame,0.07988286328803498,0.16298140090190197,0.12935257077791257,False,Class,Badge,0.08977680478601051
PedagogicalKnowledge,BLockGame,0.0798570813123432,0.16290217694601333,0.12935257077791257,False,Class,Badge,0.08975617920545709
objectives the teacher can choose from for each resource to prompt a desired learners’ behaviours when learners interact with that resource.,BLockGame,0.07982945091904392,0.16308500062909004,0.12935257077791257,False,unknown,Badge,0.08973407489081765
DataTypes,Availability_Block_Game_by_level,0.11209213625021867,0.15233849168528368,0.0,False,IndexKey,Level,0.08967370900017495
"has priority to either essential or bonus to be accessed by the learner.
This priority is decided by the teacher for the resource.",BLockGame,0.07972585145354087,0.16332479600741634,0.12935257077791257,False,unknown,Badge,0.08965119531841521
hasTarget,BLockGame,0.07963767571785317,0.1634144444656125,0.12935257077791257,False,unknown,Badge,0.08958065472986505
isPrimaryTopicOf,BLockGame,0.07963767571785317,0.1634144444656125,0.12935257077791257,False,unknown,Badge,0.08958065472986505
interest,BLockGame,0.07963767571785317,0.1634144444656125,0.12935257077791257,False,unknown,Badge,0.08958065472986505
space_of,BLockGame,0.07958258151703243,0.16327195131571748,0.12935257077791257,False,unknown,Badge,0.08953657936920846
has_EndDate,BLockGame,0.07958247422867183,0.1632717114971258,0.12935257077791257,False,unknown,Badge,0.08953649353851999
Annotation,BLockGame,0.07958247422867183,0.1632717114971258,0.12935257077791257,False,unknown,Badge,0.08953649353851999
Chat,BLockGame,0.07958247422867183,0.1632717114971258,0.12935257077791257,False,unknown,Badge,0.08953649353851999
img,BLockGame,0.07958247422867183,0.1632717114971258,0.12935257077791257,False,unknown,Badge,0.08953649353851999
lives_in,BLockGame,0.07958246230774288,0.16327168485061563,0.12935257077791257,False,unknown,Badge,0.08953648400177683
has_question,BLockGame,0.07954336874693405,0.16316489950221155,0.12935257077791257,False,unknown,Badge,0.08950520915312976
has_type,BLockGame,0.07954336874693405,0.16316489950221155,0.12935257077791257,False,unknown,Badge,0.08950520915312976
teaches,BLockGame,0.07954318397253525,0.1631644864812553,0.12935257077791257,False,unknown,Badge,0.08950506133361072
has_user_account,BLockGame,0.07954318397253525,0.1631644864812553,0.12935257077791257,False,unknown,Badge,0.08950506133361072
view_resource,BLockGame,0.07954318397253525,0.1631644864812553,0.12935257077791257,False,unknown,Badge,0.08950506133361072
member,BLockGame,0.07954318397253525,0.1631644864812553,0.12935257077791257,False,unknown,Badge,0.08950506133361072
Bonus,Block_Game,0.11186381705697716,0.15245519593164783,0.0,False,NamedIndividual,GameElementResource,0.08949105364558174
thumbnail,BLockGame,0.07951758176645324,0.16308779981389815,0.12935257077791257,False,unknown,Badge,0.08948457956874512
bonus resource for lesson 8 Exception Handling,BLockGame,0.07951263995088578,0.16478141755573383,0.12935257077791257,False,unknown,Badge,0.08948062611629115
ressource bonus pour la leçon 8 Gestion des exceptions,BLockGame,0.07951263995088578,0.16478141755573383,0.12935257077791257,False,unknown,Badge,0.08948062611629115
bonus resource for lesson 9 Input and Output Stream,BLockGame,0.07950146238676807,0.1647882658025936,0.12935257077791257,False,unknown,Badge,0.08947168406499698
ressource bonus pour la leçon 9 Flux d'entrée et de sortie,BLockGame,0.07950146238676807,0.1647882658025936,0.12935257077791257,False,unknown,Badge,0.08947168406499698
bonus resource for lesson 5 Class Methods and Constructors,BLockGame,0.07950054374507319,0.16478886265661047,0.12935257077791257,False,unknown,Badge,0.08947094915164107
ressource bonus pour la leçon 5 Méthodes et constructeurs de classe,BLockGame,0.07950054374507319,0.16478886265661047,0.12935257077791257,False,unknown,Badge,0.08947094915164107
Vcard,BLockGame,0.07949998735830507,0.16302895440634468,0.12935257077791257,False,unknown,Badge,0.08947050404222658
"the playing style the teacher prefers, it is either ""explorer"", ""achiever"", ""philanthropest"", or ""socializer""",BLockGame,0.07904300552028988,0.16369678711307648,0.12935257077791257,False,unknown,Badge,0.08910491857181442
Stimulus,BLockGame,0.07898654602492267,0.16355497620167966,0.12935257077791257,False,unknown,Badge,0.08905975097552066
detects,BLockGame,0.07898654602492267,0.16355497620167966,0.12935257077791257,False,unknown,Badge,0.08905975097552066
hasPreLesson,Quizventure,0.11114487161511939,0.15397298116034247,0.0,False,ReflexiveProperty,GameElementResource,0.08891589729209552
hasPreResource,Block_Game,0.11114487161511939,0.15397298116034247,0.0,False,ReflexiveProperty,GameElementResource,0.08891589729209552
onlineCourse,Tiny_stash,0.10074675344064617,0.16363046636506598,0.0415518252487452,False,Class,Reward,0.08890776780226597
cites,Game,0.11112557958346184,0.15398907553953167,0.0,False,ObjectProperty,GameElementResource,0.08890046366676947
hasPedagogicalExperience,Quizventure,0.11112557958346184,0.15398907553953167,0.0,False,ObjectProperty,GameElementResource,0.08890046366676947
issuer,Block_Game,0.11112556766253287,0.15398904945272796,0.0,False,ObjectProperty,GameElementResource,0.0889004541300263
editor,Block_Game,0.11112556766253287,0.15398904945272796,0.0,False,ObjectProperty,GameElementResource,0.0889004541300263
distributor,Block_Game,0.11112556766253287,0.15398904945272796,0.0,False,ObjectProperty,GameElementResource,0.0889004541300263
wasAssociatedWith,Quizventure,0.11112556766253287,0.15398904945272796,0.0,False,ObjectProperty,GameElementResource,0.0889004541300263
translator,Quizventure,0.11112556766253287,0.15398904945272796,0.0,False,ObjectProperty,GameElementResource,0.0889004541300263
hasEducationalTopic,Interactive_Content_–_H5P,0.11095378091540178,0.15408615945019583,0.0,False,FunctionalProperty,GameElementResource,0.08876302473232144
Novice,Game,0.1108235776157384,0.15308336466627165,0.0,False,NamedIndividual,GameElementResource,0.08865886209259072
Performance,Quizventure,0.1108235776157384,0.15308336466627165,0.0,False,NamedIndividual,GameElementResource,0.08865886209259072
Explorer,Quizventure,0.10982716746218105,0.1534583972452569,0.0,False,unknown,GameElementResource,0.08786173396974484
oneOf,Interactive_Content_–_H5P,0.1098170633261212,0.15483752085145933,0.0,False,AnnotationProperty,GameElementResource,0.08785365066089697
annotates,Quizventure,0.1098170633261212,0.15483752085145933,0.0,False,AnnotationProperty,GameElementResource,0.08785365066089697
hasSelf,Quizventure,0.1098170633261212,0.15483752085145933,0.0,False,AnnotationProperty,GameElementResource,0.08785365066089697
presentedAt,Quizventure,0.1098170633261212,0.15483752085145933,0.0,False,AnnotationProperty,GameElementResource,0.08785365066089697
schoolHomepage,Quizventure,0.1098170633261212,0.15483752085145933,0.0,False,AnnotationProperty,GameElementResource,0.08785365066089697
shortDescription,Quizventure,0.1098170633261212,0.15483752085145933,0.0,False,AnnotationProperty,GameElementResource,0.08785365066089697
editorList,Game,0.1098170633261212,0.15483752085145933,0.0,False,AnnotationProperty,GameElementResource,0.08785365066089697
edition,Quizventure,0.1098170633261212,0.15483752085145933,0.0,False,AnnotationProperty,GameElementResource,0.08785365066089697
familyName,Quizventure,0.1098170633261212,0.15483752085145933,0.0,False,AnnotationProperty,GameElementResource,0.08785365066089697
workInfoHomepage,Interactive_Content_–_H5P,0.10981705140519224,0.15483749478167225,0.0,False,AnnotationProperty,GameElementResource,0.0878536411241538
weblog,Quizventure,0.10981705140519224,0.15483749478167225,0.0,False,AnnotationProperty,GameElementResource,0.0878536411241538
plan,Block_Game,0.10981705140519224,0.15483749478167225,0.0,False,AnnotationProperty,GameElementResource,0.0878536411241538
pastProject,Quizventure,0.10981705140519224,0.15483749478167225,0.0,False,AnnotationProperty,GameElementResource,0.0878536411241538
openid,Game,0.10981705140519224,0.15483749478167225,0.0,False,AnnotationProperty,GameElementResource,0.0878536411241538
skypeID,Interactive_Content_–_H5P,0.10981705140519224,0.15483749478167225,0.0,False,AnnotationProperty,GameElementResource,0.0878536411241538
made,Block_Game,0.10981705140519224,0.15483749478167225,0.0,False,AnnotationProperty,GameElementResource,0.0878536411241538
icqChatID,Interactive_Content_–_H5P,0.10981705140519224,0.15483749478167225,0.0,False,AnnotationProperty,GameElementResource,0.0878536411241538
msnChatID,Quizventure,0.10981705140519224,0.15483749478167225,0.0,False,AnnotationProperty,GameElementResource,0.0878536411241538
court,Game,0.10981705140519224,0.15483749478167225,0.0,False,AnnotationProperty,GameElementResource,0.0878536411241538
family_name,Block_Game,0.10981705140519224,0.15483749478167225,0.0,False,AnnotationProperty,GameElementResource,0.0878536411241538
lastName,Quizventure,0.10981705140519224,0.15483749478167225,0.0,False,AnnotationProperty,GameElementResource,0.0878536411241538
publications,Quizventure,0.10981705140519224,0.15483749478167225,0.0,False,AnnotationProperty,GameElementResource,0.0878536411241538
firstName,Block_Game,0.10981705140519224,0.15483749478167225,0.0,False,AnnotationProperty,GameElementResource,0.0878536411241538
geekcode,Block_Game,0.10981705140519224,0.15483749478167225,0.0,False,AnnotationProperty,GameElementResource,0.0878536411241538
Essential,Game,0.10917152179313908,0.15369499045570523,0.0,False,unknown,GameElementResource,0.08733721743451127
Built-in Data Types,Game,0.10917152179313908,0.15369499045570523,0.0,False,unknown,GameElementResource,0.08733721743451127
2.1.1,Tiny_stash,0.09830223871643402,0.16825265505902315,0.0415518252487452,False,unknown,Reward,0.08695215602289626
block_stash,Tiny_stash,0.09830223871643402,0.16825265505902315,0.0415518252487452,False,unknown,Reward,0.08695215602289626
"Enables teachers to create items that students can collect, providing an interactive experience where students find items across the course.",Tiny_stash,0.09830223871643402,0.16825265505902315,0.0415518252487452,False,unknown,Reward,0.08695215602289626
block_game,Tiny_stash,0.09830223275596954,0.16825264192494535,0.0415518252487452,False,unknown,Reward,0.08695215125452467
3.0.0,Tiny_stash,0.09830223275596954,0.16825264192494535,0.0415518252487452,False,unknown,Reward,0.08695215125452467
Allows the user to choose or change their avatar at any time.,Tiny_stash,0.09830223275596954,0.16825264192494535,0.0415518252487452,False,unknown,Reward,0.08695215125452467
leçon 9 du cours Programmation Orientée Objet,Interactive_Content_–_H5P,0.1085616291419919,0.15392605250841176,0.0,False,unknown,GameElementResource,0.08684930331359353
lesson 9 for the course Object Oriented Programming,Game,0.1085616291419919,0.15392605250841176,0.0,False,unknown,GameElementResource,0.08684930331359353
lesson 5 for the course Object Oriented Programming,Interactive_Content_–_H5P,0.1085444877111931,0.1539334500059518,0.0,False,unknown,GameElementResource,0.08683559016895448
leçon 5 du cours Programmation Orientée Objet,Game,0.1085444877111931,0.1539334500059518,0.0,False,unknown,GameElementResource,0.08683559016895448
leçon 3 du cours Programmation Orientée Objet,Quizventure,0.1085195417233551,0.15394422471443855,0.0,False,unknown,GameElementResource,0.08681563337868409
lesson 3 for the course Object Oriented Programming,Block_Game,0.1085195417233551,0.15394422471443855,0.0,False,unknown,GameElementResource,0.08681563337868409
Lesson 1 of course Object oriented programming,Block_Game,0.10851934136333426,0.15394431129790878,0.0,False,unknown,GameElementResource,0.08681547309066741
leçon 4 du cours Programmation Orientée Objet,Interactive_Content_–_H5P,0.10851099397508816,0.15394791915201395,0.0,False,unknown,GameElementResource,0.08680879518007054
lesson 4 for the course Object Oriented Programming,Quizventure,0.10851099397508816,0.15394791915201395,0.0,False,unknown,GameElementResource,0.08680879518007054
lesson 2 for the course Object Oriented Programming,Quizventure,0.10850887470668447,0.15394883532068154,0.0,False,unknown,GameElementResource,0.08680709976534758
_:b94,Availability_Block_Game_by_level,0.1080917393524087,0.15541084470272887,0.0,False,IndividualPropertyAtom,Level,0.08647339148192697
_:b254,Availability_Block_Game_by_level,0.10809173339194422,0.1554108316332138,0.0,False,IndividualPropertyAtom,Level,0.08647338671355538
bonus resource for lesson 3 Class Methods and Constructors,Tiny_stash,0.09765139326208078,0.16837161357372465,0.0415518252487452,False,unknown,Reward,0.08643147965941367
ressource bonus pour la leçon 3 Méthodes et constructeurs de classe,Tiny_stash,0.09765139326208078,0.16837161357372465,0.0415518252487452,False,unknown,Reward,0.08643147965941367
bonus material for lesson 1 java basics,Tiny_stash,0.09765137798462137,0.16837160654977892,0.0415518252487452,False,unknown,Reward,0.08643146743744613
ressource bonus pour la leçon 4 Méthodes et constructeurs de classe,Tiny_stash,0.09765100788657129,0.16837190125951654,0.0415518252487452,False,unknown,Reward,0.08643117135900608
bonus resource for lesson 4 Class Methods and Constructors,Tiny_stash,0.09765100788657129,0.16837190125951654,0.0415518252487452,False,unknown,Reward,0.08643117135900608
exercisse of lesson 2 Classes and Objects,Tiny_stash,0.0976495922760456,0.16837288380730325,0.0415518252487452,False,unknown,Reward,0.08643003887058552
Assessment,Tiny_stash,0.0976495922760456,0.16837288380730325,0.0415518252487452,False,unknown,Reward,0.08643003887058552
_:b92,Availability_Block_Game_by_level,0.10741260676406564,0.15555062531456673,0.0,False,IndividualPropertyAtom,Level,0.08593008541125252
bonus material for lesson 2 classes and objects,Tiny_stash,0.09700796546845837,0.1684986029485743,0.0415518252487452,False,unknown,Reward,0.08591673742451574
_:b142,Availability_Block_Game_by_level,0.10671667128224513,0.15571417521418152,0.0,False,IndividualPropertyAtom,Level,0.08537333702579611
_:b213,Availability_Block_Game_by_level,0.10671667128224513,0.15571417521418152,0.0,False,IndividualPropertyAtom,Level,0.08537333702579611
_:b204,Availability_Block_Game_by_level,0.10671667128224513,0.15571417521418152,0.0,False,IndividualPropertyAtom,Level,0.08537333702579611
_:b113,Availability_Block_Game_by_level,0.10671667128224513,0.15571417521418152,0.0,False,IndividualPropertyAtom,Level,0.08537333702579611
_:b131,Availability_Block_Game_by_level,0.10671667128224513,0.15571417521418152,0.0,False,IndividualPropertyAtom,Level,0.08537333702579611
_:b224,Availability_Block_Game_by_level,0.10671667128224513,0.15571417521418152,0.0,False,IndividualPropertyAtom,Level,0.08537333702579611
_:b269,Availability_Block_Game_by_level,0.10671667128224513,0.15571417521418152,0.0,False,IndividualPropertyAtom,Level,0.08537333702579611
_:b122,Availability_Block_Game_by_level,0.10671667128224513,0.15571417521418152,0.0,False,IndividualPropertyAtom,Level,0.08537333702579611
_:b280,Availability_Block_Game_by_level,0.10671666532178066,0.1557141621043318,0.0,False,IndividualPropertyAtom,Level,0.08537333225742454
_:b79,Availability_Block_Game_by_level,0.10671666532178066,0.1557141621043318,0.0,False,IndividualPropertyAtom,Level,0.08537333225742454
_:b250,Availability_Block_Game_by_level,0.10671666532178066,0.1557141621043318,0.0,False,IndividualPropertyAtom,Level,0.08537333225742454
_:b68,Availability_Block_Game_by_level,0.10671666532178066,0.1557141621043318,0.0,False,IndividualPropertyAtom,Level,0.08537333225742454
_:b16,Quizventure,0.10663275884063965,0.1550630967983417,0.0,False,Restriction,GameElementResource,0.08530620707251173
leçon 6 du cours Programmation Orientée Objet,Game,0.10661168723592832,0.15475670369842018,0.0,False,unknown,GameElementResource,0.08528934978874265
lesson 6 for the course Object Oriented Programming,Game,0.10661168723592832,0.15475670369842018,0.0,False,unknown,GameElementResource,0.08528934978874265
"the url of the game elment where it can be downloaded. In addition, this url contains information of the game elemnt.",Block_Game,0.1066043285586619,0.154759767348085,0.0,False,unknown,GameElementResource,0.08528346284692953
anyURI,Quizventure,0.1066043285586619,0.154759767348085,0.0,False,unknown,GameElementResource,0.08528346284692953
linking bonus resources with teaaccher exploration objective,Game,0.1066043285586619,0.154759767348085,0.0,False,unknown,GameElementResource,0.08528346284692953
link exxperience level with number: expert=4,Block_Game,0.1066043285586619,0.154759767348085,0.0,False,unknown,GameElementResource,0.08528346284692953
Linking leaderboard to resources with objective competition,Quizventure,0.1066043285586619,0.154759767348085,0.0,False,unknown,GameElementResource,0.08528346284692953
link exxperience level with number: expert=6,Quizventure,0.1066043285586619,0.154759767348085,0.0,False,unknown,GameElementResource,0.08528346284692953
link exxperience level with number: expert=2,Interactive_Content_–_H5P,0.1066043285586619,0.154759767348085,0.0,False,unknown,GameElementResource,0.08528346284692953
subclass to class,Game,0.1066043285586619,0.154759767348085,0.0,False,unknown,GameElementResource,0.08528346284692953
Gamified resource that contains experience leaderboard game element must contain experience points game element,Quizventure,0.1066043285586619,0.154759767348085,0.0,False,unknown,GameElementResource,0.08528346284692953
Gamified resource that contains bonus leaderboard game element must contain bonus points game element,Interactive_Content_–_H5P,0.1066043285586619,0.154759767348085,0.0,False,unknown,GameElementResource,0.08528346284692953
Gamified resource that contains social leaderboard game element must contain social points game element,Quizventure,0.1066043285586619,0.154759767348085,0.0,False,unknown,GameElementResource,0.08528346284692953
Gamified resource that contains score leaderboard game element must contain score points game element,Quizventure,0.1066043285586619,0.154759767348085,0.0,False,unknown,GameElementResource,0.08528346284692953
Identify the more expert teacher between two teachers,Quizventure,0.1066043285586619,0.154759767348085,0.0,False,unknown,GameElementResource,0.08528346284692953
gamified resource contains one or more game elements,Block_Game,0.1066043285586619,0.154759767348085,0.0,False,unknown,GameElementResource,0.08528346284692953
game elements relevant to behavioural objectives,Quizventure,0.1066043285586619,0.154759767348085,0.0,False,unknown,GameElementResource,0.08528346284692953
the number of weeks since the latest release of the game element version,Game,0.10600423111229292,0.15504441406874808,0.0,False,unknown,GameElementResource,0.08480338488983434
the original language inwhich the course is created with,Block_Game,0.10600423111229292,0.15504441406874808,0.0,False,unknown,GameElementResource,0.08480338488983434
Total number of likes granted for this game element,Interactive_Content_–_H5P,0.10600423111229292,0.15504441406874808,0.0,False,unknown,GameElementResource,0.08480338488983434
The duration in minutes of a single resource,Quizventure,0.10600423111229292,0.15504441406874808,0.0,False,unknown,GameElementResource,0.08480338488983434
Total number of downloads done for this game elemnent,Quizventure,0.10600423111229292,0.15504441406874808,0.0,False,unknown,GameElementResource,0.08480338488983434
"The course is targeted for audience who have payment preference of either ""free of charge"" or ""with charge""",Interactive_Content_–_H5P,0.10600423111229292,0.15504441406874808,0.0,False,unknown,GameElementResource,0.08480338488983434
Whether it is flexible or has certain deadlines,Interactive_Content_–_H5P,0.10600423111229292,0.15504441406874808,0.0,False,unknown,GameElementResource,0.08480338488983434
brief description of the game element purpose,Quizventure,0.10600423111229292,0.15504441406874808,0.0,False,unknown,GameElementResource,0.08480338488983434
the latest version released for this game element,Interactive_Content_–_H5P,0.10600423111229292,0.15504441406874808,0.0,False,unknown,GameElementResource,0.08480338488983434
language for the transcript of the course's resources,Quizventure,0.10600423111229292,0.15504441406874808,0.0,False,unknown,GameElementResource,0.08480338488983434
integrated this game element,Quizventure,0.10600423111229292,0.15504441406874808,0.0,False,unknown,GameElementResource,0.08480338488983434
total number of learners enrolled to the course throughout the years,Quizventure,0.10600423111229292,0.15504441406874808,0.0,False,unknown,GameElementResource,0.08480338488983434
"the teacher defines the purpose of the resource as either for ""lecturing"" or for ""assessment""",Block_Game,0.10600423111229292,0.15504441406874808,0.0,False,unknown,GameElementResource,0.08480338488983434
rating of course from 0 to 5.,Interactive_Content_–_H5P,0.10600423111229292,0.15504441406874808,0.0,False,unknown,GameElementResource,0.08480338488983434
VCard,Block_Game,0.10600423111229292,0.15504441406874808,0.0,False,unknown,GameElementResource,0.08480338488983434
CollectedDocument,Game,0.10600423111229292,0.15504441406874808,0.0,False,unknown,GameElementResource,0.08480338488983434
the title of the game element,Game,0.10600423111229292,0.15504441406874808,0.0,False,unknown,GameElementResource,0.08480338488983434
Number of hours for completing the course,Interactive_Content_–_H5P,0.10600423111229292,0.15504441406874808,0.0,False,unknown,GameElementResource,0.08480338488983434
"The targeted audience of a targeted course has targeted educational level to be beginner, intermefdiate, or advanced",Block_Game,0.10600423111229292,0.15504441406874808,0.0,False,unknown,GameElementResource,0.08480338488983434
_:b191,Availability_Block_Game_by_level,0.10599742897045672,0.15590489882262323,0.0,False,IndividualPropertyAtom,Level,0.08479794317636538
_:b145,Availability_Block_Game_by_level,0.1059814247491077,0.15591411615374617,0.0,False,IndividualPropertyAtom,Level,0.08478513979928616
_:b151,Availability_Block_Game_by_level,0.1059814247491077,0.15591411615374617,0.0,False,IndividualPropertyAtom,Level,0.08478513979928616
_:b263,Availability_Block_Game_by_level,0.1059814247491077,0.15591411615374617,0.0,False,IndividualPropertyAtom,Level,0.08478513979928616
_:b207,Availability_Block_Game_by_level,0.1059814247491077,0.15591411615374617,0.0,False,IndividualPropertyAtom,Level,0.08478513979928616
_:b227,Availability_Block_Game_by_level,0.1059814247491077,0.15591411615374617,0.0,False,IndividualPropertyAtom,Level,0.08478513979928616
_:b216,Availability_Block_Game_by_level,0.1059814247491077,0.15591411615374617,0.0,False,IndividualPropertyAtom,Level,0.08478513979928616
_:b274,Availability_Block_Game_by_level,0.1059814247491077,0.15591411615374617,0.0,False,IndividualPropertyAtom,Level,0.08478513979928616
_:b134,Availability_Block_Game_by_level,0.1059814247491077,0.15591411615374617,0.0,False,IndividualPropertyAtom,Level,0.08478513979928616
_:b107,Availability_Block_Game_by_level,0.1059814247491077,0.15591411615374617,0.0,False,IndividualPropertyAtom,Level,0.08478513979928616
_:b180,Availability_Block_Game_by_level,0.10598141878864323,0.155914103025572,0.0,False,IndividualPropertyAtom,Level,0.08478513503091459
_:b158,Availability_Block_Game_by_level,0.10598141878864323,0.155914103025572,0.0,False,IndividualPropertyAtom,Level,0.08478513503091459
_:b169,Availability_Block_Game_by_level,0.10598141878864323,0.155914103025572,0.0,False,IndividualPropertyAtom,Level,0.08478513503091459
thumbnail,Block_Game,0.10588111030193097,0.15693917978365712,0.0,False,unknown,GameElementResource,0.08470488824154478
Vcard,Game,0.10588111030193097,0.15693917978365712,0.0,False,unknown,GameElementResource,0.08470488824154478
Chat,Block_Game,0.10588111030193097,0.15693917978365712,0.0,False,unknown,GameElementResource,0.08470488824154478
space_of,Block_Game,0.10588111030193097,0.15693917978365712,0.0,False,unknown,GameElementResource,0.08470488824154478
img,Interactive_Content_–_H5P,0.10588111030193097,0.15693917978365712,0.0,False,unknown,GameElementResource,0.08470488824154478
hasTarget,Block_Game,0.10588111030193097,0.15693917978365712,0.0,False,unknown,GameElementResource,0.08470488824154478
has_EndDate,Block_Game,0.10588111030193097,0.15693917978365712,0.0,False,unknown,GameElementResource,0.08470488824154478
isPrimaryTopicOf,Block_Game,0.10588111030193097,0.15693917978365712,0.0,False,unknown,GameElementResource,0.08470488824154478
interest,Block_Game,0.10588111030193097,0.15693917978365712,0.0,False,unknown,GameElementResource,0.08470488824154478
Annotation,Block_Game,0.10588111030193097,0.15693917978365712,0.0,False,unknown,GameElementResource,0.08470488824154478
lives_in,Block_Game,0.10588109838100201,0.15693915368927158,0.0,False,unknown,GameElementResource,0.08470487870480162
has_question,Block_Game,0.10588109838100201,0.15693915368927158,0.0,False,unknown,GameElementResource,0.08470487870480162
has_type,Block_Game,0.10588109838100201,0.15693915368927158,0.0,False,unknown,GameElementResource,0.08470487870480162
member,Block_Game,0.10588109838100201,0.15693915368927158,0.0,False,unknown,GameElementResource,0.08470487870480162
teaches,Block_Game,0.10588109838100201,0.15693915368927158,0.0,False,unknown,GameElementResource,0.08470487870480162
has_user_account,Block_Game,0.10588109838100201,0.15693915368927158,0.0,False,unknown,GameElementResource,0.08470487870480162
view_resource,Block_Game,0.10588109838100201,0.15693915368927158,0.0,False,unknown,GameElementResource,0.08470487870480162
Hint,Block_Game,0.10532651951644052,0.1567086191171553,0.0,False,Class,GameElementResource,0.08426121561315242
Feedback,Game,0.10532651951644052,0.1567086191171553,0.0,False,Class,GameElementResource,0.08426121561315242
Reward,Block_Game,0.10532651951644052,0.1567086191171553,0.0,False,Class,GameElementResource,0.08426121561315242
Manuscript,Interactive_Content_–_H5P,0.10532651951644052,0.1567086191171553,0.0,False,Class,GameElementResource,0.08426121561315242
Map,Quizventure,0.10532651951644052,0.1567086191171553,0.0,False,Class,GameElementResource,0.08426121561315242
Story,Quizventure,0.10532651951644052,0.1567086191171553,0.0,False,Class,GameElementResource,0.08426121561315242
Thesis,Block_Game,0.10532651951644052,0.1567086191171553,0.0,False,Class,GameElementResource,0.08426121561315242
Badge,Quizventure,0.10532651951644052,0.1567086191171553,0.0,False,Class,GameElementResource,0.08426121561315242
ProgressBar,Interactive_Content_–_H5P,0.10532651951644052,0.1567086191171553,0.0,False,Class,GameElementResource,0.08426121561315242
Timer,Game,0.10532651951644052,0.1567086191171553,0.0,False,Class,GameElementResource,0.08426121561315242
LegalDecision,Interactive_Content_–_H5P,0.10532651951644052,0.1567086191171553,0.0,False,Class,GameElementResource,0.08426121561315242
Challenge,Quizventure,0.10532651951644052,0.1567086191171553,0.0,False,Class,GameElementResource,0.08426121561315242
PedagogicalObjective,Quizventure,0.10532651951644052,0.1567086191171553,0.0,False,Class,GameElementResource,0.08426121561315242
Slide,Block_Game,0.10532651951644052,0.1567086191171553,0.0,False,Class,GameElementResource,0.08426121561315242
Level,Block_Game,0.10532651951644052,0.1567086191171553,0.0,False,Class,GameElementResource,0.08426121561315242
EditedBook,Game,0.10532651951644052,0.1567086191171553,0.0,False,Class,GameElementResource,0.08426121561315242
Achievement,Game,0.10532651951644052,0.1567086191171553,0.0,False,Class,GameElementResource,0.08426121561315242
AcademicArticle,Game,0.10532651951644052,0.1567086191171553,0.0,False,Class,GameElementResource,0.08426121561315242
PedagogicalKnowledge,Quizventure,0.10532651951644052,0.1567086191171553,0.0,False,Class,GameElementResource,0.08426121561315242
PedagogicalExperience,Quizventure,0.10532651951644052,0.1567086191171553,0.0,False,Class,GameElementResource,0.08426121561315242
has_Place,Block_Game,0.10480471337063971,0.15565714644721781,0.0,False,unknown,GameElementResource,0.08384377069651178
lesson 8 for the course Object Oriented Programming,Game,0.104768130549784,0.15567142615804952,0.0,False,unknown,GameElementResource,0.0838145044398272
leçon 8 du cours Programmation Orientée Objet,Interactive_Content_–_H5P,0.104768130549784,0.15567142615804952,0.0,False,unknown,GameElementResource,0.0838145044398272
bonus resource for lesson 8 Exception Handling,Interactive_Content_–_H5P,0.10296100927576642,0.1567004946456351,0.0,False,unknown,GameElementResource,0.08236880742061314
ressource bonus pour la leçon 8 Gestion des exceptions,Quizventure,0.10296100927576642,0.1567004946456351,0.0,False,unknown,GameElementResource,0.08236880742061314
"the playing style the teacher prefers, it is either ""explorer"", ""achiever"", ""philanthropest"", or ""socializer""",Block_Game,0.10290579194280476,0.156720859471621,0.0,False,unknown,GameElementResource,0.08232463355424381
detects,Interactive_Content_–_H5P,0.10287332996944246,0.15673288112052094,0.0,False,unknown,GameElementResource,0.08229866397555397
Stimulus,Quizventure,0.10287332996944246,0.15673288112052094,0.0,False,unknown,GameElementResource,0.08229866397555397
bonus resource for lesson 9 Input and Output Stream,Interactive_Content_–_H5P,0.10287209844260943,0.15673333696895148,0.0,False,unknown,GameElementResource,0.08229767875408756
ressource bonus pour la leçon 9 Flux d'entrée et de sortie,Block_Game,0.10287209844260943,0.15673333696895148,0.0,False,unknown,GameElementResource,0.08229767875408756
bonus resource for lesson 5 Class Methods and Constructors,Interactive_Content_–_H5P,0.10286469825537507,0.1567360766971695,0.0,False,unknown,GameElementResource,0.08229175860430006
ressource bonus pour la leçon 5 Méthodes et constructeurs de classe,Block_Game,0.10286469825537507,0.1567360766971695,0.0,False,unknown,GameElementResource,0.08229175860430006
"ressource bonus pour la leçon 7 ""Event Handler and Listener""",Game,0.10239590721745273,0.1570583648942786,0.0,False,unknown,GameElementResource,0.0819167257739622
bonus resource for lesson 7 Event Handler and Listener,Block_Game,0.10239590721745273,0.1570583648942786,0.0,False,unknown,GameElementResource,0.0819167257739622
"has priority to either essential or bonus to be accessed by the learner.
This priority is decided by the teacher for the resource.",Game,0.10236687769465705,0.157068840493292,0.0,False,unknown,GameElementResource,0.08189350215572565
leçon 7 du cours Programmation Orientée Objet,Block_Game,0.10233881297885161,0.1570789819186069,0.0,False,unknown,GameElementResource,0.08187105038308129
lesson 7 for the course Object Oriented Programming,Quizventure,0.10233881297885161,0.1570789819186069,0.0,False,unknown,GameElementResource,0.08187105038308129
greaterThan,Block_Game,0.10177141156530274,0.15745177471806038,0.0,False,unknown,GameElementResource,0.0814171292522422
Advanced,Block_Game,0.10176891258713046,0.15745265851897608,0.0,False,unknown,GameElementResource,0.08141513006970437
Motivation,Game,0.10176850963102502,0.15745280104062617,0.0,False,unknown,GameElementResource,0.08141480770482001
unsignedInt,Block_Game,0.10098097213613508,0.15812527028361242,0.0,False,unknown,GameElementResource,0.08078477770890807
Representes the numeric value equivaent to the teache's gamification experience level,Quizventure,0.10098097213613508,0.15812527028361242,0.0,False,unknown,GameElementResource,0.08078477770890807
objectives the teacher can choose from for each resource to prompt a desired learners’ behaviours when learners interact with that resource.,Game,0.10093120750139344,0.15837849366261672,0.0,False,unknown,GameElementResource,0.08074496600111475
"index key for the resource ""Java FX""",Block_Game,0.10047893844198627,0.15852261864308503,0.0,False,unknown,GameElementResource,0.08038315075358902
