source,target,probability_mean,probability_std,numeric_score_target,known_positive,source_type,target_type,score_final,symbolic_confidence,sym_base_score,path_length,sym_category,neurosymbolic_score,top5_influent_nodes,best_ontology_path
Task_about_Java_Basics,Stash,0.8950740526756379,0.20167724860850508,0.9172442572270822,True,GamifiedResource,Reward,0.8995080935859268,0.7480992677262766,1.0,1,direct,0.799540442458553,Arithmetic_operations | Java_Basics,Task_about_Java_Basics → Stash
Task_about_Java_Basics,Level_Up,0.9043326140934885,0.20166778800677335,1.0,True,GamifiedResource,Level,0.923466091274791,0.7405941889221156,1.0,1,direct,0.7979026377320961,Variables | Strings | Java_Basics | Stash,Task_about_Java_Basics → Level_Up
Multi-level_inheritance,Level_Up,0.8859160568900603,0.20067766402510634,1.0,True,GamifiedResource,Level,0.9087328455120482,0.7484386827243925,1.0,1,direct,0.7965557636823762,Polymorphism | Inheritance | Overloading | Overloaded_constructors,Multi-level_inheritance → Level_Up
Buil-in_Data_Types,Level_Up,0.8847540703549323,0.19346186067113794,1.0,True,GamifiedResource,Level,0.9078032562839458,0.7430961433475896,1.0,1,direct,0.7926764178001595,Tiny_stash | Variables | 3.16.0,Buil-in_Data_Types → Level_Up
Task_about_Java_Basics,BLockGame,0.8696081560415838,0.19351947094807062,0.12935257077791257,True,GamifiedResource,Badge,0.7215570389888496,0.7329124731139275,1.0,1,direct,0.7807559621386072,Control_Statements | Loops | Stash,Task_about_Java_Basics → BLockGame
Functions,Stash,0.853528955801052,0.19246913201517993,0.9172442572270822,True,GamifiedResource,Reward,0.8662720160862581,0.7330736167908065,1.0,1,direct,0.7752329854443925,Strings | Control_Statements,Functions → Stash
Buil-in_Data_Types,Tiny_stash,0.8347647973434974,0.22316987488046924,0.0415518252487452,True,GamifiedResource,Reward,0.6761222029245469,0.7430961433475896,1.0,1,direct,0.7751801722461573,Level_Up | Variables | 3.16.0,Buil-in_Data_Types → Tiny_stash
Strings,Stash,0.8536176639725861,0.1925058040384176,0.9172442572270822,True,GamifiedResource,Reward,0.8663429826234854,0.7329262013784892,1.0,1,direct,0.775168213286423,Functions | Java_Basics | Arithmetic_operations,Strings → Stash
Control_Statements,Stash,0.8526529607406583,0.19184405489842352,0.9172442572270822,True,GamifiedResource,Reward,0.8655712200379432,0.7329297750854544,1.0,1,direct,0.7748328900647758,Functions | Task_about_Java_Basics | BLockGame,Control_Statements → Stash
Variables,Level_Up,0.8462152395770788,0.1892758495827941,1.0,True,GamifiedResource,Level,0.8769721916616631,0.7328370330315265,1.0,1,direct,0.7725194053224698,Task_about_Java_Basics | Java_Basics | Tiny_stash | Buil-in_Data_Types,Variables → Level_Up
Overloading,Level_Up,0.842632173410993,0.19737954118031867,1.0,True,GamifiedResource,Level,0.8741057387287945,0.7332163253695598,1.0,1,direct,0.7715118721840615,Overriding | Polymorphism | Overloaded_constructors,Overloading → Level_Up
Overriding,Level_Up,0.8391678871232555,0.2012474402792047,1.0,True,GamifiedResource,Level,0.8713343096986044,0.7332831362570934,1.0,1,direct,0.7703427990602502,Overloading | Polymorphism | Overloaded_constructors,Overriding → Level_Up
Overloaded_constructors,Level_Up,0.8003732459879634,0.18085980123759063,1.0,True,GamifiedResource,Level,0.8402985967903709,0.7438129766666716,1.0,1,direct,0.7636090709291237,Polymorphism | Overloading | Overriding,Overloaded_constructors → Level_Up
Control_Statements,BLockGame,0.7756382061019794,0.15359825280349895,0.12935257077791257,True,GamifiedResource,Badge,0.6463810790371661,0.7328767360442747,1.0,1,direct,0.7478432505644714,Task_about_Java_Basics | Loops | Stash,Control_Statements → BLockGame
Loops,BLockGame,0.7692814304562732,0.1489592680881475,0.12935257077791257,True,GamifiedResource,Badge,0.6412956585206011,0.7329862135064303,1.0,1,direct,0.7456895394388754,Control_Statements | Task_about_Java_Basics,Loops → BLockGame
gr,bonusPoints,0.7886429614519773,0.24996454450829758,0.0,True,GamifiedResource,BonusPoints,0.630914369161582,0.7018913020380473,1.0,1,direct,0.7322543828329228,,N/A
Variables,Tiny_stash,0.6575043308818451,0.16866522020618474,0.0415518252487452,True,GamifiedResource,Reward,0.5343138297552251,0.7429806080163099,1.0,1,direct,0.7130639110192473,Level_Up | 3.16.0 | Buil-in_Data_Types,Variables → Tiny_stash
Arithmetic_operations,Stash,0.5475335603764633,0.26588291890376153,0.9172442572270822,True,Resource,Reward,0.6214756997465871,0.7482204033178614,1.0,1,direct,0.677980008288372,Task_about_Java_Basics | RFK_L1_R6,Arithmetic_operations → Stash
LevelGE,Level_Up,0.45716711318099146,0.0988143058214656,1.0,False,ReferenceKey,Level,0.5657336905447932,0.7598795351284644,1.0,1,direct,0.6539301874468488,OOPCourseCommunity | DataTypes | ReferenceKey1 | Buil-in_Data_Types | IK_GE_LevelUp,LevelGE → Level_Up
demo_GR1,Level_Up,0.5632934674802168,0.20414194021132193,1.0,True,GamifiedResource,Level,0.6506347739841735,0.7018913020380473,1.0,1,direct,0.6533820599428066,,demo_GR1 → Level_Up
demo_GR2,Availability_Block_Game_by_level,0.5114994413603102,0.27539710932690903,0.0,True,GamifiedResource,Level,0.4091995530882482,0.7018913020380473,1.0,1,direct,0.6352541508008394,,demo_GR2 → Availability_Block_Game_by_level
Single_level_inheritance,Level_Up,0.8885032425638888,0.20204771053883108,1.0,False,GamifiedResource,Level,0.9108025940511111,0.41358786625002186,0.5,2,indirect,0.5798082479598752,Multi-level_inheritance | Inheritance | Extend_Keyword,Single_level_inheritance → Multi-level_inheritance → Level_Up
Super_Keyword,Level_Up,0.8801005825231737,0.19823079503638433,1.0,False,GamifiedResource,Level,0.9040804660185391,0.4137652005627252,0.5,2,indirect,0.5769825842488822,Multi-level_inheritance | Inheritance | Inheritance_vs_Composition,Super_Keyword → Multi-level_inheritance → Level_Up
Loops,Level_Up,0.88431761962234,0.19986752090949272,1.0,False,GamifiedResource,Level,0.907454095697872,0.4031977054846349,0.5,2,indirect,0.5715896754328317,Task_about_Java_Basics | Java_Basics | BLockGame,Loops → Task_about_Java_Basics → Level_Up
Strings,Level_Up,0.8870979303123487,0.20127957421261064,1.0,False,GamifiedResource,Level,0.909678344249879,0.3905504872799276,0.5,2,indirect,0.564342092341275,Task_about_Java_Basics | Variables | Java_Basics | Stash,Strings → Variables → Level_Up
3.16.0,Level_Up,0.22709544317183822,0.19522106146575813,1.0,False,unknown,Level,0.3816763545374706,0.7430540869180592,1.0,1,direct,0.5624685616068819,Tiny_stash | Variables | Buil-in_Data_Types,3.16.0 → Level_Up
Inheritance,Level_Up,0.844835512383618,0.21572275242745007,1.0,False,Lesson,Level,0.8758684099068945,0.40358013571171086,0.5,2,indirect,0.5580195175468783,Multi-level_inheritance | Super_Keyword | Single_level_inheritance,Inheritance → Multi-level_inheritance → Level_Up
RF_GE_STash,Stash,0.19761216192535294,0.21462620999289958,0.9172442572270822,False,ReferenceKey,Reward,0.3415385809856988,0.745656012527252,1.0,1,direct,0.5538406648165873,OOPCourseCommunity | IK_GE_stash | JavaFunctions | JavaIf | Functions,RF_GE_STash → Stash
Loops,Stash,0.8490552192433979,0.18925263118570235,0.9172442572270822,False,GamifiedResource,Reward,0.8626930268401348,0.393188972565102,0.5,2,indirect,0.5527421589025056,Control_Statements | Functions | Task_about_Java_Basics,Loops → Control_Statements → Stash
Java_Basics,Level_Up,0.8450550784304045,0.21552961952136218,1.0,False,Lesson,Level,0.8760440627443236,0.3931235127131284,0.5,2,indirect,0.5512995607141751,Task_about_Java_Basics | Variables | Arithmetic_operations,Java_Basics → Variables → Level_Up
Arguments_and_parameters,Level_Up,0.8418005414339005,0.19168954870385305,1.0,False,GamifiedResource,Level,0.8734404331471204,0.39106591824153103,0.5,2,indirect,0.5488230363588603,Overloading | Overriding | Polymorphism | Overloaded_constructors,Arguments_and_parameters → Overloading → Level_Up
Task_about_Polymorphism,Level_Up,0.8329753706413466,0.19889935629773461,1.0,False,GamifiedResource,Level,0.8663802965130774,0.39106588555518684,0.5,2,indirect,0.5457342053353428,Overriding | Overloading | Polymorphism | Overloaded_constructors,Task_about_Polymorphism → Overriding → Level_Up
Polymorphism,Level_Up,0.8462939613332996,0.2147536798103214,1.0,False,Lesson,Level,0.8770351690666398,0.3836129632609123,0.5,2,indirect,0.5455513125862479,Overloading | Overriding | Overloaded_constructors,Polymorphism → Overloading → Level_Up
Java_Basics,Stash,0.8457899991166495,0.21292500466766645,0.9172442572270822,False,Lesson,Reward,0.8600808507387361,0.3829805914552289,0.5,2,indirect,0.5449638841367261,Functions | Control_Statements | Arithmetic_operations,Java_Basics → Functions → Stash
3.16.0,Tiny_stash,0.1624886053237577,0.22388013176082433,0.0415518252487452,False,unknown,Reward,0.1383012493087552,0.7430540869180592,1.0,1,direct,0.5398561683600537,Level_Up | Variables | Buil-in_Data_Types,3.16.0 → Tiny_stash
RFK_GE_TinyStash,Tiny_stash,0.15147491143681996,0.22714345838301703,0.0415518252487452,False,ReferenceKey,Reward,0.12949029419920502,0.7456823250343286,1.0,1,direct,0.5377097302752006,OOPCourseCommunity | IK_GE_TinyStash | JavaVariables | DataTypes | RFK_L1_R1,RFK_GE_TinyStash → Tiny_stash
RF_GE_BloackGame,BLockGame,0.14908876587518408,0.22840267683149476,0.12935257077791257,False,ReferenceKey,Badge,0.14514152685572979,0.7455483110231311,1.0,1,direct,0.5367874702213496,OOPCourseCommunity | IK_GE_BlockGame | JavaIf | JavaForWhile | RFK_L1_R4,RF_GE_BloackGame → BLockGame
Java_Basics,Tiny_stash,0.7865475035205218,0.29597095287313985,0.0415518252487452,False,Lesson,Reward,0.6375483678661665,0.3981942215561617,0.5,2,indirect,0.5341178702436877,Variables | Strings | Level_Up | Buil-in_Data_Types,Java_Basics → Variables → Tiny_stash
Java_Basics,BLockGame,0.8144956607851208,0.23915173408225296,0.12935257077791257,False,Lesson,Badge,0.6774670427836792,0.3829668631906672,0.5,2,indirect,0.5340019423487259,Control_Statements | Task_about_Java_Basics | Loops,Java_Basics → Control_Statements → BLockGame
Functions,BLockGame,0.7734039869192315,0.15158608235859009,0.12935257077791257,False,GamifiedResource,Badge,0.6445937036909678,0.40325065736223004,0.5,2,indirect,0.5328043227071806,Control_Statements | Loops | Stash,Functions → Control_Statements → BLockGame
Strings,Tiny_stash,0.7738063474788308,0.19474630889185762,0.0415518252487452,False,GamifiedResource,Reward,0.6273554430328138,0.39813653015865835,0.5,2,indirect,0.5296209662207187,Variables | Java_Basics | Level_Up | Buil-in_Data_Types,Strings → Variables → Tiny_stash
Tiny_stash,Level_Up,0.7502978140728553,0.15688872424801262,1.0,False,Reward,Level,0.8002382512582844,0.3829270294325421,0.5,2,indirect,0.5115068040566517,Variables | 3.16.0 | Buil-in_Data_Types,Tiny_stash → Buil-in_Data_Types → Level_Up
block_xp,Level_Up,0.15363381758442266,0.22226900426039073,1.0,False,unknown,Level,0.32290705406753817,0.7018913020380473,1.0,1,direct,0.5100011824792786,,block_xp → Level_Up
Level Up XP,Level_Up,0.15363381758442266,0.22226900426039073,1.0,False,unknown,Level,0.32290705406753817,0.7018913020380473,1.0,1,direct,0.5100011824792786,,Level Up XP → Level_Up
"Learners receive points for their actions, visualise their progress, compete with others through a leaderboard, and unlock content based on their individual needs and experiences.",Level_Up,0.15363381758442266,0.22226900426039073,1.0,False,unknown,Level,0.32290705406753817,0.7018913020380473,1.0,1,direct,0.5100011824792786,,"Learners receive points for their actions, visualise their progress, compete with others through a leaderboard, and unlock content based on their individual needs and experiences. → Level_Up"
Extend_Keyword,Level_Up,0.8817607986487731,0.1990195204381048,1.0,False,GamifiedResource,Level,0.9054086389190186,0.3070983761299706,0.3333333333333333,3,indirect,0.5082302240115515,Multi-level_inheritance | Single_level_inheritance | Inheritance,Extend_Keyword → Single_level_inheritance → Multi-level_inheritance → Level_Up
Inheritance_vs_Composition,Level_Up,0.8791894536830043,0.19804551445453586,1.0,False,GamifiedResource,Level,0.9033515629464035,0.30716226703742283,0.3333333333333333,3,indirect,0.5073717823633763,Multi-level_inheritance | Super_Keyword | Inheritance,Inheritance_vs_Composition → Super_Keyword → Multi-level_inheritance → Level_Up
block_stash,Stash,0.14572035707298797,0.21918388762461596,0.9172442572270822,False,unknown,Reward,0.30002513710380685,0.7018913020380473,1.0,1,direct,0.5072314713002765,,block_stash → Stash
"Enables teachers to create items that students can collect, providing an interactive experience where students find items across the course.",Stash,0.14572035707298797,0.21918388762461596,0.9172442572270822,False,unknown,Reward,0.30002513710380685,0.7018913020380473,1.0,1,direct,0.5072314713002765,,"Enables teachers to create items that students can collect, providing an interactive experience where students find items across the course. → Stash"
2.1.1,Stash,0.14572035707298797,0.21918388762461596,0.9172442572270822,False,unknown,Reward,0.30002513710380685,0.7018913020380473,1.0,1,direct,0.5072314713002765,,2.1.1 → Stash
Variables,Stash,0.7225127490496865,0.14834045892410408,0.9172442572270822,False,GamifiedResource,Reward,0.7614590506851657,0.39060102036805233,0.5,2,indirect,0.5067701254066244,Strings | Functions | Task_about_Java_Basics | Level_Up,Variables → Strings → Stash
Arithmetic_operations,Level_Up,0.6908805160950827,0.11497977373976993,1.0,False,Resource,Level,0.7527044128760663,0.40323915176907354,0.5,2,indirect,0.5039136292831767,Task_about_Java_Basics | RFK_L1_R6 | Stash,Arithmetic_operations → Task_about_Java_Basics → Level_Up
block_game,BLockGame,0.12867499235487959,0.22046302005036023,0.12935257077791257,False,unknown,Badge,0.12881050803948618,0.7018913020380473,1.0,1,direct,0.5012655936489385,,block_game → BLockGame
3.0.0,BLockGame,0.12867499235487959,0.22046302005036023,0.12935257077791257,False,unknown,Badge,0.12881050803948618,0.7018913020380473,1.0,1,direct,0.5012655936489385,,3.0.0 → BLockGame
Allows the user to choose or change their avatar at any time.,BLockGame,0.12867499235487959,0.22046302005036023,0.12935257077791257,False,unknown,Badge,0.12881050803948618,0.7018913020380473,1.0,1,direct,0.5012655936489385,,Allows the user to choose or change their avatar at any time. → BLockGame
Tiny Stash,Tiny_stash,0.12448340317217463,0.22645732541785635,0.0415518252487452,False,unknown,Reward,0.10789708758748874,0.7018913020380473,1.0,1,direct,0.49979853743499186,,Tiny Stash → Tiny_stash
tiny_stash,Tiny_stash,0.12448340317217463,0.22645732541785635,0.0415518252487452,False,unknown,Reward,0.10789708758748874,0.7018913020380473,1.0,1,direct,0.49979853743499186,,tiny_stash → Tiny_stash
A companion plugin for block_stash. This allows you to create items and trades from the TinyMCE editor to be inserted into the activities in your course,Tiny_stash,0.12448340317217463,0.22645732541785635,0.0415518252487452,False,unknown,Reward,0.10789708758748874,0.7018913020380473,1.0,1,direct,0.49979853743499186,,A companion plugin for block_stash. This allows you to create items and trades from the TinyMCE editor to be inserted into the activities in your course → Tiny_stash
Parent_classes,Level_Up,0.8607883706803807,0.1910282080985326,1.0,False,GamifiedResource,Level,0.8886306965443047,0.296994765648689,0.3333333333333333,3,indirect,0.49432252740978105,Multi-level_inheritance | Inheritance | Super_Keyword | Single_level_inheritance,Parent_classes → Inheritance → Multi-level_inheritance → Level_Up
Control_Statements,Level_Up,0.8850027377466132,0.2002101460091545,1.0,False,GamifiedResource,Level,0.9080021901972906,0.2814368502843552,0.3333333333333333,3,indirect,0.4926849108961455,Task_about_Java_Basics | Loops | Stash | BLockGame,Control_Statements → Stash → Task_about_Java_Basics → Level_Up
RF_GE_Motrain,Motrain,0.09795563471014328,0.19238719459707995,0.0,False,ReferenceKey,GameElementResource,0.07836450776811463,0.7018913020380473,1.0,1,direct,0.49051381847328085,,N/A
OOPCourseCommunity,Motrain,0.7866675241766338,0.30055425750462517,0.0,False,Space,GameElementResource,0.6293340193413071,0.32756676098264803,0.3333333333333333,3,indirect,0.488252028100543,IK_GE_Motrain | RF_GE_Motrain,OOPCourseCommunity → IK_GE_Motrain → RF_GE_Motrain → Motrain
Task_about_Inheritance,Level_Up,0.8761540159548348,0.19768329760964629,1.0,False,GamifiedResource,Level,0.9009232127638678,0.27906651505059427,0.3333333333333333,3,indirect,0.4880471403670784,Multi-level_inheritance | Inheritance | Arguments_and_parameters | Overloading | Single_level_inheritance,Task_about_Inheritance → Inheritance → Multi-level_inheritance → Level_Up
Level_Up,Tiny_stash,0.6820814238228821,0.14100849120768133,0.0415518252487452,False,Level,Reward,0.5539755041080547,0.3829270294325421,0.5,2,indirect,0.4876310674691611,Variables | 3.16.0 | Buil-in_Data_Types,Level_Up → Buil-in_Data_Types → Tiny_stash
Functions,Level_Up,0.8864029427492272,0.2009148326235497,1.0,False,GamifiedResource,Level,0.9091223541993818,0.27239520605141615,0.3333333333333333,3,indirect,0.48729791389564997,Task_about_Java_Basics | Variables | Strings | Java_Basics | Stash,Functions → Stash → Task_about_Java_Basics → Level_Up
Buil-in_Data_Types,Stash,0.8560958460612348,0.2001728699762085,0.9172442572270822,False,GamifiedResource,Reward,0.8683255282944043,0.2845767005076814,0.3333333333333333,3,indirect,0.4846084014514251,Variables | Strings | Level_Up | Task_about_Java_Basics | Tiny_stash,Buil-in_Data_Types → Level_Up → Task_about_Java_Basics → Stash
Multi-level_inheritance,Stash,0.8520925103025228,0.19112985018722453,0.9172442572270822,False,GamifiedResource,Reward,0.8651228596874347,0.2845857219386791,0.3333333333333333,3,indirect,0.48321309786602434,Level_Up | Task_about_Java_Basics | Variables | Strings | Arithmetic_operations,Multi-level_inheritance → Level_Up → Task_about_Java_Basics → Stash
Classes_and_Objects,Stash,0.8470841478973176,0.21289771497857615,0.9172442572270822,False,Lesson,Reward,0.8611161697632705,0.2815415773311545,0.3333333333333333,3,indirect,0.47948147702931154,Java_Basics | Functions | Control_Statements | Arithmetic_operations,Classes_and_Objects → Java_Basics → Functions → Stash
Buil-in_Data_Types,BLockGame,0.8251803025651538,0.21455050018528138,0.12935257077791257,False,GamifiedResource,Badge,0.6860147562077056,0.290598178835197,0.3333333333333333,3,indirect,0.4777019221406819,Task_about_Java_Basics | Level_Up | Loops | 3.16.0 | Tiny_stash,Buil-in_Data_Types → Level_Up → Task_about_Java_Basics → BLockGame
Graphical_User_Interface,Level_Up,0.83633448488009,0.2244375605423983,1.0,False,Lesson,Level,0.8690675879040721,0.28202605432480576,0.3333333333333333,3,indirect,0.4760340050191552,Polymorphism | Overloading | Overriding | Overloaded_constructors,Graphical_User_Interface → Polymorphism → Overloaded_constructors → Level_Up
Class_Methods_and_Constructors,Level_Up,0.8450431982139847,0.21554457324572557,1.0,False,Lesson,Level,0.8760345585711877,0.2767600445752102,0.3333333333333333,3,indirect,0.47565914834878126,Multi-level_inheritance | Inheritance | Overloading | ObjectOrientedProgramming | Single_level_inheritance,Class_Methods_and_Constructors → Inheritance → Multi-level_inheritance → Level_Up
ObjectOrientedProgramming,Stash,0.8262483545267874,0.23776251896281544,0.9172442572270822,False,onlineCourse,Reward,0.8444475350668463,0.2815415773311545,0.3333333333333333,3,indirect,0.47218894934962596,Java_Basics | Functions | Control_Statements | Arithmetic_operations,ObjectOrientedProgramming → Java_Basics → Functions → Stash
Classes_and_Objects,Level_Up,0.8441729389519488,0.21640905985066727,1.0,False,Lesson,Level,0.8753383511615591,0.27161872233326867,0.3333333333333333,3,indirect,0.47201269814980673,Java_Basics | Overloading | ObjectOrientedProgramming | Variables | Task_about_Java_Basics,Classes_and_Objects → Java_Basics → Task_about_Java_Basics → Level_Up
GUI_Elements,Level_Up,0.8309527341452668,0.19794999015967435,1.0,False,GamifiedResource,Level,0.8647621873162135,0.2769189219988917,0.3333333333333333,3,indirect,0.470830756250123,Task_about_Polymorphism | Polymorphism | Overloading | Overriding | Graphical_User_Interface,GUI_Elements → Task_about_Polymorphism → Overriding → Level_Up
Functions,Tiny_stash,0.7730292433980143,0.19534005235276775,0.0415518252487452,False,GamifiedResource,Reward,0.6267337597681605,0.3070431144173857,0.3333333333333333,3,indirect,0.47013825956060573,Variables | Strings | Java_Basics,Functions → Strings → Variables → Tiny_stash
Classes_and_Objects,BLockGame,0.8181555300309815,0.24121061758568738,0.12935257077791257,False,Lesson,Badge,0.6803949381803678,0.28153128113273324,0.3333333333333333,3,indirect,0.4693497682471201,Java_Basics | Control_Statements | Task_about_Java_Basics | Loops,Classes_and_Objects → Java_Basics → Control_Statements → BLockGame
Task_about_Java_Basics,Tiny_stash,0.8335599075123918,0.21965926283235926,0.0415518252487452,False,GamifiedResource,Reward,0.6751582910596625,0.2723202366523716,0.3333333333333333,3,indirect,0.4687541214533787,Level_Up | Variables | 3.16.0 | Java_Basics | Buil-in_Data_Types,Task_about_Java_Basics → Level_Up → Buil-in_Data_Types → Tiny_stash
Sara,Level_Up,0.8164256917635007,0.24437574760778372,1.0,False,Person,Level,0.8531405534108005,0.2814805846128875,0.3333333333333333,3,indirect,0.4687113721156021,Buil-in_Data_Types | Participation | PO1 | effectively_use_the_built-in_data_types,Sara → Participation → Buil-in_Data_Types → Level_Up
Classes_and_Objects,Tiny_stash,0.7868420684022533,0.2971981501405764,0.0415518252487452,False,Lesson,Reward,0.6377840197715517,0.2969293602739558,0.3333333333333333,3,indirect,0.4683988081188599,Variables | Java_Basics | ObjectOrientedProgramming | Strings,Classes_and_Objects → Java_Basics → Variables → Tiny_stash
Access_Modifiers,Level_Up,0.8877773069316257,0.20164584293862103,1.0,False,GamifiedResource,Level,0.9102218455453006,0.23849164636907164,0.25,4,indirect,0.4657416275659655,Classes_and_Objects | Java_Basics | Variables | Packages | Task_about_Java_Basics,Access_Modifiers → Classes_and_Objects → Java_Basics → Task_about_Java_Basics → Level_Up
Packages,Level_Up,0.8877762098803178,0.2016452406144353,1.0,False,GamifiedResource,Level,0.9102209679042543,0.23849156792184556,0.25,4,indirect,0.46574119260731084,Classes_and_Objects | Java_Basics | Task_about_Java_Basics | Variables | Array_of_instances,Packages → Classes_and_Objects → Java_Basics → Task_about_Java_Basics → Level_Up
Class_Instance,Level_Up,0.8877755482793361,0.20164487737278955,1.0,False,GamifiedResource,Level,0.9102204386234689,0.2384915417727702,0.25,4,indirect,0.4657409440500683,Classes_and_Objects | Java_Basics | Task_about_Java_Basics | Variables | Class_attributes_and_functions,Class_Instance → Classes_and_Objects → Java_Basics → Task_about_Java_Basics → Level_Up
ObjectOrientedProgramming,Level_Up,0.8199941226244146,0.24657463044692193,1.0,False,onlineCourse,Level,0.8559952980995318,0.2725665086440708,0.3333333333333333,3,indirect,0.4641661735371911,Polymorphism | Overloading | Task_about_Java_Basics | Java_Basics | Overloaded_constructors,ObjectOrientedProgramming → Polymorphism → Overloading → Level_Up
Control_Statements,Tiny_stash,0.7747686548631465,0.1931743037495494,0.0415518252487452,False,GamifiedResource,Reward,0.6281252889402663,0.29680802856430566,0.3333333333333333,3,indirect,0.4640942477688999,Variables | Strings | Java_Basics | Stash,Control_Statements → Java_Basics → Variables → Tiny_stash
ObjectOrientedProgramming,Tiny_stash,0.7745714653970565,0.32034720589503735,0.0415518252487452,False,onlineCourse,Reward,0.6279675373673942,0.2968358773295594,0.3333333333333333,3,indirect,0.46404333315318336,Variables | Java_Basics | Strings | Classes_and_Objects,ObjectOrientedProgramming → Java_Basics → Variables → Tiny_stash
Task_about_Classes_and_Objects,Level_Up,0.881070299698304,0.19872799872774122,1.0,False,GamifiedResource,Level,0.9048562397586433,0.23849180326352376,0.25,4,indirect,0.4633942770156968,Classes_and_Objects | Java_Basics | Variables | Access_Modifiers | Task_about_Java_Basics,Task_about_Classes_and_Objects → Classes_and_Objects → Java_Basics → Variables → Level_Up
ObjectOrientedProgramming,BLockGame,0.8004947267428537,0.27429661828324114,0.12935257077791257,False,onlineCourse,Badge,0.6662662955498655,0.28153128113273324,0.3333333333333333,3,indirect,0.4631684870962754,Java_Basics | Control_Statements | Task_about_Java_Basics | Loops,ObjectOrientedProgramming → Java_Basics → Control_Statements → BLockGame
Stash,Level_Up,0.5955612961396554,0.08686848945175901,1.0,False,Reward,Level,0.6764490369117243,0.39061948815252223,0.5,2,indirect,0.46234912094801883,Task_about_Java_Basics | Variables | Strings | Arithmetic_operations,Stash → Task_about_Java_Basics → Level_Up
BLockGame,Level_Up,0.580498103485612,0.14774495342493657,1.0,False,Badge,Level,0.6643984827884897,0.39821697125172106,0.5,2,indirect,0.46201536753358285,Task_about_Java_Basics | Variables | Loops | Java_Basics,BLockGame → Task_about_Java_Basics → Level_Up
OOPCourseCommunity,Level_Up,0.8103503301938375,0.2620093328752978,1.0,False,Space,Level,0.84828026415507,0.27152057613710057,0.3333333333333333,3,indirect,0.4601109900569585,LevelGE | DataTypes | ReferenceKey1 | IK_GE_LevelUp | IK2,OOPCourseCommunity → IK2 → LevelGE → Level_Up
Task_about_Class_Methods_and_Constructors,Level_Up,0.8810839064656305,0.19873602574059127,1.0,False,GamifiedResource,Level,0.9048671251725044,0.23246146039946264,0.25,4,indirect,0.4594793165226214,Multi-level_inheritance | Extend_Keyword | Inheritance | Single_level_inheritance | Class_Methods_and_Constructors,Task_about_Class_Methods_and_Constructors → Class_Methods_and_Constructors → Inheritance → Multi-level_inheritance → Level_Up
OOPCourseCommunity,Stash,0.8149416327476502,0.25477448338695663,0.9172442572270822,False,Space,Reward,0.8354021576435366,0.26651577930713555,0.3333333333333333,3,indirect,0.45846482801131566,JavaFunctions | JavaIf | IK_GE_stash | Functions | RFK_L1_R3,OOPCourseCommunity → IK_GE_stash → RF_GE_STash → Stash
Static_Keyword,Level_Up,0.887788758960031,0.20165213095093693,1.0,False,GamifiedResource,Level,0.9102310071680249,0.22563097450743044,0.25,4,indirect,0.45738619906584055,Class_Methods_and_Constructors | Multi-level_inheritance | Inheritance | Overloading | ObjectOrientedProgramming,Static_Keyword → Class_Methods_and_Constructors → Inheritance → Multi-level_inheritance → Level_Up
This_Keyword,Level_Up,0.8877869759610695,0.2016511519044371,1.0,False,GamifiedResource,Level,0.9102295807688556,0.22563089979578654,0.25,4,indirect,0.4573855264536355,Class_Methods_and_Constructors | Multi-level_inheritance | Inheritance | Overloading | ObjectOrientedProgramming,This_Keyword → Class_Methods_and_Constructors → Inheritance → Multi-level_inheritance → Level_Up
Constructors,Level_Up,0.8877862815256272,0.20165077059402745,1.0,False,GamifiedResource,Level,0.9102290252205019,0.22563086243996464,0.25,4,indirect,0.45738525911994654,Class_Methods_and_Constructors | Multi-level_inheritance | Inheritance | Overloading | ObjectOrientedProgramming,Constructors → Class_Methods_and_Constructors → Inheritance → Multi-level_inheritance → Level_Up
Multi-level_inheritance,Tiny_stash,0.7723976077161313,0.1972039587463739,0.0415518252487452,False,GamifiedResource,Reward,0.6262284512226541,0.2814746030118999,0.3333333333333333,3,indirect,0.4532976546583809,Level_Up | Variables | 3.16.0 | Buil-in_Data_Types,Multi-level_inheritance → Level_Up → Buil-in_Data_Types → Tiny_stash
Sara,Tiny_stash,0.7690328519911607,0.29274446388412306,0.0415518252487452,False,Person,Reward,0.6235366466426776,0.2814805846128875,0.3333333333333333,3,indirect,0.4521238781952831,Buil-in_Data_Types | Participation | PO1 | effectively_use_the_built-in_data_types,Sara → PO1 → Buil-in_Data_Types → Tiny_stash
OOPCourseCommunity,BLockGame,0.7968462891578675,0.28417499476994545,0.12935257077791257,False,Space,Badge,0.6633475454818766,0.26640807780301456,0.3333333333333333,3,indirect,0.4520614517772131,JavaIf | JavaForWhile | IK_GE_BlockGame | RFK_L1_R4 | Control_Statements,OOPCourseCommunity → IK_GE_BlockGame → RF_GE_BloackGame → BLockGame
Class_attributes_and_functions,Level_Up,0.8462109436456192,0.18927428831449847,1.0,False,GamifiedResource,Level,0.8769687549164955,0.2384915417727702,0.25,4,indirect,0.45119333242826737,Classes_and_Objects | Java_Basics | Task_about_Java_Basics | Variables | Class_Instance,Class_attributes_and_functions → Classes_and_Objects → Java_Basics → Task_about_Java_Basics → Level_Up
Loops,Tiny_stash,0.7748176272161043,0.19210642941160633,0.0415518252487452,False,GamifiedResource,Reward,0.6281644668226325,0.2764310238345481,0.3333333333333333,3,indirect,0.4508663350180927,Variables | Java_Basics | Strings | Task_about_Java_Basics | Level_Up,Loops → Java_Basics → Variables → Tiny_stash
Level_Up,Stash,0.5622405199031238,0.14771046873129254,0.9172442572270822,False,Level,Reward,0.6332412673679155,0.39061948815252223,0.5,2,indirect,0.45068684926523284,Task_about_Java_Basics | Variables | Strings | Arithmetic_operations,Level_Up → Task_about_Java_Basics → Stash
Static_functions,Level_Up,0.8667951491367039,0.19220890297050053,1.0,False,GamifiedResource,Level,0.8934361193093632,0.22563603622130285,0.25,4,indirect,0.4500417257416932,Class_Methods_and_Constructors | Multi-level_inheritance | Inheritance | Overloading | ObjectOrientedProgramming,Static_functions → Class_Methods_and_Constructors → Inheritance → Multi-level_inheritance → Level_Up
Access_Modifiers,Stash,0.853657448094143,0.1925222630790568,0.9172442572270822,False,GamifiedResource,Reward,0.8663748099207309,0.2323456722937879,0.25,4,indirect,0.44980479382391214,Classes_and_Objects | Java_Basics | Functions | Control_Statements | Arithmetic_operations,Access_Modifiers → Classes_and_Objects → Java_Basics → Functions → Stash
Packages,Stash,0.8536540106683702,0.1925208406865825,0.9172442572270822,False,GamifiedResource,Reward,0.8663720599801127,0.2323456722937879,0.25,4,indirect,0.44980359072489173,Classes_and_Objects | Java_Basics | Functions | Control_Statements | Arithmetic_operations,Packages → Classes_and_Objects → Java_Basics → Functions → Stash
Class_Instance,Stash,0.8536519376767963,0.19251998291867087,0.9172442572270822,False,GamifiedResource,Reward,0.8663704015868535,0.2323456722937879,0.25,4,indirect,0.44980286517784085,Classes_and_Objects | Java_Basics | Functions | Control_Statements | Arithmetic_operations,Class_Instance → Classes_and_Objects → Java_Basics → Functions → Stash
Multi-level_inheritance,BLockGame,0.7725704519851572,0.15060638265904078,0.12935257077791257,False,GamifiedResource,Badge,0.6439268757437083,0.2750057466913938,0.3333333333333333,3,indirect,0.449153393544211,Task_about_Java_Basics | Level_Up | ObjectOrientedProgramming | Control_Statements | Loops,Multi-level_inheritance → Level_Up → Task_about_Java_Basics → BLockGame
OOPCourseCommunity,Tiny_stash,0.7849242043495178,0.3050242964771926,0.0415518252487452,False,Space,Reward,0.6362497285293633,0.26654014697673256,0.3333333333333333,3,indirect,0.4479745670572074,JavaVariables | DataTypes | RFK_L1_R1 | ReferenceKey1 | IK_GE_TinyStash,OOPCourseCommunity → IK_GE_TinyStash → RFK_GE_TinyStash → Tiny_stash
Strings,BLockGame,0.7735873747349404,0.15166384387246662,0.12935257077791257,False,GamifiedResource,Badge,0.6447404139435349,0.27237593418287903,0.3333333333333333,3,indirect,0.44779993837610055,Control_Statements | Functions | Task_about_Java_Basics | Java_Basics | Stash,Strings → Functions → Control_Statements → BLockGame
Class_Methods_and_Constructors,Stash,0.845761351540256,0.21293256175529132,0.9172442572270822,False,Lesson,Reward,0.8600579326776213,0.23243371623051032,0.25,4,indirect,0.44709838858892126,Java_Basics | Functions | Classes_and_Objects | ObjectOrientedProgramming | Control_Statements,Class_Methods_and_Constructors → Classes_and_Objects → Java_Basics → Functions → Stash
Task_about_Classes_and_Objects,Stash,0.8450805613083359,0.18706214442028118,0.9172442572270822,False,GamifiedResource,Reward,0.8595133004920852,0.2323456722937879,0.25,4,indirect,0.44680288344887964,Classes_and_Objects | Java_Basics | Functions | Control_Statements | Arithmetic_operations,Task_about_Classes_and_Objects → Classes_and_Objects → Java_Basics → Functions → Stash
Java_FX,Level_Up,0.8722426869158543,0.20875378009779982,1.0,False,GamifiedResource,Level,0.8977941495326835,0.2171296486185645,0.25,4,indirect,0.4464192120226159,Graphical_User_Interface | Polymorphism | Overloading | Overriding | Task_about_Polymorphism,Java_FX → GUI_Elements → Task_about_Polymorphism → Overriding → Level_Up
Function_Types,Level_Up,0.8810766351016749,0.198731751699865,1.0,False,GamifiedResource,Level,0.9048613080813399,0.2111763484016654,0.25,4,indirect,0.4456414487466688,Class_Methods_and_Constructors | Overloading | ObjectOrientedProgramming | Multi-level_inheritance | Task_about_Classes_and_Objects,Function_Types → Class_Methods_and_Constructors → Inheritance → Multi-level_inheritance → Level_Up
Graphical_User_Interface,Stash,0.8348889843946884,0.21475032963734753,0.9172442572270822,False,Lesson,Reward,0.8513600389611672,0.232420458649305,0.25,4,indirect,0.4432844426601892,ObjectOrientedProgramming | Java_Basics | Functions | Control_Statements | Arithmetic_operations,Graphical_User_Interface → ObjectOrientedProgramming → Java_Basics → Functions → Stash
Task_about_GUI,Level_Up,0.8321532032329635,0.1985135511861763,1.0,False,GamifiedResource,Level,0.8657225625863709,0.2327714053896528,0.25,4,indirect,0.4425550346348115,Graphical_User_Interface | Polymorphism | Overloading | Overriding | Overloaded_constructors,Task_about_GUI → Graphical_User_Interface → Polymorphism → Overloaded_constructors → Level_Up
Exception_Handling,Stash,0.8312273408241921,0.22889896736916304,0.9172442572270822,False,Lesson,Reward,0.8484307241047702,0.232420458649305,0.25,4,indirect,0.44200286741051553,ObjectOrientedProgramming | Java_Basics | Functions | Control_Statements | Arithmetic_operations,Exception_Handling → ObjectOrientedProgramming → Java_Basics → Functions → Stash
Event_Handler_and_Listener,Stash,0.8271357956660033,0.236227198275533,0.9172442572270822,False,Lesson,Reward,0.8451574879782191,0.232420458649305,0.25,4,indirect,0.44057082660514935,ObjectOrientedProgramming | Java_Basics | Functions | Control_Statements | Arithmetic_operations,Event_Handler_and_Listener → ObjectOrientedProgramming → Java_Basics → Functions → Stash
Overloading,Stash,0.7294888036490803,0.16778867324405636,0.9172442572270822,False,GamifiedResource,Reward,0.7670398943646807,0.2848041713142,0.3333333333333333,3,indirect,0.4404437926314081,Level_Up | Task_about_Java_Basics | Overriding | Variables | Strings,Overloading → Level_Up → Task_about_Java_Basics → Stash
Class_Methods_and_Constructors,Tiny_stash,0.7865290700081813,0.29596903845513384,0.0415518252487452,False,Lesson,Reward,0.6375336210562941,0.25379301969236023,0.25,4,indirect,0.4402506373028976,Variables | Java_Basics | ObjectOrientedProgramming | Classes_and_Objects,Class_Methods_and_Constructors → Classes_and_Objects → Java_Basics → Variables → Tiny_stash
Overriding,Stash,0.72516917497058,0.17115636048142807,0.9172442572270822,False,GamifiedResource,Reward,0.7635841914218805,0.28484425784672013,0.3333333333333333,3,indirect,0.43895797884007104,Level_Up | Task_about_Java_Basics | Overloading | Variables | Strings,Overriding → Level_Up → Task_about_Java_Basics → Stash
Single_level_inheritance,Stash,0.8538432309836326,0.19259922329647944,0.9172442572270822,False,GamifiedResource,Reward,0.8665234362323225,0.21480733055832085,0.25,4,indirect,0.43846989570718,Multi-level_inheritance | Level_Up | ObjectOrientedProgramming | Variables | Strings,Single_level_inheritance → Multi-level_inheritance → Level_Up → Task_about_Java_Basics → Stash
Input_and_Output_Stream,Level_Up,0.8372769871169782,0.2098771513202509,1.0,False,Lesson,Level,0.8698215896935826,0.2234058656348213,0.25,4,indirect,0.4382607581535762,ObjectOrientedProgramming | Polymorphism | Overloading | Task_about_Java_Basics | Java_Basics,Input_and_Output_Stream → ObjectOrientedProgramming → Polymorphism → Overloading → Level_Up
Inheritance,Stash,0.8470768218762987,0.21290374815098087,0.9172442572270822,False,Lesson,Reward,0.8611103089464555,0.21674163369610905,0.25,4,indirect,0.4373589495591754,ObjectOrientedProgramming | Java_Basics | Multi-level_inheritance | Functions | Control_Statements,Inheritance → ObjectOrientedProgramming → Java_Basics → Functions → Stash
Polymorphism,Stash,0.847048076098593,0.21005454550186417,0.9172442572270822,False,Lesson,Reward,0.8610873123242909,0.21668569335275897,0.25,4,indirect,0.4373125273138009,ObjectOrientedProgramming | Java_Basics | Functions | Control_Statements | Task_about_Java_Basics,Polymorphism → ObjectOrientedProgramming → Java_Basics → Functions → Stash
Class_Methods_and_Constructors,BLockGame,0.8144200090951539,0.23910861977896627,0.12935257077791257,False,Lesson,Badge,0.6774065214317057,0.2324018928058025,0.25,4,indirect,0.4361082335070755,Java_Basics | Control_Statements | Classes_and_Objects | ObjectOrientedProgramming | Loops,Class_Methods_and_Constructors → Classes_and_Objects → Java_Basics → Control_Statements → BLockGame
Super_Keyword,Stash,0.8460057378911268,0.18685001201836896,0.9172442572270822,False,GamifiedResource,Reward,0.8602534417583179,0.21480733055832085,0.25,4,indirect,0.4357267731248029,Multi-level_inheritance | Level_Up | ObjectOrientedProgramming | Variables | Strings,Super_Keyword → Multi-level_inheritance → Level_Up → Task_about_Java_Basics → Stash
Exception_Handling,Level_Up,0.8283420839070491,0.23500528318099703,1.0,False,Lesson,Level,0.8626736671256394,0.2234058656348213,0.25,4,indirect,0.435133542030101,ObjectOrientedProgramming | Polymorphism | Overloading | Task_about_Java_Basics | Java_Basics,Exception_Handling → ObjectOrientedProgramming → Polymorphism → Overloading → Level_Up
nil,Level_Up,0.8037386673291523,0.272372169777987,1.0,False,unknown,Level,0.8429909338633219,0.2341005105918283,0.25,4,indirect,0.4334738654498917,Buil-in_Data_Types | Participation | _:b72 | PO1 | Sara,nil → _:b72 → Participation → Buil-in_Data_Types → Level_Up
Event_Handler_and_Listener,Level_Up,0.8230011584695911,0.24225227888779305,1.0,False,Lesson,Level,0.8584009267756729,0.22344705042850638,0.25,4,indirect,0.433290988242886,Overloading | ObjectOrientedProgramming | Polymorphism | Graphical_User_Interface | Task_about_Java_Basics,Event_Handler_and_Listener → ObjectOrientedProgramming → Polymorphism → Overloading → Level_Up
Static_Keyword,Stash,0.853693334052062,0.19253711591640926,0.9172442572270822,False,GamifiedResource,Reward,0.8664035186870661,0.20351009454173502,0.2,5,indirect,0.4310742283703495,Class_Methods_and_Constructors | Java_Basics | Functions | Classes_and_Objects | ObjectOrientedProgramming,Static_Keyword → Class_Methods_and_Constructors → Classes_and_Objects → Java_Basics → Functions → Stash
This_Keyword,Stash,0.8536877465107378,0.1925348028841168,0.9172442572270822,False,GamifiedResource,Reward,0.8663990486540067,0.20351009454173502,0.2,5,indirect,0.43107227273088594,Class_Methods_and_Constructors | Java_Basics | Functions | Classes_and_Objects | ObjectOrientedProgramming,This_Keyword → Class_Methods_and_Constructors → Classes_and_Objects → Java_Basics → Functions → Stash
Constructors,Stash,0.8536855703323483,0.1925339020684182,0.9172442572270822,False,GamifiedResource,Reward,0.8663973077112951,0.20351009454173502,0.2,5,indirect,0.43107151106844965,Class_Methods_and_Constructors | Java_Basics | Functions | Classes_and_Objects | ObjectOrientedProgramming,Constructors → Class_Methods_and_Constructors → Classes_and_Objects → Java_Basics → Functions → Stash
Event_Handler_and_Listener,BLockGame,0.7993608394444331,0.27107778460649207,0.12935257077791257,False,Lesson,Badge,0.6653591857111291,0.232412221690568,0.25,4,indirect,0.4308442379044208,ObjectOrientedProgramming | Java_Basics | Control_Statements | Task_about_Java_Basics | Loops,Event_Handler_and_Listener → ObjectOrientedProgramming → Java_Basics → Control_Statements → BLockGame
Course,Stash,0.7990112556893784,0.2770141224229358,0.9172442572270822,False,unknown,Reward,0.8226578559969192,0.232420458649305,0.25,4,indirect,0.43072723761333065,ObjectOrientedProgramming | Java_Basics | Functions | Control_Statements | Arithmetic_operations,Course → ObjectOrientedProgramming → Java_Basics → Functions → Stash
Exception_Handling,BLockGame,0.7976617981579479,0.2613845861536103,0.12935257077791257,False,Lesson,Badge,0.6639999526819409,0.232412221690568,0.25,4,indirect,0.43024957345415094,ObjectOrientedProgramming | Java_Basics | Control_Statements | Task_about_Java_Basics | Loops,Exception_Handling → ObjectOrientedProgramming → Java_Basics → Control_Statements → BLockGame
Access_Modifiers,Tiny_stash,0.7738558717977992,0.19478093421077539,0.0415518252487452,False,GamifiedResource,Reward,0.6273950624879885,0.2446575721888517,0.25,4,indirect,0.4298769770519833,Variables | Classes_and_Objects | Java_Basics | ObjectOrientedProgramming | Packages,Access_Modifiers → Classes_and_Objects → Java_Basics → Variables → Tiny_stash
Packages,Tiny_stash,0.7738515917317441,0.19477794354321648,0.0415518252487452,False,GamifiedResource,Reward,0.6273916384351443,0.24465749374162563,0.25,4,indirect,0.4298754280381671,Variables | Classes_and_Objects | Java_Basics | ObjectOrientedProgramming | Array_of_instances,Packages → Classes_and_Objects → Java_Basics → Variables → Tiny_stash
Class_Instance,Tiny_stash,0.7738490105768088,0.1947761400348111,0.0415518252487452,False,GamifiedResource,Reward,0.6273895735111961,0.24465746759255025,0.25,4,indirect,0.4298745076370407,Variables | Classes_and_Objects | Java_Basics | ObjectOrientedProgramming | Class_attributes_and_functions,Class_Instance → Classes_and_Objects → Java_Basics → Variables → Tiny_stash
Event_Handler_and_Listener,Tiny_stash,0.7731904840517851,0.3204203140719515,0.0415518252487452,False,Lesson,Reward,0.6268627522911772,0.24475013991561057,0.25,4,indirect,0.4297042603632717,ObjectOrientedProgramming | Variables | Java_Basics | Exception_Handling | Classes_and_Objects,Event_Handler_and_Listener → ObjectOrientedProgramming → Java_Basics → Variables → Tiny_stash
Exception_Handling,Tiny_stash,0.7730219606809109,0.31772722796185965,0.0415518252487452,False,Lesson,Reward,0.6267279335944778,0.24460156086943996,0.25,4,indirect,0.42954870080345475,ObjectOrientedProgramming | Variables | Java_Basics | Classes_and_Objects | Input_and_Output_Stream,Exception_Handling → ObjectOrientedProgramming → Java_Basics → Variables → Tiny_stash
Event_Listeners,Level_Up,0.8622571464077031,0.21184718818061246,1.0,False,GamifiedResource,Level,0.8898057171261626,0.19514817124138104,0.2,5,indirect,0.4286363125495938,Event_Handler_and_Listener | Overloading | ObjectOrientedProgramming | Polymorphism | Graphical_User_Interface,Event_Listeners → Event_Handler_and_Listener → ObjectOrientedProgramming → Polymorphism → Overloading → Level_Up
RFK_L1_R6,Level_Up,0.48453909829185865,0.1009405400688136,1.0,False,ReferenceKey,Level,0.587631278633487,0.3981885995049602,0.5,2,indirect,0.42841127408037466,Task_about_Java_Basics | Variables | Java_Basics | Arithmetic_operations,RFK_L1_R6 → Task_about_Java_Basics → Level_Up
Task_about_Class_Methods_and_Constructors,Stash,0.8451228814159712,0.18708168622289614,0.9172442572270822,False,GamifiedResource,Reward,0.8595471565781935,0.20351009454173502,0.2,5,indirect,0.4280745699477177,Class_Methods_and_Constructors | Java_Basics | Functions | Classes_and_Objects | ObjectOrientedProgramming,Task_about_Class_Methods_and_Constructors → Class_Methods_and_Constructors → Classes_and_Objects → Java_Basics → Functions → Stash
Participation,Level_Up,0.4888470598597838,0.15141463898434512,1.0,False,NamedIndividual,Level,0.591077647887827,0.39501248705138464,0.5,2,indirect,0.42785458753432437,Buil-in_Data_Types | 3.16.0 | PO1 | Sara | Tiny_stash,Participation → Buil-in_Data_Types → Level_Up
Graphical_User_Interface,BLockGame,0.7898781277138616,0.23394492504569148,0.12935257077791257,False,Lesson,Badge,0.6577730163266718,0.232412221690568,0.25,4,indirect,0.4275252887987207,ObjectOrientedProgramming | Java_Basics | Control_Statements | Task_about_Java_Basics | Loops,Graphical_User_Interface → ObjectOrientedProgramming → Java_Basics → Control_Statements → BLockGame
Inheritance,BLockGame,0.8188070060584234,0.24030997765860235,0.12935257077791257,False,Lesson,Badge,0.6809161190023213,0.2167189026784606,0.25,4,indirect,0.42744973886144755,ObjectOrientedProgramming | Java_Basics | Multi-level_inheritance | Control_Statements | Task_about_Java_Basics,Inheritance → ObjectOrientedProgramming → Java_Basics → Control_Statements → BLockGame
Task_about_Classes_and_Objects,Tiny_stash,0.7661809539684468,0.19900035262076546,0.0415518252487452,False,GamifiedResource,Reward,0.6212551282245065,0.2446577290833038,0.25,4,indirect,0.42719085779310384,Variables | Classes_and_Objects | Java_Basics | ObjectOrientedProgramming | Access_Modifiers,Task_about_Classes_and_Objects → Classes_and_Objects → Java_Basics → Variables → Tiny_stash
o,Level_Up,0.7854531917667863,0.30014583670183725,1.0,False,Variable,Level,0.8283625534134291,0.23400576726199984,0.2,5,indirect,0.4270123658386751,Participation | _:b72 | _:b71 | Buil-in_Data_Types,o → _:b71 → _:b72 → Participation → Buil-in_Data_Types → Level_Up
Event_Listeners,Stash,0.8398945399860714,0.2099971858081814,0.9172442572270822,False,GamifiedResource,Reward,0.8553644834342736,0.2037428648941923,0.2,5,indirect,0.42639595117635,Event_Handler_and_Listener | ObjectOrientedProgramming | Java_Basics | Functions | Control_Statements,Event_Listeners → Event_Handler_and_Listener → ObjectOrientedProgramming → Java_Basics → Functions → Stash
Java_FX,Stash,0.838390934198072,0.19937300340960118,0.9172442572270822,False,GamifiedResource,Reward,0.8541615988038741,0.20353140603814984,0.2,5,indirect,0.42573224089412254,ObjectOrientedProgramming | Graphical_User_Interface | Java_Basics | Functions | Control_Statements,Java_FX → Graphical_User_Interface → ObjectOrientedProgramming → Java_Basics → Functions → Stash
Course,Tiny_stash,0.7611390364982855,0.34284579809630594,0.0415518252487452,False,unknown,Reward,0.6172215942483775,0.24465589864802895,0.25,4,indirect,0.42542499689561875,ObjectOrientedProgramming | Variables | Java_Basics | Strings | Classes_and_Objects,Course → ObjectOrientedProgramming → Java_Basics → Variables → Tiny_stash
nil,Tiny_stash,0.7789868375460307,0.3151069325807468,0.0415518252487452,False,unknown,Reward,0.6314998350865736,0.2341005105918283,0.25,4,indirect,0.42481072502579914,Buil-in_Data_Types | Participation | _:b72 | PO1 | Sara,nil → _:b72 → Participation → Buil-in_Data_Types → Tiny_stash
Course,Level_Up,0.7978276717108036,0.27981039063906915,1.0,False,unknown,Level,0.838262137368643,0.2234058656348213,0.25,4,indirect,0.42445349776141506,ObjectOrientedProgramming | Polymorphism | Overloading | Task_about_Java_Basics | Java_Basics,Course → ObjectOrientedProgramming → Polymorphism → Overloading → Level_Up
Sara,Stash,0.7809330174905623,0.22590007089651767,0.9172442572270822,False,Person,Reward,0.8081952654378664,0.232420458649305,0.25,4,indirect,0.42439985424374504,ObjectOrientedProgramming | Java_Basics | Functions | Control_Statements | Arithmetic_operations,Sara → ObjectOrientedProgramming → Java_Basics → Functions → Stash
Arrays,Level_Up,0.8014483408400531,0.16396496690081452,1.0,False,GamifiedResource,Level,0.8411586726720426,0.22122967421103812,0.25,4,indirect,0.4243062075311933,Classes_and_Objects | Java_Basics | Overloading | ObjectOrientedProgramming | Variables,Arrays → Classes_and_Objects → Java_Basics → Task_about_Java_Basics → Level_Up
Polymorphism,BLockGame,0.8095000544819826,0.23250870746900507,0.12935257077791257,False,Lesson,Badge,0.6734705577411686,0.21666296233511056,0.25,4,indirect,0.42415594458651573,ObjectOrientedProgramming | Java_Basics | Control_Statements | Task_about_Java_Basics | Loops,Polymorphism → ObjectOrientedProgramming → Java_Basics → Control_Statements → BLockGame
Course,BLockGame,0.7779780381932445,0.3101301909246316,0.12935257077791257,False,unknown,Badge,0.6482529447101781,0.232412221690568,0.25,4,indirect,0.42336025746650474,ObjectOrientedProgramming | Java_Basics | Control_Statements | Task_about_Java_Basics | Loops,Course → ObjectOrientedProgramming → Java_Basics → Control_Statements → BLockGame
Input_and_Output_Stream,Stash,0.774610106082186,0.17079650267346028,0.9172442572270822,False,Lesson,Reward,0.8031369363111652,0.232420458649305,0.25,4,indirect,0.42218683525081335,ObjectOrientedProgramming | Java_Basics | Functions | Control_Statements | Arithmetic_operations,Input_and_Output_Stream → ObjectOrientedProgramming → Java_Basics → Functions → Stash
Access_Modifiers,BLockGame,0.7736696461371568,0.15169880309417466,0.12935257077791257,False,GamifiedResource,Badge,0.644806231065308,0.2323374353350509,0.25,4,indirect,0.421803709115788,Classes_and_Objects | Java_Basics | Control_Statements | Task_about_Java_Basics | Loops,Access_Modifiers → Classes_and_Objects → Java_Basics → Control_Statements → BLockGame
Packages,BLockGame,0.7736625360551248,0.1516957828014638,0.12935257077791257,False,GamifiedResource,Badge,0.6448005429996824,0.2323374353350509,0.25,4,indirect,0.4218012205870768,Classes_and_Objects | Java_Basics | Control_Statements | Task_about_Java_Basics | Loops,Packages → Classes_and_Objects → Java_Basics → Control_Statements → BLockGame
Class_Instance,BLockGame,0.773658248271492,0.15169396155093054,0.12935257077791257,False,GamifiedResource,Badge,0.6447971127727762,0.2323374353350509,0.25,4,indirect,0.4217997198628053,Classes_and_Objects | Java_Basics | Control_Statements | Task_about_Java_Basics | Loops,Class_Instance → Classes_and_Objects → Java_Basics → Control_Statements → BLockGame
Single_level_inheritance,Tiny_stash,0.7734205170392395,0.19561438519103438,0.0415518252487452,False,GamifiedResource,Reward,0.6270467786811407,0.23235916521667144,0.25,4,indirect,0.42173063835457025,Multi-level_inheritance | Level_Up | Variables | 3.16.0 | Buil-in_Data_Types,Single_level_inheritance → Multi-level_inheritance → Level_Up → Buil-in_Data_Types → Tiny_stash
Files,Level_Up,0.8399638842053581,0.20180652210160843,1.0,False,GamifiedResource,Level,0.8719711073642864,0.19500564010278193,0.2,5,indirect,0.4207410255386836,ObjectOrientedProgramming | Overloading | Polymorphism | Input_and_Output_Stream | Exception_Handling,Files → Input_and_Output_Stream → ObjectOrientedProgramming → Polymorphism → Overloading → Level_Up
Input_and_Output_Stream,Tiny_stash,0.7466595058111307,0.2722822966111221,0.0415518252487452,False,Lesson,Reward,0.6056379696986536,0.24475013991561057,0.25,4,indirect,0.42041841797904267,ObjectOrientedProgramming | Variables | Java_Basics | Exception_Handling | Classes_and_Objects,Input_and_Output_Stream → ObjectOrientedProgramming → Java_Basics → Variables → Tiny_stash
Super_Keyword,Tiny_stash,0.7691198269395005,0.20204627552368143,0.0415518252487452,False,GamifiedResource,Reward,0.6236062266013495,0.23235916521667144,0.25,4,indirect,0.42022539681966165,Multi-level_inheritance | Level_Up | Variables | 3.16.0 | Buil-in_Data_Types,Super_Keyword → Multi-level_inheritance → Level_Up → Buil-in_Data_Types → Tiny_stash
Try_and_Catch,Level_Up,0.8370208425956726,0.20025038341029874,1.0,False,GamifiedResource,Level,0.8696166740765381,0.19522060418011608,0.2,5,indirect,0.4198506876255608,ObjectOrientedProgramming | Overloading | Exception_Handling | Polymorphism | Event_Handler_and_Listener,Try_and_Catch → Exception_Handling → ObjectOrientedProgramming → Polymorphism → Overloading → Level_Up
nil,Stash,0.807508176167806,0.2661427592925501,0.9172442572270822,False,unknown,Reward,0.8294553923796613,0.21060710700115928,0.16666666666666666,6,indirect,0.41952248120948565,Participation | _:b72 | Task_about_Java_Basics | Buil-in_Data_Types | Level_Up,nil → _:b72 → Participation → Buil-in_Data_Types → Level_Up → Task_about_Java_Basics → Stash
Exceptions,Level_Up,0.8360003014193605,0.1997190145485308,1.0,False,GamifiedResource,Level,0.8688002411354885,0.1950040524803496,0.2,5,indirect,0.41935273960900343,Exception_Handling | ObjectOrientedProgramming | Polymorphism | Overloading | Task_about_Java_Basics,Exceptions → Exception_Handling → ObjectOrientedProgramming → Polymorphism → Overloading → Level_Up
o,Tiny_stash,0.7629204560486962,0.3395162781274469,0.0415518252487452,False,Variable,Reward,0.6186467298887061,0.23400576726199984,0.2,5,indirect,0.41912590833734353,Participation | _:b72 | _:b71 | Buil-in_Data_Types,o → _:b71 → _:b72 → Participation → Buil-in_Data_Types → Tiny_stash
Inheritance_vs_Composition,Stash,0.8466711593773351,0.1871206735009312,0.9172442572270822,False,GamifiedResource,Reward,0.8607857789472846,0.18830097515630106,0.2,5,indirect,0.4187305396336629,Multi-level_inheritance | Task_about_Java_Basics | Inheritance | Level_Up | Super_Keyword,Inheritance_vs_Composition → Super_Keyword → Multi-level_inheritance → Level_Up → Task_about_Java_Basics → Stash
Task_about_Classes_and_Objects,BLockGame,0.7637650917942145,0.14604949458792998,0.12935257077791257,False,GamifiedResource,Badge,0.6368825875909542,0.2323374353350509,0.25,4,indirect,0.4183371150957581,Classes_and_Objects | Java_Basics | Control_Statements | Task_about_Java_Basics | Loops,Task_about_Classes_and_Objects → Classes_and_Objects → Java_Basics → Control_Statements → BLockGame
Function_Types,Stash,0.8451002766431829,0.18707126199778745,0.9172442572270822,False,GamifiedResource,Reward,0.8595290727599628,0.18838215169210815,0.2,5,indirect,0.41823349542498434,Functions | Class_Methods_and_Constructors | Java_Basics | JavaFunctions | ObjectOrientedProgramming,Function_Types → Class_Methods_and_Constructors → Classes_and_Objects → Java_Basics → Functions → Stash
Extend_Keyword,Stash,0.8451547340427373,0.1870964559587062,0.9172442572270822,False,GamifiedResource,Reward,0.8595726386796063,0.18827699972283438,0.2,5,indirect,0.4181842067348004,Multi-level_inheritance | Task_about_Java_Basics | Inheritance | Level_Up | ObjectOrientedProgramming,Extend_Keyword → Inheritance → ObjectOrientedProgramming → Java_Basics → Functions → Stash
Overloading,Tiny_stash,0.6716001240993296,0.1791776062673252,0.0415518252487452,False,GamifiedResource,Reward,0.5455904643292127,0.2814746030118999,0.3333333333333333,3,indirect,0.4180185353925003,Level_Up | Variables | 3.16.0 | Buil-in_Data_Types,Overloading → Level_Up → Buil-in_Data_Types → Tiny_stash
BLockGame,Stash,0.459461711057949,0.235494214479223,0.9172442572270822,False,Badge,Reward,0.5510182202917757,0.393188972565102,0.5,2,indirect,0.4163844310375984,Control_Statements | Functions | Task_about_Java_Basics,BLockGame → Control_Statements → Stash
Inheritance,Tiny_stash,0.7868374490612423,0.29719946616740306,0.0415518252487452,False,Lesson,Reward,0.6377803242987429,0.21670184974574655,0.25,4,indirect,0.41624930950617,Multi-level_inheritance | Level_Up | ObjectOrientedProgramming | Variables | 3.16.0,Inheritance → ObjectOrientedProgramming → Java_Basics → Variables → Tiny_stash
Overriding,Tiny_stash,0.6665304859708927,0.1823069616030993,0.0415518252487452,False,GamifiedResource,Reward,0.5415347538264632,0.2814746030118999,0.3333333333333333,3,indirect,0.4162441620475474,Level_Up | Variables | 3.16.0 | Buil-in_Data_Types,Overriding → Level_Up → Buil-in_Data_Types → Tiny_stash
Polymorphism,Tiny_stash,0.7853808955624215,0.29393663318032237,0.0415518252487452,False,Lesson,Reward,0.6366150814996863,0.21681901628125072,0.25,4,indirect,0.41581567402966046,Level_Up | Buil-in_Data_Types | Overloading | ObjectOrientedProgramming | Variables,Polymorphism → ObjectOrientedProgramming → Java_Basics → Variables → Tiny_stash
Task_about_Inheritance,Stash,0.8432557065388263,0.18575879080401703,0.9172442572270822,False,GamifiedResource,Reward,0.8580534166764775,0.18343722898107545,0.2,5,indirect,0.4143736961262882,Task_about_Java_Basics | Inheritance | Level_Up | Arguments_and_parameters | Overloading,Task_about_Inheritance → Inheritance → ObjectOrientedProgramming → Java_Basics → Functions → Stash
Graphical_User_Interface,Tiny_stash,0.7755221665576606,0.30367098920421354,0.0415518252487452,False,Lesson,Reward,0.6287280982958775,0.2195267483648475,0.25,4,indirect,0.4141251447323321,ObjectOrientedProgramming | Variables | Java_Basics | Overloading | Polymorphism,Graphical_User_Interface → ObjectOrientedProgramming → Java_Basics → Variables → Tiny_stash
Single_level_inheritance,BLockGame,0.7733874036418077,0.15135338830304215,0.12935257077791257,False,GamifiedResource,Badge,0.6445804370690287,0.2194288037344686,0.25,4,indirect,0.41331431370203725,Multi-level_inheritance | Task_about_Java_Basics | Level_Up | ObjectOrientedProgramming | Control_Statements,Single_level_inheritance → Multi-level_inheritance → Level_Up → Task_about_Java_Basics → BLockGame
nil,BLockGame,0.7887484308878581,0.2975414109132435,0.12935257077791257,False,unknown,Badge,0.656869258865869,0.21060710700115928,0.16666666666666666,6,indirect,0.41295657036150385,Participation | _:b72 | Task_about_Java_Basics | Buil-in_Data_Types | Level_Up,nil → _:b72 → Participation → Buil-in_Data_Types → Level_Up → Task_about_Java_Basics → BLockGame
Static_functions,Stash,0.8003600373772347,0.1768368963822265,0.9172442572270822,False,GamifiedResource,Reward,0.8237368813472042,0.20351009454173502,0.2,5,indirect,0.4124075745341599,Class_Methods_and_Constructors | Java_Basics | Functions | Classes_and_Objects | ObjectOrientedProgramming,Static_functions → Class_Methods_and_Constructors → Classes_and_Objects → Java_Basics → Functions → Stash
Level_Up,BLockGame,0.4545043637138292,0.14753916805148037,0.12935257077791257,False,Level,Badge,0.3894740051266459,0.38908009862360565,0.5,2,indirect,0.4119785914051839,Task_about_Java_Basics | Variables | Control_Statements | Loops | Java_Basics,Level_Up → Task_about_Java_Basics → BLockGame
Event_Listeners,Tiny_stash,0.77961643116754,0.23497352550832473,0.0415518252487452,False,GamifiedResource,Reward,0.6320035099837811,0.2140175992827803,0.2,5,indirect,0.4119771904424462,Event_Handler_and_Listener | ObjectOrientedProgramming | Variables | Java_Basics | Exception_Handling,Event_Listeners → Event_Handler_and_Listener → ObjectOrientedProgramming → Java_Basics → Variables → Tiny_stash
Array_of_instances,Level_Up,0.7324329295413987,0.12690104427428625,1.0,False,Resource,Level,0.7859463436331191,0.23849164636907164,0.25,4,indirect,0.4113710954793861,Classes_and_Objects | Java_Basics | Task_about_Java_Basics | Variables | Packages,Array_of_instances → Classes_and_Objects → Java_Basics → Task_about_Java_Basics → Level_Up
Super_Keyword,BLockGame,0.7664407959603359,0.1468730469468515,0.12935257077791257,False,GamifiedResource,Badge,0.6390231509238512,0.2194288037344686,0.25,4,indirect,0.41088300101352215,Multi-level_inheritance | Task_about_Java_Basics | Level_Up | ObjectOrientedProgramming | Control_Statements,Super_Keyword → Multi-level_inheritance → Level_Up → Task_about_Java_Basics → BLockGame
Overloaded_constructors,Stash,0.6385782368039088,0.17639227252886805,0.9172442572270822,False,GamifiedResource,Reward,0.6943114408885435,0.2845857219386791,0.3333333333333333,3,indirect,0.4084831021415095,Level_Up | Task_about_Java_Basics | Variables | Strings | Arithmetic_operations,Overloaded_constructors → Level_Up → Task_about_Java_Basics → Stash
Overloading,BLockGame,0.6142477581849463,0.09650338806800908,0.12935257077791257,False,GamifiedResource,Badge,0.5172687207035396,0.29697485966507453,0.3333333333333333,3,indirect,0.40802037414702963,Task_about_Java_Basics | Level_Up | Overriding | Loops,Overloading → Level_Up → Task_about_Java_Basics → BLockGame
Event_Listeners,BLockGame,0.7842717281648177,0.1928213122778522,0.12935257077791257,False,GamifiedResource,Badge,0.6532878966874367,0.20373600076191145,0.2,5,indirect,0.40692350535292865,Event_Handler_and_Listener | ObjectOrientedProgramming | Java_Basics | Control_Statements | Task_about_Java_Basics,Event_Listeners → Event_Handler_and_Listener → ObjectOrientedProgramming → Java_Basics → Control_Statements → BLockGame
Delimiters,Level_Up,0.8004193691246689,0.18088442668996071,1.0,False,GamifiedResource,Level,0.8403354952997353,0.19489790591231676,0.2,5,indirect,0.40683041803664,ObjectOrientedProgramming | Input_and_Output_Stream | Polymorphism | Overloading | Task_about_Java_Basics,Delimiters → Input_and_Output_Stream → ObjectOrientedProgramming → Polymorphism → Overloading → Level_Up
Static_Keyword,Tiny_stash,0.7739005551608431,0.19481216337339988,0.0415518252487452,False,GamifiedResource,Reward,0.6274308091784235,0.20861339166993026,0.2,5,indirect,0.4064638988917497,Variables | Class_Methods_and_Constructors | Java_Basics | Classes_and_Objects | ObjectOrientedProgramming,Static_Keyword → Class_Methods_and_Constructors → Classes_and_Objects → Java_Basics → Variables → Tiny_stash
This_Keyword,Tiny_stash,0.7738935977881208,0.19480730003695662,0.0415518252487452,False,GamifiedResource,Reward,0.6274252432802457,0.20861330450634574,0.2,5,indirect,0.40646140715496704,Variables | Class_Methods_and_Constructors | Java_Basics | Classes_and_Objects | ObjectOrientedProgramming,This_Keyword → Class_Methods_and_Constructors → Classes_and_Objects → Java_Basics → Variables → Tiny_stash
Constructors,Tiny_stash,0.773890888107057,0.19480540600141258,0.0415518252487452,False,GamifiedResource,Reward,0.6274230755353947,0.20861326092455346,0.2,5,indirect,0.40646043043842967,Variables | Class_Methods_and_Constructors | Java_Basics | Classes_and_Objects | ObjectOrientedProgramming,Constructors → Class_Methods_and_Constructors → Classes_and_Objects → Java_Basics → Variables → Tiny_stash
Overriding,BLockGame,0.6072676364847621,0.09941851444287611,0.12935257077791257,False,GamifiedResource,Badge,0.5116846233433923,0.29702496783072474,0.3333333333333333,3,indirect,0.40560990185963786,Task_about_Java_Basics | Level_Up | Overloading | Loops,Overriding → Level_Up → Task_about_Java_Basics → BLockGame
Exception_Types,Level_Up,0.7943030597925881,0.17834188203018653,1.0,False,GamifiedResource,Level,0.8354424478340705,0.1950040524803496,0.2,5,indirect,0.40475870503963307,Exception_Handling | ObjectOrientedProgramming | Polymorphism | Overloading | Task_about_Java_Basics,Exception_Types → Exception_Handling → ObjectOrientedProgramming → Polymorphism → Overloading → Level_Up
Class_attributes_and_functions,Stash,0.7225041731376626,0.14833684496008406,0.9172442572270822,False,GamifiedResource,Reward,0.7614521899555465,0.2323456722937879,0.25,4,indirect,0.40390114758914397,Classes_and_Objects | Java_Basics | Functions | Control_Statements | Arithmetic_operations,Class_attributes_and_functions → Classes_and_Objects → Java_Basics → Functions → Stash
Static_Keyword,BLockGame,0.7737438810591092,0.15173035683435582,0.12935257077791257,False,GamifiedResource,Badge,0.6448656190028699,0.2034835750211452,0.2,5,indirect,0.40307468213443254,Class_Methods_and_Constructors | Java_Basics | ObjectOrientedProgramming | Control_Statements | Loops,Static_Keyword → Class_Methods_and_Constructors → ObjectOrientedProgramming → Java_Basics → Control_Statements → BLockGame
This_Keyword,BLockGame,0.7737323216095746,0.15172544112531894,0.12935257077791257,False,GamifiedResource,Badge,0.6448563714432423,0.2034835750211452,0.2,5,indirect,0.4030706363270955,Class_Methods_and_Constructors | Java_Basics | Control_Statements | Classes_and_Objects | ObjectOrientedProgramming,This_Keyword → Class_Methods_and_Constructors → Classes_and_Objects → Java_Basics → Control_Statements → BLockGame
Constructors,BLockGame,0.7737278196404412,0.1517235268752849,0.12935257077791257,False,GamifiedResource,Badge,0.6448527698679355,0.2034835750211452,0.2,5,indirect,0.4030690606378988,Class_Methods_and_Constructors | Java_Basics | ObjectOrientedProgramming | Control_Statements | Loops,Constructors → Class_Methods_and_Constructors → ObjectOrientedProgramming → Java_Basics → Control_Statements → BLockGame
Parent_classes,Stash,0.7976723381593935,0.17563593649153622,0.9172442572270822,False,GamifiedResource,Reward,0.8215867219729314,0.18826209474988165,0.2,5,indirect,0.4015556799432108,Inheritance | ObjectOrientedProgramming | Java_Basics | Multi-level_inheritance | Functions,Parent_classes → Inheritance → ObjectOrientedProgramming → Java_Basics → Functions → Stash
Function_Types,Tiny_stash,0.7662054710696257,0.19901755240960411,0.0415518252487452,False,GamifiedResource,Reward,0.6212747419054496,0.20352800665835363,0.2,5,indirect,0.4004651192022989,Variables | Java_Basics | Classes_and_Objects | Class_Methods_and_Constructors | ObjectOrientedProgramming,Function_Types → Class_Methods_and_Constructors → Classes_and_Objects → Java_Basics → Variables → Tiny_stash
Extend_Keyword,Tiny_stash,0.7656065028339676,0.19980149827571989,0.0415518252487452,False,GamifiedResource,Reward,0.6207955673169231,0.20345736057310118,0.2,5,indirect,0.4002095603644044,Multi-level_inheritance | Level_Up | Single_level_inheritance | Buil-in_Data_Types | 3.16.0,Extend_Keyword → Single_level_inheritance → Multi-level_inheritance → Level_Up → Buil-in_Data_Types → Tiny_stash
Function_Types,BLockGame,0.7638055666561702,0.1460684935996725,0.12935257077791257,False,GamifiedResource,Badge,0.6369149674805187,0.20351530256591,0.2,5,indirect,0.3996168949975011,Control_Statements | Java_Basics | Classes_and_Objects | Class_Methods_and_Constructors | ObjectOrientedProgramming,Function_Types → Class_Methods_and_Constructors → ObjectOrientedProgramming → Java_Basics → Control_Statements → BLockGame
Task_about_Class_Methods_and_Constructors,BLockGame,0.7638519419439096,0.14609030694020755,0.12935257077791257,False,GamifiedResource,Badge,0.6369520677107102,0.2034835750211452,0.2,5,indirect,0.3996125034441127,Class_Methods_and_Constructors | Java_Basics | ObjectOrientedProgramming | Control_Statements | Loops,Task_about_Class_Methods_and_Constructors → Class_Methods_and_Constructors → ObjectOrientedProgramming → Java_Basics → Control_Statements → BLockGame
Event_Types,Level_Up,0.7754500307103994,0.17757591954682,1.0,False,GamifiedResource,Level,0.8203600245683196,0.19514817124138104,0.2,5,indirect,0.3982538220555375,Event_Handler_and_Listener | Overloading | ObjectOrientedProgramming | Polymorphism | Graphical_User_Interface,Event_Types → Event_Handler_and_Listener → ObjectOrientedProgramming → Polymorphism → Overloading → Level_Up
Document,Level_Up,0.7901655815442385,0.294100656975449,1.0,False,unknown,Level,0.832132465235391,0.18665184194273793,0.16666666666666666,6,indirect,0.3978816508032631,nil | Participation | _:b72 | Buil-in_Data_Types | _:b54,Document → _:b54 → nil → _:b72 → Participation → Buil-in_Data_Types → Level_Up
Java_FX,BLockGame,0.7581982209281329,0.15959983436809727,0.12935257077791257,False,GamifiedResource,Badge,0.6324290908980889,0.203524541905869,0.2,5,indirect,0.3976603295636614,ObjectOrientedProgramming | Graphical_User_Interface | Java_Basics | Control_Statements | Task_about_Java_Basics,Java_FX → Graphical_User_Interface → ObjectOrientedProgramming → Java_Basics → Control_Statements → BLockGame
string,Stash,0.7926599109188652,0.2879916189808933,0.9172442572270822,False,unknown,Reward,0.8175767801805087,0.18468244301024034,0.16666666666666666,6,indirect,0.397474556778259,Course | ObjectOrientedProgramming | Java_Basics | Functions | has_TeachingLanguage,string → has_TeachingLanguage → Course → ObjectOrientedProgramming → Java_Basics → Functions → Stash
Sara,BLockGame,0.7038636266313383,0.24694775849313563,0.12935257077791257,False,Person,Badge,0.5889614154606532,0.232412221690568,0.25,4,indirect,0.3974202134198376,ObjectOrientedProgramming | Java_Basics | Control_Statements | Task_about_Java_Basics | Loops,Sara → ObjectOrientedProgramming → Java_Basics → Control_Statements → BLockGame
Arguments_and_parameters,Stash,0.7256262450831051,0.16029763202734643,0.9172442572270822,False,GamifiedResource,Reward,0.7639498475119005,0.2196718103603828,0.25,4,indirect,0.3967558625133356,Overloading | Task_about_Java_Basics | Level_Up | Overriding | ObjectOrientedProgramming,Arguments_and_parameters → Overloading → Level_Up → Task_about_Java_Basics → Stash
string,Tiny_stash,0.7687184747758714,0.3301224375798837,0.0415518252487452,False,unknown,Reward,0.6232851448704462,0.1956011201703566,0.16666666666666666,6,indirect,0.39619219428228675,Course | ObjectOrientedProgramming | Variables | Java_Basics | has_TeachingLanguage,string → has_TeachingLanguage → Course → ObjectOrientedProgramming → Java_Basics → Variables → Tiny_stash
Overloaded_constructors,Tiny_stash,0.6064055165762715,0.1326145155566196,0.0415518252487452,False,GamifiedResource,Reward,0.49343477831076626,0.2814746030118999,0.3333333333333333,3,indirect,0.39520042275942996,Level_Up | Variables | 3.16.0 | Buil-in_Data_Types,Overloaded_constructors → Level_Up → Buil-in_Data_Types → Tiny_stash
Task_about_Polymorphism,Stash,0.7132358516991137,0.16668246625801647,0.9172442572270822,False,GamifiedResource,Reward,0.7540375328047074,0.21967179401721074,0.25,4,indirect,0.3924192142058768,Overriding | Task_about_Java_Basics | Level_Up | Overloading | ObjectOrientedProgramming,Task_about_Polymorphism → Overriding → Level_Up → Task_about_Java_Basics → Stash
Variables,BLockGame,0.5969535355036437,0.08034087813297225,0.12935257077791257,False,GamifiedResource,Badge,0.5034333425584975,0.2814915999108811,0.3333333333333333,3,indirect,0.391903277368348,Task_about_Java_Basics | Java_Basics | Control_Statements | Level_Up,Variables → Level_Up → Task_about_Java_Basics → BLockGame
string,Level_Up,0.7911383382862218,0.2912446454081292,1.0,False,unknown,Level,0.8329106706289775,0.17659585779968667,0.16666666666666666,6,indirect,0.3916857259699739,Course | ObjectOrientedProgramming | Overloading | Polymorphism | has_TeachingLanguage,string → has_TeachingLanguage → Course → ObjectOrientedProgramming → Polymorphism → Overloading → Level_Up
Inheritance_vs_Composition,BLockGame,0.7685521103759017,0.1480957740990668,0.12935257077791257,False,GamifiedResource,Badge,0.6407122024563039,0.18829504258482976,0.2,5,indirect,0.3913850163117049,Multi-level_inheritance | Task_about_Java_Basics | Inheritance | Level_Up | Super_Keyword,Inheritance_vs_Composition → Inheritance → ObjectOrientedProgramming → Java_Basics → Control_Statements → BLockGame
nonNegativeInteger,Stash,0.7730704748071421,0.31482538397648485,0.9172442572270822,False,unknown,Reward,0.8019052312911301,0.18468244301024034,0.16666666666666666,6,indirect,0.3906182541391559,Course | ObjectOrientedProgramming | Java_Basics | Functions | has_TotalCompletionHours,nonNegativeInteger → has_TotalCompletionHours → Course → ObjectOrientedProgramming → Java_Basics → Functions → Stash
Document,Tiny_stash,0.7692746225992735,0.3310492208057804,0.0415518252487452,False,unknown,Reward,0.6237300631291679,0.18665184194273793,0.16666666666666666,6,indirect,0.3905698151725253,nil | Participation | _:b72 | Buil-in_Data_Types | _:b54,Document → _:b54 → nil → _:b72 → Participation → Buil-in_Data_Types → Tiny_stash
string,BLockGame,0.7728821475073634,0.32154148879555067,0.12935257077791257,False,unknown,Badge,0.6441762321614732,0.1846597119925919,0.16666666666666666,6,indirect,0.3905375644227619,Course | ObjectOrientedProgramming | Java_Basics | Control_Statements | has_TeachingLanguage,string → has_TeachingLanguage → Course → ObjectOrientedProgramming → Java_Basics → Control_Statements → BLockGame
Extend_Keyword,BLockGame,0.7632507078649897,0.14570533575534472,0.12935257077791257,False,GamifiedResource,Badge,0.6364710804475743,0.18827106715136305,0.2,5,indirect,0.3895139414011324,Multi-level_inheritance | Task_about_Java_Basics | Inheritance | Level_Up | ObjectOrientedProgramming,Extend_Keyword → Inheritance → ObjectOrientedProgramming → Java_Basics → Control_Statements → BLockGame
Class_attributes_and_functions,Tiny_stash,0.6574941664828818,0.1686657384200808,0.0415518252487452,False,GamifiedResource,Reward,0.5343056982360546,0.24465746759255025,0.25,4,indirect,0.3891503122041663,Variables | Classes_and_Objects | Java_Basics | ObjectOrientedProgramming | Class_Instance,Class_attributes_and_functions → Classes_and_Objects → Java_Basics → Variables → Tiny_stash
Task_about_Inheritance,Tiny_stash,0.7697055358024938,0.2077629928186262,0.0415518252487452,False,GamifiedResource,Reward,0.6240747936917441,0.18342230948085866,0.2,5,indirect,0.3886214386934309,Inheritance | Level_Up | Buil-in_Data_Types | Arguments_and_parameters | Overloading,Task_about_Inheritance → Inheritance → ObjectOrientedProgramming → Java_Basics → Variables → Tiny_stash
Inheritance_vs_Composition,Tiny_stash,0.7701127841756575,0.20400537932739946,0.0415518252487452,False,GamifiedResource,Reward,0.6244005923902751,0.18318462891314016,0.2,5,indirect,0.38860948325502126,Super_Keyword | Multi-level_inheritance | Level_Up | ObjectOrientedProgramming | Variables,Inheritance_vs_Composition → Super_Keyword → Multi-level_inheritance → Level_Up → Buil-in_Data_Types → Tiny_stash
Task_about_Inheritance,BLockGame,0.7685603289850393,0.14908556875463919,0.12935257077791257,False,GamifiedResource,Badge,0.640718777343614,0.18343195558421208,0.2,5,indirect,0.3882268862745016,Task_about_Java_Basics | Inheritance | Level_Up | Arguments_and_parameters | Overloading,Task_about_Inheritance → Inheritance → ObjectOrientedProgramming → Java_Basics → Control_Statements → BLockGame
Task_about_Class_Methods_and_Constructors,Tiny_stash,0.7662335549573622,0.19903728579318794,0.0415518252487452,False,GamifiedResource,Reward,0.6212972090156389,0.18215766174943476,0.2,5,indirect,0.38658422437220935,Variables | Class_Methods_and_Constructors | Java_Basics | ObjectOrientedProgramming | Multi-level_inheritance,Task_about_Class_Methods_and_Constructors → Class_Methods_and_Constructors → Classes_and_Objects → Java_Basics → Variables → Tiny_stash
nonNegativeInteger,Level_Up,0.7760606306611575,0.3137316462396874,1.0,False,unknown,Level,0.820848504528926,0.17659585779968667,0.16666666666666666,6,indirect,0.3864085283012014,Course | ObjectOrientedProgramming | Overloading | Polymorphism | has_TotalCompletionHours,nonNegativeInteger → has_TotalCompletionHours → Course → ObjectOrientedProgramming → Polymorphism → Overloading → Level_Up
Try_and_Catch,Stash,0.7214642441702254,0.1708430959449656,0.9172442572270822,False,GamifiedResource,Reward,0.7606202467815968,0.20387018910027804,0.2,5,indirect,0.38502810837475965,ObjectOrientedProgramming | Java_Basics | Exception_Handling | Functions | Event_Handler_and_Listener,Try_and_Catch → Exception_Handling → ObjectOrientedProgramming → Java_Basics → Functions → Stash
Files,Stash,0.7211829269996443,0.16682355106119634,0.9172442572270822,False,GamifiedResource,Reward,0.7603951930451319,0.20361939767672152,0.2,5,indirect,0.38476663293974445,ObjectOrientedProgramming | Java_Basics | Functions | Input_and_Output_Stream | Exception_Handling,Files → Input_and_Output_Stream → ObjectOrientedProgramming → Java_Basics → Functions → Stash
Java_FX,Tiny_stash,0.7619964829831758,0.21602258840747768,0.0415518252487452,False,GamifiedResource,Reward,0.6179075514362897,0.18157971488592484,0.2,5,indirect,0.3847255837199626,Graphical_User_Interface | Level_Up | Buil-in_Data_Types | Overloading | Overriding,Java_FX → Graphical_User_Interface → ObjectOrientedProgramming → Java_Basics → Variables → Tiny_stash
Arguments_and_parameters,Tiny_stash,0.6661322597199737,0.17457393266840132,0.0415518252487452,False,GamifiedResource,Reward,0.541216172825728,0.23253739731429535,0.25,4,indirect,0.38429559915628275,Overloading | Level_Up | Variables | 3.16.0 | Buil-in_Data_Types,Arguments_and_parameters → Overloading → Level_Up → Buil-in_Data_Types → Tiny_stash
Exceptions,Stash,0.7179624611913455,0.1688461466231742,0.9172442572270822,False,GamifiedResource,Reward,0.7578188203984929,0.20361591113334077,0.2,5,indirect,0.3836372036536424,Exception_Handling | ObjectOrientedProgramming | Java_Basics | Functions | Control_Statements,Exceptions → Exception_Handling → ObjectOrientedProgramming → Java_Basics → Functions → Stash
Parent_classes,Tiny_stash,0.7449475253151296,0.19242201778862342,0.0415518252487452,False,GamifiedResource,Reward,0.6042683853018528,0.1882272837933145,0.2,5,indirect,0.3830793683259498,Inheritance | Multi-level_inheritance | Level_Up | ObjectOrientedProgramming | Variables,Parent_classes → Inheritance → ObjectOrientedProgramming → Java_Basics → Variables → Tiny_stash
Static_functions,Tiny_stash,0.7456369245120508,0.19164390400788595,0.0415518252487452,False,GamifiedResource,Reward,0.6048199046593896,0.18601937027249055,0.2,5,indirect,0.3818855142563366,OOPCourseCommunity | Variables | Class_Methods_and_Constructors | Java_Basics | ObjectOrientedProgramming,Static_functions → Class_Methods_and_Constructors → Classes_and_Objects → Java_Basics → Variables → Tiny_stash
Input_and_Output_Stream,BLockGame,0.6594648899660777,0.15044163173554323,0.12935257077791257,False,Lesson,Badge,0.5534424261284446,0.232412221690568,0.25,4,indirect,0.38188065558699635,ObjectOrientedProgramming | Java_Basics | Control_Statements | Task_about_Java_Basics | Loops,Input_and_Output_Stream → ObjectOrientedProgramming → Java_Basics → Control_Statements → BLockGame
Stash,BLockGame,0.3586006046181549,0.20587493870944037,0.12935257077791257,False,Reward,Badge,0.31275099785010646,0.39313593352392234,0.5,2,indirect,0.3810485684069037,Control_Statements | Task_about_Java_Basics | Loops,Stash → Control_Statements → BLockGame
Task_about_GUI,Stash,0.7102180802783958,0.16505432462380573,0.9172442572270822,False,GamifiedResource,Reward,0.7516233156681331,0.20353140603814984,0.2,5,indirect,0.38087174202223595,ObjectOrientedProgramming | Graphical_User_Interface | Java_Basics | Functions | Control_Statements,Task_about_GUI → Graphical_User_Interface → ObjectOrientedProgramming → Java_Basics → Functions → Stash
nonNegativeInteger,BLockGame,0.7435514503788421,0.35379590488470714,0.12935257077791257,False,unknown,Badge,0.6207116744586562,0.1846597119925919,0.16666666666666666,6,indirect,0.38027182042777946,Course | ObjectOrientedProgramming | Java_Basics | Control_Statements | has_TotalCompletionHours,nonNegativeInteger → has_TotalCompletionHours → Course → ObjectOrientedProgramming → Java_Basics → Control_Statements → BLockGame
RFK_L1_R6,Stash,0.31865330778743306,0.16261569816429378,0.9172442572270822,False,ReferenceKey,Reward,0.43837149767536293,0.4133808527367898,0.5,2,indirect,0.38022621200451495,Task_about_Java_Basics | Arithmetic_operations,RFK_L1_R6 → Arithmetic_operations → Stash
Task_about_Polymorphism,Tiny_stash,0.6517426019594164,0.1820844620414275,0.0415518252487452,False,GamifiedResource,Reward,0.5297044466172821,0.2324972846326998,0.25,4,indirect,0.3792331456970506,Overriding | Level_Up | Variables | 3.16.0 | Buil-in_Data_Types,Task_about_Polymorphism → Overriding → Level_Up → Buil-in_Data_Types → Tiny_stash
Arithmetic_operations,BLockGame,0.3577171549257806,0.17339050180077764,0.12935257077791257,False,Resource,Badge,0.312044238096207,0.3905443095608748,0.5,2,indirect,0.3790548054385918,Task_about_Java_Basics | Control_Statements | Loops | Stash,Arithmetic_operations → Task_about_Java_Basics → BLockGame
nil,bonusPoints,0.7541378838199814,0.3366711403823812,0.0,False,unknown,BonusPoints,0.6033103070559851,0.17689130203804734,0.25,4,indirect,0.37892760566172423,,N/A
nonNegativeInteger,Tiny_stash,0.7389811250356686,0.3774190009921213,0.0415518252487452,False,unknown,Reward,0.5994952650782839,0.18464792623077092,0.16666666666666666,6,indirect,0.3786645458124851,Course | ObjectOrientedProgramming | Variables | Java_Basics | has_TotalCompletionHours,nonNegativeInteger → has_TotalCompletionHours → Course → ObjectOrientedProgramming → Java_Basics → Variables → Tiny_stash
Static_functions,BLockGame,0.7004777085701377,0.11314823929420063,0.12935257077791257,False,GamifiedResource,Badge,0.5862526810116927,0.2034835750211452,0.2,5,indirect,0.37743152176329253,Class_Methods_and_Constructors | Java_Basics | Control_Statements | Classes_and_Objects | ObjectOrientedProgramming,Static_functions → Class_Methods_and_Constructors → Classes_and_Objects → Java_Basics → Control_Statements → BLockGame
Arrays,Stash,0.6442989222402011,0.1681422297338098,0.9172442572270822,False,GamifiedResource,Reward,0.6988879892375773,0.2323456722937879,0.25,4,indirect,0.3765293097750325,Classes_and_Objects | Java_Basics | Functions | Control_Statements | Arithmetic_operations,Arrays → Classes_and_Objects → Java_Basics → Functions → Stash
Files,Tiny_stash,0.6589981246287447,0.18057320683768274,0.0415518252487452,False,GamifiedResource,Reward,0.5355088647527448,0.2219440028845191,0.2,5,indirect,0.3749129454949981,ObjectOrientedProgramming | Variables | Java_Basics | Exception_Handling | Input_and_Output_Stream,Files → Input_and_Output_Stream → ObjectOrientedProgramming → Java_Basics → Variables → Tiny_stash
Tiny_stash,Stash,0.5403464717053309,0.2147498388211877,0.9172442572270822,False,Reward,Reward,0.6157260288096812,0.28457667435860606,0.3333333333333333,3,indirect,0.37409610342995975,Variables | Task_about_Java_Basics | Level_Up | Strings | Buil-in_Data_Types,Tiny_stash → Variables → Strings → Stash
Arrays,Tiny_stash,0.6124291144440112,0.12373519091585644,0.0415518252487452,False,GamifiedResource,Reward,0.49825365660495796,0.24465589864802895,0.25,4,indirect,0.3733765241766227,Variables | Classes_and_Objects | Java_Basics | ObjectOrientedProgramming | Strings,Arrays → Classes_and_Objects → Java_Basics → Variables → Tiny_stash
demo_GR1,Stash,0.528187231564906,0.1847690029055338,0.9172442572270822,False,GamifiedResource,Reward,0.6059986366973413,0.2845857219386791,0.3333333333333333,3,indirect,0.3698462503078585,Level_Up | Task_about_Java_Basics | Variables | Strings | Arithmetic_operations,demo_GR1 → Level_Up → Task_about_Java_Basics → Stash
Exceptions,Tiny_stash,0.6580984298680006,0.18305041359186294,0.0415518252487452,False,GamifiedResource,Reward,0.5347891089441495,0.21390701048492217,0.2,5,indirect,0.3693740072689996,Exception_Handling | ObjectOrientedProgramming | Variables | Java_Basics | Try_and_Catch,Exceptions → Exception_Handling → ObjectOrientedProgramming → Java_Basics → Variables → Tiny_stash
GUI_Elements,Stash,0.7104860657342627,0.16519657386130793,0.9172442572270822,False,GamifiedResource,Reward,0.7518377040328266,0.1833480170523205,0.2,5,indirect,0.3678463340910002,ObjectOrientedProgramming | Graphical_User_Interface | Java_Basics | Overriding | Task_about_Polymorphism,GUI_Elements → Graphical_User_Interface → ObjectOrientedProgramming → Java_Basics → Functions → Stash
Try_and_Catch,Tiny_stash,0.6617455397839945,0.1843341403018665,0.0415518252487452,False,GamifiedResource,Reward,0.5377067968769447,0.20892552446609186,0.2,5,indirect,0.3674125298273578,ObjectOrientedProgramming | Variables | Java_Basics | Exception_Handling | Event_Handler_and_Listener,Try_and_Catch → Exception_Handling → ObjectOrientedProgramming → Java_Basics → Variables → Tiny_stash
Parent_classes,BLockGame,0.6977727213336593,0.112890330588814,0.12935257077791257,False,GamifiedResource,Badge,0.58408869122251,0.1882422051094393,0.2,5,indirect,0.3665778857879163,Inheritance | ObjectOrientedProgramming | Java_Basics | Multi-level_inheritance | Control_Statements,Parent_classes → Inheritance → ObjectOrientedProgramming → Java_Basics → Control_Statements → BLockGame
gr,Level_Up,0.8507544770960502,0.21200617921431741,1.0,False,GamifiedResource,Level,0.8806035816768403,0.10189130203804733,0.14285714285714285,7,indirect,0.36399341330834833,,N/A
Participation,Tiny_stash,0.3055089678786237,0.25036582106085603,0.0415518252487452,False,NamedIndividual,Reward,0.252717539352648,0.39501248705138464,0.5,2,indirect,0.3636862553409183,Buil-in_Data_Types | 3.16.0 | PO1 | Sara | Level_Up,Participation → Buil-in_Data_Types → Tiny_stash
GameElementResource,bonusPoints,0.709165904798374,0.32555607747618603,0.0,False,Class,BonusPoints,0.5673327238386993,0.17689130203804734,0.25,4,indirect,0.3631874130041617,,N/A
Class_attributes_and_functions,BLockGame,0.5969408966295181,0.08034056268361375,0.12935257077791257,False,GamifiedResource,Badge,0.503423231459197,0.2323374353350509,0.25,4,indirect,0.35994864678811445,Classes_and_Objects | Java_Basics | Control_Statements | Task_about_Java_Basics | Loops,Class_attributes_and_functions → Classes_and_Objects → Java_Basics → Control_Statements → BLockGame
Delimiters,Stash,0.6386580269630527,0.17641755304238316,0.9172442572270822,False,GamifiedResource,Reward,0.6943752730158587,0.20349207347063578,0.2,5,indirect,0.35580015719298175,ObjectOrientedProgramming | Java_Basics | Input_and_Output_Stream | Functions | Control_Statements,Delimiters → Input_and_Output_Stream → ObjectOrientedProgramming → Java_Basics → Functions → Stash
stringEqualIgnoreCase,Level_Up,0.6245579094558823,0.23103401942715882,1.0,False,unknown,Level,0.6996463275647058,0.2106799321760247,0.16666666666666666,6,indirect,0.3555372242239749,Participation | _:b72 | _:b71 | _:b70 | Buil-in_Data_Types,stringEqualIgnoreCase → _:b70 → _:b71 → _:b72 → Participation → Buil-in_Data_Types → Level_Up
Overloaded_constructors,BLockGame,0.5034299191898862,0.041143989510371126,0.12935257077791257,False,GamifiedResource,Badge,0.4286144495074915,0.2750095569852314,0.3333333333333333,3,indirect,0.35495668375686057,Task_about_Java_Basics | Level_Up | ObjectOrientedProgramming | Control_Statements | Loops,Overloaded_constructors → Level_Up → Task_about_Java_Basics → BLockGame
Arguments_and_parameters,BLockGame,0.6061606810089613,0.08731814778707163,0.12935257077791257,False,GamifiedResource,Badge,0.5107990589627516,0.2196658777889115,0.25,4,indirect,0.3549390589159289,Overloading | Task_about_Java_Basics | Level_Up | Overriding | ObjectOrientedProgramming,Arguments_and_parameters → Overloading → Level_Up → Task_about_Java_Basics → BLockGame
Exception_Types,Stash,0.6356118270854936,0.17819006555367434,0.9172442572270822,False,GamifiedResource,Reward,0.6919383131138114,0.20361591113334077,0.2,5,indirect,0.35481448171659424,Exception_Handling | ObjectOrientedProgramming | Java_Basics | Functions | Control_Statements,Exception_Types → Exception_Handling → ObjectOrientedProgramming → Java_Basics → Functions → Stash
gr,Tiny_stash,0.8222522054997352,0.24351607434593117,0.0415518252487452,False,GamifiedResource,Reward,0.6661121294495372,0.10189130203804733,0.14285714285714285,7,indirect,0.35401761824963807,,N/A
ReferenceKey1,Level_Up,0.2568456746451162,0.17178494801589803,1.0,False,ReferenceKey,Level,0.405476539716093,0.4057681051148521,0.5,2,indirect,0.3536452544504446,Buil-in_Data_Types | Tiny_stash | Variables | 3.16.0,ReferenceKey1 → Buil-in_Data_Types → Level_Up
Array_of_instances,Stash,0.5789127283676656,0.2076356951479684,0.9172442572270822,False,Resource,Reward,0.646579034139549,0.2323456722937879,0.25,4,indirect,0.3536441419196451,Classes_and_Objects | Java_Basics | Functions | Control_Statements | Arithmetic_operations,Array_of_instances → Classes_and_Objects → Java_Basics → Functions → Stash
Event_Types,Stash,0.631126213402706,0.18136183593933713,0.9172442572270822,False,GamifiedResource,Reward,0.6883498221675813,0.2037428648941923,0.2,5,indirect,0.3533270368721721,Event_Handler_and_Listener | ObjectOrientedProgramming | Java_Basics | Functions | Control_Statements,Event_Types → Event_Handler_and_Listener → ObjectOrientedProgramming → Java_Basics → Functions → Stash
Delimiters,Tiny_stash,0.6065006587758857,0.13263479768705583,0.0415518252487452,False,GamifiedResource,Reward,0.49351089207045756,0.21376680785922375,0.2,5,indirect,0.3512236556800554,ObjectOrientedProgramming | Variables | Java_Basics | Input_and_Output_Stream | Exception_Handling,Delimiters → Input_and_Output_Stream → ObjectOrientedProgramming → Java_Basics → Variables → Tiny_stash
Task_about_GUI,Tiny_stash,0.6487688450226006,0.18117552202834414,0.0415518252487452,False,GamifiedResource,Reward,0.5273254410678295,0.19012157184159195,0.2,5,indirect,0.35064811745494495,Graphical_User_Interface | ObjectOrientedProgramming | Variables | Java_Basics | Overloading,Task_about_GUI → Graphical_User_Interface → ObjectOrientedProgramming → Java_Basics → Variables → Tiny_stash
Stash,Tiny_stash,0.4489118957835373,0.09452331168917487,0.0415518252487452,False,Reward,Reward,0.36743988167657887,0.29688745638069836,0.3333333333333333,3,indirect,0.350096010171692,Variables | Strings | Functions | Java_Basics,Stash → Strings → Variables → Tiny_stash
Exception_Types,Tiny_stash,0.6016391583303087,0.137475584976019,0.0415518252487452,False,GamifiedResource,Reward,0.489621691713996,0.2137668296501199,0.2,5,indirect,0.349522144688186,Exception_Handling | ObjectOrientedProgramming | Variables | Java_Basics | Classes_and_Objects,Exception_Types → Exception_Handling → ObjectOrientedProgramming → Java_Basics → Variables → Tiny_stash
Task_about_Polymorphism,BLockGame,0.5881790145534384,0.09217445301501978,0.12935257077791257,False,GamifiedResource,Badge,0.4964137257983332,0.2196658614457394,0.25,4,indirect,0.348645465033434,Overriding | Task_about_Java_Basics | Level_Up | Overloading | ObjectOrientedProgramming,Task_about_Polymorphism → Overriding → Level_Up → Task_about_Java_Basics → BLockGame
Event_Types,Tiny_stash,0.5975970375079969,0.1429016301268276,0.0415518252487452,False,GamifiedResource,Reward,0.48638799505614655,0.2140175992827803,0.2,5,indirect,0.3482704026616061,Event_Handler_and_Listener | ObjectOrientedProgramming | Variables | Java_Basics | Exception_Handling,Event_Types → Event_Handler_and_Listener → ObjectOrientedProgramming → Java_Basics → Variables → Tiny_stash
Task_about_Exception_Handling,Level_Up,0.6329041804992451,0.14095306017394235,1.0,False,GamifiedResource,Level,0.7063233443993961,0.1950040524803496,0.2,5,indirect,0.34826909728696304,Exception_Handling | ObjectOrientedProgramming | Polymorphism | Overloading | Task_about_Java_Basics,Task_about_Exception_Handling → Exception_Handling → ObjectOrientedProgramming → Polymorphism → Overloading → Level_Up
containsGameElement,Level_Up,0.8056938612593474,0.267208820631816,1.0,False,TransitiveProperty,Level,0.844555089007478,0.10189130203804733,0.14285714285714285,7,indirect,0.34822219776550234,,N/A
gr,Stash,0.8438325431505739,0.2195614573653396,0.9172442572270822,False,GamifiedResource,Reward,0.8585148859658756,0.0796690798158251,0.1111111111111111,9,indirect,0.34712629198298717,,N/A
Task_about_Input_and_Output_Streams,Level_Up,0.6298234528328461,0.141574493541394,1.0,False,GamifiedResource,Level,0.7038587622662769,0.19489790591231676,0.2,5,indirect,0.347121847334502,ObjectOrientedProgramming | Input_and_Output_Stream | Polymorphism | Overloading | Task_about_Java_Basics,Task_about_Input_and_Output_Streams → Input_and_Output_Stream → ObjectOrientedProgramming → Polymorphism → Overloading → Level_Up
GUI_Elements,Tiny_stash,0.6484239847437967,0.1817617390218434,0.0415518252487452,False,GamifiedResource,Reward,0.5270495528447864,0.18331705945255228,0.2,5,indirect,0.3461044833044878,Overriding | Task_about_Polymorphism | Level_Up | ObjectOrientedProgramming | Variables,GUI_Elements → Graphical_User_Interface → ObjectOrientedProgramming → Java_Basics → Variables → Tiny_stash
has_PlayingStyle,Stash,0.7963253452796331,0.27493477555105966,0.9172442572270822,False,DatatypeProperty,Reward,0.820509127669123,0.10189130203804733,0.14285714285714285,7,indirect,0.3449432171726023,,N/A
experienceLevel,Level_Up,0.7949693307921311,0.28183108319968675,1.0,False,DatatypeProperty,Level,0.835975464633705,0.10189130203804733,0.14285714285714285,7,indirect,0.3444686121019766,,N/A
GameElementResource,Level_Up,0.7944927350087218,0.28617445110139245,1.0,False,Class,Level,0.8355941880069775,0.10189130203804733,0.14285714285714285,7,indirect,0.34430180357778334,,N/A
has_PlayingStyle,Level_Up,0.7936962614043559,0.2839061975082209,1.0,False,DatatypeProperty,Level,0.8349570091234848,0.10189130203804733,0.14285714285714285,7,indirect,0.3440230378162553,,N/A
GamifiedResource,Level_Up,0.7930347859609238,0.28768340979381085,1.0,False,Class,Level,0.834427828768739,0.10189130203804733,0.14285714285714285,7,indirect,0.34379152141105407,,N/A
PO1,Level_Up,0.24791124607671766,0.13864395830898466,1.0,False,PedagogicalObjective,Level,0.39832899686137413,0.39506711246980253,0.5,2,indirect,0.3435625592322228,Buil-in_Data_Types | Participation | 3.16.0 | Sara | Tiny_stash,PO1 → Buil-in_Data_Types → Level_Up
effectively_use_the_built-in_data_types,Level_Up,0.24791124607671766,0.13864395830898466,1.0,False,PedagogicalObjective,Level,0.39832899686137413,0.39506711246980253,0.5,2,indirect,0.3435625592322228,Buil-in_Data_Types | Participation | 3.16.0 | Sara | Tiny_stash,effectively_use_the_built-in_data_types → Buil-in_Data_Types → Level_Up
recognizing_the_properties_of_the_built-in_data_types,Level_Up,0.24791124607671766,0.13864395830898466,1.0,False,PedagogicalObjective,Level,0.39832899686137413,0.39506711246980253,0.5,2,indirect,0.3435625592322228,Buil-in_Data_Types | Participation | 3.16.0 | Sara | Tiny_stash,recognizing_the_properties_of_the_built-in_data_types → Buil-in_Data_Types → Level_Up
gr,BLockGame,0.8334193638118294,0.23045053915757563,0.12935257077791257,False,GamifiedResource,Badge,0.692606005205046,0.0796690798158251,0.1111111111111111,9,indirect,0.34348167921442657,,N/A
hasObjective,Level_Up,0.7909933237031707,0.2880658400075744,1.0,False,TransitiveProperty,Level,0.8327946589625366,0.10189130203804733,0.14285714285714285,7,indirect,0.3430770096208405,,N/A
o,Stash,0.7906619638931891,0.29048200804371527,0.9172442572270822,False,Variable,Reward,0.8159784225599678,0.10189130203804733,0.14285714285714285,7,indirect,0.34296103368734693,,N/A
Try_and_Catch,BLockGame,0.6012433815923603,0.099050186311986,0.12935257077791257,False,GamifiedResource,Badge,0.5068652194294708,0.20384366957968822,0.2,5,indirect,0.34293356878412345,ObjectOrientedProgramming | Java_Basics | Exception_Handling | Control_Statements | Event_Handler_and_Listener,Try_and_Catch → Exception_Handling → ObjectOrientedProgramming → Java_Basics → Control_Statements → BLockGame
Files,BLockGame,0.5995576218161307,0.09517371641193677,0.12935257077791257,False,GamifiedResource,Badge,0.5055166116084872,0.2035928781561317,0.2,5,indirect,0.34218053843713137,ObjectOrientedProgramming | Java_Basics | Control_Statements | Input_and_Output_Stream | Exception_Handling,Files → Input_and_Output_Stream → ObjectOrientedProgramming → Java_Basics → Control_Statements → BLockGame
Leaderboard,Level_Up,0.7852337269776781,0.29532561128117657,1.0,False,Class,Level,0.8281869815821425,0.10189130203804733,0.14285714285714285,7,indirect,0.34106115076691806,,N/A
t,Level_Up,0.7850363837040014,0.3015445001030218,1.0,False,Variable,Level,0.8280291069632011,0.10189130203804733,0.14285714285714285,7,indirect,0.34099208062113123,,N/A
e,Level_Up,0.784995393658158,0.30059097493692827,1.0,False,Variable,Level,0.8279963149265264,0.10189130203804733,0.14285714285714285,7,indirect,0.34097773410508603,,N/A
Exceptions,BLockGame,0.595785152994888,0.09661614720888964,0.12935257077791257,False,GamifiedResource,Badge,0.502498636551493,0.20360904700105992,0.2,5,indirect,0.34087068409889976,Exception_Handling | ObjectOrientedProgramming | Java_Basics | Control_Statements | Task_about_Java_Basics,Exceptions → Exception_Handling → ObjectOrientedProgramming → Java_Basics → Control_Statements → BLockGame
True,Level_Up,0.7834622353887761,0.30460235400861385,1.0,False,unknown,Level,0.826769788311021,0.10189130203804733,0.14285714285714285,7,indirect,0.3404411287108024,,N/A
IK_GE_LevelUp,Level_Up,0.2296004294295642,0.18577520722587804,1.0,False,IndexKey,Level,0.3836803435436514,0.39966339645956916,0.5,2,indirect,0.3401413579990675,OOPCourseCommunity | LevelGE | DataTypes | ReferenceKey1 | IK2,IK_GE_LevelUp → LevelGE → Level_Up
containsGameElement,Tiny_stash,0.7820252177160633,0.305439676553766,0.0415518252487452,False,TransitiveProperty,Reward,0.6339305392225997,0.10189130203804733,0.14285714285714285,7,indirect,0.3399381725253529,,N/A
gep,Level_Up,0.7817071753817022,0.30525487417725927,1.0,False,Variable,Level,0.8253657403053618,0.10189130203804733,0.14285714285714285,7,indirect,0.3398268577083265,,N/A
has_Priority,Level_Up,0.7807995036012276,0.273173363315317,1.0,False,DatatypeProperty,Level,0.8246396028809821,0.10189130203804733,0.14285714285714285,7,indirect,0.3395091725851604,,N/A
Agent,bonusPoints,0.7488260874450718,0.3318514129650192,0.0,False,unknown,BonusPoints,0.5990608699560575,0.118557968704714,0.16666666666666666,6,indirect,0.3391518102638392,,N/A
BehaviouralObjective,Level_Up,0.7796241529971962,0.3037530989719814,1.0,False,Class,Level,0.8236993223977571,0.10189130203804733,0.14285714285714285,7,indirect,0.33909779987374944,,N/A
_:b273,Level_Up,0.571844804441566,0.12021674978465566,1.0,False,DatavaluedPropertyAtom,Level,0.6574758435532528,0.21358739556666545,0.16666666666666666,6,indirect,0.33897748867288063,nil | Participation | _:b72 | _:b272 | Buil-in_Data_Types,_:b273 → _:b272 → nil → _:b72 → Participation → Buil-in_Data_Types → Level_Up
Person,Stash,0.8008982446373387,0.2745295874995235,0.9172442572270822,False,unknown,Reward,0.8241674471552874,0.08939130203804733,0.125,8,indirect,0.3384187319477993,,N/A
_:b116,Level_Up,0.5702286868165425,0.12004080497702362,1.0,False,DatavaluedPropertyAtom,Level,0.6561829494532341,0.21355130984267473,0.16666666666666666,6,indirect,0.3383883917835284,nil | Participation | _:b72 | _:b110 | Buil-in_Data_Types,_:b116 → _:b110 → nil → _:b72 → Participation → Buil-in_Data_Types → Level_Up
_:b125,Level_Up,0.5702286868165425,0.12004080497702362,1.0,False,DatavaluedPropertyAtom,Level,0.6561829494532341,0.21355130984267473,0.16666666666666666,6,indirect,0.3383883917835284,nil | Participation | _:b72 | _:b119 | Buil-in_Data_Types,_:b125 → _:b119 → nil → _:b72 → Participation → Buil-in_Data_Types → Level_Up
Document,bonusPoints,0.7452055169562096,0.3285720529556342,0.0,False,unknown,BonusPoints,0.5961644135649677,0.118557968704714,0.16666666666666666,6,indirect,0.33788461059273744,,N/A
hasLearningStyle,Level_Up,0.798353763503006,0.253996816911837,1.0,False,ObjectProperty,Level,0.8386830108024048,0.08939130203804733,0.125,8,indirect,0.33752816355078286,,N/A
RFK_L1_R6,BLockGame,0.2140516066519392,0.18294079006758643,0.12935257077791257,False,ReferenceKey,Badge,0.19711179947713386,0.40322995601090683,0.5,2,indirect,0.33701753373526816,Task_about_Java_Basics | Loops | Arithmetic_operations,RFK_L1_R6 → Task_about_Java_Basics → BLockGame
Teacher,Level_Up,0.7959310860236084,0.2833610405060808,1.0,False,unknown,Level,0.8367448688188868,0.08939130203804733,0.125,8,indirect,0.33668022643299367,,N/A
res,Level_Up,0.7725014198449365,0.31883133021706994,1.0,False,Variable,Level,0.8180011358759491,0.10189130203804733,0.14285714285714285,7,indirect,0.33660484327045853,,N/A
Task_about_GUI,BLockGame,0.583619381060285,0.09052708540844477,0.12935257077791257,False,GamifiedResource,Badge,0.4927660190038105,0.203524541905869,0.2,5,indirect,0.3365577356099146,ObjectOrientedProgramming | Graphical_User_Interface | Java_Basics | Control_Statements | Task_about_Java_Basics,Task_about_GUI → Graphical_User_Interface → ObjectOrientedProgramming → Java_Basics → Control_Statements → BLockGame
Person,Level_Up,0.7954607671740815,0.283859673280354,1.0,False,unknown,Level,0.8363686137392652,0.08939130203804733,0.125,8,indirect,0.3365156148356593,,N/A
containsGameElement,Stash,0.8134480858219438,0.2555087221191647,0.9172442572270822,False,TransitiveProperty,Reward,0.8342073201029716,0.0796690798158251,0.1111111111111111,9,indirect,0.33649173191796666,,N/A
Arithmetic_operations,Tiny_stash,0.44756464065386287,0.08214347898889798,0.0415518252487452,False,Resource,Reward,0.36636207757283934,0.2764310238345481,0.3333333333333333,3,indirect,0.3363277897213083,Variables | Java_Basics | Strings | Task_about_Java_Basics | Level_Up,Arithmetic_operations → Java_Basics → Variables → Tiny_stash
Teacher,Stash,0.7948298491189225,0.2845333065858096,0.9172442572270822,False,unknown,Reward,0.8193127307405546,0.08939130203804733,0.125,8,indirect,0.3362947935163536,,N/A
GameElementResource,Stash,0.7948245748508164,0.285059350718642,0.9172442572270822,False,Class,Reward,0.8193085113260696,0.08939130203804733,0.125,8,indirect,0.3362929475225165,,N/A
o,BLockGame,0.7715457176515856,0.3226519663059623,0.12935257077791257,False,Variable,Badge,0.643107088276851,0.10189130203804733,0.14285714285714285,7,indirect,0.3362703475027857,,N/A
GamifiedResource,Stash,0.7929699353383919,0.28703057691120776,0.9172442572270822,False,Class,Reward,0.81782479971613,0.08939130203804733,0.125,8,indirect,0.3356438236931679,,N/A
GameElementResource,Tiny_stash,0.7690227340020863,0.3305529481954533,0.0415518252487452,False,Class,Reward,0.6235285522514181,0.10189130203804733,0.14285714285714285,7,indirect,0.33538730322546095,,N/A
Document,Stash,0.7914770525293876,0.2913632461886411,0.9172442572270822,False,unknown,Reward,0.8166304934689266,0.08939130203804733,0.125,8,indirect,0.33512131471001644,,N/A
Resource,Stash,0.7907313745743842,0.29210528946739855,0.9172442572270822,False,unknown,Reward,0.8160339511049239,0.08939130203804733,0.125,8,indirect,0.3348603274257652,,N/A
GamifiedResource,Tiny_stash,0.7674283618877347,0.3318391979079666,0.0415518252487452,False,Class,Reward,0.6222530545599368,0.10189130203804733,0.14285714285714285,7,indirect,0.33482927298543785,,N/A
t,Tiny_stash,0.7666726265683573,0.333794908896066,0.0415518252487452,False,Variable,Reward,0.6216484663044349,0.10189130203804733,0.14285714285714285,7,indirect,0.33456476562365584,,N/A
Resource,Level_Up,0.7895681761105013,0.29467697815099747,1.0,False,unknown,Level,0.8316545408884011,0.08939130203804733,0.125,8,indirect,0.3344532079634062,,N/A
Array_of_instances,Tiny_stash,0.5011993967980259,0.16468281927581507,0.0415518252487452,False,Resource,Reward,0.4092698824881698,0.2446575721888517,0.25,4,indirect,0.33444721080206263,Variables | Classes_and_Objects | Java_Basics | ObjectOrientedProgramming | Packages,Array_of_instances → Classes_and_Objects → Java_Basics → Variables → Tiny_stash
Agent,Level_Up,0.7895355366071032,0.2947086076834937,1.0,False,unknown,Level,0.8316284292856826,0.08939130203804733,0.125,8,indirect,0.33444178413721687,,N/A
e,Stash,0.7894079855977162,0.2921675517519453,0.9172442572270822,False,Variable,Reward,0.8149752399235894,0.08939130203804733,0.125,8,indirect,0.33439714128393144,,N/A
IK2,Level_Up,0.21203280068541316,0.19679117695355966,1.0,False,IndexKey,Level,0.36962624054833054,0.39974724782787624,0.5,2,indirect,0.3340471913280142,OOPCourseCommunity | LevelGE | DataTypes | ReferenceKey1 | IK_GE_LevelUp,IK2 → LevelGE → Level_Up
e,Tiny_stash,0.7624044519819501,0.33990589439435176,0.0415518252487452,False,Variable,Reward,0.6182339266353091,0.10189130203804733,0.14285714285714285,7,indirect,0.33307090451841326,,N/A
Lesson,Level_Up,0.622646127575577,0.22758784138077384,1.0,False,unknown,Level,0.6981169020604616,0.17660273827513961,0.16666666666666666,6,indirect,0.3327179245302927,Course | ObjectOrientedProgramming | consists_of | Polymorphism | Overloading,Lesson → consists_of → Course → ObjectOrientedProgramming → Polymorphism → Overloading → Level_Up
SimpleResource,Level_Up,0.7844251028300117,0.3002572320090411,1.0,False,unknown,Level,0.8275400822640093,0.08939130203804733,0.125,8,indirect,0.33265313231523486,,N/A
gep,Tiny_stash,0.7605690926603615,0.3420565315026471,0.0415518252487452,False,Variable,Reward,0.6167656391780383,0.10189130203804733,0.14285714285714285,7,indirect,0.33242852875585727,,N/A
r,Level_Up,0.760130015815097,0.31291126380008366,1.0,False,Variable,Level,0.8081040126520775,0.10189130203804733,0.14285714285714285,7,indirect,0.3322748518600147,,N/A
Person,BLockGame,0.7831500781021352,0.30336525870935815,0.12935257077791257,False,unknown,Badge,0.6523905766372907,0.08939130203804733,0.125,8,indirect,0.3322068736604781,,N/A
GamificationExperience,Level_Up,0.7829637229713885,0.30100631425468966,1.0,False,Class,Level,0.8263709783771109,0.08939130203804733,0.125,8,indirect,0.33214164936471674,,N/A
Audience,Level_Up,0.620627158698643,0.23472245287768975,1.0,False,Class,Level,0.6965017269589144,0.17660273827513961,0.16666666666666666,6,indirect,0.3320112854233658,Course | ObjectOrientedProgramming | hasTargetAudience | Polymorphism | Overloading,Audience → hasTargetAudience → Course → ObjectOrientedProgramming → Polymorphism → Overloading → Level_Up
has_PlayingStyle,BLockGame,0.7593682214091793,0.3173948468582775,0.12935257077791257,False,DatatypeProperty,Badge,0.633365091282926,0.10189130203804733,0.14285714285714285,7,indirect,0.3320082238179435,,N/A
Events,Level_Up,0.5854310890322018,0.13346648989253004,1.0,False,GamifiedResource,Level,0.6683448712257614,0.19520284148678524,0.2,5,indirect,0.33178272812768106,Polymorphism | Overloading | Task_about_GUI | Graphical_User_Interface | Event_Handler_and_Listener,Events → Task_about_GUI → Graphical_User_Interface → Polymorphism → Overloading → Level_Up
experienceLevel,Stash,0.7976968856784846,0.2752483532808031,0.9172442572270822,False,DatatypeProperty,Reward,0.8216063599882042,0.0796690798158251,0.1111111111111111,9,indirect,0.33097881186775596,,N/A
GameElementResource,BLockGame,0.7774265088099173,0.3145809882893334,0.12935257077791257,False,Class,Badge,0.6478117212035164,0.08939130203804733,0.125,8,indirect,0.3302036244082018,,N/A
Teacher,BLockGame,0.7771295256832668,0.31427412019020606,0.12935257077791257,False,unknown,Badge,0.6475741347021959,0.08939130203804733,0.125,8,indirect,0.3300996803138741,,N/A
True,Tiny_stash,0.7531388441333784,0.35944591824955396,0.0415518252487452,False,unknown,Reward,0.6108214403564518,0.10189130203804733,0.14285714285714285,7,indirect,0.32982794177141317,,N/A
Arrays,BLockGame,0.5102232060686632,0.03431832749713858,0.12935257077791257,False,GamifiedResource,Badge,0.4340490790105131,0.2323374353350509,0.25,4,indirect,0.32959745509181526,Classes_and_Objects | Java_Basics | Control_Statements | Task_about_Java_Basics | Loops,Arrays → Classes_and_Objects → Java_Basics → Control_Statements → BLockGame
hasObjective,Stash,0.7937069266145709,0.28114996001102743,0.9172442572270822,False,TransitiveProperty,Reward,0.8184143927370732,0.0796690798158251,0.1111111111111111,9,indirect,0.32958232619538613,,N/A
hasExperience,Stash,0.7935775644146957,0.2834019994450038,0.9172442572270822,False,ObjectProperty,Reward,0.8183109029771731,0.0796690798158251,0.1111111111111111,9,indirect,0.32953704942542983,,N/A
GamifiedResource,BLockGame,0.7754545904091964,0.31635775306107006,0.12935257077791257,False,Class,Badge,0.6462341864829396,0.08939130203804733,0.125,8,indirect,0.3295134529679495,,N/A
GamifiedResource,bonusPoints,0.5043294421977442,0.15167494602837625,0.0,False,Class,BonusPoints,0.4034635537581954,0.23522463537138066,0.3333333333333333,3,indirect,0.3294113177606079,,N/A
Person,Tiny_stash,0.7750716912703701,0.3184318921786264,0.0415518252487452,False,unknown,Reward,0.6283677180660452,0.08939130203804733,0.125,8,indirect,0.3293794382693603,,N/A
CreativeWork,Level_Up,0.7749159070668484,0.3138901084409336,1.0,False,unknown,Level,0.8199327256534787,0.08939130203804733,0.125,8,indirect,0.3293249137981277,,N/A
Document,BLockGame,0.7739164466841641,0.3219079618896741,0.12935257077791257,False,unknown,Badge,0.6450036715029138,0.08939130203804733,0.125,8,indirect,0.3289751026641882,,N/A
Resource,BLockGame,0.7731294149907059,0.32256712870623305,0.12935257077791257,False,unknown,Badge,0.6443740461481472,0.08939130203804733,0.125,8,indirect,0.3286996415714778,,N/A
RFK_L1_R1,Level_Up,0.20531679420860707,0.16918753114528567,1.0,False,ReferenceKey,Level,0.3642534353668857,0.3950957457073169,0.5,2,indirect,0.32867311268276844,Variables | Task_about_Java_Basics | Java_Basics | Tiny_stash | Buil-in_Data_Types,RFK_L1_R1 → Variables → Level_Up
Agent,Stash,0.7906923812226185,0.29214430274065484,0.9172442572270822,False,unknown,Reward,0.8160027564235113,0.0796690798158251,0.1111111111111111,9,indirect,0.3285272353082028,,N/A
has_PlayingStyle,Tiny_stash,0.7494011219300676,0.3560334290772154,0.0415518252487452,False,DatatypeProperty,Reward,0.6078312625938032,0.10189130203804733,0.14285714285714285,7,indirect,0.3285197390002544,,N/A
containsGameElement,BLockGame,0.7906256834996062,0.29015042059319424,0.12935257077791257,False,TransitiveProperty,Badge,0.6583710609552674,0.0796690798158251,0.1111111111111111,9,indirect,0.3285038911051485,,N/A
hasExperience,Level_Up,0.7900947026613789,0.29036347691999775,1.0,False,ObjectProperty,Level,0.8320757621291033,0.0796690798158251,0.1111111111111111,9,indirect,0.32831804781176893,,N/A
experienceLevel,Tiny_stash,0.7484364636305992,0.3583769093653835,0.0415518252487452,False,DatatypeProperty,Reward,0.6070595359542285,0.10189130203804733,0.14285714285714285,7,indirect,0.3281821085954405,,N/A
t,Stash,0.7892064632018199,0.2936463895176337,0.9172442572270822,False,Variable,Reward,0.8148140220068724,0.0796690798158251,0.1111111111111111,9,indirect,0.3280071640009233,,N/A
has_Priority,Stash,0.7472874273751215,0.2348262494836021,0.9172442572270822,False,DatatypeProperty,Reward,0.7812787933455138,0.10189130203804733,0.14285714285714285,7,indirect,0.3277799459060233,,N/A
Teacher,Tiny_stash,0.7702539163913376,0.32754389823497065,0.0415518252487452,False,unknown,Reward,0.6245134981628191,0.08939130203804733,0.125,8,indirect,0.3276932170616989,,N/A
e,BLockGame,0.7701833631661186,0.32429426439321296,0.12935257077791257,False,Variable,Badge,0.6420172046884774,0.08939130203804733,0.125,8,indirect,0.3276685234328722,,N/A
demo_GR1,Tiny_stash,0.41327018008594596,0.22441533604500552,0.0415518252487452,False,GamifiedResource,Reward,0.3389265091185058,0.2814746030118999,0.3333333333333333,3,indirect,0.32760305498781606,Level_Up | Variables | 3.16.0 | Buil-in_Data_Types,demo_GR1 → Level_Up → Buil-in_Data_Types → Tiny_stash
Resource,Tiny_stash,0.7686509195958691,0.33153748634225233,0.0415518252487452,False,unknown,Reward,0.6232311007264443,0.08939130203804733,0.125,8,indirect,0.32713216818328494,,N/A
Agent,Tiny_stash,0.7686323229471645,0.331552123745266,0.0415518252487452,False,unknown,Reward,0.6232162234074807,0.08939130203804733,0.125,8,indirect,0.32712565935623833,,N/A
Leaderboard,Tiny_stash,0.74456717270009,0.35610272474704574,0.0415518252487452,False,Class,Reward,0.6039641032098211,0.10189130203804733,0.14285714285714285,7,indirect,0.3268278567697622,,N/A
hasObjective,Tiny_stash,0.7444527317511055,0.365744759626887,0.0415518252487452,False,TransitiveProperty,Reward,0.6038725504506335,0.10189130203804733,0.14285714285714285,7,indirect,0.3267878024376177,,N/A
gep,Stash,0.78518532140278,0.29819136521769946,0.9172442572270822,False,Variable,Reward,0.8115971085676404,0.0796690798158251,0.1111111111111111,9,indirect,0.3265997643712593,,N/A
RFK_L4_R3,Level_Up,0.2054524661281258,0.16959909946239177,1.0,False,ReferenceKey,Level,0.36436197290250066,0.39163985775924276,0.5,2,indirect,0.32647427068835183,OOPCourseCommunity | Multi-level_inheritance | JavaMultiInheritance | LevelGE | Polymorphism,RFK_L4_R3 → Multi-level_inheritance → Level_Up
SimpleResource,Stash,0.7844023688263818,0.29904132525797866,0.9172442572270822,False,unknown,Reward,0.8109707465065219,0.0796690798158251,0.1111111111111111,9,indirect,0.32632573096951994,,N/A
res,Tiny_stash,0.7424960416231323,0.37028510582769764,0.0415518252487452,False,Variable,Reward,0.6023071983482549,0.10189130203804733,0.14285714285714285,7,indirect,0.3261029608928271,,N/A
IK_GE_stash,Stash,0.20382488222605852,0.2081014989920761,0.9172442572270822,False,IndexKey,Reward,0.3465087572262633,0.39180464596349945,0.5,2,indirect,0.3260117286553951,OOPCourseCommunity | JavaFunctions | JavaIf | Functions | RFK_L1_R3,IK_GE_stash → RF_GE_STash → Stash
True,Stash,0.7830815748044253,0.3044312877473211,0.9172442572270822,False,unknown,Reward,0.8099141112889567,0.0796690798158251,0.1111111111111111,9,indirect,0.3258634530618352,,N/A
Leaderboard,Stash,0.7801982545165218,0.29626312968652735,0.9172442572270822,False,Class,Reward,0.807607455058634,0.0796690798158251,0.1111111111111111,9,indirect,0.32485429096106894,,N/A
SimpleResource,Tiny_stash,0.7606085317123986,0.34136679327281905,0.0415518252487452,False,unknown,Reward,0.616797190419668,0.08939130203804733,0.125,8,indirect,0.3243173324240703,,N/A
BehaviouralObjective,Stash,0.7784586044391141,0.29635709818844863,0.9172442572270822,False,Class,Reward,0.8062157349967077,0.0796690798158251,0.1111111111111111,9,indirect,0.3242454134339762,,N/A
GUI_Elements,BLockGame,0.5840216608513875,0.09066283539507738,0.12935257077791257,False,GamifiedResource,Badge,0.49308784283669255,0.1833303373719273,0.2,5,indirect,0.32357230058973835,ObjectOrientedProgramming | Graphical_User_Interface | Java_Basics | Overriding | Task_about_Polymorphism,GUI_Elements → Graphical_User_Interface → ObjectOrientedProgramming → Java_Basics → Control_Statements → BLockGame
RFK_L1_R3,Stash,0.1744041699380678,0.18046286457138347,0.9172442572270822,False,ReferenceKey,Reward,0.3229721873958707,0.4034163553364002,0.5,2,indirect,0.32326209044698384,Functions | Strings | Control_Statements,RFK_L1_R3 → Functions → Stash
Resource,bonusPoints,0.7329678774728425,0.31756820048138856,0.0,False,unknown,BonusPoints,0.586374301978274,0.10189130203804733,0.14285714285714285,7,indirect,0.32276810344022566,,N/A
BehaviouralObjective,Tiny_stash,0.7326644131542274,0.37410468321186785,0.0415518252487452,False,Class,Reward,0.594441895573131,0.10189130203804733,0.14285714285714285,7,indirect,0.32266189092871034,,N/A
_:b72,Level_Up,0.38922359687997643,0.08084991484772647,1.0,False,List,Level,0.5113788775039811,0.28653234627173607,0.3333333333333333,3,indirect,0.3224742839846202,Participation | Buil-in_Data_Types | 3.16.0 | PO1 | Sara,_:b72 → Participation → Buil-in_Data_Types → Level_Up
Agent,BLockGame,0.773103737351677,0.3225887737470661,0.12935257077791257,False,unknown,Badge,0.6443535040369242,0.0796690798158251,0.1111111111111111,9,indirect,0.32237120995337326,,N/A
res,Stash,0.7727275322067554,0.31496837881139117,0.9172442572270822,False,Variable,Reward,0.8016308772108208,0.0796690798158251,0.1111111111111111,9,indirect,0.3222395381526507,,N/A
t,BLockGame,0.7721520777821624,0.3227846537141092,0.12935257077791257,False,Variable,Badge,0.6435921763813125,0.0796690798158251,0.1111111111111111,9,indirect,0.32203812910404317,,N/A
demo_GR1,BLockGame,0.3944284417234094,0.13857429327328258,0.12935257077791257,False,GamifiedResource,Badge,0.34141326753431006,0.28153074725577804,0.3333333333333333,3,indirect,0.32104494031944897,Level_Up | Task_about_Java_Basics | Variables | Control_Statements | Loops,demo_GR1 → Level_Up → Task_about_Java_Basics → BLockGame
gep,BLockGame,0.7679280198718554,0.3268896300114775,0.12935257077791257,False,Variable,Badge,0.6402129300530669,0.0796690798158251,0.1111111111111111,9,indirect,0.3205597088354357,,N/A
hasExperience,BLockGame,0.7677272568574924,0.32244576341473735,0.12935257077791257,False,ObjectProperty,Badge,0.6400523196415765,0.0796690798158251,0.1111111111111111,9,indirect,0.32048944178040867,,N/A
hasBehaviouralObjective,Level_Up,0.7495851545441502,0.22970586982071475,1.0,False,ObjectProperty,Level,0.7996681236353202,0.08939130203804733,0.125,8,indirect,0.3204591504151833,,N/A
RFK_L1_R2,Stash,0.1757731137264127,0.18026857894493042,0.9172442572270822,False,ReferenceKey,Reward,0.3240673424265466,0.3982251428377697,0.5,2,indirect,0.3203669326487948,Strings | Functions | Java_Basics | Arithmetic_operations,RFK_L1_R2 → Strings → Stash
SimpleResource,BLockGame,0.7665122787018614,0.32881100556881304,0.12935257077791257,False,unknown,Badge,0.6390803371170717,0.0796690798158251,0.1111111111111111,9,indirect,0.32006419942593783,,N/A
RFK_L1_R4,Stash,0.1736539316879231,0.18060231821873482,0.9172442572270822,False,ReferenceKey,Reward,0.3223719967957549,0.3982109242780451,0.5,2,indirect,0.31961597687150245,Control_Statements | Functions | Task_about_Java_Basics | BLockGame,RFK_L1_R4 → Control_Statements → Stash
experienceLevel,BLockGame,0.7645138358534959,0.318532568012509,0.12935257077791257,False,DatatypeProperty,Badge,0.6374815828383792,0.0796690798158251,0.1111111111111111,9,indirect,0.31936474442900986,,N/A
hasLearningStyle,Stash,0.7776047926363719,0.22638373183599272,0.9172442572270822,False,ObjectProperty,Reward,0.8055326855545141,0.07189130203804733,0.1,10,indirect,0.3188910237474609,,N/A
GamificationExperience,Stash,0.7775537192068874,0.3062436902510223,0.9172442572270822,False,Class,Reward,0.8054918268109265,0.07189130203804733,0.1,10,indirect,0.31887314804714134,,N/A
True,BLockGame,0.7627363574630689,0.3403652635932705,0.12935257077791257,False,unknown,Badge,0.6360596001260377,0.0796690798158251,0.1111111111111111,9,indirect,0.31874262699236044,,N/A
hasObjective,BLockGame,0.759844740944229,0.32648242898008883,0.12935257077791257,False,TransitiveProperty,Badge,0.6337463069109658,0.0796690798158251,0.1111111111111111,9,indirect,0.3177305612107665,,N/A
CreativeWork,Tiny_stash,0.7405471380633439,0.37176555105509057,0.0415518252487452,False,unknown,Reward,0.6007480755004242,0.08939130203804733,0.125,8,indirect,0.31729584464690114,,N/A
Points,Level_Up,0.7400014948471652,0.26088827338907966,1.0,False,Class,Level,0.7920011958777322,0.08939130203804733,0.125,8,indirect,0.31710486952123856,,N/A
GamificationExperience,Tiny_stash,0.7394192219599636,0.3749122002346459,0.0415518252487452,False,Class,Reward,0.59984574261772,0.08939130203804733,0.125,8,indirect,0.316901074010718,,N/A
CreativeWork,Stash,0.7708111749793991,0.31679077627045604,0.9172442572270822,False,unknown,Reward,0.8000977914289358,0.07189130203804733,0.1,10,indirect,0.3165132575675204,,N/A
Literal,Level_Up,0.7550924790197089,0.3124952268410449,1.0,False,unknown,Level,0.8040739832157671,0.0796690798158251,0.1111111111111111,9,indirect,0.31606726953718445,,N/A
ReferenceKey1,Tiny_stash,0.14816419617276416,0.1915689343059382,0.0415518252487452,False,ReferenceKey,Reward,0.12684172198796037,0.4057681051148521,0.5,2,indirect,0.31560673698512137,Buil-in_Data_Types | Level_Up | Variables | 3.16.0,ReferenceKey1 → Buil-in_Data_Types → Tiny_stash
Task_about_Exception_Handling,Stash,0.5203794698095172,0.19062195531432422,0.9172442572270822,False,GamifiedResource,Reward,0.5997524272930302,0.20361591113334077,0.2,5,indirect,0.3144831566700025,Exception_Handling | ObjectOrientedProgramming | Java_Basics | Functions | Control_Statements,Task_about_Exception_Handling → Exception_Handling → ObjectOrientedProgramming → Java_Basics → Functions → Stash
hasExperience,Tiny_stash,0.7490500498378162,0.3608500472300058,0.0415518252487452,False,ObjectProperty,Reward,0.607550404920002,0.0796690798158251,0.1111111111111111,9,indirect,0.31395241932352197,,N/A
res,BLockGame,0.7483341234154812,0.3488377366758899,0.12935257077791257,False,Variable,Badge,0.6245378128879675,0.0796690798158251,0.1111111111111111,9,indirect,0.31370184507570475,,N/A
Task_about_Input_and_Output_Streams,Stash,0.5179166798966808,0.1903756120110271,0.9172442572270822,False,GamifiedResource,Reward,0.5977821953627611,0.20349207347063578,0.2,5,indirect,0.3135406857197515,ObjectOrientedProgramming | Java_Basics | Input_and_Output_Stream | Functions | Control_Statements,Task_about_Input_and_Output_Streams → Input_and_Output_Stream → ObjectOrientedProgramming → Java_Basics → Functions → Stash
Leaderboard,BLockGame,0.7476974900171608,0.32139637171734325,0.12935257077791257,False,Class,Badge,0.6240285061693112,0.0796690798158251,0.1111111111111111,9,indirect,0.3134790233862926,,N/A
PO1,Tiny_stash,0.16160550684315883,0.1749933215222927,0.0415518252487452,False,PedagogicalObjective,Reward,0.13759477052427613,0.39506711246980253,0.5,2,indirect,0.3133555505004772,Buil-in_Data_Types | Participation | 3.16.0 | Sara | Level_Up,PO1 → Buil-in_Data_Types → Tiny_stash
effectively_use_the_built-in_data_types,Tiny_stash,0.16160550684315883,0.1749933215222927,0.0415518252487452,False,PedagogicalObjective,Reward,0.13759477052427613,0.39501248705138464,0.5,2,indirect,0.3133200439785056,Buil-in_Data_Types | 3.16.0 | PO1 | Sara | Level_Up,effectively_use_the_built-in_data_types → Buil-in_Data_Types → Tiny_stash
recognizing_the_properties_of_the_built-in_data_types,Tiny_stash,0.16160550684315883,0.1749933215222927,0.0415518252487452,False,PedagogicalObjective,Reward,0.13759477052427613,0.39501248705138464,0.5,2,indirect,0.3133200439785056,Buil-in_Data_Types | 3.16.0 | PO1 | Sara | Level_Up,recognizing_the_properties_of_the_built-in_data_types → Buil-in_Data_Types → Tiny_stash
OOPTeachers,Level_Up,0.4826786951331917,0.07327263888233956,1.0,False,FreeGroup,Level,0.5861429561065534,0.22039117142341597,0.25,4,indirect,0.3121918047218375,OOPCourseCommunity | LevelGE | IK_GE_LevelUp | Participation | Sara_12,OOPTeachers → OOPCourseCommunity → IK2 → LevelGE → Level_Up
_:b63,Level_Up,0.49374747293072224,0.12271182093659645,1.0,False,Imp,Level,0.5949979783445778,0.21355130984267473,0.16666666666666666,6,indirect,0.31161996692349136,nil | Participation | _:b72 | _:b65 | Buil-in_Data_Types,_:b63 → _:b65 → nil → _:b72 → Participation → Buil-in_Data_Types → Level_Up
_:b166,Level_Up,0.49374747293072224,0.12271182093659645,1.0,False,Imp,Level,0.5949979783445778,0.21355130984267473,0.16666666666666666,6,indirect,0.31161996692349136,nil | Participation | _:b72 | _:b168 | Buil-in_Data_Types,_:b166 → _:b168 → nil → _:b72 → Participation → Buil-in_Data_Types → Level_Up
_:b85,Level_Up,0.49374747293072224,0.12271182093659645,1.0,False,Imp,Level,0.5949979783445778,0.21355130984267473,0.16666666666666666,6,indirect,0.31161996692349136,nil | Participation | _:b72 | _:b87 | Buil-in_Data_Types,_:b85 → _:b87 → nil → _:b72 → Participation → Buil-in_Data_Types → Level_Up
_:b177,Level_Up,0.49374747293072224,0.12271182093659645,1.0,False,Imp,Level,0.5949979783445778,0.21355130984267473,0.16666666666666666,6,indirect,0.31161996692349136,nil | Participation | _:b72 | _:b179 | Buil-in_Data_Types,_:b177 → _:b179 → nil → _:b72 → Participation → Buil-in_Data_Types → Level_Up
_:b264,Level_Up,0.49374747293072224,0.12271182093659645,1.0,False,Imp,Level,0.5949979783445778,0.21355130984267473,0.16666666666666666,6,indirect,0.31161996692349136,nil | Participation | _:b72 | _:b266 | Buil-in_Data_Types,_:b264 → _:b266 → nil → _:b72 → Participation → Buil-in_Data_Types → Level_Up
_:b155,Level_Up,0.49374747293072224,0.12271182093659645,1.0,False,Imp,Level,0.5949979783445778,0.21355130984267473,0.16666666666666666,6,indirect,0.31161996692349136,nil | Participation | _:b72 | _:b157 | Buil-in_Data_Types,_:b155 → _:b157 → nil → _:b72 → Participation → Buil-in_Data_Types → Level_Up
_:b199,Level_Up,0.49374747293072224,0.12271182093659645,1.0,False,Imp,Level,0.5949979783445778,0.21355130984267473,0.16666666666666666,6,indirect,0.31161996692349136,nil | Participation | _:b72 | _:b201 | Buil-in_Data_Types,_:b199 → _:b201 → nil → _:b72 → Participation → Buil-in_Data_Types → Level_Up
_:b245,Level_Up,0.49374747293072224,0.12271182093659645,1.0,False,Imp,Level,0.5949979783445778,0.21355130984267473,0.16666666666666666,6,indirect,0.31161996692349136,nil | Participation | _:b72 | _:b247 | Buil-in_Data_Types,_:b245 → _:b247 → nil → _:b72 → Participation → Buil-in_Data_Types → Level_Up
_:b148,Level_Up,0.49374747293072224,0.12271182093659645,1.0,False,Imp,Level,0.5949979783445778,0.21355130984267473,0.16666666666666666,6,indirect,0.31161996692349136,nil | Participation | _:b72 | _:b150 | Buil-in_Data_Types,_:b148 → _:b150 → nil → _:b72 → Participation → Buil-in_Data_Types → Level_Up
_:b74,Level_Up,0.49374747293072224,0.12271182093659645,1.0,False,Imp,Level,0.5949979783445778,0.21355130984267473,0.16666666666666666,6,indirect,0.31161996692349136,nil | Participation | _:b72 | _:b76 | Buil-in_Data_Types,_:b74 → _:b76 → nil → _:b72 → Participation → Buil-in_Data_Types → Level_Up
_:b275,Level_Up,0.49374747293072224,0.12271182093659645,1.0,False,Imp,Level,0.5949979783445778,0.21355130984267473,0.16666666666666666,6,indirect,0.31161996692349136,nil | Participation | _:b72 | _:b277 | Buil-in_Data_Types,_:b275 → _:b277 → nil → _:b72 → Participation → Buil-in_Data_Types → Level_Up
_:b108,Level_Up,0.4937474610097933,0.12271182200903481,1.0,False,Imp,Level,0.5949979688078346,0.21355130984267473,0.16666666666666666,6,indirect,0.3116199627511662,nil | Participation | _:b72 | _:b110 | Buil-in_Data_Types,_:b108 → _:b110 → nil → _:b72 → Participation → Buil-in_Data_Types → Level_Up
_:b117,Level_Up,0.4937474610097933,0.12271182200903481,1.0,False,Imp,Level,0.5949979688078346,0.21355130984267473,0.16666666666666666,6,indirect,0.3116199627511662,nil | Participation | _:b72 | _:b119 | Buil-in_Data_Types,_:b117 → _:b119 → nil → _:b72 → Participation → Buil-in_Data_Types → Level_Up
SpatialThing,Level_Up,0.7240952455477164,0.28092577611610514,1.0,False,unknown,Level,0.7792761964381731,0.08939130203804733,0.125,8,indirect,0.3115376822664315,,N/A
Learner,Level_Up,0.7404172285128918,0.26150971934085016,1.0,False,unknown,Level,0.7923337828103134,0.0796690798158251,0.1111111111111111,9,indirect,0.3109309318597985,,N/A
RFK_L1_R1,Tiny_stash,0.13388384009714177,0.19733595214197322,0.0415518252487452,False,ReferenceKey,Reward,0.11541743712746245,0.4057681051148521,0.5,2,indirect,0.3106086123586535,Variables | Level_Up | 3.16.0 | Buil-in_Data_Types,RFK_L1_R1 → Variables → Tiny_stash
True,bonusPoints,0.623307465984853,0.2866920087514675,0.0,False,unknown,BonusPoints,0.4986459727878824,0.14189130203804734,0.2,5,indirect,0.3103869594194293,,N/A
BehaviouralObjective,BLockGame,0.7382384258930175,0.3267504971033203,0.12935257077791257,False,Class,Badge,0.6164612548699965,0.0796690798158251,0.1111111111111111,9,indirect,0.31016835094284245,,N/A
r,Stash,0.7376661965762986,0.29148217793873743,0.9172442572270822,False,Variable,Reward,0.7735818087064553,0.0796690798158251,0.1111111111111111,9,indirect,0.30996807068199084,,N/A
GamificationExperience,BLockGame,0.7508148058626579,0.34038800197908675,0.12935257077791257,False,Class,Badge,0.6265223588457088,0.07189130203804733,0.1,10,indirect,0.309514528376661,,N/A
bonus material for lesson 1 java basics,Stash,0.11643605047308785,0.15856508311674056,0.9172442572270822,False,unknown,Reward,0.2765976918238867,0.4134233014024504,0.5,2,indirect,0.30947776357717355,Arithmetic_operations | Task_about_Java_Basics | RFK_L1_R6,bonus material for lesson 1 java basics → Arithmetic_operations → Stash
Assessment,Stash,0.11643095389461122,0.1585684038664958,0.9172442572270822,False,unknown,Reward,0.2765936145611054,0.41338185511801184,0.5,2,indirect,0.3094490396898216,Task_about_Java_Basics | Arithmetic_operations | Java_Basics,Assessment → Task_about_Java_Basics → Stash
exercisse of lesson 2 Classes and Objects,Stash,0.11643095389461122,0.1585684038664958,0.9172442572270822,False,unknown,Reward,0.2765936145611054,0.41338185511801184,0.5,2,indirect,0.3094490396898216,Task_about_Java_Basics | Arithmetic_operations | Java_Basics,exercisse of lesson 2 Classes and Objects → Task_about_Java_Basics → Stash
Delimiters,BLockGame,0.5035386732255748,0.041185666162041376,0.12935257077791257,False,GamifiedResource,Badge,0.4287014527360423,0.20348520933835493,0.2,5,indirect,0.30850392169888186,ObjectOrientedProgramming | Java_Basics | Input_and_Output_Stream | Control_Statements | Task_about_Java_Basics,Delimiters → Input_and_Output_Stream → ObjectOrientedProgramming → Java_Basics → Control_Statements → BLockGame
Lecturing,Level_Up,0.12737634431974482,0.15809998112787643,1.0,False,NamedIndividual,Level,0.30190107545579586,0.4057681051148521,0.5,2,indirect,0.30833098883656457,Buil-in_Data_Types | Tiny_stash | Variables | 3.16.0,Lecturing → Buil-in_Data_Types → Level_Up
Exception_Types,BLockGame,0.5015080848717602,0.041501381215013865,0.12935257077791257,False,GamifiedResource,Badge,0.4270769820529907,0.20360904700105992,0.2,5,indirect,0.307873710255805,Exception_Handling | ObjectOrientedProgramming | Java_Basics | Control_Statements | Task_about_Java_Basics,Exception_Types → Exception_Handling → ObjectOrientedProgramming → Java_Basics → Control_Statements → BLockGame
Event_Types,BLockGame,0.5009885489033329,0.04288048322097602,0.12935257077791257,False,GamifiedResource,Badge,0.42666135327824883,0.20373600076191145,0.2,5,indirect,0.30777439261140893,Event_Handler_and_Listener | ObjectOrientedProgramming | Java_Basics | Control_Statements | Task_about_Java_Basics,Event_Types → Event_Handler_and_Listener → ObjectOrientedProgramming → Java_Basics → Control_Statements → BLockGame
CreativeWork,BLockGame,0.7449326353763521,0.3493504013034837,0.12935257077791257,False,unknown,Badge,0.6218166224566642,0.07189130203804733,0.1,10,indirect,0.30745576870645397,,N/A
IK_GE_TinyStash,Tiny_stash,0.15061575400353194,0.22191129615231164,0.0415518252487452,False,IndexKey,Reward,0.12880296825257462,0.3918306806366504,0.5,2,indirect,0.30740545631505894,OOPCourseCommunity | JavaVariables | DataTypes | RFK_L1_R1 | ReferenceKey1,IK_GE_TinyStash → RFK_GE_TinyStash → Tiny_stash
IK_GE_BlockGame,BLockGame,0.14760941419592158,0.2209346627408365,0.12935257077791257,False,IndexKey,Badge,0.14395804551231978,0.39169694445937847,0.5,2,indirect,0.30626630886716855,OOPCourseCommunity | JavaIf | JavaForWhile | RFK_L1_R4 | Control_Statements,IK_GE_BlockGame → RF_GE_BloackGame → BLockGame
Literal,Stash,0.725421597678044,0.2952285427468461,0.9172442572270822,False,unknown,Reward,0.7637861295878517,0.0796690798158251,0.1111111111111111,9,indirect,0.3056824610676017,,N/A
RFK_L1_R5,BLockGame,0.12433880763575673,0.19349204684485363,0.12935257077791257,False,ReferenceKey,Badge,0.1253415602641879,0.4033050474389697,0.5,2,indirect,0.30566686350784517,Loops | Control_Statements | Task_about_Java_Basics,RFK_L1_R5 → Loops → BLockGame
_:b207,Level_Up,0.47569406756769367,0.041415125664046516,1.0,False,IndividualPropertyAtom,Level,0.580555254054155,0.21355130984267473,0.16666666666666666,6,indirect,0.30530127504643134,nil | Participation | _:b72 | _:b201 | Buil-in_Data_Types,_:b207 → _:b201 → nil → _:b72 → Participation → Buil-in_Data_Types → Level_Up
_:b107,Level_Up,0.47569406756769367,0.041415125664046516,1.0,False,IndividualPropertyAtom,Level,0.580555254054155,0.21355130984267473,0.16666666666666666,6,indirect,0.30530127504643134,nil | Participation | _:b72 | _:b87 | Buil-in_Data_Types,_:b107 → _:b87 → nil → _:b72 → Participation → Buil-in_Data_Types → Level_Up
_:b274,Level_Up,0.4756940556467647,0.04141512234663596,1.0,False,IndividualPropertyAtom,Level,0.5805552445174118,0.21355130984267473,0.16666666666666666,6,indirect,0.3053012708741062,nil | Participation | _:b72 | _:b266 | Buil-in_Data_Types,_:b274 → _:b266 → nil → _:b72 → Participation → Buil-in_Data_Types → Level_Up
_:b263,Level_Up,0.4756940556467647,0.04141512234663596,1.0,False,IndividualPropertyAtom,Level,0.5805552445174118,0.21355130984267473,0.16666666666666666,6,indirect,0.3053012708741062,nil | Participation | _:b72 | _:b247 | Buil-in_Data_Types,_:b263 → _:b247 → nil → _:b72 → Participation → Buil-in_Data_Types → Level_Up
has_Priority,Tiny_stash,0.6821100354108551,0.3363517972820703,0.0415518252487452,False,DatatypeProperty,Reward,0.5539983933784332,0.10189130203804733,0.14285714285714285,7,indirect,0.30496785871853005,,N/A
Assessment,Level_Up,0.12455909331334639,0.16191262651168137,1.0,False,unknown,Level,0.29964727465067714,0.401264757117989,0.5,2,indirect,0.30441777478636406,Task_about_Java_Basics | Variables | Strings | Java_Basics | Stash,Assessment → Task_about_Java_Basics → Level_Up
exercisse of lesson 2 Classes and Objects,Level_Up,0.12455909331334639,0.16191262651168137,1.0,False,unknown,Level,0.29964727465067714,0.401264757117989,0.5,2,indirect,0.30441777478636406,Task_about_Java_Basics | Variables | Strings | Java_Basics | Stash,exercisse of lesson 2 Classes and Objects → Task_about_Java_Basics → Level_Up
_:b254,Level_Up,0.47744956512578707,0.041479022966815625,1.0,False,IndividualPropertyAtom,Level,0.5819596521006296,0.211218420084823,0.16666666666666666,6,indirect,0.30439932084916044,o | Participation | _:b72 | _:b71 | Buil-in_Data_Types,_:b254 → o → _:b71 → _:b72 → Participation → Buil-in_Data_Types → Level_Up
Teacher,bonusPoints,0.6052880095922315,0.23006119932835387,0.0,False,unknown,BonusPoints,0.4842304076737852,0.14189130203804734,0.2,5,indirect,0.3040801496820118,,N/A
Built-in Data Types,Level_Up,0.11512090685708114,0.16173272342225511,1.0,False,unknown,Level,0.2920967254856649,0.4057681051148521,0.5,2,indirect,0.3040415857246323,Buil-in_Data_Types | Tiny_stash | Variables | 3.16.0,Built-in Data Types → Buil-in_Data_Types → Level_Up
Essential,Level_Up,0.11512090685708114,0.16173272342225511,1.0,False,unknown,Level,0.2920967254856649,0.4057681051148521,0.5,2,indirect,0.3040415857246323,Buil-in_Data_Types | Tiny_stash | Variables | 3.16.0,Essential → Buil-in_Data_Types → Level_Up
RFK_L1_R4,BLockGame,0.12906984588088402,0.19259824362278927,0.12935257077791257,False,ReferenceKey,Badge,0.12912639086028974,0.39817114499716033,0.5,2,indirect,0.3039856903064636,Control_Statements | Task_about_Java_Basics | Loops | Stash,RFK_L1_R4 → Control_Statements → BLockGame
r,Tiny_stash,0.6791971186189772,0.3636950314091233,0.0415518252487452,False,Variable,Reward,0.5516680599449308,0.10189130203804733,0.14285714285714285,7,indirect,0.30394833784137276,,N/A
hasLearningStyle,Tiny_stash,0.701397534303842,0.3181600169509221,0.0415518252487452,False,ObjectProperty,Reward,0.5694283924928226,0.08939130203804733,0.125,8,indirect,0.30359348333107544,,N/A
JavaFunctions,Level_Up,0.457951548273882,0.08168032567846305,1.0,False,IndexKey,Level,0.5663612386191057,0.22044007019433096,0.25,4,indirect,0.3035690875221738,OOPCourseCommunity | LevelGE | IK_GE_LevelUp | Functions | RFK_L1_R3,JavaFunctions → OOPCourseCommunity → IK2 → LevelGE → Level_Up
_:b79,Level_Up,0.47231908778415777,0.049466862826200345,1.0,False,IndividualPropertyAtom,Level,0.5778552702273263,0.211218420084823,0.16666666666666666,6,indirect,0.3026036537795902,o | Participation | _:b72 | _:b71 | Buil-in_Data_Types,_:b79 → o → _:b71 → _:b72 → Participation → Buil-in_Data_Types → Level_Up
_:b68,Level_Up,0.47231908778415777,0.049466862826200345,1.0,False,IndividualPropertyAtom,Level,0.5778552702273263,0.211218420084823,0.16666666666666666,6,indirect,0.3026036537795902,o | Participation | _:b72 | _:b71 | Buil-in_Data_Types,_:b68 → o → _:b71 → _:b72 → Participation → Buil-in_Data_Types → Level_Up
_:b280,Level_Up,0.47231908778415777,0.049466862826200345,1.0,False,IndividualPropertyAtom,Level,0.5778552702273263,0.211218420084823,0.16666666666666666,6,indirect,0.3026036537795902,o | Participation | _:b72 | _:b71 | Buil-in_Data_Types,_:b280 → o → _:b71 → _:b72 → Participation → Buil-in_Data_Types → Level_Up
_:b250,Level_Up,0.47231908778415777,0.049466862826200345,1.0,False,IndividualPropertyAtom,Level,0.5778552702273263,0.211218420084823,0.16666666666666666,6,indirect,0.3026036537795902,o | Participation | _:b72 | _:b71 | Buil-in_Data_Types,_:b250 → o → _:b71 → _:b72 → Participation → Buil-in_Data_Types → Level_Up
_:b240,Level_Up,0.4937474610097933,0.12271182200903481,1.0,False,Imp,Level,0.5949979688078346,0.19779404700236736,0.16666666666666666,6,indirect,0.3013777419049664,nil | Participation | _:b72 | Buil-in_Data_Types | _:b241,_:b240 → _:b241 → nil → _:b72 → Participation → Buil-in_Data_Types → Level_Up
startingPage,Level_Up,0.6707696889184629,0.2041882111110569,1.0,False,AnnotationProperty,Level,0.7366157511347704,0.10189130203804733,0.14285714285714285,7,indirect,0.30099873744619277,,N/A
Knowledge,Level_Up,0.7263581889014757,0.28777295018079435,1.0,False,Class,Level,0.7810865511211806,0.07189130203804733,0.1,10,indirect,0.30095471244024724,,N/A
bonus resource for lesson 5 Class Methods and Constructors,Level_Up,0.1023108897361934,0.1590247647910226,1.0,False,unknown,Level,0.28184871178895476,0.4063195237414138,0.5,2,indirect,0.2999165018395866,Overloaded_constructors | Polymorphism | Overloading | Overriding,bonus resource for lesson 5 Class Methods and Constructors → Overloaded_constructors → Level_Up
ressource bonus pour la leçon 5 Méthodes et constructeurs de classe,Level_Up,0.1023108897361934,0.1590247647910226,1.0,False,unknown,Level,0.28184871178895476,0.4063195237414138,0.5,2,indirect,0.2999165018395866,Overloaded_constructors | Polymorphism | Overloading | Overriding,ressource bonus pour la leçon 5 Méthodes et constructeurs de classe → Overloaded_constructors → Level_Up
t,Motrain,0.7449618363525361,0.32763521199337,0.0,False,Variable,GameElementResource,0.5959694690820289,0.060224635371380675,0.08333333333333333,12,indirect,0.29988265571478506,,N/A
Events,Stash,0.46861044548104375,0.18554755321211228,0.9172442572270822,False,GamifiedResource,Reward,0.5583372078302515,0.2037428648941923,0.2,5,indirect,0.29644651809959033,Event_Handler_and_Listener | ObjectOrientedProgramming | Java_Basics | Functions | Control_Statements,Events → Event_Handler_and_Listener → ObjectOrientedProgramming → Java_Basics → Functions → Stash
Assessment,BLockGame,0.10315059104072337,0.16357312970666246,0.12935257077791257,False,unknown,Badge,0.10839098698816121,0.3981979151130557,0.5,2,indirect,0.2949313516877394,Task_about_Java_Basics | Control_Statements | Loops | Java_Basics,Assessment → Task_about_Java_Basics → BLockGame
exercisse of lesson 2 Classes and Objects,BLockGame,0.10315059104072337,0.16357312970666246,0.12935257077791257,False,unknown,Badge,0.10839098698816121,0.3981979151130557,0.5,2,indirect,0.2949313516877394,Task_about_Java_Basics | Control_Statements | Loops | Java_Basics,exercisse of lesson 2 Classes and Objects → Task_about_Java_Basics → BLockGame
Person,Motrain,0.7269648759262399,0.3069315665523929,0.0,False,unknown,GameElementResource,0.581571900740992,0.060224635371380675,0.08333333333333333,12,indirect,0.2935837195655814,,N/A
Audience,Stash,0.4945074331966506,0.13621775492309224,0.9172442572270822,False,Class,Reward,0.579054798002737,0.18468890556743534,0.16666666666666666,6,indirect,0.29312539023766065,Course | ObjectOrientedProgramming | Java_Basics | hasTargetAudience | Functions,Audience → hasTargetAudience → Course → ObjectOrientedProgramming → Java_Basics → Functions → Stash
Array_of_instances,BLockGame,0.40418606097516596,0.147214772983349,0.12935257077791257,False,Resource,Badge,0.3492193629357153,0.2323374353350509,0.25,4,indirect,0.2924844543090912,Classes_and_Objects | Java_Basics | Control_Statements | Task_about_Java_Basics | Loops,Array_of_instances → Classes_and_Objects → Java_Basics → Control_Statements → BLockGame
Task_about_Exception_Handling,Tiny_stash,0.43464267759271424,0.12215646681215626,0.0415518252487452,False,GamifiedResource,Reward,0.3560245071239204,0.2138450153854332,0.2,5,indirect,0.29112419715798155,Exception_Handling | ObjectOrientedProgramming | Variables | Java_Basics | Exceptions,Task_about_Exception_Handling → Exception_Handling → ObjectOrientedProgramming → Java_Basics → Variables → Tiny_stash
Task_about_Input_and_Output_Streams,Tiny_stash,0.4341777924674338,0.12245940791358727,0.0415518252487452,False,GamifiedResource,Reward,0.3556525990236961,0.21381989048219568,0.2,5,indirect,0.290945156177029,ObjectOrientedProgramming | Variables | Java_Basics | Input_and_Output_Stream | Exception_Handling,Task_about_Input_and_Output_Streams → Input_and_Output_Stream → ObjectOrientedProgramming → Java_Basics → Variables → Tiny_stash
Lesson,Stash,0.48523129077536814,0.09948926520730021,0.9172442572270822,False,unknown,Reward,0.5716338840657109,0.18468890556743534,0.16666666666666666,6,indirect,0.2898787403902118,Course | ObjectOrientedProgramming | Java_Basics | consists_of | Functions,Lesson → consists_of → Course → ObjectOrientedProgramming → Java_Basics → Functions → Stash
gel,Level_Up,0.6372458376644717,0.24274242277568975,1.0,False,Variable,Level,0.7097966701315774,0.10189130203804733,0.14285714285714285,7,indirect,0.28926538950729586,,N/A
Audience_A,Level_Up,0.41111121015779634,0.11209763696457116,1.0,False,Audience,Level,0.5288889681262371,0.22324066885126215,0.25,4,indirect,0.2889953583085491,ObjectOrientedProgramming | Java_Basics | Variables | Task_about_Java_Basics | Polymorphism,Audience_A → ObjectOrientedProgramming → Java_Basics → Task_about_Java_Basics → Level_Up
has_Priority,BLockGame,0.6364074927357414,0.23657032605902606,0.12935257077791257,False,DatatypeProperty,Badge,0.5349965083441757,0.10189130203804733,0.14285714285714285,7,indirect,0.28897196878224024,,N/A
Space,Level_Up,0.658415684565478,0.2067286678793281,1.0,False,unknown,Level,0.7267325476523825,0.08939130203804733,0.125,8,indirect,0.28854983592264805,,N/A
string,Motrain,0.6904154492625031,0.2754253386449467,0.0,False,unknown,GameElementResource,0.5523323594100025,0.07189130203804733,0.1,10,indirect,0.2883747535666068,,N/A
l,Level_Up,0.6328409367701975,0.2463429849259698,1.0,False,Variable,Level,0.706272749416158,0.10189130203804733,0.14285714285714285,7,indirect,0.2877236741942999,,N/A
b,Level_Up,0.632516245778697,0.246223217750267,1.0,False,Variable,Level,0.7060129966229576,0.10189130203804733,0.14285714285714285,7,indirect,0.28761003234727467,,N/A
Creating_linked_screens,Level_Up,0.389330449873281,0.15034185177686016,1.0,False,GamifiedResource,Level,0.5114643598986248,0.2327714053896528,0.25,4,indirect,0.28756707095892264,Graphical_User_Interface | Polymorphism | Overloading | Overriding | Overloaded_constructors,Creating_linked_screens → Graphical_User_Interface → Polymorphism → Overloaded_constructors → Level_Up
PerceptionPole,Level_Up,0.632048068446373,0.23222415190256696,1.0,False,Class,Level,0.7056384547570984,0.10189130203804733,0.14285714285714285,7,indirect,0.2874461702809613,,N/A
InputPole,Level_Up,0.632048068446373,0.23222415190256696,1.0,False,Class,Level,0.7056384547570984,0.10189130203804733,0.14285714285714285,7,indirect,0.2874461702809613,,N/A
JavaFunctions,Stash,0.29562031504039604,0.16619894670461247,0.9172442572270822,False,IndexKey,Reward,0.4199451034777333,0.2829710165354695,0.3333333333333333,3,indirect,0.2873982710121938,OOPCourseCommunity | Functions | RFK_L1_R3 | IK_GE_stash | Control_Statements,JavaFunctions → RFK_L1_R3 → Functions → Stash
has_host,Level_Up,0.6312125714017356,0.18923937996371915,1.0,False,unknown,Level,0.7049700571213886,0.10189130203804733,0.14285714285714285,7,indirect,0.2871537463153382,,N/A
_:b71,Level_Up,0.3842221636084703,0.07559000966409737,1.0,False,List,Level,0.5073777308867762,0.23403566088494637,0.25,4,indirect,0.2866009368381798,Participation | _:b72 | Buil-in_Data_Types | 3.16.0 | PO1,_:b71 → _:b72 → Participation → Buil-in_Data_Types → Level_Up
LevelGE,Stash,0.28644448970871556,0.15878647502688548,0.9172442572270822,False,ReferenceKey,Reward,0.41260444321238887,0.2845857219386791,0.3333333333333333,3,indirect,0.2852362906581919,Level_Up | Task_about_Java_Basics | Variables | Strings | Arithmetic_operations,LevelGE → Level_Up → Task_about_Java_Basics → Stash
SpatialThing,Stash,0.6480547129622121,0.23724545977381017,0.9172442572270822,False,unknown,Reward,0.7018926218151861,0.08939130203804733,0.125,8,indirect,0.284923495861505,,N/A
equal,Level_Up,0.6245009453769879,0.2310156671947388,1.0,False,unknown,Level,0.6996007563015902,0.10189130203804733,0.14285714285714285,7,indirect,0.2848046772066765,,N/A
Points,Stash,0.6612580488777665,0.20541057606777,0.9172442572270822,False,Class,Reward,0.7124552905476297,0.0796690798158251,0.1111111111111111,9,indirect,0.2832252189875046,,N/A
Literal,Tiny_stash,0.6604547207123869,0.3648514349034983,0.0415518252487452,False,unknown,Reward,0.5366741416196585,0.0796690798158251,0.1111111111111111,9,indirect,0.2829440541296217,,N/A
hasLearningStyle,BLockGame,0.6737827603936071,0.22824705638950038,0.12935257077791257,False,ObjectProperty,Badge,0.5648967224704682,0.07189130203804733,0.1,10,indirect,0.2825533124624932,,N/A
_:b83,Level_Up,0.364419984339476,0.07552714646446886,1.0,False,List,Level,0.4915359874715808,0.23764009650030077,0.2,5,indirect,0.2820130572440121,nil | Participation | _:b72 | Buil-in_Data_Types,_:b83 → nil → _:b72 → Participation → Buil-in_Data_Types → Level_Up
_:b284,Level_Up,0.364419984339476,0.07552714646446886,1.0,False,List,Level,0.4915359874715808,0.23764009650030077,0.2,5,indirect,0.2820130572440121,nil | Participation | _:b72 | Buil-in_Data_Types,_:b284 → nil → _:b72 → Participation → Buil-in_Data_Types → Level_Up
hasPart,Level_Up,0.6397295354685525,0.2156672175327077,1.0,False,unknown,Level,0.711783628374842,0.08939130203804733,0.125,8,indirect,0.28200968373872415,,N/A
stringEqualIgnoreCase,Tiny_stash,0.41444765954193885,0.3244813413833441,0.0415518252487452,False,unknown,Reward,0.3398684926833001,0.2106799321760247,0.16666666666666666,6,indirect,0.28199863675409464,Participation | _:b72 | _:b71 | _:b70 | Buil-in_Data_Types,stringEqualIgnoreCase → _:b70 → _:b71 → _:b72 → Participation → Buil-in_Data_Types → Tiny_stash
_:b261,Level_Up,0.3637892171907862,0.07603826789831217,1.0,False,List,Level,0.491031373752629,0.23764009650030077,0.2,5,indirect,0.2817922887419707,nil | Participation | _:b72 | Buil-in_Data_Types,_:b261 → nil → _:b72 → Participation → Buil-in_Data_Types → Level_Up
_:b197,Level_Up,0.36375853289969606,0.07604886249459285,1.0,False,List,Level,0.4910068263197569,0.23764009650030077,0.2,5,indirect,0.28178154924008914,nil | Participation | _:b72 | Buil-in_Data_Types,_:b197 → nil → _:b72 → Participation → Buil-in_Data_Types → Level_Up
Learner,Stash,0.6701304101506109,0.2164323003416133,0.9172442572270822,False,unknown,Reward,0.7195531795659053,0.07189130203804733,0.1,10,indirect,0.2812749898774446,,N/A
Lesson,Tiny_stash,0.410599868504222,0.3275521929620267,0.0415518252487452,False,unknown,Reward,0.3367902598531266,0.21093556553670123,0.16666666666666666,6,indirect,0.28081807157533345,Course | ObjectOrientedProgramming | Variables | Java_Basics | consists_of,Lesson → consists_of → Course → ObjectOrientedProgramming → Java_Basics → Variables → Tiny_stash
Audience,Tiny_stash,0.40875129422042067,0.33668768495930373,0.0415518252487452,False,Class,Reward,0.3353114004260856,0.21093556553670123,0.16666666666666666,6,indirect,0.280171070576003,Course | ObjectOrientedProgramming | Variables | Java_Basics | hasTargetAudience,Audience → hasTargetAudience → Course → ObjectOrientedProgramming → Java_Basics → Variables → Tiny_stash
LegalDocument,Level_Up,0.6085481682042408,0.20646756349622725,1.0,False,Class,Level,0.6868385345633927,0.10189130203804733,0.14285714285714285,7,indirect,0.27922120519621507,,N/A
gep,bonusPoints,0.36037399858591923,0.040441553175626616,0.0,False,Variable,BonusPoints,0.2882991988687354,0.23522463537138066,0.3333333333333333,3,indirect,0.27902691249646916,,N/A
Objective,Level_Up,0.6292493237592379,0.24202746055758795,1.0,False,Class,Level,0.7033994590073904,0.08939130203804733,0.125,8,indirect,0.27834160964046406,,N/A
Knowledge,Stash,0.6584480060365612,0.24728634098354357,0.9172442572270822,False,Class,Reward,0.7102072562746654,0.07189130203804733,0.1,10,indirect,0.27718614843752715,,N/A
r,BLockGame,0.6415294365812161,0.29284327700934415,0.12935257077791257,False,Variable,Badge,0.5390940634205554,0.0796690798158251,0.1111111111111111,9,indirect,0.27632020468371193,,N/A
LevelGE,Tiny_stash,0.2652783114040188,0.19619982541186412,0.0415518252487452,False,ReferenceKey,Reward,0.22053301417296411,0.2814746030118999,0.3333333333333333,3,indirect,0.27580590094914154,Level_Up | Variables | 3.16.0 | Buil-in_Data_Types,LevelGE → Level_Up → Buil-in_Data_Types → Tiny_stash
hasBehaviouralObjective,Stash,0.6325198088074926,0.14400062706423625,0.9172442572270822,False,ObjectProperty,Reward,0.6894646984914106,0.0796690798158251,0.1111111111111111,9,indirect,0.2731668349629087,,N/A
Adam,Level_Up,0.36014220427119764,0.15199394736525335,1.0,False,Teacher,Level,0.4881137634169581,0.2234058656348213,0.25,4,indirect,0.27126358415755303,ObjectOrientedProgramming | Polymorphism | Overloading | Task_about_Java_Basics | Java_Basics,Adam → ObjectOrientedProgramming → Polymorphism → Overloading → Level_Up
leçon 2 du cours Programmation Orientée Objet,Level_Up,0.23551338560302315,0.14010893975340394,1.0,False,unknown,Level,0.38841070848241854,0.28916534025108576,0.3333333333333333,3,indirect,0.27038715612426384,Java_Basics | Task_about_Java_Basics | Variables | Classes_and_Objects,leçon 2 du cours Programmation Orientée Objet → Java_Basics → Task_about_Java_Basics → Level_Up
BLockGame,Tiny_stash,0.3578975434641643,0.11038258937425595,0.0415518252487452,False,Badge,Reward,0.29462839982108047,0.2231709597745433,0.25,4,indirect,0.2703252640659106,Variables | Task_about_Java_Basics | Java_Basics | Control_Statements | Level_Up,BLockGame → Task_about_Java_Basics → Level_Up → Buil-in_Data_Types → Tiny_stash
Events,Tiny_stash,0.39087564452716705,0.12109099824207988,0.0415518252487452,False,GamifiedResource,Reward,0.3210108806714827,0.20387947824799962,0.2,5,indirect,0.2693281364457082,ObjectOrientedProgramming | Variables | Java_Basics | Event_Handler_and_Listener | Exception_Handling,Events → Event_Handler_and_Listener → ObjectOrientedProgramming → Java_Basics → Variables → Tiny_stash
Literal,BLockGame,0.6156871904953048,0.298257911647143,0.12935257077791257,False,unknown,Badge,0.5184202665518264,0.0796690798158251,0.1111111111111111,9,indirect,0.267275418553643,,N/A
containsGameElement,bonusPoints,0.32546217859887877,0.11833992537856217,0.0,False,TransitiveProperty,BonusPoints,0.260369742879103,0.23522463537138066,0.3333333333333333,3,indirect,0.266807775501005,,N/A
Error1,Level_Up,0.6126553040504285,0.24726336152377984,1.0,False,Class,Level,0.6901242432403427,0.0796690798158251,0.1111111111111111,9,indirect,0.26621425829793627,,N/A
_:b102,Level_Up,0.5703940286581177,0.12290563937220117,1.0,False,DatavaluedPropertyAtom,Level,0.6563152229264941,0.10189130203804733,0.14285714285714285,7,indirect,0.26586725635507197,,N/A
_:b100,Level_Up,0.5703900203665304,0.12290180580990105,1.0,False,DatavaluedPropertyAtom,Level,0.6563120162932243,0.10189130203804733,0.14285714285714285,7,indirect,0.2658658534530164,,N/A
_:b162,Level_Up,0.36224428188861474,0.07723050000007473,1.0,False,BuiltinAtom,Level,0.48979542551089184,0.21358334245998534,0.16666666666666666,6,indirect,0.2656146712600056,nil | Participation | _:b72 | _:b161 | Buil-in_Data_Types,_:b162 → _:b161 → nil → _:b72 → Participation → Buil-in_Data_Types → Level_Up
_:b173,Level_Up,0.36224428188861474,0.07723050000007473,1.0,False,BuiltinAtom,Level,0.48979542551089184,0.21358334245998534,0.16666666666666666,6,indirect,0.2656146712600056,nil | Participation | _:b72 | _:b172 | Buil-in_Data_Types,_:b173 → _:b172 → nil → _:b72 → Participation → Buil-in_Data_Types → Level_Up
_:b70,Level_Up,0.36224428188861474,0.07723050000007473,1.0,False,BuiltinAtom,Level,0.48979542551089184,0.21355877017387367,0.2,5,indirect,0.265598699274033,Participation | _:b72 | Buil-in_Data_Types | nil | _:b71,_:b70 → _:b71 → _:b72 → Participation → Buil-in_Data_Types → Level_Up
_:b196,Level_Up,0.3618658680915038,0.0736197894274019,1.0,False,List,Level,0.48949269447320304,0.21358993202697496,0.16666666666666666,6,indirect,0.26548650964956005,nil | Participation | _:b197 | _:b72 | Buil-in_Data_Types,_:b196 → _:b197 → nil → _:b72 → Participation → Buil-in_Data_Types → Level_Up
_:b104,Level_Up,0.3612771639862612,0.0741795250688483,1.0,False,BuiltinAtom,Level,0.489021731189009,0.213590376561256,0.16666666666666666,6,indirect,0.2652807521600078,nil | Participation | _:b103 | _:b72 | Buil-in_Data_Types,_:b104 → _:b103 → nil → _:b72 → Participation → Buil-in_Data_Types → Level_Up
Lecturing,Tiny_stash,0.10324619619952921,0.16672694651102754,0.0415518252487452,False,NamedIndividual,Reward,0.09090732200937242,0.3518913020380473,0.5,2,indirect,0.26486551499456595,,N/A
_:b195,Level_Up,0.35975886422718373,0.07547377332336719,1.0,False,BuiltinAtom,Level,0.487807091381747,0.21358428382669814,0.16666666666666666,6,indirect,0.2647453869668681,nil | Participation | _:b72 | _:b194 | Buil-in_Data_Types,_:b195 → _:b194 → nil → _:b72 → Participation → Buil-in_Data_Types → Level_Up
_:b81,Level_Up,0.3597299511237972,0.07548174714943755,1.0,False,BuiltinAtom,Level,0.48778396089903775,0.21358334245998534,0.16666666666666666,6,indirect,0.26473465549231945,nil | Participation | _:b72 | _:b80 | Buil-in_Data_Types,_:b81 → _:b80 → nil → _:b72 → Participation → Buil-in_Data_Types → Level_Up
_:b282,Level_Up,0.3597299511237972,0.07548174714943755,1.0,False,BuiltinAtom,Level,0.48778396089903775,0.21358334245998534,0.16666666666666666,6,indirect,0.26473465549231945,nil | Participation | _:b72 | _:b281 | Buil-in_Data_Types,_:b282 → _:b281 → nil → _:b72 → Participation → Buil-in_Data_Types → Level_Up
_:b184,Level_Up,0.3597299511237972,0.07548174714943755,1.0,False,BuiltinAtom,Level,0.48778396089903775,0.21358334245998534,0.16666666666666666,6,indirect,0.26473465549231945,nil | Participation | _:b72 | _:b183 | Buil-in_Data_Types,_:b184 → _:b183 → nil → _:b72 → Participation → Buil-in_Data_Types → Level_Up
_:b190,Level_Up,0.31344092566725984,0.09934812333942106,1.0,False,AtomList,Level,0.45075274053380787,0.23764009650030077,0.2,5,indirect,0.26417038670873644,nil | Participation | _:b72 | Buil-in_Data_Types,_:b190 → nil → _:b72 → Participation → Buil-in_Data_Types → Level_Up
_:b232,Level_Up,0.31344092566725984,0.09934812333942106,1.0,False,AtomList,Level,0.45075274053380787,0.23764009650030077,0.2,5,indirect,0.26417038670873644,nil | Participation | _:b72 | Buil-in_Data_Types,_:b232 → nil → _:b72 → Participation → Buil-in_Data_Types → Level_Up
_:b237,Level_Up,0.31344092566725984,0.09934812333942106,1.0,False,AtomList,Level,0.45075274053380787,0.23764009650030077,0.2,5,indirect,0.26417038670873644,nil | Participation | _:b72 | Buil-in_Data_Types,_:b237 → nil → _:b72 → Participation → Buil-in_Data_Types → Level_Up
_:b236,Level_Up,0.31344092566725984,0.09934812333942106,1.0,False,AtomList,Level,0.45075274053380787,0.23764009650030077,0.2,5,indirect,0.26417038670873644,nil | Participation | _:b72 | Buil-in_Data_Types,_:b236 → nil → _:b72 → Participation → Buil-in_Data_Types → Level_Up
_:b231,Level_Up,0.31344092566725984,0.09934812333942106,1.0,False,AtomList,Level,0.45075274053380787,0.23764009650030077,0.2,5,indirect,0.26417038670873644,nil | Participation | _:b72 | Buil-in_Data_Types,_:b231 → nil → _:b72 → Participation → Buil-in_Data_Types → Level_Up
_:b242,Level_Up,0.3131199283380274,0.09957380392269322,1.0,False,AtomList,Level,0.4504959426704219,0.23764009650030077,0.2,5,indirect,0.2640580376435051,nil | Participation | _:b72 | Buil-in_Data_Types,_:b242 → nil → _:b72 → Participation → Buil-in_Data_Types → Level_Up
_:b168,Level_Up,0.3131199283380274,0.09957380392269322,1.0,False,AtomList,Level,0.4504959426704219,0.23764009650030077,0.2,5,indirect,0.2640580376435051,nil | Participation | _:b72 | Buil-in_Data_Types,_:b168 → nil → _:b72 → Participation → Buil-in_Data_Types → Level_Up
_:b179,Level_Up,0.3131199283380274,0.09957380392269322,1.0,False,AtomList,Level,0.4504959426704219,0.23764009650030077,0.2,5,indirect,0.2640580376435051,nil | Participation | _:b72 | Buil-in_Data_Types,_:b179 → nil → _:b72 → Participation → Buil-in_Data_Types → Level_Up
_:b157,Level_Up,0.3131199283380274,0.09957380392269322,1.0,False,AtomList,Level,0.4504959426704219,0.23764009650030077,0.2,5,indirect,0.2640580376435051,nil | Participation | _:b72 | Buil-in_Data_Types,_:b157 → nil → _:b72 → Participation → Buil-in_Data_Types → Level_Up
_:b201,Level_Up,0.3131199283380274,0.09957380392269322,1.0,False,AtomList,Level,0.4504959426704219,0.23764009650030077,0.2,5,indirect,0.2640580376435051,nil | Participation | _:b72 | Buil-in_Data_Types,_:b201 → nil → _:b72 → Participation → Buil-in_Data_Types → Level_Up
_:b119,Level_Up,0.3131199283380274,0.09957380392269322,1.0,False,AtomList,Level,0.4504959426704219,0.23764009650030077,0.2,5,indirect,0.2640580376435051,nil | Participation | _:b72 | Buil-in_Data_Types,_:b119 → nil → _:b72 → Participation → Buil-in_Data_Types → Level_Up
_:b87,Level_Up,0.3131199283380274,0.09957380392269322,1.0,False,AtomList,Level,0.4504959426704219,0.23764009650030077,0.2,5,indirect,0.2640580376435051,nil | Participation | _:b72 | Buil-in_Data_Types,_:b87 → nil → _:b72 → Participation → Buil-in_Data_Types → Level_Up
_:b76,Level_Up,0.3131199283380274,0.09957380392269322,1.0,False,AtomList,Level,0.4504959426704219,0.23764009650030077,0.2,5,indirect,0.2640580376435051,nil | Participation | _:b72 | Buil-in_Data_Types,_:b76 → nil → _:b72 → Participation → Buil-in_Data_Types → Level_Up
_:b241,Level_Up,0.3131199283380274,0.09957380392269322,1.0,False,AtomList,Level,0.4504959426704219,0.23764009650030077,0.2,5,indirect,0.2640580376435051,nil | Participation | _:b72 | Buil-in_Data_Types,_:b241 → nil → _:b72 → Participation → Buil-in_Data_Types → Level_Up
_:b150,Level_Up,0.3131199283380274,0.09957380392269322,1.0,False,AtomList,Level,0.4504959426704219,0.23764009650030077,0.2,5,indirect,0.2640580376435051,nil | Participation | _:b72 | Buil-in_Data_Types,_:b150 → nil → _:b72 → Participation → Buil-in_Data_Types → Level_Up
_:b65,Level_Up,0.3131199283380274,0.09957380392269322,1.0,False,AtomList,Level,0.4504959426704219,0.23764009650030077,0.2,5,indirect,0.2640580376435051,nil | Participation | _:b72 | Buil-in_Data_Types,_:b65 → nil → _:b72 → Participation → Buil-in_Data_Types → Level_Up
_:b277,Level_Up,0.3131199283380274,0.09957380392269322,1.0,False,AtomList,Level,0.4504959426704219,0.23764009650030077,0.2,5,indirect,0.2640580376435051,nil | Participation | _:b72 | Buil-in_Data_Types,_:b277 → nil → _:b72 → Participation → Buil-in_Data_Types → Level_Up
_:b266,Level_Up,0.3131199283380274,0.09957380392269322,1.0,False,AtomList,Level,0.4504959426704219,0.23764009650030077,0.2,5,indirect,0.2640580376435051,nil | Participation | _:b72 | Buil-in_Data_Types,_:b266 → nil → _:b72 → Participation → Buil-in_Data_Types → Level_Up
_:b247,Level_Up,0.3131199283380274,0.09957380392269322,1.0,False,AtomList,Level,0.4504959426704219,0.23764009650030077,0.2,5,indirect,0.2640580376435051,nil | Participation | _:b72 | Buil-in_Data_Types,_:b247 → nil → _:b72 → Participation → Buil-in_Data_Types → Level_Up
_:b110,Level_Up,0.3131199283380274,0.09957380392269322,1.0,False,AtomList,Level,0.4504959426704219,0.23764009650030077,0.2,5,indirect,0.2640580376435051,nil | Participation | _:b72 | Buil-in_Data_Types,_:b110 → nil → _:b72 → Participation → Buil-in_Data_Types → Level_Up
Task_about_Exception_Handling,BLockGame,0.37597014633397513,0.10058907254582088,0.12935257077791257,False,GamifiedResource,Badge,0.3266466312227626,0.20360904700105992,0.2,5,indirect,0.2639354317675802,Exception_Handling | ObjectOrientedProgramming | Java_Basics | Control_Statements | Task_about_Java_Basics,Task_about_Exception_Handling → Exception_Handling → ObjectOrientedProgramming → Java_Basics → Control_Statements → BLockGame
Points,Tiny_stash,0.5874270761505277,0.27687316186268623,0.0415518252487452,False,Class,Reward,0.4782520259701712,0.08939130203804733,0.125,8,indirect,0.26370382297741546,,N/A
_:b72,Tiny_stash,0.2205136166153364,0.15678453647674462,0.0415518252487452,False,List,Reward,0.18472125834201816,0.28653234627173607,0.3333333333333333,3,indirect,0.2634257908919962,Participation | Buil-in_Data_Types | 3.16.0 | PO1 | Sara,_:b72 → Participation → Buil-in_Data_Types → Tiny_stash
RFK_L1_R5,Level_Up,0.2013698027889755,0.17097846708145462,1.0,False,ReferenceKey,Level,0.3610958422311804,0.29671729127282165,0.3333333333333333,3,indirect,0.2633456703034755,Task_about_Java_Basics | Loops | Java_Basics | BLockGame,RFK_L1_R5 → Loops → Task_about_Java_Basics → Level_Up
DataTypes,Level_Up,0.22688438773149522,0.17718929199958952,1.0,False,IndexKey,Level,0.3815075101851962,0.28295445545441095,0.3333333333333333,3,indirect,0.2633299317513904,OOPCourseCommunity | LevelGE | ReferenceKey1 | IK_GE_LevelUp | Buil-in_Data_Types,DataTypes → ReferenceKey1 → Buil-in_Data_Types → Level_Up
Task_about_Input_and_Output_Streams,BLockGame,0.37421084824353007,0.10040538209485099,0.12935257077791257,False,GamifiedResource,Badge,0.3252391927504066,0.20348520933835493,0.2,5,indirect,0.26323918295516624,ObjectOrientedProgramming | Java_Basics | Input_and_Output_Stream | Control_Statements | Task_about_Java_Basics,Task_about_Input_and_Output_Streams → Input_and_Output_Stream → ObjectOrientedProgramming → Java_Basics → Control_Statements → BLockGame
_:b34,Level_Up,0.31048815182864054,0.09376696182858982,1.0,False,unknown,Level,0.4483905214629125,0.23764009650030077,0.2,5,indirect,0.2631369158652197,nil | Participation | _:b72 | Buil-in_Data_Types,_:b34 → nil → _:b72 → Participation → Buil-in_Data_Types → Level_Up
Built-in Data Types,Tiny_stash,0.09828633066700881,0.16826401154716444,0.0415518252487452,False,unknown,Reward,0.0869394295833561,0.3518913020380473,0.5,2,indirect,0.26312956205818383,,N/A
Essential,Tiny_stash,0.09828633066700881,0.16826401154716444,0.0415518252487452,False,unknown,Reward,0.0869394295833561,0.3518913020380473,0.5,2,indirect,0.26312956205818383,,N/A
_:b40,Level_Up,0.3104268075961347,0.0938021085370952,1.0,False,unknown,Level,0.4483414460769078,0.23764009650030077,0.2,5,indirect,0.2631154453838427,nil | Participation | _:b72 | Buil-in_Data_Types,_:b40 → nil → _:b72 → Participation → Buil-in_Data_Types → Level_Up
_:b46,Level_Up,0.3104007291492864,0.09381706037065642,1.0,False,unknown,Level,0.44832058331942914,0.23764009650030077,0.2,5,indirect,0.26310631792744577,nil | Participation | _:b72 | Buil-in_Data_Types,_:b46 → nil → _:b72 → Participation → Buil-in_Data_Types → Level_Up
_:b51,Level_Up,0.3103896522805626,0.0938234452687335,1.0,False,unknown,Level,0.4483117218244501,0.23764009650030077,0.2,5,indirect,0.2631024410233924,nil | Participation | _:b72 | Buil-in_Data_Types,_:b51 → nil → _:b72 → Participation → Buil-in_Data_Types → Level_Up
_:b28,Level_Up,0.3099657860681523,0.09379071740010939,1.0,False,unknown,Level,0.4479726288545218,0.23764009650030077,0.2,5,indirect,0.2629540878490488,nil | Participation | _:b72 | Buil-in_Data_Types,_:b28 → nil → _:b72 → Participation → Buil-in_Data_Types → Level_Up
SimpleResource,bonusPoints,0.4875568966338884,0.14967569604863162,0.0,False,unknown,BonusPoints,0.39004551730711073,0.14189130203804734,0.2,5,indirect,0.2628742601465917,,N/A
_:b54,Level_Up,0.3091872684237564,0.09423077374052384,1.0,False,unknown,Level,0.44734981473900515,0.23764009650030077,0.2,5,indirect,0.26268160667351026,nil | Participation | _:b72 | Buil-in_Data_Types,_:b54 → nil → _:b72 → Participation → Buil-in_Data_Types → Level_Up
_:b20,Level_Up,0.3091872684237564,0.09423077374052384,1.0,False,unknown,Level,0.44734981473900515,0.23764009650030077,0.2,5,indirect,0.26268160667351026,nil | Participation | _:b72 | Buil-in_Data_Types,_:b20 → nil → _:b72 → Participation → Buil-in_Data_Types → Level_Up
IK_GE_Motrain,Motrain,0.09614427666459294,0.18226088912740077,0.0,False,IndexKey,GameElementResource,0.07691542133167435,0.3518913020380473,0.5,2,indirect,0.26237984315733826,,N/A
_:b22,Level_Up,0.3082834852328224,0.09448625511253135,1.0,False,unknown,Level,0.44662678818625795,0.23764009650030077,0.2,5,indirect,0.26236528255668334,nil | Participation | _:b72 | Buil-in_Data_Types,_:b22 → nil → _:b72 → Participation → Buil-in_Data_Types → Level_Up
hasBehaviouralObjective,Tiny_stash,0.5830859596357008,0.25819124801762666,0.0415518252487452,False,ObjectProperty,Reward,0.47477913275830963,0.08939130203804733,0.125,8,indirect,0.26218443219722604,,N/A
Tiny_stash,BLockGame,0.3342941727537963,0.13185328419318998,0.12935257077791257,False,Reward,Badge,0.29330585235861956,0.2231709597745433,0.25,4,indirect,0.26206408431728184,Variables | Task_about_Java_Basics | Level_Up | Control_Statements | Java_Basics,Tiny_stash → Variables → Java_Basics → Control_Statements → BLockGame
_:b198,Level_Up,0.3520608558011921,0.08018745101666935,1.0,False,DatavaluedPropertyAtom,Level,0.48164868464095373,0.2135565658068212,0.16666666666666666,6,indirect,0.262033067304851,nil | Participation | _:b72 | _:b190 | Buil-in_Data_Types,_:b198 → _:b190 → nil → _:b72 → Participation → Buil-in_Data_Types → Level_Up
_:b187,Level_Up,0.3519049768394079,0.08024352435972994,1.0,False,DatavaluedPropertyAtom,Level,0.48152398147152636,0.21355130984267473,0.16666666666666666,6,indirect,0.26197509329153135,nil | Participation | _:b72 | _:b179 | Buil-in_Data_Types,_:b187 → _:b179 → nil → _:b72 → Participation → Buil-in_Data_Types → Level_Up
_:b165,Level_Up,0.3519049768394079,0.08024352435972994,1.0,False,DatavaluedPropertyAtom,Level,0.48152398147152636,0.21355130984267473,0.16666666666666666,6,indirect,0.26197509329153135,nil | Participation | _:b72 | _:b157 | Buil-in_Data_Types,_:b165 → _:b157 → nil → _:b72 → Participation → Buil-in_Data_Types → Level_Up
_:b176,Level_Up,0.3519049768394079,0.08024352435972994,1.0,False,DatavaluedPropertyAtom,Level,0.48152398147152636,0.21355130984267473,0.16666666666666666,6,indirect,0.26197509329153135,nil | Participation | _:b72 | _:b168 | Buil-in_Data_Types,_:b176 → _:b168 → nil → _:b72 → Participation → Buil-in_Data_Types → Level_Up
_:b186,Level_Up,0.3062260700806806,0.09519226445208594,1.0,False,unknown,Level,0.4449808560645445,0.23764009650030077,0.2,5,indirect,0.2616451872534337,nil | Participation | _:b72 | Buil-in_Data_Types,_:b186 → nil → _:b72 → Participation → Buil-in_Data_Types → Level_Up
_:b43,Level_Up,0.30564622358264426,0.09532818811282129,1.0,False,unknown,Level,0.4445169788661154,0.23764009650030077,0.2,5,indirect,0.261442240979121,nil | Participation | _:b72 | Buil-in_Data_Types,_:b43 → nil → _:b72 → Participation → Buil-in_Data_Types → Level_Up
_:b106,Level_Up,0.30559301623712387,0.09535684151290356,1.0,False,unknown,Level,0.44447441298969914,0.23764009650030077,0.2,5,indirect,0.26142361840818884,nil | Participation | _:b72 | Buil-in_Data_Types,_:b106 → nil → _:b72 → Participation → Buil-in_Data_Types → Level_Up
_:b262,Level_Up,0.34870048089049444,0.08039655884304708,1.0,False,ClassAtom,Level,0.47896038471239555,0.21359016736865316,0.16666666666666666,6,indirect,0.2608787771012976,nil | Participation | _:b259 | _:b72 | Buil-in_Data_Types,_:b262 → _:b259 → nil → _:b72 → Participation → Buil-in_Data_Types → Level_Up
_:b234,Level_Up,0.3478559414700372,0.08072177668607126,1.0,False,ClassAtom,Level,0.47828475317602975,0.2135565658068212,0.16666666666666666,6,indirect,0.26056134728894675,nil | Participation | _:b72 | _:b232 | Buil-in_Data_Types,_:b234 → _:b232 → nil → _:b72 → Participation → Buil-in_Data_Types → Level_Up
_:b238,Level_Up,0.3478559414700372,0.08072177668607126,1.0,False,ClassAtom,Level,0.47828475317602975,0.2135565658068212,0.16666666666666666,6,indirect,0.26056134728894675,nil | Participation | _:b72 | _:b236 | Buil-in_Data_Types,_:b238 → _:b236 → nil → _:b72 → Participation → Buil-in_Data_Types → Level_Up
_:b239,Level_Up,0.3478559414700372,0.08072177668607126,1.0,False,ClassAtom,Level,0.47828475317602975,0.2135565658068212,0.16666666666666666,6,indirect,0.26056134728894675,nil | Participation | _:b72 | _:b237 | Buil-in_Data_Types,_:b239 → _:b237 → nil → _:b72 → Participation → Buil-in_Data_Types → Level_Up
_:b233,Level_Up,0.3478559414700372,0.08072177668607126,1.0,False,ClassAtom,Level,0.47828475317602975,0.2135565658068212,0.16666666666666666,6,indirect,0.26056134728894675,nil | Participation | _:b72 | _:b231 | Buil-in_Data_Types,_:b233 → _:b231 → nil → _:b72 → Participation → Buil-in_Data_Types → Level_Up
_:b243,Level_Up,0.3477022250775168,0.080787177007256,1.0,False,ClassAtom,Level,0.4781617800620135,0.21355130984267473,0.16666666666666666,6,indirect,0.26050413017486945,nil | Participation | _:b72 | _:b241 | Buil-in_Data_Types,_:b243 → _:b241 → nil → _:b72 → Participation → Buil-in_Data_Types → Level_Up
_:b244,Level_Up,0.3477022071961234,0.08078714535796779,1.0,False,ClassAtom,Level,0.4781617657568987,0.21355130984267473,0.16666666666666666,6,indirect,0.2605041239163818,nil | Participation | _:b72 | _:b242 | Buil-in_Data_Types,_:b244 → _:b242 → nil → _:b72 → Participation → Buil-in_Data_Types → Level_Up
_:b154,Level_Up,0.3477022071961234,0.08078714535796779,1.0,False,ClassAtom,Level,0.4781617657568987,0.21355130984267473,0.16666666666666666,6,indirect,0.2605041239163818,nil | Participation | _:b72 | _:b150 | Buil-in_Data_Types,_:b154 → _:b150 → nil → _:b72 → Participation → Buil-in_Data_Types → Level_Up
_:b273,Tiny_stash,0.34725431216605795,0.14177086804821082,0.0415518252487452,False,DatavaluedPropertyAtom,Reward,0.2861138147825954,0.21358739556666545,0.16666666666666666,6,indirect,0.2603708163764528,nil | Participation | _:b72 | _:b272 | Buil-in_Data_Types,_:b273 → _:b272 → nil → _:b72 → Participation → Buil-in_Data_Types → Tiny_stash
_:b215,Level_Up,0.34716648629380176,0.0813656170352339,1.0,False,ClassAtom,Level,0.4777331890350414,0.21358334245998534,0.16666666666666666,6,indirect,0.2603374428018211,nil | Participation | _:b72 | _:b214 | Buil-in_Data_Types,_:b215 → _:b214 → nil → _:b72 → Participation → Buil-in_Data_Types → Level_Up
_:b226,Level_Up,0.34716648629380176,0.0813656170352339,1.0,False,ClassAtom,Level,0.4777331890350414,0.21358334245998534,0.16666666666666666,6,indirect,0.2603374428018211,nil | Participation | _:b72 | _:b225 | Buil-in_Data_Types,_:b226 → _:b225 → nil → _:b72 → Participation → Buil-in_Data_Types → Level_Up
_:b115,Level_Up,0.34716648629380176,0.0813656170352339,1.0,False,ClassAtom,Level,0.4777331890350414,0.21358334245998534,0.16666666666666666,6,indirect,0.2603374428018211,nil | Participation | _:b72 | _:b114 | Buil-in_Data_Types,_:b115 → _:b114 → nil → _:b72 → Participation → Buil-in_Data_Types → Level_Up
_:b144,Level_Up,0.34716648629380176,0.0813656170352339,1.0,False,ClassAtom,Level,0.4777331890350414,0.21358334245998534,0.16666666666666666,6,indirect,0.2603374428018211,nil | Participation | _:b72 | _:b143 | Buil-in_Data_Types,_:b144 → _:b143 → nil → _:b72 → Participation → Buil-in_Data_Types → Level_Up
_:b133,Level_Up,0.34716648629380176,0.0813656170352339,1.0,False,ClassAtom,Level,0.4777331890350414,0.21358334245998534,0.16666666666666666,6,indirect,0.2603374428018211,nil | Participation | _:b72 | _:b132 | Buil-in_Data_Types,_:b133 → _:b132 → nil → _:b72 → Participation → Buil-in_Data_Types → Level_Up
_:b124,Level_Up,0.34716648629380176,0.0813656170352339,1.0,False,ClassAtom,Level,0.4777331890350414,0.21358334245998534,0.16666666666666666,6,indirect,0.2603374428018211,nil | Participation | _:b72 | _:b123 | Buil-in_Data_Types,_:b124 → _:b123 → nil → _:b72 → Participation → Buil-in_Data_Types → Level_Up
_:b206,Level_Up,0.3471664743728728,0.08136559598777851,1.0,False,ClassAtom,Level,0.47773317949829824,0.21358334245998534,0.16666666666666666,6,indirect,0.26033743862949593,nil | Participation | _:b72 | _:b205 | Buil-in_Data_Types,_:b206 → _:b205 → nil → _:b72 → Participation → Buil-in_Data_Types → Level_Up
RFK_GE_TinyStash,Level_Up,0.21991662025648223,0.18356468715014745,1.0,False,ReferenceKey,Level,0.3759332962051858,0.2814746030118999,0.3333333333333333,3,indirect,0.2599293090475037,Tiny_stash | Variables | 3.16.0 | Buil-in_Data_Types,RFK_GE_TinyStash → Tiny_stash → Buil-in_Data_Types → Level_Up
_:b129,bonusPoints,0.08829889074907536,0.16362089848438968,0.0,False,ClassAtom,BonusPoints,0.0706391125992603,0.3518913020380473,0.5,2,indirect,0.25963395808690715,,N/A
_:b154,bonusPoints,0.08829889074907536,0.16362089848438968,0.0,False,ClassAtom,BonusPoints,0.0706391125992603,0.3518913020380473,0.5,2,indirect,0.25963395808690715,,N/A
_:b222,bonusPoints,0.08829889074907536,0.16362089848438968,0.0,False,ClassAtom,BonusPoints,0.0706391125992603,0.3518913020380473,0.5,2,indirect,0.25963395808690715,,N/A
_:b140,bonusPoints,0.08829889074907536,0.16362089848438968,0.0,False,ClassAtom,BonusPoints,0.0706391125992603,0.3518913020380473,0.5,2,indirect,0.25963395808690715,,N/A
_:b211,bonusPoints,0.08829889074907536,0.16362089848438968,0.0,False,ClassAtom,BonusPoints,0.0706391125992603,0.3518913020380473,0.5,2,indirect,0.25963395808690715,,N/A
RF_GE_STash,Level_Up,0.21315162155532982,0.16962944922215006,1.0,False,ReferenceKey,Level,0.37052129724426386,0.2845857219386791,0.3333333333333333,3,indirect,0.2595837868045069,Stash | Task_about_Java_Basics | Variables | Strings | Arithmetic_operations,RF_GE_STash → Stash → Task_about_Java_Basics → Level_Up
_:b256,Level_Up,0.3493364043326079,0.08000198538597963,1.0,False,ClassAtom,Level,0.47946912346608633,0.211218420084823,0.16666666666666666,6,indirect,0.2595597145715477,o | Participation | _:b72 | _:b71 | Buil-in_Data_Types,_:b256 → o → _:b71 → _:b72 → Participation → Buil-in_Data_Types → Level_Up
_:b116,Tiny_stash,0.34484675072296295,0.14362469251382207,0.0415518252487452,False,DatavaluedPropertyAtom,Reward,0.28418776562811937,0.21355130984267473,0.16666666666666666,6,indirect,0.2595047141507756,nil | Participation | _:b72 | _:b110 | Buil-in_Data_Types,_:b116 → _:b110 → nil → _:b72 → Participation → Buil-in_Data_Types → Tiny_stash
_:b125,Tiny_stash,0.34484675072296295,0.14362469251382207,0.0415518252487452,False,DatavaluedPropertyAtom,Reward,0.28418776562811937,0.21355130984267473,0.16666666666666666,6,indirect,0.2595047141507756,nil | Participation | _:b72 | _:b119 | Buil-in_Data_Types,_:b125 → _:b119 → nil → _:b72 → Participation → Buil-in_Data_Types → Tiny_stash
_:b142,bonusPoints,0.08771412053785947,0.16410136104928527,0.0,False,IndividualPropertyAtom,BonusPoints,0.07017129643028758,0.3518913020380473,0.5,2,indirect,0.2594292885129815,,N/A
_:b224,bonusPoints,0.08771412053785947,0.16410136104928527,0.0,False,IndividualPropertyAtom,BonusPoints,0.07017129643028758,0.3518913020380473,0.5,2,indirect,0.2594292885129815,,N/A
_:b213,bonusPoints,0.08771412053785947,0.16410136104928527,0.0,False,IndividualPropertyAtom,BonusPoints,0.07017129643028758,0.3518913020380473,0.5,2,indirect,0.2594292885129815,,N/A
_:b131,bonusPoints,0.08771412053785947,0.16410136104928527,0.0,False,IndividualPropertyAtom,BonusPoints,0.07017129643028758,0.3518913020380473,0.5,2,indirect,0.2594292885129815,,N/A
_:b147,Level_Up,0.3442196816208227,0.08352536060321174,1.0,False,ClassAtom,Level,0.4753757452966582,0.21357377189840518,0.16666666666666666,6,indirect,0.2592998403012513,nil | Participation | _:b72 | _:b146 | Buil-in_Data_Types,_:b147 → _:b146 → nil → _:b72 → Participation → Buil-in_Data_Types → Level_Up
_:b229,Level_Up,0.34421966969989376,0.08352533957421607,1.0,False,ClassAtom,Level,0.47537573575991504,0.21357377189840518,0.16666666666666666,6,indirect,0.25929983612892615,nil | Participation | _:b72 | _:b228 | Buil-in_Data_Types,_:b229 → _:b228 → nil → _:b72 → Participation → Buil-in_Data_Types → Level_Up
_:b136,Level_Up,0.34421966969989376,0.08352533957421607,1.0,False,ClassAtom,Level,0.47537573575991504,0.21357377189840518,0.16666666666666666,6,indirect,0.25929983612892615,nil | Participation | _:b72 | _:b135 | Buil-in_Data_Types,_:b136 → _:b135 → nil → _:b72 → Participation → Buil-in_Data_Types → Level_Up
_:b218,Level_Up,0.34421966969989376,0.08352533957421607,1.0,False,ClassAtom,Level,0.47537573575991504,0.21357377189840518,0.16666666666666666,6,indirect,0.25929983612892615,nil | Participation | _:b72 | _:b217 | Buil-in_Data_Types,_:b218 → _:b217 → nil → _:b72 → Participation → Buil-in_Data_Types → Level_Up
_:b153,Level_Up,0.3442196398975714,0.0835252870017409,1.0,False,ClassAtom,Level,0.4753757119180571,0.21357377189840518,0.16666666666666666,6,indirect,0.25929982569811333,nil | Participation | _:b72 | _:b152 | Buil-in_Data_Types,_:b153 → _:b152 → nil → _:b72 → Participation → Buil-in_Data_Types → Level_Up
_:b151,bonusPoints,0.08702347733833043,0.16440818455971284,0.0,False,IndividualPropertyAtom,BonusPoints,0.06961878187066435,0.3518913020380473,0.5,2,indirect,0.2591875633931464,,N/A
_:b216,bonusPoints,0.08702347733833043,0.16440818455971284,0.0,False,IndividualPropertyAtom,BonusPoints,0.06961878187066435,0.3518913020380473,0.5,2,indirect,0.2591875633931464,,N/A
_:b134,bonusPoints,0.08702347733833043,0.16440818455971284,0.0,False,IndividualPropertyAtom,BonusPoints,0.06961878187066435,0.3518913020380473,0.5,2,indirect,0.2591875633931464,,N/A
_:b227,bonusPoints,0.08702347733833043,0.16440818455971284,0.0,False,IndividualPropertyAtom,BonusPoints,0.06961878187066435,0.3518913020380473,0.5,2,indirect,0.2591875633931464,,N/A
_:b145,bonusPoints,0.08702347733833043,0.16440818455971284,0.0,False,IndividualPropertyAtom,BonusPoints,0.06961878187066435,0.3518913020380473,0.5,2,indirect,0.2591875633931464,,N/A
RF_GE_BloackGame,Level_Up,0.21315162155532982,0.16962944922215006,1.0,False,ReferenceKey,Level,0.37052129724426386,0.28050168463799435,0.3333333333333333,3,indirect,0.2569291625590618,OOPCourseCommunity | Task_about_Java_Basics | BLockGame | IK_GE_BlockGame | LevelGE,RF_GE_BloackGame → BLockGame → Task_about_Java_Basics → Level_Up
RFK_L1_R2,Level_Up,0.20450196126033754,0.16992707324099623,1.0,False,ReferenceKey,Level,0.36360156900827006,0.2845981166003977,0.3333333333333333,3,indirect,0.25656446223137663,Strings | Task_about_Java_Basics | Variables | Java_Basics | Stash,RFK_L1_R2 → Strings → Variables → Level_Up
_:b103,Level_Up,0.2913763371869359,0.10305123593239178,1.0,False,AtomList,Level,0.43310106974954876,0.23764009650030077,0.2,5,indirect,0.2564477807406231,nil | Participation | _:b72 | Buil-in_Data_Types,_:b103 → nil → _:b72 → Participation → Buil-in_Data_Types → Level_Up
_:b259,Level_Up,0.29136463566598647,0.1030554399554499,1.0,False,AtomList,Level,0.4330917085327892,0.23764009650030077,0.2,5,indirect,0.25644368520829075,nil | Participation | _:b72 | Buil-in_Data_Types,_:b259 → nil → _:b72 → Participation → Buil-in_Data_Types → Level_Up
JavaVariables,Level_Up,0.20661520018668705,0.16609201394495315,1.0,False,IndexKey,Level,0.3652921601493497,0.2830274331655493,0.3333333333333333,3,indirect,0.2562831516229475,OOPCourseCommunity | LevelGE | RFK_L1_R1 | IK_GE_LevelUp | Variables,JavaVariables → RFK_L1_R1 → Variables → Level_Up
_:b228,Level_Up,0.2904957355527847,0.1033150318293516,1.0,False,AtomList,Level,0.4323965884422278,0.23764009650030077,0.2,5,indirect,0.2561395701686701,nil | Participation | _:b72 | Buil-in_Data_Types,_:b228 → nil → _:b72 → Participation → Buil-in_Data_Types → Level_Up
_:b152,Level_Up,0.2904957355527847,0.1033150318293516,1.0,False,AtomList,Level,0.4323965884422278,0.23764009650030077,0.2,5,indirect,0.2561395701686701,nil | Participation | _:b72 | Buil-in_Data_Types,_:b152 → nil → _:b72 → Participation → Buil-in_Data_Types → Level_Up
_:b146,Level_Up,0.2904957355527847,0.1033150318293516,1.0,False,AtomList,Level,0.4323965884422278,0.23764009650030077,0.2,5,indirect,0.2561395701686701,nil | Participation | _:b72 | Buil-in_Data_Types,_:b146 → nil → _:b72 → Participation → Buil-in_Data_Types → Level_Up
_:b135,Level_Up,0.2904957355527847,0.1033150318293516,1.0,False,AtomList,Level,0.4323965884422278,0.23764009650030077,0.2,5,indirect,0.2561395701686701,nil | Participation | _:b72 | Buil-in_Data_Types,_:b135 → nil → _:b72 → Participation → Buil-in_Data_Types → Level_Up
_:b217,Level_Up,0.2904957355527847,0.1033150318293516,1.0,False,AtomList,Level,0.4323965884422278,0.23764009650030077,0.2,5,indirect,0.2561395701686701,nil | Participation | _:b72 | Buil-in_Data_Types,_:b217 → nil → _:b72 → Participation → Buil-in_Data_Types → Level_Up
_:b272,Level_Up,0.2898601107879385,0.1042087851022856,1.0,False,AtomList,Level,0.43188808863035083,0.23764009650030077,0.2,5,indirect,0.25591710150097396,nil | Participation | _:b72 | Buil-in_Data_Types,_:b272 → nil → _:b72 → Participation → Buil-in_Data_Types → Level_Up
JavaMultiInheritance,Level_Up,0.20458021012056596,0.16692167489724707,1.0,False,IndexKey,Level,0.3636641680964528,0.2830003688725562,0.3333333333333333,3,indirect,0.2555533133093596,OOPCourseCommunity | LevelGE | IK_GE_LevelUp | Multi-level_inheritance | RFK_L4_R3,JavaMultiInheritance → RFK_L4_R3 → Multi-level_inheritance → Level_Up
taskJavaBasics,Level_Up,0.20464833889269723,0.1670899009355821,1.0,False,IndexKey,Level,0.3637186711141578,0.2828574205939455,0.3333333333333333,3,indirect,0.2554842419985086,OOPCourseCommunity | RFK_L1_R6 | Task_about_Java_Basics | LevelGE | Arithmetic_operations,taskJavaBasics → RFK_L1_R6 → Task_about_Java_Basics → Level_Up
_:b194,Level_Up,0.28700159503391487,0.1066670931575396,1.0,False,AtomList,Level,0.42960127602713194,0.23764009650030077,0.2,5,indirect,0.2549166209870657,nil | Participation | _:b72 | Buil-in_Data_Types,_:b194 → nil → _:b72 → Participation → Buil-in_Data_Types → Level_Up
_:b225,Level_Up,0.2869430651504343,0.10668495730492461,1.0,False,AtomList,Level,0.42955445212034743,0.23764009650030077,0.2,5,indirect,0.2548961355278475,nil | Participation | _:b72 | Buil-in_Data_Types,_:b225 → nil → _:b72 → Participation → Buil-in_Data_Types → Level_Up
_:b123,Level_Up,0.2869430651504343,0.10668495730492461,1.0,False,AtomList,Level,0.42955445212034743,0.23764009650030077,0.2,5,indirect,0.2548961355278475,nil | Participation | _:b72 | Buil-in_Data_Types,_:b123 → nil → _:b72 → Participation → Buil-in_Data_Types → Level_Up
_:b172,Level_Up,0.2869430651504343,0.10668495730492461,1.0,False,AtomList,Level,0.42955445212034743,0.23764009650030077,0.2,5,indirect,0.2548961355278475,nil | Participation | _:b72 | Buil-in_Data_Types,_:b172 → nil → _:b72 → Participation → Buil-in_Data_Types → Level_Up
_:b161,Level_Up,0.2869430651504343,0.10668495730492461,1.0,False,AtomList,Level,0.42955445212034743,0.23764009650030077,0.2,5,indirect,0.2548961355278475,nil | Participation | _:b72 | Buil-in_Data_Types,_:b161 → nil → _:b72 → Participation → Buil-in_Data_Types → Level_Up
_:b143,Level_Up,0.2869430651504343,0.10668495730492461,1.0,False,AtomList,Level,0.42955445212034743,0.23764009650030077,0.2,5,indirect,0.2548961355278475,nil | Participation | _:b72 | Buil-in_Data_Types,_:b143 → nil → _:b72 → Participation → Buil-in_Data_Types → Level_Up
_:b132,Level_Up,0.2869430651504343,0.10668495730492461,1.0,False,AtomList,Level,0.42955445212034743,0.23764009650030077,0.2,5,indirect,0.2548961355278475,nil | Participation | _:b72 | Buil-in_Data_Types,_:b132 → nil → _:b72 → Participation → Buil-in_Data_Types → Level_Up
_:b183,Level_Up,0.2869430651504343,0.10668495730492461,1.0,False,AtomList,Level,0.42955445212034743,0.23764009650030077,0.2,5,indirect,0.2548961355278475,nil | Participation | _:b72 | Buil-in_Data_Types,_:b183 → nil → _:b72 → Participation → Buil-in_Data_Types → Level_Up
_:b281,Level_Up,0.2869430651504343,0.10668495730492461,1.0,False,AtomList,Level,0.42955445212034743,0.23764009650030077,0.2,5,indirect,0.2548961355278475,nil | Participation | _:b72 | Buil-in_Data_Types,_:b281 → nil → _:b72 → Participation → Buil-in_Data_Types → Level_Up
_:b214,Level_Up,0.2869430651504343,0.10668495730492461,1.0,False,AtomList,Level,0.42955445212034743,0.23764009650030077,0.2,5,indirect,0.2548961355278475,nil | Participation | _:b72 | Buil-in_Data_Types,_:b214 → nil → _:b72 → Participation → Buil-in_Data_Types → Level_Up
_:b205,Level_Up,0.2869430651504343,0.10668495730492461,1.0,False,AtomList,Level,0.42955445212034743,0.23764009650030077,0.2,5,indirect,0.2548961355278475,nil | Participation | _:b72 | Buil-in_Data_Types,_:b205 → nil → _:b72 → Participation → Buil-in_Data_Types → Level_Up
_:b114,Level_Up,0.2869430651504343,0.10668495730492461,1.0,False,AtomList,Level,0.42955445212034743,0.23764009650030077,0.2,5,indirect,0.2548961355278475,nil | Participation | _:b72 | Buil-in_Data_Types,_:b114 → nil → _:b72 → Participation → Buil-in_Data_Types → Level_Up
_:b80,Level_Up,0.2869430651504343,0.10668495730492461,1.0,False,AtomList,Level,0.42955445212034743,0.23764009650030077,0.2,5,indirect,0.2548961355278475,nil | Participation | _:b72 | Buil-in_Data_Types,_:b80 → nil → _:b72 → Participation → Buil-in_Data_Types → Level_Up
SpatialThing,Tiny_stash,0.561966517003513,0.3113779525227668,0.0415518252487452,False,unknown,Reward,0.4578835786525594,0.08939130203804733,0.125,8,indirect,0.2547926272759603,,N/A
RFK_L4_R4,Level_Up,0.20513872702475414,0.16957285658846152,1.0,False,ReferenceKey,Level,0.3641109816198033,0.2806595129856765,0.3333333333333333,3,indirect,0.25422723789935364,OOPCourseCommunity | Super_Keyword | Multi-level_inheritance | JavaSuper | LevelGE,RFK_L4_R4 → Super_Keyword → Multi-level_inheritance → Level_Up
Learner,Tiny_stash,0.5778716526874657,0.29463334969110694,0.0415518252487452,False,unknown,Reward,0.47060768719972157,0.0796690798158251,0.1111111111111111,9,indirect,0.2540399803208993,,N/A
RFK_L4_R2,Level_Up,0.20463655562721345,0.16985212180197104,1.0,False,ReferenceKey,Level,0.3637092445017708,0.2806222131974728,0.3333333333333333,3,indirect,0.25402723304788205,OOPCourseCommunity | Multi-level_inheritance | Single_level_inheritance | JavaSingleInheritance | LevelGE,RFK_L4_R2 → Single_level_inheritance → Multi-level_inheritance → Level_Up
_:b174,Level_Up,0.3254299410629324,0.10235655253690408,1.0,False,unknown,Level,0.4603439528503459,0.21358985357974888,0.16666666666666666,6,indirect,0.2527338841988631,nil | Participation | _:b175 | _:b72 | Buil-in_Data_Types,_:b174 → _:b175 → nil → _:b72 → Participation → Buil-in_Data_Types → Level_Up
leçon 2 du cours Programmation Orientée Objet,Stash,0.1958055032173442,0.16824177656660408,0.9172442572270822,False,unknown,Reward,0.3400932540192918,0.2815415773311545,0.3333333333333333,3,indirect,0.2515339513913209,Java_Basics | Functions | Control_Statements | Arithmetic_operations,leçon 2 du cours Programmation Orientée Objet → Java_Basics → Arithmetic_operations → Stash
RF_GE_BloackGame,Stash,0.18152555830166958,0.18049428078438312,0.9172442572270822,False,ReferenceKey,Reward,0.32866929808675216,0.28917106036131984,0.3333333333333333,3,indirect,0.25149513464044226,BLockGame | Control_Statements | Functions | Task_about_Java_Basics,RF_GE_BloackGame → BLockGame → Control_Statements → Stash
OOPTeachers,Stash,0.309271618504674,0.15319508039573224,0.9172442572270822,False,FreeGroup,Reward,0.43086614624915565,0.21923291628961883,0.25,4,indirect,0.25074646206488815,OOPCourseCommunity | JavaFunctions | JavaIf | IK_GE_stash | Functions,OOPTeachers → OOPCourseCommunity → IK_GE_stash → RF_GE_STash → Stash
leçon 2 du cours Programmation Orientée Objet,Tiny_stash,0.1603712216262678,0.1739920154055827,0.0415518252487452,False,unknown,Reward,0.1366073423507633,0.2968358773295594,0.3333333333333333,3,indirect,0.24907324783340734,Variables | Java_Basics | Strings | Classes_and_Objects,leçon 2 du cours Programmation Orientée Objet → Java_Basics → Variables → Tiny_stash
Creating_linked_screens,Stash,0.33353060967307047,0.19719067881159583,0.9172442572270822,False,GamifiedResource,Reward,0.45027333918387286,0.20353140603814984,0.2,5,indirect,0.24903112731037208,ObjectOrientedProgramming | Graphical_User_Interface | Java_Basics | Functions | Control_Statements,Creating_linked_screens → Graphical_User_Interface → ObjectOrientedProgramming → Java_Basics → Functions → Stash
has_TotalCompletionHours,Level_Up,0.34932123173990254,0.13859374993478837,1.0,False,DatatypeProperty,Level,0.47945698539192205,0.19495905739282698,0.2,5,indirect,0.24898581841430345,Course | ObjectOrientedProgramming | Java_Basics | Variables | Task_about_Java_Basics,has_TotalCompletionHours → Course → ObjectOrientedProgramming → Java_Basics → Variables → Level_Up
has_Rating,Level_Up,0.34932123173990254,0.13859374993478837,1.0,False,DatatypeProperty,Level,0.47945698539192205,0.19495905739282698,0.2,5,indirect,0.24898581841430345,Course | ObjectOrientedProgramming | Java_Basics | Variables | Task_about_Java_Basics,has_Rating → Course → ObjectOrientedProgramming → Java_Basics → Variables → Level_Up
has_LearningPace,Level_Up,0.34932123173990254,0.13859374993478837,1.0,False,DatatypeProperty,Level,0.47945698539192205,0.19495905739282698,0.2,5,indirect,0.24898581841430345,Course | ObjectOrientedProgramming | Java_Basics | Variables | Task_about_Java_Basics,has_LearningPace → Course → ObjectOrientedProgramming → Java_Basics → Variables → Level_Up
has_TotalEnrollment,Level_Up,0.34932123173990254,0.13859374993478837,1.0,False,DatatypeProperty,Level,0.47945698539192205,0.19495905739282698,0.2,5,indirect,0.24898581841430345,Course | ObjectOrientedProgramming | Java_Basics | Variables | Task_about_Java_Basics,has_TotalEnrollment → Course → ObjectOrientedProgramming → Java_Basics → Variables → Level_Up
has_TranslationLanguage,Level_Up,0.3493211900166512,0.13859370144608468,1.0,False,DatatypeProperty,Level,0.47945695201332095,0.19495905739282698,0.2,5,indirect,0.24898580381116547,Course | ObjectOrientedProgramming | Java_Basics | Variables | Task_about_Java_Basics,has_TranslationLanguage → Course → ObjectOrientedProgramming → Java_Basics → Variables → Level_Up
has_TeachingLanguage,Level_Up,0.3493211900166512,0.13859370144608468,1.0,False,DatatypeProperty,Level,0.47945695201332095,0.19495905739282698,0.2,5,indirect,0.24898580381116547,Course | ObjectOrientedProgramming | Java_Basics | Variables | Task_about_Java_Basics,has_TeachingLanguage → Course → ObjectOrientedProgramming → Java_Basics → Variables → Level_Up
LevelGE,BLockGame,0.1892396612906336,0.18020511328916727,0.12935257077791257,False,ReferenceKey,Badge,0.17726224318808942,0.2804814004266828,0.3333333333333333,3,indirect,0.24854679172906557,OOPCourseCommunity | Task_about_Java_Basics | Level_Up | IK_GE_BlockGame | Loops,LevelGE → Level_Up → Task_about_Java_Basics → BLockGame
_:b283,Level_Up,0.3618535672111262,0.0736236651119597,1.0,False,List,Level,0.489482853768901,0.1870038084970246,0.16666666666666666,6,indirect,0.24820122404696016,Participation | _:b72 | Buil-in_Data_Types | nil | o,_:b283 → o → _:b71 → _:b72 → Participation → Buil-in_Data_Types → Level_Up
_:b82,Level_Up,0.3618535672111262,0.0736236651119597,1.0,False,List,Level,0.489482853768901,0.1870038084970246,0.16666666666666666,6,indirect,0.24820122404696016,Participation | _:b72 | Buil-in_Data_Types | nil | o,_:b82 → o → _:b71 → _:b72 → Participation → Buil-in_Data_Types → Level_Up
Events,BLockGame,0.33032318445654063,0.0993389526382705,0.12935257077791257,False,GamifiedResource,Badge,0.29012906172081504,0.20373600076191145,0.2,5,indirect,0.2480415150550317,Event_Handler_and_Listener | ObjectOrientedProgramming | Java_Basics | Control_Statements | Task_about_Java_Basics,Events → Event_Handler_and_Listener → ObjectOrientedProgramming → Java_Basics → Control_Statements → BLockGame
_:b260,Level_Up,0.36127138747314247,0.07418125994576691,1.0,False,List,Level,0.489017109978514,0.18700418205524397,0.16666666666666666,6,indirect,0.24799770395150844,Participation | _:b72 | Buil-in_Data_Types | nil | o,_:b260 → o → _:b71 → _:b72 → Participation → Buil-in_Data_Types → Level_Up
RFK_L1_R5,Stash,0.1714579348737345,0.1810698100851495,0.9172442572270822,False,ReferenceKey,Reward,0.3206151993444041,0.28921074158317195,0.3333333333333333,3,indirect,0.24799725923486884,Loops | Control_Statements | Functions | Task_about_Java_Basics,RFK_L1_R5 → Loops → Control_Statements → Stash
_:b139,Level_Up,0.31121773987303697,0.09587087354103312,1.0,False,AtomList,Level,0.4489741918984296,0.21357377189840518,0.16666666666666666,6,indirect,0.2477491606895263,nil | Participation | _:b72 | _:b146 | Buil-in_Data_Types,_:b139 → _:b146 → nil → _:b72 → Participation → Buil-in_Data_Types → Level_Up
_:b128,Level_Up,0.31121773987303697,0.09587087354103312,1.0,False,AtomList,Level,0.4489741918984296,0.21357377189840518,0.16666666666666666,6,indirect,0.2477491606895263,nil | Participation | _:b72 | _:b135 | Buil-in_Data_Types,_:b128 → _:b135 → nil → _:b72 → Participation → Buil-in_Data_Types → Level_Up
_:b221,Level_Up,0.31121773987303697,0.09587087354103312,1.0,False,AtomList,Level,0.4489741918984296,0.21357377189840518,0.16666666666666666,6,indirect,0.2477491606895263,nil | Participation | _:b72 | _:b228 | Buil-in_Data_Types,_:b221 → _:b228 → nil → _:b72 → Participation → Buil-in_Data_Types → Level_Up
_:b149,Level_Up,0.31121773987303697,0.09587087354103312,1.0,False,AtomList,Level,0.4489741918984296,0.21357377189840518,0.16666666666666666,6,indirect,0.2477491606895263,nil | Participation | _:b72 | _:b152 | Buil-in_Data_Types,_:b149 → _:b152 → nil → _:b72 → Participation → Buil-in_Data_Types → Level_Up
_:b210,Level_Up,0.31121773987303697,0.09587087354103312,1.0,False,AtomList,Level,0.4489741918984296,0.21357377189840518,0.16666666666666666,6,indirect,0.2477491606895263,nil | Participation | _:b72 | _:b217 | Buil-in_Data_Types,_:b210 → _:b217 → nil → _:b72 → Participation → Buil-in_Data_Types → Level_Up
_:b26,Level_Up,0.3090565213919169,0.08933550950527194,1.0,False,unknown,Level,0.44724521711353354,0.21361775464315336,0.16666666666666666,6,indirect,0.24702132300522062,nil | _:b28 | Participation | _:b72 | Buil-in_Data_Types,_:b26 → _:b28 → nil → _:b72 → Participation → Buil-in_Data_Types → Level_Up
Knowledge,Tiny_stash,0.5720697414536786,0.3091580351046624,0.0415518252487452,False,Class,Reward,0.46596615821269194,0.07189130203804733,0.1,10,indirect,0.24695375583351828,,N/A
_:b32,Level_Up,0.30871328679734555,0.08950978345918542,1.0,False,unknown,Level,0.44697062943787647,0.21361545352452205,0.16666666666666666,6,indirect,0.24689969517001029,nil | _:b34 | Participation | _:b72 | Buil-in_Data_Types,_:b32 → _:b34 → nil → _:b72 → Participation → Buil-in_Data_Types → Level_Up
Audience_A,Stash,0.27374112170440845,0.16130779976468906,0.9172442572270822,False,Audience,Reward,0.40244174880894323,0.232420458649305,0.25,4,indirect,0.2468826907185912,ObjectOrientedProgramming | Java_Basics | Functions | Control_Statements | Arithmetic_operations,Audience_A → ObjectOrientedProgramming → Java_Basics → Functions → Stash
_:b38,Level_Up,0.30856751097618984,0.08958416879171556,1.0,False,unknown,Level,0.4468540087809519,0.21361445985965855,0.16666666666666666,6,indirect,0.2468480277504445,nil | _:b40 | Participation | _:b72 | Buil-in_Data_Types,_:b38 → _:b40 → nil → _:b72 → Participation → Buil-in_Data_Types → Level_Up
_:b44,Level_Up,0.3085055631854007,0.08961587533989668,1.0,False,unknown,Level,0.4468044505483206,0.21361404147445284,0.16666666666666666,6,indirect,0.24682607407328458,nil | _:b46 | Participation | _:b72 | Buil-in_Data_Types,_:b44 → _:b46 → nil → _:b72 → Participation → Buil-in_Data_Types → Level_Up
_:b49,Level_Up,0.30847921761536423,0.08962934484186337,1.0,False,unknown,Level,0.4467833740922914,0.21361388458000072,0.16666666666666666,6,indirect,0.24681675114237794,nil | _:b51 | Participation | _:b72 | Buil-in_Data_Types,_:b49 → _:b51 → nil → _:b72 → Participation → Buil-in_Data_Types → Level_Up
JavaStrings,Stash,0.1791523226468431,0.18263743645878333,0.9172442572270822,False,IndexKey,Reward,0.32677070956289095,0.28298374241880925,0.3333333333333333,3,indirect,0.2466427454986211,OOPCourseCommunity | Strings | RFK_L1_R2 | IK_GE_stash | Functions,JavaStrings → RFK_L1_R2 → Strings → Stash
_:b53,Level_Up,0.30787575141532,0.09011044791409983,1.0,False,unknown,Level,0.446300601132256,0.21360530768328406,0.16666666666666666,6,indirect,0.24659996298949663,nil | _:b54 | Participation | _:b72 | Buil-in_Data_Types,_:b53 → _:b54 → nil → _:b72 → Participation → Buil-in_Data_Types → Level_Up
_:b19,Level_Up,0.30787575141532,0.09011044791409983,1.0,False,unknown,Level,0.446300601132256,0.21360530768328406,0.16666666666666666,6,indirect,0.24659996298949663,nil | _:b20 | Participation | _:b72 | Buil-in_Data_Types,_:b19 → _:b20 → nil → _:b72 → Participation → Buil-in_Data_Types → Level_Up
JavaIf,Stash,0.17905330663629598,0.18267127926277552,0.9172442572270822,False,IndexKey,Reward,0.32669149675445325,0.28296766073746554,0.3333333333333333,3,indirect,0.2465976368020562,OOPCourseCommunity | RFK_L1_R4 | Control_Statements | IK_GE_stash | Functions,JavaIf → RFK_L1_R4 → Control_Statements → Stash
_:b21,Level_Up,0.3073145314895524,0.09041241507055273,1.0,False,unknown,Level,0.44585162519164195,0.21360148991828215,0.16666666666666666,6,indirect,0.24640105446822674,nil | Participation | _:b22 | _:b72 | Buil-in_Data_Types,_:b21 → _:b22 → nil → _:b72 → Participation → Buil-in_Data_Types → Level_Up
RFK_L1_R1,Stash,0.1753028948512696,0.1800451228615795,0.9172442572270822,False,ReferenceKey,Reward,0.3236911673264321,0.28464026890987093,0.3333333333333333,3,indirect,0.24637218798936045,Variables | Strings | Functions | Task_about_Java_Basics | Level_Up,RFK_L1_R1 → Variables → Strings → Stash
_:b185,Level_Up,0.3036051420247685,0.09188608011581786,1.0,False,unknown,Level,0.44288411361981483,0.21358985357974888,0.16666666666666666,6,indirect,0.24509520453550576,nil | Participation | _:b186 | _:b72 | Buil-in_Data_Types,_:b185 → _:b186 → nil → _:b72 → Participation → Buil-in_Data_Types → Level_Up
_:b37,Level_Up,0.3031429252231825,0.09200661144696701,1.0,False,unknown,Level,0.442514340178546,0.21359126562981812,0.16666666666666666,6,indirect,0.24493434648749562,nil | Participation | _:b43 | _:b72 | Buil-in_Data_Types,_:b37 → _:b43 → nil → _:b72 → Participation → Buil-in_Data_Types → Level_Up
_:b188,Level_Up,0.3031777694741127,0.1252756013615285,1.0,False,Imp,Level,0.4425422155792902,0.2135565658068212,0.16666666666666666,6,indirect,0.24492398709037322,nil | Participation | _:b72 | _:b190 | Buil-in_Data_Types,_:b188 → _:b190 → nil → _:b72 → Participation → Buil-in_Data_Types → Level_Up
_:b105,Level_Up,0.3030176100673943,0.0920711422525014,1.0,False,unknown,Level,0.44241408805391547,0.21359040271033136,0.16666666666666666,6,indirect,0.2448899252853034,nil | Participation | _:b106 | _:b72 | Buil-in_Data_Types,_:b105 → _:b106 → nil → _:b72 → Participation → Buil-in_Data_Types → Level_Up
RFK_L1_R6,Tiny_stash,0.28335618532462037,0.18332175986766142,0.0415518252487452,False,ReferenceKey,Reward,0.23499531330944537,0.223133435851408,0.25,4,indirect,0.24421139816703233,Variables | Task_about_Java_Basics | Java_Basics | Arithmetic_operations | Level_Up,RFK_L1_R6 → Task_about_Java_Basics → Level_Up → Buil-in_Data_Types → Tiny_stash
3.16.0,Stash,0.16898735525396394,0.168065538867234,0.9172442572270822,False,unknown,Reward,0.3186387356485876,0.2845767005076814,0.3333333333333333,3,indirect,0.24412042966888028,Variables | Strings | Level_Up | Task_about_Java_Basics | Tiny_stash,3.16.0 → Level_Up → Task_about_Java_Basics → Stash
has_URL,Level_Up,0.5313569778256975,0.142915616995199,1.0,False,DatatypeProperty,Level,0.625085582260558,0.08939130203804733,0.125,8,indirect,0.24407928856372488,,N/A
hasInputPole,Level_Up,0.5308128286505737,0.1424624793787308,1.0,False,ObjectProperty,Level,0.6246502629204589,0.08939130203804733,0.125,8,indirect,0.24388883635243155,,N/A
hasPerceptionPole,Level_Up,0.5308128107691802,0.14246248852270596,1.0,False,ObjectProperty,Level,0.6246502486153442,0.08939130203804733,0.125,8,indirect,0.24388883009394383,,N/A
Adam,Stash,0.26495519841495496,0.17717430713110677,0.9172442572270822,False,Teacher,Reward,0.3954130101773804,0.232420458649305,0.25,4,indirect,0.24380761756728248,ObjectOrientedProgramming | Java_Basics | Functions | Control_Statements | Arithmetic_operations,Adam → ObjectOrientedProgramming → Java_Basics → Functions → Stash
_:b164,Level_Up,0.3298194036558584,0.10818566878282622,1.0,False,unknown,Level,0.46385552292468674,0.19681855549718713,0.2,5,indirect,0.24336885235272207,Buil-in_Data_Types | Participation | Beginner | Sara | nil,_:b164 → Beginner → Sara → PO1 → Buil-in_Data_Types → Level_Up
_:b73,Level_Up,0.3477022071961234,0.08078714535796779,1.0,False,ClassAtom,Level,0.4781617657568987,0.18697627725625732,0.16666666666666666,6,indirect,0.24323035273521043,Participation | _:b72 | Buil-in_Data_Types | nil | o,_:b73 → o → _:b71 → _:b72 → Participation → Buil-in_Data_Types → Level_Up
_:b285,Level_Up,0.3477022071961234,0.08078714535796779,1.0,False,ClassAtom,Level,0.4781617657568987,0.18697627725625732,0.16666666666666666,6,indirect,0.24323035273521043,Participation | _:b72 | Buil-in_Data_Types | nil | o,_:b285 → o → _:b71 → _:b72 → Participation → Buil-in_Data_Types → Level_Up
_:b84,Level_Up,0.3477022071961234,0.08078714535796779,1.0,False,ClassAtom,Level,0.4781617657568987,0.18697627725625732,0.16666666666666666,6,indirect,0.24323035273521043,Participation | _:b72 | Buil-in_Data_Types | nil | o,_:b84 → _:b76 → nil → _:b72 → Participation → Buil-in_Data_Types → Level_Up
taskJavaBasics,Stash,0.17891194738597332,0.18271970276939817,0.9172442572270822,False,IndexKey,Reward,0.32657840935419513,0.2778129588853004,0.3333333333333333,3,indirect,0.24319760486053593,OOPCourseCommunity | RFK_L1_R6 | IK_GE_stash | Task_about_Java_Basics | RF_GE_STash,taskJavaBasics → RFK_L1_R6 → Arithmetic_operations → Stash
Participation,Stash,0.30293668284130076,0.12057182655740808,0.9172442572270822,False,NamedIndividual,Reward,0.42579819771845706,0.2109959982289377,0.25,4,indirect,0.24317523784326478,Buil-in_Data_Types | ObjectOrientedProgramming | Variables | Strings | Functions,Participation → Buil-in_Data_Types → Level_Up → Task_about_Java_Basics → Stash
startingPage,Tiny_stash,0.5027984603859167,0.16074394759661115,0.0415518252487452,False,AnnotationProperty,Reward,0.4105491333584824,0.10189130203804733,0.14285714285714285,7,indirect,0.24220880745980158,,N/A
hasKnowledge,Level_Up,0.5433017282669436,0.1415988806621747,1.0,False,TransitiveProperty,Level,0.6346413826135548,0.0796690798158251,0.1111111111111111,9,indirect,0.24194050677371653,,N/A
hasGamificationExperience,Level_Up,0.5427643677837886,0.14115123890623604,1.0,False,ObjectProperty,Level,0.6342114942270309,0.0796690798158251,0.1111111111111111,9,indirect,0.2417524306046123,,N/A
_:b257,Level_Up,0.29011325388036374,0.09944830559655074,1.0,False,AtomList,Level,0.43209060310429104,0.21359016736865316,0.16666666666666666,6,indirect,0.24037324764775186,nil | Participation | _:b259 | _:b72 | Buil-in_Data_Types,_:b257 → _:b259 → nil → _:b72 → Participation → Buil-in_Data_Types → Level_Up
OOPTeachers,Tiny_stash,0.27987648780779073,0.1901879797541649,0.0415518252487452,False,FreeGroup,Reward,0.23221155529598164,0.21906775582421992,0.25,4,indirect,0.2403508120184697,OOPCourseCommunity | Buil-in_Data_Types | DataTypes | ReferenceKey1 | IK_GE_TinyStash,OOPTeachers → OOPCourseCommunity → IK_GE_TinyStash → RFK_GE_TinyStash → Tiny_stash
_:b101,Level_Up,0.28947411694128167,0.09998614890574266,1.0,False,AtomList,Level,0.4315792935530254,0.213590376561256,0.16666666666666666,6,indirect,0.24014968569426498,nil | Participation | _:b103 | _:b72 | Buil-in_Data_Types,_:b101 → _:b103 → nil → _:b72 → Participation → Buil-in_Data_Types → Level_Up
_:b192,Level_Up,0.28873304306019293,0.10017449670880335,1.0,False,AtomList,Level,0.4309864344481544,0.21358428382669814,0.16666666666666666,6,indirect,0.2398863495584213,nil | Participation | _:b72 | _:b194 | Buil-in_Data_Types,_:b192 → _:b194 → nil → _:b72 → Participation → Buil-in_Data_Types → Level_Up
_:b121,Level_Up,0.2885955497346134,0.10022289242371002,1.0,False,AtomList,Level,0.43087643978769075,0.21358334245998534,0.16666666666666666,6,indirect,0.23983761500610515,nil | Participation | _:b72 | _:b123 | Buil-in_Data_Types,_:b121 → _:b123 → nil → _:b72 → Participation → Buil-in_Data_Types → Level_Up
_:b203,Level_Up,0.2885955497346134,0.10022289242371002,1.0,False,AtomList,Level,0.43087643978769075,0.21358334245998534,0.16666666666666666,6,indirect,0.23983761500610515,nil | Participation | _:b72 | _:b205 | Buil-in_Data_Types,_:b203 → _:b205 → nil → _:b72 → Participation → Buil-in_Data_Types → Level_Up
_:b112,Level_Up,0.2885955497346134,0.10022289242371002,1.0,False,AtomList,Level,0.43087643978769075,0.21358334245998534,0.16666666666666666,6,indirect,0.23983761500610515,nil | Participation | _:b72 | _:b114 | Buil-in_Data_Types,_:b112 → _:b114 → nil → _:b72 → Participation → Buil-in_Data_Types → Level_Up
_:b141,Level_Up,0.2885955378136844,0.10022286662791316,1.0,False,AtomList,Level,0.4308764302509476,0.21358334245998534,0.16666666666666666,6,indirect,0.23983761083378002,nil | Participation | _:b72 | _:b143 | Buil-in_Data_Types,_:b141 → _:b143 → nil → _:b72 → Participation → Buil-in_Data_Types → Level_Up
_:b130,Level_Up,0.2885955378136844,0.10022286662791316,1.0,False,AtomList,Level,0.4308764302509476,0.21358334245998534,0.16666666666666666,6,indirect,0.23983761083378002,nil | Participation | _:b72 | _:b132 | Buil-in_Data_Types,_:b130 → _:b132 → nil → _:b72 → Participation → Buil-in_Data_Types → Level_Up
_:b159,Level_Up,0.2885955378136844,0.10022286662791316,1.0,False,AtomList,Level,0.4308764302509476,0.21358334245998534,0.16666666666666666,6,indirect,0.23983761083378002,nil | Participation | _:b72 | _:b161 | Buil-in_Data_Types,_:b159 → _:b161 → nil → _:b72 → Participation → Buil-in_Data_Types → Level_Up
_:b78,Level_Up,0.2885955378136844,0.10022286662791316,1.0,False,AtomList,Level,0.4308764302509476,0.21358334245998534,0.16666666666666666,6,indirect,0.23983761083378002,nil | Participation | _:b72 | _:b80 | Buil-in_Data_Types,_:b78 → _:b80 → nil → _:b72 → Participation → Buil-in_Data_Types → Level_Up
_:b67,Level_Up,0.2885955378136844,0.10022286662791316,1.0,False,AtomList,Level,0.4308764302509476,0.21358334245998534,0.16666666666666666,6,indirect,0.23983761083378002,nil | Participation | _:b72 | _:b69 | Buil-in_Data_Types,_:b67 → _:b69 → nil → _:b72 → Participation → Buil-in_Data_Types → Level_Up
_:b170,Level_Up,0.2885955378136844,0.10022286662791316,1.0,False,AtomList,Level,0.4308764302509476,0.21358334245998534,0.16666666666666666,6,indirect,0.23983761083378002,nil | Participation | _:b72 | _:b172 | Buil-in_Data_Types,_:b170 → _:b172 → nil → _:b72 → Participation → Buil-in_Data_Types → Level_Up
_:b223,Level_Up,0.2885955378136844,0.10022286662791316,1.0,False,AtomList,Level,0.4308764302509476,0.21358334245998534,0.16666666666666666,6,indirect,0.23983761083378002,nil | Participation | _:b72 | _:b225 | Buil-in_Data_Types,_:b223 → _:b225 → nil → _:b72 → Participation → Buil-in_Data_Types → Level_Up
_:b279,Level_Up,0.2885955378136844,0.10022286662791316,1.0,False,AtomList,Level,0.4308764302509476,0.21358334245998534,0.16666666666666666,6,indirect,0.23983761083378002,nil | Participation | _:b72 | _:b281 | Buil-in_Data_Types,_:b279 → _:b281 → nil → _:b72 → Participation → Buil-in_Data_Types → Level_Up
_:b181,Level_Up,0.2885955378136844,0.10022286662791316,1.0,False,AtomList,Level,0.4308764302509476,0.21358334245998534,0.16666666666666666,6,indirect,0.23983761083378002,nil | Participation | _:b72 | _:b183 | Buil-in_Data_Types,_:b181 → _:b183 → nil → _:b72 → Participation → Buil-in_Data_Types → Level_Up
_:b212,Level_Up,0.2885955378136844,0.10022286662791316,1.0,False,AtomList,Level,0.4308764302509476,0.21358334245998534,0.16666666666666666,6,indirect,0.23983761083378002,nil | Participation | _:b72 | _:b214 | Buil-in_Data_Types,_:b212 → _:b214 → nil → _:b72 → Participation → Buil-in_Data_Types → Level_Up
_:b69,Level_Up,0.2869430651504343,0.10668495730492461,1.0,False,AtomList,Level,0.42955445212034743,0.21356214776277377,0.2,5,indirect,0.23924546884845493,Participation | _:b72 | Buil-in_Data_Types | nil | _:b71,_:b69 → nil → _:b72 → Participation → Buil-in_Data_Types → Level_Up
Audience,BLockGame,0.34004520283080214,0.21825493831450618,0.12935257077791257,False,Class,Badge,0.2979066764202242,0.18468302202548034,0.16666666666666666,6,indirect,0.23905978530734295,Course | ObjectOrientedProgramming | Java_Basics | hasTargetAudience | Control_Statements,Audience → hasTargetAudience → Course → ObjectOrientedProgramming → Java_Basics → Control_Statements → BLockGame
Audience_A,Tiny_stash,0.22778469395761997,0.1579815996801397,0.0415518252487452,False,Audience,Reward,0.19053812021584504,0.24465589864802895,0.25,4,indirect,0.2387509770063858,ObjectOrientedProgramming | Variables | Java_Basics | Strings | Classes_and_Objects,Audience_A → ObjectOrientedProgramming → Java_Basics → Variables → Tiny_stash
_:b270,Level_Up,0.2850437205829975,0.10378236687292709,1.0,False,AtomList,Level,0.428034976466398,0.21358739556666545,0.16666666666666666,6,indirect,0.23859710932238165,nil | Participation | _:b72 | _:b272 | Buil-in_Data_Types,_:b270 → _:b272 → nil → _:b72 → Participation → Buil-in_Data_Types → Level_Up
_:b275,Tiny_stash,0.28450214333291485,0.11544061063655933,0.0415518252487452,False,Imp,Reward,0.23591207971608094,0.21355130984267473,0.16666666666666666,6,indirect,0.23838410156425877,nil | Participation | _:b72 | _:b277 | Buil-in_Data_Types,_:b275 → _:b277 → nil → _:b72 → Participation → Buil-in_Data_Types → Tiny_stash
_:b74,Tiny_stash,0.28450214333291485,0.11544061063655933,0.0415518252487452,False,Imp,Reward,0.23591207971608094,0.21355130984267473,0.16666666666666666,6,indirect,0.23838410156425877,nil | Participation | _:b72 | _:b76 | Buil-in_Data_Types,_:b74 → _:b76 → nil → _:b72 → Participation → Buil-in_Data_Types → Tiny_stash
_:b148,Tiny_stash,0.28450214333291485,0.11544061063655933,0.0415518252487452,False,Imp,Reward,0.23591207971608094,0.21355130984267473,0.16666666666666666,6,indirect,0.23838410156425877,nil | Participation | _:b72 | _:b150 | Buil-in_Data_Types,_:b148 → _:b150 → nil → _:b72 → Participation → Buil-in_Data_Types → Tiny_stash
_:b166,Tiny_stash,0.28450214333291485,0.11544061063655933,0.0415518252487452,False,Imp,Reward,0.23591207971608094,0.21355130984267473,0.16666666666666666,6,indirect,0.23838410156425877,nil | Participation | _:b72 | _:b168 | Buil-in_Data_Types,_:b166 → _:b168 → nil → _:b72 → Participation → Buil-in_Data_Types → Tiny_stash
_:b155,Tiny_stash,0.28450214333291485,0.11544061063655933,0.0415518252487452,False,Imp,Reward,0.23591207971608094,0.21355130984267473,0.16666666666666666,6,indirect,0.23838410156425877,nil | Participation | _:b72 | _:b157 | Buil-in_Data_Types,_:b155 → _:b157 → nil → _:b72 → Participation → Buil-in_Data_Types → Tiny_stash
_:b264,Tiny_stash,0.28450214333291485,0.11544061063655933,0.0415518252487452,False,Imp,Reward,0.23591207971608094,0.21355130984267473,0.16666666666666666,6,indirect,0.23838410156425877,nil | Participation | _:b72 | _:b266 | Buil-in_Data_Types,_:b264 → _:b266 → nil → _:b72 → Participation → Buil-in_Data_Types → Tiny_stash
_:b63,Tiny_stash,0.28450214333291485,0.11544061063655933,0.0415518252487452,False,Imp,Reward,0.23591207971608094,0.21355130984267473,0.16666666666666666,6,indirect,0.23838410156425877,nil | Participation | _:b72 | _:b65 | Buil-in_Data_Types,_:b63 → _:b65 → nil → _:b72 → Participation → Buil-in_Data_Types → Tiny_stash
_:b117,Tiny_stash,0.28450214333291485,0.11544061063655933,0.0415518252487452,False,Imp,Reward,0.23591207971608094,0.21355130984267473,0.16666666666666666,6,indirect,0.23838410156425877,nil | Participation | _:b72 | _:b119 | Buil-in_Data_Types,_:b117 → _:b119 → nil → _:b72 → Participation → Buil-in_Data_Types → Tiny_stash
_:b85,Tiny_stash,0.28450214333291485,0.11544061063655933,0.0415518252487452,False,Imp,Reward,0.23591207971608094,0.21355130984267473,0.16666666666666666,6,indirect,0.23838410156425877,nil | Participation | _:b72 | _:b87 | Buil-in_Data_Types,_:b85 → _:b87 → nil → _:b72 → Participation → Buil-in_Data_Types → Tiny_stash
_:b108,Tiny_stash,0.28450214333291485,0.11544061063655933,0.0415518252487452,False,Imp,Reward,0.23591207971608094,0.21355130984267473,0.16666666666666666,6,indirect,0.23838410156425877,nil | Participation | _:b72 | _:b110 | Buil-in_Data_Types,_:b108 → _:b110 → nil → _:b72 → Participation → Buil-in_Data_Types → Tiny_stash
_:b245,Tiny_stash,0.28450214333291485,0.11544061063655933,0.0415518252487452,False,Imp,Reward,0.23591207971608094,0.21355130984267473,0.16666666666666666,6,indirect,0.23838410156425877,nil | Participation | _:b72 | _:b247 | Buil-in_Data_Types,_:b245 → _:b247 → nil → _:b72 → Participation → Buil-in_Data_Types → Tiny_stash
_:b199,Tiny_stash,0.28450214333291485,0.11544061063655933,0.0415518252487452,False,Imp,Reward,0.23591207971608094,0.21355130984267473,0.16666666666666666,6,indirect,0.23838410156425877,nil | Participation | _:b72 | _:b201 | Buil-in_Data_Types,_:b199 → _:b201 → nil → _:b72 → Participation → Buil-in_Data_Types → Tiny_stash
_:b177,Tiny_stash,0.28450214333291485,0.11544061063655933,0.0415518252487452,False,Imp,Reward,0.23591207971608094,0.21355130984267473,0.16666666666666666,6,indirect,0.23838410156425877,nil | Participation | _:b72 | _:b179 | Buil-in_Data_Types,_:b177 → _:b179 → nil → _:b72 → Participation → Buil-in_Data_Types → Tiny_stash
_:b208,Level_Up,0.4915473312208932,0.12394137380222504,1.0,False,Imp,Level,0.5932378649767146,0.10189130203804733,0.14285714285714285,7,indirect,0.2382709122520434,,N/A
_:b137,Level_Up,0.4915473312208932,0.12394137380222504,1.0,False,Imp,Level,0.5932378649767146,0.10189130203804733,0.14285714285714285,7,indirect,0.2382709122520434,,N/A
_:b219,Level_Up,0.4915473312208932,0.12394137380222504,1.0,False,Imp,Level,0.5932378649767146,0.10189130203804733,0.14285714285714285,7,indirect,0.2382709122520434,,N/A
_:b126,Level_Up,0.4915473312208932,0.12394137380222504,1.0,False,Imp,Level,0.5932378649767146,0.10189130203804733,0.14285714285714285,7,indirect,0.2382709122520434,,N/A
RFK_L1_R3,BLockGame,0.1290973164154814,0.1925794066738799,0.12935257077791257,False,ReferenceKey,Badge,0.12914836728796764,0.2967967844619028,0.3333333333333333,3,indirect,0.23810197064565528,Functions | Control_Statements | Loops | Stash,RFK_L1_R3 → Functions → Control_Statements → BLockGame
hasUnderstandingPole,Level_Up,0.5308128107691802,0.14246248852270596,1.0,False,ObjectProperty,Level,0.6246502486153442,0.0796690798158251,0.1111111111111111,9,indirect,0.23756938564949936,,N/A
hasProcessingPole,Level_Up,0.5308128107691802,0.14246248852270596,1.0,False,ObjectProperty,Level,0.6246502486153442,0.0796690798158251,0.1111111111111111,9,indirect,0.23756938564949936,,N/A
Beginner,Level_Up,0.24444696767469987,0.13826400511979486,1.0,False,GamificationExperience,Level,0.3955575741397599,0.23227459910697135,0.25,4,indirect,0.23653492810567633,Sara | Buil-in_Data_Types | Participation | PO1 | effectively_use_the_built-in_data_types,Beginner → Sara → Participation → Buil-in_Data_Types → Level_Up
bonus material for lesson 1 java basics,Level_Up,0.12456536094698585,0.16190810436213307,1.0,False,unknown,Level,0.2996522887575887,0.29671997155304564,0.3333333333333333,3,indirect,0.23646585784092472,Task_about_Java_Basics | Arithmetic_operations | RFK_L1_R6 | Stash,bonus material for lesson 1 java basics → Arithmetic_operations → Task_about_Java_Basics → Level_Up
Lesson,BLockGame,0.33113852349549855,0.1963741082090761,0.12935257077791257,False,unknown,Badge,0.29078133295198133,0.18468302202548034,0.16666666666666666,6,indirect,0.23594244753998672,Course | ObjectOrientedProgramming | Java_Basics | consists_of | Control_Statements,Lesson → consists_of → Course → ObjectOrientedProgramming → Java_Basics → Control_Statements → BLockGame
leçon 2 du cours Programmation Orientée Objet,BLockGame,0.15071900895955098,0.18076611110196247,0.12935257077791257,False,unknown,Badge,0.1464457213232233,0.28153128113273324,0.3333333333333333,3,indirect,0.23574698587211945,Java_Basics | Control_Statements | Task_about_Java_Basics | Loops,leçon 2 du cours Programmation Orientée Objet → Java_Basics → Task_about_Java_Basics → BLockGame
Space,Stash,0.5065346223869706,0.05261654328808076,0.9172442572270822,False,unknown,Reward,0.5886765493549929,0.08939130203804733,0.125,8,indirect,0.23539146416017045,,N/A
_:b235,Level_Up,0.3031777575531837,0.1252755824585814,1.0,False,Imp,Level,0.442542206042547,0.19780280694261151,0.16666666666666666,6,indirect,0.2346840396563118,nil | Participation | _:b72 | Buil-in_Data_Types | _:b236,_:b235 → _:b236 → nil → _:b72 → Participation → Buil-in_Data_Types → Level_Up
_:b230,Level_Up,0.3031777575531837,0.1252755824585814,1.0,False,Imp,Level,0.442542206042547,0.19780280694261151,0.16666666666666666,6,indirect,0.2346840396563118,nil | Participation | _:b72 | Buil-in_Data_Types | _:b231,_:b230 → _:b231 → nil → _:b72 → Participation → Buil-in_Data_Types → Level_Up
RF_GE_STash,BLockGame,0.13280920043316544,0.1925021625973672,0.12935257077791257,False,ReferenceKey,Badge,0.13211787450211487,0.28913128108043507,0.3333333333333333,3,indirect,0.23441855285389068,Stash | Control_Statements | Task_about_Java_Basics | Loops,RF_GE_STash → Stash → Control_Statements → BLockGame
_:b175,Level_Up,0.3298194036558584,0.10818566878282622,1.0,False,unknown,Level,0.46385552292468674,0.1826300875851301,0.2,5,indirect,0.234146348209885,ObjectOrientedProgramming | Expert | Adam | nil | Participation,_:b175 → nil → _:b72 → Participation → Buil-in_Data_Types → Level_Up
leçon 4 du cours Programmation Orientée Objet,Level_Up,0.11703091681461324,0.15831175439979425,1.0,False,unknown,Level,0.2936247334516906,0.296994765648689,0.3333333333333333,3,indirect,0.23400741855676246,Multi-level_inheritance | Inheritance | Super_Keyword | Single_level_inheritance,leçon 4 du cours Programmation Orientée Objet → Inheritance → Multi-level_inheritance → Level_Up
lesson 4 for the course Object Oriented Programming,Level_Up,0.11703091681461324,0.15831175439979425,1.0,False,unknown,Level,0.2936247334516906,0.296994765648689,0.3333333333333333,3,indirect,0.23400741855676246,Multi-level_inheritance | Inheritance | Super_Keyword | Single_level_inheritance,lesson 4 for the course Object Oriented Programming → Inheritance → Multi-level_inheritance → Level_Up
o,Motrain,0.5335559098642573,0.15800800632815923,0.0,False,Variable,GameElementResource,0.4268447278914058,0.07189130203804733,0.1,10,indirect,0.23347391477722082,,N/A
Task_about_Event_Handler_and_Listener,Level_Up,0.3371538683685967,0.16548010833555912,1.0,False,GamifiedResource,Level,0.4697230946948774,0.1773265446809832,0.16666666666666666,6,indirect,0.23326610797164793,Event_Listeners | Event_Handler_and_Listener | Overloading | ObjectOrientedProgramming | Polymorphism,Task_about_Event_Handler_and_Listener → Event_Listeners → Event_Handler_and_Listener → ObjectOrientedProgramming → Polymorphism → Overloading → Level_Up
_:b107,Tiny_stash,0.269830358042335,0.14609648943868772,0.0415518252487452,False,IndividualPropertyAtom,Reward,0.22417465148361707,0.21355130984267473,0.16666666666666666,6,indirect,0.23324897671255584,nil | Participation | _:b72 | _:b87 | Buil-in_Data_Types,_:b107 → _:b87 → nil → _:b72 → Participation → Buil-in_Data_Types → Tiny_stash
_:b207,Tiny_stash,0.269830358042335,0.14609648943868772,0.0415518252487452,False,IndividualPropertyAtom,Reward,0.22417465148361707,0.21355130984267473,0.16666666666666666,6,indirect,0.23324897671255584,nil | Participation | _:b72 | _:b201 | Buil-in_Data_Types,_:b207 → _:b201 → nil → _:b72 → Participation → Buil-in_Data_Types → Tiny_stash
_:b263,Tiny_stash,0.26983034612140605,0.14609646798236425,0.0415518252487452,False,IndividualPropertyAtom,Reward,0.2241746419468739,0.21355130984267473,0.16666666666666666,6,indirect,0.2332489725402307,nil | Participation | _:b72 | _:b247 | Buil-in_Data_Types,_:b263 → _:b247 → nil → _:b72 → Participation → Buil-in_Data_Types → Tiny_stash
_:b274,Tiny_stash,0.26983034612140605,0.14609646798236425,0.0415518252487452,False,IndividualPropertyAtom,Reward,0.2241746419468739,0.21355130984267473,0.16666666666666666,6,indirect,0.2332489725402307,nil | Participation | _:b72 | _:b266 | Buil-in_Data_Types,_:b274 → _:b266 → nil → _:b72 → Participation → Buil-in_Data_Types → Tiny_stash
_:b254,Tiny_stash,0.2719685344220955,0.1448809633900374,0.0415518252487452,False,IndividualPropertyAtom,Reward,0.22588519258742548,0.211218420084823,0.16666666666666666,6,indirect,0.2324809601028684,o | Participation | _:b72 | _:b71 | Buil-in_Data_Types,_:b254 → o → _:b71 → _:b72 → Participation → Buil-in_Data_Types → Tiny_stash
Adam,Tiny_stash,0.2098285325777564,0.18331735515334854,0.0415518252487452,False,Teacher,Reward,0.1761731911119542,0.24465589864802895,0.25,4,indirect,0.23246632052343358,ObjectOrientedProgramming | Variables | Java_Basics | Strings | Classes_and_Objects,Adam → ObjectOrientedProgramming → Java_Basics → Variables → Tiny_stash
_:b151,Level_Up,0.4748637471631129,0.04131046789341008,1.0,False,IndividualPropertyAtom,Level,0.5798909977304904,0.10189130203804733,0.14285714285714285,7,indirect,0.23243165783182027,,N/A
_:b216,Level_Up,0.47486372332125504,0.04131046538363912,1.0,False,IndividualPropertyAtom,Level,0.5798909786570041,0.10189130203804733,0.14285714285714285,7,indirect,0.23243164948717002,,N/A
_:b227,Level_Up,0.47486372332125504,0.04131046538363912,1.0,False,IndividualPropertyAtom,Level,0.5798909786570041,0.10189130203804733,0.14285714285714285,7,indirect,0.23243164948717002,,N/A
_:b134,Level_Up,0.47486372332125504,0.04131046538363912,1.0,False,IndividualPropertyAtom,Level,0.5798909786570041,0.10189130203804733,0.14285714285714285,7,indirect,0.23243164948717002,,N/A
_:b145,Level_Up,0.47486372332125504,0.04131046538363912,1.0,False,IndividualPropertyAtom,Level,0.5798909786570041,0.10189130203804733,0.14285714285714285,7,indirect,0.23243164948717002,,N/A
Allows the user to choose or change their avatar at any time.,Level_Up,0.1238432594089848,0.161840905373275,1.0,False,unknown,Level,0.29907460752718784,0.29066370841803824,0.3333333333333333,3,indirect,0.2322765512648695,Task_about_Java_Basics | BLockGame | Variables | Loops | Java_Basics,Allows the user to choose or change their avatar at any time. → BLockGame → Task_about_Java_Basics → Level_Up
block_game,Level_Up,0.1238432594089848,0.161840905373275,1.0,False,unknown,Level,0.29907460752718784,0.29066370841803824,0.3333333333333333,3,indirect,0.2322765512648695,Task_about_Java_Basics | BLockGame | Variables | Loops | Java_Basics,block_game → BLockGame → Task_about_Java_Basics → Level_Up
3.0.0,Level_Up,0.1238432594089848,0.161840905373275,1.0,False,unknown,Level,0.29907460752718784,0.29066370841803824,0.3333333333333333,3,indirect,0.2322765512648695,Task_about_Java_Basics | BLockGame | Variables | Loops | Java_Basics,3.0.0 → BLockGame → Task_about_Java_Basics → Level_Up
Tiny Stash,Level_Up,0.14079420396011813,0.19441738848039955,1.0,False,unknown,Level,0.31263536316809454,0.2814746030118999,0.3333333333333333,3,indirect,0.2322364633437763,Tiny_stash | Variables | 3.16.0 | Buil-in_Data_Types,Tiny Stash → Tiny_stash → Buil-in_Data_Types → Level_Up
tiny_stash,Level_Up,0.14079420396011813,0.19441738848039955,1.0,False,unknown,Level,0.31263536316809454,0.2814746030118999,0.3333333333333333,3,indirect,0.2322364633437763,Tiny_stash | Variables | 3.16.0 | Buil-in_Data_Types,tiny_stash → Tiny_stash → Buil-in_Data_Types → Level_Up
A companion plugin for block_stash. This allows you to create items and trades from the TinyMCE editor to be inserted into the activities in your course,Level_Up,0.14079420396011813,0.19441738848039955,1.0,False,unknown,Level,0.31263536316809454,0.2814746030118999,0.3333333333333333,3,indirect,0.2322364633437763,Tiny_stash | Variables | 3.16.0 | Buil-in_Data_Types,A companion plugin for block_stash. This allows you to create items and trades from the TinyMCE editor to be inserted into the activities in your course → Tiny_stash → Buil-in_Data_Types → Level_Up
JavaFunctions,Tiny_stash,0.2632039582959925,0.1804197113261373,0.0415518252487452,False,IndexKey,Reward,0.21887353168654308,0.21500576281665698,0.25,4,indirect,0.2318751312344244,OOPCourseCommunity | DataTypes | ReferenceKey1 | IK_GE_TinyStash | Variables,JavaFunctions → OOPCourseCommunity → IK_GE_TinyStash → RFK_GE_TinyStash → Tiny_stash
DataTypes,Tiny_stash,0.14124792695918498,0.1987384175739209,0.0415518252487452,False,IndexKey,Reward,0.12130870661709703,0.28052342572636146,0.3333333333333333,3,indirect,0.2317770011578497,OOPCourseCommunity | ReferenceKey1 | Buil-in_Data_Types | IK_GE_TinyStash | 3.16.0,DataTypes → ReferenceKey1 → Buil-in_Data_Types → Tiny_stash
_:b250,Tiny_stash,0.2696643441786203,0.14648693225006507,0.0415518252487452,False,IndividualPropertyAtom,Reward,0.2240418403926453,0.211218420084823,0.16666666666666666,6,indirect,0.23167449351765207,o | Participation | _:b72 | _:b71 | Buil-in_Data_Types,_:b250 → o → _:b71 → _:b72 → Participation → Buil-in_Data_Types → Tiny_stash
_:b68,Tiny_stash,0.2696643441786203,0.14648693225006507,0.0415518252487452,False,IndividualPropertyAtom,Reward,0.2240418403926453,0.211218420084823,0.16666666666666666,6,indirect,0.23167449351765207,o | Participation | _:b72 | _:b71 | Buil-in_Data_Types,_:b68 → o → _:b71 → _:b72 → Participation → Buil-in_Data_Types → Tiny_stash
_:b280,Tiny_stash,0.2696643441786203,0.14648693225006507,0.0415518252487452,False,IndividualPropertyAtom,Reward,0.2240418403926453,0.211218420084823,0.16666666666666666,6,indirect,0.23167449351765207,o | Participation | _:b72 | _:b71 | Buil-in_Data_Types,_:b280 → o → _:b71 → _:b72 → Participation → Buil-in_Data_Types → Tiny_stash
_:b79,Tiny_stash,0.2696643441786203,0.14648693225006507,0.0415518252487452,False,IndividualPropertyAtom,Reward,0.2240418403926453,0.211218420084823,0.16666666666666666,6,indirect,0.23167449351765207,o | Participation | _:b72 | _:b71 | Buil-in_Data_Types,_:b79 → o → _:b71 → _:b72 → Participation → Buil-in_Data_Types → Tiny_stash
_:b113,Level_Up,0.4714887957238478,0.04932344378111998,1.0,False,IndividualPropertyAtom,Level,0.5771910365790782,0.10189130203804733,0.14285714285714285,7,indirect,0.23125042482807748,,N/A
_:b122,Level_Up,0.4714887957238478,0.04932344378111998,1.0,False,IndividualPropertyAtom,Level,0.5771910365790782,0.10189130203804733,0.14285714285714285,7,indirect,0.23125042482807748,,N/A
_:b204,Level_Up,0.4714887957238478,0.04932344378111998,1.0,False,IndividualPropertyAtom,Level,0.5771910365790782,0.10189130203804733,0.14285714285714285,7,indirect,0.23125042482807748,,N/A
_:b213,Level_Up,0.4714887838029188,0.04932344171061784,1.0,False,IndividualPropertyAtom,Level,0.577191027042335,0.10189130203804733,0.14285714285714285,7,indirect,0.23125042065575233,,N/A
_:b142,Level_Up,0.4714887838029188,0.04932344171061784,1.0,False,IndividualPropertyAtom,Level,0.577191027042335,0.10189130203804733,0.14285714285714285,7,indirect,0.23125042065575233,,N/A
_:b224,Level_Up,0.4714887838029188,0.04932344171061784,1.0,False,IndividualPropertyAtom,Level,0.577191027042335,0.10189130203804733,0.14285714285714285,7,indirect,0.23125042065575233,,N/A
_:b131,Level_Up,0.4714887838029188,0.04932344171061784,1.0,False,IndividualPropertyAtom,Level,0.577191027042335,0.10189130203804733,0.14285714285714285,7,indirect,0.23125042065575233,,N/A
Lesson 1 of course Object oriented programming,Level_Up,0.12370227495960706,0.1589895548700963,1.0,False,unknown,Level,0.29896181996768567,0.28914876827457914,0.3333333333333333,3,indirect,0.2312424956143389,Java_Basics | Task_about_Java_Basics | Variables | Arithmetic_operations,Lesson 1 of course Object oriented programming → Java_Basics → Variables → Level_Up
JavaVariables,Tiny_stash,0.13690550252862382,0.19733933910640733,0.0415518252487452,False,IndexKey,Reward,0.1178347670726481,0.28056793518819895,0.3333333333333333,3,indirect,0.23028608375734766,OOPCourseCommunity | RFK_L1_R1 | Variables | IK_GE_TinyStash | RFK_GE_TinyStash,JavaVariables → RFK_L1_R1 → Variables → Tiny_stash
PerceptionPole,Stash,0.5092796077490978,0.13491259129928415,0.9172442572270822,False,Class,Reward,0.5908725376446946,0.0796690798158251,0.1111111111111111,9,indirect,0.23003276459247052,,N/A
InputPole,Stash,0.5092796077490978,0.13491259129928415,0.9172442572270822,False,Class,Reward,0.5908725376446946,0.0796690798158251,0.1111111111111111,9,indirect,0.23003276459247052,,N/A
JavaIf,BLockGame,0.13149161029694922,0.19330698080006345,0.12935257077791257,False,IndexKey,Badge,0.13106380239314191,0.28294114121687575,0.3333333333333333,3,indirect,0.2299338053949015,OOPCourseCommunity | RFK_L1_R4 | Control_Statements | IK_GE_BlockGame | Loops,JavaIf → RFK_L1_R4 → Control_Statements → BLockGame
JavaForWhile,BLockGame,0.13143943449949833,0.19334310815466804,0.12935257077791257,False,IndexKey,Badge,0.13102206175518116,0.28293323112158064,0.3333333333333333,3,indirect,0.22991040230385182,OOPCourseCommunity | RFK_L1_R5 | Loops | IK_GE_BlockGame | Control_Statements,JavaForWhile → RFK_L1_R5 → Loops → BLockGame
taskJavaBasics,BLockGame,0.13144632926299368,0.1933383383381883,0.12935257077791257,False,IndexKey,Badge,0.13102757756597747,0.282897494051928,0.3333333333333333,3,indirect,0.22988958637580098,OOPCourseCommunity | RFK_L1_R6 | Task_about_Java_Basics | IK_GE_BlockGame | RF_GE_BloackGame,taskJavaBasics → RFK_L1_R6 → Task_about_Java_Basics → BLockGame
_:b163,Level_Up,0.3254299410629324,0.10235655253690408,1.0,False,unknown,Level,0.4603439528503459,0.1781398462972314,0.16666666666666666,6,indirect,0.22969137946522672,_:b164 | Buil-in_Data_Types | Participation | Beginner | Sara,_:b163 → _:b164 → Beginner → Sara → PO1 → Buil-in_Data_Types → Level_Up
Points,BLockGame,0.5075479062878472,0.21855119609835097,0.12935257077791257,False,Class,Badge,0.43190883918586026,0.0796690798158251,0.1111111111111111,9,indirect,0.22942666908103282,,N/A
RFK_L1_R2,Tiny_stash,0.133678994924008,0.19751892462087056,0.0415518252487452,False,ReferenceKey,Reward,0.11525356098895545,0.28062606084713226,0.3333333333333333,3,indirect,0.22919458777403878,OOPCourseCommunity | Variables | Strings | JavaStrings | IK_GE_TinyStash,RFK_L1_R2 → Strings → Variables → Tiny_stash
SpatialThing,BLockGame,0.4883430959244233,0.2681865705562854,0.12935257077791257,False,unknown,Badge,0.4165449908951212,0.08939130203804733,0.125,8,indirect,0.22902442989827893,,N/A
Allows the user to choose or change their avatar at any time.,Stash,0.11639097815860336,0.15859446036818636,0.9172442572270822,False,unknown,Reward,0.27656163397229916,0.28917106036131984,0.3333333333333333,3,indirect,0.22869803159036908,BLockGame | Control_Statements | Functions | Task_about_Java_Basics,Allows the user to choose or change their avatar at any time. → BLockGame → Control_Statements → Stash
block_game,Stash,0.11639097815860336,0.15859446036818636,0.9172442572270822,False,unknown,Reward,0.27656163397229916,0.28917106036131984,0.3333333333333333,3,indirect,0.22869803159036908,BLockGame | Control_Statements | Functions | Task_about_Java_Basics,block_game → BLockGame → Control_Statements → Stash
3.0.0,Stash,0.11639097815860336,0.15859446036818636,0.9172442572270822,False,unknown,Reward,0.27656163397229916,0.28917106036131984,0.3333333333333333,3,indirect,0.22869803159036908,BLockGame | Control_Statements | Functions | Task_about_Java_Basics,3.0.0 → BLockGame → Control_Statements → Stash
stringEqualIgnoreCase,Stash,0.48682075881754,0.10428970480087728,0.9172442572270822,False,unknown,Reward,0.5729054584994484,0.08939130203804733,0.125,8,indirect,0.22849161191086975,,N/A
2.1.1,Level_Up,0.12384327729037822,0.16184094319442796,1.0,False,unknown,Level,0.2990746218323026,0.2845857219386791,0.3333333333333333,3,indirect,0.2283258663117738,Stash | Task_about_Java_Basics | Variables | Strings | Arithmetic_operations,2.1.1 → Stash → Task_about_Java_Basics → Level_Up
"Enables teachers to create items that students can collect, providing an interactive experience where students find items across the course.",Level_Up,0.12384327729037822,0.16184094319442796,1.0,False,unknown,Level,0.2990746218323026,0.2845857219386791,0.3333333333333333,3,indirect,0.2283258663117738,Stash | Task_about_Java_Basics | Variables | Strings | Arithmetic_operations,"Enables teachers to create items that students can collect, providing an interactive experience where students find items across the course. → Stash → Task_about_Java_Basics → Level_Up"
block_stash,Level_Up,0.12384327729037822,0.16184094319442796,1.0,False,unknown,Level,0.2990746218323026,0.2845857219386791,0.3333333333333333,3,indirect,0.2283258663117738,Stash | Task_about_Java_Basics | Variables | Strings | Arithmetic_operations,block_stash → Stash → Task_about_Java_Basics → Level_Up
_:b240,Tiny_stash,0.2845021373724504,0.11544059800628866,0.0415518252487452,False,Imp,Reward,0.23591207494770938,0.19779404700236736,0.16666666666666666,6,indirect,0.22814187863189642,nil | Participation | _:b72 | Buil-in_Data_Types | _:b241,_:b240 → _:b241 → nil → _:b72 → Participation → Buil-in_Data_Types → Tiny_stash
_:b71,Tiny_stash,0.21629837078141279,0.15341815159461372,0.0415518252487452,False,List,Reward,0.1813490616748793,0.23403566088494637,0.25,4,indirect,0.2278276093487096,Participation | _:b72 | Buil-in_Data_Types | 3.16.0 | PO1,_:b71 → _:b72 → Participation → Buil-in_Data_Types → Tiny_stash
gel,Stash,0.502523319084817,0.11871203735885363,0.9172442572270822,False,Variable,Reward,0.58546750671327,0.0796690798158251,0.1111111111111111,9,indirect,0.22766806355997224,,N/A
_:b71,Stash,0.25680533127794936,0.1559619806841786,0.9172442572270822,False,List,Reward,0.3888931164677759,0.21060710700115928,0.16666666666666666,6,indirect,0.2267764854980358,Participation | _:b72 | Task_about_Java_Basics | Buil-in_Data_Types | Level_Up,_:b71 → _:b72 → Participation → Buil-in_Data_Types → Level_Up → Task_about_Java_Basics → Stash
l,Stash,0.49940089464248255,0.11914182530423563,0.9172442572270822,False,Variable,Reward,0.5829695671594025,0.0796690798158251,0.1111111111111111,9,indirect,0.2265752150051552,,N/A
b,Stash,0.4989445767278549,0.11906564058308566,0.9172442572270822,False,Variable,Reward,0.5826045128277004,0.0796690798158251,0.1111111111111111,9,indirect,0.22641550373503552,,N/A
Task_about_Event_Handler_and_Listener,Stash,0.3013057455592376,0.19663369651332102,0.9172442572270822,False,GamifiedResource,Reward,0.4244934478928065,0.18548081163666935,0.16666666666666666,6,indirect,0.22601953850956824,Event_Listeners | Event_Handler_and_Listener | ObjectOrientedProgramming | Java_Basics | Functions,Task_about_Event_Handler_and_Listener → Event_Listeners → Event_Handler_and_Listener → ObjectOrientedProgramming → Java_Basics → Functions → Stash
3.16.0,BLockGame,0.135082026106164,0.18091553565925123,0.12935257077791257,False,unknown,Badge,0.13393613504051372,0.2749685776485669,0.3333333333333333,3,indirect,0.2260082846087259,Task_about_Java_Basics | Level_Up | Variables | Control_Statements | Loops,3.16.0 → Level_Up → Task_about_Java_Basics → BLockGame
leçon 5 du cours Programmation Orientée Objet,Level_Up,0.12113802757136558,0.15728501626149596,1.0,False,unknown,Level,0.2969104220570925,0.28202605432480576,0.3333333333333333,3,indirect,0.2257152449611017,Polymorphism | Overloading | Overriding | Overloaded_constructors,leçon 5 du cours Programmation Orientée Objet → Polymorphism → Overloading → Level_Up
lesson 5 for the course Object Oriented Programming,Level_Up,0.12113802757136558,0.15728501626149596,1.0,False,unknown,Level,0.2969104220570925,0.28202605432480576,0.3333333333333333,3,indirect,0.2257152449611017,Polymorphism | Overloading | Overriding | Overloaded_constructors,lesson 5 for the course Object Oriented Programming → Polymorphism → Overloading → Level_Up
block_xp,Stash,0.11637287108147971,0.15860634359967224,0.9172442572270822,False,unknown,Reward,0.27654714831060023,0.2845857219386791,0.3333333333333333,3,indirect,0.22571122413865932,Level_Up | Task_about_Java_Basics | Variables | Strings | Arithmetic_operations,block_xp → Level_Up → Task_about_Java_Basics → Stash
Level Up XP,Stash,0.11637287108147971,0.15860634359967224,0.9172442572270822,False,unknown,Reward,0.27654714831060023,0.2845857219386791,0.3333333333333333,3,indirect,0.22571122413865932,Level_Up | Task_about_Java_Basics | Variables | Strings | Arithmetic_operations,Level Up XP → Level_Up → Task_about_Java_Basics → Stash
"Learners receive points for their actions, visualise their progress, compete with others through a leaderboard, and unlock content based on their individual needs and experiences.",Stash,0.11637287108147971,0.15860634359967224,0.9172442572270822,False,unknown,Reward,0.27654714831060023,0.2845857219386791,0.3333333333333333,3,indirect,0.22571122413865932,Level_Up | Task_about_Java_Basics | Variables | Strings | Arithmetic_operations,"Learners receive points for their actions, visualise their progress, compete with others through a leaderboard, and unlock content based on their individual needs and experiences. → Level_Up → Task_about_Java_Basics → Stash"
Princeton_University,Stash,0.21275507447670475,0.17292945901161608,0.9172442572270822,False,EducationalInstitution,Reward,0.35365291102678026,0.232420458649305,0.25,4,indirect,0.22553757418889492,ObjectOrientedProgramming | Java_Basics | Functions | Control_Statements | Arithmetic_operations,Princeton_University → ObjectOrientedProgramming → Java_Basics → Functions → Stash
Sara_12,Level_Up,0.21258742653857526,0.1673920598349211,1.0,False,UserAccount,Level,0.37006994123086023,0.23227459910697135,0.25,4,indirect,0.22538408870803273,Sara | Buil-in_Data_Types | Participation | PO1 | effectively_use_the_built-in_data_types,Sara_12 → Sara → Participation → Buil-in_Data_Types → Level_Up
_:b83,Tiny_stash,0.2022509536686404,0.15473443276607773,0.0415518252487452,False,List,Reward,0.17011112798466138,0.23764009650030077,0.2,5,indirect,0.22525389650921962,nil | Participation | _:b72 | Buil-in_Data_Types,_:b83 → nil → _:b72 → Participation → Buil-in_Data_Types → Tiny_stash
_:b284,Tiny_stash,0.2022509536686404,0.15473443276607773,0.0415518252487452,False,List,Reward,0.17011112798466138,0.23764009650030077,0.2,5,indirect,0.22525389650921962,nil | Participation | _:b72 | Buil-in_Data_Types,_:b284 → nil → _:b72 → Participation → Buil-in_Data_Types → Tiny_stash
_:b261,Tiny_stash,0.20160156176038063,0.1551212164453307,0.0415518252487452,False,List,Reward,0.16959161445805357,0.23764009650030077,0.2,5,indirect,0.22502660934132873,nil | Participation | _:b72 | Buil-in_Data_Types,_:b261 → nil → _:b72 → Participation → Buil-in_Data_Types → Tiny_stash
_:b197,Tiny_stash,0.20158679115679198,0.15512789320231823,0.0415518252487452,False,List,Reward,0.16957979797518266,0.23764009650030077,0.2,5,indirect,0.2250214396300727,nil | Participation | _:b72 | Buil-in_Data_Types,_:b197 → nil → _:b72 → Participation → Buil-in_Data_Types → Tiny_stash
Learner,BLockGame,0.5089016068594157,0.2496269311940224,0.12935257077791257,False,unknown,Badge,0.43299179964311507,0.07189130203804733,0.1,10,indirect,0.22484490872552623,,N/A
_:b191,Level_Up,0.4758730728656143,0.0415536931274881,1.0,False,IndividualPropertyAtom,Level,0.5806984582924914,0.08939130203804733,0.125,8,indirect,0.22465992182769576,,N/A
_:b94,Level_Up,0.47584353162412657,0.04166189844458962,1.0,False,IndividualPropertyAtom,Level,0.5806748252993013,0.08939130203804733,0.125,8,indirect,0.22464958239317506,,N/A
_:b180,Level_Up,0.4756940556467647,0.04141512234663596,1.0,False,IndividualPropertyAtom,Level,0.5805552445174118,0.08939130203804733,0.125,8,indirect,0.2245972658010984,,N/A
_:b158,Level_Up,0.4756940556467647,0.04141512234663596,1.0,False,IndividualPropertyAtom,Level,0.5805552445174118,0.08939130203804733,0.125,8,indirect,0.2245972658010984,,N/A
_:b169,Level_Up,0.4756940556467647,0.04141512234663596,1.0,False,IndividualPropertyAtom,Level,0.5805552445174118,0.08939130203804733,0.125,8,indirect,0.2245972658010984,,N/A
has_host,Tiny_stash,0.4522014165121687,0.16826964837494865,0.0415518252487452,False,unknown,Reward,0.37007149825948404,0.10189130203804733,0.14285714285714285,7,indirect,0.2244998421039898,,N/A
hasPart,Stash,0.5078478890412873,0.09260673491604382,0.9172442572270822,False,unknown,Reward,0.5897271626784464,0.07189130203804733,0.1,10,indirect,0.22447610748918131,,N/A
_:b92,Level_Up,0.4737051478611658,0.044908324425093814,1.0,False,IndividualPropertyAtom,Level,0.5789641182889327,0.08939130203804733,0.125,8,indirect,0.22390114807613878,,N/A
Lesson 1 of course Object oriented programming,Stash,0.11666206153469691,0.15788359286684686,0.9172442572270822,False,unknown,Reward,0.276778500673174,0.2815415773311545,0.3333333333333333,3,indirect,0.22383374680239432,Java_Basics | Functions | Control_Statements | Arithmetic_operations,Lesson 1 of course Object oriented programming → Java_Basics → Functions → Stash
Objective,Stash,0.505932282936407,0.14153799899367037,0.9172442572270822,False,Class,Reward,0.5881946777945422,0.07189130203804733,0.1,10,indirect,0.22380564535247321,,N/A
"Enables teachers to create items that students can collect, providing an interactive experience where students find items across the course.",BLockGame,0.10247302388773101,0.16351992280143016,0.12935257077791257,False,unknown,Badge,0.10784893326576733,0.28913128108043507,0.3333333333333333,3,indirect,0.22380089106298864,Stash | Control_Statements | Task_about_Java_Basics | Loops,"Enables teachers to create items that students can collect, providing an interactive experience where students find items across the course. → Stash → Control_Statements → BLockGame"
block_stash,BLockGame,0.10247302388773101,0.16351992280143016,0.12935257077791257,False,unknown,Badge,0.10784893326576733,0.28913128108043507,0.3333333333333333,3,indirect,0.22380089106298864,Stash | Control_Statements | Task_about_Java_Basics | Loops,block_stash → Stash → Control_Statements → BLockGame
2.1.1,BLockGame,0.10247302388773101,0.16351992280143016,0.12935257077791257,False,unknown,Badge,0.10784893326576733,0.28913128108043507,0.3333333333333333,3,indirect,0.22380089106298864,Stash | Control_Statements | Task_about_Java_Basics | Loops,2.1.1 → Stash → Control_Statements → BLockGame
Knowledge,BLockGame,0.5038049739499785,0.26566016823461247,0.12935257077791257,False,Class,Badge,0.4289144933155653,0.07189130203804733,0.1,10,indirect,0.22306108720722323,,N/A
_:b269,Level_Up,0.470713037494364,0.04939397655089242,1.0,False,IndividualPropertyAtom,Level,0.5765704299954912,0.08939130203804733,0.125,8,indirect,0.22285390944775815,,N/A
equal,Stash,0.48674235073163585,0.1042754928444946,0.9172442572270822,False,unknown,Reward,0.5728427320307252,0.0796690798158251,0.1111111111111111,9,indirect,0.22214472463635884,,N/A
Level Up XP,Tiny_stash,0.11166071985133255,0.19795728398902238,0.0415518252487452,False,unknown,Reward,0.09763894093081509,0.2814746030118999,0.3333333333333333,3,indirect,0.22203974390570133,Level_Up | Variables | 3.16.0 | Buil-in_Data_Types,Level Up XP → Level_Up → Buil-in_Data_Types → Tiny_stash
block_xp,Tiny_stash,0.11166071985133255,0.19795728398902238,0.0415518252487452,False,unknown,Reward,0.09763894093081509,0.2814746030118999,0.3333333333333333,3,indirect,0.22203974390570133,Level_Up | Variables | 3.16.0 | Buil-in_Data_Types,block_xp → Level_Up → Buil-in_Data_Types → Tiny_stash
"Learners receive points for their actions, visualise their progress, compete with others through a leaderboard, and unlock content based on their individual needs and experiences.",Tiny_stash,0.11166071985133255,0.19795728398902238,0.0415518252487452,False,unknown,Reward,0.09763894093081509,0.2814746030118999,0.3333333333333333,3,indirect,0.22203974390570133,Level_Up | Variables | 3.16.0 | Buil-in_Data_Types,"Learners receive points for their actions, visualise their progress, compete with others through a leaderboard, and unlock content based on their individual needs and experiences. → Level_Up → Buil-in_Data_Types → Tiny_stash"
RFK_L1_R4,Level_Up,0.2029926190833276,0.17039870673075203,1.0,False,ReferenceKey,Level,0.3623940952666621,0.23229368793198096,0.25,4,indirect,0.22203831383495226,Control_Statements | Task_about_Java_Basics | Loops | Stash | BLockGame,RFK_L1_R4 → Control_Statements → Stash → Task_about_Java_Basics → Level_Up
Experience,Level_Up,0.4846730899010653,0.17536332012512593,1.0,False,Class,Level,0.5877384719208523,0.0796690798158251,0.1111111111111111,9,indirect,0.22142048334565914,,N/A
Event_Listeners,bonusPoints,0.49818634620816216,0.11124401566572004,0.0,False,GamifiedResource,BonusPoints,0.39854907696652975,0.07189130203804733,0.1,10,indirect,0.22109456749758752,,N/A
Princeton_University,Level_Up,0.23814885715208473,0.14862642216458763,1.0,False,EducationalInstitution,Level,0.3905190857216678,0.21190651557008927,0.25,4,indirect,0.22109133512378767,ObjectOrientedProgramming | Overloading | Participation | Task_about_Java_Basics | Polymorphism,Princeton_University → ObjectOrientedProgramming → Polymorphism → Overloading → Level_Up
bonus material for lesson 1 java basics,BLockGame,0.10315198099826192,0.16357199182749302,0.12935257077791257,False,unknown,Badge,0.10839209895419206,0.28453460049635887,0.3333333333333333,3,indirect,0.22105068367202493,Arithmetic_operations | Task_about_Java_Basics | Control_Statements | Loops | Stash,bonus material for lesson 1 java basics → Arithmetic_operations → Task_about_Java_Basics → BLockGame
has_Rating,Stash,0.2531344989800548,0.16406847564346727,0.9172442572270822,False,DatatypeProperty,Reward,0.38595645062946027,0.2037286136481235,0.2,5,indirect,0.22102067351429944,Course | ObjectOrientedProgramming | Java_Basics | Functions | Control_Statements,has_Rating → Course → ObjectOrientedProgramming → Java_Basics → Functions → Stash
has_TotalEnrollment,Stash,0.2531344989800548,0.16406847564346727,0.9172442572270822,False,DatatypeProperty,Reward,0.38595645062946027,0.2037286136481235,0.2,5,indirect,0.22102067351429944,Course | ObjectOrientedProgramming | Java_Basics | Functions | Control_Statements,has_TotalEnrollment → Course → ObjectOrientedProgramming → Java_Basics → Functions → Stash
has_TotalCompletionHours,Stash,0.2531344989800548,0.16406847564346727,0.9172442572270822,False,DatatypeProperty,Reward,0.38595645062946027,0.2037286136481235,0.2,5,indirect,0.22102067351429944,Course | ObjectOrientedProgramming | Java_Basics | Functions | Control_Statements,has_TotalCompletionHours → Course → ObjectOrientedProgramming → Java_Basics → Functions → Stash
has_LearningPace,Stash,0.2531344989800548,0.16406847564346727,0.9172442572270822,False,DatatypeProperty,Reward,0.38595645062946027,0.2037286136481235,0.2,5,indirect,0.22102067351429944,Course | ObjectOrientedProgramming | Java_Basics | Functions | Control_Statements,has_LearningPace → Course → ObjectOrientedProgramming → Java_Basics → Functions → Stash
has_TranslationLanguage,Stash,0.253134451296339,0.16406840091311736,0.9172442572270822,False,DatatypeProperty,Reward,0.3859564124824877,0.2037286136481235,0.2,5,indirect,0.2210206568249989,Course | ObjectOrientedProgramming | Java_Basics | Functions | Control_Statements,has_TranslationLanguage → Course → ObjectOrientedProgramming → Java_Basics → Functions → Stash
has_TeachingLanguage,Stash,0.253134451296339,0.16406840091311736,0.9172442572270822,False,DatatypeProperty,Reward,0.3859564124824877,0.2037286136481235,0.2,5,indirect,0.2210206568249989,Course | ObjectOrientedProgramming | Java_Basics | Functions | Control_Statements,has_TeachingLanguage → Course → ObjectOrientedProgramming → Java_Basics → Functions → Stash
number,Level_Up,0.46403711477335774,0.16388020922751245,1.0,False,AnnotationProperty,Level,0.5712296918186862,0.08939130203804733,0.125,8,indirect,0.22051733649540597,,N/A
RFK_L4_R7,Level_Up,0.21338123211892251,0.16948330747133716,1.0,False,ReferenceKey,Level,0.37070498569513805,0.22427066458634795,0.25,4,indirect,0.22045936322274906,OOPCourseCommunity | Multi-level_inheritance | Inheritance | Parent_classes | JavaParentClass,RFK_L4_R7 → Parent_classes → Inheritance → Multi-level_inheritance → Level_Up
JavaClassAttributesFunctions,Level_Up,0.20661151537859107,0.1660939072595941,1.0,False,IndexKey,Level,0.36528921230287287,0.22668001937696503,0.25,4,indirect,0.21965604297753416,OOPCourseCommunity | LevelGE | DataTypes | ReferenceKey1 | IK_GE_LevelUp,JavaClassAttributesFunctions → OOPCourseCommunity → IK2 → LevelGE → Level_Up
IK_GE_Motrain,Level_Up,0.20507965349294635,0.16687041333131092,1.0,False,IndexKey,Level,0.3640637227943571,0.22668001937696503,0.25,4,indirect,0.2191198913175585,OOPCourseCommunity | LevelGE | DataTypes | ReferenceKey1 | IK_GE_LevelUp,IK_GE_Motrain → OOPCourseCommunity → IK2 → LevelGE → Level_Up
TaskJavaClassesMethod,Level_Up,0.20505169947349966,0.16688462958879421,1.0,False,IndexKey,Level,0.36404135957879974,0.22668001937696503,0.25,4,indirect,0.21911010741075215,OOPCourseCommunity | LevelGE | DataTypes | ReferenceKey1 | IK_GE_LevelUp,TaskJavaClassesMethod → OOPCourseCommunity → IK2 → LevelGE → Level_Up
JavaStatic,Level_Up,0.205045683038116,0.16688768949881347,1.0,False,IndexKey,Level,0.3640365464304928,0.22668001937696503,0.25,4,indirect,0.21910800165836786,OOPCourseCommunity | LevelGE | DataTypes | ReferenceKey1 | IK_GE_LevelUp,JavaStatic → OOPCourseCommunity → IK2 → LevelGE → Level_Up
JavaThis,Level_Up,0.20504275421569557,0.16688917909964096,1.0,False,IndexKey,Level,0.3640342033725565,0.22668001937696503,0.25,4,indirect,0.2191069765705207,OOPCourseCommunity | LevelGE | DataTypes | ReferenceKey1 | IK_GE_LevelUp,JavaThis → OOPCourseCommunity → IK2 → LevelGE → Level_Up
JavaConstructors,Level_Up,0.20504156183630956,0.16688978554932227,1.0,False,IndexKey,Level,0.3640332494690477,0.22668001937696503,0.25,4,indirect,0.21910655923773562,OOPCourseCommunity | LevelGE | DataTypes | ReferenceKey1 | IK_GE_LevelUp,JavaConstructors → OOPCourseCommunity → IK2 → LevelGE → Level_Up
TaskJavaClassesObjects,Level_Up,0.20503163339994596,0.16689483530590732,1.0,False,IndexKey,Level,0.3640253067199568,0.22668001937696503,0.25,4,indirect,0.21910308428500835,OOPCourseCommunity | LevelGE | DataTypes | ReferenceKey1 | IK_GE_LevelUp,TaskJavaClassesObjects → OOPCourseCommunity → IK2 → LevelGE → Level_Up
JavaAccessModifiers,Level_Up,0.20502761115619048,0.16689688113629042,1.0,False,IndexKey,Level,0.3640220889249524,0.22668001937696503,0.25,4,indirect,0.21910167649969392,OOPCourseCommunity | LevelGE | DataTypes | ReferenceKey1 | IK_GE_LevelUp,JavaAccessModifiers → OOPCourseCommunity → IK2 → LevelGE → Level_Up
JavaPackages,Level_Up,0.20502590831153517,0.16689774726223827,1.0,False,IndexKey,Level,0.36402072664922813,0.22668001937696503,0.25,4,indirect,0.21910108050406457,OOPCourseCommunity | LevelGE | DataTypes | ReferenceKey1 | IK_GE_LevelUp,JavaPackages → OOPCourseCommunity → IK2 → LevelGE → Level_Up
JavaArrayOfInstances,Level_Up,0.2050251877747026,0.16689811375398514,1.0,False,IndexKey,Level,0.3640201502197621,0.22668001937696503,0.25,4,indirect,0.21910082831617317,OOPCourseCommunity | LevelGE | DataTypes | ReferenceKey1 | IK_GE_LevelUp,JavaArrayOfInstances → OOPCourseCommunity → IK2 → LevelGE → Level_Up
JavaClassInstance,Level_Up,0.2050248827761545,0.1668982688878591,1.0,False,IndexKey,Level,0.3640199062209236,0.22668001937696503,0.25,4,indirect,0.21910072156668134,OOPCourseCommunity | LevelGE | DataTypes | ReferenceKey1 | IK_GE_LevelUp,JavaClassInstance → OOPCourseCommunity → IK2 → LevelGE → Level_Up
JavaArrays,Level_Up,0.20436031689436884,0.16723666043577176,1.0,False,IndexKey,Level,0.3634882535154951,0.22668001937696503,0.25,4,indirect,0.21886812350805634,OOPCourseCommunity | LevelGE | DataTypes | ReferenceKey1 | IK_GE_LevelUp,JavaArrays → OOPCourseCommunity → IK2 → LevelGE → Level_Up
"Learners receive points for their actions, visualise their progress, compete with others through a leaderboard, and unlock content based on their individual needs and experiences.",BLockGame,0.10246807250743588,0.1635239290105816,0.12935257077791257,False,unknown,Badge,0.10784497216153123,0.28153074725577804,0.3333333333333333,3,indirect,0.21885881109385827,Level_Up | Task_about_Java_Basics | Variables | Control_Statements | Loops,"Learners receive points for their actions, visualise their progress, compete with others through a leaderboard, and unlock content based on their individual needs and experiences. → Level_Up → Task_about_Java_Basics → BLockGame"
block_xp,BLockGame,0.10246807250743588,0.1635239290105816,0.12935257077791257,False,unknown,Badge,0.10784497216153123,0.28153074725577804,0.3333333333333333,3,indirect,0.21885881109385827,Level_Up | Task_about_Java_Basics | Variables | Control_Statements | Loops,block_xp → Level_Up → Task_about_Java_Basics → BLockGame
Level Up XP,BLockGame,0.10246807250743588,0.1635239290105816,0.12935257077791257,False,unknown,Badge,0.10784497216153123,0.28153074725577804,0.3333333333333333,3,indirect,0.21885881109385827,Level_Up | Task_about_Java_Basics | Variables | Control_Statements | Loops,Level Up XP → Level_Up → Task_about_Java_Basics → BLockGame
Lesson 1 of course Object oriented programming,BLockGame,0.10229906661898847,0.16179066949233464,0.12935257077791257,False,unknown,Badge,0.10770976745077329,0.28153128113273324,0.3333333333333333,3,indirect,0.21880000605292257,Java_Basics | Control_Statements | Task_about_Java_Basics | Loops,Lesson 1 of course Object oriented programming → Java_Basics → Control_Statements → BLockGame
JavaExceptionTypes,Level_Up,0.20413878953029713,0.16757669258141694,1.0,False,IndexKey,Level,0.3633110316242377,0.22668001937696503,0.25,4,indirect,0.21879058893063125,OOPCourseCommunity | LevelGE | DataTypes | ReferenceKey1 | IK_GE_LevelUp,JavaExceptionTypes → OOPCourseCommunity → IK2 → LevelGE → Level_Up
TaskJavaGUI,Level_Up,0.20413878953029713,0.16757669258141694,1.0,False,IndexKey,Level,0.3633110316242377,0.22668001937696503,0.25,4,indirect,0.21879058893063125,OOPCourseCommunity | LevelGE | DataTypes | ReferenceKey1 | IK_GE_LevelUp,TaskJavaGUI → OOPCourseCommunity → IK2 → LevelGE → Level_Up
JavaDelimiters,Level_Up,0.20413878953029713,0.16757669258141694,1.0,False,IndexKey,Level,0.3633110316242377,0.22668001937696503,0.25,4,indirect,0.21879058893063125,OOPCourseCommunity | LevelGE | DataTypes | ReferenceKey1 | IK_GE_LevelUp,JavaDelimiters → OOPCourseCommunity → IK2 → LevelGE → Level_Up
JavaExceptions,Level_Up,0.20413878953029713,0.16757669258141694,1.0,False,IndexKey,Level,0.3633110316242377,0.22668001937696503,0.25,4,indirect,0.21879058893063125,OOPCourseCommunity | LevelGE | DataTypes | ReferenceKey1 | IK_GE_LevelUp,JavaExceptions → OOPCourseCommunity → IK2 → LevelGE → Level_Up
JavaEventListener,Level_Up,0.20413878953029713,0.16757669258141694,1.0,False,IndexKey,Level,0.3633110316242377,0.22668001937696503,0.25,4,indirect,0.21879058893063125,OOPCourseCommunity | LevelGE | DataTypes | ReferenceKey1 | IK_GE_LevelUp,JavaEventListener → OOPCourseCommunity → IK2 → LevelGE → Level_Up
JavaEvents,Level_Up,0.20413878953029713,0.16757669258141694,1.0,False,IndexKey,Level,0.3633110316242377,0.22668001937696503,0.25,4,indirect,0.21879058893063125,OOPCourseCommunity | LevelGE | DataTypes | ReferenceKey1 | IK_GE_LevelUp,JavaEvents → OOPCourseCommunity → IK2 → LevelGE → Level_Up
JavaGUIElements,Level_Up,0.20413878953029713,0.16757669258141694,1.0,False,IndexKey,Level,0.3633110316242377,0.22668001937696503,0.25,4,indirect,0.21879058893063125,OOPCourseCommunity | LevelGE | DataTypes | ReferenceKey1 | IK_GE_LevelUp,JavaGUIElements → OOPCourseCommunity → IK2 → LevelGE → Level_Up
JavaArgumentsParameters,Level_Up,0.20413878953029713,0.16757669258141694,1.0,False,IndexKey,Level,0.3633110316242377,0.22668001937696503,0.25,4,indirect,0.21879058893063125,OOPCourseCommunity | LevelGE | DataTypes | ReferenceKey1 | IK_GE_LevelUp,JavaArgumentsParameters → OOPCourseCommunity → IK2 → LevelGE → Level_Up
JavaOverloading,Level_Up,0.20413878953029713,0.16757669258141694,1.0,False,IndexKey,Level,0.3633110316242377,0.22668001937696503,0.25,4,indirect,0.21879058893063125,OOPCourseCommunity | LevelGE | DataTypes | ReferenceKey1 | IK_GE_LevelUp,JavaOverloading → OOPCourseCommunity → IK2 → LevelGE → Level_Up
JavaTryCatch,Level_Up,0.20413878953029713,0.16757669258141694,1.0,False,IndexKey,Level,0.3633110316242377,0.22668001937696503,0.25,4,indirect,0.21879058893063125,OOPCourseCommunity | LevelGE | DataTypes | ReferenceKey1 | IK_GE_LevelUp,JavaTryCatch → OOPCourseCommunity → IK2 → LevelGE → Level_Up
JavaIOStreams,Level_Up,0.20413878953029713,0.16757669258141694,1.0,False,IndexKey,Level,0.3633110316242377,0.22668001937696503,0.25,4,indirect,0.21879058893063125,OOPCourseCommunity | LevelGE | DataTypes | ReferenceKey1 | IK_GE_LevelUp,JavaIOStreams → OOPCourseCommunity → IK2 → LevelGE → Level_Up
TaskJavaPolymorphism,Level_Up,0.20413878953029713,0.16757669258141694,1.0,False,IndexKey,Level,0.3633110316242377,0.22668001937696503,0.25,4,indirect,0.21879058893063125,OOPCourseCommunity | LevelGE | DataTypes | ReferenceKey1 | IK_GE_LevelUp,TaskJavaPolymorphism → OOPCourseCommunity → IK2 → LevelGE → Level_Up
JavaGUILinkedScreens,Level_Up,0.20413878953029713,0.16757669258141694,1.0,False,IndexKey,Level,0.3633110316242377,0.22668001937696503,0.25,4,indirect,0.21879058893063125,OOPCourseCommunity | LevelGE | DataTypes | ReferenceKey1 | IK_GE_LevelUp,JavaGUILinkedScreens → OOPCourseCommunity → IK2 → LevelGE → Level_Up
TaskJavaExceptions,Level_Up,0.20413878953029713,0.16757669258141694,1.0,False,IndexKey,Level,0.3633110316242377,0.22668001937696503,0.25,4,indirect,0.21879058893063125,OOPCourseCommunity | LevelGE | DataTypes | ReferenceKey1 | IK_GE_LevelUp,TaskJavaExceptions → OOPCourseCommunity → IK2 → LevelGE → Level_Up
JavaArithmeticOperations,Level_Up,0.20413878953029713,0.16757669258141694,1.0,False,IndexKey,Level,0.3633110316242377,0.22668001937696503,0.25,4,indirect,0.21879058893063125,OOPCourseCommunity | LevelGE | DataTypes | ReferenceKey1 | IK_GE_LevelUp,JavaArithmeticOperations → OOPCourseCommunity → IK2 → LevelGE → Level_Up
JavaFiles,Level_Up,0.20413878953029713,0.16757669258141694,1.0,False,IndexKey,Level,0.3633110316242377,0.22668001937696503,0.25,4,indirect,0.21879058893063125,OOPCourseCommunity | LevelGE | DataTypes | ReferenceKey1 | IK_GE_LevelUp,JavaFiles → OOPCourseCommunity → IK2 → LevelGE → Level_Up
JavaEventTypes,Level_Up,0.20413878953029713,0.16757669258141694,1.0,False,IndexKey,Level,0.3633110316242377,0.22668001937696503,0.25,4,indirect,0.21879058893063125,OOPCourseCommunity | LevelGE | DataTypes | ReferenceKey1 | IK_GE_LevelUp,JavaEventTypes → OOPCourseCommunity → IK2 → LevelGE → Level_Up
JavaFX,Level_Up,0.20413878953029713,0.16757669258141694,1.0,False,IndexKey,Level,0.3633110316242377,0.22668001937696503,0.25,4,indirect,0.21879058893063125,OOPCourseCommunity | LevelGE | DataTypes | ReferenceKey1 | IK_GE_LevelUp,JavaFX → OOPCourseCommunity → IK2 → LevelGE → Level_Up
JavaOverriding,Level_Up,0.20413878953029713,0.16757669258141694,1.0,False,IndexKey,Level,0.3633110316242377,0.22668001937696503,0.25,4,indirect,0.21879058893063125,OOPCourseCommunity | LevelGE | DataTypes | ReferenceKey1 | IK_GE_LevelUp,JavaOverriding → OOPCourseCommunity → IK2 → LevelGE → Level_Up
JavaTaskEventHandlerListener,Level_Up,0.20413878953029713,0.16757669258141694,1.0,False,IndexKey,Level,0.3633110316242377,0.22668001937696503,0.25,4,indirect,0.21879058893063125,OOPCourseCommunity | LevelGE | DataTypes | ReferenceKey1 | IK_GE_LevelUp,JavaTaskEventHandlerListener → OOPCourseCommunity → IK2 → LevelGE → Level_Up
JavaOverloadedConstructors,Level_Up,0.20413878953029713,0.16757669258141694,1.0,False,IndexKey,Level,0.3633110316242377,0.22668001937696503,0.25,4,indirect,0.21879058893063125,OOPCourseCommunity | LevelGE | DataTypes | ReferenceKey1 | IK_GE_LevelUp,JavaOverloadedConstructors → OOPCourseCommunity → IK2 → LevelGE → Level_Up
JavaStaticFunctions,Level_Up,0.20406912014701364,0.16738520026663387,1.0,False,IndexKey,Level,0.3632552961176109,0.22668001937696503,0.25,4,indirect,0.21876620464648205,OOPCourseCommunity | LevelGE | DataTypes | ReferenceKey1 | IK_GE_LevelUp,JavaStaticFunctions → OOPCourseCommunity → IK2 → LevelGE → Level_Up
startingPage,Stash,0.4764513754804381,0.20905473988300222,0.9172442572270822,False,AnnotationProperty,Reward,0.5646099518297669,0.0796690798158251,0.1111111111111111,9,indirect,0.21854288329843963,,N/A
_:b168,Tiny_stash,0.18246673218735573,0.16792937332288693,0.0415518252487452,False,AtomList,Reward,0.15428375079963363,0.23764009650030077,0.2,5,indirect,0.21832941899077002,nil | Participation | _:b72 | Buil-in_Data_Types,_:b168 → nil → _:b72 → Participation → Buil-in_Data_Types → Tiny_stash
_:b242,Tiny_stash,0.18246673218735573,0.16792937332288693,0.0415518252487452,False,AtomList,Reward,0.15428375079963363,0.23764009650030077,0.2,5,indirect,0.21832941899077002,nil | Participation | _:b72 | Buil-in_Data_Types,_:b242 → nil → _:b72 → Participation → Buil-in_Data_Types → Tiny_stash
_:b150,Tiny_stash,0.18246673218735573,0.16792937332288693,0.0415518252487452,False,AtomList,Reward,0.15428375079963363,0.23764009650030077,0.2,5,indirect,0.21832941899077002,nil | Participation | _:b72 | Buil-in_Data_Types,_:b150 → nil → _:b72 → Participation → Buil-in_Data_Types → Tiny_stash
_:b119,Tiny_stash,0.18246673218735573,0.16792937332288693,0.0415518252487452,False,AtomList,Reward,0.15428375079963363,0.23764009650030077,0.2,5,indirect,0.21832941899077002,nil | Participation | _:b72 | Buil-in_Data_Types,_:b119 → nil → _:b72 → Participation → Buil-in_Data_Types → Tiny_stash
_:b241,Tiny_stash,0.18246673218735573,0.16792937332288693,0.0415518252487452,False,AtomList,Reward,0.15428375079963363,0.23764009650030077,0.2,5,indirect,0.21832941899077002,nil | Participation | _:b72 | Buil-in_Data_Types,_:b241 → nil → _:b72 → Participation → Buil-in_Data_Types → Tiny_stash
_:b110,Tiny_stash,0.18246673218735573,0.16792937332288693,0.0415518252487452,False,AtomList,Reward,0.15428375079963363,0.23764009650030077,0.2,5,indirect,0.21832941899077002,nil | Participation | _:b72 | Buil-in_Data_Types,_:b110 → nil → _:b72 → Participation → Buil-in_Data_Types → Tiny_stash
_:b157,Tiny_stash,0.18246673218735573,0.16792937332288693,0.0415518252487452,False,AtomList,Reward,0.15428375079963363,0.23764009650030077,0.2,5,indirect,0.21832941899077002,nil | Participation | _:b72 | Buil-in_Data_Types,_:b157 → nil → _:b72 → Participation → Buil-in_Data_Types → Tiny_stash
_:b277,Tiny_stash,0.18246673218735573,0.16792937332288693,0.0415518252487452,False,AtomList,Reward,0.15428375079963363,0.23764009650030077,0.2,5,indirect,0.21832941899077002,nil | Participation | _:b72 | Buil-in_Data_Types,_:b277 → nil → _:b72 → Participation → Buil-in_Data_Types → Tiny_stash
_:b179,Tiny_stash,0.18246673218735573,0.16792937332288693,0.0415518252487452,False,AtomList,Reward,0.15428375079963363,0.23764009650030077,0.2,5,indirect,0.21832941899077002,nil | Participation | _:b72 | Buil-in_Data_Types,_:b179 → nil → _:b72 → Participation → Buil-in_Data_Types → Tiny_stash
_:b76,Tiny_stash,0.18246673218735573,0.16792937332288693,0.0415518252487452,False,AtomList,Reward,0.15428375079963363,0.23764009650030077,0.2,5,indirect,0.21832941899077002,nil | Participation | _:b72 | Buil-in_Data_Types,_:b76 → nil → _:b72 → Participation → Buil-in_Data_Types → Tiny_stash
_:b65,Tiny_stash,0.18246673218735573,0.16792937332288693,0.0415518252487452,False,AtomList,Reward,0.15428375079963363,0.23764009650030077,0.2,5,indirect,0.21832941899077002,nil | Participation | _:b72 | Buil-in_Data_Types,_:b65 → nil → _:b72 → Participation → Buil-in_Data_Types → Tiny_stash
_:b266,Tiny_stash,0.18246673218735573,0.16792937332288693,0.0415518252487452,False,AtomList,Reward,0.15428375079963363,0.23764009650030077,0.2,5,indirect,0.21832941899077002,nil | Participation | _:b72 | Buil-in_Data_Types,_:b266 → nil → _:b72 → Participation → Buil-in_Data_Types → Tiny_stash
_:b87,Tiny_stash,0.18246673218735573,0.16792937332288693,0.0415518252487452,False,AtomList,Reward,0.15428375079963363,0.23764009650030077,0.2,5,indirect,0.21832941899077002,nil | Participation | _:b72 | Buil-in_Data_Types,_:b87 → nil → _:b72 → Participation → Buil-in_Data_Types → Tiny_stash
_:b247,Tiny_stash,0.18246673218735573,0.16792937332288693,0.0415518252487452,False,AtomList,Reward,0.15428375079963363,0.23764009650030077,0.2,5,indirect,0.21832941899077002,nil | Participation | _:b72 | Buil-in_Data_Types,_:b247 → nil → _:b72 → Participation → Buil-in_Data_Types → Tiny_stash
_:b201,Tiny_stash,0.18246673218735573,0.16792937332288693,0.0415518252487452,False,AtomList,Reward,0.15428375079963363,0.23764009650030077,0.2,5,indirect,0.21832941899077002,nil | Participation | _:b72 | Buil-in_Data_Types,_:b201 → nil → _:b72 → Participation → Buil-in_Data_Types → Tiny_stash
_:b231,Tiny_stash,0.18193871875313056,0.16808822763875497,0.0415518252487452,False,AtomList,Reward,0.1538613400522535,0.23764009650030077,0.2,5,indirect,0.2181446142887912,nil | Participation | _:b72 | Buil-in_Data_Types,_:b231 → nil → _:b72 → Participation → Buil-in_Data_Types → Tiny_stash
_:b236,Tiny_stash,0.18193871875313056,0.16808822763875497,0.0415518252487452,False,AtomList,Reward,0.1538613400522535,0.23764009650030077,0.2,5,indirect,0.2181446142887912,nil | Participation | _:b72 | Buil-in_Data_Types,_:b236 → nil → _:b72 → Participation → Buil-in_Data_Types → Tiny_stash
_:b232,Tiny_stash,0.18193871875313056,0.16808822763875497,0.0415518252487452,False,AtomList,Reward,0.1538613400522535,0.23764009650030077,0.2,5,indirect,0.2181446142887912,nil | Participation | _:b72 | Buil-in_Data_Types,_:b232 → nil → _:b72 → Participation → Buil-in_Data_Types → Tiny_stash
_:b190,Tiny_stash,0.18193871875313056,0.16808822763875497,0.0415518252487452,False,AtomList,Reward,0.1538613400522535,0.23764009650030077,0.2,5,indirect,0.2181446142887912,nil | Participation | _:b72 | Buil-in_Data_Types,_:b190 → nil → _:b72 → Participation → Buil-in_Data_Types → Tiny_stash
_:b237,Tiny_stash,0.18193871875313056,0.16808822763875497,0.0415518252487452,False,AtomList,Reward,0.1538613400522535,0.23764009650030077,0.2,5,indirect,0.2181446142887912,nil | Participation | _:b72 | Buil-in_Data_Types,_:b237 → nil → _:b72 → Participation → Buil-in_Data_Types → Tiny_stash
Error1,Stash,0.4883992504050186,0.14334371866736026,0.9172442572270822,False,Class,Reward,0.5741682517694313,0.07189130203804733,0.1,10,indirect,0.21766908396648726,,N/A
Space,Tiny_stash,0.45520213869732595,0.2642794070689062,0.0415518252487452,False,unknown,Reward,0.3724720760076098,0.08939130203804733,0.125,8,indirect,0.21742509486879485,,N/A
TaskJavaInheritance,Level_Up,0.21125307080500327,0.16488057631746675,1.0,False,IndexKey,Level,0.36900245664400266,0.2207263371967866,0.25,4,indirect,0.21741069395966245,OOPCourseCommunity | LevelGE | Task_about_Inheritance | RFK_L4_R6 | IK_GE_LevelUp,TaskJavaInheritance → OOPCourseCommunity → IK2 → LevelGE → Level_Up
Collection,Level_Up,0.42993536981846947,0.19728291505007145,1.0,False,Class,Level,0.5439482958547757,0.10189130203804733,0.14285714285714285,7,indirect,0.21670672576119507,,N/A
IK_GE_TinyStash,Level_Up,0.20630958387891601,0.1611790852710191,1.0,False,IndexKey,Level,0.36504766710313286,0.22212626997124946,0.25,4,indirect,0.21659042983893276,OOPCourseCommunity | RFK_GE_TinyStash | Tiny_stash | Variables | LevelGE,IK_GE_TinyStash → RFK_GE_TinyStash → Tiny_stash → Buil-in_Data_Types → Level_Up
gel,Tiny_stash,0.4294879341199442,0.3133547410869431,0.0415518252487452,False,Variable,Reward,0.3519007123457044,0.10189130203804733,0.14285714285714285,7,indirect,0.21655012326671122,,N/A
IK_GE_stash,Level_Up,0.20587061380106375,0.16717918482673422,1.0,False,IndexKey,Level,0.364696491040851,0.22217417881288315,0.25,4,indirect,0.21646793105874634,OOPCourseCommunity | LevelGE | IK_GE_LevelUp | Task_about_Java_Basics | RF_GE_STash,IK_GE_stash → OOPCourseCommunity → IK2 → LevelGE → Level_Up
IK_GE_BlockGame,Level_Up,0.20587061380106375,0.16717918482673422,1.0,False,IndexKey,Level,0.364696491040851,0.22217417881288315,0.25,4,indirect,0.21646793105874634,OOPCourseCommunity | LevelGE | IK_GE_LevelUp | Task_about_Java_Basics | RF_GE_BloackGame,IK_GE_BlockGame → OOPCourseCommunity → IK2 → LevelGE → Level_Up
JavaSingleInheritance,Level_Up,0.20512050540342125,0.16684964049144527,1.0,False,IndexKey,Level,0.36409640432273704,0.22230527906996966,0.25,4,indirect,0.21629060828667773,OOPCourseCommunity | LevelGE | IK_GE_LevelUp | Multi-level_inheritance | Single_level_inheritance,JavaSingleInheritance → OOPCourseCommunity → IK2 → LevelGE → Level_Up
JavaStrings,Level_Up,0.205007750872517,0.1669069831188105,1.0,False,IndexKey,Level,0.3640062006980136,0.22228047480420376,0.25,4,indirect,0.2162350214281134,OOPCourseCommunity | LevelGE | IK_GE_LevelUp | Variables | Strings,JavaStrings → RFK_L1_R2 → Strings → Variables → Level_Up
JavaSuper,Level_Up,0.20487600571979386,0.16677306830113178,1.0,False,IndexKey,Level,0.3639008045758351,0.22234431590389342,0.25,4,indirect,0.21623040733945859,OOPCourseCommunity | LevelGE | Super_Keyword | IK_GE_LevelUp | Multi-level_inheritance,JavaSuper → OOPCourseCommunity → IK2 → LevelGE → Level_Up
RFK_L1_R3,Level_Up,0.20311605277547548,0.17033125712192526,1.0,False,ReferenceKey,Level,0.3624928422203804,0.22323519933633362,0.25,4,indirect,0.2161934980400333,Functions | Task_about_Java_Basics | Variables | Strings | Java_Basics,RFK_L1_R3 → Functions → Stash → Task_about_Java_Basics → Level_Up
JavaForWhile,Level_Up,0.20461613602367823,0.16710627434109981,1.0,False,IndexKey,Level,0.3636929088189426,0.22221775437917218,0.25,4,indirect,0.2160571879547493,OOPCourseCommunity | LevelGE | IK_GE_LevelUp | RFK_L1_R5 | Task_about_Java_Basics,JavaForWhile → OOPCourseCommunity → IK2 → LevelGE → Level_Up
has_host,Stash,0.42774818751318805,0.17790179463567932,0.9172442572270822,False,unknown,Reward,0.5256474014559669,0.10189130203804733,0.14285714285714285,7,indirect,0.21594121195434657,,N/A
JavaFunctions,BLockGame,0.19615934345404526,0.18196950455732158,0.12935257077791257,False,IndexKey,Badge,0.1827979889188187,0.22658610684061642,0.25,4,indirect,0.2159367396553165,OOPCourseCommunity | Functions | RFK_L1_R3 | Control_Statements | IK_GE_BlockGame,JavaFunctions → RFK_L1_R3 → Functions → Control_Statements → BLockGame
t2,Level_Up,0.42733837361323757,0.16168063531821594,1.0,False,Variable,Level,0.5418706988905901,0.10189130203804733,0.14285714285714285,7,indirect,0.2157977770893639,,N/A
t1,Level_Up,0.42702142590164555,0.16167771291611346,1.0,False,Variable,Level,0.5416171407213164,0.10189130203804733,0.14285714285714285,7,indirect,0.2156868453903067,,N/A
_:b103,Tiny_stash,0.17483792687182498,0.17137805387593533,0.0415518252487452,False,AtomList,Reward,0.14818070654720905,0.23764009650030077,0.2,5,indirect,0.21565933713033425,nil | Participation | _:b72 | Buil-in_Data_Types,_:b103 → nil → _:b72 → Participation → Buil-in_Data_Types → Tiny_stash
_:b259,Tiny_stash,0.17483284348477313,0.17137983055275402,0.0415518252487452,False,AtomList,Reward,0.14817663983756757,0.23764009650030077,0.2,5,indirect,0.2156575579448661,nil | Participation | _:b72 | Buil-in_Data_Types,_:b259 → nil → _:b72 → Participation → Buil-in_Data_Types → Tiny_stash
_:b272,Tiny_stash,0.1747585197567138,0.1714059197987958,0.0415518252487452,False,AtomList,Reward,0.1481171808551201,0.23764009650030077,0.2,5,indirect,0.21563154464004533,nil | Participation | _:b72 | Buil-in_Data_Types,_:b272 → nil → _:b72 → Participation → Buil-in_Data_Types → Tiny_stash
_:b152,Tiny_stash,0.1743950934440926,0.1715336844433475,0.0415518252487452,False,AtomList,Reward,0.14782643980502314,0.23764009650030077,0.2,5,indirect,0.2155043454306279,nil | Participation | _:b72 | Buil-in_Data_Types,_:b152 → nil → _:b72 → Participation → Buil-in_Data_Types → Tiny_stash
_:b228,Tiny_stash,0.1743950934440926,0.1715336844433475,0.0415518252487452,False,AtomList,Reward,0.14782643980502314,0.23764009650030077,0.2,5,indirect,0.2155043454306279,nil | Participation | _:b72 | Buil-in_Data_Types,_:b228 → nil → _:b72 → Participation → Buil-in_Data_Types → Tiny_stash
_:b135,Tiny_stash,0.1743950934440926,0.1715336844433475,0.0415518252487452,False,AtomList,Reward,0.14782643980502314,0.23764009650030077,0.2,5,indirect,0.2155043454306279,nil | Participation | _:b72 | Buil-in_Data_Types,_:b135 → nil → _:b72 → Participation → Buil-in_Data_Types → Tiny_stash
_:b217,Tiny_stash,0.1743950934440926,0.1715336844433475,0.0415518252487452,False,AtomList,Reward,0.14782643980502314,0.23764009650030077,0.2,5,indirect,0.2155043454306279,nil | Participation | _:b72 | Buil-in_Data_Types,_:b217 → nil → _:b72 → Participation → Buil-in_Data_Types → Tiny_stash
_:b146,Tiny_stash,0.1743950934440926,0.1715336844433475,0.0415518252487452,False,AtomList,Reward,0.14782643980502314,0.23764009650030077,0.2,5,indirect,0.2155043454306279,nil | Participation | _:b72 | Buil-in_Data_Types,_:b146 → nil → _:b72 → Participation → Buil-in_Data_Types → Tiny_stash
JavaInheritanceComposition,Level_Up,0.20557784571628765,0.16642116089842035,1.0,False,IndexKey,Level,0.36446227657303015,0.22065143643906487,0.25,4,indirect,0.21537567968609284,OOPCourseCommunity | LevelGE | Inheritance_vs_Composition | Super_Keyword | RFK_L4_R5,JavaInheritanceComposition → OOPCourseCommunity → IK2 → LevelGE → Level_Up
_:b194,Tiny_stash,0.17400859440776006,0.1718203977023017,0.0415518252487452,False,AtomList,Reward,0.1475172405759571,0.23764009650030077,0.2,5,indirect,0.2153690707679115,nil | Participation | _:b72 | Buil-in_Data_Types,_:b194 → nil → _:b72 → Participation → Buil-in_Data_Types → Tiny_stash
_:b183,Tiny_stash,0.17398318743927452,0.17182914939254124,0.0415518252487452,False,AtomList,Reward,0.14749691500116868,0.23764009650030077,0.2,5,indirect,0.21536017832894158,nil | Participation | _:b72 | Buil-in_Data_Types,_:b183 → nil → _:b72 → Participation → Buil-in_Data_Types → Tiny_stash
_:b214,Tiny_stash,0.17398318743927452,0.17182914939254124,0.0415518252487452,False,AtomList,Reward,0.14749691500116868,0.23764009650030077,0.2,5,indirect,0.21536017832894158,nil | Participation | _:b72 | Buil-in_Data_Types,_:b214 → nil → _:b72 → Participation → Buil-in_Data_Types → Tiny_stash
_:b123,Tiny_stash,0.17398318743927452,0.17182914939254124,0.0415518252487452,False,AtomList,Reward,0.14749691500116868,0.23764009650030077,0.2,5,indirect,0.21536017832894158,nil | Participation | _:b72 | Buil-in_Data_Types,_:b123 → nil → _:b72 → Participation → Buil-in_Data_Types → Tiny_stash
_:b205,Tiny_stash,0.17398318743927452,0.17182914939254124,0.0415518252487452,False,AtomList,Reward,0.14749691500116868,0.23764009650030077,0.2,5,indirect,0.21536017832894158,nil | Participation | _:b72 | Buil-in_Data_Types,_:b205 → nil → _:b72 → Participation → Buil-in_Data_Types → Tiny_stash
_:b143,Tiny_stash,0.17398318743927452,0.17182914939254124,0.0415518252487452,False,AtomList,Reward,0.14749691500116868,0.23764009650030077,0.2,5,indirect,0.21536017832894158,nil | Participation | _:b72 | Buil-in_Data_Types,_:b143 → nil → _:b72 → Participation → Buil-in_Data_Types → Tiny_stash
_:b132,Tiny_stash,0.17398318743927452,0.17182914939254124,0.0415518252487452,False,AtomList,Reward,0.14749691500116868,0.23764009650030077,0.2,5,indirect,0.21536017832894158,nil | Participation | _:b72 | Buil-in_Data_Types,_:b132 → nil → _:b72 → Participation → Buil-in_Data_Types → Tiny_stash
_:b114,Tiny_stash,0.17398318743927452,0.17182914939254124,0.0415518252487452,False,AtomList,Reward,0.14749691500116868,0.23764009650030077,0.2,5,indirect,0.21536017832894158,nil | Participation | _:b72 | Buil-in_Data_Types,_:b114 → nil → _:b72 → Participation → Buil-in_Data_Types → Tiny_stash
_:b172,Tiny_stash,0.17398318743927452,0.17182914939254124,0.0415518252487452,False,AtomList,Reward,0.14749691500116868,0.23764009650030077,0.2,5,indirect,0.21536017832894158,nil | Participation | _:b72 | Buil-in_Data_Types,_:b172 → nil → _:b72 → Participation → Buil-in_Data_Types → Tiny_stash
_:b225,Tiny_stash,0.17398318743927452,0.17182914939254124,0.0415518252487452,False,AtomList,Reward,0.14749691500116868,0.23764009650030077,0.2,5,indirect,0.21536017832894158,nil | Participation | _:b72 | Buil-in_Data_Types,_:b225 → nil → _:b72 → Participation → Buil-in_Data_Types → Tiny_stash
_:b281,Tiny_stash,0.17398318743927452,0.17182914939254124,0.0415518252487452,False,AtomList,Reward,0.14749691500116868,0.23764009650030077,0.2,5,indirect,0.21536017832894158,nil | Participation | _:b72 | Buil-in_Data_Types,_:b281 → nil → _:b72 → Participation → Buil-in_Data_Types → Tiny_stash
_:b80,Tiny_stash,0.17398318743927452,0.17182914939254124,0.0415518252487452,False,AtomList,Reward,0.14749691500116868,0.23764009650030077,0.2,5,indirect,0.21536017832894158,nil | Participation | _:b72 | Buil-in_Data_Types,_:b80 → nil → _:b72 → Participation → Buil-in_Data_Types → Tiny_stash
_:b161,Tiny_stash,0.17398318743927452,0.17182914939254124,0.0415518252487452,False,AtomList,Reward,0.14749691500116868,0.23764009650030077,0.2,5,indirect,0.21536017832894158,nil | Participation | _:b72 | Buil-in_Data_Types,_:b161 → nil → _:b72 → Participation → Buil-in_Data_Types → Tiny_stash
RFK_L4_R5,Level_Up,0.20553978119260882,0.16923121150761627,1.0,False,ReferenceKey,Level,0.3644318249540871,0.22063306671362753,0.25,4,indirect,0.21535041678127098,OOPCourseCommunity | Inheritance_vs_Composition | Multi-level_inheritance | JavaInheritanceComposition | Super_Keyword,RFK_L4_R5 → Inheritance_vs_Composition → Super_Keyword → Multi-level_inheritance → Level_Up
LearningStyle,Level_Up,0.42604930477214875,0.19818850307073077,1.0,False,Class,Level,0.5408394438177191,0.10189130203804733,0.14285714285714285,7,indirect,0.21534660299498282,,N/A
Participation,BLockGame,0.20783403769077022,0.1617102996855797,0.12935257077791257,False,NamedIndividual,Badge,0.1921377443081987,0.21935779265170602,0.25,4,indirect,0.2153244784153785,Task_about_Java_Basics | Buil-in_Data_Types | Level_Up | ObjectOrientedProgramming | Control_Statements,Participation → Buil-in_Data_Types → Level_Up → Task_about_Java_Basics → BLockGame
_:b186,Tiny_stash,0.17383373859695625,0.167030060765342,0.0415518252487452,False,unknown,Reward,0.14737735592731405,0.23764009650030077,0.2,5,indirect,0.2153078712341302,nil | Participation | _:b72 | Buil-in_Data_Types,_:b186 → nil → _:b72 → Participation → Buil-in_Data_Types → Tiny_stash
JavaExtend,Level_Up,0.20506715071929532,0.1668767715355879,1.0,False,IndexKey,Level,0.3640537205754363,0.22053265426426194,0.25,4,indirect,0.21511972802352364,OOPCourseCommunity | LevelGE | IK_GE_LevelUp | Multi-level_inheritance | Single_level_inheritance,JavaExtend → OOPCourseCommunity → IK2 → LevelGE → Level_Up
_:b43,Tiny_stash,0.17320355308105817,0.16733698684489645,0.0415518252487452,False,unknown,Reward,0.1468732075145956,0.23764009650030077,0.2,5,indirect,0.21508730630356587,nil | Participation | _:b72 | Buil-in_Data_Types,_:b43 → nil → _:b72 → Participation → Buil-in_Data_Types → Tiny_stash
_:b106,Tiny_stash,0.17318119049832906,0.16734793001006842,0.0415518252487452,False,unknown,Reward,0.1468553174484123,0.23764009650030077,0.2,5,indirect,0.21507947939961067,nil | Participation | _:b72 | Buil-in_Data_Types,_:b106 → nil → _:b72 → Participation → Buil-in_Data_Types → Tiny_stash
_:b54,Tiny_stash,0.1729047349911705,0.16749634953904952,0.0415518252487452,False,unknown,Reward,0.14663415304268546,0.23764009650030077,0.2,5,indirect,0.21498271997210516,nil | Participation | _:b72 | Buil-in_Data_Types,_:b54 → nil → _:b72 → Participation → Buil-in_Data_Types → Tiny_stash
_:b20,Tiny_stash,0.1729047349911705,0.16749634953904952,0.0415518252487452,False,unknown,Reward,0.14663415304268546,0.23764009650030077,0.2,5,indirect,0.21498271997210516,nil | Participation | _:b72 | Buil-in_Data_Types,_:b20 → nil → _:b72 → Participation → Buil-in_Data_Types → Tiny_stash
JavaIf,Level_Up,0.2048597172725654,0.16698230503572292,1.0,False,IndexKey,Level,0.3638877738180524,0.22043162077435668,0.25,4,indirect,0.21498145454872974,OOPCourseCommunity | LevelGE | IK_GE_LevelUp | RFK_L1_R4 | Control_Statements,JavaIf → OOPCourseCommunity → IK2 → LevelGE → Level_Up
hasBehaviouralObjective,BLockGame,0.4661562128096935,0.08534105725575775,0.12935257077791257,False,ObjectProperty,Badge,0.39879548440333734,0.0796690798158251,0.1111111111111111,9,indirect,0.21493957636367902,,N/A
RFK_L4_R1,Level_Up,0.20457271488556192,0.16988768363765627,1.0,False,ReferenceKey,Level,0.36365817190844957,0.22051850107722573,0.25,4,indirect,0.2149374759101434,OOPCourseCommunity | Multi-level_inheritance | Extend_Keyword | JavaExtend | Single_level_inheritance,RFK_L4_R1 → Extend_Keyword → Single_level_inheritance → Multi-level_inheritance → Level_Up
_:b34,Tiny_stash,0.1725054393607567,0.16772134164055297,0.0415518252487452,False,unknown,Reward,0.14631471653835443,0.23764009650030077,0.2,5,indirect,0.21484296650146034,nil | Participation | _:b72 | Buil-in_Data_Types,_:b34 → nil → _:b72 → Participation → Buil-in_Data_Types → Tiny_stash
_:b40,Tiny_stash,0.17247956055921174,0.16773368013865597,0.0415518252487452,False,unknown,Reward,0.14629401349711846,0.23764009650030077,0.2,5,indirect,0.2148339089209196,nil | Participation | _:b72 | Buil-in_Data_Types,_:b40 → nil → _:b72 → Participation → Buil-in_Data_Types → Tiny_stash
_:b46,Tiny_stash,0.17246856129398414,0.16773892733925208,0.0415518252487452,False,unknown,Reward,0.14628521408493636,0.23764009650030077,0.2,5,indirect,0.21483005917808995,nil | Participation | _:b72 | Buil-in_Data_Types,_:b46 → nil → _:b72 → Participation → Buil-in_Data_Types → Tiny_stash
_:b51,Tiny_stash,0.17246388201685628,0.16774115298495215,0.0415518252487452,False,unknown,Reward,0.14628147066323408,0.23764009650030077,0.2,5,indirect,0.2148284214310952,nil | Participation | _:b72 | Buil-in_Data_Types,_:b51 → nil → _:b72 → Participation → Buil-in_Data_Types → Tiny_stash
l,Tiny_stash,0.4243770913916872,0.3181790896678372,0.0415518252487452,False,Variable,Reward,0.3478120381630988,0.10189130203804733,0.14285714285714285,7,indirect,0.2147613283118213,,N/A
_:b22,Tiny_stash,0.17213822455307598,0.1678964602636985,0.0415518252487452,False,unknown,Reward,0.14602094469220983,0.23764009650030077,0.2,5,indirect,0.2147144413187721,nil | Participation | _:b72 | Buil-in_Data_Types,_:b22 → nil → _:b72 → Participation → Buil-in_Data_Types → Tiny_stash
JavaParentClass,Level_Up,0.20406423004715762,0.16738769661782174,1.0,False,IndexKey,Level,0.3632513840377261,0.22043420299554806,0.25,4,indirect,0.2147047124636114,OOPCourseCommunity | LevelGE | IK_GE_LevelUp | Multi-level_inheritance | Inheritance,JavaParentClass → OOPCourseCommunity → IK2 → LevelGE → Level_Up
b,Tiny_stash,0.4240480399905796,0.3182675799127153,0.0415518252487452,False,Variable,Reward,0.34754879704221275,0.10189130203804733,0.14285714285714285,7,indirect,0.2146461603214336,,N/A
_:b28,Tiny_stash,0.17189967615328744,0.1680591445408253,0.0415518252487452,False,unknown,Reward,0.145830105972379,0.23764009650030077,0.2,5,indirect,0.2146309493788461,nil | Participation | _:b72 | Buil-in_Data_Types,_:b28 → nil → _:b72 → Participation → Buil-in_Data_Types → Tiny_stash
OOPTeachers,BLockGame,0.2026623988525625,0.17521264361554825,0.12935257077791257,False,FreeGroup,Badge,0.1880004332376325,0.21913718161928908,0.25,4,indirect,0.21337100765093475,OOPCourseCommunity | JavaIf | JavaForWhile | IK_GE_BlockGame | RFK_L1_R4,OOPTeachers → OOPCourseCommunity → IK_GE_BlockGame → RF_GE_BloackGame → BLockGame
RFK_L4_R6,Level_Up,0.2075422635791185,0.16813304033599472,1.0,False,ReferenceKey,Level,0.36603381086329484,0.21617821036110338,0.25,4,indirect,0.2131556289874087,OOPCourseCommunity | Task_about_Inheritance | Arguments_and_parameters | Overloading | TaskJavaInheritance,RFK_L4_R6 → Task_about_Inheritance → Inheritance → Multi-level_inheritance → Level_Up
Expert,Level_Up,0.2463467320068274,0.1376751285857999,1.0,False,GamificationExperience,Level,0.39707738560546196,0.1948884548893668,0.2,5,indirect,0.21289885188047802,ObjectOrientedProgramming | Adam | Polymorphism | Overloading | Task_about_Java_Basics,Expert → Adam → ObjectOrientedProgramming → Polymorphism → Overloading → Level_Up
Audience_A,BLockGame,0.17641993929306027,0.17319756417913812,0.12935257077791257,False,Audience,Badge,0.16700646559003074,0.232412221690568,0.25,4,indirect,0.2128149228514403,ObjectOrientedProgramming | Java_Basics | Control_Statements | Task_about_Java_Basics | Loops,Audience_A → ObjectOrientedProgramming → Java_Basics → Control_Statements → BLockGame
InputPole,Tiny_stash,0.4167904835864552,0.33069563848477057,0.0415518252487452,False,Class,Reward,0.34174275191891323,0.10189130203804733,0.14285714285714285,7,indirect,0.21210601557999006,,N/A
PerceptionPole,Tiny_stash,0.4167904835864552,0.33069563848477057,0.0415518252487452,False,Class,Reward,0.34174275191891323,0.10189130203804733,0.14285714285714285,7,indirect,0.21210601557999006,,N/A
ReferenceKey1,Stash,0.20654155054633505,0.18000045485127983,0.9172442572270822,False,ReferenceKey,Reward,0.3486820918824845,0.2149120183815071,0.25,4,indirect,0.21198235463919687,OOPCourseCommunity | Buil-in_Data_Types | DataTypes | IK_GE_stash | Variables,ReferenceKey1 → Buil-in_Data_Types → Level_Up → Task_about_Java_Basics → Stash
RFK_L3_R1,Stash,0.17579996475426057,0.18025831452930538,0.9172442572270822,False,ReferenceKey,Reward,0.32408882324882493,0.23110739403706906,0.25,4,indirect,0.2117497937880861,JavaFunctions | OOPCourseCommunity | Functions | RFK_L1_R3 | IK_GE_stash,RFK_L3_R1 → JavaFunctions → RFK_L1_R3 → Functions → Stash
Competition,Level_Up,0.20713348347419386,0.1301238064950122,1.0,False,NamedIndividual,Level,0.3657067867793551,0.213590376561256,0.16666666666666666,6,indirect,0.21133046398078426,nil | Participation | _:b261 | _:b72 | Buil-in_Data_Types,Competition → _:b261 → nil → _:b72 → Participation → Buil-in_Data_Types → Level_Up
equal,Tiny_stash,0.41439484136796406,0.3244983795882194,0.0415518252487452,False,unknown,Reward,0.3398262381441203,0.10189130203804733,0.14285714285714285,7,indirect,0.21126754080351817,,N/A
Adam,BLockGame,0.16851790040234224,0.18887402757406324,0.12935257077791257,False,Teacher,Badge,0.1606848344774563,0.232412221690568,0.25,4,indirect,0.21004920923968898,ObjectOrientedProgramming | Java_Basics | Control_Statements | Task_about_Java_Basics | Loops,Adam → ObjectOrientedProgramming → Java_Basics → Control_Statements → BLockGame
LegalDocument,Stash,0.451042059264595,0.06762747674881985,0.9172442572270822,False,Class,Reward,0.5442824988570925,0.0796690798158251,0.1111111111111111,9,indirect,0.20964962262289455,,N/A
has_LearningPace,Tiny_stash,0.20094361766629687,0.16931362494159696,0.0415518252487452,False,DatatypeProperty,Reward,0.16906525918278656,0.21392481364706012,0.2,5,indirect,0.20938139505379297,Course | ObjectOrientedProgramming | Variables | Java_Basics | Strings,has_LearningPace → Course → ObjectOrientedProgramming → Java_Basics → Variables → Tiny_stash
has_Rating,Tiny_stash,0.20094361766629687,0.16931362494159696,0.0415518252487452,False,DatatypeProperty,Reward,0.16906525918278656,0.21392481364706012,0.2,5,indirect,0.20938139505379297,Course | ObjectOrientedProgramming | Variables | Java_Basics | Strings,has_Rating → Course → ObjectOrientedProgramming → Java_Basics → Variables → Tiny_stash
has_TotalEnrollment,Tiny_stash,0.20094361766629687,0.16931362494159696,0.0415518252487452,False,DatatypeProperty,Reward,0.16906525918278656,0.21392481364706012,0.2,5,indirect,0.20938139505379297,Course | ObjectOrientedProgramming | Variables | Java_Basics | Strings,has_TotalEnrollment → Course → ObjectOrientedProgramming → Java_Basics → Variables → Tiny_stash
has_TotalCompletionHours,Tiny_stash,0.20094361766629687,0.16931362494159696,0.0415518252487452,False,DatatypeProperty,Reward,0.16906525918278656,0.21392481364706012,0.2,5,indirect,0.20938139505379297,Course | ObjectOrientedProgramming | Variables | Java_Basics | Strings,has_TotalCompletionHours → Course → ObjectOrientedProgramming → Java_Basics → Variables → Tiny_stash
has_TeachingLanguage,Tiny_stash,0.20094359978490345,0.16931358913345218,0.0415518252487452,False,DatatypeProperty,Reward,0.16906524487767183,0.21392481364706012,0.2,5,indirect,0.20938138879530527,Course | ObjectOrientedProgramming | Variables | Java_Basics | Strings,has_TeachingLanguage → Course → ObjectOrientedProgramming → Java_Basics → Variables → Tiny_stash
has_TranslationLanguage,Tiny_stash,0.20094359978490345,0.16931358913345218,0.0415518252487452,False,DatatypeProperty,Reward,0.16906524487767183,0.21392481364706012,0.2,5,indirect,0.20938138879530527,Course | ObjectOrientedProgramming | Variables | Java_Basics | Strings,has_TranslationLanguage → Course → ObjectOrientedProgramming → Java_Basics → Variables → Tiny_stash
_:b173,Tiny_stash,0.20149973062469506,0.15516771628488762,0.0415518252487452,False,BuiltinAtom,Reward,0.1695101495495051,0.21358334245998534,0.16666666666666666,6,indirect,0.20935407831763375,nil | Participation | _:b72 | _:b172 | Buil-in_Data_Types,_:b173 → _:b172 → nil → _:b72 → Participation → Buil-in_Data_Types → Tiny_stash
_:b162,Tiny_stash,0.20149973062469506,0.15516771628488762,0.0415518252487452,False,BuiltinAtom,Reward,0.1695101495495051,0.21358334245998534,0.16666666666666666,6,indirect,0.20935407831763375,nil | Participation | _:b72 | _:b161 | Buil-in_Data_Types,_:b162 → _:b161 → nil → _:b72 → Participation → Buil-in_Data_Types → Tiny_stash
_:b70,Tiny_stash,0.20149973062469506,0.15516771628488762,0.0415518252487452,False,BuiltinAtom,Reward,0.1695101495495051,0.21355877017387367,0.2,5,indirect,0.20933810633166117,Participation | _:b72 | Buil-in_Data_Types | nil | _:b71,_:b70 → _:b71 → _:b72 → Participation → Buil-in_Data_Types → Tiny_stash
_:b72,Stash,0.261384198628754,0.1590734716352485,0.9172442572270822,False,List,Reward,0.3925562103484197,0.18128105678753362,0.2,5,indirect,0.20931715643196075,Participation | Buil-in_Data_Types | ObjectOrientedProgramming | Variables | Strings,_:b72 → Participation → Buil-in_Data_Types → Level_Up → Task_about_Java_Basics → Stash
_:b196,Tiny_stash,0.20105286278961398,0.15167897696312502,0.0415518252487452,False,List,Reward,0.16915265528144025,0.21358993202697496,0.16666666666666666,6,indirect,0.2092019577938986,nil | Participation | _:b197 | _:b72 | Buil-in_Data_Types,_:b196 → _:b197 → nil → _:b72 → Participation → Buil-in_Data_Types → Tiny_stash
determine iof the teacher's objective is behavioural objective,Level_Up,0.40833456860390094,0.16980141801559484,1.0,False,unknown,Level,0.5266676548831208,0.10189130203804733,0.14285714285714285,7,indirect,0.20914644533609608,,N/A
_:b104,Tiny_stash,0.20042377624458693,0.1520581445085993,0.0415518252487452,False,BuiltinAtom,Reward,0.1686493860454186,0.213590376561256,0.16666666666666666,6,indirect,0.20898206645042183,nil | Participation | _:b103 | _:b72 | Buil-in_Data_Types,_:b104 → _:b103 → nil → _:b72 → Participation → Buil-in_Data_Types → Tiny_stash
_:b195,Tiny_stash,0.20033465481474666,0.15209811226623218,0.0415518252487452,False,BuiltinAtom,Reward,0.16857808890154638,0.21358428382669814,0.16666666666666666,6,indirect,0.20894691367251514,nil | Participation | _:b72 | _:b194 | Buil-in_Data_Types,_:b195 → _:b194 → nil → _:b72 → Participation → Buil-in_Data_Types → Tiny_stash
_:b184,Tiny_stash,0.2003207386013966,0.1521043734634655,0.0415518252487452,False,BuiltinAtom,Reward,0.16856695593086635,0.21358334245998534,0.16666666666666666,6,indirect,0.20894143110947927,nil | Participation | _:b72 | _:b183 | Buil-in_Data_Types,_:b184 → _:b183 → nil → _:b72 → Participation → Buil-in_Data_Types → Tiny_stash
_:b81,Tiny_stash,0.2003207386013966,0.1521043734634655,0.0415518252487452,False,BuiltinAtom,Reward,0.16856695593086635,0.21358334245998534,0.16666666666666666,6,indirect,0.20894143110947927,nil | Participation | _:b72 | _:b80 | Buil-in_Data_Types,_:b81 → _:b80 → nil → _:b72 → Participation → Buil-in_Data_Types → Tiny_stash
_:b282,Tiny_stash,0.2003207386013966,0.1521043734634655,0.0415518252487452,False,BuiltinAtom,Reward,0.16856695593086635,0.21358334245998534,0.16666666666666666,6,indirect,0.20894143110947927,nil | Participation | _:b72 | _:b281 | Buil-in_Data_Types,_:b282 → _:b281 → nil → _:b72 → Participation → Buil-in_Data_Types → Tiny_stash
DataTypes,Stash,0.19575830525061716,0.18403182260490816,0.9172442572270822,False,IndexKey,Reward,0.3400554956459102,0.21499501554668582,0.25,4,indirect,0.20826216694306177,OOPCourseCommunity | JavaFunctions | ReferenceKey1 | IK_GE_stash | Functions,DataTypes → OOPCourseCommunity → IK_GE_stash → RF_GE_STash → Stash
Error2,Level_Up,0.42799319505351613,0.1917715983801069,1.0,False,Class,Level,0.542394556042813,0.08939130203804733,0.125,8,indirect,0.2079019645934614,,N/A
IK_GE_BlockGame,Stash,0.1810584766291082,0.18288234572981704,0.9172442572270822,False,IndexKey,Reward,0.328295632748703,0.22217529948754125,0.25,4,indirect,0.2077844114870897,OOPCourseCommunity | RF_GE_BloackGame | BLockGame | IK_GE_stash | Control_Statements,IK_GE_BlockGame → RF_GE_BloackGame → BLockGame → Control_Statements → Stash
_:b62,Level_Up,0.40374670360801695,0.0835636171354323,1.0,False,Restriction,Level,0.5229973628864135,0.10189130203804733,0.14285714285714285,7,indirect,0.20754069258753668,,N/A
JavaForWhile,Stash,0.1788904126704405,0.18272707245380151,0.9172442572270822,False,IndexKey,Reward,0.32656118158176883,0.22221885637591934,0.25,4,indirect,0.20705390107900173,OOPCourseCommunity | RFK_L1_R5 | Loops | IK_GE_stash | Control_Statements,JavaForWhile → RFK_L1_R5 → Loops → Control_Statements → Stash
e2,Level_Up,0.42536637011677597,0.16323025876302394,1.0,False,Variable,Level,0.5402930960934208,0.08939130203804733,0.125,8,indirect,0.20698257586560234,,N/A
e1,Level_Up,0.42532182646349703,0.16322876677285655,1.0,False,Variable,Level,0.5402574611707976,0.08939130203804733,0.125,8,indirect,0.20696698558695473,,N/A
_:b198,Tiny_stash,0.19455397699331115,0.15378114802833193,0.0415518252487452,False,DatavaluedPropertyAtom,Reward,0.16395354664439798,0.2135565658068212,0.16666666666666666,6,indirect,0.20690565972209268,nil | Participation | _:b72 | _:b190 | Buil-in_Data_Types,_:b198 → _:b190 → nil → _:b72 → Participation → Buil-in_Data_Types → Tiny_stash
_:b176,Tiny_stash,0.1944808009334966,0.15381551682351532,0.0415518252487452,False,DatavaluedPropertyAtom,Reward,0.16389500579654634,0.21355130984267473,0.16666666666666666,6,indirect,0.2068766317244624,nil | Participation | _:b72 | _:b168 | Buil-in_Data_Types,_:b176 → _:b168 → nil → _:b72 → Participation → Buil-in_Data_Types → Tiny_stash
_:b165,Tiny_stash,0.1944808009334966,0.15381551682351532,0.0415518252487452,False,DatavaluedPropertyAtom,Reward,0.16389500579654634,0.21355130984267473,0.16666666666666666,6,indirect,0.2068766317244624,nil | Participation | _:b72 | _:b157 | Buil-in_Data_Types,_:b165 → _:b157 → nil → _:b72 → Participation → Buil-in_Data_Types → Tiny_stash
_:b187,Tiny_stash,0.1944808009334966,0.15381551682351532,0.0415518252487452,False,DatavaluedPropertyAtom,Reward,0.16389500579654634,0.21355130984267473,0.16666666666666666,6,indirect,0.2068766317244624,nil | Participation | _:b72 | _:b179 | Buil-in_Data_Types,_:b187 → _:b179 → nil → _:b72 → Participation → Buil-in_Data_Types → Tiny_stash
_:b273,Stash,0.42475282049914986,0.16162878028517738,0.9172442572270822,False,DatavaluedPropertyAtom,Reward,0.5232511078447364,0.08939130203804733,0.125,8,indirect,0.2067678334994332,,N/A
_:b262,Tiny_stash,0.19374499969505354,0.15416166852333263,0.0415518252487452,False,ClassAtom,Reward,0.1633063648057919,0.21359016736865316,0.16666666666666666,6,indirect,0.2066443586828933,nil | Participation | _:b259 | _:b72 | Buil-in_Data_Types,_:b262 → _:b259 → nil → _:b72 → Participation → Buil-in_Data_Types → Tiny_stash
_:b215,Tiny_stash,0.19365188709942566,0.15420659963162492,0.0415518252487452,False,ClassAtom,Reward,0.1632318747292896,0.21358334245998534,0.16666666666666666,6,indirect,0.20660733308378942,nil | Participation | _:b72 | _:b214 | Buil-in_Data_Types,_:b215 → _:b214 → nil → _:b72 → Participation → Buil-in_Data_Types → Tiny_stash
_:b115,Tiny_stash,0.19365188709942566,0.15420659963162492,0.0415518252487452,False,ClassAtom,Reward,0.1632318747292896,0.21358334245998534,0.16666666666666666,6,indirect,0.20660733308378942,nil | Participation | _:b72 | _:b114 | Buil-in_Data_Types,_:b115 → _:b114 → nil → _:b72 → Participation → Buil-in_Data_Types → Tiny_stash
_:b133,Tiny_stash,0.19365188709942566,0.15420659963162492,0.0415518252487452,False,ClassAtom,Reward,0.1632318747292896,0.21358334245998534,0.16666666666666666,6,indirect,0.20660733308378942,nil | Participation | _:b72 | _:b132 | Buil-in_Data_Types,_:b133 → _:b132 → nil → _:b72 → Participation → Buil-in_Data_Types → Tiny_stash
_:b124,Tiny_stash,0.19365188709942566,0.15420659963162492,0.0415518252487452,False,ClassAtom,Reward,0.1632318747292896,0.21358334245998534,0.16666666666666666,6,indirect,0.20660733308378942,nil | Participation | _:b72 | _:b123 | Buil-in_Data_Types,_:b124 → _:b123 → nil → _:b72 → Participation → Buil-in_Data_Types → Tiny_stash
_:b226,Tiny_stash,0.19365188709942566,0.15420659963162492,0.0415518252487452,False,ClassAtom,Reward,0.1632318747292896,0.21358334245998534,0.16666666666666666,6,indirect,0.20660733308378942,nil | Participation | _:b72 | _:b225 | Buil-in_Data_Types,_:b226 → _:b225 → nil → _:b72 → Participation → Buil-in_Data_Types → Tiny_stash
_:b144,Tiny_stash,0.19365188709942566,0.15420659963162492,0.0415518252487452,False,ClassAtom,Reward,0.1632318747292896,0.21358334245998534,0.16666666666666666,6,indirect,0.20660733308378942,nil | Participation | _:b72 | _:b143 | Buil-in_Data_Types,_:b144 → _:b143 → nil → _:b72 → Participation → Buil-in_Data_Types → Tiny_stash
_:b206,Tiny_stash,0.1936518692180322,0.15420656149552456,0.0415518252487452,False,ClassAtom,Reward,0.16323186042417484,0.21358334245998534,0.16666666666666666,6,indirect,0.20660732682530175,nil | Participation | _:b72 | _:b205 | Buil-in_Data_Types,_:b206 → _:b205 → nil → _:b72 → Participation → Buil-in_Data_Types → Tiny_stash
TaskJavaInheritance,Stash,0.18310013812053622,0.18191158577729238,0.9172442572270822,False,IndexKey,Reward,0.3299289619418454,0.21923291628961883,0.25,4,indirect,0.20658644393043993,OOPCourseCommunity | JavaFunctions | JavaIf | IK_GE_stash | Functions,TaskJavaInheritance → OOPCourseCommunity → IK_GE_stash → RF_GE_STash → Stash
_:b233,Tiny_stash,0.1932883668677912,0.15438178877631795,0.0415518252487452,False,ClassAtom,Reward,0.16294105854398203,0.2135565658068212,0.16666666666666666,6,indirect,0.20646269617816068,nil | Participation | _:b72 | _:b231 | Buil-in_Data_Types,_:b233 → _:b231 → nil → _:b72 → Participation → Buil-in_Data_Types → Tiny_stash
_:b238,Tiny_stash,0.1932883668677912,0.15438178877631795,0.0415518252487452,False,ClassAtom,Reward,0.16294105854398203,0.2135565658068212,0.16666666666666666,6,indirect,0.20646269617816068,nil | Participation | _:b72 | _:b236 | Buil-in_Data_Types,_:b238 → _:b236 → nil → _:b72 → Participation → Buil-in_Data_Types → Tiny_stash
_:b234,Tiny_stash,0.1932883668677912,0.15438178877631795,0.0415518252487452,False,ClassAtom,Reward,0.16294105854398203,0.2135565658068212,0.16666666666666666,6,indirect,0.20646269617816068,nil | Participation | _:b72 | _:b232 | Buil-in_Data_Types,_:b234 → _:b232 → nil → _:b72 → Participation → Buil-in_Data_Types → Tiny_stash
_:b239,Tiny_stash,0.1932883668677912,0.15438178877631795,0.0415518252487452,False,ClassAtom,Reward,0.16294105854398203,0.2135565658068212,0.16666666666666666,6,indirect,0.20646269617816068,nil | Participation | _:b72 | _:b237 | Buil-in_Data_Types,_:b239 → _:b237 → nil → _:b72 → Participation → Buil-in_Data_Types → Tiny_stash
_:b243,Tiny_stash,0.1932172032138701,0.1544161183759651,0.0415518252487452,False,ClassAtom,Reward,0.16288412762084514,0.21355130984267473,0.16666666666666666,6,indirect,0.2064343725225931,nil | Participation | _:b72 | _:b241 | Buil-in_Data_Types,_:b243 → _:b241 → nil → _:b72 → Participation → Buil-in_Data_Types → Tiny_stash
_:b244,Tiny_stash,0.1932171734115477,0.15441605479695644,0.0415518252487452,False,ClassAtom,Reward,0.16288410377898724,0.21355130984267473,0.16666666666666666,6,indirect,0.2064343620917803,nil | Participation | _:b72 | _:b242 | Buil-in_Data_Types,_:b244 → _:b242 → nil → _:b72 → Participation → Buil-in_Data_Types → Tiny_stash
_:b154,Tiny_stash,0.19321715553015426,0.15441601664955248,0.0415518252487452,False,ClassAtom,Reward,0.16288408947387248,0.21355130984267473,0.16666666666666666,6,indirect,0.20643435583329256,nil | Participation | _:b72 | _:b150 | Buil-in_Data_Types,_:b154 → _:b150 → nil → _:b72 → Participation → Buil-in_Data_Types → Tiny_stash
_:b147,Tiny_stash,0.19285526105925338,0.1546359035236249,0.0415518252487452,False,ClassAtom,Reward,0.16259457389715176,0.21357377189840518,0.16666666666666666,6,indirect,0.20632229310470204,nil | Participation | _:b72 | _:b146 | Buil-in_Data_Types,_:b147 → _:b146 → nil → _:b72 → Participation → Buil-in_Data_Types → Tiny_stash
_:b136,Tiny_stash,0.19285526105925338,0.1546359035236249,0.0415518252487452,False,ClassAtom,Reward,0.16259457389715176,0.21357377189840518,0.16666666666666666,6,indirect,0.20632229310470204,nil | Participation | _:b72 | _:b135 | Buil-in_Data_Types,_:b136 → _:b135 → nil → _:b72 → Participation → Buil-in_Data_Types → Tiny_stash
_:b229,Tiny_stash,0.19285526105925338,0.1546359035236249,0.0415518252487452,False,ClassAtom,Reward,0.16259457389715176,0.21357377189840518,0.16666666666666666,6,indirect,0.20632229310470204,nil | Participation | _:b72 | _:b228 | Buil-in_Data_Types,_:b229 → _:b228 → nil → _:b72 → Participation → Buil-in_Data_Types → Tiny_stash
_:b218,Tiny_stash,0.19285526105925338,0.1546359035236249,0.0415518252487452,False,ClassAtom,Reward,0.16259457389715176,0.21357377189840518,0.16666666666666666,6,indirect,0.20632229310470204,nil | Participation | _:b72 | _:b217 | Buil-in_Data_Types,_:b218 → _:b217 → nil → _:b72 → Participation → Buil-in_Data_Types → Tiny_stash
_:b153,Tiny_stash,0.1928551776127507,0.15463572551174787,0.0415518252487452,False,ClassAtom,Reward,0.16259450713994963,0.21357377189840518,0.16666666666666666,6,indirect,0.20632226389842612,nil | Participation | _:b72 | _:b152 | Buil-in_Data_Types,_:b153 → _:b152 → nil → _:b72 → Participation → Buil-in_Data_Types → Tiny_stash
hasPart,Tiny_stash,0.4233226216288788,0.31465240593264493,0.0415518252487452,False,unknown,Reward,0.34696846235285206,0.08939130203804733,0.125,8,indirect,0.20626726389483835,,N/A
recognizing_the_properties_of_the_built-in_data_types,Stash,0.19744327848171875,0.16301975266822263,0.9172442572270822,False,PedagogicalObjective,Reward,0.3414034742307914,0.2109959982289377,0.25,4,indirect,0.20625254631741105,Buil-in_Data_Types | ObjectOrientedProgramming | Variables | Strings | Functions,recognizing_the_properties_of_the_built-in_data_types → Buil-in_Data_Types → Level_Up → Task_about_Java_Basics → Stash
PO1,Stash,0.19744327848171875,0.16301975266822263,0.9172442572270822,False,PedagogicalObjective,Reward,0.3414034742307914,0.2109959982289377,0.25,4,indirect,0.20625254631741105,Buil-in_Data_Types | ObjectOrientedProgramming | Variables | Strings | Functions,PO1 → Buil-in_Data_Types → Level_Up → Task_about_Java_Basics → Stash
effectively_use_the_built-in_data_types,Stash,0.19744327848171875,0.16301975266822263,0.9172442572270822,False,PedagogicalObjective,Reward,0.3414034742307914,0.2109959982289377,0.25,4,indirect,0.20625254631741105,Buil-in_Data_Types | ObjectOrientedProgramming | Variables | Strings | Functions,effectively_use_the_built-in_data_types → Buil-in_Data_Types → Level_Up → Task_about_Java_Basics → Stash
Beginner,Tiny_stash,0.15775022176011913,0.17631909269907714,0.0415518252487452,False,GamificationExperience,Reward,0.13451054245784436,0.23227459910697135,0.25,4,indirect,0.20619106703557305,Sara | Buil-in_Data_Types | Participation | PO1 | effectively_use_the_built-in_data_types,Beginner → Sara → PO1 → Buil-in_Data_Types → Tiny_stash
JavaVariables,Stash,0.1795607976415588,0.18231519753806752,0.9172442572270822,False,IndexKey,Reward,0.32709748955866347,0.22049272789482835,0.25,4,indirect,0.206166552306184,OOPCourseCommunity | RFK_L1_R1 | Variables | IK_GE_stash | Strings,JavaVariables → RFK_L1_R1 → Variables → Strings → Stash
UnderstandingPole,Level_Up,0.4544828288059766,0.18446699089591592,1.0,False,Class,Level,0.5635862630447813,0.07189130203804733,0.1,10,indirect,0.20579833640682257,,N/A
ProcessingPole,Level_Up,0.4544828288059766,0.18446699089591592,1.0,False,Class,Level,0.5635862630447813,0.07189130203804733,0.1,10,indirect,0.20579833640682257,,N/A
_:b116,Stash,0.4212526187977016,0.16010466216083852,0.9172442572270822,False,DatavaluedPropertyAtom,Reward,0.5204509464835778,0.08939130203804733,0.125,8,indirect,0.2055427629039263,,N/A
_:b125,Stash,0.4212526187977016,0.16010466216083852,0.9172442572270822,False,DatavaluedPropertyAtom,Reward,0.5204509464835778,0.08939130203804733,0.125,8,indirect,0.2055427629039263,,N/A
JavaClassAttributesFunctions,Stash,0.1795583249536566,0.18231602088877108,0.9172442572270822,False,IndexKey,Reward,0.3270955114083417,0.21923291628961883,0.25,4,indirect,0.20534680932203206,OOPCourseCommunity | JavaFunctions | JavaIf | IK_GE_stash | Functions,JavaClassAttributesFunctions → OOPCourseCommunity → IK_GE_stash → RF_GE_STash → Stash
_:b256,Tiny_stash,0.19439739914186666,0.1538140345752311,0.0415518252487452,False,ClassAtom,Reward,0.1638282843632424,0.211218420084823,0.16666666666666666,6,indirect,0.2053310627547883,o | Participation | _:b72 | _:b71 | Buil-in_Data_Types,_:b256 → o → _:b71 → _:b72 → Participation → Buil-in_Data_Types → Tiny_stash
JavaTryCatch,Stash,0.1794586348633247,0.18296055851289378,0.9172442572270822,False,IndexKey,Reward,0.3270157593360762,0.21923291628961883,0.25,4,indirect,0.2053119177904159,OOPCourseCommunity | JavaFunctions | JavaIf | IK_GE_stash | Functions,JavaTryCatch → OOPCourseCommunity → IK_GE_stash → RF_GE_STash → Stash
JavaArgumentsParameters,Stash,0.1794586348633247,0.18296055851289378,0.9172442572270822,False,IndexKey,Reward,0.3270157593360762,0.21923291628961883,0.25,4,indirect,0.2053119177904159,OOPCourseCommunity | JavaFunctions | JavaIf | IK_GE_stash | Functions,JavaArgumentsParameters → OOPCourseCommunity → IK_GE_stash → RF_GE_STash → Stash
JavaTaskEventHandlerListener,Stash,0.1794586348633247,0.18296055851289378,0.9172442572270822,False,IndexKey,Reward,0.3270157593360762,0.21923291628961883,0.25,4,indirect,0.2053119177904159,OOPCourseCommunity | JavaFunctions | JavaIf | IK_GE_stash | Functions,JavaTaskEventHandlerListener → OOPCourseCommunity → IK_GE_stash → RF_GE_STash → Stash
JavaFX,Stash,0.1794586348633247,0.18296055851289378,0.9172442572270822,False,IndexKey,Reward,0.3270157593360762,0.21923291628961883,0.25,4,indirect,0.2053119177904159,OOPCourseCommunity | JavaFunctions | JavaIf | IK_GE_stash | Functions,JavaFX → OOPCourseCommunity → IK_GE_stash → RF_GE_STash → Stash
JavaGUILinkedScreens,Stash,0.1794586348633247,0.18296055851289378,0.9172442572270822,False,IndexKey,Reward,0.3270157593360762,0.21923291628961883,0.25,4,indirect,0.2053119177904159,OOPCourseCommunity | JavaFunctions | JavaIf | IK_GE_stash | Functions,JavaGUILinkedScreens → OOPCourseCommunity → IK_GE_stash → RF_GE_STash → Stash
JavaOverloadedConstructors,Stash,0.1794586348633247,0.18296055851289378,0.9172442572270822,False,IndexKey,Reward,0.3270157593360762,0.21923291628961883,0.25,4,indirect,0.2053119177904159,OOPCourseCommunity | JavaFunctions | JavaIf | IK_GE_stash | Functions,JavaOverloadedConstructors → OOPCourseCommunity → IK_GE_stash → RF_GE_STash → Stash
JavaOverloading,Stash,0.1794586348633247,0.18296055851289378,0.9172442572270822,False,IndexKey,Reward,0.3270157593360762,0.21923291628961883,0.25,4,indirect,0.2053119177904159,OOPCourseCommunity | JavaFunctions | JavaIf | IK_GE_stash | Functions,JavaOverloading → OOPCourseCommunity → IK_GE_stash → RF_GE_STash → Stash
TaskJavaPolymorphism,Stash,0.1794586348633247,0.18296055851289378,0.9172442572270822,False,IndexKey,Reward,0.3270157593360762,0.21923291628961883,0.25,4,indirect,0.2053119177904159,OOPCourseCommunity | JavaFunctions | JavaIf | IK_GE_stash | Functions,TaskJavaPolymorphism → OOPCourseCommunity → IK_GE_stash → RF_GE_STash → Stash
TaskJavaExceptions,Stash,0.1794586348633247,0.18296055851289378,0.9172442572270822,False,IndexKey,Reward,0.3270157593360762,0.21923291628961883,0.25,4,indirect,0.2053119177904159,OOPCourseCommunity | JavaFunctions | JavaIf | IK_GE_stash | Functions,TaskJavaExceptions → OOPCourseCommunity → IK_GE_stash → RF_GE_STash → Stash
JavaArithmeticOperations,Stash,0.1794586348633247,0.18296055851289378,0.9172442572270822,False,IndexKey,Reward,0.3270157593360762,0.21923291628961883,0.25,4,indirect,0.2053119177904159,OOPCourseCommunity | JavaFunctions | JavaIf | IK_GE_stash | Functions,JavaArithmeticOperations → OOPCourseCommunity → IK_GE_stash → RF_GE_STash → Stash
JavaEvents,Stash,0.1794586348633247,0.18296055851289378,0.9172442572270822,False,IndexKey,Reward,0.3270157593360762,0.21923291628961883,0.25,4,indirect,0.2053119177904159,OOPCourseCommunity | JavaFunctions | JavaIf | IK_GE_stash | Functions,JavaEvents → OOPCourseCommunity → IK_GE_stash → RF_GE_STash → Stash
JavaExceptionTypes,Stash,0.1794586348633247,0.18296055851289378,0.9172442572270822,False,IndexKey,Reward,0.3270157593360762,0.21923291628961883,0.25,4,indirect,0.2053119177904159,OOPCourseCommunity | JavaFunctions | JavaIf | IK_GE_stash | Functions,JavaExceptionTypes → OOPCourseCommunity → IK_GE_stash → RF_GE_STash → Stash
JavaExceptions,Stash,0.1794586348633247,0.18296055851289378,0.9172442572270822,False,IndexKey,Reward,0.3270157593360762,0.21923291628961883,0.25,4,indirect,0.2053119177904159,OOPCourseCommunity | JavaFunctions | JavaIf | IK_GE_stash | Functions,JavaExceptions → OOPCourseCommunity → IK_GE_stash → RF_GE_STash → Stash
JavaGUIElements,Stash,0.1794586348633247,0.18296055851289378,0.9172442572270822,False,IndexKey,Reward,0.3270157593360762,0.21923291628961883,0.25,4,indirect,0.2053119177904159,OOPCourseCommunity | JavaFunctions | JavaIf | IK_GE_stash | Functions,JavaGUIElements → OOPCourseCommunity → IK_GE_stash → RF_GE_STash → Stash
JavaDelimiters,Stash,0.1794586348633247,0.18296055851289378,0.9172442572270822,False,IndexKey,Reward,0.3270157593360762,0.21923291628961883,0.25,4,indirect,0.2053119177904159,OOPCourseCommunity | JavaFunctions | JavaIf | IK_GE_stash | Functions,JavaDelimiters → OOPCourseCommunity → IK_GE_stash → RF_GE_STash → Stash
JavaFiles,Stash,0.1794586348633247,0.18296055851289378,0.9172442572270822,False,IndexKey,Reward,0.3270157593360762,0.21923291628961883,0.25,4,indirect,0.2053119177904159,OOPCourseCommunity | JavaFunctions | JavaIf | IK_GE_stash | Functions,JavaFiles → OOPCourseCommunity → IK_GE_stash → RF_GE_STash → Stash
TaskJavaGUI,Stash,0.1794586348633247,0.18296055851289378,0.9172442572270822,False,IndexKey,Reward,0.3270157593360762,0.21923291628961883,0.25,4,indirect,0.2053119177904159,OOPCourseCommunity | JavaFunctions | JavaIf | IK_GE_stash | Functions,TaskJavaGUI → OOPCourseCommunity → IK_GE_stash → RF_GE_STash → Stash
JavaIOStreams,Stash,0.1794586348633247,0.18296055851289378,0.9172442572270822,False,IndexKey,Reward,0.3270157593360762,0.21923291628961883,0.25,4,indirect,0.2053119177904159,OOPCourseCommunity | JavaFunctions | JavaIf | IK_GE_stash | Functions,JavaIOStreams → OOPCourseCommunity → IK_GE_stash → RF_GE_STash → Stash
JavaOverriding,Stash,0.1794586348633247,0.18296055851289378,0.9172442572270822,False,IndexKey,Reward,0.3270157593360762,0.21923291628961883,0.25,4,indirect,0.2053119177904159,OOPCourseCommunity | JavaFunctions | JavaIf | IK_GE_stash | Functions,JavaOverriding → OOPCourseCommunity → IK_GE_stash → RF_GE_STash → Stash
JavaEventListener,Stash,0.1794586348633247,0.18296055851289378,0.9172442572270822,False,IndexKey,Reward,0.3270157593360762,0.21923291628961883,0.25,4,indirect,0.2053119177904159,OOPCourseCommunity | JavaFunctions | JavaIf | IK_GE_stash | Functions,JavaEventListener → OOPCourseCommunity → IK_GE_stash → RF_GE_STash → Stash
JavaEventTypes,Stash,0.1794586348633247,0.18296055851289378,0.9172442572270822,False,IndexKey,Reward,0.3270157593360762,0.21923291628961883,0.25,4,indirect,0.2053119177904159,OOPCourseCommunity | JavaFunctions | JavaIf | IK_GE_stash | Functions,JavaEventTypes → OOPCourseCommunity → IK_GE_stash → RF_GE_STash → Stash
JavaArrays,Stash,0.17938598127274702,0.1827620125452023,0.9172442572270822,False,IndexKey,Reward,0.3269576364636141,0.21923291628961883,0.25,4,indirect,0.20528648903371371,OOPCourseCommunity | JavaFunctions | JavaIf | IK_GE_stash | Functions,JavaArrays → OOPCourseCommunity → IK_GE_stash → RF_GE_STash → Stash
Image,Level_Up,0.39724762173472283,0.07495490086534087,1.0,False,unknown,Level,0.5177980973877783,0.10189130203804733,0.14285714285714285,7,indirect,0.20526601393188373,,N/A
JavaInheritanceComposition,Stash,0.1793128504470221,0.18239785071217043,0.9172442572270822,False,IndexKey,Reward,0.32689913180303415,0.21923291628961883,0.25,4,indirect,0.20526089324470997,OOPCourseCommunity | JavaFunctions | JavaIf | IK_GE_stash | Functions,JavaInheritanceComposition → OOPCourseCommunity → IK_GE_stash → RF_GE_STash → Stash
JavaSingleInheritance,Stash,0.17922773290480568,0.18261166651253033,0.9172442572270822,False,IndexKey,Reward,0.32683103776926103,0.21923291628961883,0.25,4,indirect,0.20523110210493423,OOPCourseCommunity | JavaFunctions | JavaIf | IK_GE_stash | Functions,JavaSingleInheritance → OOPCourseCommunity → IK_GE_stash → RF_GE_STash → Stash
IK_GE_Motrain,Stash,0.17920041107315057,0.1826210005871129,0.9172442572270822,False,IndexKey,Reward,0.3268091803039369,0.21923291628961883,0.25,4,indirect,0.20522153946385496,OOPCourseCommunity | JavaFunctions | JavaIf | IK_GE_stash | Functions,IK_GE_Motrain → OOPCourseCommunity → IK_GE_stash → RF_GE_STash → Stash
JavaExtend,Stash,0.17919204921012313,0.18262385787993687,0.9172442572270822,False,IndexKey,Reward,0.326802490813515,0.21923291628961883,0.25,4,indirect,0.20521861281179535,OOPCourseCommunity | JavaFunctions | JavaIf | IK_GE_stash | Functions,JavaExtend → OOPCourseCommunity → IK_GE_stash → RF_GE_STash → Stash
JavaStaticFunctions,Stash,0.17919123402183437,0.1828298732157175,0.9172442572270822,False,IndexKey,Reward,0.3268018386628839,0.21923291628961883,0.25,4,indirect,0.20521832749589428,OOPCourseCommunity | JavaFunctions | JavaIf | IK_GE_stash | Functions,JavaStaticFunctions → OOPCourseCommunity → IK_GE_stash → RF_GE_STash → Stash
JavaParentClass,Stash,0.17918796369725498,0.1828310145451954,0.9172442572270822,False,IndexKey,Reward,0.32679922240322046,0.21923291628961883,0.25,4,indirect,0.20521718288229152,OOPCourseCommunity | JavaFunctions | JavaIf | IK_GE_stash | Functions,JavaParentClass → OOPCourseCommunity → IK_GE_stash → RF_GE_STash → Stash
TaskJavaClassesMethod,Stash,0.17918171541641698,0.18262738937636303,0.9172442572270822,False,IndexKey,Reward,0.32679422377855005,0.21923291628961883,0.25,4,indirect,0.2052149959839982,OOPCourseCommunity | JavaFunctions | JavaIf | IK_GE_stash | Functions,TaskJavaClassesMethod → OOPCourseCommunity → IK_GE_stash → RF_GE_STash → Stash
JavaStatic,Stash,0.17917767970613832,0.18262874035339902,0.9172442572270822,False,IndexKey,Reward,0.3267909952103271,0.21923291628961883,0.25,4,indirect,0.20521358348540067,OOPCourseCommunity | JavaFunctions | JavaIf | IK_GE_stash | Functions,JavaStatic → OOPCourseCommunity → IK_GE_stash → RF_GE_STash → Stash
JavaThis,Stash,0.17917573283245974,0.18262943407379306,0.9172442572270822,False,IndexKey,Reward,0.32678943771138425,0.21923291628961883,0.25,4,indirect,0.20521290207961318,OOPCourseCommunity | JavaFunctions | JavaIf | IK_GE_stash | Functions,JavaThis → OOPCourseCommunity → IK_GE_stash → RF_GE_STash → Stash
JavaConstructors,Stash,0.17917493536999032,0.18262970663726363,0.9172442572270822,False,IndexKey,Reward,0.32678879974140873,0.21923291628961883,0.25,4,indirect,0.20521262296774886,OOPCourseCommunity | JavaFunctions | JavaIf | IK_GE_stash | Functions,JavaConstructors → OOPCourseCommunity → IK_GE_stash → RF_GE_STash → Stash
TaskJavaClassesObjects,Stash,0.17916828332023177,0.18263195201687538,0.9172442572270822,False,IndexKey,Reward,0.3267834781016019,0.21923291628961883,0.25,4,indirect,0.20521029475033337,OOPCourseCommunity | JavaFunctions | JavaIf | IK_GE_stash | Functions,TaskJavaClassesObjects → OOPCourseCommunity → IK_GE_stash → RF_GE_STash → Stash
JavaAccessModifiers,Stash,0.1791655932486572,0.18263287154198096,0.9172442572270822,False,IndexKey,Reward,0.3267813260443422,0.21923291628961883,0.25,4,indirect,0.20520935322528228,OOPCourseCommunity | JavaFunctions | JavaIf | IK_GE_stash | Functions,JavaAccessModifiers → OOPCourseCommunity → IK_GE_stash → RF_GE_STash → Stash
JavaPackages,Stash,0.17916446630943456,0.1826332850761145,0.9172442572270822,False,IndexKey,Reward,0.32678042449296407,0.21923291628961883,0.25,4,indirect,0.20520895879655435,OOPCourseCommunity | JavaFunctions | JavaIf | IK_GE_stash | Functions,JavaPackages → OOPCourseCommunity → IK_GE_stash → RF_GE_STash → Stash
JavaArrayOfInstances,Stash,0.17916398441540068,0.18263344980324214,0.9172442572270822,False,IndexKey,Reward,0.326780038977737,0.21923291628961883,0.25,4,indirect,0.2052087901336425,OOPCourseCommunity | JavaFunctions | JavaIf | IK_GE_stash | Functions,JavaArrayOfInstances → OOPCourseCommunity → IK_GE_stash → RF_GE_STash → Stash
JavaClassInstance,Stash,0.1791637685118711,0.1826334952931873,0.9172442572270822,False,IndexKey,Reward,0.32677986625491334,0.21923291628961883,0.25,4,indirect,0.20520871456740714,OOPCourseCommunity | JavaFunctions | JavaIf | IK_GE_stash | Functions,JavaClassInstance → OOPCourseCommunity → IK_GE_stash → RF_GE_STash → Stash
Objective,Tiny_stash,0.4202685202722276,0.32735943070173273,0.0415518252487452,False,Class,Reward,0.3445251812675311,0.08939130203804733,0.125,8,indirect,0.20519832842001043,,N/A
JavaSuper,Stash,0.17884341675162185,0.18255498708997472,0.9172442572270822,False,IndexKey,Reward,0.32652358484671395,0.21923291628961883,0.25,4,indirect,0.20509659145131992,OOPCourseCommunity | JavaFunctions | JavaIf | IK_GE_stash | Functions,JavaSuper → OOPCourseCommunity → IK_GE_stash → RF_GE_STash → Stash
_:b174,Tiny_stash,0.18794509266795634,0.1669518143715014,0.0415518252487452,False,unknown,Reward,0.15866643918411413,0.21358985357974888,0.16666666666666666,6,indirect,0.2046141872606215,nil | Participation | _:b175 | _:b72 | Buil-in_Data_Types,_:b174 → _:b175 → nil → _:b72 → Participation → Buil-in_Data_Types → Tiny_stash
l1,Level_Up,0.187695904771532,0.14296427796034022,1.0,False,Variable,Level,0.3501567238172256,0.21359040271033136,0.16666666666666666,6,indirect,0.2045273284317516,nil | Participation | _:b106 | _:b72 | Buil-in_Data_Types,l1 → _:b106 → nil → _:b72 → Participation → Buil-in_Data_Types → Level_Up
RFK_L4_R3,Stash,0.17663198319149315,0.180122434592723,0.9172442572270822,False,ReferenceKey,Reward,0.324754437998611,0.21912881391517527,0.25,4,indirect,0.20425492316188654,OOPCourseCommunity | Multi-level_inheritance | Level_Up | JavaMultiInheritance | IK_GE_stash,RFK_L4_R3 → Multi-level_inheritance → Level_Up → Task_about_Java_Basics → Stash
Princeton_University,BLockGame,0.15022358858898877,0.18209935705637695,0.12935257077791257,False,EducationalInstitution,Badge,0.14604938502677353,0.232412221690568,0.25,4,indirect,0.20364620010501527,ObjectOrientedProgramming | Java_Basics | Control_Statements | Task_about_Java_Basics | Loops,Princeton_University → ObjectOrientedProgramming → Java_Basics → Control_Statements → BLockGame
RFK_GE_TinyStash,Stash,0.18212812034392484,0.18057748900102322,0.9172442572270822,False,ReferenceKey,Reward,0.3291513477205563,0.21487325237729238,0.25,4,indirect,0.20341245616561376,OOPCourseCommunity | Tiny_stash | IK_GE_stash | IK_GE_TinyStash | Variables,RFK_GE_TinyStash → Tiny_stash → Variables → Strings → Stash
IK_GE_TinyStash,Stash,0.18100505918705231,0.18290175140338435,0.9172442572270822,False,IndexKey,Reward,0.3282528987950583,0.2150015789646001,0.25,4,indirect,0.20310279704245837,OOPCourseCommunity | JavaFunctions | IK_GE_stash | Variables | Strings,IK_GE_TinyStash → OOPCourseCommunity → IK_GE_stash → RF_GE_STash → Stash
IK_GE_LevelUp,Stash,0.17887532852926707,0.1827322456268101,0.9172442572270822,False,IndexKey,Reward,0.32654911426883015,0.21576473537067467,0.25,4,indirect,0.20285344297618202,OOPCourseCommunity | JavaFunctions | IK_GE_stash | Functions | RFK_L1_R3,IK_GE_LevelUp → OOPCourseCommunity → IK_GE_stash → RF_GE_STash → Stash
e,Motrain,0.44569764142275325,0.09633652252830084,0.0,False,Variable,GameElementResource,0.3565581131382026,0.07189130203804733,0.1,10,indirect,0.2027235208226944,,N/A
LegalDocument,Tiny_stash,0.3899170796211469,0.30753694035925605,0.0415518252487452,False,Class,Reward,0.3202440287466666,0.10189130203804733,0.14285714285714285,7,indirect,0.2027003241921322,,N/A
bonus resource for lesson 4 Class Methods and Constructors,Level_Up,0.12456402337372041,0.16190906224112236,1.0,False,unknown,Level,0.2996512186989764,0.24469431163972633,0.25,4,indirect,0.20264871074662427,Multi-level_inheritance | Inheritance | Parent_classes | Super_Keyword | Single_level_inheritance,bonus resource for lesson 4 Class Methods and Constructors → Parent_classes → Inheritance → Multi-level_inheritance → Level_Up
ressource bonus pour la leçon 4 Méthodes et constructeurs de classe,Level_Up,0.12456402337372041,0.16190906224112236,1.0,False,unknown,Level,0.2996512186989764,0.24469431163972633,0.25,4,indirect,0.20264871074662427,Multi-level_inheritance | Inheritance | Parent_classes | Super_Keyword | Single_level_inheritance,ressource bonus pour la leçon 4 Méthodes et constructeurs de classe → Parent_classes → Inheritance → Multi-level_inheritance → Level_Up
JavaMultiInheritance,Stash,0.17864559205476227,0.18262149851998286,0.9172442572270822,False,IndexKey,Reward,0.3263653250892263,0.215022563597573,0.25,4,indirect,0.20229062355758923,OOPCourseCommunity | JavaFunctions | Multi-level_inheritance | IK_GE_stash | RFK_L4_R3,JavaMultiInheritance → OOPCourseCommunity → IK_GE_stash → RF_GE_STash → Stash
_:b221,Tiny_stash,0.18124288516723158,0.16490375370154933,0.0415518252487452,False,AtomList,Reward,0.15330467318353433,0.21357377189840518,0.16666666666666666,6,indirect,0.20225796154249442,nil | Participation | _:b72 | _:b228 | Buil-in_Data_Types,_:b221 → _:b228 → nil → _:b72 → Participation → Buil-in_Data_Types → Tiny_stash
_:b139,Tiny_stash,0.18124288516723158,0.16490375370154933,0.0415518252487452,False,AtomList,Reward,0.15330467318353433,0.21357377189840518,0.16666666666666666,6,indirect,0.20225796154249442,nil | Participation | _:b72 | _:b146 | Buil-in_Data_Types,_:b139 → _:b146 → nil → _:b72 → Participation → Buil-in_Data_Types → Tiny_stash
_:b149,Tiny_stash,0.18124288516723158,0.16490375370154933,0.0415518252487452,False,AtomList,Reward,0.15330467318353433,0.21357377189840518,0.16666666666666666,6,indirect,0.20225796154249442,nil | Participation | _:b72 | _:b152 | Buil-in_Data_Types,_:b149 → _:b152 → nil → _:b72 → Participation → Buil-in_Data_Types → Tiny_stash
_:b128,Tiny_stash,0.18124288516723158,0.16490375370154933,0.0415518252487452,False,AtomList,Reward,0.15330467318353433,0.21357377189840518,0.16666666666666666,6,indirect,0.20225796154249442,nil | Participation | _:b72 | _:b135 | Buil-in_Data_Types,_:b128 → _:b135 → nil → _:b72 → Participation → Buil-in_Data_Types → Tiny_stash
_:b210,Tiny_stash,0.18124288516723158,0.16490375370154933,0.0415518252487452,False,AtomList,Reward,0.15330467318353433,0.21357377189840518,0.16666666666666666,6,indirect,0.20225796154249442,nil | Participation | _:b72 | _:b217 | Buil-in_Data_Types,_:b210 → _:b217 → nil → _:b72 → Participation → Buil-in_Data_Types → Tiny_stash
_:b29,Level_Up,0.17935723667676592,0.14449615786545894,1.0,False,Restriction,Level,0.3434857893414127,0.21361775464315336,0.16666666666666666,6,indirect,0.20162657335491774,nil | _:b28 | Participation | _:b72 | Buil-in_Data_Types,_:b29 → _:b28 → nil → _:b72 → Participation → Buil-in_Data_Types → Level_Up
IK2,Stash,0.17520902472343075,0.18551668912894864,0.9172442572270822,False,IndexKey,Reward,0.32361607122416103,0.21576473537067467,0.25,4,indirect,0.2015702366441393,OOPCourseCommunity | JavaFunctions | IK_GE_stash | Functions | RFK_L1_R3,IK2 → OOPCourseCommunity → IK_GE_stash → RF_GE_STash → Stash
_:b35,Level_Up,0.17865923457734967,0.14500245023607766,1.0,False,Restriction,Level,0.34292738766187975,0.21361545352452205,0.16666666666666666,6,indirect,0.20138077689301173,nil | _:b34 | Participation | _:b72 | Buil-in_Data_Types,_:b35 → _:b34 → nil → _:b72 → Participation → Buil-in_Data_Types → Level_Up
_:b41,Level_Up,0.17864591303945904,0.14500747421512758,1.0,False,Restriction,Level,0.34291673043156723,0.21361445985965855,0.16666666666666666,6,indirect,0.20137546847258872,nil | _:b40 | Participation | _:b72 | Buil-in_Data_Types,_:b41 → _:b40 → nil → _:b72 → Participation → Buil-in_Data_Types → Level_Up
_:b47,Level_Up,0.17864025815609452,0.14500963021262386,1.0,False,Restriction,Level,0.34291220652487564,0.21361404147445284,0.16666666666666666,6,indirect,0.20137321731302743,nil | _:b46 | Participation | _:b72 | Buil-in_Data_Types,_:b47 → _:b46 → nil → _:b72 → Participation → Buil-in_Data_Types → Level_Up
_:b52,Level_Up,0.1786378480855052,0.1450105365685003,1.0,False,Restriction,Level,0.34291027846840416,0.21361388458000072,0.16666666666666666,6,indirect,0.2013722718069273,nil | _:b51 | Participation | _:b72 | Buil-in_Data_Types,_:b52 → _:b51 → nil → _:b72 → Participation → Buil-in_Data_Types → Level_Up
Sara_12,Tiny_stash,0.14376262144301552,0.1940052299297265,0.0415518252487452,False,UserAccount,Reward,0.12332046220416146,0.23227459910697135,0.25,4,indirect,0.2012954069245868,Sara | Buil-in_Data_Types | Participation | PO1 | effectively_use_the_built-in_data_types,Sara_12 → Sara → PO1 → Buil-in_Data_Types → Tiny_stash
Expert,Stash,0.19559931096086722,0.161260263207268,0.9172442572270822,False,GamificationExperience,Reward,0.33992830021411025,0.20348104727719415,0.2,5,indirect,0.20072243956647973,ObjectOrientedProgramming | Java_Basics | Adam | Functions | Control_Statements,Expert → Adam → ObjectOrientedProgramming → Java_Basics → Functions → Stash
BonusPointsLeaderboard,Level_Up,0.3829840784575483,0.10258498920528562,1.0,False,Class,Level,0.5063872627660386,0.10189130203804733,0.14285714285714285,7,indirect,0.20027377378487266,,N/A
BonusPoints,Level_Up,0.3828657680336284,0.1026255758080608,1.0,False,Class,Level,0.5062926144269027,0.10189130203804733,0.14285714285714285,7,indirect,0.2002323651365007,,N/A
SocialPointsLeaderboard,Level_Up,0.38258769720623376,0.10272117884200267,1.0,False,Class,Level,0.5060701577649871,0.10189130203804733,0.14285714285714285,7,indirect,0.20013504034691257,,N/A
Beginner,Stash,0.19391915177916147,0.16110278330514882,0.9172442572270822,False,GamificationExperience,Reward,0.33858417286874565,0.20348104727719415,0.2,5,indirect,0.20013438385288274,ObjectOrientedProgramming | Java_Basics | Sara | Functions | Control_Statements,Beginner → Sara → ObjectOrientedProgramming → Java_Basics → Functions → Stash
_:b257,Tiny_stash,0.17426996184563054,0.16797772590941398,0.0415518252487452,False,AtomList,Reward,0.1477263345262535,0.21359016736865316,0.16666666666666666,6,indirect,0.19982809543559524,nil | Participation | _:b259 | _:b72 | Buil-in_Data_Types,_:b257 → _:b259 → nil → _:b72 → Participation → Buil-in_Data_Types → Tiny_stash
_:b69,Tiny_stash,0.17398318743927452,0.17182914939254124,0.0415518252487452,False,AtomList,Reward,0.14749691500116868,0.21356214776277377,0.2,5,indirect,0.19970951164954903,Participation | _:b72 | Buil-in_Data_Types | nil | _:b71,_:b69 → nil → _:b72 → Participation → Buil-in_Data_Types → Tiny_stash
RF_GE_Motrain,Level_Up,0.2045876378621926,0.16987937025035135,1.0,False,ReferenceKey,Level,0.3636701102897541,0.19701595533399446,0.2,5,indirect,0.1996660442188638,OOPCourseCommunity | IK_GE_Motrain | LevelGE | DataTypes | ReferenceKey1,RF_GE_Motrain → IK_GE_Motrain → OOPCourseCommunity → IK2 → LevelGE → Level_Up
_:b102,Stash,0.42237503481529315,0.16018949647421227,0.9172442572270822,False,DatavaluedPropertyAtom,Reward,0.5213488792976511,0.0796690798158251,0.1111111111111111,9,indirect,0.1996161640656389,,N/A
_:b100,Stash,0.42237109310938836,0.16018928529392137,0.9172442572270822,False,DatavaluedPropertyAtom,Reward,0.5213457259329272,0.0796690798158251,0.1111111111111111,9,indirect,0.19961478446857223,,N/A
_:b101,Tiny_stash,0.17361526089832519,0.1683482375763774,0.0415518252487452,False,AtomList,Reward,0.1472025737684092,0.213590376561256,0.16666666666666666,6,indirect,0.19959908607923021,nil | Participation | _:b103 | _:b72 | Buil-in_Data_Types,_:b101 → _:b103 → nil → _:b72 → Participation → Buil-in_Data_Types → Tiny_stash
_:b192,Tiny_stash,0.17323245197337717,0.16848038688189618,0.0415518252487452,False,AtomList,Reward,0.14689632662845079,0.21358428382669814,0.16666666666666666,6,indirect,0.1994611426780358,nil | Participation | _:b72 | _:b194 | Buil-in_Data_Types,_:b192 → _:b194 → nil → _:b72 → Participation → Buil-in_Data_Types → Tiny_stash
_:b130,Tiny_stash,0.1731727938682957,0.16850099379380204,0.0415518252487452,False,AtomList,Reward,0.1468486001443856,0.21358334245998534,0.16666666666666666,6,indirect,0.19943965045289397,nil | Participation | _:b72 | _:b132 | Buil-in_Data_Types,_:b130 → _:b132 → nil → _:b72 → Participation → Buil-in_Data_Types → Tiny_stash
_:b112,Tiny_stash,0.1731727938682957,0.16850099379380204,0.0415518252487452,False,AtomList,Reward,0.1468486001443856,0.21358334245998534,0.16666666666666666,6,indirect,0.19943965045289397,nil | Participation | _:b72 | _:b114 | Buil-in_Data_Types,_:b112 → _:b114 → nil → _:b72 → Participation → Buil-in_Data_Types → Tiny_stash
_:b67,Tiny_stash,0.1731727938682957,0.16850099379380204,0.0415518252487452,False,AtomList,Reward,0.1468486001443856,0.21358334245998534,0.16666666666666666,6,indirect,0.19943965045289397,nil | Participation | _:b72 | _:b69 | Buil-in_Data_Types,_:b67 → _:b69 → nil → _:b72 → Participation → Buil-in_Data_Types → Tiny_stash
_:b279,Tiny_stash,0.1731727938682957,0.16850099379380204,0.0415518252487452,False,AtomList,Reward,0.1468486001443856,0.21358334245998534,0.16666666666666666,6,indirect,0.19943965045289397,nil | Participation | _:b72 | _:b281 | Buil-in_Data_Types,_:b279 → _:b281 → nil → _:b72 → Participation → Buil-in_Data_Types → Tiny_stash
_:b203,Tiny_stash,0.1731727938682957,0.16850099379380204,0.0415518252487452,False,AtomList,Reward,0.1468486001443856,0.21358334245998534,0.16666666666666666,6,indirect,0.19943965045289397,nil | Participation | _:b72 | _:b205 | Buil-in_Data_Types,_:b203 → _:b205 → nil → _:b72 → Participation → Buil-in_Data_Types → Tiny_stash
_:b170,Tiny_stash,0.1731727938682957,0.16850099379380204,0.0415518252487452,False,AtomList,Reward,0.1468486001443856,0.21358334245998534,0.16666666666666666,6,indirect,0.19943965045289397,nil | Participation | _:b72 | _:b172 | Buil-in_Data_Types,_:b170 → _:b172 → nil → _:b72 → Participation → Buil-in_Data_Types → Tiny_stash
_:b78,Tiny_stash,0.1731727938682957,0.16850099379380204,0.0415518252487452,False,AtomList,Reward,0.1468486001443856,0.21358334245998534,0.16666666666666666,6,indirect,0.19943965045289397,nil | Participation | _:b72 | _:b80 | Buil-in_Data_Types,_:b78 → _:b80 → nil → _:b72 → Participation → Buil-in_Data_Types → Tiny_stash
_:b223,Tiny_stash,0.1731727938682957,0.16850099379380204,0.0415518252487452,False,AtomList,Reward,0.1468486001443856,0.21358334245998534,0.16666666666666666,6,indirect,0.19943965045289397,nil | Participation | _:b72 | _:b225 | Buil-in_Data_Types,_:b223 → _:b225 → nil → _:b72 → Participation → Buil-in_Data_Types → Tiny_stash
_:b141,Tiny_stash,0.1731727938682957,0.16850099379380204,0.0415518252487452,False,AtomList,Reward,0.1468486001443856,0.21358334245998534,0.16666666666666666,6,indirect,0.19943965045289397,nil | Participation | _:b72 | _:b143 | Buil-in_Data_Types,_:b141 → _:b143 → nil → _:b72 → Participation → Buil-in_Data_Types → Tiny_stash
_:b212,Tiny_stash,0.1731727938682957,0.16850099379380204,0.0415518252487452,False,AtomList,Reward,0.1468486001443856,0.21358334245998534,0.16666666666666666,6,indirect,0.19943965045289397,nil | Participation | _:b72 | _:b214 | Buil-in_Data_Types,_:b212 → _:b214 → nil → _:b72 → Participation → Buil-in_Data_Types → Tiny_stash
_:b181,Tiny_stash,0.1731727938682957,0.16850099379380204,0.0415518252487452,False,AtomList,Reward,0.1468486001443856,0.21358334245998534,0.16666666666666666,6,indirect,0.19943965045289397,nil | Participation | _:b72 | _:b183 | Buil-in_Data_Types,_:b181 → _:b183 → nil → _:b72 → Participation → Buil-in_Data_Types → Tiny_stash
_:b159,Tiny_stash,0.1731727938682957,0.16850099379380204,0.0415518252487452,False,AtomList,Reward,0.1468486001443856,0.21358334245998534,0.16666666666666666,6,indirect,0.19943965045289397,nil | Participation | _:b72 | _:b161 | Buil-in_Data_Types,_:b159 → _:b161 → nil → _:b72 → Participation → Buil-in_Data_Types → Tiny_stash
_:b121,Tiny_stash,0.1731727938682957,0.16850099379380204,0.0415518252487452,False,AtomList,Reward,0.1468486001443856,0.21358334245998534,0.16666666666666666,6,indirect,0.19943965045289397,nil | Participation | _:b72 | _:b123 | Buil-in_Data_Types,_:b121 → _:b123 → nil → _:b72 → Participation → Buil-in_Data_Types → Tiny_stash
_:b270,Tiny_stash,0.1727615681749132,0.16879872647863325,0.0415518252487452,False,AtomList,Reward,0.14651961958967963,0.21358739556666545,0.16666666666666666,6,indirect,0.19929835597955214,nil | Participation | _:b72 | _:b272 | Buil-in_Data_Types,_:b270 → _:b272 → nil → _:b72 → Participation → Buil-in_Data_Types → Tiny_stash
_:b185,Tiny_stash,0.17257792406754285,0.16387960655087527,0.0415518252487452,False,unknown,Reward,0.14637270430378335,0.21358985357974888,0.16666666666666666,6,indirect,0.19923567825047678,nil | Participation | _:b186 | _:b72 | Buil-in_Data_Types,_:b185 → _:b186 → nil → _:b72 → Participation → Buil-in_Data_Types → Tiny_stash
_:b188,Tiny_stash,0.17229134180627478,0.165046107798081,0.0415518252487452,False,Imp,Reward,0.14614343849476888,0.2135565658068212,0.16666666666666666,6,indirect,0.19911373740662994,nil | Participation | _:b72 | _:b190 | Buil-in_Data_Types,_:b188 → _:b190 → nil → _:b72 → Participation → Buil-in_Data_Types → Tiny_stash
_:b37,Tiny_stash,0.17199728110023746,0.16416239180183304,0.0415518252487452,False,unknown,Reward,0.14590818992993904,0.21359126562981812,0.16666666666666666,6,indirect,0.1990333710444649,nil | Participation | _:b43 | _:b72 | Buil-in_Data_Types,_:b37 → _:b43 → nil → _:b72 → Participation → Buil-in_Data_Types → Tiny_stash
_:b105,Tiny_stash,0.17194455518582089,0.16418807929493776,0.0415518252487452,False,unknown,Reward,0.14586600919840575,0.21359040271033136,0.16666666666666666,6,indirect,0.1990143560767527,nil | Participation | _:b106 | _:b72 | Buil-in_Data_Types,_:b105 → _:b106 → nil → _:b72 → Participation → Buil-in_Data_Types → Tiny_stash
hasKnowledge,Stash,0.4202433604886222,0.19550948425781317,0.9172442572270822,False,TransitiveProperty,Reward,0.5196435398363142,0.0796690798158251,0.1111111111111111,9,indirect,0.19887007805130408,,N/A
_:b26,Tiny_stash,0.1709864676876678,0.164828252884662,0.0415518252487452,False,unknown,Reward,0.14509953919988328,0.21361775464315336,0.16666666666666666,6,indirect,0.1986968042087334,nil | _:b28 | Participation | _:b72 | Buil-in_Data_Types,_:b26 → _:b28 → nil → _:b72 → Participation → Buil-in_Data_Types → Tiny_stash
hasGamificationExperience,Stash,0.41967040808389894,0.19499799641838467,0.9172442572270822,False,ObjectProperty,Reward,0.5191851779125356,0.0796690798158251,0.1111111111111111,9,indirect,0.19866954470965092,,N/A
_:b53,Tiny_stash,0.17086920070968128,0.16480678058984094,0.0415518252487452,False,unknown,Reward,0.14500572561749409,0.21360530768328406,0.16666666666666666,6,indirect,0.19864767024252308,nil | _:b54 | Participation | _:b72 | Buil-in_Data_Types,_:b53 → _:b54 → nil → _:b72 → Participation → Buil-in_Data_Types → Tiny_stash
_:b19,Tiny_stash,0.17086920070968128,0.16480678058984094,0.0415518252487452,False,unknown,Reward,0.14500572561749409,0.21360530768328406,0.16666666666666666,6,indirect,0.19864767024252308,nil | _:b20 | Participation | _:b72 | Buil-in_Data_Types,_:b19 → _:b20 → nil → _:b72 → Participation → Buil-in_Data_Types → Tiny_stash
_:b32,Tiny_stash,0.17084051636310776,0.16489514897658614,0.0415518252487452,False,unknown,Reward,0.14498277814023527,0.21361545352452205,0.16666666666666666,6,indirect,0.19864422551802707,nil | _:b34 | Participation | _:b72 | Buil-in_Data_Types,_:b32 → _:b34 → nil → _:b72 → Participation → Buil-in_Data_Types → Tiny_stash
_:b38,Tiny_stash,0.17077856955017362,0.1649235543698953,0.0415518252487452,False,unknown,Reward,0.14493322068988795,0.21361445985965855,0.16666666666666666,6,indirect,0.19862189825133883,nil | _:b40 | Participation | _:b72 | Buil-in_Data_Types,_:b38 → _:b40 → nil → _:b72 → Participation → Buil-in_Data_Types → Tiny_stash
_:b44,Tiny_stash,0.17075224741113443,0.16493562598728742,0.0415518252487452,False,unknown,Reward,0.1449121629786566,0.21361404147445284,0.16666666666666666,6,indirect,0.1986124135522914,nil | _:b46 | Participation | _:b72 | Buil-in_Data_Types,_:b44 → _:b46 → nil → _:b72 → Participation → Buil-in_Data_Types → Tiny_stash
_:b49,Tiny_stash,0.17074105360419595,0.16494074694589614,0.0415518252487452,False,unknown,Reward,0.14490320793310582,0.21361388458000072,0.16666666666666666,6,indirect,0.19860839373846906,nil | _:b51 | Participation | _:b72 | Buil-in_Data_Types,_:b49 → _:b51 → nil → _:b72 → Participation → Buil-in_Data_Types → Tiny_stash
_:b21,Tiny_stash,0.17063186490778148,0.16491761681301223,0.0415518252487452,False,unknown,Reward,0.14481585697597424,0.21360148991828215,0.16666666666666666,6,indirect,0.19856212116460692,nil | Participation | _:b22 | _:b72 | Buil-in_Data_Types,_:b21 → _:b22 → nil → _:b72 → Participation → Buil-in_Data_Types → Tiny_stash
RFK_L4_R3,Tiny_stash,0.13444029649206515,0.19718710032283984,0.0415518252487452,False,ReferenceKey,Reward,0.11586260224340117,0.23235916521667144,0.25,4,indirect,0.19808756116305923,Multi-level_inheritance | Level_Up | Variables | 3.16.0 | Buil-in_Data_Types,RFK_L4_R3 → Multi-level_inheritance → Level_Up → Buil-in_Data_Types → Tiny_stash
_:b175,Stash,0.21917235064121687,0.15820278642225075,0.9172442572270822,False,unknown,Reward,0.35878673195838995,0.18453075969526675,0.16666666666666666,6,indirect,0.1966553165263493,ObjectOrientedProgramming | Expert | Java_Basics | Adam | Functions,_:b175 → Expert → Adam → ObjectOrientedProgramming → Java_Basics → Functions → Stash
_:b164,Stash,0.21917235064121687,0.15820278642225075,0.9172442572270822,False,unknown,Reward,0.35878673195838995,0.18452072965707678,0.16666666666666666,6,indirect,0.19664879700152582,ObjectOrientedProgramming | Beginner | Java_Basics | Sara | Functions,_:b164 → Beginner → Sara → ObjectOrientedProgramming → Java_Basics → Functions → Stash
RFK_L3_R6,Level_Up,0.21338703280357257,0.16947961472682213,1.0,False,ReferenceKey,Level,0.3707096262428581,0.18746228351424574,0.2,5,indirect,0.19653594576551014,OOPCourseCommunity | JavaStaticFunctions | LevelGE | IK_GE_LevelUp | Multi-level_inheritance,RFK_L3_R6 → JavaStaticFunctions → OOPCourseCommunity → IK2 → LevelGE → Level_Up
Adam_Phil,Level_Up,0.22102949036722705,0.1670375928961961,1.0,False,UserAccount,Level,0.37682359229378165,0.1830774162514557,0.2,5,indirect,0.1963606421919757,OOPCourseCommunity | ObjectOrientedProgramming | Adam | Overloading | OOPTeachers,Adam_Phil → Adam → ObjectOrientedProgramming → Polymorphism → Overloading → Level_Up
ReferenceKey1,BLockGame,0.14323809688306394,0.19038668340182668,0.12935257077791257,False,ReferenceKey,Badge,0.14046099166203369,0.22425875041388907,0.25,4,indirect,0.19590152167810027,OOPCourseCommunity | Task_about_Java_Basics | Buil-in_Data_Types | Level_Up | DataTypes,ReferenceKey1 → Buil-in_Data_Types → Level_Up → Task_about_Java_Basics → BLockGame
Princeton_University,Tiny_stash,0.15728320791487824,0.17912748529187308,0.0415518252487452,False,EducationalInstitution,Reward,0.13413693138165164,0.2166803141144001,0.25,4,indirect,0.19589132694456746,Sara | Buil-in_Data_Types | ObjectOrientedProgramming | Participation | Variables,Princeton_University → Sara → PO1 → Buil-in_Data_Types → Tiny_stash
IK2,Tiny_stash,0.14659031121429827,0.19627364180254891,0.0415518252487452,False,IndexKey,Reward,0.12558261402118767,0.2221475067560204,0.25,4,indirect,0.19570248831641768,OOPCourseCommunity | LevelGE | Level_Up | IK_GE_TinyStash | 3.16.0,IK2 → LevelGE → Level_Up → Buil-in_Data_Types → Tiny_stash
_:b164,Tiny_stash,0.19221203807374185,0.17058669978559404,0.0415518252487452,False,unknown,Reward,0.16207999550874255,0.19681855549718713,0.2,5,indirect,0.1952062743989813,Buil-in_Data_Types | Participation | Beginner | Sara | nil,_:b164 → Beginner → Sara → PO1 → Buil-in_Data_Types → Tiny_stash
RFK_L1_R1,BLockGame,0.1257690742411889,0.19293471764849435,0.12935257077791257,False,ReferenceKey,Badge,0.12648577354853363,0.23235273254413394,0.25,4,indirect,0.19504845213810318,Variables | Task_about_Java_Basics | Java_Basics | Control_Statements | Level_Up,RFK_L1_R1 → Variables → Level_Up → Task_about_Java_Basics → BLockGame
Lecturing,Stash,0.12254485431322926,0.15601192629552624,0.9172442572270822,False,NamedIndividual,Reward,0.28148473489599984,0.2333334710480634,0.25,4,indirect,0.19455745519087145,Buil-in_Data_Types | Variables | Strings | Level_Up | Task_about_Java_Basics,Lecturing → Buil-in_Data_Types → Level_Up → Task_about_Java_Basics → Stash
_:b48,Level_Up,0.15907317439296007,0.15013354133552492,1.0,False,Class,Level,0.32725853951436806,0.21359126562981812,0.16666666666666666,6,indirect,0.1945099336969178,nil | Participation | _:b43 | _:b72 | Buil-in_Data_Types,_:b48 → _:b43 → nil → _:b72 → Participation → Buil-in_Data_Types → Level_Up
has_URL,Stash,0.4068956056711591,0.18815021586735647,0.9172442572270822,False,DatatypeProperty,Reward,0.5089653359823438,0.0796690798158251,0.1111111111111111,9,indirect,0.194198363865192,,N/A
hasInputPole,Stash,0.4063197364794113,0.18761000104127243,0.9172442572270822,False,ObjectProperty,Reward,0.5085046406289455,0.0796690798158251,0.1111111111111111,9,indirect,0.19399680964808025,,N/A
hasProcessingPole,Stash,0.40631971859801785,0.18760999556282743,0.9172442572270822,False,ObjectProperty,Reward,0.5085046263238308,0.0796690798158251,0.1111111111111111,9,indirect,0.19399680338959255,,N/A
hasUnderstandingPole,Stash,0.40631971859801785,0.18760999556282743,0.9172442572270822,False,ObjectProperty,Reward,0.5085046263238308,0.0796690798158251,0.1111111111111111,9,indirect,0.19399680338959255,,N/A
hasPerceptionPole,Stash,0.40631971859801785,0.18760999556282743,0.9172442572270822,False,ObjectProperty,Reward,0.5085046263238308,0.0796690798158251,0.1111111111111111,9,indirect,0.19399680338959255,,N/A
_:b71,BLockGame,0.16294640438251018,0.16734740472392118,0.12935257077791257,False,List,Badge,0.15622763766159065,0.21060710700115928,0.16666666666666666,6,indirect,0.1939258610846321,Participation | _:b72 | Task_about_Java_Basics | Buil-in_Data_Types | Level_Up,_:b71 → _:b72 → Participation → Buil-in_Data_Types → Level_Up → Task_about_Java_Basics → BLockGame
RFK_L2_R1,Level_Up,0.2053123533554023,0.1691899482897787,1.0,False,ReferenceKey,Level,0.36424988268432185,0.18749202082383074,0.2,5,indirect,0.19372913720988078,OOPCourseCommunity | Class_attributes_and_functions | Classes_and_Objects | Java_Basics | JavaClassAttributesFunctions,RFK_L2_R1 → Class_attributes_and_functions → Classes_and_Objects → Java_Basics → Variables → Level_Up
effectively_use_the_built-in_data_types,BLockGame,0.1459393901668355,0.17690802237417147,0.12935257077791257,False,PedagogicalObjective,Badge,0.1426220262890509,0.21935779265170602,0.25,4,indirect,0.19366135178200133,Task_about_Java_Basics | Buil-in_Data_Types | Level_Up | ObjectOrientedProgramming | Control_Statements,effectively_use_the_built-in_data_types → Buil-in_Data_Types → Level_Up → Task_about_Java_Basics → BLockGame
recognizing_the_properties_of_the_built-in_data_types,BLockGame,0.1459393901668355,0.17690802237417147,0.12935257077791257,False,PedagogicalObjective,Badge,0.1426220262890509,0.21935779265170602,0.25,4,indirect,0.19366135178200133,Task_about_Java_Basics | Buil-in_Data_Types | Level_Up | ObjectOrientedProgramming | Control_Statements,recognizing_the_properties_of_the_built-in_data_types → Buil-in_Data_Types → Level_Up → Task_about_Java_Basics → BLockGame
PO1,BLockGame,0.1459393901668355,0.17690802237417147,0.12935257077791257,False,PedagogicalObjective,Badge,0.1426220262890509,0.21935779265170602,0.25,4,indirect,0.19366135178200133,Task_about_Java_Basics | Buil-in_Data_Types | Level_Up | ObjectOrientedProgramming | Control_Statements,PO1 → Buil-in_Data_Types → Level_Up → Task_about_Java_Basics → BLockGame
RFK_L3_R1,Level_Up,0.20454163047189935,0.16990495364002453,1.0,False,ReferenceKey,Level,0.3636333043775195,0.18757716511864145,0.2,5,indirect,0.19351472799228173,OOPCourseCommunity | JavaFunctions | LevelGE | IK_GE_LevelUp | Multi-level_inheritance,RFK_L3_R1 → JavaFunctions → OOPCourseCommunity → IK2 → LevelGE → Level_Up
RFK_L3_R5,Level_Up,0.20455458904800908,0.16989778186505483,1.0,False,ReferenceKey,Level,0.3636436712384073,0.1875152063373127,0.2,5,indirect,0.19347899028605642,OOPCourseCommunity | TaskJavaClassesMethod | LevelGE | IK_GE_LevelUp | Multi-level_inheritance,RFK_L3_R5 → TaskJavaClassesMethod → OOPCourseCommunity → IK2 → LevelGE → Level_Up
RFK_L3_R4,Level_Up,0.20454676348857373,0.16990210977576692,1.0,False,ReferenceKey,Level,0.363637410790859,0.18751475599212603,0.2,5,indirect,0.19347595861588274,OOPCourseCommunity | JavaStatic | LevelGE | IK_GE_LevelUp | Multi-level_inheritance,RFK_L3_R4 → JavaStatic → OOPCourseCommunity → IK2 → LevelGE → Level_Up
RFK_L3_R3,Level_Up,0.20454372081357083,0.1699038050107248,1.0,False,ReferenceKey,Level,0.3636349766508567,0.187514581664957,0.2,5,indirect,0.19347478036697185,OOPCourseCommunity | JavaThis | LevelGE | IK_GE_LevelUp | Multi-level_inheritance,RFK_L3_R3 → JavaThis → OOPCourseCommunity → IK2 → LevelGE → Level_Up
RFK_L3_R2,Level_Up,0.20454225142106525,0.16990465573445362,1.0,False,ReferenceKey,Level,0.36363380113685223,0.18751449450137248,0.2,5,indirect,0.19347420942326493,OOPCourseCommunity | JavaConstructors | LevelGE | IK_GE_LevelUp | Multi-level_inheritance,RFK_L3_R2 → JavaConstructors → OOPCourseCommunity → IK2 → LevelGE → Level_Up
RFK_L2_R6,Level_Up,0.20453037949644912,0.1699112383708734,1.0,False,ReferenceKey,Level,0.3636243035971593,0.1874637071861262,0.2,5,indirect,0.19343704249473923,OOPCourseCommunity | Task_about_Classes_and_Objects | Classes_and_Objects | Java_Basics | TaskJavaClassesObjects,RFK_L2_R6 → Task_about_Classes_and_Objects → Classes_and_Objects → Java_Basics → Variables → Level_Up
RFK_L2_R5,Level_Up,0.20452557801150634,0.16991391368927802,1.0,False,ReferenceKey,Level,0.3636204624092051,0.1874634311681086,0.2,5,indirect,0.1934351825632978,OOPCourseCommunity | Access_Modifiers | Classes_and_Objects | Java_Basics | JavaAccessModifiers,RFK_L2_R5 → Access_Modifiers → Classes_and_Objects → Java_Basics → Variables → Level_Up
RFK_L2_R4,Level_Up,0.20452355572130268,0.16991507253518837,1.0,False,ReferenceKey,Level,0.3636188445770422,0.18746331494999588,0.2,5,indirect,0.19343439921995326,OOPCourseCommunity | Packages | Classes_and_Objects | Java_Basics | JavaPackages,RFK_L2_R4 → Packages → Classes_and_Objects → Java_Basics → Variables → Level_Up
RFK_L2_R3,Level_Up,0.20452268260348686,0.1699155269901809,1.0,False,ReferenceKey,Level,0.36361814608278953,0.18746327136820362,0.2,5,indirect,0.19343406530055274,OOPCourseCommunity | Array_of_instances | Classes_and_Objects | Java_Basics | JavaArrayOfInstances,RFK_L2_R3 → Array_of_instances → Classes_and_Objects → Java_Basics → Variables → Level_Up
RFK_L2_R2,Level_Up,0.2045223301263624,0.1699157554308327,1.0,False,ReferenceKey,Level,0.3636178641010899,0.18746325684093954,0.2,5,indirect,0.19343393249083754,OOPCourseCommunity | Class_Instance | Classes_and_Objects | Java_Basics | JavaClassInstance,RFK_L2_R2 → Class_Instance → Classes_and_Objects → Java_Basics → Variables → Level_Up
JavafunctionTypes,Level_Up,0.13151996953000245,0.16576327741143537,1.0,False,IndexKey,Level,0.305215975624002,0.22668001937696503,0.25,4,indirect,0.19337400193052812,OOPCourseCommunity | LevelGE | DataTypes | ReferenceKey1 | IK_GE_LevelUp,JavafunctionTypes → OOPCourseCommunity → IK2 → LevelGE → Level_Up
lesson 6 for the course Object Oriented Programming,Level_Up,0.1198425084831313,0.15708659328541333,1.0,False,unknown,Level,0.29587400678650505,0.2327714053896528,0.25,4,indirect,0.1932462914723703,Graphical_User_Interface | Polymorphism | Overloading | Overriding | Overloaded_constructors,lesson 6 for the course Object Oriented Programming → Graphical_User_Interface → Polymorphism → Overloaded_constructors → Level_Up
leçon 6 du cours Programmation Orientée Objet,Level_Up,0.1198425084831313,0.15708659328541333,1.0,False,unknown,Level,0.29587400678650505,0.2327714053896528,0.25,4,indirect,0.1932462914723703,Graphical_User_Interface | Polymorphism | Overloading | Overriding | Overloaded_constructors,leçon 6 du cours Programmation Orientée Objet → Graphical_User_Interface → Polymorphism → Overloaded_constructors → Level_Up
RFK_L2_R7,Level_Up,0.20373263932935784,0.1703560513722529,1.0,False,ReferenceKey,Level,0.3629861114634863,0.18741713277746505,0.2,5,indirect,0.19312756007062754,OOPCourseCommunity | Classes_and_Objects | Java_Basics | Arrays | JavaArrays,RFK_L2_R7 → Arrays → Classes_and_Objects → Java_Basics → Variables → Level_Up
Error1,Tiny_stash,0.40345244762272925,0.3379961588523846,0.0415518252487452,False,Class,Reward,0.33107232314793245,0.0796690798158251,0.1111111111111111,9,indirect,0.19299325854824154,,N/A
_:b33,Level_Up,0.3620212974025344,0.07362047192028187,1.0,False,Restriction,Level,0.48961703792202754,0.10189130203804733,0.14285714285714285,7,indirect,0.1929368004156178,,N/A
_:b39,Level_Up,0.36195153952226256,0.07364609869013833,1.0,False,Restriction,Level,0.48956123161781007,0.10189130203804733,0.14285714285714285,7,indirect,0.19291238515752265,,N/A
_:b45,Level_Up,0.36192188949281867,0.07365702328514184,1.0,False,Restriction,Level,0.48953751159425496,0.10189130203804733,0.14285714285714285,7,indirect,0.1929020076472173,,N/A
isRelevantFor,Level_Up,0.3619192685314486,0.06794309456238443,1.0,False,ObjectProperty,Level,0.48953541482515894,0.10189130203804733,0.14285714285714285,7,indirect,0.19290109031073777,,N/A
hasRelevantGameElement,Level_Up,0.3619192446895907,0.06794305438542524,1.0,False,ObjectProperty,Level,0.4895353957516726,0.10189130203804733,0.14285714285714285,7,indirect,0.1929010819660875,,N/A
_:b50,Level_Up,0.36190927666607037,0.0736616632621332,1.0,False,Restriction,Level,0.4895274213328563,0.10189130203804733,0.14285714285714285,7,indirect,0.19289759315785537,,N/A
demo_GR1,Motrain,0.36185700243411223,0.13710700884760543,0.0,False,GamifiedResource,GameElementResource,0.2894856019472898,0.10189130203804733,0.14285714285714285,7,indirect,0.19287929717667004,,N/A
_:b27,Level_Up,0.3615187278158535,0.07403520113658434,1.0,False,Restriction,Level,0.4892149822526828,0.10189130203804733,0.14285714285714285,7,indirect,0.1927609010602795,,N/A
Tiny Stash,Stash,0.11637285916055076,0.15860631837966102,0.9172442572270822,False,unknown,Reward,0.27654713877385706,0.23333344925716729,0.25,4,indirect,0.1923972427233515,Tiny_stash | Variables | Task_about_Java_Basics | Level_Up | Strings,Tiny Stash → Tiny_stash → Variables → Strings → Stash
A companion plugin for block_stash. This allows you to create items and trades from the TinyMCE editor to be inserted into the activities in your course,Stash,0.11637285916055076,0.15860631837966102,0.9172442572270822,False,unknown,Reward,0.27654713877385706,0.23333344925716729,0.25,4,indirect,0.1923972427233515,Tiny_stash | Variables | Task_about_Java_Basics | Level_Up | Strings,A companion plugin for block_stash. This allows you to create items and trades from the TinyMCE editor to be inserted into the activities in your course → Tiny_stash → Variables → Strings → Stash
tiny_stash,Stash,0.11637285916055076,0.15860631837966102,0.9172442572270822,False,unknown,Reward,0.27654713877385706,0.23333344925716729,0.25,4,indirect,0.1923972427233515,Tiny_stash | Variables | Task_about_Java_Basics | Level_Up | Strings,tiny_stash → Tiny_stash → Variables → Strings → Stash
_:b60,Level_Up,0.40152143057581746,0.08067420438179158,1.0,False,Restriction,Level,0.5212171444606539,0.0796690798158251,0.1111111111111111,9,indirect,0.19231740258182242,,N/A
_:b258,Level_Up,0.35997071141608755,0.07110053144090435,1.0,False,BuiltinAtom,Level,0.4879765691328701,0.10189130203804733,0.14285714285714285,7,indirect,0.1922190953203614,,N/A
_:b82,Tiny_stash,0.2010469351266829,0.15168166967863425,0.0415518252487452,False,List,Reward,0.16914791315109537,0.1870038084970246,0.16666666666666666,6,indirect,0.191918902817405,Participation | _:b72 | Buil-in_Data_Types | nil | o,_:b82 → o → _:b71 → _:b72 → Participation → Buil-in_Data_Types → Tiny_stash
_:b283,Tiny_stash,0.2010469351266829,0.15168166967863425,0.0415518252487452,False,List,Reward,0.16914791315109537,0.1870038084970246,0.16666666666666666,6,indirect,0.191918902817405,Participation | _:b72 | Buil-in_Data_Types | nil | o,_:b283 → o → _:b71 → _:b72 → Participation → Buil-in_Data_Types → Tiny_stash
designedWithObjective,Level_Up,0.3587936280613741,0.07135712431620084,1.0,False,TransitiveProperty,Level,0.4870349024490993,0.10189130203804733,0.14285714285714285,7,indirect,0.19180711614621168,,N/A
TaskJavaInheritance,Tiny_stash,0.140650257120373,0.19615371351148886,0.0415518252487452,False,IndexKey,Reward,0.12083057074604743,0.21925457644037175,0.25,4,indirect,0.1917430646783722,OOPCourseCommunity | JavaVariables | DataTypes | RFK_L1_R1 | ReferenceKey1,TaskJavaInheritance → OOPCourseCommunity → IK_GE_TinyStash → RFK_GE_TinyStash → Tiny_stash
_:b260,Tiny_stash,0.20042097404967815,0.15205935282857277,0.0415518252487452,False,List,Reward,0.1686471442894916,0.18700418205524397,0.16666666666666666,6,indirect,0.19170005925329592,Participation | _:b72 | Buil-in_Data_Types | nil | o,_:b260 → o → _:b71 → _:b72 → Participation → Buil-in_Data_Types → Tiny_stash
IK_GE_LevelUp,Tiny_stash,0.13499688961897788,0.19068083536773978,0.0415518252487452,False,IndexKey,Reward,0.11630787674493134,0.2221475067560204,0.25,4,indirect,0.19164479075805552,OOPCourseCommunity | LevelGE | Level_Up | IK_GE_TinyStash | 3.16.0,IK_GE_LevelUp → LevelGE → Level_Up → Buil-in_Data_Types → Tiny_stash
IK_GE_stash,BLockGame,0.1346134053134542,0.19342599534898805,0.12935257077791257,False,IndexKey,Badge,0.13356123840634587,0.22217529948754125,0.25,4,indirect,0.19152863652661078,OOPCourseCommunity | RF_GE_STash | Stash | IK_GE_BlockGame | Control_Statements,IK_GE_stash → RF_GE_STash → Stash → Control_Statements → BLockGame
Explorer,Level_Up,0.11511473813480602,0.16173675466930518,1.0,False,unknown,Level,0.29209179050784484,0.23227459910697135,0.25,4,indirect,0.19126864776671348,Sara | Buil-in_Data_Types | Participation | PO1 | effectively_use_the_built-in_data_types,Explorer → Sara → Participation → Buil-in_Data_Types → Level_Up
Essential,Stash,0.11301238203504962,0.15835269846830916,0.9172442572270822,False,unknown,Reward,0.27385875707345614,0.2333334710480634,0.25,4,indirect,0.19122108989350856,Buil-in_Data_Types | Variables | Strings | Level_Up | Task_about_Java_Basics,Essential → Buil-in_Data_Types → Level_Up → Task_about_Java_Basics → Stash
Built-in Data Types,Stash,0.11301238203504962,0.15835269846830916,0.9172442572270822,False,unknown,Reward,0.27385875707345614,0.2333334710480634,0.25,4,indirect,0.19122108989350856,Buil-in_Data_Types | Variables | Strings | Level_Up | Task_about_Java_Basics,Built-in Data Types → Buil-in_Data_Types → Level_Up → Task_about_Java_Basics → Stash
lesson 2 for the course Object Oriented Programming,Stash,0.11399061673715942,0.1575765861451916,0.9172442572270822,False,unknown,Reward,0.274641344835144,0.2323456722937879,0.25,4,indirect,0.19092140284896794,Classes_and_Objects | Java_Basics | Functions | Control_Statements | Arithmetic_operations,lesson 2 for the course Object Oriented Programming → Classes_and_Objects → Java_Basics → Functions → Stash
IK_GE_BlockGame,Tiny_stash,0.13804275948706762,0.1972973865105103,0.0415518252487452,False,IndexKey,Reward,0.11874457263940315,0.21925457644037175,0.25,4,indirect,0.19083044050671533,OOPCourseCommunity | JavaVariables | DataTypes | RFK_L1_R1 | ReferenceKey1,IK_GE_BlockGame → OOPCourseCommunity → IK_GE_TinyStash → RFK_GE_TinyStash → Tiny_stash
RFK_L4_R3,BLockGame,0.12850556882312283,0.19261582356419457,0.12935257077791257,False,ReferenceKey,Badge,0.12867496921408078,0.22429640508240115,0.25,4,indirect,0.19076961239165374,OOPCourseCommunity | Multi-level_inheritance | Task_about_Java_Basics | Level_Up | JavaMultiInheritance,RFK_L4_R3 → Multi-level_inheritance → Level_Up → Task_about_Java_Basics → BLockGame
_:b175,Tiny_stash,0.19221203807374185,0.17058669978559404,0.0415518252487452,False,unknown,Reward,0.16207999550874255,0.1898833247105741,0.2,5,indirect,0.1906983743876828,nil | ObjectOrientedProgramming | Expert | Participation | Variables,_:b175 → nil → _:b72 → Participation → Buil-in_Data_Types → Tiny_stash
JavaArrays,Tiny_stash,0.13752974225537445,0.19738136406146875,0.0415518252487452,False,IndexKey,Reward,0.1183341588540486,0.21925457644037175,0.25,4,indirect,0.1906508844756227,OOPCourseCommunity | JavaVariables | DataTypes | RFK_L1_R1 | ReferenceKey1,JavaArrays → OOPCourseCommunity → IK_GE_TinyStash → RFK_GE_TinyStash → Tiny_stash
Overloading,bonusPoints,0.3966950370739708,0.07619759307164631,0.0,False,GamifiedResource,BonusPoints,0.31735602965917664,0.0796690798158251,0.1111111111111111,9,indirect,0.1906281648561761,,N/A
JavaStaticFunctions,Tiny_stash,0.13743836367140533,0.19743866034485857,0.0415518252487452,False,IndexKey,Reward,0.11826105598687331,0.21925457644037175,0.25,4,indirect,0.19061890197123352,OOPCourseCommunity | JavaVariables | DataTypes | RFK_L1_R1 | ReferenceKey1,JavaStaticFunctions → OOPCourseCommunity → IK_GE_TinyStash → RFK_GE_TinyStash → Tiny_stash
JavaParentClass,Tiny_stash,0.1374368290394564,0.19743962152190855,0.0415518252487452,False,IndexKey,Reward,0.11825982828131416,0.21925457644037175,0.25,4,indirect,0.19061836485005137,OOPCourseCommunity | JavaVariables | DataTypes | RFK_L1_R1 | ReferenceKey1,JavaParentClass → OOPCourseCommunity → IK_GE_TinyStash → RFK_GE_TinyStash → Tiny_stash
JavaOverriding,Tiny_stash,0.13725114278175857,0.19755603942390848,0.0415518252487452,False,IndexKey,Reward,0.1181112792751559,0.21925457644037175,0.25,4,indirect,0.19055337465985714,OOPCourseCommunity | JavaVariables | DataTypes | RFK_L1_R1 | ReferenceKey1,JavaOverriding → OOPCourseCommunity → IK_GE_TinyStash → RFK_GE_TinyStash → Tiny_stash
JavaEvents,Tiny_stash,0.13725114278175857,0.19755603942390848,0.0415518252487452,False,IndexKey,Reward,0.1181112792751559,0.21925457644037175,0.25,4,indirect,0.19055337465985714,OOPCourseCommunity | JavaVariables | DataTypes | RFK_L1_R1 | ReferenceKey1,JavaEvents → OOPCourseCommunity → IK_GE_TinyStash → RFK_GE_TinyStash → Tiny_stash
JavaExceptions,Tiny_stash,0.13725114278175857,0.19755603942390848,0.0415518252487452,False,IndexKey,Reward,0.1181112792751559,0.21925457644037175,0.25,4,indirect,0.19055337465985714,OOPCourseCommunity | JavaVariables | DataTypes | RFK_L1_R1 | ReferenceKey1,JavaExceptions → OOPCourseCommunity → IK_GE_TinyStash → RFK_GE_TinyStash → Tiny_stash
JavaExceptionTypes,Tiny_stash,0.13725114278175857,0.19755603942390848,0.0415518252487452,False,IndexKey,Reward,0.1181112792751559,0.21925457644037175,0.25,4,indirect,0.19055337465985714,OOPCourseCommunity | JavaVariables | DataTypes | RFK_L1_R1 | ReferenceKey1,JavaExceptionTypes → OOPCourseCommunity → IK_GE_TinyStash → RFK_GE_TinyStash → Tiny_stash
JavaOverloadedConstructors,Tiny_stash,0.13725114278175857,0.19755603942390848,0.0415518252487452,False,IndexKey,Reward,0.1181112792751559,0.21925457644037175,0.25,4,indirect,0.19055337465985714,OOPCourseCommunity | JavaVariables | DataTypes | RFK_L1_R1 | ReferenceKey1,JavaOverloadedConstructors → OOPCourseCommunity → IK_GE_TinyStash → RFK_GE_TinyStash → Tiny_stash
JavaGUIElements,Tiny_stash,0.13725114278175857,0.19755603942390848,0.0415518252487452,False,IndexKey,Reward,0.1181112792751559,0.21925457644037175,0.25,4,indirect,0.19055337465985714,OOPCourseCommunity | JavaVariables | DataTypes | RFK_L1_R1 | ReferenceKey1,JavaGUIElements → OOPCourseCommunity → IK_GE_TinyStash → RFK_GE_TinyStash → Tiny_stash
TaskJavaPolymorphism,Tiny_stash,0.13725114278175857,0.19755603942390848,0.0415518252487452,False,IndexKey,Reward,0.1181112792751559,0.21925457644037175,0.25,4,indirect,0.19055337465985714,OOPCourseCommunity | JavaVariables | DataTypes | RFK_L1_R1 | ReferenceKey1,TaskJavaPolymorphism → OOPCourseCommunity → IK_GE_TinyStash → RFK_GE_TinyStash → Tiny_stash
JavaGUILinkedScreens,Tiny_stash,0.13725114278175857,0.19755603942390848,0.0415518252487452,False,IndexKey,Reward,0.1181112792751559,0.21925457644037175,0.25,4,indirect,0.19055337465985714,OOPCourseCommunity | JavaVariables | DataTypes | RFK_L1_R1 | ReferenceKey1,JavaGUILinkedScreens → OOPCourseCommunity → IK_GE_TinyStash → RFK_GE_TinyStash → Tiny_stash
JavaTaskEventHandlerListener,Tiny_stash,0.13725114278175857,0.19755603942390848,0.0415518252487452,False,IndexKey,Reward,0.1181112792751559,0.21925457644037175,0.25,4,indirect,0.19055337465985714,OOPCourseCommunity | JavaVariables | DataTypes | RFK_L1_R1 | ReferenceKey1,JavaTaskEventHandlerListener → OOPCourseCommunity → IK_GE_TinyStash → RFK_GE_TinyStash → Tiny_stash
JavaArithmeticOperations,Tiny_stash,0.13725114278175857,0.19755603942390848,0.0415518252487452,False,IndexKey,Reward,0.1181112792751559,0.21925457644037175,0.25,4,indirect,0.19055337465985714,OOPCourseCommunity | JavaVariables | DataTypes | RFK_L1_R1 | ReferenceKey1,JavaArithmeticOperations → OOPCourseCommunity → IK_GE_TinyStash → RFK_GE_TinyStash → Tiny_stash
JavaOverloading,Tiny_stash,0.13725114278175857,0.19755603942390848,0.0415518252487452,False,IndexKey,Reward,0.1181112792751559,0.21925457644037175,0.25,4,indirect,0.19055337465985714,OOPCourseCommunity | JavaVariables | DataTypes | RFK_L1_R1 | ReferenceKey1,JavaOverloading → OOPCourseCommunity → IK_GE_TinyStash → RFK_GE_TinyStash → Tiny_stash
JavaDelimiters,Tiny_stash,0.13725114278175857,0.19755603942390848,0.0415518252487452,False,IndexKey,Reward,0.1181112792751559,0.21925457644037175,0.25,4,indirect,0.19055337465985714,OOPCourseCommunity | JavaVariables | DataTypes | RFK_L1_R1 | ReferenceKey1,JavaDelimiters → OOPCourseCommunity → IK_GE_TinyStash → RFK_GE_TinyStash → Tiny_stash
JavaEventListener,Tiny_stash,0.13725114278175857,0.19755603942390848,0.0415518252487452,False,IndexKey,Reward,0.1181112792751559,0.21925457644037175,0.25,4,indirect,0.19055337465985714,OOPCourseCommunity | JavaVariables | DataTypes | RFK_L1_R1 | ReferenceKey1,JavaEventListener → OOPCourseCommunity → IK_GE_TinyStash → RFK_GE_TinyStash → Tiny_stash
JavaFX,Tiny_stash,0.13725114278175857,0.19755603942390848,0.0415518252487452,False,IndexKey,Reward,0.1181112792751559,0.21925457644037175,0.25,4,indirect,0.19055337465985714,OOPCourseCommunity | JavaVariables | DataTypes | RFK_L1_R1 | ReferenceKey1,JavaFX → OOPCourseCommunity → IK_GE_TinyStash → RFK_GE_TinyStash → Tiny_stash
JavaFiles,Tiny_stash,0.13725114278175857,0.19755603942390848,0.0415518252487452,False,IndexKey,Reward,0.1181112792751559,0.21925457644037175,0.25,4,indirect,0.19055337465985714,OOPCourseCommunity | JavaVariables | DataTypes | RFK_L1_R1 | ReferenceKey1,JavaFiles → OOPCourseCommunity → IK_GE_TinyStash → RFK_GE_TinyStash → Tiny_stash
TaskJavaGUI,Tiny_stash,0.13725114278175857,0.19755603942390848,0.0415518252487452,False,IndexKey,Reward,0.1181112792751559,0.21925457644037175,0.25,4,indirect,0.19055337465985714,OOPCourseCommunity | JavaVariables | DataTypes | RFK_L1_R1 | ReferenceKey1,TaskJavaGUI → OOPCourseCommunity → IK_GE_TinyStash → RFK_GE_TinyStash → Tiny_stash
JavaIOStreams,Tiny_stash,0.13725114278175857,0.19755603942390848,0.0415518252487452,False,IndexKey,Reward,0.1181112792751559,0.21925457644037175,0.25,4,indirect,0.19055337465985714,OOPCourseCommunity | JavaVariables | DataTypes | RFK_L1_R1 | ReferenceKey1,JavaIOStreams → OOPCourseCommunity → IK_GE_TinyStash → RFK_GE_TinyStash → Tiny_stash
JavaArgumentsParameters,Tiny_stash,0.13725114278175857,0.19755603942390848,0.0415518252487452,False,IndexKey,Reward,0.1181112792751559,0.21925457644037175,0.25,4,indirect,0.19055337465985714,OOPCourseCommunity | JavaVariables | DataTypes | RFK_L1_R1 | ReferenceKey1,JavaArgumentsParameters → OOPCourseCommunity → IK_GE_TinyStash → RFK_GE_TinyStash → Tiny_stash
JavaTryCatch,Tiny_stash,0.13725114278175857,0.19755603942390848,0.0415518252487452,False,IndexKey,Reward,0.1181112792751559,0.21925457644037175,0.25,4,indirect,0.19055337465985714,OOPCourseCommunity | JavaVariables | DataTypes | RFK_L1_R1 | ReferenceKey1,JavaTryCatch → OOPCourseCommunity → IK_GE_TinyStash → RFK_GE_TinyStash → Tiny_stash
TaskJavaExceptions,Tiny_stash,0.13725114278175857,0.19755603942390848,0.0415518252487452,False,IndexKey,Reward,0.1181112792751559,0.21925457644037175,0.25,4,indirect,0.19055337465985714,OOPCourseCommunity | JavaVariables | DataTypes | RFK_L1_R1 | ReferenceKey1,TaskJavaExceptions → OOPCourseCommunity → IK_GE_TinyStash → RFK_GE_TinyStash → Tiny_stash
JavaEventTypes,Tiny_stash,0.13725114278175857,0.19755603942390848,0.0415518252487452,False,IndexKey,Reward,0.1181112792751559,0.21925457644037175,0.25,4,indirect,0.19055337465985714,OOPCourseCommunity | JavaVariables | DataTypes | RFK_L1_R1 | ReferenceKey1,JavaEventTypes → OOPCourseCommunity → IK_GE_TinyStash → RFK_GE_TinyStash → Tiny_stash
Lecturing,BLockGame,0.10170244132895098,0.16257164360035928,0.12935257077791257,False,NamedIndividual,Badge,0.10723246721874331,0.2383513696543264,0.25,4,indirect,0.190524244740445,Task_about_Java_Basics | Buil-in_Data_Types | Level_Up | Loops | 3.16.0,Lecturing → Buil-in_Data_Types → Level_Up → Task_about_Java_Basics → BLockGame
JavaSingleInheritance,Tiny_stash,0.13710184307473308,0.1974250145849203,0.0415518252487452,False,IndexKey,Reward,0.11799183950953551,0.21925457644037175,0.25,4,indirect,0.19050111976239822,OOPCourseCommunity | JavaVariables | DataTypes | RFK_L1_R1 | ReferenceKey1,JavaSingleInheritance → OOPCourseCommunity → IK_GE_TinyStash → RFK_GE_TinyStash → Tiny_stash
IK_GE_Motrain,Tiny_stash,0.13708900152765785,0.19743299155514293,0.0415518252487452,False,IndexKey,Reward,0.11798156627187532,0.21925457644037175,0.25,4,indirect,0.1904966252209219,OOPCourseCommunity | JavaVariables | DataTypes | RFK_L1_R1 | ReferenceKey1,IK_GE_Motrain → OOPCourseCommunity → IK_GE_TinyStash → RFK_GE_TinyStash → Tiny_stash
JavaExtend,Tiny_stash,0.13708507152631103,0.19743543284294374,0.0415518252487452,False,IndexKey,Reward,0.11797842227079787,0.21925457644037175,0.25,4,indirect,0.1904952497204505,OOPCourseCommunity | JavaVariables | DataTypes | RFK_L1_R1 | ReferenceKey1,JavaExtend → OOPCourseCommunity → IK_GE_TinyStash → RFK_GE_TinyStash → Tiny_stash
TaskJavaClassesMethod,Tiny_stash,0.1370802148398858,0.19743844980127218,0.0415518252487452,False,IndexKey,Reward,0.11797453692165769,0.21925457644037175,0.25,4,indirect,0.19049354988020167,OOPCourseCommunity | JavaVariables | DataTypes | RFK_L1_R1 | ReferenceKey1,TaskJavaClassesMethod → OOPCourseCommunity → IK_GE_TinyStash → RFK_GE_TinyStash → Tiny_stash
JavaStatic,Tiny_stash,0.137078323766734,0.19743962453612046,0.0415518252487452,False,IndexKey,Reward,0.11797302406313626,0.21925457644037175,0.25,4,indirect,0.19049288800459854,OOPCourseCommunity | JavaVariables | DataTypes | RFK_L1_R1 | ReferenceKey1,JavaStatic → OOPCourseCommunity → IK_GE_TinyStash → RFK_GE_TinyStash → Tiny_stash
JavaThis,Tiny_stash,0.13707740319215564,0.1974401963984021,0.0415518252487452,False,IndexKey,Reward,0.11797228760347356,0.21925457644037175,0.25,4,indirect,0.1904925658034961,OOPCourseCommunity | JavaVariables | DataTypes | RFK_L1_R1 | ReferenceKey1,JavaThis → OOPCourseCommunity → IK_GE_TinyStash → RFK_GE_TinyStash → Tiny_stash
JavaConstructors,Tiny_stash,0.1370770284099408,0.1974404292138974,0.0415518252487452,False,IndexKey,Reward,0.11797198777770168,0.21925457644037175,0.25,4,indirect,0.19049243462972093,OOPCourseCommunity | JavaVariables | DataTypes | RFK_L1_R1 | ReferenceKey1,JavaConstructors → OOPCourseCommunity → IK_GE_TinyStash → RFK_GE_TinyStash → Tiny_stash
TaskJavaClassesObjects,Tiny_stash,0.1370739077858011,0.19744236775742807,0.0415518252487452,False,IndexKey,Reward,0.11796949127838993,0.21925457644037175,0.25,4,indirect,0.19049134241127202,OOPCourseCommunity | JavaVariables | DataTypes | RFK_L1_R1 | ReferenceKey1,TaskJavaClassesObjects → OOPCourseCommunity → IK_GE_TinyStash → RFK_GE_TinyStash → Tiny_stash
JavaAccessModifiers,Tiny_stash,0.13707264356150844,0.19744315310101815,0.0415518252487452,False,IndexKey,Reward,0.1179684798989558,0.21925457644037175,0.25,4,indirect,0.1904908999327696,OOPCourseCommunity | JavaVariables | DataTypes | RFK_L1_R1 | ReferenceKey1,JavaAccessModifiers → OOPCourseCommunity → IK_GE_TinyStash → RFK_GE_TinyStash → Tiny_stash
JavaPackages,Tiny_stash,0.1370721083458855,0.1974434855805853,0.0415518252487452,False,IndexKey,Reward,0.11796805172645745,0.21925457644037175,0.25,4,indirect,0.19049071260730158,OOPCourseCommunity | JavaVariables | DataTypes | RFK_L1_R1 | ReferenceKey1,JavaPackages → OOPCourseCommunity → IK_GE_TinyStash → RFK_GE_TinyStash → Tiny_stash
JavaArrayOfInstances,Tiny_stash,0.13707188187674807,0.19744362626483444,0.0415518252487452,False,IndexKey,Reward,0.1179678705511475,0.21925457644037175,0.25,4,indirect,0.19049063334310345,OOPCourseCommunity | JavaVariables | DataTypes | RFK_L1_R1 | ReferenceKey1,JavaArrayOfInstances → OOPCourseCommunity → IK_GE_TinyStash → RFK_GE_TinyStash → Tiny_stash
JavaClassInstance,Tiny_stash,0.13707178601391792,0.19744368581552588,0.0415518252487452,False,IndexKey,Reward,0.11796779386088338,0.21925457644037175,0.25,4,indirect,0.19049059979111294,OOPCourseCommunity | JavaVariables | DataTypes | RFK_L1_R1 | ReferenceKey1,JavaClassInstance → OOPCourseCommunity → IK_GE_TinyStash → RFK_GE_TinyStash → Tiny_stash
JavaClassAttributesFunctions,Tiny_stash,0.1369043376274591,0.19734005651871114,0.0415518252487452,False,IndexKey,Reward,0.11783383515171632,0.21925457644037175,0.25,4,indirect,0.19043199285585233,OOPCourseCommunity | JavaVariables | DataTypes | RFK_L1_R1 | ReferenceKey1,JavaClassAttributesFunctions → OOPCourseCommunity → IK_GE_TinyStash → RFK_GE_TinyStash → Tiny_stash
RFK_L1_R3,Tiny_stash,0.13432812341837183,0.19725277571415278,0.0415518252487452,False,ReferenceKey,Reward,0.11577286378444651,0.22058827007890897,0.25,4,indirect,0.19039721874772098,OOPCourseCommunity | Variables | Functions | JavaFunctions | IK_GE_TinyStash,RFK_L1_R3 → Functions → Strings → Variables → Tiny_stash
JavaInheritanceComposition,Tiny_stash,0.13678875520946385,0.1974113128845271,0.0415518252487452,False,IndexKey,Reward,0.11774136921732012,0.21925457644037175,0.25,4,indirect,0.190391539009554,OOPCourseCommunity | JavaVariables | DataTypes | RFK_L1_R1 | ReferenceKey1,JavaInheritanceComposition → OOPCourseCommunity → IK_GE_TinyStash → RFK_GE_TinyStash → Tiny_stash
taskJavaBasics,Tiny_stash,0.13695351136934722,0.1975172671084044,0.0415518252487452,False,IndexKey,Reward,0.11787317414522681,0.21909943978719248,0.25,4,indirect,0.19034836484094667,OOPCourseCommunity | Buil-in_Data_Types | DataTypes | ReferenceKey1 | IK_GE_TinyStash,taskJavaBasics → OOPCourseCommunity → IK_GE_TinyStash → RFK_GE_TinyStash → Tiny_stash
JavaSuper,Tiny_stash,0.13656790804392563,0.19754750728321252,0.0415518252487452,False,IndexKey,Reward,0.11756469148488954,0.21925457644037175,0.25,4,indirect,0.1903142425016156,OOPCourseCommunity | JavaVariables | DataTypes | RFK_L1_R1 | ReferenceKey1,JavaSuper → OOPCourseCommunity → IK_GE_TinyStash → RFK_GE_TinyStash → Tiny_stash
JavaMultiInheritance,Tiny_stash,0.13647490395195144,0.1976048702200708,0.0415518252487452,False,IndexKey,Reward,0.1174902882113102,0.21914384963350475,0.25,4,indirect,0.1902097186449611,OOPCourseCommunity | Buil-in_Data_Types | DataTypes | ReferenceKey1 | Multi-level_inheritance,JavaMultiInheritance → OOPCourseCommunity → IK_GE_TinyStash → RFK_GE_TinyStash → Tiny_stash
lesson 3 for the course Object Oriented Programming,Level_Up,0.1237023817452378,0.1589894608225092,1.0,False,unknown,Level,0.2989619053961903,0.22563603622130285,0.25,4,indirect,0.18995925715468007,Class_Methods_and_Constructors | Multi-level_inheritance | Inheritance | Overloading | ObjectOrientedProgramming,lesson 3 for the course Object Oriented Programming → Class_Methods_and_Constructors → Inheritance → Multi-level_inheritance → Level_Up
leçon 3 du cours Programmation Orientée Objet,Level_Up,0.1237023817452378,0.1589894608225092,1.0,False,unknown,Level,0.2989619053961903,0.22563603622130285,0.25,4,indirect,0.18995925715468007,Class_Methods_and_Constructors | Multi-level_inheritance | Inheritance | Overloading | ObjectOrientedProgramming,leçon 3 du cours Programmation Orientée Objet → Class_Methods_and_Constructors → Inheritance → Multi-level_inheritance → Level_Up
offersCourse,Level_Up,0.1802183398156212,0.15685143127387777,1.0,False,TransitiveProperty,Level,0.34417467185249695,0.19510065463587767,0.2,5,indirect,0.18989184444878787,Course | ObjectOrientedProgramming | Polymorphism | Overloading | Task_about_Java_Basics,offersCourse → Course → ObjectOrientedProgramming → Polymorphism → Overloading → Level_Up
TaskJavaInheritance,BLockGame,0.13548465283451921,0.19280389428437764,0.12935257077791257,False,IndexKey,Badge,0.1342582364231979,0.21913718161928908,0.25,4,indirect,0.18985879654461962,OOPCourseCommunity | JavaIf | JavaForWhile | IK_GE_BlockGame | RFK_L1_R4,TaskJavaInheritance → OOPCourseCommunity → IK_GE_BlockGame → RF_GE_BloackGame → BLockGame
RFK_L1_R2,BLockGame,0.12777567777251558,0.1927578685602125,0.12935257077791257,False,ReferenceKey,Badge,0.12809105637359497,0.22322249524388998,0.25,4,indirect,0.18981610912890895,Strings | Control_Statements | Functions | Task_about_Java_Basics | Java_Basics,RFK_L1_R2 → Strings → Functions → Control_Statements → BLockGame
hasTargetAudience,Level_Up,0.17988217200834614,0.15686403855554248,1.0,False,ObjectProperty,Level,0.3439057376066769,0.19510065463587767,0.2,5,indirect,0.1897741857162416,Course | ObjectOrientedProgramming | Polymorphism | Overloading | Task_about_Java_Basics,hasTargetAudience → Course → ObjectOrientedProgramming → Polymorphism → Overloading → Level_Up
ge,bonusPoints,0.1053636713012173,0.15465533640715126,0.0,False,Variable,BonusPoints,0.08429093704097385,0.23522463537138066,0.3333333333333333,3,indirect,0.1897732979468235,,N/A
_:b5,Level_Up,0.37610481547414676,0.07429615458807874,1.0,False,Restriction,Level,0.5008838523793174,0.08939130203804733,0.125,8,indirect,0.18974103174068213,,N/A
_:b7,Level_Up,0.37610481547414676,0.07429615458807874,1.0,False,Restriction,Level,0.5008838523793174,0.08939130203804733,0.125,8,indirect,0.18974103174068213,,N/A
_:b6,Level_Up,0.37610481547414676,0.07429615458807874,1.0,False,Restriction,Level,0.5008838523793174,0.08939130203804733,0.125,8,indirect,0.18974103174068213,,N/A
Overriding,bonusPoints,0.39365997541598163,0.07527223590920551,0.0,False,GamifiedResource,BonusPoints,0.31492798033278535,0.0796690798158251,0.1111111111111111,9,indirect,0.18956589327587986,,N/A
IK_GE_TinyStash,BLockGame,0.134596357399611,0.19343818048339684,0.12935257077791257,False,IndexKey,Badge,0.13354760007527133,0.21913718161928908,0.25,4,indirect,0.18954789314240175,OOPCourseCommunity | JavaIf | JavaForWhile | IK_GE_BlockGame | RFK_L1_R4,IK_GE_TinyStash → OOPCourseCommunity → IK_GE_BlockGame → RF_GE_BloackGame → BLockGame
RFK_L1_R4,Tiny_stash,0.13428698636253783,0.1972769065420335,0.0415518252487452,False,ReferenceKey,Reward,0.1157399541397793,0.2190926410276,0.25,4,indirect,0.18941066189482825,OOPCourseCommunity | Variables | Control_Statements | JavaIf | IK_GE_TinyStash,RFK_L1_R4 → Control_Statements → Java_Basics → Variables → Tiny_stash
Essential,BLockGame,0.09846065601235884,0.16344205638932324,0.12935257077791257,False,unknown,Badge,0.1046390389654696,0.2383513696543264,0.25,4,indirect,0.18938961987963776,Task_about_Java_Basics | Buil-in_Data_Types | Level_Up | Loops | 3.16.0,Essential → Buil-in_Data_Types → Level_Up → Task_about_Java_Basics → BLockGame
Built-in Data Types,BLockGame,0.09846065601235884,0.16344205638932324,0.12935257077791257,False,unknown,Badge,0.1046390389654696,0.2383513696543264,0.25,4,indirect,0.18938961987963776,Task_about_Java_Basics | Buil-in_Data_Types | Level_Up | Loops | 3.16.0,Built-in Data Types → Buil-in_Data_Types → Level_Up → Task_about_Java_Basics → BLockGame
JavaArithmeticOperations,BLockGame,0.13386175654456492,0.1934689522875303,0.12935257077791257,False,IndexKey,Badge,0.13295991939123447,0.21913718161928908,0.25,4,indirect,0.1892907828431356,OOPCourseCommunity | JavaIf | JavaForWhile | IK_GE_BlockGame | RFK_L1_R4,JavaArithmeticOperations → OOPCourseCommunity → IK_GE_BlockGame → RF_GE_BloackGame → BLockGame
TaskJavaExceptions,BLockGame,0.13386175654456492,0.1934689522875303,0.12935257077791257,False,IndexKey,Badge,0.13295991939123447,0.21913718161928908,0.25,4,indirect,0.1892907828431356,OOPCourseCommunity | JavaIf | JavaForWhile | IK_GE_BlockGame | RFK_L1_R4,TaskJavaExceptions → OOPCourseCommunity → IK_GE_BlockGame → RF_GE_BloackGame → BLockGame
JavaExceptions,BLockGame,0.13386175654456492,0.1934689522875303,0.12935257077791257,False,IndexKey,Badge,0.13295991939123447,0.21913718161928908,0.25,4,indirect,0.1892907828431356,OOPCourseCommunity | JavaIf | JavaForWhile | IK_GE_BlockGame | RFK_L1_R4,JavaExceptions → OOPCourseCommunity → IK_GE_BlockGame → RF_GE_BloackGame → BLockGame
JavaGUILinkedScreens,BLockGame,0.13386175654456492,0.1934689522875303,0.12935257077791257,False,IndexKey,Badge,0.13295991939123447,0.21913718161928908,0.25,4,indirect,0.1892907828431356,OOPCourseCommunity | JavaIf | JavaForWhile | IK_GE_BlockGame | RFK_L1_R4,JavaGUILinkedScreens → OOPCourseCommunity → IK_GE_BlockGame → RF_GE_BloackGame → BLockGame
JavaOverriding,BLockGame,0.13386175654456492,0.1934689522875303,0.12935257077791257,False,IndexKey,Badge,0.13295991939123447,0.21913718161928908,0.25,4,indirect,0.1892907828431356,OOPCourseCommunity | JavaIf | JavaForWhile | IK_GE_BlockGame | RFK_L1_R4,JavaOverriding → OOPCourseCommunity → IK_GE_BlockGame → RF_GE_BloackGame → BLockGame
JavaTaskEventHandlerListener,BLockGame,0.13386175654456492,0.1934689522875303,0.12935257077791257,False,IndexKey,Badge,0.13295991939123447,0.21913718161928908,0.25,4,indirect,0.1892907828431356,OOPCourseCommunity | JavaIf | JavaForWhile | IK_GE_BlockGame | RFK_L1_R4,JavaTaskEventHandlerListener → OOPCourseCommunity → IK_GE_BlockGame → RF_GE_BloackGame → BLockGame
JavaEvents,BLockGame,0.13386175654456492,0.1934689522875303,0.12935257077791257,False,IndexKey,Badge,0.13295991939123447,0.21913718161928908,0.25,4,indirect,0.1892907828431356,OOPCourseCommunity | JavaIf | JavaForWhile | IK_GE_BlockGame | RFK_L1_R4,JavaEvents → OOPCourseCommunity → IK_GE_BlockGame → RF_GE_BloackGame → BLockGame
JavaFiles,BLockGame,0.13386175654456492,0.1934689522875303,0.12935257077791257,False,IndexKey,Badge,0.13295991939123447,0.21913718161928908,0.25,4,indirect,0.1892907828431356,OOPCourseCommunity | JavaIf | JavaForWhile | IK_GE_BlockGame | RFK_L1_R4,JavaFiles → OOPCourseCommunity → IK_GE_BlockGame → RF_GE_BloackGame → BLockGame
JavaArgumentsParameters,BLockGame,0.13386175654456492,0.1934689522875303,0.12935257077791257,False,IndexKey,Badge,0.13295991939123447,0.21913718161928908,0.25,4,indirect,0.1892907828431356,OOPCourseCommunity | JavaIf | JavaForWhile | IK_GE_BlockGame | RFK_L1_R4,JavaArgumentsParameters → OOPCourseCommunity → IK_GE_BlockGame → RF_GE_BloackGame → BLockGame
JavaTryCatch,BLockGame,0.13386175654456492,0.1934689522875303,0.12935257077791257,False,IndexKey,Badge,0.13295991939123447,0.21913718161928908,0.25,4,indirect,0.1892907828431356,OOPCourseCommunity | JavaIf | JavaForWhile | IK_GE_BlockGame | RFK_L1_R4,JavaTryCatch → OOPCourseCommunity → IK_GE_BlockGame → RF_GE_BloackGame → BLockGame
TaskJavaPolymorphism,BLockGame,0.13386175654456492,0.1934689522875303,0.12935257077791257,False,IndexKey,Badge,0.13295991939123447,0.21913718161928908,0.25,4,indirect,0.1892907828431356,OOPCourseCommunity | JavaIf | JavaForWhile | IK_GE_BlockGame | RFK_L1_R4,TaskJavaPolymorphism → OOPCourseCommunity → IK_GE_BlockGame → RF_GE_BloackGame → BLockGame
JavaDelimiters,BLockGame,0.13386175654456492,0.1934689522875303,0.12935257077791257,False,IndexKey,Badge,0.13295991939123447,0.21913718161928908,0.25,4,indirect,0.1892907828431356,OOPCourseCommunity | JavaIf | JavaForWhile | IK_GE_BlockGame | RFK_L1_R4,JavaDelimiters → OOPCourseCommunity → IK_GE_BlockGame → RF_GE_BloackGame → BLockGame
JavaFX,BLockGame,0.13386175654456492,0.1934689522875303,0.12935257077791257,False,IndexKey,Badge,0.13295991939123447,0.21913718161928908,0.25,4,indirect,0.1892907828431356,OOPCourseCommunity | JavaIf | JavaForWhile | IK_GE_BlockGame | RFK_L1_R4,JavaFX → OOPCourseCommunity → IK_GE_BlockGame → RF_GE_BloackGame → BLockGame
JavaEventTypes,BLockGame,0.13386175654456492,0.1934689522875303,0.12935257077791257,False,IndexKey,Badge,0.13295991939123447,0.21913718161928908,0.25,4,indirect,0.1892907828431356,OOPCourseCommunity | JavaIf | JavaForWhile | IK_GE_BlockGame | RFK_L1_R4,JavaEventTypes → OOPCourseCommunity → IK_GE_BlockGame → RF_GE_BloackGame → BLockGame
JavaExceptionTypes,BLockGame,0.13386175654456492,0.1934689522875303,0.12935257077791257,False,IndexKey,Badge,0.13295991939123447,0.21913718161928908,0.25,4,indirect,0.1892907828431356,OOPCourseCommunity | JavaIf | JavaForWhile | IK_GE_BlockGame | RFK_L1_R4,JavaExceptionTypes → OOPCourseCommunity → IK_GE_BlockGame → RF_GE_BloackGame → BLockGame
TaskJavaGUI,BLockGame,0.13386175654456492,0.1934689522875303,0.12935257077791257,False,IndexKey,Badge,0.13295991939123447,0.21913718161928908,0.25,4,indirect,0.1892907828431356,OOPCourseCommunity | JavaIf | JavaForWhile | IK_GE_BlockGame | RFK_L1_R4,TaskJavaGUI → OOPCourseCommunity → IK_GE_BlockGame → RF_GE_BloackGame → BLockGame
JavaOverloadedConstructors,BLockGame,0.13386175654456492,0.1934689522875303,0.12935257077791257,False,IndexKey,Badge,0.13295991939123447,0.21913718161928908,0.25,4,indirect,0.1892907828431356,OOPCourseCommunity | JavaIf | JavaForWhile | IK_GE_BlockGame | RFK_L1_R4,JavaOverloadedConstructors → OOPCourseCommunity → IK_GE_BlockGame → RF_GE_BloackGame → BLockGame
JavaGUIElements,BLockGame,0.13386175654456492,0.1934689522875303,0.12935257077791257,False,IndexKey,Badge,0.13295991939123447,0.21913718161928908,0.25,4,indirect,0.1892907828431356,OOPCourseCommunity | JavaIf | JavaForWhile | IK_GE_BlockGame | RFK_L1_R4,JavaGUIElements → OOPCourseCommunity → IK_GE_BlockGame → RF_GE_BloackGame → BLockGame
JavaOverloading,BLockGame,0.13386175654456492,0.1934689522875303,0.12935257077791257,False,IndexKey,Badge,0.13295991939123447,0.21913718161928908,0.25,4,indirect,0.1892907828431356,OOPCourseCommunity | JavaIf | JavaForWhile | IK_GE_BlockGame | RFK_L1_R4,JavaOverloading → OOPCourseCommunity → IK_GE_BlockGame → RF_GE_BloackGame → BLockGame
JavaEventListener,BLockGame,0.13386175654456492,0.1934689522875303,0.12935257077791257,False,IndexKey,Badge,0.13295991939123447,0.21913718161928908,0.25,4,indirect,0.1892907828431356,OOPCourseCommunity | JavaIf | JavaForWhile | IK_GE_BlockGame | RFK_L1_R4,JavaEventListener → OOPCourseCommunity → IK_GE_BlockGame → RF_GE_BloackGame → BLockGame
JavaIOStreams,BLockGame,0.13386175654456492,0.1934689522875303,0.12935257077791257,False,IndexKey,Badge,0.13295991939123447,0.21913718161928908,0.25,4,indirect,0.1892907828431356,OOPCourseCommunity | JavaIf | JavaForWhile | IK_GE_BlockGame | RFK_L1_R4,JavaIOStreams → OOPCourseCommunity → IK_GE_BlockGame → RF_GE_BloackGame → BLockGame
_:b84,Tiny_stash,0.19321718533247664,0.1544160802285596,0.0415518252487452,False,ClassAtom,Reward,0.16288411331573038,0.18697627725625732,0.16666666666666666,6,indirect,0.1891605950829341,Participation | _:b72 | Buil-in_Data_Types | nil | o,_:b84 → _:b76 → nil → _:b72 → Participation → Buil-in_Data_Types → Tiny_stash
_:b73,Tiny_stash,0.19321718533247664,0.1544160802285596,0.0415518252487452,False,ClassAtom,Reward,0.16288411331573038,0.18697627725625732,0.16666666666666666,6,indirect,0.1891605950829341,Participation | _:b72 | Buil-in_Data_Types | nil | o,_:b73 → o → _:b71 → _:b72 → Participation → Buil-in_Data_Types → Tiny_stash
_:b285,Tiny_stash,0.19321718533247664,0.1544160802285596,0.0415518252487452,False,ClassAtom,Reward,0.16288411331573038,0.18697627725625732,0.16666666666666666,6,indirect,0.1891605950829341,Participation | _:b72 | Buil-in_Data_Types | nil | o,_:b285 → o → _:b71 → _:b72 → Participation → Buil-in_Data_Types → Tiny_stash
JavaArrays,BLockGame,0.13338469732982175,0.193328664453758,0.12935257077791257,False,IndexKey,Badge,0.13257827201943992,0.21913718161928908,0.25,4,indirect,0.18912381211797552,OOPCourseCommunity | JavaIf | JavaForWhile | IK_GE_BlockGame | RFK_L1_R4,JavaArrays → OOPCourseCommunity → IK_GE_BlockGame → RF_GE_BloackGame → BLockGame
JavaStaticFunctions,BLockGame,0.13332245113231705,0.19337260446842797,0.12935257077791257,False,IndexKey,Badge,0.13252847506143617,0.21913718161928908,0.25,4,indirect,0.18910202594884887,OOPCourseCommunity | JavaIf | JavaForWhile | IK_GE_BlockGame | RFK_L1_R4,JavaStaticFunctions → OOPCourseCommunity → IK_GE_BlockGame → RF_GE_BloackGame → BLockGame
JavaParentClass,BLockGame,0.13332141801483915,0.19337336714786174,0.12935257077791257,False,IndexKey,Badge,0.13252764856745386,0.21913718161928908,0.25,4,indirect,0.1891016643577316,OOPCourseCommunity | JavaIf | JavaForWhile | IK_GE_BlockGame | RFK_L1_R4,JavaParentClass → OOPCourseCommunity → IK_GE_BlockGame → RF_GE_BloackGame → BLockGame
offersCourse,Stash,0.16184686083873717,0.15959451897582816,0.9172442572270822,False,TransitiveProperty,Reward,0.3129263401164062,0.2037286136481235,0.2,5,indirect,0.18907000016483827,Course | ObjectOrientedProgramming | Java_Basics | Functions | Control_Statements,offersCourse → Course → ObjectOrientedProgramming → Java_Basics → Functions → Stash
hasTargetAudience,Stash,0.16152437971895875,0.1595826051102943,0.9172442572270822,False,ObjectProperty,Reward,0.31266835522058345,0.2037286136481235,0.2,5,indirect,0.18895713177291584,Course | ObjectOrientedProgramming | Java_Basics | Functions | Control_Statements,hasTargetAudience → Course → ObjectOrientedProgramming → Java_Basics → Functions → Stash
_:b235,Tiny_stash,0.17229134180627478,0.165046107798081,0.0415518252487452,False,Imp,Reward,0.14614343849476888,0.19780280694261151,0.16666666666666666,6,indirect,0.18887379414489366,nil | Participation | _:b72 | Buil-in_Data_Types | _:b236,_:b235 → _:b236 → nil → _:b72 → Participation → Buil-in_Data_Types → Tiny_stash
_:b230,Tiny_stash,0.17229134180627478,0.165046107798081,0.0415518252487452,False,Imp,Reward,0.14614343849476888,0.19780280694261151,0.16666666666666666,6,indirect,0.18887379414489366,nil | Participation | _:b72 | Buil-in_Data_Types | _:b231,_:b230 → _:b231 → nil → _:b72 → Participation → Buil-in_Data_Types → Tiny_stash
JavaSingleInheritance,BLockGame,0.13154752789742508,0.19326825353339683,0.12935257077791257,False,IndexKey,Badge,0.13110853647352258,0.21913718161928908,0.25,4,indirect,0.18848080281663668,OOPCourseCommunity | JavaIf | JavaForWhile | IK_GE_BlockGame | RFK_L1_R4,JavaSingleInheritance → OOPCourseCommunity → IK_GE_BlockGame → RF_GE_BloackGame → BLockGame
IK_GE_Motrain,BLockGame,0.13153876191674982,0.1932743162315767,0.12935257077791257,False,IndexKey,Badge,0.13110152368898237,0.21913718161928908,0.25,4,indirect,0.18847773472340032,OOPCourseCommunity | JavaIf | JavaForWhile | IK_GE_BlockGame | RFK_L1_R4,IK_GE_Motrain → OOPCourseCommunity → IK_GE_BlockGame → RF_GE_BloackGame → BLockGame
JavaStrings,BLockGame,0.1315233484467761,0.1932850109701776,0.12935257077791257,False,IndexKey,Badge,0.13108919291300342,0.21914457599670908,0.25,4,indirect,0.18847714635423254,OOPCourseCommunity | Control_Statements | JavaIf | IK_GE_BlockGame | Strings,JavaStrings → OOPCourseCommunity → IK_GE_BlockGame → RF_GE_BloackGame → BLockGame
JavaExtend,BLockGame,0.13153607936097816,0.19327617156044277,0.12935257077791257,False,IndexKey,Badge,0.13109937764436505,0.21913718161928908,0.25,4,indirect,0.18847679582888024,OOPCourseCommunity | JavaIf | JavaForWhile | IK_GE_BlockGame | RFK_L1_R4,JavaExtend → OOPCourseCommunity → IK_GE_BlockGame → RF_GE_BloackGame → BLockGame
TaskJavaClassesMethod,BLockGame,0.1315327643732582,0.19327846431505116,0.12935257077791257,False,IndexKey,Badge,0.13109672565418906,0.21913718161928908,0.25,4,indirect,0.18847563558317826,OOPCourseCommunity | JavaIf | JavaForWhile | IK_GE_BlockGame | RFK_L1_R4,TaskJavaClassesMethod → OOPCourseCommunity → IK_GE_BlockGame → RF_GE_BloackGame → BLockGame
JavaStatic,BLockGame,0.13153147363176554,0.19327935703988716,0.12935257077791257,False,IndexKey,Badge,0.13109569306099494,0.21913718161928908,0.25,4,indirect,0.18847518382365583,OOPCourseCommunity | JavaIf | JavaForWhile | IK_GE_BlockGame | RFK_L1_R4,JavaStatic → OOPCourseCommunity → IK_GE_BlockGame → RF_GE_BloackGame → BLockGame
JavaThis,BLockGame,0.13153084530525255,0.19327979161500203,0.12935257077791257,False,IndexKey,Badge,0.13109519039978457,0.21913718161928908,0.25,4,indirect,0.1884749639093763,OOPCourseCommunity | JavaIf | JavaForWhile | IK_GE_BlockGame | RFK_L1_R4,JavaThis → OOPCourseCommunity → IK_GE_BlockGame → RF_GE_BloackGame → BLockGame
JavaConstructors,BLockGame,0.131530601424574,0.19327999447136737,0.12935257077791257,False,IndexKey,Badge,0.1310949952952417,0.21913718161928908,0.25,4,indirect,0.1884748785511388,OOPCourseCommunity | JavaIf | JavaForWhile | IK_GE_BlockGame | RFK_L1_R4,JavaConstructors → OOPCourseCommunity → IK_GE_BlockGame → RF_GE_BloackGame → BLockGame
TaskJavaClassesObjects,BLockGame,0.13152847152006572,0.1932814676028224,0.12935257077791257,False,IndexKey,Badge,0.1310932913716351,0.21913718161928908,0.25,4,indirect,0.1884741330845609,OOPCourseCommunity | JavaIf | JavaForWhile | IK_GE_BlockGame | RFK_L1_R4,TaskJavaClassesObjects → OOPCourseCommunity → IK_GE_BlockGame → RF_GE_BloackGame → BLockGame
JavaAccessModifiers,BLockGame,0.13152760866927965,0.19328206438908793,0.12935257077791257,False,IndexKey,Badge,0.13109260109100623,0.21913718161928908,0.25,4,indirect,0.18847383108678578,OOPCourseCommunity | JavaIf | JavaForWhile | IK_GE_BlockGame | RFK_L1_R4,JavaAccessModifiers → OOPCourseCommunity → IK_GE_BlockGame → RF_GE_BloackGame → BLockGame
JavaPackages,BLockGame,0.13152724337957356,0.1932823170402341,0.12935257077791257,False,IndexKey,Badge,0.13109230885924136,0.21913718161928908,0.25,4,indirect,0.18847370323538865,OOPCourseCommunity | JavaIf | JavaForWhile | IK_GE_BlockGame | RFK_L1_R4,JavaPackages → OOPCourseCommunity → IK_GE_BlockGame → RF_GE_BloackGame → BLockGame
JavaArrayOfInstances,BLockGame,0.13152708881266642,0.19328242394588369,0.12935257077791257,False,IndexKey,Badge,0.13109218520571564,0.21913718161928908,0.25,4,indirect,0.18847364913697115,OOPCourseCommunity | JavaIf | JavaForWhile | IK_GE_BlockGame | RFK_L1_R4,JavaArrayOfInstances → OOPCourseCommunity → IK_GE_BlockGame → RF_GE_BloackGame → BLockGame
JavaClassInstance,BLockGame,0.13152701146470477,0.19328244326453795,0.12935257077791257,False,IndexKey,Badge,0.13109212332734632,0.21913718161928908,0.25,4,indirect,0.18847362206518456,OOPCourseCommunity | JavaIf | JavaForWhile | IK_GE_BlockGame | RFK_L1_R4,JavaClassInstance → OOPCourseCommunity → IK_GE_BlockGame → RF_GE_BloackGame → BLockGame
JavaClassAttributesFunctions,BLockGame,0.1312016425948544,0.19308876511906214,0.12935257077791257,False,IndexKey,Badge,0.13083182823146605,0.21913718161928908,0.25,4,indirect,0.18835974296073693,OOPCourseCommunity | JavaIf | JavaForWhile | IK_GE_BlockGame | RFK_L1_R4,JavaClassAttributesFunctions → OOPCourseCommunity → IK_GE_BlockGame → RF_GE_BloackGame → BLockGame
JavaInheritanceComposition,BLockGame,0.13112250079832743,0.19314315588996547,0.12935257077791257,False,IndexKey,Badge,0.13076851479424445,0.21913718161928908,0.25,4,indirect,0.1883320433319525,OOPCourseCommunity | JavaIf | JavaForWhile | IK_GE_BlockGame | RFK_L1_R4,JavaInheritanceComposition → OOPCourseCommunity → IK_GE_BlockGame → RF_GE_BloackGame → BLockGame
JavaSuper,BLockGame,0.13097149877800468,0.19324705691306818,0.12935257077791257,False,IndexKey,Badge,0.13064771317798626,0.21913718161928908,0.25,4,indirect,0.18827919262483953,OOPCourseCommunity | JavaIf | JavaForWhile | IK_GE_BlockGame | RFK_L1_R4,JavaSuper → OOPCourseCommunity → IK_GE_BlockGame → RF_GE_BloackGame → BLockGame
JavaStrings,Tiny_stash,0.13706640143100074,0.19744703077197182,0.0415518252487452,False,IndexKey,Reward,0.11796348619454963,0.21577544196430637,0.25,4,indirect,0.1882272777776494,OOPCourseCommunity | DataTypes | ReferenceKey1 | IK_GE_TinyStash | Variables,JavaStrings → OOPCourseCommunity → IK_GE_TinyStash → RFK_GE_TinyStash → Tiny_stash
DataTypes,BLockGame,0.1383584224291178,0.19351573785436477,0.12935257077791257,False,IndexKey,Badge,0.13655725209887676,0.21492881916242307,0.25,4,indirect,0.18812918030576622,OOPCourseCommunity | JavaIf | ReferenceKey1 | IK_GE_BlockGame | RFK_L1_R4,DataTypes → OOPCourseCommunity → IK_GE_BlockGame → RF_GE_BloackGame → BLockGame
volume,Level_Up,0.34808522283530974,0.08240166758159415,1.0,False,AnnotationProperty,Level,0.47846817826824783,0.10189130203804733,0.14285714285714285,7,indirect,0.18805917431708918,,N/A
IK_GE_stash,Tiny_stash,0.13804275948706762,0.1972973865105103,0.0415518252487452,False,IndexKey,Reward,0.11874457263940315,0.21495257559738365,0.25,4,indirect,0.18803413995877305,OOPCourseCommunity | DataTypes | ReferenceKey1 | IK_GE_TinyStash | Variables,IK_GE_stash → OOPCourseCommunity → IK_GE_TinyStash → RFK_GE_TinyStash → Tiny_stash
Adam_Phil,Stash,0.18889085184064985,0.18009793864362209,0.9172442572270822,False,UserAccount,Reward,0.33456153291793633,0.18752129326096492,0.2,5,indirect,0.18800063876385464,OOPCourseCommunity | ObjectOrientedProgramming | Java_Basics | Adam | OOPTeachers,Adam_Phil → Adam → ObjectOrientedProgramming → Java_Basics → Functions → Stash
RF_GE_STash,Tiny_stash,0.1378958685171556,0.19609148498052428,0.0415518252487452,False,ReferenceKey,Reward,0.11862705986347352,0.21487168343277105,0.25,4,indirect,0.18793014821230564,OOPCourseCommunity | Stash | IK_GE_stash | IK_GE_TinyStash | Variables,RF_GE_STash → Stash → Strings → Variables → Tiny_stash
JavaIf,Tiny_stash,0.13701990426672903,0.19747598406892974,0.0415518252487452,False,IndexKey,Reward,0.11792628846313226,0.2149759267216762,0.25,4,indirect,0.1876913188624447,OOPCourseCommunity | DataTypes | ReferenceKey1 | IK_GE_TinyStash | Variables,JavaIf → OOPCourseCommunity → IK_GE_TinyStash → RFK_GE_TinyStash → Tiny_stash
JavaForWhile,Tiny_stash,0.13694338802010333,0.19752352320187774,0.0415518252487452,False,IndexKey,Reward,0.1178650754658317,0.21496000193478465,0.25,4,indirect,0.1876541870646462,OOPCourseCommunity | DataTypes | ReferenceKey1 | IK_GE_TinyStash | Variables,JavaForWhile → OOPCourseCommunity → IK_GE_TinyStash → RFK_GE_TinyStash → Tiny_stash
IK2,BLockGame,0.13453600619918,0.1956782687963712,0.12935257077791257,False,IndexKey,Badge,0.13349931911492652,0.21569118383260494,0.25,4,indirect,0.1872868716609062,OOPCourseCommunity | JavaIf | IK_GE_BlockGame | RFK_L1_R4 | Control_Statements,IK2 → OOPCourseCommunity → IK_GE_BlockGame → RF_GE_BloackGame → BLockGame
_:b271,Level_Up,0.3458589517785017,0.078139497665951,1.0,False,ClassAtom,Level,0.4766871614228014,0.10189130203804733,0.14285714285714285,7,indirect,0.18727997944720634,,N/A
_:b102,Tiny_stash,0.3458202117488856,0.14150957702779887,0.0415518252487452,False,DatavaluedPropertyAtom,Reward,0.2849665344488575,0.10189130203804733,0.14285714285714285,7,indirect,0.18726642043684072,,N/A
_:b100,Tiny_stash,0.3458162280187638,0.14150912281933845,0.0415518252487452,False,DatavaluedPropertyAtom,Reward,0.2849633474647601,0.10189130203804733,0.14285714285714285,7,indirect,0.18726502613129808,,N/A
Lesson 1 of course Object oriented programming,Tiny_stash,0.09759624268711192,0.16510939178634365,0.0415518252487452,False,unknown,Reward,0.08638735919943859,0.23522463537138066,0.3333333333333333,3,indirect,0.18705469793188662,,N/A
Sara_12,Stash,0.18592645738563524,0.1798310705188887,0.9172442572270822,False,UserAccount,Reward,0.3321900173539246,0.18752129326096492,0.2,5,indirect,0.18696310070459954,OOPCourseCommunity | ObjectOrientedProgramming | Java_Basics | Sara | OOPTeachers,Sara_12 → OOPTeachers → OOPCourseCommunity → IK_GE_stash → RF_GE_STash → Stash
has_Rating,BLockGame,0.1556343626611696,0.17426592316847167,0.12935257077791257,False,DatatypeProperty,Badge,0.1503780042845182,0.20372174951584265,0.2,5,indirect,0.1868911641167071,Course | ObjectOrientedProgramming | Java_Basics | Control_Statements | Task_about_Java_Basics,has_Rating → Course → ObjectOrientedProgramming → Java_Basics → Control_Statements → BLockGame
has_TotalEnrollment,BLockGame,0.1556343626611696,0.17426592316847167,0.12935257077791257,False,DatatypeProperty,Badge,0.1503780042845182,0.20372174951584265,0.2,5,indirect,0.1868911641167071,Course | ObjectOrientedProgramming | Java_Basics | Control_Statements | Task_about_Java_Basics,has_TotalEnrollment → Course → ObjectOrientedProgramming → Java_Basics → Control_Statements → BLockGame
has_TotalCompletionHours,BLockGame,0.1556343626611696,0.17426592316847167,0.12935257077791257,False,DatatypeProperty,Badge,0.1503780042845182,0.20372174951584265,0.2,5,indirect,0.1868911641167071,Course | ObjectOrientedProgramming | Java_Basics | Control_Statements | Task_about_Java_Basics,has_TotalCompletionHours → Course → ObjectOrientedProgramming → Java_Basics → Control_Statements → BLockGame
has_LearningPace,BLockGame,0.1556343626611696,0.17426592316847167,0.12935257077791257,False,DatatypeProperty,Badge,0.1503780042845182,0.20372174951584265,0.2,5,indirect,0.1868911641167071,Course | ObjectOrientedProgramming | Java_Basics | Control_Statements | Task_about_Java_Basics,has_LearningPace → Course → ObjectOrientedProgramming → Java_Basics → Control_Statements → BLockGame
has_TeachingLanguage,BLockGame,0.15563434477977617,0.1742658848476713,0.12935257077791257,False,DatatypeProperty,Badge,0.15037798997940344,0.20372174951584265,0.2,5,indirect,0.18689115785821941,Course | ObjectOrientedProgramming | Java_Basics | Control_Statements | Task_about_Java_Basics,has_TeachingLanguage → Course → ObjectOrientedProgramming → Java_Basics → Control_Statements → BLockGame
has_TranslationLanguage,BLockGame,0.15563434477977617,0.1742658848476713,0.12935257077791257,False,DatatypeProperty,Badge,0.15037798997940344,0.20372174951584265,0.2,5,indirect,0.18689115785821941,Course | ObjectOrientedProgramming | Java_Basics | Control_Statements | Task_about_Java_Basics,has_TranslationLanguage → Course → ObjectOrientedProgramming → Java_Basics → Control_Statements → BLockGame
Sara,Motrain,0.12763866540059865,0.19762941607425874,0.0,False,Person,GameElementResource,0.10211093232047892,0.218557968704714,0.16666666666666666,6,indirect,0.18673621254827363,OOPCourseCommunity | OOPTeachers | IK_GE_Motrain | RF_GE_Motrain | Sara_12,Sara → Sara_12 → OOPTeachers → OOPCourseCommunity → IK_GE_Motrain → RF_GE_Motrain → Motrain
_:b193,Level_Up,0.3442851730664852,0.08350295996126682,1.0,False,ClassAtom,Level,0.4754281384531882,0.10189130203804733,0.14285714285714285,7,indirect,0.18672915689800057,,N/A
_:b160,Level_Up,0.34421966969989376,0.08352533957421607,1.0,False,ClassAtom,Level,0.47537573575991504,0.10189130203804733,0.14285714285714285,7,indirect,0.18670623071969356,,N/A
_:b171,Level_Up,0.34421966969989376,0.08352533957421607,1.0,False,ClassAtom,Level,0.47537573575991504,0.10189130203804733,0.14285714285714285,7,indirect,0.18670623071969356,,N/A
_:b182,Level_Up,0.34421966969989376,0.08352533957421607,1.0,False,ClassAtom,Level,0.47537573575991504,0.10189130203804733,0.14285714285714285,7,indirect,0.18670623071969356,,N/A
_:b117,Stash,0.36680215233877606,0.17205769975056395,0.9172442572270822,False,Imp,Reward,0.4768905733164373,0.08939130203804733,0.125,8,indirect,0.18648509964330237,,N/A
_:b264,Stash,0.36680215233877606,0.17205769975056395,0.9172442572270822,False,Imp,Reward,0.4768905733164373,0.08939130203804733,0.125,8,indirect,0.18648509964330237,,N/A
_:b155,Stash,0.36680215233877606,0.17205769975056395,0.9172442572270822,False,Imp,Reward,0.4768905733164373,0.08939130203804733,0.125,8,indirect,0.18648509964330237,,N/A
_:b148,Stash,0.36680215233877606,0.17205769975056395,0.9172442572270822,False,Imp,Reward,0.4768905733164373,0.08939130203804733,0.125,8,indirect,0.18648509964330237,,N/A
_:b240,Stash,0.36680215233877606,0.17205769975056395,0.9172442572270822,False,Imp,Reward,0.4768905733164373,0.08939130203804733,0.125,8,indirect,0.18648509964330237,,N/A
_:b63,Stash,0.36680215233877606,0.17205769975056395,0.9172442572270822,False,Imp,Reward,0.4768905733164373,0.08939130203804733,0.125,8,indirect,0.18648509964330237,,N/A
_:b166,Stash,0.36680215233877606,0.17205769975056395,0.9172442572270822,False,Imp,Reward,0.4768905733164373,0.08939130203804733,0.125,8,indirect,0.18648509964330237,,N/A
_:b177,Stash,0.36680215233877606,0.17205769975056395,0.9172442572270822,False,Imp,Reward,0.4768905733164373,0.08939130203804733,0.125,8,indirect,0.18648509964330237,,N/A
_:b74,Stash,0.36680215233877606,0.17205769975056395,0.9172442572270822,False,Imp,Reward,0.4768905733164373,0.08939130203804733,0.125,8,indirect,0.18648509964330237,,N/A
_:b245,Stash,0.36680215233877606,0.17205769975056395,0.9172442572270822,False,Imp,Reward,0.4768905733164373,0.08939130203804733,0.125,8,indirect,0.18648509964330237,,N/A
_:b275,Stash,0.36680215233877606,0.17205769975056395,0.9172442572270822,False,Imp,Reward,0.4768905733164373,0.08939130203804733,0.125,8,indirect,0.18648509964330237,,N/A
_:b199,Stash,0.36680215233877606,0.17205769975056395,0.9172442572270822,False,Imp,Reward,0.4768905733164373,0.08939130203804733,0.125,8,indirect,0.18648509964330237,,N/A
_:b108,Stash,0.36680215233877606,0.17205769975056395,0.9172442572270822,False,Imp,Reward,0.4768905733164373,0.08939130203804733,0.125,8,indirect,0.18648509964330237,,N/A
_:b85,Stash,0.36680215233877606,0.17205769975056395,0.9172442572270822,False,Imp,Reward,0.4768905733164373,0.08939130203804733,0.125,8,indirect,0.18648509964330237,,N/A
offersCourse,Tiny_stash,0.13536831354726583,0.1779977516367005,0.0415518252487452,False,TransitiveProperty,Reward,0.11660501588756171,0.21392481364706012,0.2,5,indirect,0.18643003861213212,Course | ObjectOrientedProgramming | Variables | Java_Basics | Strings,offersCourse → Course → ObjectOrientedProgramming → Java_Basics → Variables → Tiny_stash
RFK_L1_R5,Tiny_stash,0.13352383807488397,0.1976089783837089,0.0415518252487452,False,ReferenceKey,Reward,0.11512943550965622,0.21487691324784217,0.25,4,indirect,0.1864033369373068,OOPCourseCommunity | Loops | JavaForWhile | IK_GE_TinyStash | Variables,RFK_L1_R5 → Loops → Java_Basics → Variables → Tiny_stash
hasTargetAudience,Tiny_stash,0.13528845519753877,0.17805366098069014,0.0415518252487452,False,ObjectProperty,Reward,0.11654112920778005,0.21392481364706012,0.2,5,indirect,0.18640208818972764,Course | ObjectOrientedProgramming | Variables | Java_Basics | Strings,hasTargetAudience → Course → ObjectOrientedProgramming → Java_Basics → Variables → Tiny_stash
IK_GE_LevelUp,BLockGame,0.13143461611358848,0.19334647575889388,0.12935257077791257,False,IndexKey,Badge,0.13101820704645328,0.21569118383260494,0.25,4,indirect,0.1862013851309492,OOPCourseCommunity | JavaIf | IK_GE_BlockGame | RFK_L1_R4 | Control_Statements,IK_GE_LevelUp → OOPCourseCommunity → IK_GE_BlockGame → RF_GE_BloackGame → BLockGame
JavafunctionTypes,Stash,0.12416540583410914,0.16413491168190583,0.9172442572270822,False,IndexKey,Reward,0.28278117611270376,0.21923291628961883,0.25,4,indirect,0.18595928763019046,OOPCourseCommunity | JavaFunctions | JavaIf | IK_GE_stash | Functions,JavafunctionTypes → OOPCourseCommunity → IK_GE_stash → RF_GE_STash → Stash
lesson 2 for the course Object Oriented Programming,BLockGame,0.09963108735420631,0.16160545394425588,0.12935257077791257,False,unknown,Badge,0.10557538403894758,0.2323374353350509,0.25,4,indirect,0.1858902135417553,Classes_and_Objects | Java_Basics | Control_Statements | Task_about_Java_Basics | Loops,lesson 2 for the course Object Oriented Programming → Classes_and_Objects → Java_Basics → Control_Statements → BLockGame
JavaVariables,BLockGame,0.1312024286636415,0.19308819128905594,0.12935257077791257,False,IndexKey,Badge,0.1308324570864957,0.21497260578910607,0.25,4,indirect,0.18565304379519348,OOPCourseCommunity | RFK_L1_R1 | JavaIf | IK_GE_BlockGame | Variables,JavaVariables → OOPCourseCommunity → IK_GE_BlockGame → RF_GE_BloackGame → BLockGame
JavaMultiInheritance,BLockGame,0.13090797368567525,0.19329075233950457,0.12935257077791257,False,IndexKey,Badge,0.1305968931041227,0.2149563672133102,0.25,4,indirect,0.185539429478638,OOPCourseCommunity | JavaIf | Multi-level_inheritance | IK_GE_BlockGame | RFK_L4_R3,JavaMultiInheritance → OOPCourseCommunity → IK_GE_BlockGame → RF_GE_BloackGame → BLockGame
Competition,Tiny_stash,0.1313534180871828,0.16787226581256987,0.0415518252487452,False,NamedIndividual,Reward,0.11339309951949528,0.213590376561256,0.16666666666666666,6,indirect,0.18480744109533037,nil | Participation | _:b261 | _:b72 | Buil-in_Data_Types,Competition → _:b261 → nil → _:b72 → Participation → Buil-in_Data_Types → Tiny_stash
BLockGame,Motrain,0.12223427331064962,0.17470304943547793,0.0,False,Badge,GameElementResource,0.0977874186485197,0.2184932235941335,0.16666666666666666,6,indirect,0.18480259099491414,OOPCourseCommunity | IK_GE_Motrain | IK_GE_BlockGame | RF_GE_Motrain | RF_GE_BloackGame,BLockGame → RF_GE_BloackGame → IK_GE_BlockGame → OOPCourseCommunity → IK_GE_Motrain → RF_GE_Motrain → Motrain
lesson 2 for the course Object Oriented Programming,Level_Up,0.11702972414249199,0.1583125580287349,1.0,False,unknown,Level,0.29362377931399364,0.22122967421103812,0.25,4,indirect,0.18475969168704698,Classes_and_Objects | Java_Basics | Overloading | ObjectOrientedProgramming | Variables,lesson 2 for the course Object Oriented Programming → Classes_and_Objects → Java_Basics → Task_about_Java_Basics → Level_Up
RF_GE_Motrain,Stash,0.17583112806365725,0.18024649959442812,0.9172442572270822,False,ReferenceKey,Reward,0.3241137538963422,0.189246375363977,0.2,5,indirect,0.1845510388088651,OOPCourseCommunity | IK_GE_Motrain | JavaFunctions | JavaIf | IK_GE_stash,RF_GE_Motrain → IK_GE_Motrain → OOPCourseCommunity → IK_GE_stash → RF_GE_STash → Stash
_:b127,bonusPoints,0.09042092571917974,0.1624792577238048,0.0,False,AtomList,BonusPoints,0.0723367405753438,0.23522463537138066,0.3333333333333333,3,indirect,0.18454333699311035,,N/A
_:b209,bonusPoints,0.09042092571917974,0.1624792577238048,0.0,False,AtomList,BonusPoints,0.0723367405753438,0.23522463537138066,0.3333333333333333,3,indirect,0.18454333699311035,,N/A
_:b138,bonusPoints,0.09042092571917974,0.1624792577238048,0.0,False,AtomList,BonusPoints,0.0723367405753438,0.23522463537138066,0.3333333333333333,3,indirect,0.18454333699311035,,N/A
_:b220,bonusPoints,0.09042092571917974,0.1624792577238048,0.0,False,AtomList,BonusPoints,0.0723367405753438,0.23522463537138066,0.3333333333333333,3,indirect,0.18454333699311035,,N/A
_:b221,bonusPoints,0.09042091379825079,0.16247923110129162,0.0,False,AtomList,BonusPoints,0.07233673103860064,0.23522463537138066,0.3333333333333333,3,indirect,0.18454333282078522,,N/A
_:b149,bonusPoints,0.09042091379825079,0.16247923110129162,0.0,False,AtomList,BonusPoints,0.07233673103860064,0.23522463537138066,0.3333333333333333,3,indirect,0.18454333282078522,,N/A
_:b128,bonusPoints,0.09042091379825079,0.16247923110129162,0.0,False,AtomList,BonusPoints,0.07233673103860064,0.23522463537138066,0.3333333333333333,3,indirect,0.18454333282078522,,N/A
_:b210,bonusPoints,0.09042091379825079,0.16247923110129162,0.0,False,AtomList,BonusPoints,0.07233673103860064,0.23522463537138066,0.3333333333333333,3,indirect,0.18454333282078522,,N/A
_:b139,bonusPoints,0.09042091379825079,0.16247923110129162,0.0,False,AtomList,BonusPoints,0.07233673103860064,0.23522463537138066,0.3333333333333333,3,indirect,0.18454333282078522,,N/A
_:b150,bonusPoints,0.09042090783778631,0.16247921779003505,0.0,False,AtomList,BonusPoints,0.07233672627022905,0.23522463537138066,0.3333333333333333,3,indirect,0.18454333073462265,,N/A
ressource bonus pour la leçon 5 Méthodes et constructeurs de classe,Stash,0.09352693646141366,0.16074309645534396,0.9172442572270822,False,unknown,Reward,0.25827040061454737,0.23335018466539487,0.25,4,indirect,0.18441204779400144,Overloaded_constructors | Level_Up | Task_about_Java_Basics | Variables | Strings,ressource bonus pour la leçon 5 Méthodes et constructeurs de classe → Overloaded_constructors → Level_Up → Task_about_Java_Basics → Stash
bonus resource for lesson 5 Class Methods and Constructors,Stash,0.09352693646141366,0.16074309645534396,0.9172442572270822,False,unknown,Reward,0.25827040061454737,0.23335018466539487,0.25,4,indirect,0.18441204779400144,Overloaded_constructors | Level_Up | Task_about_Java_Basics | Variables | Strings,bonus resource for lesson 5 Class Methods and Constructors → Overloaded_constructors → Level_Up → Task_about_Java_Basics → Stash
RFK_L4_R7,Stash,0.181680996960558,0.18042739314686893,0.9172442572270822,False,ReferenceKey,Reward,0.3287936490138629,0.1849293401233198,0.2,5,indirect,0.18379242001635318,OOPCourseCommunity | JavaParentClass | Functions | JavaFunctions | ObjectOrientedProgramming,RFK_L4_R7 → JavaParentClass → OOPCourseCommunity → IK_GE_stash → RF_GE_STash → Stash
RFK_L3_R6,Stash,0.18168492433265535,0.18042570426088228,0.9172442572270822,False,ReferenceKey,Reward,0.32879679091154074,0.1848945261952668,0.2,5,indirect,0.1837711655433528,OOPCourseCommunity | JavaStaticFunctions | Functions | JavaFunctions | IK_GE_stash,RFK_L3_R6 → JavaStaticFunctions → OOPCourseCommunity → IK_GE_stash → RF_GE_STash → Stash
Motrain,Stash,0.11868061605883798,0.15869747058509176,0.9172442572270822,False,GameElementResource,Reward,0.27839334429248686,0.2184932235941335,0.16666666666666666,6,indirect,0.18355881095678006,OOPCourseCommunity | IK_GE_Motrain | IK_GE_stash | RF_GE_Motrain | RF_GE_STash,Motrain → RF_GE_Motrain → IK_GE_Motrain → OOPCourseCommunity → IK_GE_stash → RF_GE_STash → Stash
RFK_L2_R6,Stash,0.17579235916312258,0.1802612530184023,0.9172442572270822,False,ReferenceKey,Reward,0.32408273877591454,0.18749913918323308,0.2,5,indirect,0.18340176617619441,OOPCourseCommunity | Task_about_Classes_and_Objects | Classes_and_Objects | Java_Basics | TaskJavaClassesObjects,RFK_L2_R6 → Task_about_Classes_and_Objects → Classes_and_Objects → Java_Basics → Functions → Stash
RFK_L2_R5,Stash,0.17578910748605922,0.18026249069624267,0.9172442572270822,False,ReferenceKey,Reward,0.32408013743426384,0.18749886316521544,0.2,5,indirect,0.18340044867751076,OOPCourseCommunity | Access_Modifiers | Classes_and_Objects | Java_Basics | JavaAccessModifiers,RFK_L2_R5 → Access_Modifiers → Classes_and_Objects → Java_Basics → Functions → Stash
RFK_L2_R4,Stash,0.17578772987212657,0.18026301506612719,0.9172442572270822,False,ReferenceKey,Reward,0.3240790353431177,0.18749874694710275,0.2,5,indirect,0.1833998909708611,OOPCourseCommunity | Packages | Classes_and_Objects | Java_Basics | JavaPackages,RFK_L2_R4 → Packages → Classes_and_Objects → Java_Basics → Functions → Stash
RFK_L2_R3,Stash,0.1757871466502739,0.18026323706371153,0.9172442572270822,False,ReferenceKey,Reward,0.32407856876563557,0.1874987033653105,0.2,5,indirect,0.1833996585150477,OOPCourseCommunity | Array_of_instances | Classes_and_Objects | Java_Basics | JavaArrayOfInstances,RFK_L2_R3 → Array_of_instances → Classes_and_Objects → Java_Basics → Functions → Stash
RFK_L2_R2,Stash,0.175786899871749,0.18026333099788222,0.9172442572270822,False,ReferenceKey,Reward,0.3240783713428157,0.1874986888380464,0.2,5,indirect,0.1833995626998423,OOPCourseCommunity | Class_Instance | Classes_and_Objects | Java_Basics | JavaClassInstance,RFK_L2_R2 → Class_Instance → Classes_and_Objects → Java_Basics → Functions → Stash
RFK_L2_R1,Stash,0.1752998859756897,0.18004621492268238,0.9172442572270822,False,ReferenceKey,Reward,0.32368876022596826,0.18752745282093758,0.2,5,indirect,0.18324780442510083,OOPCourseCommunity | Class_attributes_and_functions | Classes_and_Objects | Java_Basics | JavaClassAttributesFunctions,RFK_L2_R1 → Class_attributes_and_functions → Classes_and_Objects → Java_Basics → Functions → Stash
RFK_L2_R7,Stash,0.17525222801407042,0.18046739141175114,0.9172442572270822,False,ReferenceKey,Reward,0.3236506338566728,0.18745256477457192,0.2,5,indirect,0.18318244690839638,OOPCourseCommunity | Classes_and_Objects | Java_Basics | Arrays | JavaArrays,RFK_L2_R7 → Arrays → Classes_and_Objects → Java_Basics → Functions → Stash
consists_of,Tiny_stash,0.12583164358703872,0.18141811764023769,0.0415518252487452,False,unknown,Reward,0.10897567991938002,0.21392481364706012,0.2,5,indirect,0.18309220412605262,Course | ObjectOrientedProgramming | Variables | Java_Basics | Strings,consists_of → Course → ObjectOrientedProgramming → Java_Basics → Variables → Tiny_stash
_:b223,bonusPoints,0.08586028100835019,0.16502759537135417,0.0,False,AtomList,BonusPoints,0.06868822480668016,0.23522463537138066,0.3333333333333333,3,indirect,0.18294711134432,,N/A
_:b141,bonusPoints,0.08586028100835019,0.16502759537135417,0.0,False,AtomList,BonusPoints,0.06868822480668016,0.23522463537138066,0.3333333333333333,3,indirect,0.18294711134432,,N/A
_:b130,bonusPoints,0.08586028100835019,0.16502759537135417,0.0,False,AtomList,BonusPoints,0.06868822480668016,0.23522463537138066,0.3333333333333333,3,indirect,0.18294711134432,,N/A
_:b212,bonusPoints,0.08586028100835019,0.16502759537135417,0.0,False,AtomList,BonusPoints,0.06868822480668016,0.23522463537138066,0.3333333333333333,3,indirect,0.18294711134432,,N/A
JavafunctionTypes,Tiny_stash,0.11544818578288174,0.17812277702767063,0.0415518252487452,False,IndexKey,Reward,0.10066891367605443,0.21925457644037175,0.25,4,indirect,0.18292233971025026,OOPCourseCommunity | JavaVariables | DataTypes | RFK_L1_R1 | ReferenceKey1,JavafunctionTypes → OOPCourseCommunity → IK_GE_TinyStash → RFK_GE_TinyStash → Tiny_stash
_:b72,BLockGame,0.16992686202781712,0.17121518538730762,0.12935257077791257,False,List,Badge,0.16181200377783622,0.18988822039857123,0.2,5,indirect,0.1829017449688073,Participation | Task_about_Java_Basics | Buil-in_Data_Types | Level_Up | ObjectOrientedProgramming,_:b72 → Participation → Buil-in_Data_Types → Level_Up → Task_about_Java_Basics → BLockGame
Expert,BLockGame,0.14383750092226172,0.17566503221586835,0.12935257077791257,False,GamificationExperience,Badge,0.14094051489339188,0.2034741831449133,0.2,5,indirect,0.18260134436698527,ObjectOrientedProgramming | Java_Basics | Adam | Control_Statements | Task_about_Java_Basics,Expert → Adam → ObjectOrientedProgramming → Java_Basics → Control_Statements → BLockGame
Try_and_Catch,bonusPoints,0.3875386967647059,0.07375779091686434,0.0,False,GamifiedResource,BonusPoints,0.3100309574117648,0.07189130203804733,0.1,10,indirect,0.18236789019237784,,N/A
Beginner,BLockGame,0.14303902636589752,0.17560191186089777,0.12935257077791257,False,GamificationExperience,Badge,0.14030173524830053,0.2034741831449133,0.2,5,indirect,0.1823218782722578,ObjectOrientedProgramming | Java_Basics | Sara | Control_Statements | Task_about_Java_Basics,Beginner → Sara → ObjectOrientedProgramming → Java_Basics → Control_Statements → BLockGame
_:b10,Level_Up,0.35466189901269,0.07390592811188117,1.0,False,Restriction,Level,0.48372951921015206,0.08939130203804733,0.125,8,indirect,0.18223601097917227,,N/A
Arguments_and_parameters,bonusPoints,0.3871149241286389,0.07666468174676483,0.0,False,GamifiedResource,BonusPoints,0.30969193930291117,0.07189130203804733,0.1,10,indirect,0.18221956976975437,,N/A
RFK_L4_R6,Stash,0.1763591343977598,0.17966384156656526,0.9172442572270822,False,ReferenceKey,Reward,0.3245361589636243,0.1851317815103457,0.2,5,indirect,0.18206135502094065,OOPCourseCommunity | TaskJavaInheritance | Functions | Task_about_Inheritance | JavaFunctions,RFK_L4_R6 → TaskJavaInheritance → OOPCourseCommunity → IK_GE_stash → RF_GE_STash → Stash
consists_of,Stash,0.1415117608703989,0.16383814640313427,0.9172442572270822,False,unknown,Reward,0.2966582601417356,0.2037286136481235,0.2,5,indirect,0.18195271517591988,Course | ObjectOrientedProgramming | Java_Basics | Functions | Control_Statements,consists_of → Course → ObjectOrientedProgramming → Java_Basics → Functions → Stash
Tiny_stash,Motrain,0.11407302609126554,0.17505523204148732,0.0,False,Reward,GameElementResource,0.09125842087301245,0.21848736620125384,0.16666666666666666,6,indirect,0.18194234716275792,OOPCourseCommunity | IK_GE_Motrain | IK_GE_TinyStash | RF_GE_Motrain | RFK_GE_TinyStash,Tiny_stash → RFK_GE_TinyStash → IK_GE_TinyStash → OOPCourseCommunity → IK_GE_Motrain → RF_GE_Motrain → Motrain
RFK_L3_R5,Stash,0.17580874641542835,0.18025501618876857,0.9172442572270822,False,ReferenceKey,Reward,0.32409584857775914,0.18493782668686704,0.2,5,indirect,0.18174264859186348,OOPCourseCommunity | TaskJavaClassesMethod | Functions | JavaFunctions | IK_GE_stash,RFK_L3_R5 → TaskJavaClassesMethod → OOPCourseCommunity → IK_GE_stash → RF_GE_STash → Stash
RFK_L3_R4,Stash,0.17580345481020568,0.18025703001123985,0.9172442572270822,False,ReferenceKey,Reward,0.324091615293581,0.1849374582226234,0.2,5,indirect,0.18174055702827718,OOPCourseCommunity | JavaStatic | Functions | JavaFunctions | IK_GE_stash,RFK_L3_R4 → JavaStatic → OOPCourseCommunity → IK_GE_stash → RF_GE_STash → Stash
RFK_L3_R3,Stash,0.1758013942318247,0.18025781423281342,0.9172442572270822,False,ReferenceKey,Reward,0.3240899668308762,0.18493731559130328,0.2,5,indirect,0.18173974311548577,OOPCourseCommunity | JavaThis | Functions | JavaFunctions | IK_GE_stash,RFK_L3_R3 → JavaThis → OOPCourseCommunity → IK_GE_stash → RF_GE_STash → Stash
RFK_L3_R2,Stash,0.1758003910484564,0.18025819603339832,0.9172442572270822,False,ReferenceKey,Reward,0.32408916428418155,0.18493724427564323,0.2,5,indirect,0.18173934564612784,OOPCourseCommunity | JavaConstructors | Functions | JavaFunctions | IK_GE_stash,RFK_L3_R2 → JavaConstructors → OOPCourseCommunity → IK_GE_stash → RF_GE_STash → Stash
_:b163,Tiny_stash,0.18794509266795634,0.1669518143715014,0.0415518252487452,False,unknown,Reward,0.15866643918411413,0.1781398462972314,0.16666666666666666,6,indirect,0.18157168252698513,_:b164 | Buil-in_Data_Types | Participation | Beginner | Sara,_:b163 → _:b164 → Beginner → Sara → PO1 → Buil-in_Data_Types → Tiny_stash
has_EducationalLevel,Level_Up,0.32942854578766523,0.12321402619101499,1.0,False,DatatypeProperty,Level,0.4635428366301322,0.10189130203804733,0.14285714285714285,7,indirect,0.1815293373504136,,N/A
hasPaymentPreference,Level_Up,0.32942854578766523,0.12321402619101499,1.0,False,DatatypeProperty,Level,0.4635428366301322,0.10189130203804733,0.14285714285714285,7,indirect,0.1815293373504136,,N/A
has_duration,Level_Up,0.3294285398272008,0.12321401816875384,1.0,False,DatatypeProperty,Level,0.46354283186176065,0.10189130203804733,0.14285714285714285,7,indirect,0.18152933526425102,,N/A
has_Purpose,Level_Up,0.3294285398272008,0.12321401816875384,1.0,False,DatatypeProperty,Level,0.46354283186176065,0.10189130203804733,0.14285714285714285,7,indirect,0.18152933526425102,,N/A
has_totalDownloads,Level_Up,0.32942851598534284,0.12321398607971837,1.0,False,DatatypeProperty,Level,0.4635428127882743,0.10189130203804733,0.14285714285714285,7,indirect,0.18152932691960075,,N/A
has_latestRelease,Level_Up,0.32942851598534284,0.12321398607971837,1.0,False,DatatypeProperty,Level,0.4635428127882743,0.10189130203804733,0.14285714285714285,7,indirect,0.18152932691960075,,N/A
has_totalSites,Level_Up,0.32942851598534284,0.12321398607971837,1.0,False,DatatypeProperty,Level,0.4635428127882743,0.10189130203804733,0.14285714285714285,7,indirect,0.18152932691960075,,N/A
has_totalLikes,Level_Up,0.32942851598534284,0.12321398607971837,1.0,False,DatatypeProperty,Level,0.4635428127882743,0.10189130203804733,0.14285714285714285,7,indirect,0.18152932691960075,,N/A
has_latestVersion,Level_Up,0.3294284981039494,0.12321396201295144,1.0,False,DatatypeProperty,Level,0.46354279848315955,0.10189130203804733,0.14285714285714285,7,indirect,0.18152932066111305,,N/A
has_title,Level_Up,0.3294284981039494,0.12321396201295144,1.0,False,DatatypeProperty,Level,0.46354279848315955,0.10189130203804733,0.14285714285714285,7,indirect,0.18152932066111305,,N/A
designLesson,Level_Up,0.3288877358861003,0.1229999323361036,1.0,False,ObjectProperty,Level,0.46311018870888027,0.10189130203804733,0.14285714285714285,7,indirect,0.18134005388486585,,N/A
consists_of,Level_Up,0.15569121293750587,0.16521046897530514,1.0,False,unknown,Level,0.32455297035000474,0.19510065463587767,0.2,5,indirect,0.18130735004144755,Course | ObjectOrientedProgramming | Polymorphism | Overloading | Task_about_Java_Basics,consists_of → Course → ObjectOrientedProgramming → Polymorphism → Overloading → Level_Up
Variables,bonusPoints,0.36997920461920697,0.07483944679809232,0.0,False,GamifiedResource,BonusPoints,0.2959833636953656,0.0796690798158251,0.1111111111111111,9,indirect,0.18127762349700874,,N/A
EducationalInstitution,Tiny_stash,0.12516762380934474,0.17263306042879373,0.0415518252487452,False,unknown,Reward,0.10844446409722483,0.21093556553670123,0.16666666666666666,6,indirect,0.18091678593212646,Course | ObjectOrientedProgramming | Variables | Java_Basics | offersCourse,EducationalInstitution → offersCourse → Course → ObjectOrientedProgramming → Java_Basics → Variables → Tiny_stash
2.1.1,Tiny_stash,0.09830223871643402,0.16825265505902315,0.0415518252487452,False,unknown,Reward,0.08695215602289626,0.22533859048913266,0.25,4,indirect,0.18087586736868813,Stash | Variables | Strings | Task_about_Java_Basics | Java_Basics,2.1.1 → Stash → Strings → Variables → Tiny_stash
block_stash,Tiny_stash,0.09830223871643402,0.16825265505902315,0.0415518252487452,False,unknown,Reward,0.08695215602289626,0.22533859048913266,0.25,4,indirect,0.18087586736868813,Stash | Variables | Strings | Task_about_Java_Basics | Java_Basics,block_stash → Stash → Strings → Variables → Tiny_stash
"Enables teachers to create items that students can collect, providing an interactive experience where students find items across the course.",Tiny_stash,0.09830223871643402,0.16825265505902315,0.0415518252487452,False,unknown,Reward,0.08695215602289626,0.22533859048913266,0.25,4,indirect,0.18087586736868813,Stash | Variables | Strings | Task_about_Java_Basics | Java_Basics,"Enables teachers to create items that students can collect, providing an interactive experience where students find items across the course. → Stash → Strings → Variables → Tiny_stash"
l1,Tiny_stash,0.11956307410372635,0.17064110824816317,0.0415518252487452,False,Variable,Reward,0.10396082433273013,0.21359040271033136,0.16666666666666666,6,indirect,0.1806808376980196,nil | Participation | _:b106 | _:b72 | Buil-in_Data_Types,l1 → _:b106 → nil → _:b72 → Participation → Buil-in_Data_Types → Tiny_stash
bonus material for lesson 1 java basics,Tiny_stash,0.09765137798462137,0.16837160654977892,0.0415518252487452,False,unknown,Reward,0.08643146743744613,0.2253450343684167,0.25,4,indirect,0.18065225463408835,Arithmetic_operations | Variables | Java_Basics | Strings | Task_about_Java_Basics,bonus material for lesson 1 java basics → Arithmetic_operations → Java_Basics → Variables → Tiny_stash
Exceptions,bonusPoints,0.3819643293408657,0.07229064428768567,0.0,False,GamifiedResource,BonusPoints,0.3055714634726926,0.07189130203804733,0.1,10,indirect,0.18041686159403378,,N/A
Files,bonusPoints,0.3817198744321789,0.0724883247578065,0.0,False,GamifiedResource,BonusPoints,0.3053758995457432,0.07189130203804733,0.1,10,indirect,0.18033130237599337,,N/A
has_description,Level_Up,0.32597820814126216,0.12283905945276745,1.0,False,FunctionalProperty,Level,0.46078256651300975,0.10189130203804733,0.14285714285714285,7,indirect,0.1803217191741725,,N/A
RFK_L4_R4,Stash,0.1762043314210692,0.18010479832821602,0.9172442572270822,False,ReferenceKey,Reward,0.3244123165822718,0.18221778798243202,0.2,5,indirect,0.18011307818595504,OOPCourseCommunity | JavaSuper | JavaFunctions | Super_Keyword | Multi-level_inheritance,RFK_L4_R4 → JavaSuper → OOPCourseCommunity → IK_GE_stash → RF_GE_STash → Stash
RFK_L4_R2,Stash,0.17586425695755276,0.1802338969769697,0.9172442572270822,False,ReferenceKey,Reward,0.32414025701145865,0.18219405175357511,0.2,5,indirect,0.17997862357496727,OOPCourseCommunity | JavaSingleInheritance | JavaFunctions | Multi-level_inheritance | Single_level_inheritance,RFK_L4_R2 → JavaSingleInheritance → OOPCourseCommunity → IK_GE_stash → RF_GE_STash → Stash
Space,BLockGame,0.3479910961618212,0.12130947478278648,0.12935257077791257,False,unknown,Badge,0.30426339108503947,0.08939130203804733,0.125,8,indirect,0.1799012299813682,,N/A
_:b254,Stash,0.3479785164283876,0.17204124586285433,0.9172442572270822,False,IndividualPropertyAtom,Reward,0.4618316645881266,0.08939130203804733,0.125,8,indirect,0.17989682707466642,,N/A
JavafunctionTypes,BLockGame,0.1060153174655342,0.16826040070328596,0.12935257077791257,False,IndexKey,Badge,0.11068276812800988,0.21913718161928908,0.25,4,indirect,0.17954452916547486,OOPCourseCommunity | JavaIf | JavaForWhile | IK_GE_BlockGame | RFK_L1_R4,JavafunctionTypes → OOPCourseCommunity → IK_GE_BlockGame → RF_GE_BloackGame → BLockGame
_:b219,Stash,0.3649385876804648,0.1705879426787531,0.9172442572270822,False,Imp,Reward,0.47539972158978827,0.0796690798158251,0.1111111111111111,9,indirect,0.17951340756844897,,N/A
_:b208,Stash,0.3649385876804648,0.1705879426787531,0.9172442572270822,False,Imp,Reward,0.47539972158978827,0.0796690798158251,0.1111111111111111,9,indirect,0.17951340756844897,,N/A
_:b126,Stash,0.3649385876804648,0.1705879426787531,0.9172442572270822,False,Imp,Reward,0.47539972158978827,0.0796690798158251,0.1111111111111111,9,indirect,0.17951340756844897,,N/A
_:b137,Stash,0.3649385876804648,0.1705879426787531,0.9172442572270822,False,Imp,Reward,0.47539972158978827,0.0796690798158251,0.1111111111111111,9,indirect,0.17951340756844897,,N/A
RFK_L4_R1,Stash,0.17582102175499376,0.18025034498009593,0.9172442572270822,False,ReferenceKey,Reward,0.3241056688494115,0.18143836823817963,0.2,5,indirect,0.17947229696906458,OOPCourseCommunity | JavaExtend | JavaFunctions | Multi-level_inheritance | Single_level_inheritance,RFK_L4_R1 → JavaExtend → OOPCourseCommunity → IK_GE_stash → RF_GE_STash → Stash
RFK_L4_R5,Stash,0.17566899089520663,0.18004483853375658,0.9172442572270822,False,ReferenceKey,Reward,0.3239840441615818,0.18151474532911419,0.2,5,indirect,0.17946873127724655,OOPCourseCommunity | JavaInheritanceComposition | JavaFunctions | Inheritance_vs_Composition | Super_Keyword,RFK_L4_R5 → JavaInheritanceComposition → OOPCourseCommunity → IK_GE_stash → RF_GE_STash → Stash
ImageObject,Level_Up,0.3643207778052252,0.07449682536508904,1.0,False,unknown,Level,0.4914566222441802,0.0796690798158251,0.1111111111111111,9,indirect,0.17929717411211513,,N/A
exercisse of lesson 2 Classes and Objects,Tiny_stash,0.0976495922760456,0.16837288380730325,0.0415518252487452,False,unknown,Reward,0.08643003887058552,0.22314692441611225,0.25,4,indirect,0.17922285816708894,Task_about_Java_Basics | Level_Up | Variables | 3.16.0 | Java_Basics,exercisse of lesson 2 Classes and Objects → Task_about_Java_Basics → Level_Up → Buil-in_Data_Types → Tiny_stash
Assessment,Tiny_stash,0.0976495922760456,0.16837288380730325,0.0415518252487452,False,unknown,Reward,0.08643003887058552,0.22314692441611225,0.25,4,indirect,0.17922285816708894,Task_about_Java_Basics | Level_Up | Variables | 3.16.0 | Java_Basics,Assessment → Task_about_Java_Basics → Level_Up → Buil-in_Data_Types → Tiny_stash
EducationalInstitution,Level_Up,0.18386162681050947,0.14292111941806107,1.0,False,unknown,Level,0.34708930144840755,0.17647884068747027,0.16666666666666666,6,indirect,0.179062815830534,Course | ObjectOrientedProgramming | offersCourse | Java_Basics | Variables,EducationalInstitution → offersCourse → Course → ObjectOrientedProgramming → Java_Basics → Variables → Level_Up
_:b111,Level_Up,0.34520307369966885,0.0745701934889045,1.0,False,ClassAtom,Level,0.4761624589597351,0.08939130203804733,0.125,8,indirect,0.17892542211961487,,N/A
_:b140,Level_Up,0.34520307369966885,0.0745701934889045,1.0,False,ClassAtom,Level,0.4761624589597351,0.08939130203804733,0.125,8,indirect,0.17892542211961487,,N/A
_:b88,Level_Up,0.34520307369966885,0.0745701934889045,1.0,False,ClassAtom,Level,0.4761624589597351,0.08939130203804733,0.125,8,indirect,0.17892542211961487,,N/A
_:b222,Level_Up,0.34520307369966885,0.0745701934889045,1.0,False,ClassAtom,Level,0.4761624589597351,0.08939130203804733,0.125,8,indirect,0.17892542211961487,,N/A
_:b129,Level_Up,0.34520307369966885,0.0745701934889045,1.0,False,ClassAtom,Level,0.4761624589597351,0.08939130203804733,0.125,8,indirect,0.17892542211961487,,N/A
_:b120,Level_Up,0.34520307369966885,0.0745701934889045,1.0,False,ClassAtom,Level,0.4761624589597351,0.08939130203804733,0.125,8,indirect,0.17892542211961487,,N/A
_:b202,Level_Up,0.34520307369966885,0.0745701934889045,1.0,False,ClassAtom,Level,0.4761624589597351,0.08939130203804733,0.125,8,indirect,0.17892542211961487,,N/A
_:b211,Level_Up,0.34520307369966885,0.0745701934889045,1.0,False,ClassAtom,Level,0.4761624589597351,0.08939130203804733,0.125,8,indirect,0.17892542211961487,,N/A
_:b267,Level_Up,0.34520305581827543,0.07457016341920529,1.0,False,ClassAtom,Level,0.4761624446546204,0.08939130203804733,0.125,8,indirect,0.17892541586112715,,N/A
_:b248,Level_Up,0.34520305581827543,0.07457016341920529,1.0,False,ClassAtom,Level,0.4761624446546204,0.08939130203804733,0.125,8,indirect,0.17892541586112715,,N/A
_:b278,Level_Up,0.34520305581827543,0.07457016341920529,1.0,False,ClassAtom,Level,0.4761624446546204,0.08939130203804733,0.125,8,indirect,0.17892541586112715,,N/A
_:b66,Level_Up,0.34520305581827543,0.07457016341920529,1.0,False,ClassAtom,Level,0.4761624446546204,0.08939130203804733,0.125,8,indirect,0.17892541586112715,,N/A
_:b77,Level_Up,0.34520305581827543,0.07457016341920529,1.0,False,ClassAtom,Level,0.4761624446546204,0.08939130203804733,0.125,8,indirect,0.17892541586112715,,N/A
hasPedagogicalObjective,Level_Up,0.34513114119576394,0.12091681080840111,1.0,False,ObjectProperty,Level,0.47610491295661117,0.08939130203804733,0.125,8,indirect,0.17890024574324814,,N/A
_:b252,Level_Up,0.3446696005420043,0.07519292609553767,1.0,False,ClassAtom,Level,0.4757356804336035,0.08939130203804733,0.125,8,indirect,0.17873870651443227,,N/A
_:b207,Stash,0.3446659491107562,0.16946264182313725,0.9172442572270822,False,IndividualPropertyAtom,Reward,0.4591816107340214,0.08939130203804733,0.125,8,indirect,0.17873742851349544,,N/A
_:b107,Stash,0.3446659491107562,0.16946264182313725,0.9172442572270822,False,IndividualPropertyAtom,Reward,0.4591816107340214,0.08939130203804733,0.125,8,indirect,0.17873742851349544,,N/A
_:b274,Stash,0.3446659252688983,0.16946262028190465,0.9172442572270822,False,IndividualPropertyAtom,Reward,0.45918159166053507,0.08939130203804733,0.125,8,indirect,0.17873742016884514,,N/A
_:b263,Stash,0.3446659252688983,0.16946262028190465,0.9172442572270822,False,IndividualPropertyAtom,Reward,0.45918159166053507,0.08939130203804733,0.125,8,indirect,0.17873742016884514,,N/A
_:b29,Tiny_stash,0.11319038006124885,0.17070141982943285,0.0415518252487452,False,Restriction,Reward,0.09886266909874812,0.21361775464315336,0.16666666666666666,6,indirect,0.17846817353948677,nil | _:b28 | Participation | _:b72 | Buil-in_Data_Types,_:b29 → _:b28 → nil → _:b72 → Participation → Buil-in_Data_Types → Tiny_stash
Performance,Level_Up,0.11310274994007605,0.15303960610735678,1.0,False,NamedIndividual,Level,0.29048219995206087,0.21358985357974888,0.16666666666666666,6,indirect,0.17841936730586339,nil | Participation | _:b83 | _:b72 | Buil-in_Data_Types,Performance → _:b83 → nil → _:b72 → Participation → Buil-in_Data_Types → Level_Up
Novice,Level_Up,0.11310274994007605,0.15303960610735678,1.0,False,NamedIndividual,Level,0.29048219995206087,0.21358985357974888,0.16666666666666666,6,indirect,0.17841936730586339,nil | Participation | _:b186 | _:b72 | Buil-in_Data_Types,Novice → _:b186 → nil → _:b72 → Participation → Buil-in_Data_Types → Level_Up
_:b35,Tiny_stash,0.11251301140339942,0.17115016201672703,0.0415518252487452,False,Restriction,Reward,0.09832077417246858,0.21361545352452205,0.16666666666666666,6,indirect,0.17822959878212913,nil | _:b34 | Participation | _:b72 | Buil-in_Data_Types,_:b35 → _:b34 → nil → _:b72 → Participation → Buil-in_Data_Types → Tiny_stash
_:b41,Tiny_stash,0.11250845478485871,0.17115235619812078,0.0415518252487452,False,Restriction,Reward,0.09831712887763601,0.21361445985965855,0.16666666666666666,6,indirect,0.17822735808347862,nil | _:b40 | Participation | _:b72 | Buil-in_Data_Types,_:b41 → _:b40 → nil → _:b72 → Participation → Buil-in_Data_Types → Tiny_stash
_:b47,Tiny_stash,0.11250653523149001,0.17115332888441537,0.0415518252487452,False,Restriction,Reward,0.09831559323494106,0.21361404147445284,0.16666666666666666,6,indirect,0.17822641428941585,nil | _:b46 | Participation | _:b72 | Buil-in_Data_Types,_:b47 → _:b46 → nil → _:b72 → Participation → Buil-in_Data_Types → Tiny_stash
_:b52,Tiny_stash,0.11250571125192135,0.17115372566950798,0.0415518252487452,False,Restriction,Reward,0.09831493405128612,0.21361388458000072,0.16666666666666666,6,indirect,0.17822602391517295,nil | _:b51 | Participation | _:b72 | Buil-in_Data_Types,_:b52 → _:b51 → nil → _:b72 → Participation → Buil-in_Data_Types → Tiny_stash
_:b68,Stash,0.3429801657818671,0.1666478697053777,0.9172442572270822,False,IndividualPropertyAtom,Reward,0.4578329840709101,0.08939130203804733,0.125,8,indirect,0.17814740434838422,,N/A
_:b280,Stash,0.3429801657818671,0.1666478697053777,0.9172442572270822,False,IndividualPropertyAtom,Reward,0.4578329840709101,0.08939130203804733,0.125,8,indirect,0.17814740434838422,,N/A
_:b250,Stash,0.3429801657818671,0.1666478697053777,0.9172442572270822,False,IndividualPropertyAtom,Reward,0.4578329840709101,0.08939130203804733,0.125,8,indirect,0.17814740434838422,,N/A
_:b79,Stash,0.3429801657818671,0.1666478697053777,0.9172442572270822,False,IndividualPropertyAtom,Reward,0.4578329840709101,0.08939130203804733,0.125,8,indirect,0.17814740434838422,,N/A
Creating_linked_screens,Tiny_stash,0.24499210179442077,0.14210270846425688,0.0415518252487452,False,GamifiedResource,Reward,0.2043040464852857,0.14189130203804734,0.2,5,indirect,0.17797658195277805,,N/A
created_at,Level_Up,0.31920356213069195,0.12788338681062333,1.0,False,AnnotationProperty,Level,0.4553628497045536,0.10189130203804733,0.14285714285714285,7,indirect,0.17795059307047295,,N/A
issue,Level_Up,0.31920350848651163,0.1278833163840519,1.0,False,AnnotationProperty,Level,0.4553628067892093,0.10189130203804733,0.14285714285714285,7,indirect,0.17795057429500982,,N/A
Task_about_Polymorphism,bonusPoints,0.3747667015136595,0.07366202375427171,0.0,False,GamifiedResource,BonusPoints,0.2998133612109276,0.07189130203804733,0.1,10,indirect,0.1778976918545116,,N/A
_:b90,Level_Up,0.3417221163980928,0.07740061353792305,1.0,False,ClassAtom,Level,0.4733776931184743,0.08939130203804733,0.125,8,indirect,0.17770708706406324,,N/A
_:b61,Level_Up,0.341236866896628,0.12187675380841502,1.0,False,Restriction,Level,0.47298949351730246,0.08939130203804733,0.125,8,indirect,0.17753724973855056,,N/A
_:b59,Level_Up,0.341236866896628,0.12187675380841502,1.0,False,Restriction,Level,0.47298949351730246,0.08939130203804733,0.125,8,indirect,0.17753724973855056,,N/A
Level_Up,Motrain,0.13132756000468998,0.18150451723693842,0.0,False,Level,GameElementResource,0.10506204800375199,0.20194294646187472,0.16666666666666666,6,indirect,0.17722756120186006,OOPCourseCommunity | IK_GE_Motrain | RF_GE_Motrain | LevelGE | IK_GE_LevelUp,Level_Up → LevelGE → IK2 → OOPCourseCommunity → IK_GE_Motrain → RF_GE_Motrain → Motrain
Motrain,BLockGame,0.10033439993510432,0.1656611268824659,0.12935257077791257,False,GameElementResource,Badge,0.10613803410366597,0.2184932235941335,0.16666666666666666,6,indirect,0.1771376353134733,OOPCourseCommunity | IK_GE_Motrain | IK_GE_BlockGame | RF_GE_Motrain | RF_GE_BloackGame,Motrain → RF_GE_Motrain → IK_GE_Motrain → OOPCourseCommunity → IK_GE_BlockGame → RF_GE_BloackGame → BLockGame
Expert,Tiny_stash,0.15866290078775147,0.1759778547496075,0.0415518252487452,False,GamificationExperience,Reward,0.13524068567995023,0.18664705267732687,0.2,5,indirect,0.17685259951597548,ObjectOrientedProgramming | Variables | Java_Basics | Adam | nil,Expert → Adam → ObjectOrientedProgramming → Java_Basics → Variables → Tiny_stash
_:b48,Tiny_stash,0.10832781104055558,0.17333807279989394,0.0415518252487452,False,Class,Reward,0.09497261388219351,0.21359126562981812,0.16666666666666666,6,indirect,0.17674905652357623,nil | Participation | _:b43 | _:b72 | Buil-in_Data_Types,_:b48 → _:b43 → nil → _:b72 → Participation → Buil-in_Data_Types → Tiny_stash
ExperiencePointsLeaderboard,Level_Up,0.31502840604723187,0.0817392503230738,1.0,False,Class,Level,0.4520227248377855,0.10189130203804733,0.14285714285714285,7,indirect,0.1764892884412619,,N/A
GUI_Elements,bonusPoints,0.37069573728512567,0.07314159774576906,0.0,False,GamifiedResource,BonusPoints,0.29655658982810057,0.07189130203804733,0.1,10,indirect,0.17647285437452476,,N/A
Task_about_GUI,bonusPoints,0.37030488515194415,0.07310516101384432,0.0,False,GamifiedResource,BonusPoints,0.2962439081215553,0.07189130203804733,0.1,10,indirect,0.17633605612791123,,N/A
Class_attributes_and_functions,bonusPoints,0.3699671070320615,0.07483973610251846,0.0,False,GamifiedResource,BonusPoints,0.2959736856256492,0.07189130203804733,0.1,10,indirect,0.1762178337859523,,N/A
ExperiencePoints,Level_Up,0.31291951483679725,0.08274718623766711,1.0,False,Class,Level,0.4503356118694378,0.10189130203804733,0.14285714285714285,7,indirect,0.1757511765176098,,N/A
Motrain,Level_Up,0.12699933362828653,0.164999068030874,1.0,False,GameElementResource,Level,0.30159946690262923,0.20194294646187472,0.16666666666666666,6,indirect,0.17571268197011886,OOPCourseCommunity | IK_GE_Motrain | RF_GE_Motrain | LevelGE | IK_GE_LevelUp,Motrain → RF_GE_Motrain → IK_GE_Motrain → OOPCourseCommunity → IK2 → LevelGE → Level_Up
InputPole,BLockGame,0.3528382118968228,0.2136542700412941,0.12935257077791257,False,Class,Badge,0.30814108367304077,0.0796690798158251,0.1111111111111111,9,indirect,0.17527827604417429,,N/A
PerceptionPole,BLockGame,0.3528382118968228,0.2136542700412941,0.12935257077791257,False,Class,Badge,0.30814108367304077,0.0796690798158251,0.1111111111111111,9,indirect,0.17527827604417429,,N/A
stringEqualIgnoreCase,BLockGame,0.33448345491174825,0.19494683932618986,0.12935257077791257,False,unknown,Badge,0.2934572780849811,0.08939130203804733,0.125,8,indirect,0.17517355554384265,,N/A
Advanced,Level_Up,0.10334656504769021,0.15731355974347605,1.0,False,unknown,Level,0.2826772520381522,0.21358993202697496,0.16666666666666666,6,indirect,0.1750047535842253,nil | Participation | _:b197 | _:b72 | Buil-in_Data_Types,Advanced → _:b197 → nil → _:b72 → Participation → Buil-in_Data_Types → Level_Up
Motivation,Level_Up,0.10334633788290903,0.15731368779313507,1.0,False,unknown,Level,0.28267707030632727,0.21358985357974888,0.16666666666666666,6,indirect,0.17500462308585496,nil | Participation | _:b284 | _:b72 | Buil-in_Data_Types,Motivation → _:b284 → nil → _:b72 → Participation → Buil-in_Data_Types → Level_Up
_:b189,Level_Up,0.30886003258106454,0.09147151524981079,1.0,False,AtomList,Level,0.44708802606485165,0.10189130203804733,0.14285714285714285,7,indirect,0.17433035772810335,,N/A
onlineCourse,Tiny_stash,0.10074675344064617,0.16363046636506598,0.0415518252487452,False,Class,Reward,0.08890776780226597,0.21392481364706012,0.2,5,indirect,0.17431249257481524,Course | ObjectOrientedProgramming | Variables | Java_Basics | Strings,onlineCourse → Course → ObjectOrientedProgramming → Java_Basics → Variables → Tiny_stash
_:b127,Level_Up,0.3085380824319928,0.09169183924254312,1.0,False,AtomList,Level,0.4468304659455943,0.10189130203804733,0.14285714285714285,7,indirect,0.17421767517592823,,N/A
_:b64,Level_Up,0.3085380824319928,0.09169183924254312,1.0,False,AtomList,Level,0.4468304659455943,0.10189130203804733,0.14285714285714285,7,indirect,0.17421767517592823,,N/A
_:b220,Level_Up,0.3085380824319928,0.09169183924254312,1.0,False,AtomList,Level,0.4468304659455943,0.10189130203804733,0.14285714285714285,7,indirect,0.17421767517592823,,N/A
_:b209,Level_Up,0.3085380824319928,0.09169183924254312,1.0,False,AtomList,Level,0.4468304659455943,0.10189130203804733,0.14285714285714285,7,indirect,0.17421767517592823,,N/A
_:b138,Level_Up,0.3085380824319928,0.09169183924254312,1.0,False,AtomList,Level,0.4468304659455943,0.10189130203804733,0.14285714285714285,7,indirect,0.17421767517592823,,N/A
_:b265,Level_Up,0.3085380824319928,0.09169183924254312,1.0,False,AtomList,Level,0.4468304659455943,0.10189130203804733,0.14285714285714285,7,indirect,0.17421767517592823,,N/A
_:b156,Level_Up,0.3085380824319928,0.09169183924254312,1.0,False,AtomList,Level,0.4468304659455943,0.10189130203804733,0.14285714285714285,7,indirect,0.17421767517592823,,N/A
_:b75,Level_Up,0.3085380824319928,0.09169183924254312,1.0,False,AtomList,Level,0.4468304659455943,0.10189130203804733,0.14285714285714285,7,indirect,0.17421767517592823,,N/A
_:b118,Level_Up,0.3085380824319928,0.09169183924254312,1.0,False,AtomList,Level,0.4468304659455943,0.10189130203804733,0.14285714285714285,7,indirect,0.17421767517592823,,N/A
_:b86,Level_Up,0.3085380824319928,0.09169183924254312,1.0,False,AtomList,Level,0.4468304659455943,0.10189130203804733,0.14285714285714285,7,indirect,0.17421767517592823,,N/A
_:b167,Level_Up,0.3085380824319928,0.09169183924254312,1.0,False,AtomList,Level,0.4468304659455943,0.10189130203804733,0.14285714285714285,7,indirect,0.17421767517592823,,N/A
_:b246,Level_Up,0.3085380824319928,0.09169183924254312,1.0,False,AtomList,Level,0.4468304659455943,0.10189130203804733,0.14285714285714285,7,indirect,0.17421767517592823,,N/A
_:b109,Level_Up,0.3085380824319928,0.09169183924254312,1.0,False,AtomList,Level,0.4468304659455943,0.10189130203804733,0.14285714285714285,7,indirect,0.17421767517592823,,N/A
_:b276,Level_Up,0.3085380824319928,0.09169183924254312,1.0,False,AtomList,Level,0.4468304659455943,0.10189130203804733,0.14285714285714285,7,indirect,0.17421767517592823,,N/A
_:b178,Level_Up,0.3085380824319928,0.09169183924254312,1.0,False,AtomList,Level,0.4468304659455943,0.10189130203804733,0.14285714285714285,7,indirect,0.17421767517592823,,N/A
_:b200,Level_Up,0.3085380824319928,0.09169183924254312,1.0,False,AtomList,Level,0.4468304659455943,0.10189130203804733,0.14285714285714285,7,indirect,0.17421767517592823,,N/A
Tom,Stash,0.11908745002205312,0.15297991753892642,0.9172442572270822,False,Learner,Reward,0.27871881146305894,0.20349207347063578,0.2,5,indirect,0.17395045526363187,ObjectOrientedProgramming | Java_Basics | Audience_A | Functions | Control_Statements,Tom → Audience_A → ObjectOrientedProgramming → Java_Basics → Functions → Stash
Sofia,Stash,0.11908745002205312,0.15297991753892642,0.9172442572270822,False,Learner,Reward,0.27871881146305894,0.20349207347063578,0.2,5,indirect,0.17395045526363187,ObjectOrientedProgramming | Java_Basics | Audience_A | Functions | Control_Statements,Sofia → Audience_A → ObjectOrientedProgramming → Java_Basics → Functions → Stash
_:b175,BLockGame,0.15326847558970305,0.1805826006430271,0.12935257077791257,False,unknown,Badge,0.14848529462734494,0.18452487615331176,0.16666666666666666,6,indirect,0.17358513595604871,ObjectOrientedProgramming | Expert | Java_Basics | Adam | Control_Statements,_:b175 → Expert → Adam → ObjectOrientedProgramming → Java_Basics → Control_Statements → BLockGame
_:b164,BLockGame,0.15326847558970305,0.1805826006430271,0.12935257077791257,False,unknown,Badge,0.14848529462734494,0.18451484611512176,0.16666666666666666,6,indirect,0.1735786164312252,ObjectOrientedProgramming | Beginner | Java_Basics | Sara | Control_Statements,_:b164 → Beginner → Sara → ObjectOrientedProgramming → Java_Basics → Control_Statements → BLockGame
Multi-level_inheritance,bonusPoints,0.3478820679091027,0.07176959143424082,0.0,False,GamifiedResource,BonusPoints,0.27830565432728216,0.0796690798158251,0.1111111111111111,9,indirect,0.17354362564847226,,N/A
res,bonusPoints,0.23161393320853038,0.0903829942154048,0.0,False,Variable,BonusPoints,0.18529114656682433,0.14189130203804734,0.2,5,indirect,0.1732942229477164,,N/A
CompositeResource,bonusPoints,0.16649669933602668,0.15099888920900192,0.0,False,unknown,BonusPoints,0.13319735946882136,0.17689130203804734,0.25,4,indirect,0.1732531910923401,,N/A
_:b96,Level_Up,0.34683993458530565,0.07381048121609406,1.0,False,ClassAtom,Level,0.4774719476682445,0.0796690798158251,0.1111111111111111,9,indirect,0.17317887898514328,,N/A
offersCourse,BLockGame,0.11636448411097704,0.17100164950090863,0.12935257077791257,False,TransitiveProperty,Badge,0.11896210144436416,0.20372174951584265,0.2,5,indirect,0.1731467066241397,Course | ObjectOrientedProgramming | Java_Basics | Control_Statements | Task_about_Java_Basics,offersCourse → Course → ObjectOrientedProgramming → Java_Basics → Control_Statements → BLockGame
hasTargetAudience,BLockGame,0.1162935435673241,0.17104562971218715,0.12935257077791257,False,ObjectProperty,Badge,0.1189053490094418,0.20372174951584265,0.2,5,indirect,0.17312187743386118,Course | ObjectOrientedProgramming | Java_Basics | Control_Statements | Task_about_Java_Basics,hasTargetAudience → Course → ObjectOrientedProgramming → Java_Basics → Control_Statements → BLockGame
leçon 3 du cours Programmation Orientée Objet,Stash,0.11666214726340225,0.15788352065591232,0.9172442572270822,False,unknown,Reward,0.27677856925613825,0.20351009454173502,0.2,5,indirect,0.17311331299431856,Class_Methods_and_Constructors | Java_Basics | Functions | Classes_and_Objects | ObjectOrientedProgramming,leçon 3 du cours Programmation Orientée Objet → Class_Methods_and_Constructors → Classes_and_Objects → Java_Basics → Functions → Stash
lesson 3 for the course Object Oriented Programming,Stash,0.11666214726340225,0.15788352065591232,0.9172442572270822,False,unknown,Reward,0.27677856925613825,0.20351009454173502,0.2,5,indirect,0.17311331299431856,Class_Methods_and_Constructors | Java_Basics | Functions | Classes_and_Objects | ObjectOrientedProgramming,lesson 3 for the course Object Oriented Programming → Class_Methods_and_Constructors → Classes_and_Objects → Java_Basics → Functions → Stash
RFK_L8_R1,Level_Up,0.12865089064790905,0.17100063308037625,1.0,False,ReferenceKey,Level,0.30292071251832725,0.196982435488023,0.2,5,indirect,0.1730663947939831,OOPCourseCommunity | JavaTryCatch | LevelGE | DataTypes | ReferenceKey1,RFK_L8_R1 → JavaTryCatch → OOPCourseCommunity → IK2 → LevelGE → Level_Up
RFK_L7_R2,Level_Up,0.12865089064790905,0.17100063308037625,1.0,False,ReferenceKey,Level,0.30292071251832725,0.196982435488023,0.2,5,indirect,0.1730663947939831,OOPCourseCommunity | JavaEventListener | LevelGE | DataTypes | ReferenceKey1,RFK_L7_R2 → JavaEventListener → OOPCourseCommunity → IK2 → LevelGE → Level_Up
RFK_L7_R4,Level_Up,0.12865089064790905,0.17100063308037625,1.0,False,ReferenceKey,Level,0.30292071251832725,0.196982435488023,0.2,5,indirect,0.1730663947939831,OOPCourseCommunity | JavaEventTypes | LevelGE | DataTypes | ReferenceKey1,RFK_L7_R4 → JavaEventTypes → OOPCourseCommunity → IK2 → LevelGE → Level_Up
RFK_L6_R2,Level_Up,0.12865089064790905,0.17100063308037625,1.0,False,ReferenceKey,Level,0.30292071251832725,0.196982435488023,0.2,5,indirect,0.1730663947939831,OOPCourseCommunity | JavaFX | LevelGE | DataTypes | ReferenceKey1,RFK_L6_R2 → JavaFX → OOPCourseCommunity → IK2 → LevelGE → Level_Up
RFK_L5_R5,Level_Up,0.12865089064790905,0.17100063308037625,1.0,False,ReferenceKey,Level,0.30292071251832725,0.196982435488023,0.2,5,indirect,0.1730663947939831,OOPCourseCommunity | JavaOverloadedConstructors | LevelGE | DataTypes | ReferenceKey1,RFK_L5_R5 → JavaOverloadedConstructors → OOPCourseCommunity → IK2 → LevelGE → Level_Up
RFK_L5_R2,Level_Up,0.12865089064790905,0.17100063308037625,1.0,False,ReferenceKey,Level,0.30292071251832725,0.196982435488023,0.2,5,indirect,0.1730663947939831,OOPCourseCommunity | JavaOverloading | LevelGE | DataTypes | ReferenceKey1,RFK_L5_R2 → JavaOverloading → OOPCourseCommunity → IK2 → LevelGE → Level_Up
RFK_L7_R3,Level_Up,0.12865089064790905,0.17100063308037625,1.0,False,ReferenceKey,Level,0.30292071251832725,0.196982435488023,0.2,5,indirect,0.1730663947939831,OOPCourseCommunity | JavaTaskEventHandlerListener | LevelGE | DataTypes | ReferenceKey1,RFK_L7_R3 → JavaTaskEventHandlerListener → OOPCourseCommunity → IK2 → LevelGE → Level_Up
RFK_L6_R4,Level_Up,0.12865089064790905,0.17100063308037625,1.0,False,ReferenceKey,Level,0.30292071251832725,0.196982435488023,0.2,5,indirect,0.1730663947939831,OOPCourseCommunity | JavaGUILinkedScreens | LevelGE | DataTypes | ReferenceKey1,RFK_L6_R4 → JavaGUILinkedScreens → OOPCourseCommunity → IK2 → LevelGE → Level_Up
RFK_L6_R1,Level_Up,0.12865089064790905,0.17100063308037625,1.0,False,ReferenceKey,Level,0.30292071251832725,0.196982435488023,0.2,5,indirect,0.1730663947939831,OOPCourseCommunity | JavaGUIElements | LevelGE | DataTypes | ReferenceKey1,RFK_L6_R1 → JavaGUIElements → OOPCourseCommunity → IK2 → LevelGE → Level_Up
RFK_L8_R3,Level_Up,0.12865089064790905,0.17100063308037625,1.0,False,ReferenceKey,Level,0.30292071251832725,0.196982435488023,0.2,5,indirect,0.1730663947939831,OOPCourseCommunity | TaskJavaExceptions | LevelGE | DataTypes | ReferenceKey1,RFK_L8_R3 → TaskJavaExceptions → OOPCourseCommunity → IK2 → LevelGE → Level_Up
RFK_L1_R7,Level_Up,0.12865089064790905,0.17100063308037625,1.0,False,ReferenceKey,Level,0.30292071251832725,0.196982435488023,0.2,5,indirect,0.1730663947939831,OOPCourseCommunity | JavaArithmeticOperations | LevelGE | DataTypes | ReferenceKey1,RFK_L1_R7 → JavaArithmeticOperations → OOPCourseCommunity → IK2 → LevelGE → Level_Up
RFK_L7_R1,Level_Up,0.12865089064790905,0.17100063308037625,1.0,False,ReferenceKey,Level,0.30292071251832725,0.196982435488023,0.2,5,indirect,0.1730663947939831,OOPCourseCommunity | JavaEvents | LevelGE | DataTypes | ReferenceKey1,RFK_L7_R1 → JavaEvents → OOPCourseCommunity → IK2 → LevelGE → Level_Up
RFK_L8_R4,Level_Up,0.12865089064790905,0.17100063308037625,1.0,False,ReferenceKey,Level,0.30292071251832725,0.196982435488023,0.2,5,indirect,0.1730663947939831,OOPCourseCommunity | JavaExceptionTypes | LevelGE | DataTypes | ReferenceKey1,RFK_L8_R4 → JavaExceptionTypes → OOPCourseCommunity → IK2 → LevelGE → Level_Up
RFK_L9_R1,Level_Up,0.12865089064790905,0.17100063308037625,1.0,False,ReferenceKey,Level,0.30292071251832725,0.196982435488023,0.2,5,indirect,0.1730663947939831,OOPCourseCommunity | JavaFiles | LevelGE | DataTypes | ReferenceKey1,RFK_L9_R1 → JavaFiles → OOPCourseCommunity → IK2 → LevelGE → Level_Up
RFK_L9_R3,Level_Up,0.12865089064790905,0.17100063308037625,1.0,False,ReferenceKey,Level,0.30292071251832725,0.196982435488023,0.2,5,indirect,0.1730663947939831,OOPCourseCommunity | JavaDelimiters | LevelGE | DataTypes | ReferenceKey1,RFK_L9_R3 → JavaDelimiters → OOPCourseCommunity → IK2 → LevelGE → Level_Up
RFK_L8_R2,Level_Up,0.12865089064790905,0.17100063308037625,1.0,False,ReferenceKey,Level,0.30292071251832725,0.196982435488023,0.2,5,indirect,0.1730663947939831,OOPCourseCommunity | JavaExceptions | LevelGE | DataTypes | ReferenceKey1,RFK_L8_R2 → JavaExceptions → OOPCourseCommunity → IK2 → LevelGE → Level_Up
RFK_L9_R2,Level_Up,0.12865089064790905,0.17100063308037625,1.0,False,ReferenceKey,Level,0.30292071251832725,0.196982435488023,0.2,5,indirect,0.1730663947939831,OOPCourseCommunity | JavaIOStreams | LevelGE | DataTypes | ReferenceKey1,RFK_L9_R2 → JavaIOStreams → OOPCourseCommunity → IK2 → LevelGE → Level_Up
RFK_L6_R3,Level_Up,0.12865089064790905,0.17100063308037625,1.0,False,ReferenceKey,Level,0.30292071251832725,0.196982435488023,0.2,5,indirect,0.1730663947939831,OOPCourseCommunity | TaskJavaGUI | LevelGE | DataTypes | ReferenceKey1,RFK_L6_R3 → TaskJavaGUI → OOPCourseCommunity → IK2 → LevelGE → Level_Up
RFK_L5_R4,Level_Up,0.12865089064790905,0.17100063308037625,1.0,False,ReferenceKey,Level,0.30292071251832725,0.196982435488023,0.2,5,indirect,0.1730663947939831,OOPCourseCommunity | TaskJavaPolymorphism | LevelGE | DataTypes | ReferenceKey1,RFK_L5_R4 → TaskJavaPolymorphism → OOPCourseCommunity → IK2 → LevelGE → Level_Up
RFK_L5_R3,Level_Up,0.12865089064790905,0.17100063308037625,1.0,False,ReferenceKey,Level,0.30292071251832725,0.196982435488023,0.2,5,indirect,0.1730663947939831,OOPCourseCommunity | JavaOverriding | LevelGE | DataTypes | ReferenceKey1,RFK_L5_R3 → JavaOverriding → OOPCourseCommunity → IK2 → LevelGE → Level_Up
RFK_L5_R1,Level_Up,0.12865089064790905,0.17100063308037625,1.0,False,ReferenceKey,Level,0.30292071251832725,0.196982435488023,0.2,5,indirect,0.1730663947939831,OOPCourseCommunity | JavaArgumentsParameters | LevelGE | DataTypes | ReferenceKey1,RFK_L5_R1 → JavaArgumentsParameters → OOPCourseCommunity → IK2 → LevelGE → Level_Up
_:b98,Level_Up,0.3461948987974604,0.07421540886111991,1.0,False,ClassAtom,Level,0.47695591903796836,0.0796690798158251,0.1111111111111111,9,indirect,0.17295311645939745,,N/A
bonus resource for lesson 5 Class Methods and Constructors,BLockGame,0.07950054374507319,0.16478886265661047,0.12935257077791257,False,unknown,Badge,0.08947094915164107,0.22319659131611583,0.25,4,indirect,0.17290297466625093,Overloaded_constructors | Task_about_Java_Basics | Level_Up | ObjectOrientedProgramming | Control_Statements,bonus resource for lesson 5 Class Methods and Constructors → Overloaded_constructors → Level_Up → Task_about_Java_Basics → BLockGame
ressource bonus pour la leçon 5 Méthodes et constructeurs de classe,BLockGame,0.07950054374507319,0.16478886265661047,0.12935257077791257,False,unknown,Badge,0.08947094915164107,0.22319659131611583,0.25,4,indirect,0.17290297466625093,Overloaded_constructors | Task_about_Java_Basics | Level_Up | ObjectOrientedProgramming | Control_Statements,ressource bonus pour la leçon 5 Méthodes et constructeurs de classe → Overloaded_constructors → Level_Up → Task_about_Java_Basics → BLockGame
bonus material for lesson 2 classes and objects,Tiny_stash,0.09700796546845837,0.1684986029485743,0.0415518252487452,False,unknown,Reward,0.08591673742451574,0.2136840896175155,0.2,5,indirect,0.1728474461653455,Variables | Classes_and_Objects | Java_Basics | Arrays | ObjectOrientedProgramming,bonus material for lesson 2 classes and objects → Arrays → Classes_and_Objects → Java_Basics → Variables → Tiny_stash
_:b31,Level_Up,0.3039598363260402,0.08735993531819433,1.0,False,unknown,Level,0.44316786906083216,0.10189130203804733,0.14285714285714285,7,indirect,0.17261528903884482,,N/A
_:b191,Stash,0.34479351723673723,0.1694096245262153,0.9172442572270822,False,IndividualPropertyAtom,Reward,0.45928366523480624,0.0796690798158251,0.1111111111111111,9,indirect,0.17246263291314434,,N/A
_:b180,Stash,0.3446659252688983,0.16946262028190465,0.9172442572270822,False,IndividualPropertyAtom,Reward,0.45918159166053507,0.0796690798158251,0.1111111111111111,9,indirect,0.1724179757244007,,N/A
_:b158,Stash,0.3446659252688983,0.16946262028190465,0.9172442572270822,False,IndividualPropertyAtom,Reward,0.45918159166053507,0.0796690798158251,0.1111111111111111,9,indirect,0.1724179757244007,,N/A
_:b169,Stash,0.3446659252688983,0.16946262028190465,0.9172442572270822,False,IndividualPropertyAtom,Reward,0.45918159166053507,0.0796690798158251,0.1111111111111111,9,indirect,0.1724179757244007,,N/A
leçon 9 du cours Programmation Orientée Objet,Stash,0.11440026971553818,0.15693957574615489,0.9172442572270822,False,unknown,Reward,0.274969067217847,0.20349207347063578,0.2,5,indirect,0.17230994215635165,ObjectOrientedProgramming | Java_Basics | Input_and_Output_Stream | Functions | Control_Statements,leçon 9 du cours Programmation Orientée Objet → Input_and_Output_Stream → ObjectOrientedProgramming → Java_Basics → Functions → Stash
lesson 9 for the course Object Oriented Programming,Stash,0.11440026971553818,0.15693957574615489,0.9172442572270822,False,unknown,Reward,0.274969067217847,0.20349207347063578,0.2,5,indirect,0.17230994215635165,ObjectOrientedProgramming | Java_Basics | Input_and_Output_Stream | Functions | Control_Statements,lesson 9 for the course Object Oriented Programming → Input_and_Output_Stream → ObjectOrientedProgramming → Java_Basics → Functions → Stash
lesson 6 for the course Object Oriented Programming,Stash,0.11375648063671481,0.1568668882422264,0.9172442572270822,False,unknown,Reward,0.2744540359547883,0.20353140603814984,0.2,5,indirect,0.1721101821476476,ObjectOrientedProgramming | Graphical_User_Interface | Java_Basics | Functions | Control_Statements,lesson 6 for the course Object Oriented Programming → Graphical_User_Interface → ObjectOrientedProgramming → Java_Basics → Functions → Stash
leçon 6 du cours Programmation Orientée Objet,Stash,0.11375648063671481,0.1568668882422264,0.9172442572270822,False,unknown,Reward,0.2744540359547883,0.20353140603814984,0.2,5,indirect,0.1721101821476476,ObjectOrientedProgramming | Graphical_User_Interface | Java_Basics | Functions | Control_Statements,leçon 6 du cours Programmation Orientée Objet → Graphical_User_Interface → ObjectOrientedProgramming → Java_Basics → Functions → Stash
Task_about_Inheritance,bonusPoints,0.3579158046767456,0.0642251032774563,0.0,False,GamifiedResource,BonusPoints,0.2863326437413965,0.07189130203804733,0.1,10,indirect,0.17199987796159172,,N/A
_:b134,Stash,0.34345923662356875,0.16796114525553965,0.9172442572270822,False,IndividualPropertyAtom,Reward,0.4582162407442715,0.0796690798158251,0.1111111111111111,9,indirect,0.17199563469853538,,N/A
_:b151,Stash,0.34345923662356875,0.16796114525553965,0.9172442572270822,False,IndividualPropertyAtom,Reward,0.4582162407442715,0.0796690798158251,0.1111111111111111,9,indirect,0.17199563469853538,,N/A
_:b145,Stash,0.34345923662356875,0.16796114525553965,0.9172442572270822,False,IndividualPropertyAtom,Reward,0.4582162407442715,0.0796690798158251,0.1111111111111111,9,indirect,0.17199563469853538,,N/A
_:b227,Stash,0.34345923662356875,0.16796114525553965,0.9172442572270822,False,IndividualPropertyAtom,Reward,0.4582162407442715,0.0796690798158251,0.1111111111111111,9,indirect,0.17199563469853538,,N/A
_:b216,Stash,0.34345923662356875,0.16796114525553965,0.9172442572270822,False,IndividualPropertyAtom,Reward,0.4582162407442715,0.0796690798158251,0.1111111111111111,9,indirect,0.17199563469853538,,N/A
Explorer,Stash,0.11300736098110523,0.15835584630426977,0.9172442572270822,False,unknown,Reward,0.27385474023030065,0.20348104727719415,0.2,5,indirect,0.17181525707356304,ObjectOrientedProgramming | Java_Basics | Sara | Functions | Control_Statements,Explorer → Sara → ObjectOrientedProgramming → Java_Basics → Functions → Stash
Creating_linked_screens,BLockGame,0.22653695077017386,0.1616410978765881,0.12935257077791257,False,GamifiedResource,Badge,0.2071000747717216,0.14189130203804734,0.2,5,indirect,0.17151727909429162,,N/A
leçon 8 du cours Programmation Orientée Objet,Stash,0.11182785160624091,0.1567334027316924,0.9172442572270822,False,unknown,Reward,0.2729111327304092,0.20361591113334077,0.2,5,indirect,0.1714900902988558,Exception_Handling | ObjectOrientedProgramming | Java_Basics | Functions | Control_Statements,leçon 8 du cours Programmation Orientée Objet → Exception_Handling → ObjectOrientedProgramming → Java_Basics → Functions → Stash
lesson 8 for the course Object Oriented Programming,Stash,0.11182785160624091,0.1567334027316924,0.9172442572270822,False,unknown,Reward,0.2729111327304092,0.20361591113334077,0.2,5,indirect,0.1714900902988558,Exception_Handling | ObjectOrientedProgramming | Java_Basics | Functions | Control_Statements,lesson 8 for the course Object Oriented Programming → Exception_Handling → ObjectOrientedProgramming → Java_Basics → Functions → Stash
_:b204,Stash,0.34177423950106495,0.16510689131005768,0.9172442572270822,False,IndividualPropertyAtom,Reward,0.45686824304626844,0.0796690798158251,0.1111111111111111,9,indirect,0.17140588570565904,,N/A
_:b122,Stash,0.3417742335406005,0.16510688598945192,0.9172442572270822,False,IndividualPropertyAtom,Reward,0.45686823827789685,0.0796690798158251,0.1111111111111111,9,indirect,0.1714058836194965,,N/A
_:b113,Stash,0.3417742335406005,0.16510688598945192,0.9172442572270822,False,IndividualPropertyAtom,Reward,0.45686823827789685,0.0796690798158251,0.1111111111111111,9,indirect,0.1714058836194965,,N/A
_:b131,Stash,0.3417742216196715,0.1651068753482432,0.9172442572270822,False,IndividualPropertyAtom,Reward,0.4568682287411537,0.0796690798158251,0.1111111111111111,9,indirect,0.17140587944717134,,N/A
_:b213,Stash,0.3417742216196715,0.1651068753482432,0.9172442572270822,False,IndividualPropertyAtom,Reward,0.4568682287411537,0.0796690798158251,0.1111111111111111,9,indirect,0.17140587944717134,,N/A
_:b142,Stash,0.3417742216196715,0.1651068753482432,0.9172442572270822,False,IndividualPropertyAtom,Reward,0.4568682287411537,0.0796690798158251,0.1111111111111111,9,indirect,0.17140587944717134,,N/A
_:b224,Stash,0.3417742216196715,0.1651068753482432,0.9172442572270822,False,IndividualPropertyAtom,Reward,0.4568682287411537,0.0796690798158251,0.1111111111111111,9,indirect,0.17140587944717134,,N/A
consists_of,BLockGame,0.11085397892105872,0.17384685286562584,0.12935257077791257,False,unknown,Badge,0.1145536972924295,0.20372174951584265,0.2,5,indirect,0.1712180298076683,Course | ObjectOrientedProgramming | Java_Basics | Control_Statements | Task_about_Java_Basics,consists_of → Course → ObjectOrientedProgramming → Java_Basics → Control_Statements → BLockGame
onlineCourse,Stash,0.11065499757210447,0.1571507682507411,0.9172442572270822,False,Class,Reward,0.2719728495031,0.2037286136481235,0.2,5,indirect,0.17115284802151684,Course | ObjectOrientedProgramming | Java_Basics | Functions | Control_Statements,onlineCourse → Course → ObjectOrientedProgramming → Java_Basics → Functions → Stash
bonus material for lesson 2 classes and objects,Stash,0.11116895458034397,0.1582623818352215,0.9172442572270822,False,unknown,Reward,0.2723840151096916,0.20342556765564798,0.2,5,indirect,0.17113575307929157,Classes_and_Objects | Java_Basics | Arrays | Functions | Control_Statements,bonus material for lesson 2 classes and objects → Arrays → Classes_and_Objects → Java_Basics → Functions → Stash
ressource bonus pour la leçon 3 Méthodes et constructeurs de classe,Level_Up,0.12456539306771257,0.1619080813594856,1.0,False,unknown,Level,0.29965231445417007,0.19603518523326563,0.2,5,indirect,0.17102075797532207,Class_Methods_and_Constructors | Static_functions | Multi-level_inheritance | Inheritance | Overloading,ressource bonus pour la leçon 3 Méthodes et constructeurs de classe → Static_functions → Class_Methods_and_Constructors → Inheritance → Multi-level_inheritance → Level_Up
bonus resource for lesson 3 Class Methods and Constructors,Level_Up,0.12456539306771257,0.1619080813594856,1.0,False,unknown,Level,0.29965231445417007,0.19603518523326563,0.2,5,indirect,0.17102075797532207,Class_Methods_and_Constructors | Static_functions | Multi-level_inheritance | Inheritance | Overloading,bonus resource for lesson 3 Class Methods and Constructors → Static_functions → Class_Methods_and_Constructors → Inheritance → Multi-level_inheritance → Level_Up
gel,BLockGame,0.34023750819388027,0.17058540398605945,0.12935257077791257,False,Variable,Badge,0.2980605207106867,0.0796690798158251,0.1111111111111111,9,indirect,0.1708680297481444,,N/A
Tom,Level_Up,0.1263392769799348,0.15160470411268903,1.0,False,Learner,Level,0.30107142158394784,0.19475630866926608,0.2,5,indirect,0.17081034757800012,ObjectOrientedProgramming | Audience_A | Java_Basics | Variables | Task_about_Java_Basics,Tom → Audience_A → ObjectOrientedProgramming → Java_Basics → Task_about_Java_Basics → Level_Up
Sofia,Level_Up,0.1263392769799348,0.15160470411268903,1.0,False,Learner,Level,0.30107142158394784,0.19475630866926608,0.2,5,indirect,0.17081034757800012,ObjectOrientedProgramming | Audience_A | Java_Basics | Variables | Task_about_Java_Basics,Sofia → Audience_A → ObjectOrientedProgramming → Java_Basics → Task_about_Java_Basics → Level_Up
Adam_Phil,BLockGame,0.13911855260918815,0.19205766860547996,0.12935257077791257,False,UserAccount,Badge,0.13716535624293302,0.18750361358057172,0.2,5,indirect,0.1705688422405875,OOPCourseCommunity | ObjectOrientedProgramming | Java_Basics | Adam | OOPTeachers,Adam_Phil → Adam → ObjectOrientedProgramming → Java_Basics → Control_Statements → BLockGame
Task_about_Input_and_Output_Streams,bonusPoints,0.3533067006290085,0.0813199307362373,0.0,False,GamifiedResource,BonusPoints,0.2826453605032068,0.07189130203804733,0.1,10,indirect,0.17038669154488373,,N/A
has_URL,Tiny_stash,0.32039910580818326,0.09302653928851852,0.0415518252487452,False,DatatypeProperty,Reward,0.26462964969629565,0.08939130203804733,0.125,8,indirect,0.17024403335759491,,N/A
EducationalInstitution,Stash,0.14332134181572012,0.15398259967536543,0.9172442572270822,False,unknown,Reward,0.29810592489799254,0.18468890556743534,0.16666666666666666,6,indirect,0.170210258254335,Course | ObjectOrientedProgramming | Java_Basics | offersCourse | Functions,EducationalInstitution → offersCourse → Course → ObjectOrientedProgramming → Java_Basics → Functions → Stash
hasInputPole,Tiny_stash,0.319993386771668,0.09354257621686185,0.0415518252487452,False,ObjectProperty,Reward,0.26430507446708346,0.08939130203804733,0.125,8,indirect,0.17010203169481458,,N/A
hasPerceptionPole,Tiny_stash,0.31999334504841664,0.09354249372887131,0.0415518252487452,False,ObjectProperty,Reward,0.26430504108848235,0.08939130203804733,0.125,8,indirect,0.1701020170916766,,N/A
Course,Motrain,0.31944636018205175,0.10984786239233454,0.0,False,unknown,GameElementResource,0.25555708814564143,0.08939130203804733,0.125,8,indirect,0.16991057238844887,,N/A
Task_about_Exception_Handling,bonusPoints,0.3517831354455652,0.07935673818338021,0.0,False,GamifiedResource,BonusPoints,0.28142650835645217,0.07189130203804733,0.1,10,indirect,0.1698534437306786,,N/A
RF_GE_Motrain,Tiny_stash,0.1337075357703476,0.1975022874764753,0.0415518252487452,False,ReferenceKey,Reward,0.11527639366602713,0.18926586949965463,0.2,5,indirect,0.16982045269439716,OOPCourseCommunity | IK_GE_Motrain | JavaVariables | DataTypes | RFK_L1_R1,RF_GE_Motrain → IK_GE_Motrain → OOPCourseCommunity → IK_GE_TinyStash → RFK_GE_TinyStash → Tiny_stash
Java_FX,bonusPoints,0.35145108981823586,0.06482335001994807,0.0,False,GamifiedResource,BonusPoints,0.2811608718545887,0.07189130203804733,0.1,10,indirect,0.1697372277611133,,N/A
Inheritance_vs_Composition,bonusPoints,0.35133679854840666,0.06489109467839571,0.0,False,GamifiedResource,BonusPoints,0.2810694388387253,0.07189130203804733,0.1,10,indirect,0.1696972258166731,,N/A
Objective,BLockGame,0.350920822024638,0.21481570829285634,0.12935257077791257,False,Class,Badge,0.3066071717752929,0.07189130203804733,0.1,10,indirect,0.16955163403335405,,N/A
leçon 7 du cours Programmation Orientée Objet,Stash,0.10593591113184778,0.1571727269496194,0.9172442572270822,False,unknown,Reward,0.2681975803508947,0.2037428648941923,0.2,5,indirect,0.1695104310773717,Event_Handler_and_Listener | ObjectOrientedProgramming | Java_Basics | Functions | Control_Statements,leçon 7 du cours Programmation Orientée Objet → Event_Handler_and_Listener → ObjectOrientedProgramming → Java_Basics → Functions → Stash
lesson 7 for the course Object Oriented Programming,Stash,0.10593591113184778,0.1571727269496194,0.9172442572270822,False,unknown,Reward,0.2681975803508947,0.2037428648941923,0.2,5,indirect,0.1695104310773717,Event_Handler_and_Listener | ObjectOrientedProgramming | Java_Basics | Functions | Control_Statements,lesson 7 for the course Object Oriented Programming → Event_Handler_and_Listener → ObjectOrientedProgramming → Java_Basics → Functions → Stash
l,BLockGame,0.33632652810059066,0.17231884977858558,0.12935257077791257,False,Variable,Badge,0.29493173663605504,0.0796690798158251,0.1111111111111111,9,indirect,0.16949918671549305,,N/A
b,BLockGame,0.33597291150432723,0.17233168945182634,0.12935257077791257,False,Variable,Badge,0.2946488433590443,0.0796690798158251,0.1111111111111111,9,indirect,0.16937542090680083,,N/A
Sara_12,BLockGame,0.13501947399765304,0.19187473078210543,0.12935257077791257,False,UserAccount,Badge,0.13388609335370494,0.18750361358057172,0.2,5,indirect,0.16913416472655018,OOPCourseCommunity | ObjectOrientedProgramming | Java_Basics | Sara | OOPTeachers,Sara_12 → OOPTeachers → OOPCourseCommunity → IK_GE_BlockGame → RF_GE_BloackGame → BLockGame
lesson 9 for the course Object Oriented Programming,Level_Up,0.12114766570185094,0.1572780878051378,1.0,False,unknown,Level,0.29691813256148075,0.19489790591231676,0.2,5,indirect,0.1690853218386537,ObjectOrientedProgramming | Input_and_Output_Stream | Polymorphism | Overloading | Task_about_Java_Basics,lesson 9 for the course Object Oriented Programming → Input_and_Output_Stream → ObjectOrientedProgramming → Polymorphism → Overloading → Level_Up
leçon 9 du cours Programmation Orientée Objet,Level_Up,0.12114766570185094,0.1572780878051378,1.0,False,unknown,Level,0.29691813256148075,0.19489790591231676,0.2,5,indirect,0.1690853218386537,ObjectOrientedProgramming | Input_and_Output_Stream | Polymorphism | Overloading | Task_about_Java_Basics,leçon 9 du cours Programmation Orientée Objet → Input_and_Output_Stream → ObjectOrientedProgramming → Polymorphism → Overloading → Level_Up
hasPart,BLockGame,0.3494355470398104,0.18821826102334302,0.12935257077791257,False,unknown,Badge,0.30541895178743084,0.07189130203804733,0.1,10,indirect,0.1690317877886644,,N/A
Creating_linked_screens,bonusPoints,0.3494190921840579,0.11091552418278018,0.0,False,GamifiedResource,BonusPoints,0.27953527374724635,0.07189130203804733,0.1,10,indirect,0.16902602858915103,,N/A
equal,BLockGame,0.3344267233949593,0.1949463126777533,0.12935257077791257,False,unknown,Badge,0.29341189287154995,0.0796690798158251,0.1111111111111111,9,indirect,0.16883425506852207,,N/A
RFK_L4_R4,Tiny_stash,0.13389136896290335,0.19739564523679984,0.0415518252487452,False,ReferenceKey,Reward,0.11542346022007173,0.18750508083424444,0.2,5,indirect,0.16874028167927507,OOPCourseCommunity | Super_Keyword | Multi-level_inheritance | Level_Up | JavaSuper,RFK_L4_R4 → Super_Keyword → Multi-level_inheritance → Level_Up → Buil-in_Data_Types → Tiny_stash
Single_level_inheritance,bonusPoints,0.34844671461372967,0.07396077732661667,0.0,False,GamifiedResource,BonusPoints,0.27875737169098375,0.07189130203804733,0.1,10,indirect,0.16868569643953615,,N/A
RFK_L4_R2,Tiny_stash,0.1337238623102434,0.19749284729140476,0.0415518252487452,False,ReferenceKey,Reward,0.11528945489794377,0.1874760698878638,0.2,5,indirect,0.16866279723569666,OOPCourseCommunity | Multi-level_inheritance | Single_level_inheritance | Level_Up | JavaSingleInheritance,RFK_L4_R2 → Single_level_inheritance → Multi-level_inheritance → Level_Up → Buil-in_Data_Types → Tiny_stash
Static_Keyword,bonusPoints,0.3479876560198899,0.07427286487957081,0.0,False,GamifiedResource,BonusPoints,0.2783901248159119,0.07189130203804733,0.1,10,indirect,0.16852502593169222,,N/A
This_Keyword,bonusPoints,0.3479705833698224,0.07428449075289126,0.0,False,GamifiedResource,BonusPoints,0.2783764666958579,0.07189130203804733,0.1,10,indirect,0.1685190505041686,,N/A
Constructors,bonusPoints,0.347963937289977,0.07428901987302154,0.0,False,GamifiedResource,BonusPoints,0.2783711498319816,0.07189130203804733,0.1,10,indirect,0.1685167243762227,,N/A
Access_Modifiers,bonusPoints,0.34787810186814244,0.07434754766092043,0.0,False,GamifiedResource,BonusPoints,0.278302481494514,0.07189130203804733,0.1,10,indirect,0.1684866819785806,,N/A
Packages,bonusPoints,0.3478676149813956,0.07435470065702436,0.0,False,GamifiedResource,BonusPoints,0.2782940919851165,0.07189130203804733,0.1,10,indirect,0.16848301156821924,,N/A
Class_Instance,bonusPoints,0.3478612912995964,0.07435901432076929,0.0,False,GamifiedResource,BonusPoints,0.27828903303967717,0.07189130203804733,0.1,10,indirect,0.1684807982795895,,N/A
Strings,bonusPoints,0.34775679776081947,0.0744303243478674,0.0,False,GamifiedResource,BonusPoints,0.27820543820865556,0.07189130203804733,0.1,10,indirect,0.16844422554101757,,N/A
lesson 8 for the course Object Oriented Programming,Level_Up,0.11859712385620295,0.1569105634907966,1.0,False,unknown,Level,0.29487769908496236,0.1950040524803496,0.2,5,indirect,0.1682616274618983,Exception_Handling | ObjectOrientedProgramming | Polymorphism | Overloading | Task_about_Java_Basics,lesson 8 for the course Object Oriented Programming → Exception_Handling → ObjectOrientedProgramming → Polymorphism → Overloading → Level_Up
leçon 8 du cours Programmation Orientée Objet,Level_Up,0.11859712385620295,0.1569105634907966,1.0,False,unknown,Level,0.29487769908496236,0.1950040524803496,0.2,5,indirect,0.1682616274618983,Exception_Handling | ObjectOrientedProgramming | Polymorphism | Overloading | Task_about_Java_Basics,leçon 8 du cours Programmation Orientée Objet → Exception_Handling → ObjectOrientedProgramming → Polymorphism → Overloading → Level_Up
Super_Keyword,bonusPoints,0.34702922671725595,0.0675326131346522,0.0,False,GamifiedResource,BonusPoints,0.27762338137380477,0.07189130203804733,0.1,10,indirect,0.16818957567577034,,N/A
Control_Statements,bonusPoints,0.34685331878539216,0.07504989015409835,0.0,False,GamifiedResource,BonusPoints,0.27748265502831376,0.07189130203804733,0.1,10,indirect,0.16812800789961801,,N/A
Functions,bonusPoints,0.34682026482565725,0.0737624089543873,0.0,False,GamifiedResource,BonusPoints,0.2774562118605258,0.07189130203804733,0.1,10,indirect,0.1681164390137108,,N/A
lesson 3 for the course Object Oriented Programming,BLockGame,0.10229909220123971,0.16179065040023272,0.12935257077791257,False,unknown,Badge,0.10770978791657429,0.2034835750211452,0.2,5,indirect,0.1680690060341783,Class_Methods_and_Constructors | Java_Basics | Control_Statements | Classes_and_Objects | ObjectOrientedProgramming,lesson 3 for the course Object Oriented Programming → Class_Methods_and_Constructors → Classes_and_Objects → Java_Basics → Control_Statements → BLockGame
leçon 3 du cours Programmation Orientée Objet,BLockGame,0.10229909220123971,0.16179065040023272,0.12935257077791257,False,unknown,Badge,0.10770978791657429,0.2034835750211452,0.2,5,indirect,0.1680690060341783,Class_Methods_and_Constructors | Java_Basics | Control_Statements | Classes_and_Objects | ObjectOrientedProgramming,leçon 3 du cours Programmation Orientée Objet → Class_Methods_and_Constructors → Classes_and_Objects → Java_Basics → Control_Statements → BLockGame
hasKnowledge,Tiny_stash,0.3319342887174622,0.08750833352776789,0.0415518252487452,False,TransitiveProperty,Reward,0.2738577960237188,0.0796690798158251,0.1111111111111111,9,indirect,0.1679619029313981,,N/A
hasGamificationExperience,Tiny_stash,0.3315179226755993,0.08808917048167798,0.0415518252487452,False,ObjectProperty,Reward,0.2735247031902285,0.0796690798158251,0.1111111111111111,9,indirect,0.16781617481674607,,N/A
onlineCourse,Level_Up,0.11682199341353938,0.1587928940674944,1.0,False,Class,Level,0.29345759473083155,0.19510065463587767,0.2,5,indirect,0.16770312320805925,Course | ObjectOrientedProgramming | Polymorphism | Overloading | Task_about_Java_Basics,onlineCourse → Course → ObjectOrientedProgramming → Polymorphism → Overloading → Level_Up
RF_GE_Motrain,BLockGame,0.12779474154789958,0.19274493847031746,0.12935257077791257,False,ReferenceKey,Badge,0.12810630739390216,0.18916021416068024,0.2,5,indirect,0.16768229874620702,OOPCourseCommunity | IK_GE_Motrain | JavaIf | JavaForWhile | IK_GE_BlockGame,RF_GE_Motrain → IK_GE_Motrain → OOPCourseCommunity → IK_GE_BlockGame → RF_GE_BloackGame → BLockGame
_:b94,Stash,0.3454785774088819,0.16913621666738385,0.9172442572270822,False,IndividualPropertyAtom,Reward,0.459831713372522,0.07189130203804733,0.1,10,indirect,0.16764684841783942,,N/A
RFK_L4_R5,Tiny_stash,0.13440226934575755,0.19713549773258127,0.0415518252487452,False,ReferenceKey,Reward,0.11583218052635509,0.18502235951592577,0.2,5,indirect,0.16730532795636688,OOPCourseCommunity | JavaInheritanceComposition | Buil-in_Data_Types | Inheritance_vs_Composition | DataTypes,RFK_L4_R5 → JavaInheritanceComposition → OOPCourseCommunity → IK_GE_TinyStash → RFK_GE_TinyStash → Tiny_stash
_:b255,Level_Up,0.2887250648126512,0.09562502762217388,1.0,False,AtomList,Level,0.430980051850121,0.10189130203804733,0.14285714285714285,7,indirect,0.16728311900915868,,N/A
Loops,bonusPoints,0.34403560313976644,0.07438021521739417,0.0,False,GamifiedResource,BonusPoints,0.27522848251181314,0.07189130203804733,0.1,10,indirect,0.167141807423649,,N/A
_:b99,Level_Up,0.28812321949321784,0.09616072174406234,1.0,False,AtomList,Level,0.4304985755945743,0.10189130203804733,0.14285714285714285,7,indirect,0.16707247314735701,,N/A
RFK_L4_R1,Tiny_stash,0.13370257920104417,0.19750522033153436,0.0415518252487452,False,ReferenceKey,Reward,0.11527242841058438,0.1849390390530881,0.2,5,indirect,0.16700627810487273,OOPCourseCommunity | JavaExtend | Buil-in_Data_Types | DataTypes | ReferenceKey1,RFK_L4_R1 → JavaExtend → OOPCourseCommunity → IK_GE_TinyStash → RFK_GE_TinyStash → Tiny_stash
RFK_L2_R7,BLockGame,0.12893800031593367,0.1926886632428325,0.12935257077791257,False,ReferenceKey,Badge,0.12902091440832947,0.1874348850941787,0.2,5,indirect,0.16696097542179295,OOPCourseCommunity | Classes_and_Objects | Java_Basics | Arrays | JavaArrays,RFK_L2_R7 → Arrays → Classes_and_Objects → Java_Basics → Control_Statements → BLockGame
bonus material for lesson 2 classes and objects,BLockGame,0.09917007446149533,0.16338909697981868,0.12935257077791257,False,unknown,Badge,0.10520657372477878,0.20341870352336713,0.2,5,indirect,0.166931683351712,Classes_and_Objects | Java_Basics | Arrays | Control_Statements | Task_about_Java_Basics,bonus material for lesson 2 classes and objects → Arrays → Classes_and_Objects → Java_Basics → Control_Statements → BLockGame
RFK_L4_R7,BLockGame,0.13352673474038185,0.1924601950878993,0.12935257077791257,False,ReferenceKey,Badge,0.132691901947888,0.18486916159217184,0.2,5,indirect,0.16689931219404536,OOPCourseCommunity | JavaParentClass | Control_Statements | JavaIf | ObjectOrientedProgramming,RFK_L4_R7 → JavaParentClass → OOPCourseCommunity → IK_GE_BlockGame → RF_GE_BloackGame → BLockGame
RFK_L3_R6,BLockGame,0.13352801668554118,0.1924592637722441,0.12935257077791257,False,ReferenceKey,Badge,0.13269292750401546,0.18483434766411885,0.2,5,indirect,0.16687713182161668,OOPCourseCommunity | JavaStaticFunctions | Control_Statements | JavaIf | IK_GE_BlockGame,RFK_L3_R6 → JavaStaticFunctions → OOPCourseCommunity → IK_GE_BlockGame → RF_GE_BloackGame → BLockGame
_:b268,Level_Up,0.287251333023369,0.096381074859599,1.0,False,AtomList,Level,0.42980106641869525,0.10189130203804733,0.14285714285714285,7,indirect,0.1667673128829099,,N/A
_:b249,Level_Up,0.287251333023369,0.096381074859599,1.0,False,AtomList,Level,0.42980106641869525,0.10189130203804733,0.14285714285714285,7,indirect,0.1667673128829099,,N/A
Explorer,BLockGame,0.09845928254914303,0.16344311685443122,0.12935257077791257,False,unknown,Badge,0.10463794019489694,0.2034741831449133,0.2,5,indirect,0.1667189679363937,ObjectOrientedProgramming | Java_Basics | Sara | Control_Statements | Task_about_Java_Basics,Explorer → Sara → ObjectOrientedProgramming → Java_Basics → Control_Statements → BLockGame
_:b92,Stash,0.3427126197697653,0.16585383011145083,0.9172442572270822,False,IndividualPropertyAtom,Reward,0.4576189472612287,0.07189130203804733,0.1,10,indirect,0.16667876324414863,,N/A
RFK_L2_R6,BLockGame,0.12778201509177192,0.19275360995993726,0.12935257077791257,False,ReferenceKey,Badge,0.12809612622900007,0.18748145950283987,0.2,5,indirect,0.1665866539589661,OOPCourseCommunity | Task_about_Classes_and_Objects | Classes_and_Objects | Java_Basics | TaskJavaClassesObjects,RFK_L2_R6 → Task_about_Classes_and_Objects → Classes_and_Objects → Java_Basics → Control_Statements → BLockGame
RFK_L2_R5,BLockGame,0.12778094430281217,0.19275432951092705,0.12935257077791257,False,ReferenceKey,Badge,0.12809526959783224,0.18748118348482223,0.2,5,indirect,0.1665860997711187,OOPCourseCommunity | Access_Modifiers | Classes_and_Objects | Java_Basics | JavaAccessModifiers,RFK_L2_R5 → Access_Modifiers → Classes_and_Objects → Java_Basics → Control_Statements → BLockGame
RFK_L2_R4,BLockGame,0.12778049065523348,0.19275463435470094,0.12935257077791257,False,ReferenceKey,Badge,0.1280949066797693,0.18748106726670954,0.2,5,indirect,0.16658586545269294,OOPCourseCommunity | Packages | Classes_and_Objects | Java_Basics | JavaPackages,RFK_L2_R4 → Packages → Classes_and_Objects → Java_Basics → Control_Statements → BLockGame
RFK_L2_R3,BLockGame,0.12778029860157458,0.192754763411759,0.12935257077791257,False,ReferenceKey,Badge,0.1280947530368422,0.1874810236849173,0.2,5,indirect,0.16658576990574736,OOPCourseCommunity | Array_of_instances | Classes_and_Objects | Java_Basics | JavaArrayOfInstances,RFK_L2_R3 → Array_of_instances → Classes_and_Objects → Java_Basics → Control_Statements → BLockGame
RFK_L2_R2,BLockGame,0.1277802173381426,0.19275481801953873,0.12935257077791257,False,ReferenceKey,Badge,0.12809468802609658,0.1874810091576532,0.2,5,indirect,0.1665857320208245,OOPCourseCommunity | Class_Instance | Classes_and_Objects | Java_Basics | JavaClassInstance,RFK_L2_R2 → Class_Instance → Classes_and_Objects → Java_Basics → Control_Statements → BLockGame
_:b253,Level_Up,0.28661819167151836,0.09738763191630738,1.0,False,AtomList,Level,0.4292945533372147,0.10189130203804733,0.14285714285714285,7,indirect,0.16654571340976218,,N/A
leçon 6 du cours Programmation Orientée Objet,BLockGame,0.09782267358776273,0.16049963887514393,0.12935257077791257,False,unknown,Badge,0.1041286530257927,0.203524541905869,0.2,5,indirect,0.1665288879945318,ObjectOrientedProgramming | Graphical_User_Interface | Java_Basics | Control_Statements | Task_about_Java_Basics,leçon 6 du cours Programmation Orientée Objet → Graphical_User_Interface → ObjectOrientedProgramming → Java_Basics → Control_Statements → BLockGame
lesson 6 for the course Object Oriented Programming,BLockGame,0.09782267358776273,0.16049963887514393,0.12935257077791257,False,unknown,Badge,0.1041286530257927,0.203524541905869,0.2,5,indirect,0.1665288879945318,ObjectOrientedProgramming | Graphical_User_Interface | Java_Basics | Control_Statements | Task_about_Java_Basics,lesson 6 for the course Object Oriented Programming → Graphical_User_Interface → ObjectOrientedProgramming → Java_Basics → Control_Statements → BLockGame
lesson 9 for the course Object Oriented Programming,BLockGame,0.09781638970780444,0.16050450667447433,0.12935257077791257,False,unknown,Badge,0.10412362592182607,0.20348520933835493,0.2,5,indirect,0.16650112246766227,ObjectOrientedProgramming | Java_Basics | Input_and_Output_Stream | Control_Statements | Task_about_Java_Basics,lesson 9 for the course Object Oriented Programming → Input_and_Output_Stream → ObjectOrientedProgramming → Java_Basics → Control_Statements → BLockGame
leçon 9 du cours Programmation Orientée Objet,BLockGame,0.09781638970780444,0.16050450667447433,0.12935257077791257,False,unknown,Badge,0.10412362592182607,0.20348520933835493,0.2,5,indirect,0.16650112246766227,ObjectOrientedProgramming | Java_Basics | Input_and_Output_Stream | Control_Statements | Task_about_Java_Basics,leçon 9 du cours Programmation Orientée Objet → Input_and_Output_Stream → ObjectOrientedProgramming → Java_Basics → Control_Statements → BLockGame
bonus material for lesson 2 classes and objects,Level_Up,0.11864685058022192,0.16138430023967407,1.0,False,unknown,Level,0.29491748046417754,0.1921790954927769,0.2,5,indirect,0.16644280977338266,Classes_and_Objects | Arrays | Java_Basics | Overloading | ObjectOrientedProgramming,bonus material for lesson 2 classes and objects → Arrays → Classes_and_Objects → Java_Basics → Task_about_Java_Basics → Level_Up
lesson 7 for the course Object Oriented Programming,Level_Up,0.11273025843988575,0.15701220201560903,1.0,False,unknown,Level,0.2901842067519086,0.19514817124138104,0.2,5,indirect,0.1663019017608577,Event_Handler_and_Listener | Overloading | ObjectOrientedProgramming | Polymorphism | Graphical_User_Interface,lesson 7 for the course Object Oriented Programming → Event_Handler_and_Listener → ObjectOrientedProgramming → Polymorphism → Overloading → Level_Up
leçon 7 du cours Programmation Orientée Objet,Level_Up,0.11273025843988575,0.15701220201560903,1.0,False,unknown,Level,0.2901842067519086,0.19514817124138104,0.2,5,indirect,0.1663019017608577,Event_Handler_and_Listener | Overloading | ObjectOrientedProgramming | Polymorphism | Graphical_User_Interface,leçon 7 du cours Programmation Orientée Objet → Event_Handler_and_Listener → ObjectOrientedProgramming → Polymorphism → Overloading → Level_Up
Adam_Phil,Tiny_stash,0.1425799840349006,0.19422208142540473,0.0415518252487452,False,UserAccount,Reward,0.12237435227766953,0.17873536010956526,0.2,5,indirect,0.16608097848343262,OOPCourseCommunity | OOPTeachers | ObjectOrientedProgramming | IK_GE_TinyStash | Variables,Adam_Phil → OOPTeachers → OOPCourseCommunity → IK_GE_TinyStash → RFK_GE_TinyStash → Tiny_stash
Extend_Keyword,bonusPoints,0.34061913029613927,0.0750916861764315,0.0,False,GamifiedResource,BonusPoints,0.27249530423691143,0.07189130203804733,0.1,10,indirect,0.1659460419283795,,N/A
RFK_L4_R7,Tiny_stash,0.13730563128689927,0.1962529607837141,0.0415518252487452,False,ReferenceKey,Reward,0.11815487007926846,0.18136048757541215,0.2,5,indirect,0.16594128787443263,OOPCourseCommunity | JavaParentClass | DataTypes | ReferenceKey1 | ObjectOrientedProgramming,RFK_L4_R7 → JavaParentClass → OOPCourseCommunity → IK_GE_TinyStash → RFK_GE_TinyStash → Tiny_stash
RFK_L3_R6,Tiny_stash,0.137307564276898,0.196251784384637,0.0415518252487452,False,ReferenceKey,Reward,0.11815641647126744,0.18132857480803025,0.2,5,indirect,0.16592122112213398,OOPCourseCommunity | JavaStaticFunctions | DataTypes | ReferenceKey1 | IK_GE_TinyStash,RFK_L3_R6 → JavaStaticFunctions → OOPCourseCommunity → IK_GE_TinyStash → RFK_GE_TinyStash → Tiny_stash
Task_about_Class_Methods_and_Constructors,bonusPoints,0.34052688010070153,0.07515577049483314,0.0,False,GamifiedResource,BonusPoints,0.27242150408056126,0.07189130203804733,0.1,10,indirect,0.1659137543599763,,N/A
RFK_L2_R1,BLockGame,0.12576807662318595,0.19293536976251055,0.12935257077791257,False,ReferenceKey,Badge,0.1264849754541313,0.18750977314054437,0.2,5,indirect,0.16590017935946894,OOPCourseCommunity | Class_attributes_and_functions | Classes_and_Objects | Java_Basics | JavaClassAttributesFunctions,RFK_L2_R1 → Class_attributes_and_functions → Classes_and_Objects → Java_Basics → Control_Statements → BLockGame
_:b269,Stash,0.34047933871414054,0.16354983227041264,0.9172442572270822,False,IndividualPropertyAtom,Reward,0.4558323224167289,0.07189130203804733,0.1,10,indirect,0.16589711487467995,,N/A
Function_Types,bonusPoints,0.3404615312306777,0.07520119856465249,0.0,False,GamifiedResource,BonusPoints,0.27236922498454214,0.07189130203804733,0.1,10,indirect,0.16589088225546794,,N/A
leçon 8 du cours Programmation Orientée Objet,BLockGame,0.09584231176598891,0.16056507684833418,0.12935257077791257,False,unknown,Badge,0.10254436356837365,0.20360904700105992,0.2,5,indirect,0.16589068966878506,Exception_Handling | ObjectOrientedProgramming | Java_Basics | Control_Statements | Task_about_Java_Basics,leçon 8 du cours Programmation Orientée Objet → Exception_Handling → ObjectOrientedProgramming → Java_Basics → Control_Statements → BLockGame
lesson 8 for the course Object Oriented Programming,BLockGame,0.09584231176598891,0.16056507684833418,0.12935257077791257,False,unknown,Badge,0.10254436356837365,0.20360904700105992,0.2,5,indirect,0.16589068966878506,Exception_Handling | ObjectOrientedProgramming | Java_Basics | Control_Statements | Task_about_Java_Basics,lesson 8 for the course Object Oriented Programming → Exception_Handling → ObjectOrientedProgramming → Java_Basics → Control_Statements → BLockGame
Task_about_Classes_and_Objects,bonusPoints,0.3404045454681895,0.0752408342160386,0.0,False,GamifiedResource,BonusPoints,0.2723236363745516,0.07189130203804733,0.1,10,indirect,0.16587093723859708,,N/A
RFK_L2_R7,Tiny_stash,0.1354226287127268,0.19687522827179244,0.0415518252487452,False,ReferenceKey,Reward,0.11664846801993049,0.18210088972964905,0.2,5,indirect,0.16576349837372628,OOPCourseCommunity | JavaArrays | DataTypes | ReferenceKey1 | IK_GE_TinyStash,RFK_L2_R7 → JavaArrays → OOPCourseCommunity → IK_GE_TinyStash → RFK_GE_TinyStash → Tiny_stash
Sofia,BLockGame,0.09524446952177681,0.15952502284815234,0.12935257077791257,False,Learner,Badge,0.10206608977300398,0.20348520933835493,0.2,5,indirect,0.1656009504025526,ObjectOrientedProgramming | Java_Basics | Audience_A | Control_Statements | Task_about_Java_Basics,Sofia → Audience_A → ObjectOrientedProgramming → Java_Basics → Control_Statements → BLockGame
Tom,BLockGame,0.09524446952177681,0.15952502284815234,0.12935257077791257,False,Learner,Badge,0.10206608977300398,0.20348520933835493,0.2,5,indirect,0.1656009504025526,ObjectOrientedProgramming | Java_Basics | Audience_A | Control_Statements | Task_about_Java_Basics,Tom → Audience_A → ObjectOrientedProgramming → Java_Basics → Control_Statements → BLockGame
RFK_L2_R1,Tiny_stash,0.13388235444335966,0.1973368051119032,0.0415518252487452,False,ReferenceKey,Reward,0.11541624860443678,0.18216217365352794,0.2,5,indirect,0.16526423692996903,OOPCourseCommunity | JavaClassAttributesFunctions | DataTypes | ReferenceKey1 | IK_GE_TinyStash,RFK_L2_R1 → JavaClassAttributesFunctions → OOPCourseCommunity → IK_GE_TinyStash → RFK_GE_TinyStash → Tiny_stash
_:b126,Tiny_stash,0.2829040007769081,0.11308902765548225,0.0415518252487452,False,Imp,Reward,0.23463356567127552,0.10189130203804733,0.14285714285714285,7,indirect,0.1652457465966486,,N/A
_:b219,Tiny_stash,0.2829040007769081,0.11308902765548225,0.0415518252487452,False,Imp,Reward,0.23463356567127552,0.10189130203804733,0.14285714285714285,7,indirect,0.1652457465966486,,N/A
_:b137,Tiny_stash,0.2829040007769081,0.11308902765548225,0.0415518252487452,False,Imp,Reward,0.23463356567127552,0.10189130203804733,0.14285714285714285,7,indirect,0.1652457465966486,,N/A
_:b208,Tiny_stash,0.2829040007769081,0.11308902765548225,0.0415518252487452,False,Imp,Reward,0.23463356567127552,0.10189130203804733,0.14285714285714285,7,indirect,0.1652457465966486,,N/A
RFK_L2_R6,Tiny_stash,0.13368845463768542,0.19751338767628016,0.0415518252487452,False,ReferenceKey,Reward,0.11526112875989737,0.18213899606400819,0.2,5,indirect,0.16518130656479524,OOPCourseCommunity | TaskJavaClassesObjects | DataTypes | ReferenceKey1 | IK_GE_TinyStash,RFK_L2_R6 → TaskJavaClassesObjects → OOPCourseCommunity → IK_GE_TinyStash → RFK_GE_TinyStash → Tiny_stash
RFK_L2_R5,Tiny_stash,0.13368686421288503,0.19751434075714494,0.0415518252487452,False,ReferenceKey,Reward,0.11525985642005707,0.18213877023108466,0.2,5,indirect,0.16518060312471478,OOPCourseCommunity | JavaAccessModifiers | DataTypes | ReferenceKey1 | IK_GE_TinyStash,RFK_L2_R5 → JavaAccessModifiers → OOPCourseCommunity → IK_GE_TinyStash → RFK_GE_TinyStash → Tiny_stash
RFK_L2_R4,Tiny_stash,0.13368618536141277,0.19751473330202513,0.0415518252487452,False,ReferenceKey,Reward,0.11525931333887926,0.18213867514353793,0.2,5,indirect,0.16518030371979414,OOPCourseCommunity | JavaPackages | DataTypes | ReferenceKey1 | IK_GE_TinyStash,RFK_L2_R4 → JavaPackages → OOPCourseCommunity → IK_GE_TinyStash → RFK_GE_TinyStash → Tiny_stash
RFK_L2_R3,Tiny_stash,0.13368589796561253,0.19751489948840395,0.0415518252487452,False,ReferenceKey,Reward,0.11525908342223908,0.18213862759976454,0.2,5,indirect,0.16518017222781134,OOPCourseCommunity | JavaArrayOfInstances | DataTypes | ReferenceKey1 | IK_GE_TinyStash,RFK_L2_R3 → JavaArrayOfInstances → OOPCourseCommunity → IK_GE_TinyStash → RFK_GE_TinyStash → Tiny_stash
RFK_L2_R2,Tiny_stash,0.13368577636000797,0.19751496980677877,0.0415518252487452,False,ReferenceKey,Reward,0.11525898613775543,0.1821386157138212,0.2,5,indirect,0.16518012193998657,OOPCourseCommunity | JavaClassInstance | DataTypes | ReferenceKey1 | IK_GE_TinyStash,RFK_L2_R2 → JavaClassInstance → OOPCourseCommunity → IK_GE_TinyStash → RFK_GE_TinyStash → Tiny_stash
onlineCourse,BLockGame,0.09346503890317037,0.16106577077458883,0.12935257077791257,False,Class,Badge,0.10064254527811882,0.20372174951584265,0.2,5,indirect,0.16513190080140738,Course | ObjectOrientedProgramming | Java_Basics | Control_Statements | Task_about_Java_Basics,onlineCourse → Course → ObjectOrientedProgramming → Java_Basics → Control_Statements → BLockGame
RFK_L4_R6,Tiny_stash,0.1344053838539807,0.19703548719332728,0.0415518252487452,False,ReferenceKey,Reward,0.11583467213293361,0.18154605884685254,0.2,5,indirect,0.16504682259934741,OOPCourseCommunity | TaskJavaInheritance | Task_about_Inheritance | DataTypes | ReferenceKey1,RFK_L4_R6 → TaskJavaInheritance → OOPCourseCommunity → IK_GE_TinyStash → RFK_GE_TinyStash → Tiny_stash
RFK_L4_R1,BLockGame,0.12779143671412213,0.19274722759241997,0.12935257077791257,False,ReferenceKey,Badge,0.12810366352688024,0.18491371010782315,0.2,5,indirect,0.1649209144200278,OOPCourseCommunity | JavaExtend | Control_Statements | JavaIf | ObjectOrientedProgramming,RFK_L4_R1 → JavaExtend → OOPCourseCommunity → IK_GE_BlockGame → RF_GE_BloackGame → BLockGame
RFK_L3_R5,BLockGame,0.12778739387619673,0.192749944239037,0.12935257077791257,False,ReferenceKey,Badge,0.12810042925653992,0.1849116419536814,0.2,5,indirect,0.16491815512656177,OOPCourseCommunity | TaskJavaClassesMethod | Control_Statements | JavaIf | ObjectOrientedProgramming,RFK_L3_R5 → TaskJavaClassesMethod → OOPCourseCommunity → IK_GE_BlockGame → RF_GE_BloackGame → BLockGame
RFK_L3_R4,BLockGame,0.12778565714816184,0.19275112837420644,0.12935257077791257,False,ReferenceKey,Badge,0.12809903987411198,0.18487727969147544,0.2,5,indirect,0.1648952118013157,OOPCourseCommunity | JavaStatic | Control_Statements | JavaIf | IK_GE_BlockGame,RFK_L3_R4 → JavaStatic → OOPCourseCommunity → IK_GE_BlockGame → RF_GE_BloackGame → BLockGame
RFK_L3_R3,BLockGame,0.1277849785496645,0.19275158437471251,0.12935257077791257,False,ReferenceKey,Badge,0.12809849699531412,0.18487713706015532,0.2,5,indirect,0.16489488158148352,OOPCourseCommunity | JavaThis | Control_Statements | JavaIf | IK_GE_BlockGame,RFK_L3_R3 → JavaThis → OOPCourseCommunity → IK_GE_BlockGame → RF_GE_BloackGame → BLockGame
RFK_L3_R2,BLockGame,0.1277846481797506,0.19275180637503753,0.12935257077791257,False,ReferenceKey,Badge,0.128098232699383,0.18487706574449525,0.2,5,indirect,0.16489471959683463,OOPCourseCommunity | JavaConstructors | Control_Statements | JavaIf | IK_GE_BlockGame,RFK_L3_R2 → JavaConstructors → OOPCourseCommunity → IK_GE_BlockGame → RF_GE_BloackGame → BLockGame
RFK_L6_R3,Stash,0.11963615274507708,0.16350032624847208,0.9172442572270822,False,ReferenceKey,Reward,0.2791577736414781,0.18921955948719982,0.2,5,indirect,0.16486536712745686,OOPCourseCommunity | TaskJavaGUI | JavaFunctions | JavaIf | IK_GE_stash,RFK_L6_R3 → TaskJavaGUI → OOPCourseCommunity → IK_GE_stash → RF_GE_STash → Stash
RFK_L8_R4,Stash,0.11963615274507708,0.16350032624847208,0.9172442572270822,False,ReferenceKey,Reward,0.2791577736414781,0.18921955948719982,0.2,5,indirect,0.16486536712745686,OOPCourseCommunity | JavaExceptionTypes | JavaFunctions | JavaIf | IK_GE_stash,RFK_L8_R4 → JavaExceptionTypes → OOPCourseCommunity → IK_GE_stash → RF_GE_STash → Stash
RFK_L7_R1,Stash,0.11963615274507708,0.16350032624847208,0.9172442572270822,False,ReferenceKey,Reward,0.2791577736414781,0.18921955948719982,0.2,5,indirect,0.16486536712745686,OOPCourseCommunity | JavaEvents | JavaFunctions | JavaIf | IK_GE_stash,RFK_L7_R1 → JavaEvents → OOPCourseCommunity → IK_GE_stash → RF_GE_STash → Stash
RFK_L8_R1,Stash,0.11963615274507708,0.16350032624847208,0.9172442572270822,False,ReferenceKey,Reward,0.2791577736414781,0.18921955948719982,0.2,5,indirect,0.16486536712745686,OOPCourseCommunity | JavaTryCatch | JavaFunctions | JavaIf | IK_GE_stash,RFK_L8_R1 → JavaTryCatch → OOPCourseCommunity → IK_GE_stash → RF_GE_STash → Stash
RFK_L5_R1,Stash,0.11963615274507708,0.16350032624847208,0.9172442572270822,False,ReferenceKey,Reward,0.2791577736414781,0.18921955948719982,0.2,5,indirect,0.16486536712745686,OOPCourseCommunity | JavaArgumentsParameters | JavaFunctions | JavaIf | IK_GE_stash,RFK_L5_R1 → JavaArgumentsParameters → OOPCourseCommunity → IK_GE_stash → RF_GE_STash → Stash
RFK_L1_R7,Stash,0.11963615274507708,0.16350032624847208,0.9172442572270822,False,ReferenceKey,Reward,0.2791577736414781,0.18921955948719982,0.2,5,indirect,0.16486536712745686,OOPCourseCommunity | JavaArithmeticOperations | JavaFunctions | JavaIf | IK_GE_stash,RFK_L1_R7 → JavaArithmeticOperations → OOPCourseCommunity → IK_GE_stash → RF_GE_STash → Stash
RFK_L7_R4,Stash,0.11963615274507708,0.16350032624847208,0.9172442572270822,False,ReferenceKey,Reward,0.2791577736414781,0.18921955948719982,0.2,5,indirect,0.16486536712745686,OOPCourseCommunity | JavaEventTypes | JavaFunctions | JavaIf | IK_GE_stash,RFK_L7_R4 → JavaEventTypes → OOPCourseCommunity → IK_GE_stash → RF_GE_STash → Stash
RFK_L6_R2,Stash,0.11963615274507708,0.16350032624847208,0.9172442572270822,False,ReferenceKey,Reward,0.2791577736414781,0.18921955948719982,0.2,5,indirect,0.16486536712745686,OOPCourseCommunity | JavaFX | JavaFunctions | JavaIf | IK_GE_stash,RFK_L6_R2 → JavaFX → OOPCourseCommunity → IK_GE_stash → RF_GE_STash → Stash
RFK_L5_R4,Stash,0.11963615274507708,0.16350032624847208,0.9172442572270822,False,ReferenceKey,Reward,0.2791577736414781,0.18921955948719982,0.2,5,indirect,0.16486536712745686,OOPCourseCommunity | TaskJavaPolymorphism | JavaFunctions | JavaIf | IK_GE_stash,RFK_L5_R4 → TaskJavaPolymorphism → OOPCourseCommunity → IK_GE_stash → RF_GE_STash → Stash
RFK_L7_R2,Stash,0.11963615274507708,0.16350032624847208,0.9172442572270822,False,ReferenceKey,Reward,0.2791577736414781,0.18921955948719982,0.2,5,indirect,0.16486536712745686,OOPCourseCommunity | JavaEventListener | JavaFunctions | JavaIf | IK_GE_stash,RFK_L7_R2 → JavaEventListener → OOPCourseCommunity → IK_GE_stash → RF_GE_STash → Stash
RFK_L8_R3,Stash,0.11963615274507708,0.16350032624847208,0.9172442572270822,False,ReferenceKey,Reward,0.2791577736414781,0.18921955948719982,0.2,5,indirect,0.16486536712745686,OOPCourseCommunity | TaskJavaExceptions | JavaFunctions | JavaIf | IK_GE_stash,RFK_L8_R3 → TaskJavaExceptions → OOPCourseCommunity → IK_GE_stash → RF_GE_STash → Stash
RFK_L7_R3,Stash,0.11963615274507708,0.16350032624847208,0.9172442572270822,False,ReferenceKey,Reward,0.2791577736414781,0.18921955948719982,0.2,5,indirect,0.16486536712745686,OOPCourseCommunity | JavaTaskEventHandlerListener | JavaFunctions | JavaIf | IK_GE_stash,RFK_L7_R3 → JavaTaskEventHandlerListener → OOPCourseCommunity → IK_GE_stash → RF_GE_STash → Stash
RFK_L5_R5,Stash,0.11963615274507708,0.16350032624847208,0.9172442572270822,False,ReferenceKey,Reward,0.2791577736414781,0.18921955948719982,0.2,5,indirect,0.16486536712745686,OOPCourseCommunity | JavaOverloadedConstructors | JavaFunctions | JavaIf | IK_GE_stash,RFK_L5_R5 → JavaOverloadedConstructors → OOPCourseCommunity → IK_GE_stash → RF_GE_STash → Stash
RFK_L8_R2,Stash,0.11963615274507708,0.16350032624847208,0.9172442572270822,False,ReferenceKey,Reward,0.2791577736414781,0.18921955948719982,0.2,5,indirect,0.16486536712745686,OOPCourseCommunity | JavaExceptions | JavaFunctions | JavaIf | IK_GE_stash,RFK_L8_R2 → JavaExceptions → OOPCourseCommunity → IK_GE_stash → RF_GE_STash → Stash
RFK_L6_R1,Stash,0.11963615274507708,0.16350032624847208,0.9172442572270822,False,ReferenceKey,Reward,0.2791577736414781,0.18921955948719982,0.2,5,indirect,0.16486536712745686,OOPCourseCommunity | JavaGUIElements | JavaFunctions | JavaIf | IK_GE_stash,RFK_L6_R1 → JavaGUIElements → OOPCourseCommunity → IK_GE_stash → RF_GE_STash → Stash
RFK_L6_R4,Stash,0.11963615274507708,0.16350032624847208,0.9172442572270822,False,ReferenceKey,Reward,0.2791577736414781,0.18921955948719982,0.2,5,indirect,0.16486536712745686,OOPCourseCommunity | JavaGUILinkedScreens | JavaFunctions | JavaIf | IK_GE_stash,RFK_L6_R4 → JavaGUILinkedScreens → OOPCourseCommunity → IK_GE_stash → RF_GE_STash → Stash
RFK_L5_R2,Stash,0.11963615274507708,0.16350032624847208,0.9172442572270822,False,ReferenceKey,Reward,0.2791577736414781,0.18921955948719982,0.2,5,indirect,0.16486536712745686,OOPCourseCommunity | JavaOverloading | JavaFunctions | JavaIf | IK_GE_stash,RFK_L5_R2 → JavaOverloading → OOPCourseCommunity → IK_GE_stash → RF_GE_STash → Stash
RFK_L5_R3,Stash,0.11963615274507708,0.16350032624847208,0.9172442572270822,False,ReferenceKey,Reward,0.2791577736414781,0.18921955948719982,0.2,5,indirect,0.16486536712745686,OOPCourseCommunity | JavaOverriding | JavaFunctions | JavaIf | IK_GE_stash,RFK_L5_R3 → JavaOverriding → OOPCourseCommunity → IK_GE_stash → RF_GE_STash → Stash
RFK_L9_R1,Stash,0.11963615274507708,0.16350032624847208,0.9172442572270822,False,ReferenceKey,Reward,0.2791577736414781,0.18921955948719982,0.2,5,indirect,0.16486536712745686,OOPCourseCommunity | JavaFiles | JavaFunctions | JavaIf | IK_GE_stash,RFK_L9_R1 → JavaFiles → OOPCourseCommunity → IK_GE_stash → RF_GE_STash → Stash
RFK_L9_R3,Stash,0.11963615274507708,0.16350032624847208,0.9172442572270822,False,ReferenceKey,Reward,0.2791577736414781,0.18921955948719982,0.2,5,indirect,0.16486536712745686,OOPCourseCommunity | JavaDelimiters | JavaFunctions | JavaIf | IK_GE_stash,RFK_L9_R3 → JavaDelimiters → OOPCourseCommunity → IK_GE_stash → RF_GE_STash → Stash
RFK_L9_R2,Stash,0.11963615274507708,0.16350032624847208,0.9172442572270822,False,ReferenceKey,Reward,0.2791577736414781,0.18921955948719982,0.2,5,indirect,0.16486536712745686,OOPCourseCommunity | JavaIOStreams | JavaFunctions | JavaIf | IK_GE_stash,RFK_L9_R2 → JavaIOStreams → OOPCourseCommunity → IK_GE_stash → RF_GE_STash → Stash
RF_GE_BloackGame,Tiny_stash,0.1378958685171556,0.19609148498052428,0.0415518252487452,False,ReferenceKey,Reward,0.11862705986347352,0.17922962616805513,0.2,5,indirect,0.16476281099024032,OOPCourseCommunity | BLockGame | IK_GE_BlockGame | IK_GE_TinyStash | Variables,RF_GE_BloackGame → BLockGame → Task_about_Java_Basics → Level_Up → Buil-in_Data_Types → Tiny_stash
_:b23,Level_Up,0.30473286520751774,0.08280693494996527,1.0,False,unknown,Level,0.44378629216601423,0.08939130203804733,0.125,8,indirect,0.16476084914736197,,N/A
RFK_L3_R1,Tiny_stash,0.13369221132734158,0.1975112153943925,0.0415518252487452,False,ReferenceKey,Reward,0.1152641341116223,0.18138747560026877,0.2,5,indirect,0.16469413310474426,OOPCourseCommunity | JavaFunctions | Variables | IK_GE_TinyStash | Function_Types,RFK_L3_R1 → JavaFunctions → OOPCourseCommunity → IK_GE_TinyStash → RFK_GE_TinyStash → Tiny_stash
RFK_L3_R5,Tiny_stash,0.13369652999178416,0.19750871817658272,0.0415518252487452,False,ReferenceKey,Reward,0.11526758904317637,0.18136826692533045,0.2,5,indirect,0.16468315899858926,OOPCourseCommunity | TaskJavaClassesMethod | DataTypes | ReferenceKey1 | IK_GE_TinyStash,RFK_L3_R5 → TaskJavaClassesMethod → OOPCourseCommunity → IK_GE_TinyStash → RFK_GE_TinyStash → Tiny_stash
RFK_L3_R4,Tiny_stash,0.13369392235791153,0.19751022600786777,0.0415518252487452,False,ReferenceKey,Reward,0.11526550293607826,0.18136792916644046,0.2,5,indirect,0.16468202678345534,OOPCourseCommunity | JavaStatic | DataTypes | ReferenceKey1 | IK_GE_TinyStash,RFK_L3_R4 → JavaStatic → OOPCourseCommunity → IK_GE_TinyStash → RFK_GE_TinyStash → Tiny_stash
RFK_L3_R3,Tiny_stash,0.1336929069376047,0.19751081316417202,0.0415518252487452,False,ReferenceKey,Reward,0.1152646905998328,0.18136779842106365,0.2,5,indirect,0.16468158640185301,OOPCourseCommunity | JavaThis | DataTypes | ReferenceKey1 | IK_GE_TinyStash,RFK_L3_R3 → JavaThis → OOPCourseCommunity → IK_GE_TinyStash → RFK_GE_TinyStash → Tiny_stash
RFK_L3_R2,Tiny_stash,0.13369241258600478,0.19751109901836647,0.0415518252487452,False,ReferenceKey,Reward,0.11526429511855286,0.18136773304837528,0.2,5,indirect,0.1646813708865456,OOPCourseCommunity | JavaConstructors | DataTypes | ReferenceKey1 | IK_GE_TinyStash,RFK_L3_R2 → JavaConstructors → OOPCourseCommunity → IK_GE_TinyStash → RFK_GE_TinyStash → Tiny_stash
lesson 7 for the course Object Oriented Programming,BLockGame,0.09187206283890491,0.16107750876572322,0.12935257077791257,False,unknown,Badge,0.09936816442670644,0.20373600076191145,0.2,5,indirect,0.16458362248885916,Event_Handler_and_Listener | ObjectOrientedProgramming | Java_Basics | Control_Statements | Task_about_Java_Basics,lesson 7 for the course Object Oriented Programming → Event_Handler_and_Listener → ObjectOrientedProgramming → Java_Basics → Control_Statements → BLockGame
leçon 7 du cours Programmation Orientée Objet,BLockGame,0.09187206283890491,0.16107750876572322,0.12935257077791257,False,unknown,Badge,0.09936816442670644,0.20373600076191145,0.2,5,indirect,0.16458362248885916,Event_Handler_and_Listener | ObjectOrientedProgramming | Java_Basics | Control_Statements | Task_about_Java_Basics,leçon 7 du cours Programmation Orientée Objet → Event_Handler_and_Listener → ObjectOrientedProgramming → Java_Basics → Control_Statements → BLockGame
RFK_L4_R5,BLockGame,0.126336333665844,0.19285781882909125,0.12935257077791257,False,ReferenceKey,Badge,0.1269395810882577,0.18497959389177598,0.2,5,indirect,0.16445445281269977,OOPCourseCommunity | JavaInheritanceComposition | Control_Statements | Inheritance_vs_Composition | JavaIf,RFK_L4_R5 → JavaInheritanceComposition → OOPCourseCommunity → IK_GE_BlockGame → RF_GE_BloackGame → BLockGame
RFK_L4_R6,BLockGame,0.1261197522387542,0.19270415104768054,0.12935257077791257,False,ReferenceKey,Badge,0.12676631594658588,0.18507160297919772,0.2,5,indirect,0.1644384552200425,OOPCourseCommunity | TaskJavaInheritance | Control_Statements | Task_about_Inheritance | JavaIf,RFK_L4_R6 → TaskJavaInheritance → OOPCourseCommunity → IK_GE_BlockGame → RF_GE_BloackGame → BLockGame
_:b25,Level_Up,0.30312503151679704,0.0834652325370896,1.0,False,unknown,Level,0.4425000252134377,0.08939130203804733,0.125,8,indirect,0.16419810735560975,,N/A
Error1,BLockGame,0.33532127559914976,0.21684880862778344,0.12935257077791257,False,Class,Badge,0.2941275346349023,0.07189130203804733,0.1,10,indirect,0.16409179278443317,,N/A
hasProcessingPole,Tiny_stash,0.31999334504841664,0.09354249372887131,0.0415518252487452,False,ObjectProperty,Reward,0.26430504108848235,0.0796690798158251,0.1111111111111111,9,indirect,0.16378257264723214,,N/A
hasUnderstandingPole,Tiny_stash,0.31999334504841664,0.09354249372887131,0.0415518252487452,False,ObjectProperty,Reward,0.26430504108848235,0.0796690798158251,0.1111111111111111,9,indirect,0.16378257264723214,,N/A
Experience,Tiny_stash,0.3190030341034592,0.25896592181731315,0.0415518252487452,False,Class,Reward,0.2635127923325164,0.0796690798158251,0.1111111111111111,9,indirect,0.16343596381649703,,N/A
RFK_GE_TinyStash,BLockGame,0.1334549025805073,0.1925117669571103,0.12935257077791257,False,ReferenceKey,Badge,0.13263443621998836,0.17923105248125634,0.2,5,indirect,0.16320940001599418,OOPCourseCommunity | Tiny_stash | IK_GE_BlockGame | IK_GE_TinyStash | Variables,RFK_GE_TinyStash → Tiny_stash → Variables → Java_Basics → Control_Statements → BLockGame
RFK_L3_R1,BLockGame,0.12778451368111082,0.19275189675482857,0.12935257077791257,False,ReferenceKey,Badge,0.1280981251004712,0.18216991140264455,0.2,5,indirect,0.16313502220010773,OOPCourseCommunity | JavaFunctions | Control_Statements | ObjectOrientedProgramming | IK_GE_BlockGame,RFK_L3_R1 → JavaFunctions → RFK_L1_R3 → Functions → Control_Statements → BLockGame
RFK_L4_R2,BLockGame,0.1278056543497235,0.19273760569636034,0.12935257077791257,False,ReferenceKey,Badge,0.1281150376353613,0.18213387322242716,0.2,5,indirect,0.16311899661698087,OOPCourseCommunity | JavaSingleInheritance | JavaIf | Multi-level_inheritance | Single_level_inheritance,RFK_L4_R2 → JavaSingleInheritance → OOPCourseCommunity → IK_GE_BlockGame → RF_GE_BloackGame → BLockGame
contains_forum_post,Level_Up,0.27635580281492045,0.1307659724212383,1.0,False,unknown,Level,0.42108464225193637,0.10189130203804733,0.14285714285714285,7,indirect,0.16295387730995292,,N/A
RFK_L4_R4,BLockGame,0.127250951027648,0.19277304227076056,0.12935257077791257,False,ReferenceKey,Badge,0.12767127497770092,0.18215760945128406,0.2,5,indirect,0.16294027900301145,OOPCourseCommunity | JavaSuper | Super_Keyword | JavaIf | Multi-level_inheritance,RFK_L4_R4 → JavaSuper → OOPCourseCommunity → IK_GE_BlockGame → RF_GE_BloackGame → BLockGame
Tiny Stash,BLockGame,0.10246805462604244,0.16352389069639145,0.12935257077791257,False,unknown,Badge,0.10784495785641647,0.19468710700912853,0.2,5,indirect,0.1624104386750484,Tiny_stash | Variables | Task_about_Java_Basics | Level_Up | Control_Statements,Tiny Stash → Tiny_stash → Variables → Java_Basics → Control_Statements → BLockGame
tiny_stash,BLockGame,0.10246805462604244,0.16352389069639145,0.12935257077791257,False,unknown,Badge,0.10784495785641647,0.19468710700912853,0.2,5,indirect,0.1624104386750484,Tiny_stash | Variables | Task_about_Java_Basics | Level_Up | Control_Statements,tiny_stash → Tiny_stash → Variables → Java_Basics → Control_Statements → BLockGame
A companion plugin for block_stash. This allows you to create items and trades from the TinyMCE editor to be inserted into the activities in your course,BLockGame,0.10246805462604244,0.16352389069639145,0.12935257077791257,False,unknown,Badge,0.10784495785641647,0.19468710700912853,0.2,5,indirect,0.1624104386750484,Tiny_stash | Variables | Task_about_Java_Basics | Level_Up | Control_Statements,A companion plugin for block_stash. This allows you to create items and trades from the TinyMCE editor to be inserted into the activities in your course → Tiny_stash → Variables → Java_Basics → Control_Statements → BLockGame
leçon 5 du cours Programmation Orientée Objet,Stash,0.11439245196248007,0.15694466085518496,0.9172442572270822,False,unknown,Reward,0.2749628130154005,0.18821648095655819,0.2,5,indirect,0.16237807080863084,Polymorphism | ObjectOrientedProgramming | Java_Basics | Functions | Control_Statements,leçon 5 du cours Programmation Orientée Objet → Polymorphism → ObjectOrientedProgramming → Java_Basics → Functions → Stash
lesson 5 for the course Object Oriented Programming,Stash,0.11439245196248007,0.15694466085518496,0.9172442572270822,False,unknown,Reward,0.2749628130154005,0.18821648095655819,0.2,5,indirect,0.16237807080863084,Polymorphism | ObjectOrientedProgramming | Java_Basics | Functions | Control_Statements,lesson 5 for the course Object Oriented Programming → Polymorphism → ObjectOrientedProgramming → Java_Basics → Functions → Stash
leçon 4 du cours Programmation Orientée Objet,Stash,0.11399158070127893,0.15757596170677862,0.9172442572270822,False,unknown,Reward,0.2746421160064396,0.18826209474988165,0.2,5,indirect,0.16226741483287072,Inheritance | ObjectOrientedProgramming | Java_Basics | Multi-level_inheritance | Functions,leçon 4 du cours Programmation Orientée Objet → Inheritance → ObjectOrientedProgramming → Java_Basics → Functions → Stash
lesson 4 for the course Object Oriented Programming,Stash,0.11399158070127893,0.15757596170677862,0.9172442572270822,False,unknown,Reward,0.2746421160064396,0.18826209474988165,0.2,5,indirect,0.16226741483287072,Inheritance | ObjectOrientedProgramming | Java_Basics | Multi-level_inheritance | Functions,lesson 4 for the course Object Oriented Programming → Inheritance → ObjectOrientedProgramming → Java_Basics → Functions → Stash
RFK_L9_R1,Tiny_stash,0.1091547607010872,0.177760636342068,0.0415518252487452,False,ReferenceKey,Reward,0.09563417361061881,0.18923905362287743,0.2,5,indirect,0.16120955110025087,OOPCourseCommunity | JavaFiles | JavaVariables | DataTypes | RFK_L1_R1,RFK_L9_R1 → JavaFiles → OOPCourseCommunity → IK_GE_TinyStash → RFK_GE_TinyStash → Tiny_stash
RFK_L6_R2,Tiny_stash,0.1091547607010872,0.177760636342068,0.0415518252487452,False,ReferenceKey,Reward,0.09563417361061881,0.18923905362287743,0.2,5,indirect,0.16120955110025087,OOPCourseCommunity | JavaFX | JavaVariables | DataTypes | RFK_L1_R1,RFK_L6_R2 → JavaFX → OOPCourseCommunity → IK_GE_TinyStash → RFK_GE_TinyStash → Tiny_stash
RFK_L8_R1,Tiny_stash,0.1091547607010872,0.177760636342068,0.0415518252487452,False,ReferenceKey,Reward,0.09563417361061881,0.18923905362287743,0.2,5,indirect,0.16120955110025087,OOPCourseCommunity | JavaTryCatch | JavaVariables | DataTypes | RFK_L1_R1,RFK_L8_R1 → JavaTryCatch → OOPCourseCommunity → IK_GE_TinyStash → RFK_GE_TinyStash → Tiny_stash
RFK_L5_R1,Tiny_stash,0.1091547607010872,0.177760636342068,0.0415518252487452,False,ReferenceKey,Reward,0.09563417361061881,0.18923905362287743,0.2,5,indirect,0.16120955110025087,OOPCourseCommunity | JavaArgumentsParameters | JavaVariables | DataTypes | RFK_L1_R1,RFK_L5_R1 → JavaArgumentsParameters → OOPCourseCommunity → IK_GE_TinyStash → RFK_GE_TinyStash → Tiny_stash
RFK_L5_R2,Tiny_stash,0.1091547607010872,0.177760636342068,0.0415518252487452,False,ReferenceKey,Reward,0.09563417361061881,0.18923905362287743,0.2,5,indirect,0.16120955110025087,OOPCourseCommunity | JavaOverloading | JavaVariables | DataTypes | RFK_L1_R1,RFK_L5_R2 → JavaOverloading → OOPCourseCommunity → IK_GE_TinyStash → RFK_GE_TinyStash → Tiny_stash
RFK_L8_R3,Tiny_stash,0.1091547607010872,0.177760636342068,0.0415518252487452,False,ReferenceKey,Reward,0.09563417361061881,0.18923905362287743,0.2,5,indirect,0.16120955110025087,OOPCourseCommunity | TaskJavaExceptions | JavaVariables | DataTypes | RFK_L1_R1,RFK_L8_R3 → TaskJavaExceptions → OOPCourseCommunity → IK_GE_TinyStash → RFK_GE_TinyStash → Tiny_stash
RFK_L7_R4,Tiny_stash,0.1091547607010872,0.177760636342068,0.0415518252487452,False,ReferenceKey,Reward,0.09563417361061881,0.18923905362287743,0.2,5,indirect,0.16120955110025087,OOPCourseCommunity | JavaEventTypes | JavaVariables | DataTypes | RFK_L1_R1,RFK_L7_R4 → JavaEventTypes → OOPCourseCommunity → IK_GE_TinyStash → RFK_GE_TinyStash → Tiny_stash
RFK_L9_R3,Tiny_stash,0.1091547607010872,0.177760636342068,0.0415518252487452,False,ReferenceKey,Reward,0.09563417361061881,0.18923905362287743,0.2,5,indirect,0.16120955110025087,OOPCourseCommunity | JavaDelimiters | JavaVariables | DataTypes | RFK_L1_R1,RFK_L9_R3 → JavaDelimiters → OOPCourseCommunity → IK_GE_TinyStash → RFK_GE_TinyStash → Tiny_stash
RFK_L7_R3,Tiny_stash,0.1091547607010872,0.177760636342068,0.0415518252487452,False,ReferenceKey,Reward,0.09563417361061881,0.18923905362287743,0.2,5,indirect,0.16120955110025087,OOPCourseCommunity | JavaTaskEventHandlerListener | JavaVariables | DataTypes | RFK_L1_R1,RFK_L7_R3 → JavaTaskEventHandlerListener → OOPCourseCommunity → IK_GE_TinyStash → RFK_GE_TinyStash → Tiny_stash
RFK_L6_R4,Tiny_stash,0.1091547607010872,0.177760636342068,0.0415518252487452,False,ReferenceKey,Reward,0.09563417361061881,0.18923905362287743,0.2,5,indirect,0.16120955110025087,OOPCourseCommunity | JavaGUILinkedScreens | JavaVariables | DataTypes | RFK_L1_R1,RFK_L6_R4 → JavaGUILinkedScreens → OOPCourseCommunity → IK_GE_TinyStash → RFK_GE_TinyStash → Tiny_stash
RFK_L6_R3,Tiny_stash,0.1091547607010872,0.177760636342068,0.0415518252487452,False,ReferenceKey,Reward,0.09563417361061881,0.18923905362287743,0.2,5,indirect,0.16120955110025087,OOPCourseCommunity | TaskJavaGUI | JavaVariables | DataTypes | RFK_L1_R1,RFK_L6_R3 → TaskJavaGUI → OOPCourseCommunity → IK_GE_TinyStash → RFK_GE_TinyStash → Tiny_stash
RFK_L6_R1,Tiny_stash,0.1091547607010872,0.177760636342068,0.0415518252487452,False,ReferenceKey,Reward,0.09563417361061881,0.18923905362287743,0.2,5,indirect,0.16120955110025087,OOPCourseCommunity | JavaGUIElements | JavaVariables | DataTypes | RFK_L1_R1,RFK_L6_R1 → JavaGUIElements → OOPCourseCommunity → IK_GE_TinyStash → RFK_GE_TinyStash → Tiny_stash
RFK_L5_R4,Tiny_stash,0.1091547607010872,0.177760636342068,0.0415518252487452,False,ReferenceKey,Reward,0.09563417361061881,0.18923905362287743,0.2,5,indirect,0.16120955110025087,OOPCourseCommunity | TaskJavaPolymorphism | JavaVariables | DataTypes | RFK_L1_R1,RFK_L5_R4 → TaskJavaPolymorphism → OOPCourseCommunity → IK_GE_TinyStash → RFK_GE_TinyStash → Tiny_stash
RFK_L7_R2,Tiny_stash,0.1091547607010872,0.177760636342068,0.0415518252487452,False,ReferenceKey,Reward,0.09563417361061881,0.18923905362287743,0.2,5,indirect,0.16120955110025087,OOPCourseCommunity | JavaEventListener | JavaVariables | DataTypes | RFK_L1_R1,RFK_L7_R2 → JavaEventListener → OOPCourseCommunity → IK_GE_TinyStash → RFK_GE_TinyStash → Tiny_stash
RFK_L5_R5,Tiny_stash,0.1091547607010872,0.177760636342068,0.0415518252487452,False,ReferenceKey,Reward,0.09563417361061881,0.18923905362287743,0.2,5,indirect,0.16120955110025087,OOPCourseCommunity | JavaOverloadedConstructors | JavaVariables | DataTypes | RFK_L1_R1,RFK_L5_R5 → JavaOverloadedConstructors → OOPCourseCommunity → IK_GE_TinyStash → RFK_GE_TinyStash → Tiny_stash
RFK_L8_R4,Tiny_stash,0.1091547607010872,0.177760636342068,0.0415518252487452,False,ReferenceKey,Reward,0.09563417361061881,0.18923905362287743,0.2,5,indirect,0.16120955110025087,OOPCourseCommunity | JavaExceptionTypes | JavaVariables | DataTypes | RFK_L1_R1,RFK_L8_R4 → JavaExceptionTypes → OOPCourseCommunity → IK_GE_TinyStash → RFK_GE_TinyStash → Tiny_stash
RFK_L8_R2,Tiny_stash,0.1091547607010872,0.177760636342068,0.0415518252487452,False,ReferenceKey,Reward,0.09563417361061881,0.18923905362287743,0.2,5,indirect,0.16120955110025087,OOPCourseCommunity | JavaExceptions | JavaVariables | DataTypes | RFK_L1_R1,RFK_L8_R2 → JavaExceptions → OOPCourseCommunity → IK_GE_TinyStash → RFK_GE_TinyStash → Tiny_stash
RFK_L1_R7,Tiny_stash,0.1091547607010872,0.177760636342068,0.0415518252487452,False,ReferenceKey,Reward,0.09563417361061881,0.18923905362287743,0.2,5,indirect,0.16120955110025087,OOPCourseCommunity | JavaArithmeticOperations | JavaVariables | DataTypes | RFK_L1_R1,RFK_L1_R7 → JavaArithmeticOperations → OOPCourseCommunity → IK_GE_TinyStash → RFK_GE_TinyStash → Tiny_stash
RFK_L9_R2,Tiny_stash,0.1091547607010872,0.177760636342068,0.0415518252487452,False,ReferenceKey,Reward,0.09563417361061881,0.18923905362287743,0.2,5,indirect,0.16120955110025087,OOPCourseCommunity | JavaIOStreams | JavaVariables | DataTypes | RFK_L1_R1,RFK_L9_R2 → JavaIOStreams → OOPCourseCommunity → IK_GE_TinyStash → RFK_GE_TinyStash → Tiny_stash
RFK_L5_R3,Tiny_stash,0.1091547607010872,0.177760636342068,0.0415518252487452,False,ReferenceKey,Reward,0.09563417361061881,0.18923905362287743,0.2,5,indirect,0.16120955110025087,OOPCourseCommunity | JavaOverriding | JavaVariables | DataTypes | RFK_L1_R1,RFK_L5_R3 → JavaOverriding → OOPCourseCommunity → IK_GE_TinyStash → RFK_GE_TinyStash → Tiny_stash
RFK_L7_R1,Tiny_stash,0.1091547607010872,0.177760636342068,0.0415518252487452,False,ReferenceKey,Reward,0.09563417361061881,0.18923905362287743,0.2,5,indirect,0.16120955110025087,OOPCourseCommunity | JavaEvents | JavaVariables | DataTypes | RFK_L1_R1,RFK_L7_R1 → JavaEvents → OOPCourseCommunity → IK_GE_TinyStash → RFK_GE_TinyStash → Tiny_stash
bonus resource for lesson 3 Class Methods and Constructors,Tiny_stash,0.09765139326208078,0.16837161357372465,0.0415518252487452,False,unknown,Reward,0.08643147965941367,0.19539765857319377,0.16666666666666666,6,indirect,0.16118646571430423,Variables | Class_Methods_and_Constructors | Java_Basics | Static_functions | ObjectOrientedProgramming,bonus resource for lesson 3 Class Methods and Constructors → Static_functions → Class_Methods_and_Constructors → Classes_and_Objects → Java_Basics → Variables → Tiny_stash
ressource bonus pour la leçon 3 Méthodes et constructeurs de classe,Tiny_stash,0.09765139326208078,0.16837161357372465,0.0415518252487452,False,unknown,Reward,0.08643147965941367,0.19539765857319377,0.16666666666666666,6,indirect,0.16118646571430423,Variables | Class_Methods_and_Constructors | Java_Basics | Static_functions | ObjectOrientedProgramming,ressource bonus pour la leçon 3 Méthodes et constructeurs de classe → Static_functions → Class_Methods_and_Constructors → Classes_and_Objects → Java_Basics → Variables → Tiny_stash
Collection,Tiny_stash,0.2708714473962788,0.2766594805246333,0.0415518252487452,False,Class,Reward,0.2250075229667721,0.10189130203804733,0.14285714285714285,7,indirect,0.16103435291342832,,N/A
block_game,Tiny_stash,0.09830223275596954,0.16825264192494535,0.0415518252487452,False,unknown,Reward,0.08695215125452467,0.19468710700912853,0.2,5,indirect,0.16095240102052288,BLockGame | Variables | Task_about_Java_Basics | Java_Basics | Control_Statements,block_game → BLockGame → Task_about_Java_Basics → Level_Up → Buil-in_Data_Types → Tiny_stash
3.0.0,Tiny_stash,0.09830223275596954,0.16825264192494535,0.0415518252487452,False,unknown,Reward,0.08695215125452467,0.19468710700912853,0.2,5,indirect,0.16095240102052288,BLockGame | Variables | Task_about_Java_Basics | Java_Basics | Control_Statements,3.0.0 → BLockGame → Task_about_Java_Basics → Level_Up → Buil-in_Data_Types → Tiny_stash
Allows the user to choose or change their avatar at any time.,Tiny_stash,0.09830223275596954,0.16825264192494535,0.0415518252487452,False,unknown,Reward,0.08695215125452467,0.19468710700912853,0.2,5,indirect,0.16095240102052288,BLockGame | Variables | Task_about_Java_Basics | Java_Basics | Control_Statements,Allows the user to choose or change their avatar at any time. → BLockGame → Task_about_Java_Basics → Level_Up → Buil-in_Data_Types → Tiny_stash
ressource bonus pour la leçon 3 Méthodes et constructeurs de classe,Stash,0.1164360766037034,0.1585650662600346,0.9172442572270822,False,unknown,Reward,0.2765977127283792,0.18450806603344028,0.16666666666666666,6,indirect,0.16068286973303236,Class_Methods_and_Constructors | Java_Basics | Static_functions | Functions | Classes_and_Objects,ressource bonus pour la leçon 3 Méthodes et constructeurs de classe → Static_functions → Class_Methods_and_Constructors → Classes_and_Objects → Java_Basics → Functions → Stash
bonus resource for lesson 3 Class Methods and Constructors,Stash,0.1164360766037034,0.1585650662600346,0.9172442572270822,False,unknown,Reward,0.2765977127283792,0.18450806603344028,0.16666666666666666,6,indirect,0.16068286973303236,Class_Methods_and_Constructors | Java_Basics | Static_functions | Functions | Classes_and_Objects,bonus resource for lesson 3 Class Methods and Constructors → Static_functions → Class_Methods_and_Constructors → Classes_and_Objects → Java_Basics → Functions → Stash
_:b151,Tiny_stash,0.26889260729610653,0.14384164392334592,0.0415518252487452,False,IndividualPropertyAtom,Reward,0.2234244508866343,0.10189130203804733,0.14285714285714285,7,indirect,0.16034175887836805,,N/A
_:b227,Tiny_stash,0.268892601335642,0.14384163331426406,0.0415518252487452,False,IndividualPropertyAtom,Reward,0.22342444611826268,0.10189130203804733,0.14285714285714285,7,indirect,0.16034175679220547,,N/A
_:b216,Tiny_stash,0.268892601335642,0.14384163331426406,0.0415518252487452,False,IndividualPropertyAtom,Reward,0.22342444611826268,0.10189130203804733,0.14285714285714285,7,indirect,0.16034175679220547,,N/A
_:b134,Tiny_stash,0.268892601335642,0.14384163331426406,0.0415518252487452,False,IndividualPropertyAtom,Reward,0.22342444611826268,0.10189130203804733,0.14285714285714285,7,indirect,0.16034175679220547,,N/A
_:b145,Tiny_stash,0.268892601335642,0.14384163331426406,0.0415518252487452,False,IndividualPropertyAtom,Reward,0.22342444611826268,0.10189130203804733,0.14285714285714285,7,indirect,0.16034175679220547,,N/A
_:b204,Tiny_stash,0.26872740821471996,0.14423940438078603,0.0415518252487452,False,IndividualPropertyAtom,Reward,0.22329229162152503,0.10189130203804733,0.14285714285714285,7,indirect,0.16028393919988276,,N/A
_:b113,Tiny_stash,0.26872738437286203,0.14423936202742627,0.0415518252487452,False,IndividualPropertyAtom,Reward,0.22329227254803868,0.10189130203804733,0.14285714285714285,7,indirect,0.16028393085523246,,N/A
_:b122,Tiny_stash,0.26872738437286203,0.14423936202742627,0.0415518252487452,False,IndividualPropertyAtom,Reward,0.22329227254803868,0.10189130203804733,0.14285714285714285,7,indirect,0.16028393085523246,,N/A
_:b142,Tiny_stash,0.26872738437286203,0.14423936202742627,0.0415518252487452,False,IndividualPropertyAtom,Reward,0.22329227254803868,0.10189130203804733,0.14285714285714285,7,indirect,0.16028393085523246,,N/A
_:b131,Tiny_stash,0.26872738437286203,0.14423936202742627,0.0415518252487452,False,IndividualPropertyAtom,Reward,0.22329227254803868,0.10189130203804733,0.14285714285714285,7,indirect,0.16028393085523246,,N/A
_:b224,Tiny_stash,0.26872738437286203,0.14423936202742627,0.0415518252487452,False,IndividualPropertyAtom,Reward,0.22329227254803868,0.10189130203804733,0.14285714285714285,7,indirect,0.16028393085523246,,N/A
_:b213,Tiny_stash,0.26872738437286203,0.14423936202742627,0.0415518252487452,False,IndividualPropertyAtom,Reward,0.22329227254803868,0.10189130203804733,0.14285714285714285,7,indirect,0.16028393085523246,,N/A
LearningStyle,Tiny_stash,0.2684789818772964,0.2764163499936987,0.0415518252487452,False,Class,Reward,0.2230935505515862,0.10189130203804733,0.14285714285714285,7,indirect,0.1601969899817845,,N/A
"index key for the resource ""Java FX""",Level_Up,0.1068410690061409,0.15720410385420247,1.0,False,unknown,Level,0.2854728552049127,0.1886996341532696,0.2,5,indirect,0.16004913635177456,Java_FX | Graphical_User_Interface | Polymorphism | Overloading | Overriding,"index key for the resource ""Java FX"" → Java_FX → GUI_Elements → Task_about_Polymorphism → Overriding → Level_Up"
Task_about_Java_Basics,bonusPoints,0.3090614879040212,0.12066134828801309,0.0,False,GamifiedResource,BonusPoints,0.247249190323217,0.0796690798158251,0.1111111111111111,9,indirect,0.15995642264669374,,N/A
_:b97,Level_Up,0.28754605356037344,0.09204205457834899,1.0,False,AtomList,Level,0.4300368428482988,0.08939130203804733,0.125,8,indirect,0.15874546507086146,,N/A
_:b89,Level_Up,0.2860253473578701,0.09281015701593599,1.0,False,AtomList,Level,0.4288202778862961,0.08939130203804733,0.125,8,indirect,0.1582132178999853,,N/A
RFK_L8_R4,BLockGame,0.10012799436523452,0.16965943775272022,0.12935257077791257,False,ReferenceKey,Badge,0.10597290964777013,0.18913339828390305,0.2,5,indirect,0.15798150691236906,OOPCourseCommunity | JavaExceptionTypes | JavaIf | JavaForWhile | IK_GE_BlockGame,RFK_L8_R4 → JavaExceptionTypes → OOPCourseCommunity → IK_GE_BlockGame → RF_GE_BloackGame → BLockGame
RFK_L5_R4,BLockGame,0.10012799436523452,0.16965943775272022,0.12935257077791257,False,ReferenceKey,Badge,0.10597290964777013,0.18913339828390305,0.2,5,indirect,0.15798150691236906,OOPCourseCommunity | TaskJavaPolymorphism | JavaIf | JavaForWhile | IK_GE_BlockGame,RFK_L5_R4 → TaskJavaPolymorphism → OOPCourseCommunity → IK_GE_BlockGame → RF_GE_BloackGame → BLockGame
RFK_L8_R3,BLockGame,0.10012799436523452,0.16965943775272022,0.12935257077791257,False,ReferenceKey,Badge,0.10597290964777013,0.18913339828390305,0.2,5,indirect,0.15798150691236906,OOPCourseCommunity | TaskJavaExceptions | JavaIf | JavaForWhile | IK_GE_BlockGame,RFK_L8_R3 → TaskJavaExceptions → OOPCourseCommunity → IK_GE_BlockGame → RF_GE_BloackGame → BLockGame
RFK_L5_R1,BLockGame,0.10012799436523452,0.16965943775272022,0.12935257077791257,False,ReferenceKey,Badge,0.10597290964777013,0.18913339828390305,0.2,5,indirect,0.15798150691236906,OOPCourseCommunity | JavaArgumentsParameters | JavaIf | JavaForWhile | IK_GE_BlockGame,RFK_L5_R1 → JavaArgumentsParameters → OOPCourseCommunity → IK_GE_BlockGame → RF_GE_BloackGame → BLockGame
RFK_L6_R1,BLockGame,0.10012799436523452,0.16965943775272022,0.12935257077791257,False,ReferenceKey,Badge,0.10597290964777013,0.18913339828390305,0.2,5,indirect,0.15798150691236906,OOPCourseCommunity | JavaGUIElements | JavaIf | JavaForWhile | IK_GE_BlockGame,RFK_L6_R1 → JavaGUIElements → OOPCourseCommunity → IK_GE_BlockGame → RF_GE_BloackGame → BLockGame
RFK_L7_R4,BLockGame,0.10012799436523452,0.16965943775272022,0.12935257077791257,False,ReferenceKey,Badge,0.10597290964777013,0.18913339828390305,0.2,5,indirect,0.15798150691236906,OOPCourseCommunity | JavaEventTypes | JavaIf | JavaForWhile | IK_GE_BlockGame,RFK_L7_R4 → JavaEventTypes → OOPCourseCommunity → IK_GE_BlockGame → RF_GE_BloackGame → BLockGame
RFK_L5_R3,BLockGame,0.10012799436523452,0.16965943775272022,0.12935257077791257,False,ReferenceKey,Badge,0.10597290964777013,0.18913339828390305,0.2,5,indirect,0.15798150691236906,OOPCourseCommunity | JavaOverriding | JavaIf | JavaForWhile | IK_GE_BlockGame,RFK_L5_R3 → JavaOverriding → OOPCourseCommunity → IK_GE_BlockGame → RF_GE_BloackGame → BLockGame
RFK_L7_R1,BLockGame,0.10012799436523452,0.16965943775272022,0.12935257077791257,False,ReferenceKey,Badge,0.10597290964777013,0.18913339828390305,0.2,5,indirect,0.15798150691236906,OOPCourseCommunity | JavaEvents | JavaIf | JavaForWhile | IK_GE_BlockGame,RFK_L7_R1 → JavaEvents → OOPCourseCommunity → IK_GE_BlockGame → RF_GE_BloackGame → BLockGame
RFK_L5_R2,BLockGame,0.10012799436523452,0.16965943775272022,0.12935257077791257,False,ReferenceKey,Badge,0.10597290964777013,0.18913339828390305,0.2,5,indirect,0.15798150691236906,OOPCourseCommunity | JavaOverloading | JavaIf | JavaForWhile | IK_GE_BlockGame,RFK_L5_R2 → JavaOverloading → OOPCourseCommunity → IK_GE_BlockGame → RF_GE_BloackGame → BLockGame
RFK_L5_R5,BLockGame,0.10012799436523452,0.16965943775272022,0.12935257077791257,False,ReferenceKey,Badge,0.10597290964777013,0.18913339828390305,0.2,5,indirect,0.15798150691236906,OOPCourseCommunity | JavaOverloadedConstructors | JavaIf | JavaForWhile | IK_GE_BlockGame,RFK_L5_R5 → JavaOverloadedConstructors → OOPCourseCommunity → IK_GE_BlockGame → RF_GE_BloackGame → BLockGame
RFK_L6_R2,BLockGame,0.10012799436523452,0.16965943775272022,0.12935257077791257,False,ReferenceKey,Badge,0.10597290964777013,0.18913339828390305,0.2,5,indirect,0.15798150691236906,OOPCourseCommunity | JavaFX | JavaIf | JavaForWhile | IK_GE_BlockGame,RFK_L6_R2 → JavaFX → OOPCourseCommunity → IK_GE_BlockGame → RF_GE_BloackGame → BLockGame
RFK_L8_R2,BLockGame,0.10012799436523452,0.16965943775272022,0.12935257077791257,False,ReferenceKey,Badge,0.10597290964777013,0.18913339828390305,0.2,5,indirect,0.15798150691236906,OOPCourseCommunity | JavaExceptions | JavaIf | JavaForWhile | IK_GE_BlockGame,RFK_L8_R2 → JavaExceptions → OOPCourseCommunity → IK_GE_BlockGame → RF_GE_BloackGame → BLockGame
RFK_L7_R2,BLockGame,0.10012799436523452,0.16965943775272022,0.12935257077791257,False,ReferenceKey,Badge,0.10597290964777013,0.18913339828390305,0.2,5,indirect,0.15798150691236906,OOPCourseCommunity | JavaEventListener | JavaIf | JavaForWhile | IK_GE_BlockGame,RFK_L7_R2 → JavaEventListener → OOPCourseCommunity → IK_GE_BlockGame → RF_GE_BloackGame → BLockGame
RFK_L1_R7,BLockGame,0.10012799436523452,0.16965943775272022,0.12935257077791257,False,ReferenceKey,Badge,0.10597290964777013,0.18913339828390305,0.2,5,indirect,0.15798150691236906,OOPCourseCommunity | JavaArithmeticOperations | JavaIf | JavaForWhile | IK_GE_BlockGame,RFK_L1_R7 → JavaArithmeticOperations → OOPCourseCommunity → IK_GE_BlockGame → RF_GE_BloackGame → BLockGame
RFK_L6_R3,BLockGame,0.10012799436523452,0.16965943775272022,0.12935257077791257,False,ReferenceKey,Badge,0.10597290964777013,0.18913339828390305,0.2,5,indirect,0.15798150691236906,OOPCourseCommunity | TaskJavaGUI | JavaIf | JavaForWhile | IK_GE_BlockGame,RFK_L6_R3 → TaskJavaGUI → OOPCourseCommunity → IK_GE_BlockGame → RF_GE_BloackGame → BLockGame
RFK_L9_R3,BLockGame,0.10012799436523452,0.16965943775272022,0.12935257077791257,False,ReferenceKey,Badge,0.10597290964777013,0.18913339828390305,0.2,5,indirect,0.15798150691236906,OOPCourseCommunity | JavaDelimiters | JavaIf | JavaForWhile | IK_GE_BlockGame,RFK_L9_R3 → JavaDelimiters → OOPCourseCommunity → IK_GE_BlockGame → RF_GE_BloackGame → BLockGame
RFK_L9_R1,BLockGame,0.10012799436523452,0.16965943775272022,0.12935257077791257,False,ReferenceKey,Badge,0.10597290964777013,0.18913339828390305,0.2,5,indirect,0.15798150691236906,OOPCourseCommunity | JavaFiles | JavaIf | JavaForWhile | IK_GE_BlockGame,RFK_L9_R1 → JavaFiles → OOPCourseCommunity → IK_GE_BlockGame → RF_GE_BloackGame → BLockGame
RFK_L6_R4,BLockGame,0.10012799436523452,0.16965943775272022,0.12935257077791257,False,ReferenceKey,Badge,0.10597290964777013,0.18913339828390305,0.2,5,indirect,0.15798150691236906,OOPCourseCommunity | JavaGUILinkedScreens | JavaIf | JavaForWhile | IK_GE_BlockGame,RFK_L6_R4 → JavaGUILinkedScreens → OOPCourseCommunity → IK_GE_BlockGame → RF_GE_BloackGame → BLockGame
RFK_L7_R3,BLockGame,0.10012799436523452,0.16965943775272022,0.12935257077791257,False,ReferenceKey,Badge,0.10597290964777013,0.18913339828390305,0.2,5,indirect,0.15798150691236906,OOPCourseCommunity | JavaTaskEventHandlerListener | JavaIf | JavaForWhile | IK_GE_BlockGame,RFK_L7_R3 → JavaTaskEventHandlerListener → OOPCourseCommunity → IK_GE_BlockGame → RF_GE_BloackGame → BLockGame
RFK_L9_R2,BLockGame,0.10012799436523452,0.16965943775272022,0.12935257077791257,False,ReferenceKey,Badge,0.10597290964777013,0.18913339828390305,0.2,5,indirect,0.15798150691236906,OOPCourseCommunity | JavaIOStreams | JavaIf | JavaForWhile | IK_GE_BlockGame,RFK_L9_R2 → JavaIOStreams → OOPCourseCommunity → IK_GE_BlockGame → RF_GE_BloackGame → BLockGame
RFK_L8_R1,BLockGame,0.10012799436523452,0.16965943775272022,0.12935257077791257,False,ReferenceKey,Badge,0.10597290964777013,0.18913339828390305,0.2,5,indirect,0.15798150691236906,OOPCourseCommunity | JavaTryCatch | JavaIf | JavaForWhile | IK_GE_BlockGame,RFK_L8_R1 → JavaTryCatch → OOPCourseCommunity → IK_GE_BlockGame → RF_GE_BloackGame → BLockGame
EducationalInstitution,BLockGame,0.10820916690280216,0.16685942916574678,0.12935257077791257,False,unknown,Badge,0.11243784767782425,0.18468302202548034,0.16666666666666666,6,indirect,0.15791717273254297,Course | ObjectOrientedProgramming | Java_Basics | offersCourse | Control_Statements,EducationalInstitution → offersCourse → Course → ObjectOrientedProgramming → Java_Basics → Control_Statements → BLockGame
Leaderboard,bonusPoints,0.18748382135545166,0.12012515369581538,0.0,False,Class,BonusPoints,0.14998705708436133,0.14189130203804734,0.2,5,indirect,0.15784868379913886,,N/A
leçon 4 du cours Programmation Orientée Objet,BLockGame,0.09963135200024889,0.1616052444780465,0.12935257077791257,False,unknown,Badge,0.10557559575578164,0.1882422051094393,0.2,5,indirect,0.15722840652122264,Inheritance | ObjectOrientedProgramming | Java_Basics | Multi-level_inheritance | Control_Statements,leçon 4 du cours Programmation Orientée Objet → Inheritance → ObjectOrientedProgramming → Java_Basics → Control_Statements → BLockGame
lesson 4 for the course Object Oriented Programming,BLockGame,0.09963135200024889,0.1616052444780465,0.12935257077791257,False,unknown,Badge,0.10557559575578164,0.1882422051094393,0.2,5,indirect,0.15722840652122264,Inheritance | ObjectOrientedProgramming | Java_Basics | Multi-level_inheritance | Control_Statements,lesson 4 for the course Object Oriented Programming → Inheritance → ObjectOrientedProgramming → Java_Basics → Control_Statements → BLockGame
t2,Tiny_stash,0.25966057520811847,0.2355682079579239,0.0415518252487452,False,Variable,Reward,0.21603882521624385,0.10189130203804733,0.14285714285714285,7,indirect,0.1571105476475722,,N/A
t1,Tiny_stash,0.25948278337154884,0.2354946951090039,0.0415518252487452,False,Variable,Reward,0.21589659174698814,0.10189130203804733,0.14285714285714285,7,indirect,0.15704832050477285,,N/A
_:b251,Level_Up,0.2824753046298508,0.09653398854413996,1.0,False,AtomList,Level,0.42598024370388066,0.08939130203804733,0.125,8,indirect,0.15697070294517856,,N/A
LegalDocument,BLockGame,0.3001004426655117,0.14873722157949787,0.12935257077791257,False,Class,Badge,0.2659508682879919,0.0796690798158251,0.1111111111111111,9,indirect,0.15682005681321542,,N/A
number,Tiny_stash,0.2820435694879987,0.24830138578581137,0.0415518252487452,False,AnnotationProperty,Reward,0.23394522064014803,0.08939130203804733,0.125,8,indirect,0.1568195956455303,,N/A
determine iof the teacher's objective is behavioural objective,Tiny_stash,0.2581884509700851,0.24734230852906253,0.0415518252487452,False,unknown,Reward,0.21486112582581712,0.10189130203804733,0.14285714285714285,7,indirect,0.15659530416426054,,N/A
lesson 5 for the course Object Oriented Programming,BLockGame,0.09781423686213818,0.16050617104243228,0.12935257077791257,False,unknown,Badge,0.10412190364529307,0.18819659131611582,0.2,5,indirect,0.15656276725722365,Polymorphism | ObjectOrientedProgramming | Java_Basics | Control_Statements | Task_about_Java_Basics,lesson 5 for the course Object Oriented Programming → Polymorphism → ObjectOrientedProgramming → Java_Basics → Control_Statements → BLockGame
leçon 5 du cours Programmation Orientée Objet,BLockGame,0.09781423686213818,0.16050617104243228,0.12935257077791257,False,unknown,Badge,0.10412190364529307,0.18819659131611582,0.2,5,indirect,0.15656276725722365,Polymorphism | ObjectOrientedProgramming | Java_Basics | Control_Statements | Task_about_Java_Basics,leçon 5 du cours Programmation Orientée Objet → Polymorphism → ObjectOrientedProgramming → Java_Basics → Control_Statements → BLockGame
has_host,BLockGame,0.25801955892027395,0.14763325655206797,0.12935257077791257,False,unknown,Badge,0.23228616129180168,0.10189130203804733,0.14285714285714285,7,indirect,0.15653619194682664,,N/A
bonus resource for lesson 3 Class Methods and Constructors,BLockGame,0.10315198829120276,0.1635719863978432,0.12935257077791257,False,unknown,Badge,0.10839210478854473,0.18448533501579184,0.16666666666666666,6,indirect,0.15601866366218564,Class_Methods_and_Constructors | Java_Basics | Static_functions | Control_Statements | Classes_and_Objects,bonus resource for lesson 3 Class Methods and Constructors → Static_functions → Class_Methods_and_Constructors → Classes_and_Objects → Java_Basics → Control_Statements → BLockGame
ressource bonus pour la leçon 3 Méthodes et constructeurs de classe,BLockGame,0.10315198829120276,0.1635719863978432,0.12935257077791257,False,unknown,Badge,0.10839210478854473,0.18448533501579184,0.16666666666666666,6,indirect,0.15601866366218564,Class_Methods_and_Constructors | Java_Basics | Static_functions | Control_Statements | Classes_and_Objects,ressource bonus pour la leçon 3 Méthodes et constructeurs de classe → Static_functions → Class_Methods_and_Constructors → Classes_and_Objects → Java_Basics → Control_Statements → BLockGame
Events,bonusPoints,0.31218099467280536,0.08391381930830087,0.0,False,GamifiedResource,BonusPoints,0.2497447957382443,0.07189130203804733,0.1,10,indirect,0.15599269446021263,,N/A
Experience,Stash,0.3119313210489305,0.09495501959647568,0.9172442572270822,False,Class,Reward,0.43299390828456086,0.07189130203804733,0.1,10,indirect,0.15590530869185645,,N/A
Number of hours for completing the course,Stash,0.10143841544633463,0.15738333520624587,0.9172442572270822,False,unknown,Reward,0.26459958380248416,0.18468890556743534,0.16666666666666666,6,indirect,0.15555123402505008,Course | ObjectOrientedProgramming | Java_Basics | has_TotalCompletionHours | Functions,Number of hours for completing the course → has_TotalCompletionHours → Course → ObjectOrientedProgramming → Java_Basics → Functions → Stash
the original language inwhich the course is created with,Stash,0.10143841544633463,0.15738333520624587,0.9172442572270822,False,unknown,Reward,0.26459958380248416,0.18468890556743534,0.16666666666666666,6,indirect,0.15555123402505008,Course | ObjectOrientedProgramming | Java_Basics | has_TeachingLanguage | Functions,the original language inwhich the course is created with → has_TeachingLanguage → Course → ObjectOrientedProgramming → Java_Basics → Functions → Stash
total number of learners enrolled to the course throughout the years,Stash,0.10143841544633463,0.15738333520624587,0.9172442572270822,False,unknown,Reward,0.26459958380248416,0.18468890556743534,0.16666666666666666,6,indirect,0.15555123402505008,Course | ObjectOrientedProgramming | Java_Basics | has_TotalEnrollment | Functions,total number of learners enrolled to the course throughout the years → has_TotalEnrollment → Course → ObjectOrientedProgramming → Java_Basics → Functions → Stash
language for the transcript of the course's resources,Stash,0.10143841544633463,0.15738333520624587,0.9172442572270822,False,unknown,Reward,0.26459958380248416,0.18468890556743534,0.16666666666666666,6,indirect,0.15555123402505008,Course | ObjectOrientedProgramming | Java_Basics | has_TranslationLanguage | Functions,language for the transcript of the course's resources → has_TranslationLanguage → Course → ObjectOrientedProgramming → Java_Basics → Functions → Stash
Whether it is flexible or has certain deadlines,Stash,0.10143841544633463,0.15738333520624587,0.9172442572270822,False,unknown,Reward,0.26459958380248416,0.18468890556743534,0.16666666666666666,6,indirect,0.15555123402505008,Course | ObjectOrientedProgramming | Java_Basics | has_LearningPace | Functions,Whether it is flexible or has certain deadlines → has_LearningPace → Course → ObjectOrientedProgramming → Java_Basics → Functions → Stash
rating of course from 0 to 5.,Stash,0.10143841544633463,0.15738333520624587,0.9172442572270822,False,unknown,Reward,0.26459958380248416,0.18468890556743534,0.16666666666666666,6,indirect,0.15555123402505008,Course | ObjectOrientedProgramming | Java_Basics | has_Rating | Functions,rating of course from 0 to 5. → has_Rating → Course → ObjectOrientedProgramming → Java_Basics → Functions → Stash
startingPage,BLockGame,0.29350714964860736,0.13452466476627364,0.12935257077791257,False,AnnotationProperty,Badge,0.2606762338744684,0.0796690798158251,0.1111111111111111,9,indirect,0.1545124042572989,,N/A
has_bag,Level_Up,0.27502818053124106,0.1279133501266105,1.0,False,unknown,Level,0.42002254442499287,0.08939130203804733,0.125,8,indirect,0.15436420951066515,,N/A
Task_about_Event_Handler_and_Listener,Tiny_stash,0.21971082247084106,0.16693529288791123,0.0415518252487452,False,GamifiedResource,Reward,0.1840790230264219,0.118557968704714,0.16666666666666666,6,indirect,0.15396146752285847,,N/A
"index key for the resource ""Java FX""",Stash,0.09662389492192885,0.1591817953743075,0.9172442572270822,False,unknown,Reward,0.2607479673829595,0.18464923368453867,0.16666666666666666,6,indirect,0.15384036511762525,Java_FX | ObjectOrientedProgramming | Graphical_User_Interface | Java_Basics | Functions,"index key for the resource ""Java FX"" → Java_FX → Graphical_User_Interface → ObjectOrientedProgramming → Java_Basics → Functions → Stash"
Overloaded_constructors,bonusPoints,0.29111207244660187,0.09034286290962305,0.0,False,GamifiedResource,BonusPoints,0.2328896579572815,0.0796690798158251,0.1111111111111111,9,indirect,0.15367412723659696,,N/A
the original language inwhich the course is created with,Level_Up,0.1102018332763075,0.1565808833155557,1.0,False,unknown,Level,0.288161466621046,0.17647884068747027,0.16666666666666666,6,indirect,0.1532818880935633,Course | ObjectOrientedProgramming | has_TeachingLanguage | Java_Basics | Variables,the original language inwhich the course is created with → has_TeachingLanguage → Course → ObjectOrientedProgramming → Java_Basics → Variables → Level_Up
Number of hours for completing the course,Level_Up,0.1102018332763075,0.1565808833155557,1.0,False,unknown,Level,0.288161466621046,0.17647884068747027,0.16666666666666666,6,indirect,0.1532818880935633,Course | ObjectOrientedProgramming | has_TotalCompletionHours | Java_Basics | Variables,Number of hours for completing the course → has_TotalCompletionHours → Course → ObjectOrientedProgramming → Java_Basics → Variables → Level_Up
total number of learners enrolled to the course throughout the years,Level_Up,0.1102018332763075,0.1565808833155557,1.0,False,unknown,Level,0.288161466621046,0.17647884068747027,0.16666666666666666,6,indirect,0.1532818880935633,Course | ObjectOrientedProgramming | has_TotalEnrollment | Java_Basics | Variables,total number of learners enrolled to the course throughout the years → has_TotalEnrollment → Course → ObjectOrientedProgramming → Java_Basics → Variables → Level_Up
Whether it is flexible or has certain deadlines,Level_Up,0.1102018332763075,0.1565808833155557,1.0,False,unknown,Level,0.288161466621046,0.17647884068747027,0.16666666666666666,6,indirect,0.1532818880935633,Course | ObjectOrientedProgramming | has_LearningPace | Java_Basics | Variables,Whether it is flexible or has certain deadlines → has_LearningPace → Course → ObjectOrientedProgramming → Java_Basics → Variables → Level_Up
language for the transcript of the course's resources,Level_Up,0.1102018332763075,0.1565808833155557,1.0,False,unknown,Level,0.288161466621046,0.17647884068747027,0.16666666666666666,6,indirect,0.1532818880935633,Course | ObjectOrientedProgramming | has_TranslationLanguage | Java_Basics | Variables,language for the transcript of the course's resources → has_TranslationLanguage → Course → ObjectOrientedProgramming → Java_Basics → Variables → Level_Up
rating of course from 0 to 5.,Level_Up,0.1102018332763075,0.1565808833155557,1.0,False,unknown,Level,0.288161466621046,0.17647884068747027,0.16666666666666666,6,indirect,0.1532818880935633,Course | ObjectOrientedProgramming | has_Rating | Java_Basics | Variables,rating of course from 0 to 5. → has_Rating → Course → ObjectOrientedProgramming → Java_Basics → Variables → Level_Up
"ressource bonus pour la leçon 7 ""Event Handler and Listener""",Stash,0.09361713230559028,0.1607010870388057,0.9172442572270822,False,unknown,Reward,0.2583425572898887,0.18473481587259544,0.16666666666666666,6,indirect,0.15284362662414364,Event_Handler_and_Listener | ObjectOrientedProgramming | Event_Types | Java_Basics | Functions,"ressource bonus pour la leçon 7 ""Event Handler and Listener"" → Event_Types → Event_Handler_and_Listener → ObjectOrientedProgramming → Java_Basics → Functions → Stash"
bonus resource for lesson 7 Event Handler and Listener,Stash,0.09361713230559028,0.1607010870388057,0.9172442572270822,False,unknown,Reward,0.2583425572898887,0.18473481587259544,0.16666666666666666,6,indirect,0.15284362662414364,Event_Handler_and_Listener | ObjectOrientedProgramming | Event_Types | Java_Basics | Functions,bonus resource for lesson 7 Event Handler and Listener → Event_Types → Event_Handler_and_Listener → ObjectOrientedProgramming → Java_Basics → Functions → Stash
bonus resource for lesson 8 Exception Handling,Stash,0.09357086054244719,0.1607226359979368,0.9172442572270822,False,unknown,Reward,0.2583055398793742,0.18461277440232857,0.16666666666666666,6,indirect,0.15274810455137008,Exception_Handling | ObjectOrientedProgramming | Exception_Types | Java_Basics | Functions,bonus resource for lesson 8 Exception Handling → Exception_Types → Exception_Handling → ObjectOrientedProgramming → Java_Basics → Functions → Stash
ressource bonus pour la leçon 8 Gestion des exceptions,Stash,0.09357086054244719,0.1607226359979368,0.9172442572270822,False,unknown,Reward,0.2583055398793742,0.18461277440232857,0.16666666666666666,6,indirect,0.15274810455137008,Exception_Handling | ObjectOrientedProgramming | Exception_Types | Java_Basics | Functions,ressource bonus pour la leçon 8 Gestion des exceptions → Exception_Types → Exception_Handling → ObjectOrientedProgramming → Java_Basics → Functions → Stash
bonus resource for lesson 9 Input and Output Stream,Stash,0.0935303139179258,0.16074152520084145,0.9172442572270822,False,unknown,Reward,0.2582731025797571,0.18449501017367342,0.16666666666666666,6,indirect,0.15265736648416176,ObjectOrientedProgramming | Java_Basics | Input_and_Output_Stream | Delimiters | Functions,bonus resource for lesson 9 Input and Output Stream → Delimiters → Input_and_Output_Stream → ObjectOrientedProgramming → Java_Basics → Functions → Stash
ressource bonus pour la leçon 9 Flux d'entrée et de sortie,Stash,0.0935303139179258,0.16074152520084145,0.9172442572270822,False,unknown,Reward,0.2582731025797571,0.18449501017367342,0.16666666666666666,6,indirect,0.15265736648416176,ObjectOrientedProgramming | Java_Basics | Input_and_Output_Stream | Delimiters | Functions,ressource bonus pour la leçon 9 Flux d'entrée et de sortie → Delimiters → Input_and_Output_Stream → ObjectOrientedProgramming → Java_Basics → Functions → Stash
_:b94,Tiny_stash,0.2701321099340417,0.14047299288310655,0.0415518252487452,False,IndividualPropertyAtom,Reward,0.22441605299698242,0.08939130203804733,0.125,8,indirect,0.15265058480164534,,N/A
JavafunctionTypes,Motrain,0.10762207821690455,0.15620577466338864,0.0,False,IndexKey,GameElementResource,0.08609766257352364,0.17689130203804734,0.25,4,indirect,0.15264707370064737,,N/A
_:b191,Tiny_stash,0.2699473051387311,0.14606583928213354,0.0415518252487452,False,IndividualPropertyAtom,Reward,0.22426820916073395,0.08939130203804733,0.125,8,indirect,0.15258590312328665,,N/A
_:b180,Tiny_stash,0.26983034612140605,0.14609646798236425,0.0415518252487452,False,IndividualPropertyAtom,Reward,0.2241746419468739,0.08939130203804733,0.125,8,indirect,0.1525449674672229,,N/A
_:b158,Tiny_stash,0.26983034612140605,0.14609646798236425,0.0415518252487452,False,IndividualPropertyAtom,Reward,0.2241746419468739,0.08939130203804733,0.125,8,indirect,0.1525449674672229,,N/A
_:b169,Tiny_stash,0.26983034612140605,0.14609646798236425,0.0415518252487452,False,IndividualPropertyAtom,Reward,0.2241746419468739,0.08939130203804733,0.125,8,indirect,0.1525449674672229,,N/A
_:b92,Tiny_stash,0.269374338612803,0.1409963075036871,0.0415518252487452,False,IndividualPropertyAtom,Reward,0.22380983593999149,0.08939130203804733,0.125,8,indirect,0.15238536483921183,,N/A
_:b95,Level_Up,0.2864005218104266,0.08877252572768461,1.0,False,AtomList,Level,0.4291204174483413,0.0796690798158251,0.1111111111111111,9,indirect,0.15202508451393562,,N/A
Error2,Tiny_stash,0.26812980156343824,0.2705136609879814,0.0415518252487452,False,Class,Reward,0.22281420630049967,0.08939130203804733,0.125,8,indirect,0.15194977687193414,,N/A
has_Priority,bonusPoints,0.10561285845681376,0.15433088554114943,0.0,False,DatatypeProperty,BonusPoints,0.084490286765451,0.17689130203804734,0.25,4,indirect,0.1519438467846156,,N/A
_:b269,Tiny_stash,0.2678269563799029,0.14208841523878357,0.0415518252487452,False,IndividualPropertyAtom,Reward,0.22257193015367138,0.08939130203804733,0.125,8,indirect,0.15184378105769678,,N/A
_:b93,Level_Up,0.28429331700315347,0.09059910697305368,1.0,False,AtomList,Level,0.4274346536025228,0.0796690798158251,0.1111111111111111,9,indirect,0.15128756283139003,,N/A
ressource bonus pour la leçon 4 Méthodes et constructeurs de classe,Stash,0.11643496234025705,0.15856578506788102,0.9172442572270822,False,unknown,Reward,0.2765968213176221,0.16999139854847356,0.16666666666666666,6,indirect,0.15124664587559777,Inheritance | Parent_classes | ObjectOrientedProgramming | Java_Basics | Multi-level_inheritance,ressource bonus pour la leçon 4 Méthodes et constructeurs de classe → Parent_classes → Inheritance → ObjectOrientedProgramming → Java_Basics → Functions → Stash
bonus resource for lesson 4 Class Methods and Constructors,Stash,0.11643496234025705,0.15856578506788102,0.9172442572270822,False,unknown,Reward,0.2765968213176221,0.16999139854847356,0.16666666666666666,6,indirect,0.15124664587559777,Inheritance | Parent_classes | ObjectOrientedProgramming | Java_Basics | Multi-level_inheritance,bonus resource for lesson 4 Class Methods and Constructors → Parent_classes → Inheritance → ObjectOrientedProgramming → Java_Basics → Functions → Stash
bonus resource for lesson 7 Event Handler and Listener,Level_Up,0.10308868882911111,0.1586771289994962,1.0,False,unknown,Level,0.2824709510632889,0.17667379838741853,0.16666666666666666,6,indirect,0.15091901004201094,Event_Handler_and_Listener | Event_Types | Overloading | ObjectOrientedProgramming | Polymorphism,bonus resource for lesson 7 Event Handler and Listener → Event_Types → Event_Handler_and_Listener → ObjectOrientedProgramming → Polymorphism → Overloading → Level_Up
"ressource bonus pour la leçon 7 ""Event Handler and Listener""",Level_Up,0.10308868882911111,0.1586771289994962,1.0,False,unknown,Level,0.2824709510632889,0.17667379838741853,0.16666666666666666,6,indirect,0.15091901004201094,Event_Handler_and_Listener | Event_Types | Overloading | ObjectOrientedProgramming | Polymorphism,"ressource bonus pour la leçon 7 ""Event Handler and Listener"" → Event_Types → Event_Handler_and_Listener → ObjectOrientedProgramming → Polymorphism → Overloading → Level_Up"
ressource bonus pour la leçon 8 Gestion des exceptions,Level_Up,0.10303167652706655,0.15870933621823263,1.0,False,unknown,Level,0.28242534122165325,0.1765361235056712,0.16666666666666666,6,indirect,0.15080956706315957,Exception_Handling | ObjectOrientedProgramming | Exception_Types | Polymorphism | Overloading,ressource bonus pour la leçon 8 Gestion des exceptions → Exception_Types → Exception_Handling → ObjectOrientedProgramming → Polymorphism → Overloading → Level_Up
bonus resource for lesson 8 Exception Handling,Level_Up,0.10303167652706655,0.15870933621823263,1.0,False,unknown,Level,0.28242534122165325,0.1765361235056712,0.16666666666666666,6,indirect,0.15080956706315957,Exception_Handling | ObjectOrientedProgramming | Exception_Types | Polymorphism | Overloading,bonus resource for lesson 8 Exception Handling → Exception_Types → Exception_Handling → ObjectOrientedProgramming → Polymorphism → Overloading → Level_Up
Buil-in_Data_Types,Motrain,0.21044706230348145,0.21296958673512814,0.0,False,GamifiedResource,GameElementResource,0.16835764984278517,0.118557968704714,0.16666666666666666,6,indirect,0.1507191514642826,,N/A
ressource bonus pour la leçon 9 Flux d'entrée et de sortie,Level_Up,0.10231505464183643,0.15902245075998936,1.0,False,unknown,Level,0.28185204371346917,0.17643307980559791,0.16666666666666666,6,indirect,0.1504917709982814,ObjectOrientedProgramming | Input_and_Output_Stream | Delimiters | Polymorphism | Overloading,ressource bonus pour la leçon 9 Flux d'entrée et de sortie → Delimiters → Input_and_Output_Stream → ObjectOrientedProgramming → Polymorphism → Overloading → Level_Up
bonus resource for lesson 9 Input and Output Stream,Level_Up,0.10231505464183643,0.15902245075998936,1.0,False,unknown,Level,0.28185204371346917,0.17643307980559791,0.16666666666666666,6,indirect,0.1504917709982814,ObjectOrientedProgramming | Input_and_Output_Stream | Delimiters | Polymorphism | Overloading,bonus resource for lesson 9 Input and Output Stream → Delimiters → Input_and_Output_Stream → ObjectOrientedProgramming → Polymorphism → Overloading → Level_Up
_:b284,Stash,0.24035118812389683,0.15849634564836343,0.9172442572270822,False,List,Reward,0.3757298019445339,0.10189130203804733,0.14285714285714285,7,indirect,0.15035226216809466,,N/A
_:b83,Stash,0.24035118812389683,0.15849634564836343,0.9172442572270822,False,List,Reward,0.3757298019445339,0.10189130203804733,0.14285714285714285,7,indirect,0.15035226216809466,,N/A
_:b91,Level_Up,0.2813747705906885,0.09333024443350821,1.0,False,AtomList,Level,0.4250998164725508,0.0796690798158251,0.1111111111111111,9,indirect,0.1502660715870273,,N/A
IK2,Motrain,0.10081205881030038,0.15357734485116914,0.0,False,IndexKey,GameElementResource,0.0806496470482403,0.17689130203804734,0.25,4,indirect,0.15026356690833592,,N/A
Number of hours for completing the course,BLockGame,0.08614282182289369,0.1617684218395463,0.12935257077791257,False,unknown,Badge,0.09478477161389748,0.18468302202548034,0.16666666666666666,6,indirect,0.15019395195457502,Course | ObjectOrientedProgramming | Java_Basics | has_TotalCompletionHours | Control_Statements,Number of hours for completing the course → has_TotalCompletionHours → Course → ObjectOrientedProgramming → Java_Basics → Control_Statements → BLockGame
language for the transcript of the course's resources,BLockGame,0.08614282182289369,0.1617684218395463,0.12935257077791257,False,unknown,Badge,0.09478477161389748,0.18468302202548034,0.16666666666666666,6,indirect,0.15019395195457502,Course | ObjectOrientedProgramming | Java_Basics | has_TranslationLanguage | Control_Statements,language for the transcript of the course's resources → has_TranslationLanguage → Course → ObjectOrientedProgramming → Java_Basics → Control_Statements → BLockGame
the original language inwhich the course is created with,BLockGame,0.08614282182289369,0.1617684218395463,0.12935257077791257,False,unknown,Badge,0.09478477161389748,0.18468302202548034,0.16666666666666666,6,indirect,0.15019395195457502,Course | ObjectOrientedProgramming | Java_Basics | has_TeachingLanguage | Control_Statements,the original language inwhich the course is created with → has_TeachingLanguage → Course → ObjectOrientedProgramming → Java_Basics → Control_Statements → BLockGame
rating of course from 0 to 5.,BLockGame,0.08614282182289369,0.1617684218395463,0.12935257077791257,False,unknown,Badge,0.09478477161389748,0.18468302202548034,0.16666666666666666,6,indirect,0.15019395195457502,Course | ObjectOrientedProgramming | Java_Basics | has_Rating | Control_Statements,rating of course from 0 to 5. → has_Rating → Course → ObjectOrientedProgramming → Java_Basics → Control_Statements → BLockGame
Whether it is flexible or has certain deadlines,BLockGame,0.08614282182289369,0.1617684218395463,0.12935257077791257,False,unknown,Badge,0.09478477161389748,0.18468302202548034,0.16666666666666666,6,indirect,0.15019395195457502,Course | ObjectOrientedProgramming | Java_Basics | has_LearningPace | Control_Statements,Whether it is flexible or has certain deadlines → has_LearningPace → Course → ObjectOrientedProgramming → Java_Basics → Control_Statements → BLockGame
total number of learners enrolled to the course throughout the years,BLockGame,0.08614282182289369,0.1617684218395463,0.12935257077791257,False,unknown,Badge,0.09478477161389748,0.18468302202548034,0.16666666666666666,6,indirect,0.15019395195457502,Course | ObjectOrientedProgramming | Java_Basics | has_TotalEnrollment | Control_Statements,total number of learners enrolled to the course throughout the years → has_TotalEnrollment → Course → ObjectOrientedProgramming → Java_Basics → Control_Statements → BLockGame
_:b219,bonusPoints,0.10041639571650747,0.16064807462687708,0.0,False,Imp,BonusPoints,0.08033311657320598,0.17689130203804734,0.25,4,indirect,0.1501250848255084,,N/A
_:b126,bonusPoints,0.10041639571650747,0.16064807462687708,0.0,False,Imp,BonusPoints,0.08033311657320598,0.17689130203804734,0.25,4,indirect,0.1501250848255084,,N/A
_:b148,bonusPoints,0.10041639571650747,0.16064807462687708,0.0,False,Imp,BonusPoints,0.08033311657320598,0.17689130203804734,0.25,4,indirect,0.1501250848255084,,N/A
_:b137,bonusPoints,0.10041639571650747,0.16064807462687708,0.0,False,Imp,BonusPoints,0.08033311657320598,0.17689130203804734,0.25,4,indirect,0.1501250848255084,,N/A
_:b208,bonusPoints,0.10041639571650747,0.16064807462687708,0.0,False,Imp,BonusPoints,0.08033311657320598,0.17689130203804734,0.25,4,indirect,0.1501250848255084,,N/A
JavaFunctions,Motrain,0.09977519404444918,0.15787508958296817,0.0,False,IndexKey,GameElementResource,0.07982015523555935,0.17689130203804734,0.25,4,indirect,0.14990066424028797,,N/A
_:b261,Stash,0.23904101210367684,0.15935582016148334,0.9172442572270822,False,List,Reward,0.37468166112835793,0.10189130203804733,0.14285714285714285,7,indirect,0.14989370056101764,,N/A
_:b197,Stash,0.23902121519785613,0.1593562287025186,0.9172442572270822,False,List,Reward,0.3746658236037014,0.10189130203804733,0.14285714285714285,7,indirect,0.1498867716439804,,N/A
_:b273,BLockGame,0.26215893275660546,0.13195117737210058,0.12935257077791257,False,DatavaluedPropertyAtom,Badge,0.23559766036086688,0.08939130203804733,0.125,8,indirect,0.14985997278954266,,N/A
_:b70,Stash,0.23890440308385025,0.15935889393527433,0.9172442572270822,False,BuiltinAtom,Reward,0.37457237391249665,0.10189130203804733,0.14285714285714285,7,indirect,0.14984588740407834,,N/A
_:b33,Stash,0.23847554952985467,0.15547508055327347,0.9172442572270822,False,Restriction,Reward,0.3742292910693002,0.10189130203804733,0.14285714285714285,7,indirect,0.1496957886601799,,N/A
_:b39,Stash,0.23843064602096797,0.15547609421567848,0.9172442572270822,False,Restriction,Reward,0.37419336826219085,0.10189130203804733,0.14285714285714285,7,indirect,0.14968007243206954,,N/A
_:b45,Stash,0.23841154754576316,0.15547651235951518,0.9172442572270822,False,Restriction,Reward,0.374178089482027,0.10189130203804733,0.14285714285714285,7,indirect,0.14967338796574786,,N/A
_:b50,Stash,0.2384034268624456,0.15547669080317034,0.9172442572270822,False,Restriction,Reward,0.37417159293537294,0.10189130203804733,0.14285714285714285,7,indirect,0.14967054572658672,,N/A
Explorer,Tiny_stash,0.09895123814321653,0.1681482728537694,0.0415518252487452,False,unknown,Reward,0.08747135556432227,0.17689130203804734,0.25,4,indirect,0.14961227967485657,,N/A
_:b27,Stash,0.23791455773173809,0.15587727648646005,0.9172442572270822,False,Restriction,Reward,0.3737804976308069,0.10189130203804733,0.14285714285714285,7,indirect,0.1494994415308391,,N/A
nonNegativeInteger,bonusPoints,0.20580614485830978,0.10507893559851661,0.0,False,unknown,BonusPoints,0.16464491588664784,0.118557968704714,0.16666666666666666,6,indirect,0.1490948303584725,,N/A
CompositeResource,Level_Up,0.2597503146665788,0.09186174812693323,1.0,False,unknown,Level,0.40780025173326306,0.08939130203804733,0.125,8,indirect,0.14901695645803334,,N/A
lesson 2 for the course Object Oriented Programming,Tiny_stash,0.09692789561446302,0.16522292104073263,0.0415518252487452,False,unknown,Reward,0.08585268154131946,0.17689130203804734,0.25,4,indirect,0.14890410978979285,,N/A
has_Purpose,bonusPoints,0.09636637845301246,0.1603522439841261,0.0,False,DatatypeProperty,BonusPoints,0.07709310276240998,0.17689130203804734,0.25,4,indirect,0.14870757878328514,,N/A
Delimiters,bonusPoints,0.2911883419410922,0.09028643585694576,0.0,False,GamifiedResource,BonusPoints,0.2329506735528738,0.07189130203804733,0.1,10,indirect,0.14864526600411304,,N/A
OOPTeachers,Motrain,0.0959675673319017,0.1574317780763492,0.0,False,FreeGroup,GameElementResource,0.07677405386552137,0.17689130203804734,0.25,4,indirect,0.14856799489089637,,N/A
e2,Tiny_stash,0.25803429582991,0.23511980011519323,0.0415518252487452,False,Variable,Reward,0.21473780171367707,0.08939130203804733,0.125,8,indirect,0.14841634986519925,,N/A
e1,Tiny_stash,0.2580092664131704,0.23510916937728865,0.0415518252487452,False,Variable,Reward,0.2147177781802854,0.08939130203804733,0.125,8,indirect,0.14840758956934041,,N/A
Arrays,bonusPoints,0.2902868475530337,0.08979060328454028,0.0,False,GamifiedResource,BonusPoints,0.23222947804242697,0.07189130203804733,0.1,10,indirect,0.14832974296829254,,N/A
has_EducationalLevel,Stash,0.23424634813197215,0.15688165959595535,0.9172442572270822,False,DatatypeProperty,Reward,0.3708459299509942,0.10189130203804733,0.14285714285714285,7,indirect,0.14821556817092102,,N/A
hasPaymentPreference,Stash,0.23424634813197215,0.15688165959595535,0.9172442572270822,False,DatatypeProperty,Reward,0.3708459299509942,0.10189130203804733,0.14285714285714285,7,indirect,0.14821556817092102,,N/A
has_Purpose,Stash,0.23424634217150767,0.15688164986555408,0.9172442572270822,False,DatatypeProperty,Reward,0.3708459251826226,0.10189130203804733,0.14285714285714285,7,indirect,0.14821556608475844,,N/A
has_duration,Stash,0.23424634217150767,0.15688164986555408,0.9172442572270822,False,DatatypeProperty,Reward,0.3708459251826226,0.10189130203804733,0.14285714285714285,7,indirect,0.14821556608475844,,N/A
has_latestRelease,Stash,0.23424631236918528,0.1568816012135557,0.9172442572270822,False,DatatypeProperty,Reward,0.37084590134076467,0.10189130203804733,0.14285714285714285,7,indirect,0.14821555565394562,,N/A
has_totalDownloads,Stash,0.23424631236918528,0.1568816012135557,0.9172442572270822,False,DatatypeProperty,Reward,0.37084590134076467,0.10189130203804733,0.14285714285714285,7,indirect,0.14821555565394562,,N/A
has_totalLikes,Stash,0.23424631236918528,0.1568816012135557,0.9172442572270822,False,DatatypeProperty,Reward,0.37084590134076467,0.10189130203804733,0.14285714285714285,7,indirect,0.14821555565394562,,N/A
has_totalSites,Stash,0.23424631236918528,0.1568816012135557,0.9172442572270822,False,DatatypeProperty,Reward,0.37084590134076467,0.10189130203804733,0.14285714285714285,7,indirect,0.14821555565394562,,N/A
has_latestVersion,Stash,0.2342463064087208,0.15688159148315758,0.9172442572270822,False,DatatypeProperty,Reward,0.3708458965723931,0.10189130203804733,0.14285714285714285,7,indirect,0.14821555356778304,,N/A
has_title,Stash,0.2342463064087208,0.15688159148315758,0.9172442572270822,False,DatatypeProperty,Reward,0.3708458965723931,0.10189130203804733,0.14285714285714285,7,indirect,0.14821555356778304,,N/A
"ressource bonus pour la leçon 7 ""Event Handler and Listener""",BLockGame,0.0801920695211539,0.16441146651296476,0.12935257077791257,False,unknown,Badge,0.09002416977250564,0.18472893233064042,0.16666666666666666,6,indirect,0.14814103034732012,Event_Handler_and_Listener | ObjectOrientedProgramming | Event_Types | Java_Basics | Control_Statements,"ressource bonus pour la leçon 7 ""Event Handler and Listener"" → Event_Types → Event_Handler_and_Listener → ObjectOrientedProgramming → Java_Basics → Control_Statements → BLockGame"
bonus resource for lesson 7 Event Handler and Listener,BLockGame,0.0801920695211539,0.16441146651296476,0.12935257077791257,False,unknown,Badge,0.09002416977250564,0.18472893233064042,0.16666666666666666,6,indirect,0.14814103034732012,Event_Handler_and_Listener | ObjectOrientedProgramming | Event_Types | Java_Basics | Control_Statements,bonus resource for lesson 7 Event Handler and Listener → Event_Types → Event_Handler_and_Listener → ObjectOrientedProgramming → Java_Basics → Control_Statements → BLockGame
"index key for the resource ""Java FX""",BLockGame,0.08028604939853808,0.1643532795366595,0.12935257077791257,False,unknown,Badge,0.09009935367441298,0.18464335014258365,0.16666666666666666,6,indirect,0.1481182948821677,Java_FX | ObjectOrientedProgramming | Graphical_User_Interface | Java_Basics | Control_Statements,"index key for the resource ""Java FX"" → Java_FX → Graphical_User_Interface → ObjectOrientedProgramming → Java_Basics → Control_Statements → BLockGame"
designLesson,Stash,0.23373689402499886,0.15651466534865502,0.9172442572270822,False,ObjectProperty,Reward,0.3704383666654155,0.10189130203804733,0.14285714285714285,7,indirect,0.14803725923348038,,N/A
bonus resource for lesson 8 Exception Handling,BLockGame,0.07951263995088578,0.16478141755573383,0.12935257077791257,False,unknown,Badge,0.08948062611629115,0.18460689086037355,0.16666666666666666,6,indirect,0.14782390304205284,Exception_Handling | ObjectOrientedProgramming | Exception_Types | Java_Basics | Control_Statements,bonus resource for lesson 8 Exception Handling → Exception_Types → Exception_Handling → ObjectOrientedProgramming → Java_Basics → Control_Statements → BLockGame
ressource bonus pour la leçon 8 Gestion des exceptions,BLockGame,0.07951263995088578,0.16478141755573383,0.12935257077791257,False,unknown,Badge,0.08948062611629115,0.18460689086037355,0.16666666666666666,6,indirect,0.14782390304205284,Exception_Handling | ObjectOrientedProgramming | Exception_Types | Java_Basics | Control_Statements,ressource bonus pour la leçon 8 Gestion des exceptions → Exception_Types → Exception_Handling → ObjectOrientedProgramming → Java_Basics → Control_Statements → BLockGame
bonus resource for lesson 9 Input and Output Stream,BLockGame,0.07950146238676807,0.1647882658025936,0.12935257077791257,False,unknown,Badge,0.08947168406499698,0.1844891266317184,0.16666666666666666,6,indirect,0.14774344414598578,ObjectOrientedProgramming | Java_Basics | Input_and_Output_Stream | Delimiters | Control_Statements,bonus resource for lesson 9 Input and Output Stream → Delimiters → Input_and_Output_Stream → ObjectOrientedProgramming → Java_Basics → Control_Statements → BLockGame
ressource bonus pour la leçon 9 Flux d'entrée et de sortie,BLockGame,0.07950146238676807,0.1647882658025936,0.12935257077791257,False,unknown,Badge,0.08947168406499698,0.1844891266317184,0.16666666666666666,6,indirect,0.14774344414598578,ObjectOrientedProgramming | Java_Basics | Input_and_Output_Stream | Delimiters | Control_Statements,ressource bonus pour la leçon 9 Flux d'entrée et de sortie → Delimiters → Input_and_Output_Stream → ObjectOrientedProgramming → Java_Basics → Control_Statements → BLockGame
n,Level_Up,0.2738249458826768,0.125309254272592,1.0,False,unknown,Level,0.4190599567061415,0.0796690798158251,0.1111111111111111,9,indirect,0.1476236329392232,,N/A
Event_Types,bonusPoints,0.2878190823121738,0.08414898153505665,0.0,False,GamifiedResource,BonusPoints,0.23025526584973904,0.07189130203804733,0.1,10,indirect,0.1474660251339916,,N/A
Exception_Types,bonusPoints,0.2874380811021213,0.08539235901211048,0.0,False,GamifiedResource,BonusPoints,0.22995046488169707,0.07189130203804733,0.1,10,indirect,0.14733267471047323,,N/A
Task_about_Event_Handler_and_Listener,BLockGame,0.20035810840758678,0.15772681893081078,0.12935257077791257,False,GamifiedResource,Badge,0.18615700088165194,0.118557968704714,0.16666666666666666,6,indirect,0.14718801760071948,,N/A
_:b116,BLockGame,0.25408711923602656,0.12922493649786368,0.12935257077791257,False,DatavaluedPropertyAtom,Badge,0.22914020954440378,0.08939130203804733,0.125,8,indirect,0.14703483805734008,,N/A
_:b125,BLockGame,0.25408711923602656,0.12922493649786368,0.12935257077791257,False,DatavaluedPropertyAtom,Badge,0.22914020954440378,0.08939130203804733,0.125,8,indirect,0.14703483805734008,,N/A
isRelevantFor,bonusPoints,0.09138529647978791,0.16182139454902267,0.0,False,ObjectProperty,BonusPoints,0.07310823718383033,0.17689130203804734,0.25,4,indirect,0.14696420009265654,,N/A
hasRelevantGameElement,bonusPoints,0.09138529647978791,0.16182139454902267,0.0,False,ObjectProperty,BonusPoints,0.07310823718383033,0.17689130203804734,0.25,4,indirect,0.14696420009265654,,N/A
_:b62,Stash,0.27167880724525784,0.1502540794511233,0.9172442572270822,False,Restriction,Reward,0.40079189724162273,0.0796690798158251,0.1111111111111111,9,indirect,0.14687248441612655,,N/A
Task_about_Event_Handler_and_Listener,bonusPoints,0.2978787268490149,0.1188675741643656,0.0,False,GamifiedResource,BonusPoints,0.23830298147921192,0.06552766567441097,0.09090909090909091,11,indirect,0.14685053708552234,,N/A
UnderstandingPole,Tiny_stash,0.2859315955003058,0.2663780623312438,0.0415518252487452,False,Class,Reward,0.2370556414499937,0.07189130203804733,0.1,10,indirect,0.14680540474983778,,N/A
ProcessingPole,Tiny_stash,0.2859315955003058,0.2663780623312438,0.0415518252487452,False,Class,Reward,0.2370556414499937,0.07189130203804733,0.1,10,indirect,0.14680540474983778,,N/A
has_description,Stash,0.22988979498930878,0.15809901919469008,0.9172442572270822,False,FunctionalProperty,Reward,0.36736068743686345,0.10189130203804733,0.14285714285714285,7,indirect,0.14669077457098884,,N/A
bonus resource for lesson 4 Class Methods and Constructors,BLockGame,0.10315168326743289,0.1635722306644164,0.12935257077791257,False,unknown,Badge,0.10839186076952884,0.16997371886808035,0.16666666666666666,6,indirect,0.14658600640785374,Inheritance | Parent_classes | ObjectOrientedProgramming | Java_Basics | Multi-level_inheritance,bonus resource for lesson 4 Class Methods and Constructors → Parent_classes → Inheritance → ObjectOrientedProgramming → Java_Basics → Control_Statements → BLockGame
ressource bonus pour la leçon 4 Méthodes et constructeurs de classe,BLockGame,0.10315168326743289,0.1635722306644164,0.12935257077791257,False,unknown,Badge,0.10839186076952884,0.16997371886808035,0.16666666666666666,6,indirect,0.14658600640785374,Inheritance | Parent_classes | ObjectOrientedProgramming | Java_Basics | Multi-level_inheritance,ressource bonus pour la leçon 4 Méthodes et constructeurs de classe → Parent_classes → Inheritance → ObjectOrientedProgramming → Java_Basics → Control_Statements → BLockGame
designedWithObjective,bonusPoints,0.0894479340277577,0.16302865014432405,0.0,False,TransitiveProperty,BonusPoints,0.07155834722220616,0.17689130203804734,0.25,4,indirect,0.14628612323444598,,N/A
_:b271,bonusPoints,0.0890437404227197,0.163159529819926,0.0,False,ClassAtom,BonusPoints,0.07123499233817576,0.17689130203804734,0.25,4,indirect,0.14614465547268268,,N/A
_:b252,bonusPoints,0.08904373446225523,0.16315951650128607,0.0,False,ClassAtom,BonusPoints,0.07123498756980419,0.17689130203804734,0.25,4,indirect,0.1461446533865201,,N/A
_:b218,bonusPoints,0.08902034956197483,0.16317205642422639,0.0,False,ClassAtom,BonusPoints,0.07121627964957987,0.17689130203804734,0.25,4,indirect,0.14613646867142197,,N/A
_:b136,bonusPoints,0.08902034956197483,0.16317205642422639,0.0,False,ClassAtom,BonusPoints,0.07121627964957987,0.17689130203804734,0.25,4,indirect,0.14613646867142197,,N/A
_:b147,bonusPoints,0.08902034956197483,0.16317205642422639,0.0,False,ClassAtom,BonusPoints,0.07121627964957987,0.17689130203804734,0.25,4,indirect,0.14613646867142197,,N/A
_:b229,bonusPoints,0.08902034956197483,0.16317205642422639,0.0,False,ClassAtom,BonusPoints,0.07121627964957987,0.17689130203804734,0.25,4,indirect,0.14613646867142197,,N/A
_:b153,bonusPoints,0.08902034360151036,0.16317204310554084,0.0,False,ClassAtom,BonusPoints,0.07121627488120828,0.17689130203804734,0.25,4,indirect,0.14613646658525942,,N/A
_:b202,bonusPoints,0.08829889074907536,0.16362089848438968,0.0,False,ClassAtom,BonusPoints,0.0706391125992603,0.17689130203804734,0.25,4,indirect,0.14588395808690716,,N/A
_:b120,bonusPoints,0.08829888478861089,0.16362088516938628,0.0,False,ClassAtom,BonusPoints,0.07063910783088871,0.17689130203804734,0.25,4,indirect,0.14588395600074458,,N/A
_:b111,bonusPoints,0.08829888478861089,0.16362088516938628,0.0,False,ClassAtom,BonusPoints,0.07063910783088871,0.17689130203804734,0.25,4,indirect,0.14588395600074458,,N/A
Image,Tiny_stash,0.22748744653485203,0.17307386502999242,0.0415518252487452,False,unknown,Reward,0.1903003222776307,0.10189130203804733,0.14285714285714285,7,indirect,0.14584995261192896,,N/A
_:b122,bonusPoints,0.08771412053785947,0.16410136104928527,0.0,False,IndividualPropertyAtom,BonusPoints,0.07017129643028758,0.17689130203804734,0.25,4,indirect,0.1456792885129816,,N/A
_:b113,bonusPoints,0.08771412053785947,0.16410136104928527,0.0,False,IndividualPropertyAtom,BonusPoints,0.07017129643028758,0.17689130203804734,0.25,4,indirect,0.1456792885129816,,N/A
number,Stash,0.28230976402764435,0.12722449468508887,0.9172442572270822,False,AnnotationProperty,Reward,0.40929666266753195,0.07189130203804733,0.1,10,indirect,0.14553776373440627,,N/A
TaskJavaInheritance,Motrain,0.08714451508023216,0.15087904559416573,0.0,False,IndexKey,GameElementResource,0.06971561206418574,0.17689130203804734,0.25,4,indirect,0.14547992660281203,,N/A
_:b263,bonusPoints,0.08702347733833043,0.16440818455971284,0.0,False,IndividualPropertyAtom,BonusPoints,0.06961878187066435,0.17689130203804734,0.25,4,indirect,0.14543756339314642,,N/A
_:b143,bonusPoints,0.0865724500810893,0.16459330025318172,0.0,False,AtomList,BonusPoints,0.06925796006487143,0.17689130203804734,0.25,4,indirect,0.14527970385311204,,N/A
_:b225,bonusPoints,0.0865724500810893,0.16459330025318172,0.0,False,AtomList,BonusPoints,0.06925796006487143,0.17689130203804734,0.25,4,indirect,0.14527970385311204,,N/A
_:b132,bonusPoints,0.0865724500810893,0.16459330025318172,0.0,False,AtomList,BonusPoints,0.06925796006487143,0.17689130203804734,0.25,4,indirect,0.14527970385311204,,N/A
_:b214,bonusPoints,0.0865724500810893,0.16459330025318172,0.0,False,AtomList,BonusPoints,0.06925796006487143,0.17689130203804734,0.25,4,indirect,0.14527970385311204,,N/A
_:b146,bonusPoints,0.08586027504788571,0.1650275820597509,0.0,False,AtomList,BonusPoints,0.06868822003830857,0.17689130203804734,0.25,4,indirect,0.14503044259149078,,N/A
_:b135,bonusPoints,0.08586027504788571,0.1650275820597509,0.0,False,AtomList,BonusPoints,0.06868822003830857,0.17689130203804734,0.25,4,indirect,0.14503044259149078,,N/A
_:b228,bonusPoints,0.08586027504788571,0.1650275820597509,0.0,False,AtomList,BonusPoints,0.06868822003830857,0.17689130203804734,0.25,4,indirect,0.14503044259149078,,N/A
_:b152,bonusPoints,0.08586027504788571,0.1650275820597509,0.0,False,AtomList,BonusPoints,0.06868822003830857,0.17689130203804734,0.25,4,indirect,0.14503044259149078,,N/A
_:b217,bonusPoints,0.08586027504788571,0.1650275820597509,0.0,False,AtomList,BonusPoints,0.06868822003830857,0.17689130203804734,0.25,4,indirect,0.14503044259149078,,N/A
IK_GE_BlockGame,Motrain,0.08564774940081517,0.15118850483354193,0.0,False,IndexKey,GameElementResource,0.06851819952065213,0.17689130203804734,0.25,4,indirect,0.1449560586150161,,N/A
IK_GE_stash,Motrain,0.08564774940081517,0.15118850483354193,0.0,False,IndexKey,GameElementResource,0.06851819952065213,0.17689130203804734,0.25,4,indirect,0.1449560586150161,,N/A
IK_GE_TinyStash,Motrain,0.0856445886378026,0.1511909952925667,0.0,False,IndexKey,GameElementResource,0.06851567091024208,0.17689130203804734,0.25,4,indirect,0.14495495234796169,,N/A
JavaEventListener,Motrain,0.08563200525769642,0.1512009185752992,0.0,False,IndexKey,GameElementResource,0.06850560420615713,0.17689130203804734,0.25,4,indirect,0.14495054816492453,,N/A
TaskJavaPolymorphism,Motrain,0.08563200525769642,0.1512009185752992,0.0,False,IndexKey,GameElementResource,0.06850560420615713,0.17689130203804734,0.25,4,indirect,0.14495054816492453,,N/A
JavaEventTypes,Motrain,0.08563200525769642,0.1512009185752992,0.0,False,IndexKey,GameElementResource,0.06850560420615713,0.17689130203804734,0.25,4,indirect,0.14495054816492453,,N/A
JavaOverloadedConstructors,Motrain,0.08563200525769642,0.1512009185752992,0.0,False,IndexKey,GameElementResource,0.06850560420615713,0.17689130203804734,0.25,4,indirect,0.14495054816492453,,N/A
JavaArgumentsParameters,Motrain,0.08563200525769642,0.1512009185752992,0.0,False,IndexKey,GameElementResource,0.06850560420615713,0.17689130203804734,0.25,4,indirect,0.14495054816492453,,N/A
JavaTaskEventHandlerListener,Motrain,0.08563200525769642,0.1512009185752992,0.0,False,IndexKey,GameElementResource,0.06850560420615713,0.17689130203804734,0.25,4,indirect,0.14495054816492453,,N/A
JavaFX,Motrain,0.08563200525769642,0.1512009185752992,0.0,False,IndexKey,GameElementResource,0.06850560420615713,0.17689130203804734,0.25,4,indirect,0.14495054816492453,,N/A
JavaFiles,Motrain,0.08563200525769642,0.1512009185752992,0.0,False,IndexKey,GameElementResource,0.06850560420615713,0.17689130203804734,0.25,4,indirect,0.14495054816492453,,N/A
JavaTryCatch,Motrain,0.08563200525769642,0.1512009185752992,0.0,False,IndexKey,GameElementResource,0.06850560420615713,0.17689130203804734,0.25,4,indirect,0.14495054816492453,,N/A
JavaEvents,Motrain,0.08563200525769642,0.1512009185752992,0.0,False,IndexKey,GameElementResource,0.06850560420615713,0.17689130203804734,0.25,4,indirect,0.14495054816492453,,N/A
JavaArithmeticOperations,Motrain,0.08563200525769642,0.1512009185752992,0.0,False,IndexKey,GameElementResource,0.06850560420615713,0.17689130203804734,0.25,4,indirect,0.14495054816492453,,N/A
JavaOverloading,Motrain,0.08563200525769642,0.1512009185752992,0.0,False,IndexKey,GameElementResource,0.06850560420615713,0.17689130203804734,0.25,4,indirect,0.14495054816492453,,N/A
TaskJavaExceptions,Motrain,0.08563200525769642,0.1512009185752992,0.0,False,IndexKey,GameElementResource,0.06850560420615713,0.17689130203804734,0.25,4,indirect,0.14495054816492453,,N/A
JavaExceptions,Motrain,0.08563200525769642,0.1512009185752992,0.0,False,IndexKey,GameElementResource,0.06850560420615713,0.17689130203804734,0.25,4,indirect,0.14495054816492453,,N/A
JavaIOStreams,Motrain,0.08563200525769642,0.1512009185752992,0.0,False,IndexKey,GameElementResource,0.06850560420615713,0.17689130203804734,0.25,4,indirect,0.14495054816492453,,N/A
JavaGUILinkedScreens,Motrain,0.08563200525769642,0.1512009185752992,0.0,False,IndexKey,GameElementResource,0.06850560420615713,0.17689130203804734,0.25,4,indirect,0.14495054816492453,,N/A
JavaDelimiters,Motrain,0.08563200525769642,0.1512009185752992,0.0,False,IndexKey,GameElementResource,0.06850560420615713,0.17689130203804734,0.25,4,indirect,0.14495054816492453,,N/A
JavaOverriding,Motrain,0.08563200525769642,0.1512009185752992,0.0,False,IndexKey,GameElementResource,0.06850560420615713,0.17689130203804734,0.25,4,indirect,0.14495054816492453,,N/A
JavaExceptionTypes,Motrain,0.08563200525769642,0.1512009185752992,0.0,False,IndexKey,GameElementResource,0.06850560420615713,0.17689130203804734,0.25,4,indirect,0.14495054816492453,,N/A
TaskJavaGUI,Motrain,0.08563200525769642,0.1512009185752992,0.0,False,IndexKey,GameElementResource,0.06850560420615713,0.17689130203804734,0.25,4,indirect,0.14495054816492453,,N/A
JavaGUIElements,Motrain,0.08563200525769642,0.1512009185752992,0.0,False,IndexKey,GameElementResource,0.06850560420615713,0.17689130203804734,0.25,4,indirect,0.14495054816492453,,N/A
Points,bonusPoints,0.15038134783983903,0.14980544822962952,0.0,False,Class,BonusPoints,0.12030507827187123,0.14189130203804734,0.2,5,indirect,0.14486281806867443,,N/A
r,bonusPoints,0.15036838564188687,0.13089612495694908,0.0,False,Variable,BonusPoints,0.1202947085135095,0.14189130203804734,0.2,5,indirect,0.14485828129939118,,N/A
JavaArrays,Motrain,0.08500052073679032,0.1512852789396923,0.0,False,IndexKey,GameElementResource,0.06800041658943226,0.17689130203804734,0.25,4,indirect,0.1447295285826074,,N/A
JavaStaticFunctions,Motrain,0.08498895122022225,0.15129429590162194,0.0,False,IndexKey,GameElementResource,0.0679911609761778,0.17689130203804734,0.25,4,indirect,0.14472547925180856,,N/A
JavaParentClass,Motrain,0.08498875523481066,0.15129444288601265,0.0,False,IndexKey,GameElementResource,0.06799100418784852,0.17689130203804734,0.25,4,indirect,0.14472541065691452,,N/A
bonus resource for lesson 4 Class Methods and Constructors,Tiny_stash,0.09765100788657129,0.16837190125951654,0.0415518252487452,False,unknown,Reward,0.08643117135900608,0.1699604554759694,0.16666666666666666,6,indirect,0.14465214881968008,Inheritance | Parent_classes | Multi-level_inheritance | Level_Up | ObjectOrientedProgramming,bonus resource for lesson 4 Class Methods and Constructors → Parent_classes → Inheritance → ObjectOrientedProgramming → Java_Basics → Variables → Tiny_stash
ressource bonus pour la leçon 4 Méthodes et constructeurs de classe,Tiny_stash,0.09765100788657129,0.16837190125951654,0.0415518252487452,False,unknown,Reward,0.08643117135900608,0.1699604554759694,0.16666666666666666,6,indirect,0.14465214881968008,Inheritance | Parent_classes | Multi-level_inheritance | Level_Up | ObjectOrientedProgramming,ressource bonus pour la leçon 4 Méthodes et constructeurs de classe → Parent_classes → Inheritance → ObjectOrientedProgramming → Java_Basics → Variables → Tiny_stash
JavaSingleInheritance,Motrain,0.08436420721528345,0.1513884988991616,0.0,False,IndexKey,GameElementResource,0.06749136577222677,0.17689130203804734,0.25,4,indirect,0.14450681885008,,N/A
JavaExtend,Motrain,0.08436206773756734,0.15139014173908016,0.0,False,IndexKey,GameElementResource,0.06748965419005387,0.17689130203804734,0.25,4,indirect,0.14450607003287935,,N/A
TaskJavaClassesMethod,Motrain,0.08436144802146757,0.15139061667023795,0.0,False,IndexKey,GameElementResource,0.06748915841717405,0.17689130203804734,0.25,4,indirect,0.14450585313224443,,N/A
JavaStatic,Motrain,0.08436120937561886,0.15139080740529265,0.0,False,IndexKey,GameElementResource,0.06748896750049509,0.17689130203804734,0.25,4,indirect,0.14450576960619738,,N/A
JavaThis,Motrain,0.08436108740347924,0.15139088744875295,0.0,False,IndexKey,GameElementResource,0.0674888699227834,0.17689130203804734,0.25,4,indirect,0.1445057269159485,,N/A
JavaConstructors,Motrain,0.08436103774717617,0.1513909200354497,0.0,False,IndexKey,GameElementResource,0.06748883019774093,0.17689130203804734,0.25,4,indirect,0.14450570953624242,,N/A
TaskJavaClassesObjects,Motrain,0.08436064814177871,0.15139124396488093,0.0,False,IndexKey,GameElementResource,0.06748851851342297,0.17689130203804734,0.25,4,indirect,0.14450557317435334,,N/A
JavaAccessModifiers,Motrain,0.08436048065455448,0.15139135387866004,0.0,False,IndexKey,GameElementResource,0.06748838452364359,0.17689130203804734,0.25,4,indirect,0.14450551455382485,,N/A
JavaPackages,Motrain,0.08436041570988606,0.15139141356176353,0.0,False,IndexKey,GameElementResource,0.06748833256790886,0.17689130203804734,0.25,4,indirect,0.1445054918231909,,N/A
JavaArrayOfInstances,Motrain,0.0843603857075982,0.1513914332508829,0.0,False,IndexKey,GameElementResource,0.06748830856607856,0.17689130203804734,0.25,4,indirect,0.14450548132239016,,N/A
JavaClassInstance,Motrain,0.08436037300788077,0.1513914415851259,0.0,False,IndexKey,GameElementResource,0.06748829840630462,0.17689130203804734,0.25,4,indirect,0.14450547687748905,,N/A
JavaStrings,Motrain,0.0843596895148024,0.1513919754484819,0.0,False,IndexKey,GameElementResource,0.06748775161184192,0.17689130203804734,0.25,4,indirect,0.1445052376549116,,N/A
JavaIf,Motrain,0.08435376884064807,0.1513965437376876,0.0,False,IndexKey,GameElementResource,0.06748301507251846,0.17689130203804734,0.25,4,indirect,0.1445031654189576,,N/A
taskJavaBasics,Motrain,0.08434532801115359,0.1514030569386801,0.0,False,IndexKey,GameElementResource,0.06747626240892288,0.17689130203804734,0.25,4,indirect,0.14450021112863454,,N/A
JavaForWhile,Motrain,0.08434404577843879,0.15140405225841339,0.0,False,IndexKey,GameElementResource,0.06747523662275104,0.17689130203804734,0.25,4,indirect,0.14449976234718437,,N/A
IK_GE_LevelUp,Motrain,0.08434314577665548,0.15140474547777874,0.0,False,IndexKey,GameElementResource,0.06747451662132439,0.17689130203804734,0.25,4,indirect,0.1444994473465602,,N/A
ProcessingPole,Stash,0.2785557078267054,0.1068738806230125,0.9172442572270822,False,Class,Reward,0.4062934177067808,0.07189130203804733,0.1,10,indirect,0.14422384406407765,,N/A
UnderstandingPole,Stash,0.2785557078267054,0.1068738806230125,0.9172442572270822,False,Class,Reward,0.4062934177067808,0.07189130203804733,0.1,10,indirect,0.14422384406407765,,N/A
DataTypes,Motrain,0.08329712211448939,0.15178692764019558,0.0,False,IndexKey,GameElementResource,0.06663769769159152,0.17689130203804734,0.25,4,indirect,0.14413333906480208,,N/A
JavaVariables,Motrain,0.0830911858905484,0.15164020694175273,0.0,False,IndexKey,GameElementResource,0.06647294871243872,0.17689130203804734,0.25,4,indirect,0.14406126138642272,,N/A
JavaClassAttributesFunctions,Motrain,0.08309103582881974,0.15164032047116013,0.0,False,IndexKey,GameElementResource,0.0664728286630558,0.17689130203804734,0.25,4,indirect,0.14406120886481769,,N/A
JavaInheritanceComposition,Motrain,0.08307614379314679,0.15165153351557925,0.0,False,IndexKey,GameElementResource,0.06646091503451744,0.17689130203804734,0.25,4,indirect,0.14405599665233215,,N/A
JavaSuper,Motrain,0.08304781229572397,0.15167293189706277,0.0,False,IndexKey,GameElementResource,0.06643824983657919,0.17689130203804734,0.25,4,indirect,0.14404608062823418,,N/A
JavaMultiInheritance,Motrain,0.08303593409798134,0.15168194109360753,0.0,False,IndexKey,GameElementResource,0.06642874727838508,0.17689130203804734,0.25,4,indirect,0.14404192325902423,,N/A
CreativeWork,bonusPoints,0.22195176474509487,0.10098638879632148,0.0,False,unknown,BonusPoints,0.1775614117960759,0.10189130203804733,0.14285714285714285,7,indirect,0.14391246398551397,,N/A
bonus resource for lesson 5 Class Methods and Constructors,Tiny_stash,0.08258670880811037,0.16584917277059452,0.0415518252487452,False,unknown,Reward,0.07437973209623733,0.17689130203804734,0.25,4,indirect,0.1438846944075694,,N/A
ressource bonus pour la leçon 5 Méthodes et constructeurs de classe,Tiny_stash,0.08258670880811037,0.16584917277059452,0.0415518252487452,False,unknown,Reward,0.07437973209623733,0.17689130203804734,0.25,4,indirect,0.1438846944075694,,N/A
_:b62,Tiny_stash,0.22184735928355032,0.14205811837418142,0.0415518252487452,False,Restriction,Reward,0.1857882524765893,0.10189130203804733,0.14285714285714285,7,indirect,0.14387592207397337,,N/A
BonusPointsLeaderboard,Tiny_stash,0.22103602343445514,0.19478011772159357,0.0415518252487452,False,Class,Reward,0.18513918379731317,0.10189130203804733,0.14285714285714285,7,indirect,0.14359195452679008,,N/A
BonusPoints,Tiny_stash,0.22097527556209623,0.19476340077150606,0.0415518252487452,False,Class,Reward,0.18509058549942606,0.10189130203804733,0.14285714285714285,7,indirect,0.14357069277146445,,N/A
_:b5,Stash,0.24418652890890855,0.1486112958482248,0.9172442572270822,False,Restriction,Reward,0.37879807457254333,0.08939130203804733,0.125,8,indirect,0.14356963144284876,,N/A
_:b7,Stash,0.24418652890890855,0.1486112958482248,0.9172442572270822,False,Restriction,Reward,0.37879807457254333,0.08939130203804733,0.125,8,indirect,0.14356963144284876,,N/A
_:b6,Stash,0.24418652890890855,0.1486112958482248,0.9172442572270822,False,Restriction,Reward,0.37879807457254333,0.08939130203804733,0.125,8,indirect,0.14356963144284876,,N/A
SocialPointsLeaderboard,Tiny_stash,0.22083252121195596,0.19472406952928198,0.0415518252487452,False,Class,Reward,0.18497638201931382,0.10189130203804733,0.14285714285714285,7,indirect,0.14352072874891536,,N/A
Static_functions,bonusPoints,0.27473349248907397,0.1053108921029753,0.0,False,GamifiedResource,BonusPoints,0.2197867939912592,0.07189130203804733,0.1,10,indirect,0.14288606869590664,,N/A
_:b102,BLockGame,0.25987109427475763,0.1285046024984931,0.12935257077791257,False,DatavaluedPropertyAtom,Badge,0.23376738957538862,0.0796690798158251,0.1111111111111111,9,indirect,0.14273978487645148,,N/A
_:b100,BLockGame,0.2598683555973832,0.12850643114203225,0.12935257077791257,False,DatavaluedPropertyAtom,Badge,0.2337651986334891,0.0796690798158251,0.1111111111111111,9,indirect,0.14273882633937043,,N/A
Parent_classes,bonusPoints,0.27403389279273793,0.10460773686505015,0.0,False,GamifiedResource,BonusPoints,0.21922711423419036,0.07189130203804733,0.1,10,indirect,0.14264120880218903,,N/A
hasExperience,bonusPoints,0.18632729166908063,0.11133653593416848,0.0,False,ObjectProperty,BonusPoints,0.14906183333526452,0.118557968704714,0.16666666666666666,6,indirect,0.14227723174224233,,N/A
_:b162,Stash,0.23890440308385025,0.15935889393527433,0.9172442572270822,False,BuiltinAtom,Reward,0.37457237391249665,0.08939130203804733,0.125,8,indirect,0.14172088740407834,,N/A
_:b173,Stash,0.23890440308385025,0.15935889393527433,0.9172442572270822,False,BuiltinAtom,Reward,0.37457237391249665,0.08939130203804733,0.125,8,indirect,0.14172088740407834,,N/A
_:b174,Stash,0.21521808136094686,0.15410008278632922,0.9172442572270822,False,unknown,Reward,0.35562331653417395,0.10189130203804733,0.14285714285714285,7,indirect,0.14155567480106218,,N/A
_:b163,Stash,0.21521808136094686,0.15410008278632922,0.9172442572270822,False,unknown,Reward,0.35562331653417395,0.10189130203804733,0.14285714285714285,7,indirect,0.14155567480106218,,N/A
_:b196,Stash,0.23733097966603117,0.15624294460207966,0.9172442572270822,False,List,Reward,0.3733136351782414,0.08939130203804733,0.125,8,indirect,0.1411701892078417,,N/A
_:b283,Stash,0.23732304017803915,0.15624298830196104,0.9172442572270822,False,List,Reward,0.3733072835878478,0.08939130203804733,0.125,8,indirect,0.14116741038704447,,N/A
_:b82,Stash,0.23732304017803915,0.15624298830196104,0.9172442572270822,False,List,Reward,0.3733072835878478,0.08939130203804733,0.125,8,indirect,0.14116741038704447,,N/A
Collection,Stash,0.254841684125679,0.13039721690736508,0.9172442572270822,False,Class,Reward,0.38732219874595963,0.0796690798158251,0.1111111111111111,9,indirect,0.14097949132427395,,N/A
_:b104,Stash,0.23604796702914835,0.15715417587260755,0.9172442572270822,False,BuiltinAtom,Reward,0.37228722506873513,0.08939130203804733,0.125,8,indirect,0.1407211347849327,,N/A
_:b260,Stash,0.23604423204324862,0.15715414595618113,0.9172442572270822,False,List,Reward,0.37228423708001535,0.08939130203804733,0.125,8,indirect,0.14071982753986778,,N/A
_:b195,Stash,0.23592859905184146,0.15715363413191352,0.9172442572270822,False,BuiltinAtom,Reward,0.3721917306868896,0.08939130203804733,0.125,8,indirect,0.1406793559928753,,N/A
_:b81,Stash,0.23590994778881863,0.1571535561390058,0.9172442572270822,False,BuiltinAtom,Reward,0.3721768096764714,0.08939130203804733,0.125,8,indirect,0.14067282805081727,,N/A
_:b184,Stash,0.23590994778881863,0.1571535561390058,0.9172442572270822,False,BuiltinAtom,Reward,0.3721768096764714,0.08939130203804733,0.125,8,indirect,0.14067282805081727,,N/A
_:b282,Stash,0.23590994778881863,0.1571535561390058,0.9172442572270822,False,BuiltinAtom,Reward,0.3721768096764714,0.08939130203804733,0.125,8,indirect,0.14067282805081727,,N/A
t2,Stash,0.25363963943616996,0.14419856884782908,0.9172442572270822,False,Variable,Reward,0.3863605629943524,0.0796690798158251,0.1111111111111111,9,indirect,0.1405587756829458,,N/A
t1,Stash,0.2534075929515479,0.1442177369738492,0.9172442572270822,False,Variable,Reward,0.3861749258066548,0.0796690798158251,0.1111111111111111,9,indirect,0.14047755941332807,,N/A
LearningStyle,Stash,0.252284604217793,0.130848397452529,0.9172442572270822,False,Class,Reward,0.38527653481965085,0.0796690798158251,0.1111111111111111,9,indirect,0.14008451335651384,,N/A
pageStart,Level_Up,0.21077760880735172,0.13108234066810248,1.0,False,AnnotationProperty,Level,0.3686220870458814,0.10189130203804733,0.14285714285714285,7,indirect,0.14000150940730388,,N/A
hasPedagogicalObjective,Stash,0.25130136979228535,0.15291475413041516,0.9172442572270822,False,ObjectProperty,Reward,0.38448994727924474,0.0796690798158251,0.1111111111111111,9,indirect,0.13974038130758618,,N/A
_:b10,Stash,0.23139496060876744,0.15515215953959066,0.9172442572270822,False,Restriction,Reward,0.3685648199324304,0.08939130203804733,0.125,8,indirect,0.13909258253779938,,N/A
_:b256,Stash,0.23008857986862935,0.15714119038682814,0.9172442572270822,False,ClassAtom,Reward,0.3675197153403199,0.08939130203804733,0.125,8,indirect,0.13863534927875104,,N/A
_:b198,Stash,0.22970685733660323,0.15979850793180223,0.9172442572270822,False,DatavaluedPropertyAtom,Reward,0.36721433731469905,0.08939130203804733,0.125,8,indirect,0.1385017463925419,,N/A
_:b176,Stash,0.22960754829342173,0.15979776429386977,0.9172442572270822,False,DatavaluedPropertyAtom,Reward,0.3671348900801539,0.08939130203804733,0.125,8,indirect,0.13846698822742837,,N/A
_:b187,Stash,0.22960754829342173,0.15979776429386977,0.9172442572270822,False,DatavaluedPropertyAtom,Reward,0.3671348900801539,0.08939130203804733,0.125,8,indirect,0.13846698822742837,,N/A
_:b165,Stash,0.22960754829342173,0.15979776429386977,0.9172442572270822,False,DatavaluedPropertyAtom,Reward,0.3671348900801539,0.08939130203804733,0.125,8,indirect,0.13846698822742837,,N/A
_:b262,Stash,0.228774686153431,0.15797009674685736,0.9172442572270822,False,ClassAtom,Reward,0.36646860036816126,0.08939130203804733,0.125,8,indirect,0.13817548647843161,,N/A
_:b226,Stash,0.22864780957631892,0.1579733597699279,0.9172442572270822,False,ClassAtom,Reward,0.3663670991064716,0.08939130203804733,0.125,8,indirect,0.1381310796764424,,N/A
_:b215,Stash,0.22864780957631892,0.1579733597699279,0.9172442572270822,False,ClassAtom,Reward,0.3663670991064716,0.08939130203804733,0.125,8,indirect,0.1381310796764424,,N/A
_:b144,Stash,0.22864780957631892,0.1579733597699279,0.9172442572270822,False,ClassAtom,Reward,0.3663670991064716,0.08939130203804733,0.125,8,indirect,0.1381310796764424,,N/A
_:b133,Stash,0.22864780957631892,0.1579733597699279,0.9172442572270822,False,ClassAtom,Reward,0.3663670991064716,0.08939130203804733,0.125,8,indirect,0.1381310796764424,,N/A
_:b115,Stash,0.22864780957631892,0.1579733597699279,0.9172442572270822,False,ClassAtom,Reward,0.3663670991064716,0.08939130203804733,0.125,8,indirect,0.1381310796764424,,N/A
_:b124,Stash,0.22864780957631892,0.1579733597699279,0.9172442572270822,False,ClassAtom,Reward,0.3663670991064716,0.08939130203804733,0.125,8,indirect,0.1381310796764424,,N/A
_:b206,Stash,0.2286477916949255,0.1579733299888933,0.9172442572270822,False,ClassAtom,Reward,0.3663670848013568,0.08939130203804733,0.125,8,indirect,0.1381310734179547,,N/A
Objective,bonusPoints,0.13095047077307226,0.14212142534215846,0.0,False,Class,BonusPoints,0.10476037661845782,0.14189130203804734,0.2,5,indirect,0.13806201109530605,,N/A
Image,Stash,0.245869483333294,0.12621624911410798,0.9172442572270822,False,unknown,Reward,0.3801444381120517,0.0796690798158251,0.1111111111111111,9,indirect,0.13783922104693921,,N/A
_:b136,Stash,0.22780408555001896,0.15841062331465697,0.9172442572270822,False,ClassAtom,Reward,0.3656921198854316,0.08939130203804733,0.125,8,indirect,0.13783577626723742,,N/A
_:b229,Stash,0.22780408555001896,0.15841062331465697,0.9172442572270822,False,ClassAtom,Reward,0.3656921198854316,0.08939130203804733,0.125,8,indirect,0.13783577626723742,,N/A
_:b218,Stash,0.22780408555001896,0.15841062331465697,0.9172442572270822,False,ClassAtom,Reward,0.3656921198854316,0.08939130203804733,0.125,8,indirect,0.13783577626723742,,N/A
_:b147,Stash,0.22780407362909,0.15841060343603963,0.9172442572270822,False,ClassAtom,Reward,0.3656921103486884,0.08939130203804733,0.125,8,indirect,0.13783577209491227,,N/A
_:b153,Stash,0.22780403786630316,0.15841054380019962,0.9172442572270822,False,ClassAtom,Reward,0.365692081738459,0.08939130203804733,0.125,8,indirect,0.13783575957793687,,N/A
_:b239,Stash,0.22771761316165473,0.15826639433332673,0.9172442572270822,False,ClassAtom,Reward,0.3656229419747402,0.08939130203804733,0.125,8,indirect,0.13780551093130994,,N/A
_:b238,Stash,0.22771761316165473,0.15826639433332673,0.9172442572270822,False,ClassAtom,Reward,0.3656229419747402,0.08939130203804733,0.125,8,indirect,0.13780551093130994,,N/A
_:b234,Stash,0.22771761316165473,0.15826639433332673,0.9172442572270822,False,ClassAtom,Reward,0.3656229419747402,0.08939130203804733,0.125,8,indirect,0.13780551093130994,,N/A
_:b233,Stash,0.22771761316165473,0.15826639433332673,0.9172442572270822,False,ClassAtom,Reward,0.3656229419747402,0.08939130203804733,0.125,8,indirect,0.13780551093130994,,N/A
_:b243,Stash,0.2276205886731964,0.15826885056076484,0.9172442572270822,False,ClassAtom,Reward,0.3655453223839736,0.08939130203804733,0.125,8,indirect,0.1377715523603495,,N/A
_:b73,Stash,0.22762058271273192,0.15826884060387789,0.9172442572270822,False,ClassAtom,Reward,0.365545317615602,0.08939130203804733,0.125,8,indirect,0.13777155027418694,,N/A
_:b84,Stash,0.22762058271273192,0.15826884060387789,0.9172442572270822,False,ClassAtom,Reward,0.365545317615602,0.08939130203804733,0.125,8,indirect,0.13777155027418694,,N/A
_:b285,Stash,0.22762058271273192,0.15826884060387789,0.9172442572270822,False,ClassAtom,Reward,0.365545317615602,0.08939130203804733,0.125,8,indirect,0.13777155027418694,,N/A
_:b244,Stash,0.22762057079180295,0.1582688206901055,0.9172442572270822,False,ClassAtom,Reward,0.3655453080788588,0.08939130203804733,0.125,8,indirect,0.13777154610186182,,N/A
_:b154,Stash,0.227620558870874,0.1582688007763351,0.9172442572270822,False,ClassAtom,Reward,0.3655452985421157,0.08939130203804733,0.125,8,indirect,0.13777154192953667,,N/A
hasKnowledge,BLockGame,0.244093823726638,0.1406572943190734,0.12935257077791257,False,TransitiveProperty,Badge,0.22114557313689293,0.0796690798158251,0.1111111111111111,9,indirect,0.1372177401846096,,N/A
hasGamificationExperience,BLockGame,0.24376363459762934,0.1408699740418795,0.12935257077791257,False,ObjectProperty,Badge,0.22088142183368598,0.0796690798158251,0.1111111111111111,9,indirect,0.1371021739894566,,N/A
_:b34,Stash,0.2016645492476365,0.15339627929775582,0.9172442572270822,False,unknown,Reward,0.3447804908435257,0.10189130203804733,0.14285714285714285,7,indirect,0.13681193856140353,,N/A
_:b40,Stash,0.20162772721112243,0.1534060444814017,0.9172442572270822,False,unknown,Reward,0.34475103321431444,0.10189130203804733,0.14285714285714285,7,indirect,0.1367990508486236,,N/A
_:b46,Stash,0.20161209639046973,0.15341024150135119,0.9172442572270822,False,unknown,Reward,0.34473852855779225,0.10189130203804733,0.14285714285714285,7,indirect,0.13679358006139516,,N/A
_:b51,Stash,0.20160544016357257,0.15341200621821952,0.9172442572270822,False,unknown,Reward,0.3447332035762745,0.10189130203804733,0.14285714285714285,7,indirect,0.13679125038198114,,N/A
_:b60,Stash,0.269048150820635,0.1460612417590864,0.9172442572270822,False,Restriction,Reward,0.39868737210192445,0.06552766567441097,0.09090909090909091,11,indirect,0.13675983547558937,,N/A
_:b28,Stash,0.2010845037073113,0.15371565170789767,0.9172442572270822,False,unknown,Reward,0.34431645441126546,0.10189130203804733,0.14285714285714285,7,indirect,0.1366089226222897,,N/A
_:b20,Stash,0.20061755975697312,0.15383740817415317,0.9172442572270822,False,unknown,Reward,0.34394289925099497,0.10189130203804733,0.14285714285714285,7,indirect,0.13644549223967134,,N/A
_:b54,Stash,0.20061755975697312,0.15383740817415317,0.9172442572270822,False,unknown,Reward,0.34394289925099497,0.10189130203804733,0.14285714285714285,7,indirect,0.13644549223967134,,N/A
isRelevantFor,Tiny_stash,0.20020676537851706,0.1483518263945629,0.0415518252487452,False,ObjectProperty,Reward,0.16847577735256272,0.10189130203804733,0.14285714285714285,7,indirect,0.1363017142072117,,N/A
hasRelevantGameElement,Tiny_stash,0.20020672961573022,0.14835175127408062,0.0415518252487452,False,ObjectProperty,Reward,0.16847574874233323,0.10189130203804733,0.14285714285714285,7,indirect,0.13630170169023634,,N/A
_:b22,Stash,0.1998087965700616,0.1542271846787375,0.9172442572270822,False,unknown,Reward,0.34329588870146577,0.10189130203804733,0.14285714285714285,7,indirect,0.1361624251242523,,N/A
_:b258,Tiny_stash,0.19921646091105613,0.1489650230295537,0.0415518252487452,False,BuiltinAtom,Reward,0.16768353377859396,0.10189130203804733,0.14285714285714285,7,indirect,0.13595510764360041,,N/A
_:b186,Stash,0.19870865692750628,0.1547030999672574,0.9172442572270822,False,unknown,Reward,0.3424157769874215,0.10189130203804733,0.14285714285714285,7,indirect,0.13577737624935796,,N/A
designedWithObjective,Tiny_stash,0.1985820202754212,0.14924698362028152,0.0415518252487452,False,TransitiveProperty,Reward,0.16717598127008604,0.10189130203804733,0.14285714285714285,7,indirect,0.13573305342112818,,N/A
_:b231,Stash,0.1984713600145666,0.14869761465711767,0.9172442572270822,False,AtomList,Reward,0.34222593945706975,0.10189130203804733,0.14285714285714285,7,indirect,0.1356943223298291,,N/A
_:b190,Stash,0.1984713600145666,0.14869761465711767,0.9172442572270822,False,AtomList,Reward,0.34222593945706975,0.10189130203804733,0.14285714285714285,7,indirect,0.1356943223298291,,N/A
_:b237,Stash,0.1984713600145666,0.14869761465711767,0.9172442572270822,False,AtomList,Reward,0.34222593945706975,0.10189130203804733,0.14285714285714285,7,indirect,0.1356943223298291,,N/A
_:b236,Stash,0.1984713600145666,0.14869761465711767,0.9172442572270822,False,AtomList,Reward,0.34222593945706975,0.10189130203804733,0.14285714285714285,7,indirect,0.1356943223298291,,N/A
_:b232,Stash,0.1984713600145666,0.14869761465711767,0.9172442572270822,False,AtomList,Reward,0.34222593945706975,0.10189130203804733,0.14285714285714285,7,indirect,0.1356943223298291,,N/A
_:b110,Stash,0.19828671957554048,0.14878377747132668,0.9172442572270822,False,AtomList,Reward,0.34207822710584884,0.10189130203804733,0.14285714285714285,7,indirect,0.13562969817616993,,N/A
_:b157,Stash,0.19828671957554048,0.14878377747132668,0.9172442572270822,False,AtomList,Reward,0.34207822710584884,0.10189130203804733,0.14285714285714285,7,indirect,0.13562969817616993,,N/A
_:b168,Stash,0.19828671957554048,0.14878377747132668,0.9172442572270822,False,AtomList,Reward,0.34207822710584884,0.10189130203804733,0.14285714285714285,7,indirect,0.13562969817616993,,N/A
_:b179,Stash,0.19828671957554048,0.14878377747132668,0.9172442572270822,False,AtomList,Reward,0.34207822710584884,0.10189130203804733,0.14285714285714285,7,indirect,0.13562969817616993,,N/A
_:b119,Stash,0.19828671957554048,0.14878377747132668,0.9172442572270822,False,AtomList,Reward,0.34207822710584884,0.10189130203804733,0.14285714285714285,7,indirect,0.13562969817616993,,N/A
_:b201,Stash,0.19828671957554048,0.14878377747132668,0.9172442572270822,False,AtomList,Reward,0.34207822710584884,0.10189130203804733,0.14285714285714285,7,indirect,0.13562969817616993,,N/A
_:b150,Stash,0.19828671957554048,0.14878377747132668,0.9172442572270822,False,AtomList,Reward,0.34207822710584884,0.10189130203804733,0.14285714285714285,7,indirect,0.13562969817616993,,N/A
_:b242,Stash,0.19828671957554048,0.14878377747132668,0.9172442572270822,False,AtomList,Reward,0.34207822710584884,0.10189130203804733,0.14285714285714285,7,indirect,0.13562969817616993,,N/A
_:b247,Stash,0.19828671957554048,0.14878377747132668,0.9172442572270822,False,AtomList,Reward,0.34207822710584884,0.10189130203804733,0.14285714285714285,7,indirect,0.13562969817616993,,N/A
_:b87,Stash,0.19828671957554048,0.14878377747132668,0.9172442572270822,False,AtomList,Reward,0.34207822710584884,0.10189130203804733,0.14285714285714285,7,indirect,0.13562969817616993,,N/A
_:b266,Stash,0.19828671957554048,0.14878377747132668,0.9172442572270822,False,AtomList,Reward,0.34207822710584884,0.10189130203804733,0.14285714285714285,7,indirect,0.13562969817616993,,N/A
_:b241,Stash,0.19828671957554048,0.14878377747132668,0.9172442572270822,False,AtomList,Reward,0.34207822710584884,0.10189130203804733,0.14285714285714285,7,indirect,0.13562969817616993,,N/A
_:b277,Stash,0.19828671957554048,0.14878377747132668,0.9172442572270822,False,AtomList,Reward,0.34207822710584884,0.10189130203804733,0.14285714285714285,7,indirect,0.13562969817616993,,N/A
_:b76,Stash,0.19828671957554048,0.14878377747132668,0.9172442572270822,False,AtomList,Reward,0.34207822710584884,0.10189130203804733,0.14285714285714285,7,indirect,0.13562969817616993,,N/A
_:b65,Stash,0.19828671957554048,0.14878377747132668,0.9172442572270822,False,AtomList,Reward,0.34207822710584884,0.10189130203804733,0.14285714285714285,7,indirect,0.13562969817616993,,N/A
Error2,Stash,0.253357308338816,0.12185072325713797,0.9172442572270822,False,Class,Reward,0.3861346981164693,0.07189130203804733,0.1,10,indirect,0.13540440424331635,,N/A
_:b43,Stash,0.19742724727206978,0.15545751895917562,0.9172442572270822,False,unknown,Reward,0.3413906492630723,0.10189130203804733,0.14285714285714285,7,indirect,0.1353288828699552,,N/A
l,bonusPoints,0.12312787858017815,0.14531469760465243,0.0,False,Variable,BonusPoints,0.09850230286414252,0.14189130203804734,0.2,5,indirect,0.13532410382779314,,N/A
_:b106,Stash,0.19739542888419437,0.15546525452694057,0.9172442572270822,False,unknown,Reward,0.3413651945527719,0.10189130203804733,0.14285714285714285,7,indirect,0.1353177464341988,,N/A
b,bonusPoints,0.12302218109816365,0.14536723561138296,0.0,False,Variable,BonusPoints,0.09841774487853093,0.14189130203804734,0.2,5,indirect,0.13528710970908805,,N/A
_:b33,Tiny_stash,0.19723070061190656,0.15345689331702556,0.0415518252487452,False,Restriction,Reward,0.16609492553927432,0.10189130203804733,0.14285714285714285,7,indirect,0.13526009153889806,,N/A
_:b39,Tiny_stash,0.1971972945842435,0.15347155363747852,0.0415518252487452,False,Restriction,Reward,0.16606820071714387,0.10189130203804733,0.14285714285714285,7,indirect,0.135248399429216,,N/A
_:b45,Tiny_stash,0.19718308429900683,0.15347776481000286,0.0415518252487452,False,Restriction,Reward,0.16605683248895453,0.10189130203804733,0.14285714285714285,7,indirect,0.13524342582938315,,N/A
_:b50,Tiny_stash,0.19717704219389728,0.15348040590222153,0.0415518252487452,False,Restriction,Reward,0.1660519988048669,0.10189130203804733,0.14285714285714285,7,indirect,0.1352413110925948,,N/A
e2,Stash,0.2527994243806746,0.14178562297868053,0.9172442572270822,False,Variable,Reward,0.3856883909499561,0.07189130203804733,0.1,10,indirect,0.13520914485796687,,N/A
e1,Stash,0.2527667110407824,0.14178787091233733,0.9172442572270822,False,Variable,Reward,0.3856622202780424,0.07189130203804733,0.1,10,indirect,0.1351976951890046,,N/A
_:b27,Tiny_stash,0.19664267494503987,0.15386590436608444,0.0415518252487452,False,Restriction,Reward,0.16562450500578096,0.10189130203804733,0.14285714285714285,7,indirect,0.13505428255549473,,N/A
isRelevantFor,Stash,0.2365556630634252,0.1515829601344499,0.9172442572270822,False,ObjectProperty,Reward,0.37269338189615664,0.0796690798158251,0.1111111111111111,9,indirect,0.13457938395248514,,N/A
hasRelevantGameElement,Stash,0.23655563326110282,0.15158291243341568,0.9172442572270822,False,ObjectProperty,Reward,0.3726933580542987,0.0796690798158251,0.1111111111111111,9,indirect,0.1345793735216723,,N/A
determine iof the teacher's objective is behavioural objective,Stash,0.23581120714292073,0.12306909233095782,0.9172442572270822,False,unknown,Reward,0.37209781715975304,0.0796690798158251,0.1111111111111111,9,indirect,0.13431882438030857,,N/A
_:b61,Stash,0.24928582587999823,0.15368022024092678,0.9172442572270822,False,Restriction,Reward,0.382877512149415,0.07189130203804733,0.1,10,indirect,0.13397938538273013,,N/A
_:b59,Stash,0.24928582587999823,0.15368022024092678,0.9172442572270822,False,Restriction,Reward,0.382877512149415,0.07189130203804733,0.1,10,indirect,0.13397938538273013,,N/A
_:b254,BLockGame,0.21668868015031265,0.16983196054663927,0.12935257077791257,False,IndividualPropertyAtom,Badge,0.19922145827583265,0.08939130203804733,0.125,8,indirect,0.1339453843773402,,N/A
_:b235,Stash,0.2166218591613779,0.15658915214320623,0.9172442572270822,False,Imp,Reward,0.3567463387745188,0.08939130203804733,0.125,8,indirect,0.13392199703121305,,N/A
_:b230,Stash,0.2166218591613779,0.15658915214320623,0.9172442572270822,False,Imp,Reward,0.3567463387745188,0.08939130203804733,0.125,8,indirect,0.13392199703121305,,N/A
_:b188,Stash,0.2166218591613779,0.15658915214320623,0.9172442572270822,False,Imp,Reward,0.3567463387745188,0.08939130203804733,0.125,8,indirect,0.13392199703121305,,N/A
_:b258,Stash,0.2345728423754468,0.1544108350163777,0.9172442572270822,False,BuiltinAtom,Reward,0.3711071253457739,0.0796690798158251,0.1111111111111111,9,indirect,0.1338853967116927,,N/A
_:b193,Tiny_stash,0.19288562187450128,0.15462144479950363,0.0415518252487452,False,ClassAtom,Reward,0.1626188625493501,0.10189130203804733,0.14285714285714285,7,indirect,0.1337393139808062,,N/A
_:b160,Tiny_stash,0.19285523721739548,0.15463585266308658,0.0415518252487452,False,ClassAtom,Reward,0.16259455482366544,0.10189130203804733,0.14285714285714285,7,indirect,0.13372867935081917,,N/A
_:b182,Tiny_stash,0.19285523721739548,0.15463585266308658,0.0415518252487452,False,ClassAtom,Reward,0.16259455482366544,0.10189130203804733,0.14285714285714285,7,indirect,0.13372867935081917,,N/A
_:b171,Tiny_stash,0.19285523721739548,0.15463585266308658,0.0415518252487452,False,ClassAtom,Reward,0.16259455482366544,0.10189130203804733,0.14285714285714285,7,indirect,0.13372867935081917,,N/A
_:b271,Tiny_stash,0.19243516833029525,0.1510605044975414,0.0415518252487452,False,ClassAtom,Reward,0.16225849971398526,0.10189130203804733,0.14285714285714285,7,indirect,0.1335816552403341,,N/A
designedWithObjective,Stash,0.23328840797849582,0.15470210139941687,0.9172442572270822,False,TransitiveProperty,Reward,0.3700795778282131,0.0796690798158251,0.1111111111111111,9,indirect,0.13343584467275985,,N/A
volume,Tiny_stash,0.19136372546009803,0.14944853995215646,0.0415518252487452,False,AnnotationProperty,Reward,0.1614013454178275,0.10189130203804733,0.14285714285714285,7,indirect,0.13320665023576506,,N/A
has_URL,BLockGame,0.23246669172539805,0.13997129859263124,0.12935257077791257,False,DatatypeProperty,Badge,0.21184386753590095,0.0796690798158251,0.1111111111111111,9,indirect,0.13314824398417563,,N/A
hasInputPole,BLockGame,0.23214682918316626,0.14016430192625234,0.12935257077791257,False,ObjectProperty,Badge,0.21158797750211555,0.0796690798158251,0.1111111111111111,9,indirect,0.1330362920943945,,N/A
hasPerceptionPole,BLockGame,0.23214680534130835,0.14016425577134056,0.12935257077791257,False,ObjectProperty,Badge,0.2115879584286292,0.0796690798158251,0.1111111111111111,9,indirect,0.13303628374974424,,N/A
hasProcessingPole,BLockGame,0.23214679938084387,0.14016424423261342,0.12935257077791257,False,ObjectProperty,Badge,0.21158795366025762,0.0796690798158251,0.1111111111111111,9,indirect,0.13303628166358167,,N/A
hasUnderstandingPole,BLockGame,0.23214679938084387,0.14016424423261342,0.12935257077791257,False,ObjectProperty,Badge,0.21158795366025762,0.0796690798158251,0.1111111111111111,9,indirect,0.13303628166358167,,N/A
volume,Stash,0.23017519606041886,0.1571444542074231,0.9172442572270822,False,AnnotationProperty,Reward,0.3675890082937515,0.0796690798158251,0.1111111111111111,9,indirect,0.1323462205014329,,N/A
_:b250,BLockGame,0.2118510864336348,0.16646969195017824,0.12935257077791257,False,IndividualPropertyAtom,Badge,0.19535138330249036,0.08939130203804733,0.125,8,indirect,0.13225222657650293,,N/A
_:b280,BLockGame,0.2118510864336348,0.16646969195017824,0.12935257077791257,False,IndividualPropertyAtom,Badge,0.19535138330249036,0.08939130203804733,0.125,8,indirect,0.13225222657650293,,N/A
_:b68,BLockGame,0.2118510864336348,0.16646969195017824,0.12935257077791257,False,IndividualPropertyAtom,Badge,0.19535138330249036,0.08939130203804733,0.125,8,indirect,0.13225222657650293,,N/A
_:b79,BLockGame,0.2118510864336348,0.16646969195017824,0.12935257077791257,False,IndividualPropertyAtom,Badge,0.19535138330249036,0.08939130203804733,0.125,8,indirect,0.13225222657650293,,N/A
GE,Level_Up,0.18806419857499973,0.13786801242081562,1.0,False,Variable,Level,0.3504513588599998,0.10189130203804733,0.14285714285714285,7,indirect,0.13205181582598066,,N/A
ge,Level_Up,0.18800611797256805,0.13788758566339784,1.0,False,Variable,Level,0.35040489437805444,0.10189130203804733,0.14285714285714285,7,indirect,0.13203148761512956,,N/A
BonusPointsLeaderboard,Stash,0.22907266242173668,0.13281766477933155,0.9172442572270822,False,Class,Reward,0.3667069813828058,0.0796690798158251,0.1111111111111111,9,indirect,0.13196033372789415,,N/A
BonusPoints,Stash,0.22899791351935223,0.13284400470906307,0.9172442572270822,False,Class,Reward,0.3666471822608982,0.0796690798158251,0.1111111111111111,9,indirect,0.1319341716120596,,N/A
SocialPointsLeaderboard,Stash,0.2288223008554851,0.1329059004170886,0.9172442572270822,False,Class,Reward,0.3665066921298046,0.0796690798158251,0.1111111111111111,9,indirect,0.1318727071797061,,N/A
hasPaymentPreference,Tiny_stash,0.1868430491616228,0.15914172394107337,0.0415518252487452,False,DatatypeProperty,Reward,0.1577848043790473,0.10189130203804733,0.14285714285714285,7,indirect,0.13162441353129875,,N/A
has_EducationalLevel,Tiny_stash,0.1868430491616228,0.15914172394107337,0.0415518252487452,False,DatatypeProperty,Reward,0.1577848043790473,0.10189130203804733,0.14285714285714285,7,indirect,0.13162441353129875,,N/A
has_duration,Tiny_stash,0.18684301935930042,0.15914166075732597,0.0415518252487452,False,DatatypeProperty,Reward,0.1577847805371894,0.10189130203804733,0.14285714285714285,7,indirect,0.1316244031004859,,N/A
has_Purpose,Tiny_stash,0.18684301935930042,0.15914166075732597,0.0415518252487452,False,DatatypeProperty,Reward,0.1577847805371894,0.10189130203804733,0.14285714285714285,7,indirect,0.1316244031004859,,N/A
has_latestRelease,Tiny_stash,0.1868429776360491,0.15914157230008436,0.0415518252487452,False,DatatypeProperty,Reward,0.15778474715858834,0.10189130203804733,0.14285714285714285,7,indirect,0.13162438849734795,,N/A
has_totalSites,Tiny_stash,0.1868429776360491,0.15914157230008436,0.0415518252487452,False,DatatypeProperty,Reward,0.15778474715858834,0.10189130203804733,0.14285714285714285,7,indirect,0.13162438849734795,,N/A
has_totalDownloads,Tiny_stash,0.1868429776360491,0.15914157230008436,0.0415518252487452,False,DatatypeProperty,Reward,0.15778474715858834,0.10189130203804733,0.14285714285714285,7,indirect,0.13162438849734795,,N/A
has_totalLikes,Tiny_stash,0.1868429776360491,0.15914157230008436,0.0415518252487452,False,DatatypeProperty,Reward,0.15778474715858834,0.10189130203804733,0.14285714285714285,7,indirect,0.13162438849734795,,N/A
has_latestVersion,Tiny_stash,0.18684295975465565,0.15914153438983966,0.0415518252487452,False,DatatypeProperty,Reward,0.15778473285347358,0.10189130203804733,0.14285714285714285,7,indirect,0.13162438223886025,,N/A
has_title,Tiny_stash,0.18684295975465565,0.15914153438983966,0.0415518252487452,False,DatatypeProperty,Reward,0.15778473285347358,0.10189130203804733,0.14285714285714285,7,indirect,0.13162438223886025,,N/A
designLesson,Tiny_stash,0.18664898513121028,0.1592861338834066,0.0415518252487452,False,ObjectProperty,Reward,0.15762955315471727,0.10189130203804733,0.14285714285714285,7,indirect,0.13155649112065437,,N/A
_:b193,Stash,0.2278454698242113,0.15840973560875918,0.9172442572270822,False,ClassAtom,Reward,0.3657252273047855,0.0796690798158251,0.1111111111111111,9,indirect,0.13153081631876026,,N/A
_:b160,Stash,0.22780407362909,0.15841060343603963,0.9172442572270822,False,ClassAtom,Reward,0.3656921103486884,0.0796690798158251,0.1111111111111111,9,indirect,0.1315163276504678,,N/A
_:b171,Stash,0.22780407362909,0.15841060343603963,0.9172442572270822,False,ClassAtom,Reward,0.3656921103486884,0.0796690798158251,0.1111111111111111,9,indirect,0.1315163276504678,,N/A
_:b182,Stash,0.22780407362909,0.15841060343603963,0.9172442572270822,False,ClassAtom,Reward,0.3656921103486884,0.0796690798158251,0.1111111111111111,9,indirect,0.1315163276504678,,N/A
l2,Level_Up,0.18626542430885545,0.13952387823312207,1.0,False,Variable,Level,0.3490123394470844,0.10189130203804733,0.14285714285714285,7,indirect,0.13142224483283016,,N/A
created_at,Stash,0.227531080357269,0.15582345883850007,0.9172442572270822,False,AnnotationProperty,Reward,0.36547371573123166,0.0796690798158251,0.1111111111111111,9,indirect,0.13142078000533045,,N/A
issue,Stash,0.22753103267355318,0.1558233811408885,0.9172442572270822,False,AnnotationProperty,Reward,0.36547367758425897,0.0796690798158251,0.1111111111111111,9,indirect,0.13142076331602992,,N/A
_:b271,Stash,0.2271690722494259,0.15514220117714417,0.9172442572270822,False,ClassAtom,Reward,0.36518410924495714,0.0796690798158251,0.1111111111111111,9,indirect,0.13129407716758537,,N/A
_:b107,BLockGame,0.2089035345666843,0.16495554121175193,0.12935257077791257,False,IndividualPropertyAtom,Badge,0.19299334180892996,0.08939130203804733,0.125,8,indirect,0.13122058342307028,,N/A
_:b207,BLockGame,0.20890352264575535,0.16495551831379177,0.12935257077791257,False,IndividualPropertyAtom,Badge,0.1929933322721868,0.08939130203804733,0.125,8,indirect,0.13122057925074515,,N/A
_:b263,BLockGame,0.2089035107248264,0.16495549541583268,0.12935257077791257,False,IndividualPropertyAtom,Badge,0.19299332273544367,0.08939130203804733,0.125,8,indirect,0.13122057507842,,N/A
_:b274,BLockGame,0.2089035107248264,0.16495549541583268,0.12935257077791257,False,IndividualPropertyAtom,Badge,0.19299332273544367,0.08939130203804733,0.125,8,indirect,0.13122057507842,,N/A
has_description,Tiny_stash,0.18532397547390997,0.15931014075677943,0.0415518252487452,False,FunctionalProperty,Reward,0.15656954542887702,0.10189130203804733,0.14285714285714285,7,indirect,0.13109273774059926,,N/A
_:b272,Stash,0.18466471351430505,0.15507456549451423,0.9172442572270822,False,AtomList,Reward,0.3311806222568605,0.10189130203804733,0.14285714285714285,7,indirect,0.13086199605473753,,N/A
_:b252,Stash,0.22584719214374452,0.15261113613263805,0.9172442572270822,False,ClassAtom,Reward,0.36412660516041206,0.0796690798158251,0.1111111111111111,9,indirect,0.1308314191305969,,N/A
GamificationExperience,bonusPoints,0.18447332544959474,0.11312040931669508,0.0,False,Class,BonusPoints,0.1475786603596758,0.10189130203804733,0.14285714285714285,7,indirect,0.13079501023208892,,N/A
_:b103,Stash,0.18410383586072884,0.15550942568324302,0.9172442572270822,False,AtomList,Reward,0.33073192013399955,0.10189130203804733,0.14285714285714285,7,indirect,0.13066568887598584,,N/A
_:b259,Stash,0.18409706401887183,0.15551151490229137,0.9172442572270822,False,AtomList,Reward,0.33072650266051395,0.10189130203804733,0.14285714285714285,7,indirect,0.1306633187313359,,N/A
_:b194,Stash,0.1838871417328894,0.15557673237303643,0.9172442572270822,False,AtomList,Reward,0.33055856483172796,0.10189130203804733,0.14285714285714285,7,indirect,0.13058984593124207,,N/A
_:b80,Stash,0.18385330953558982,0.1555872648441472,0.9172442572270822,False,AtomList,Reward,0.33053149907388835,0.10189130203804733,0.14285714285714285,7,indirect,0.1305780046621872,,N/A
_:b214,Stash,0.18385330953558982,0.1555872648441472,0.9172442572270822,False,AtomList,Reward,0.33053149907388835,0.10189130203804733,0.14285714285714285,7,indirect,0.1305780046621872,,N/A
_:b69,Stash,0.18385330953558982,0.1555872648441472,0.9172442572270822,False,AtomList,Reward,0.33053149907388835,0.10189130203804733,0.14285714285714285,7,indirect,0.1305780046621872,,N/A
_:b143,Stash,0.18385330953558982,0.1555872648441472,0.9172442572270822,False,AtomList,Reward,0.33053149907388835,0.10189130203804733,0.14285714285714285,7,indirect,0.1305780046621872,,N/A
_:b183,Stash,0.18385330953558982,0.1555872648441472,0.9172442572270822,False,AtomList,Reward,0.33053149907388835,0.10189130203804733,0.14285714285714285,7,indirect,0.1305780046621872,,N/A
_:b281,Stash,0.18385330953558982,0.1555872648441472,0.9172442572270822,False,AtomList,Reward,0.33053149907388835,0.10189130203804733,0.14285714285714285,7,indirect,0.1305780046621872,,N/A
_:b123,Stash,0.18385330953558982,0.1555872648441472,0.9172442572270822,False,AtomList,Reward,0.33053149907388835,0.10189130203804733,0.14285714285714285,7,indirect,0.1305780046621872,,N/A
_:b114,Stash,0.18385330953558982,0.1555872648441472,0.9172442572270822,False,AtomList,Reward,0.33053149907388835,0.10189130203804733,0.14285714285714285,7,indirect,0.1305780046621872,,N/A
_:b225,Stash,0.18385330953558982,0.1555872648441472,0.9172442572270822,False,AtomList,Reward,0.33053149907388835,0.10189130203804733,0.14285714285714285,7,indirect,0.1305780046621872,,N/A
_:b161,Stash,0.18385330953558982,0.1555872648441472,0.9172442572270822,False,AtomList,Reward,0.33053149907388835,0.10189130203804733,0.14285714285714285,7,indirect,0.1305780046621872,,N/A
_:b205,Stash,0.18385330953558982,0.1555872648441472,0.9172442572270822,False,AtomList,Reward,0.33053149907388835,0.10189130203804733,0.14285714285714285,7,indirect,0.1305780046621872,,N/A
_:b132,Stash,0.18385330953558982,0.1555872648441472,0.9172442572270822,False,AtomList,Reward,0.33053149907388835,0.10189130203804733,0.14285714285714285,7,indirect,0.1305780046621872,,N/A
_:b172,Stash,0.18385330953558982,0.1555872648441472,0.9172442572270822,False,AtomList,Reward,0.33053149907388835,0.10189130203804733,0.14285714285714285,7,indirect,0.1305780046621872,,N/A
_:b146,Stash,0.18374584575134267,0.15553050688468925,0.9172442572270822,False,AtomList,Reward,0.33044552804649063,0.10189130203804733,0.14285714285714285,7,indirect,0.1305403923377007,,N/A
_:b135,Stash,0.18374584575134267,0.15553050688468925,0.9172442572270822,False,AtomList,Reward,0.33044552804649063,0.10189130203804733,0.14285714285714285,7,indirect,0.1305403923377007,,N/A
_:b228,Stash,0.18374584575134267,0.15553050688468925,0.9172442572270822,False,AtomList,Reward,0.33044552804649063,0.10189130203804733,0.14285714285714285,7,indirect,0.1305403923377007,,N/A
_:b152,Stash,0.18374584575134267,0.15553050688468925,0.9172442572270822,False,AtomList,Reward,0.33044552804649063,0.10189130203804733,0.14285714285714285,7,indirect,0.1305403923377007,,N/A
_:b217,Stash,0.18374584575134267,0.15553050688468925,0.9172442572270822,False,AtomList,Reward,0.33044552804649063,0.10189130203804733,0.14285714285714285,7,indirect,0.1305403923377007,,N/A
_:b90,Stash,0.22500288358892231,0.1530435586439711,0.9172442572270822,False,ClassAtom,Reward,0.3634511583165543,0.0796690798158251,0.1111111111111111,9,indirect,0.1305359111364091,,N/A
_:b77,Stash,0.2248180373048104,0.1528906309969907,0.9172442572270822,False,ClassAtom,Reward,0.3633032812892648,0.0796690798158251,0.1111111111111111,9,indirect,0.13047121493696995,,N/A
_:b66,Stash,0.2248180373048104,0.1528906309969907,0.9172442572270822,False,ClassAtom,Reward,0.3633032812892648,0.0796690798158251,0.1111111111111111,9,indirect,0.13047121493696995,,N/A
_:b267,Stash,0.2248180373048104,0.1528906309969907,0.9172442572270822,False,ClassAtom,Reward,0.3633032812892648,0.0796690798158251,0.1111111111111111,9,indirect,0.13047121493696995,,N/A
_:b248,Stash,0.2248180373048104,0.1528906309969907,0.9172442572270822,False,ClassAtom,Reward,0.3633032812892648,0.0796690798158251,0.1111111111111111,9,indirect,0.13047121493696995,,N/A
_:b278,Stash,0.2248180373048104,0.1528906309969907,0.9172442572270822,False,ClassAtom,Reward,0.3633032812892648,0.0796690798158251,0.1111111111111111,9,indirect,0.13047121493696995,,N/A
_:b129,Stash,0.22481803134434591,0.15289062134140843,0.9172442572270822,False,ClassAtom,Reward,0.3633032765208932,0.0796690798158251,0.1111111111111111,9,indirect,0.13047121285080737,,N/A
_:b211,Stash,0.22481803134434591,0.15289062134140843,0.9172442572270822,False,ClassAtom,Reward,0.3633032765208932,0.0796690798158251,0.1111111111111111,9,indirect,0.13047121285080737,,N/A
_:b202,Stash,0.22481803134434591,0.15289062134140843,0.9172442572270822,False,ClassAtom,Reward,0.3633032765208932,0.0796690798158251,0.1111111111111111,9,indirect,0.13047121285080737,,N/A
_:b120,Stash,0.22481803134434591,0.15289062134140843,0.9172442572270822,False,ClassAtom,Reward,0.3633032765208932,0.0796690798158251,0.1111111111111111,9,indirect,0.13047121285080737,,N/A
_:b140,Stash,0.22481803134434591,0.15289062134140843,0.9172442572270822,False,ClassAtom,Reward,0.3633032765208932,0.0796690798158251,0.1111111111111111,9,indirect,0.13047121285080737,,N/A
_:b111,Stash,0.22481803134434591,0.15289062134140843,0.9172442572270822,False,ClassAtom,Reward,0.3633032765208932,0.0796690798158251,0.1111111111111111,9,indirect,0.13047121285080737,,N/A
_:b222,Stash,0.22481803134434591,0.15289062134140843,0.9172442572270822,False,ClassAtom,Reward,0.3633032765208932,0.0796690798158251,0.1111111111111111,9,indirect,0.13047121285080737,,N/A
_:b88,Stash,0.22481802538388146,0.15289061168582668,0.9172442572270822,False,ClassAtom,Reward,0.36330327175252164,0.0796690798158251,0.1111111111111111,9,indirect,0.13047121076464482,,N/A
pp,Level_Up,0.1831367367271019,0.1426051641532629,1.0,False,Variable,Level,0.3465093893816815,0.10189130203804733,0.14285714285714285,7,indirect,0.13032720417921642,,N/A
ip,Level_Up,0.1831367367271019,0.1426051641532629,1.0,False,Variable,Level,0.3465093893816815,0.10189130203804733,0.14285714285714285,7,indirect,0.13032720417921642,,N/A
additional-name,Level_Up,0.18127847848462975,0.13580624264597008,1.0,False,unknown,Level,0.3450227827877038,0.10189130203804733,0.14285714285714285,7,indirect,0.12967681379435117,,N/A
family-name,Level_Up,0.1812193952151406,0.13583276923124984,1.0,False,unknown,Level,0.34497551617211253,0.10189130203804733,0.14285714285714285,7,indirect,0.12965613465002995,,N/A
given-name,Level_Up,0.1811942815500393,0.13584403847990653,1.0,False,unknown,Level,0.3449554252400314,0.10189130203804733,0.14285714285714285,7,indirect,0.12964734486724452,,N/A
honorific-prefix,Level_Up,0.18118359851535373,0.13584881962314913,1.0,False,unknown,Level,0.34494687881228303,0.10189130203804733,0.14285714285714285,7,indirect,0.12964360580510456,,N/A
honorific-suffix,Level_Up,0.18117906707545434,0.13585087851069289,1.0,False,unknown,Level,0.3449432536603635,0.10189130203804733,0.14285714285714285,7,indirect,0.12964201980113976,,N/A
RFK_L1_R6,Motrain,0.10666501255306507,0.1632705213985545,0.0,False,ReferenceKey,GameElementResource,0.08533201004245206,0.14189130203804734,0.2,5,indirect,0.12956210071830354,,N/A
bonus,Level_Up,0.18072128037632415,0.13530826038278965,1.0,False,unknown,Level,0.3445770243010593,0.10189130203804733,0.14285714285714285,7,indirect,0.1294817944564442,,N/A
has_URL,bonusPoints,0.10575158509889049,0.15963876207808733,0.0,False,DatatypeProperty,BonusPoints,0.08460126807911239,0.14189130203804734,0.2,5,indirect,0.12924240110934243,,N/A
_:b5,Tiny_stash,0.20309225171370238,0.14678434739113516,0.0415518252487452,False,Restriction,Reward,0.17078416642071095,0.08939130203804733,0.125,8,indirect,0.1291866344245266,,N/A
_:b6,Tiny_stash,0.2030922397927734,0.1467843223763389,0.0415518252487452,False,Restriction,Reward,0.17078415688396778,0.08939130203804733,0.125,8,indirect,0.12918663025220145,,N/A
_:b7,Tiny_stash,0.2030922397927734,0.1467843223763389,0.0415518252487452,False,Restriction,Reward,0.17078415688396778,0.08939130203804733,0.125,8,indirect,0.12918663025220145,,N/A
created_at,Tiny_stash,0.1797787228847245,0.15855564707271363,0.0415518252487452,False,AnnotationProperty,Reward,0.15213334335752865,0.10189130203804733,0.14285714285714285,7,indirect,0.1291518993343843,,N/A
issue,Tiny_stash,0.17977868116147316,0.1585555583520962,0.0415518252487452,False,AnnotationProperty,Reward,0.1521333099789276,0.10189130203804733,0.14285714285714285,7,indirect,0.12915188473124636,,N/A
ExperiencePointsLeaderboard,Tiny_stash,0.17961082204955398,0.16095149945785026,0.0415518252487452,False,Class,Reward,0.15199902268939225,0.10189130203804733,0.14285714285714285,7,indirect,0.12909313404207465,,N/A
_:b156,Tiny_stash,0.17933101941081692,0.16205684639167517,0.0415518252487452,False,AtomList,Reward,0.15177518057840259,0.10189130203804733,0.14285714285714285,7,indirect,0.1289952031185167,,N/A
_:b178,Tiny_stash,0.17933101941081692,0.16205684639167517,0.0415518252487452,False,AtomList,Reward,0.15177518057840259,0.10189130203804733,0.14285714285714285,7,indirect,0.1289952031185167,,N/A
_:b265,Tiny_stash,0.17933101941081692,0.16205684639167517,0.0415518252487452,False,AtomList,Reward,0.15177518057840259,0.10189130203804733,0.14285714285714285,7,indirect,0.1289952031185167,,N/A
_:b127,Tiny_stash,0.17933101941081692,0.16205684639167517,0.0415518252487452,False,AtomList,Reward,0.15177518057840259,0.10189130203804733,0.14285714285714285,7,indirect,0.1289952031185167,,N/A
_:b109,Tiny_stash,0.17933101941081692,0.16205684639167517,0.0415518252487452,False,AtomList,Reward,0.15177518057840259,0.10189130203804733,0.14285714285714285,7,indirect,0.1289952031185167,,N/A
_:b246,Tiny_stash,0.17933101941081692,0.16205684639167517,0.0415518252487452,False,AtomList,Reward,0.15177518057840259,0.10189130203804733,0.14285714285714285,7,indirect,0.1289952031185167,,N/A
_:b167,Tiny_stash,0.17933101941081692,0.16205684639167517,0.0415518252487452,False,AtomList,Reward,0.15177518057840259,0.10189130203804733,0.14285714285714285,7,indirect,0.1289952031185167,,N/A
_:b118,Tiny_stash,0.17933101941081692,0.16205684639167517,0.0415518252487452,False,AtomList,Reward,0.15177518057840259,0.10189130203804733,0.14285714285714285,7,indirect,0.1289952031185167,,N/A
_:b276,Tiny_stash,0.17933101941081692,0.16205684639167517,0.0415518252487452,False,AtomList,Reward,0.15177518057840259,0.10189130203804733,0.14285714285714285,7,indirect,0.1289952031185167,,N/A
_:b200,Tiny_stash,0.17933101941081692,0.16205684639167517,0.0415518252487452,False,AtomList,Reward,0.15177518057840259,0.10189130203804733,0.14285714285714285,7,indirect,0.1289952031185167,,N/A
_:b75,Tiny_stash,0.17933101941081692,0.16205684639167517,0.0415518252487452,False,AtomList,Reward,0.15177518057840259,0.10189130203804733,0.14285714285714285,7,indirect,0.1289952031185167,,N/A
_:b138,Tiny_stash,0.17933101941081692,0.16205684639167517,0.0415518252487452,False,AtomList,Reward,0.15177518057840259,0.10189130203804733,0.14285714285714285,7,indirect,0.1289952031185167,,N/A
_:b86,Tiny_stash,0.17933101941081692,0.16205684639167517,0.0415518252487452,False,AtomList,Reward,0.15177518057840259,0.10189130203804733,0.14285714285714285,7,indirect,0.1289952031185167,,N/A
_:b220,Tiny_stash,0.17933101941081692,0.16205684639167517,0.0415518252487452,False,AtomList,Reward,0.15177518057840259,0.10189130203804733,0.14285714285714285,7,indirect,0.1289952031185167,,N/A
_:b209,Tiny_stash,0.17933101941081692,0.16205684639167517,0.0415518252487452,False,AtomList,Reward,0.15177518057840259,0.10189130203804733,0.14285714285714285,7,indirect,0.1289952031185167,,N/A
_:b64,Tiny_stash,0.17933101941081692,0.16205684639167517,0.0415518252487452,False,AtomList,Reward,0.15177518057840259,0.10189130203804733,0.14285714285714285,7,indirect,0.1289952031185167,,N/A
check if gr has bonus then voluntary,Level_Up,0.17906341496978379,0.13621584508160417,1.0,False,unknown,Level,0.343250731975827,0.10189130203804733,0.14285714285714285,7,indirect,0.1289015415641551,,N/A
ExperiencePoints,Tiny_stash,0.17889646622017769,0.16133518566799898,0.0415518252487452,False,Class,Reward,0.1514275380258912,0.10189130203804733,0.14285714285714285,7,indirect,0.12884310950179295,,N/A
_:b189,Tiny_stash,0.17880371907309742,0.16222648708217186,0.0415518252487452,False,AtomList,Reward,0.151353340308227,0.10189130203804733,0.14285714285714285,7,indirect,0.12881064800031486,,N/A
RFK_L7_R3,Motrain,0.10427664572064152,0.15885946230871387,0.0,False,ReferenceKey,GameElementResource,0.08342131657651322,0.14189130203804734,0.2,5,indirect,0.1287261723269553,,N/A
RFK_L7_R1,Motrain,0.10427664572064152,0.15885946230871387,0.0,False,ReferenceKey,GameElementResource,0.08342131657651322,0.14189130203804734,0.2,5,indirect,0.1287261723269553,,N/A
RFK_L1_R7,Motrain,0.10427664572064152,0.15885946230871387,0.0,False,ReferenceKey,GameElementResource,0.08342131657651322,0.14189130203804734,0.2,5,indirect,0.1287261723269553,,N/A
RFK_L6_R3,Motrain,0.10427664572064152,0.15885946230871387,0.0,False,ReferenceKey,GameElementResource,0.08342131657651322,0.14189130203804734,0.2,5,indirect,0.1287261723269553,,N/A
RFK_L6_R1,Motrain,0.10427664572064152,0.15885946230871387,0.0,False,ReferenceKey,GameElementResource,0.08342131657651322,0.14189130203804734,0.2,5,indirect,0.1287261723269553,,N/A
RFK_L6_R2,Motrain,0.10427664572064152,0.15885946230871387,0.0,False,ReferenceKey,GameElementResource,0.08342131657651322,0.14189130203804734,0.2,5,indirect,0.1287261723269553,,N/A
RFK_L5_R2,Motrain,0.10427664572064152,0.15885946230871387,0.0,False,ReferenceKey,GameElementResource,0.08342131657651322,0.14189130203804734,0.2,5,indirect,0.1287261723269553,,N/A
RFK_L9_R2,Motrain,0.10427664572064152,0.15885946230871387,0.0,False,ReferenceKey,GameElementResource,0.08342131657651322,0.14189130203804734,0.2,5,indirect,0.1287261723269553,,N/A
RFK_L8_R1,Motrain,0.10427664572064152,0.15885946230871387,0.0,False,ReferenceKey,GameElementResource,0.08342131657651322,0.14189130203804734,0.2,5,indirect,0.1287261723269553,,N/A
RFK_L8_R2,Motrain,0.10427664572064152,0.15885946230871387,0.0,False,ReferenceKey,GameElementResource,0.08342131657651322,0.14189130203804734,0.2,5,indirect,0.1287261723269553,,N/A
RFK_L9_R1,Motrain,0.10427664572064152,0.15885946230871387,0.0,False,ReferenceKey,GameElementResource,0.08342131657651322,0.14189130203804734,0.2,5,indirect,0.1287261723269553,,N/A
RFK_L8_R4,Motrain,0.10427664572064152,0.15885946230871387,0.0,False,ReferenceKey,GameElementResource,0.08342131657651322,0.14189130203804734,0.2,5,indirect,0.1287261723269553,,N/A
RFK_L9_R3,Motrain,0.10427664572064152,0.15885946230871387,0.0,False,ReferenceKey,GameElementResource,0.08342131657651322,0.14189130203804734,0.2,5,indirect,0.1287261723269553,,N/A
RFK_L5_R1,Motrain,0.10427664572064152,0.15885946230871387,0.0,False,ReferenceKey,GameElementResource,0.08342131657651322,0.14189130203804734,0.2,5,indirect,0.1287261723269553,,N/A
RFK_L5_R5,Motrain,0.10427664572064152,0.15885946230871387,0.0,False,ReferenceKey,GameElementResource,0.08342131657651322,0.14189130203804734,0.2,5,indirect,0.1287261723269553,,N/A
RFK_L7_R4,Motrain,0.10427664572064152,0.15885946230871387,0.0,False,ReferenceKey,GameElementResource,0.08342131657651322,0.14189130203804734,0.2,5,indirect,0.1287261723269553,,N/A
RFK_L6_R4,Motrain,0.10427664572064152,0.15885946230871387,0.0,False,ReferenceKey,GameElementResource,0.08342131657651322,0.14189130203804734,0.2,5,indirect,0.1287261723269553,,N/A
RFK_L8_R3,Motrain,0.10427664572064152,0.15885946230871387,0.0,False,ReferenceKey,GameElementResource,0.08342131657651322,0.14189130203804734,0.2,5,indirect,0.1287261723269553,,N/A
RFK_L5_R3,Motrain,0.10427664572064152,0.15885946230871387,0.0,False,ReferenceKey,GameElementResource,0.08342131657651322,0.14189130203804734,0.2,5,indirect,0.1287261723269553,,N/A
RFK_L5_R4,Motrain,0.10427664572064152,0.15885946230871387,0.0,False,ReferenceKey,GameElementResource,0.08342131657651322,0.14189130203804734,0.2,5,indirect,0.1287261723269553,,N/A
RFK_L7_R2,Motrain,0.10427664572064152,0.15885946230871387,0.0,False,ReferenceKey,GameElementResource,0.08342131657651322,0.14189130203804734,0.2,5,indirect,0.1287261723269553,,N/A
_:b60,Tiny_stash,0.21931558993857486,0.13578856121434849,0.0415518252487452,False,Restriction,Reward,0.18376283700060894,0.0796690798158251,0.1111111111111111,9,indirect,0.12854535835878753,,N/A
isMoreExpertThan,Level_Up,0.17679969965446635,0.14137768706391682,1.0,False,ObjectProperty,Level,0.3414397597235731,0.10189130203804733,0.14285714285714285,7,indirect,0.12810924120379397,,N/A
_:b117,BLockGame,0.19958055181772244,0.15367379956223534,0.12935257077791257,False,Imp,Badge,0.18553495560976047,0.08939130203804733,0.125,8,indirect,0.12795753946093363,,N/A
_:b74,BLockGame,0.19958055181772244,0.15367379956223534,0.12935257077791257,False,Imp,Badge,0.18553495560976047,0.08939130203804733,0.125,8,indirect,0.12795753946093363,,N/A
_:b264,BLockGame,0.19958055181772244,0.15367379956223534,0.12935257077791257,False,Imp,Badge,0.18553495560976047,0.08939130203804733,0.125,8,indirect,0.12795753946093363,,N/A
_:b240,BLockGame,0.19958055181772244,0.15367379956223534,0.12935257077791257,False,Imp,Badge,0.18553495560976047,0.08939130203804733,0.125,8,indirect,0.12795753946093363,,N/A
_:b63,BLockGame,0.19958055181772244,0.15367379956223534,0.12935257077791257,False,Imp,Badge,0.18553495560976047,0.08939130203804733,0.125,8,indirect,0.12795753946093363,,N/A
_:b155,BLockGame,0.19958055181772244,0.15367379956223534,0.12935257077791257,False,Imp,Badge,0.18553495560976047,0.08939130203804733,0.125,8,indirect,0.12795753946093363,,N/A
_:b275,BLockGame,0.19958055181772244,0.15367379956223534,0.12935257077791257,False,Imp,Badge,0.18553495560976047,0.08939130203804733,0.125,8,indirect,0.12795753946093363,,N/A
_:b85,BLockGame,0.19958055181772244,0.15367379956223534,0.12935257077791257,False,Imp,Badge,0.18553495560976047,0.08939130203804733,0.125,8,indirect,0.12795753946093363,,N/A
_:b199,BLockGame,0.19958055181772244,0.15367379956223534,0.12935257077791257,False,Imp,Badge,0.18553495560976047,0.08939130203804733,0.125,8,indirect,0.12795753946093363,,N/A
_:b166,BLockGame,0.19958055181772244,0.15367379956223534,0.12935257077791257,False,Imp,Badge,0.18553495560976047,0.08939130203804733,0.125,8,indirect,0.12795753946093363,,N/A
_:b148,BLockGame,0.19958055181772244,0.15367379956223534,0.12935257077791257,False,Imp,Badge,0.18553495560976047,0.08939130203804733,0.125,8,indirect,0.12795753946093363,,N/A
_:b108,BLockGame,0.19958055181772244,0.15367379956223534,0.12935257077791257,False,Imp,Badge,0.18553495560976047,0.08939130203804733,0.125,8,indirect,0.12795753946093363,,N/A
_:b245,BLockGame,0.19958055181772244,0.15367379956223534,0.12935257077791257,False,Imp,Badge,0.18553495560976047,0.08939130203804733,0.125,8,indirect,0.12795753946093363,,N/A
_:b177,BLockGame,0.19958055181772244,0.15367379956223534,0.12935257077791257,False,Imp,Badge,0.18553495560976047,0.08939130203804733,0.125,8,indirect,0.12795753946093363,,N/A
_:b19,Stash,0.1983336865855467,0.15051400100343118,0.9172442572270822,False,unknown,Reward,0.34211580071385383,0.08939130203804733,0.125,8,indirect,0.12752113662967213,,N/A
_:b53,Stash,0.1983336865855467,0.15051400100343118,0.9172442572270822,False,unknown,Reward,0.34211580071385383,0.08939130203804733,0.125,8,indirect,0.12752113662967213,,N/A
_:b26,Stash,0.19811364765847575,0.15105600838504465,0.9172442572270822,False,unknown,Reward,0.34193976957219707,0.08939130203804733,0.125,8,indirect,0.12744412300519728,,N/A
_:b21,Stash,0.19799639314279646,0.15059346724681563,0.9172442572270822,False,unknown,Reward,0.34184596595965366,0.08939130203804733,0.125,8,indirect,0.12740308392470953,,N/A
_:b32,Stash,0.19790646420552074,0.15110031250172606,0.9172442572270822,False,unknown,Reward,0.34177402280983304,0.08939130203804733,0.125,8,indirect,0.12737160879666304,,N/A
_:b38,Stash,0.19781851765310698,0.15111922043474496,0.9172442572270822,False,unknown,Reward,0.34170366556790205,0.08939130203804733,0.125,8,indirect,0.1273408275033182,,N/A
_:b44,Stash,0.19778114925276796,0.15112727948031246,0.9172442572270822,False,unknown,Reward,0.34167377084763084,0.08939130203804733,0.125,8,indirect,0.12732774856319956,,N/A
_:b49,Stash,0.19776525706481343,0.15113069350879216,0.9172442572270822,False,unknown,Reward,0.34166105709726724,0.08939130203804733,0.125,8,indirect,0.12732218629741548,,N/A
hasPedagogicalObjective,Tiny_stash,0.19758924594428431,0.15231175478502115,0.0415518252487452,False,ObjectProperty,Reward,0.16638176180517653,0.08939130203804733,0.125,8,indirect,0.12726058240523028,,N/A
gamified resource contains one or more game elements,bonusPoints,0.0994979376124063,0.1579148671214724,0.0,False,unknown,BonusPoints,0.07959835008992505,0.14189130203804734,0.2,5,indirect,0.12705362448907298,,N/A
Gamified resource that contains experience leaderboard game element must contain experience points game element,bonusPoints,0.0994979376124063,0.1579148671214724,0.0,False,unknown,BonusPoints,0.07959835008992505,0.14189130203804734,0.2,5,indirect,0.12705362448907298,,N/A
Gamified resource that contains score leaderboard game element must contain score points game element,bonusPoints,0.0994979376124063,0.1579148671214724,0.0,False,unknown,BonusPoints,0.07959835008992505,0.14189130203804734,0.2,5,indirect,0.12705362448907298,,N/A
Gamified resource that contains social leaderboard game element must contain social points game element,bonusPoints,0.0994979376124063,0.1579148671214724,0.0,False,unknown,BonusPoints,0.07959835008992505,0.14189130203804734,0.2,5,indirect,0.12705362448907298,,N/A
Gamified resource that contains bonus leaderboard game element must contain bonus points game element,bonusPoints,0.0994979376124063,0.1579148671214724,0.0,False,unknown,BonusPoints,0.07959835008992505,0.14189130203804734,0.2,5,indirect,0.12705362448907298,,N/A
Challenge,bonusPoints,0.09933340407192817,0.1592870775044745,0.0,False,Class,BonusPoints,0.07946672325754255,0.14189130203804734,0.2,5,indirect,0.12699603774990564,,N/A
Feedback,bonusPoints,0.09933340407192817,0.1592870775044745,0.0,False,Class,BonusPoints,0.07946672325754255,0.14189130203804734,0.2,5,indirect,0.12699603774990564,,N/A
Hint,bonusPoints,0.09933340407192817,0.1592870775044745,0.0,False,Class,BonusPoints,0.07946672325754255,0.14189130203804734,0.2,5,indirect,0.12699603774990564,,N/A
Timer,bonusPoints,0.09933340407192817,0.1592870775044745,0.0,False,Class,BonusPoints,0.07946672325754255,0.14189130203804734,0.2,5,indirect,0.12699603774990564,,N/A
Story,bonusPoints,0.09933340407192817,0.1592870775044745,0.0,False,Class,BonusPoints,0.07946672325754255,0.14189130203804734,0.2,5,indirect,0.12699603774990564,,N/A
ProgressBar,bonusPoints,0.09933340407192817,0.1592870775044745,0.0,False,Class,BonusPoints,0.07946672325754255,0.14189130203804734,0.2,5,indirect,0.12699603774990564,,N/A
Achievement,bonusPoints,0.09933340407192817,0.1592870775044745,0.0,False,Class,BonusPoints,0.07946672325754255,0.14189130203804734,0.2,5,indirect,0.12699603774990564,,N/A
Reward,bonusPoints,0.09933340407192817,0.1592870775044745,0.0,False,Class,BonusPoints,0.07946672325754255,0.14189130203804734,0.2,5,indirect,0.12699603774990564,,N/A
Badge,bonusPoints,0.09933340407192817,0.1592870775044745,0.0,False,Class,BonusPoints,0.07946672325754255,0.14189130203804734,0.2,5,indirect,0.12699603774990564,,N/A
Level,bonusPoints,0.09933340407192817,0.1592870775044745,0.0,False,Class,BonusPoints,0.07946672325754255,0.14189130203804734,0.2,5,indirect,0.12699603774990564,,N/A
"the teacher defines the purpose of the resource as either for ""lecturing"" or for ""assessment""",bonusPoints,0.0988755469196715,0.15817738607166412,0.0,False,unknown,BonusPoints,0.0791004375357372,0.14189130203804734,0.2,5,indirect,0.1268357877466158,,N/A
_:b255,Tiny_stash,0.17300763268617272,0.1649188316870575,0.0415518252487452,False,AtomList,Reward,0.14671647119868725,0.10189130203804733,0.14285714285714285,7,indirect,0.12678201776489123,,N/A
experienceLevel,bonusPoints,0.1418518994845503,0.1360009688585562,0.0,False,DatatypeProperty,BonusPoints,0.11348151958764024,0.118557968704714,0.16666666666666666,6,indirect,0.12671084447765668,,N/A
_:b10,Tiny_stash,0.19598896645868297,0.15011614422370134,0.0415518252487452,False,Restriction,Reward,0.16510153821669543,0.08939130203804733,0.125,8,indirect,0.1267004845852698,,N/A
_:b221,Stash,0.1959053575050016,0.14485365087375843,0.9172442572270822,False,AtomList,Reward,0.34017313744941774,0.08939130203804733,0.125,8,indirect,0.12667122145148133,,N/A
_:b210,Stash,0.1959053575050016,0.14485365087375843,0.9172442572270822,False,AtomList,Reward,0.34017313744941774,0.08939130203804733,0.125,8,indirect,0.12667122145148133,,N/A
_:b139,Stash,0.1959053575050016,0.14485365087375843,0.9172442572270822,False,AtomList,Reward,0.34017313744941774,0.08939130203804733,0.125,8,indirect,0.12667122145148133,,N/A
_:b149,Stash,0.1959053575050016,0.14485365087375843,0.9172442572270822,False,AtomList,Reward,0.34017313744941774,0.08939130203804733,0.125,8,indirect,0.12667122145148133,,N/A
_:b128,Stash,0.1959053575050016,0.14485365087375843,0.9172442572270822,False,AtomList,Reward,0.34017313744941774,0.08939130203804733,0.125,8,indirect,0.12667122145148133,,N/A
_:b185,Stash,0.19563834174031478,0.151608034127625,0.9172442572270822,False,unknown,Reward,0.3399595248376683,0.08939130203804733,0.125,8,indirect,0.12657776593384096,,N/A
_:b99,Tiny_stash,0.17236917905916954,0.16528452000709065,0.0415518252487452,False,AtomList,Reward,0.14620570829708468,0.10189130203804733,0.14285714285714285,7,indirect,0.1265585589954401,,N/A
_:b253,Tiny_stash,0.17229446578322913,0.16530978559653847,0.0415518252487452,False,AtomList,Reward,0.14614593767633235,0.10189130203804733,0.14285714285714285,7,indirect,0.12653240934886095,,N/A
_:b268,Tiny_stash,0.17192913809908927,0.16543355297743242,0.0415518252487452,False,AtomList,Reward,0.14585367552902048,0.10189130203804733,0.14285714285714285,7,indirect,0.126404544659412,,N/A
_:b249,Tiny_stash,0.17192913809908927,0.16543355297743242,0.0415518252487452,False,AtomList,Reward,0.14585367552902048,0.10189130203804733,0.14285714285714285,7,indirect,0.126404544659412,,N/A
lesson 3 for the course Object Oriented Programming,Tiny_stash,0.097596275423001,0.16510936983508706,0.0415518252487452,False,unknown,Reward,0.08638738538814984,0.14189130203804734,0.2,5,indirect,0.12638804272278112,,N/A
leçon 3 du cours Programmation Orientée Objet,Tiny_stash,0.097596275423001,0.16510936983508706,0.0415518252487452,False,unknown,Reward,0.08638738538814984,0.14189130203804734,0.2,5,indirect,0.12638804272278112,,N/A
leçon 4 du cours Programmation Orientée Objet,Tiny_stash,0.09692822999065395,0.16522266447891554,0.0415518252487452,False,unknown,Reward,0.08585294904227221,0.14189130203804734,0.2,5,indirect,0.12615422682145966,,N/A
lesson 4 for the course Object Oriented Programming,Tiny_stash,0.09692822999065395,0.16522266447891554,0.0415518252487452,False,unknown,Reward,0.08585294904227221,0.14189130203804734,0.2,5,indirect,0.12615422682145966,,N/A
_:b37,Stash,0.1944273699744136,0.15240306987435598,0.9172442572270822,False,unknown,Reward,0.33899074742494734,0.08939130203804733,0.125,8,indirect,0.12615392581577553,,N/A
_:b105,Stash,0.19435236544530735,0.15241956088297176,0.9172442572270822,False,unknown,Reward,0.3389307438016623,0.08939130203804733,0.125,8,indirect,0.12612767423058835,,N/A
has_totalLikes,bonusPoints,0.09636637845301246,0.1603522439841261,0.0,False,DatatypeProperty,BonusPoints,0.07709310276240998,0.14189130203804734,0.2,5,indirect,0.12595757878328512,,N/A
has_totalDownloads,bonusPoints,0.09636637845301246,0.1603522439841261,0.0,False,DatatypeProperty,BonusPoints,0.07709310276240998,0.14189130203804734,0.2,5,indirect,0.12595757878328512,,N/A
has_totalSites,bonusPoints,0.09636637845301246,0.1603522439841261,0.0,False,DatatypeProperty,BonusPoints,0.07709310276240998,0.14189130203804734,0.2,5,indirect,0.12595757878328512,,N/A
has_latestRelease,bonusPoints,0.09636637845301246,0.1603522439841261,0.0,False,DatatypeProperty,BonusPoints,0.07709310276240998,0.14189130203804734,0.2,5,indirect,0.12595757878328512,,N/A
has_latestVersion,bonusPoints,0.09636636653208351,0.16035221756097218,0.0,False,DatatypeProperty,BonusPoints,0.07709309322566682,0.14189130203804734,0.2,5,indirect,0.12595757461096,,N/A
has_title,bonusPoints,0.09636636653208351,0.16035221756097218,0.0,False,DatatypeProperty,BonusPoints,0.07709309322566682,0.14189130203804734,0.2,5,indirect,0.12595757461096,,N/A
has_description,bonusPoints,0.09630844807528713,0.16038994688066352,0.0,False,FunctionalProperty,BonusPoints,0.07704675846022971,0.14189130203804734,0.2,5,indirect,0.12593730315108126,,N/A
_:b59,Tiny_stash,0.19298370929523628,0.15204693626895785,0.0415518252487452,False,Restriction,Reward,0.1626973324859381,0.08939130203804733,0.125,8,indirect,0.12564864457806346,,N/A
_:b61,Tiny_stash,0.19298370929523628,0.15204693626895785,0.0415518252487452,False,Restriction,Reward,0.1626973324859381,0.08939130203804733,0.125,8,indirect,0.12564864457806346,,N/A
_:b31,Tiny_stash,0.16947745095099515,0.16161709035765603,0.0415518252487452,False,unknown,Reward,0.14389232581054517,0.10189130203804733,0.14285714285714285,7,indirect,0.12554645415757906,,N/A
_:b204,BLockGame,0.21073405793938077,0.16391882012961223,0.12935257077791257,False,IndividualPropertyAtom,Badge,0.19445776050708713,0.0796690798158251,0.1111111111111111,9,indirect,0.1255418221590696,,N/A
_:b122,BLockGame,0.21073404005798735,0.16391878669006757,0.12935257077791257,False,IndividualPropertyAtom,Badge,0.19445774620197243,0.0796690798158251,0.1111111111111111,9,indirect,0.1255418159005819,,N/A
_:b113,BLockGame,0.21073404005798735,0.16391878669006757,0.12935257077791257,False,IndividualPropertyAtom,Badge,0.19445774620197243,0.0796690798158251,0.1111111111111111,9,indirect,0.1255418159005819,,N/A
_:b142,BLockGame,0.21073401621612944,0.16391874210401255,0.12935257077791257,False,IndividualPropertyAtom,Badge,0.19445772712848608,0.0796690798158251,0.1111111111111111,9,indirect,0.1255418075559316,,N/A
_:b213,BLockGame,0.21073401621612944,0.16391874210401255,0.12935257077791257,False,IndividualPropertyAtom,Badge,0.19445772712848608,0.0796690798158251,0.1111111111111111,9,indirect,0.1255418075559316,,N/A
_:b131,BLockGame,0.21073401621612944,0.16391874210401255,0.12935257077791257,False,IndividualPropertyAtom,Badge,0.19445772712848608,0.0796690798158251,0.1111111111111111,9,indirect,0.1255418075559316,,N/A
_:b224,BLockGame,0.21073401621612944,0.16391874210401255,0.12935257077791257,False,IndividualPropertyAtom,Badge,0.19445772712848608,0.0796690798158251,0.1111111111111111,9,indirect,0.1255418075559316,,N/A
"has priority to either essential or bonus to be accessed by the learner.
This priority is decided by the teacher for the resource.",bonusPoints,0.0951168086058719,0.16005743946525816,0.0,False,unknown,BonusPoints,0.07609344688469753,0.14189130203804734,0.2,5,indirect,0.12552022933678594,,N/A
Tom,Tiny_stash,0.09483966127103088,0.16239527577869056,0.0415518252487452,False,Learner,Reward,0.08418209406657375,0.14189130203804734,0.2,5,indirect,0.12542322776959158,,N/A
Sofia,Tiny_stash,0.09483966127103088,0.16239527577869056,0.0415518252487452,False,Learner,Reward,0.08418209406657375,0.14189130203804734,0.2,5,indirect,0.12542322776959158,,N/A
BonusPoints,bonusPoints,0.09449489319444758,0.16030118443186928,0.0,False,Class,BonusPoints,0.07559591455555807,0.14189130203804734,0.2,5,indirect,0.1253025589427874,,N/A
Sara_12,Motrain,0.09409669572010852,0.15780885896157643,0.0,False,UserAccount,GameElementResource,0.07527735657608682,0.14189130203804734,0.2,5,indirect,0.12516318982676874,,N/A
leçon 9 du cours Programmation Orientée Objet,Tiny_stash,0.0940314869677881,0.1635859561789208,0.0415518252487452,False,unknown,Reward,0.08353555462397952,0.14189130203804734,0.2,5,indirect,0.1251403667634566,,N/A
lesson 9 for the course Object Oriented Programming,Tiny_stash,0.0940314869677881,0.1635859561789208,0.0415518252487452,False,unknown,Reward,0.08353555462397952,0.14189130203804734,0.2,5,indirect,0.1251403667634566,,N/A
lesson 5 for the course Object Oriented Programming,Tiny_stash,0.0940287195675156,0.16358787212437734,0.0415518252487452,False,unknown,Reward,0.08353334070376152,0.14189130203804734,0.2,5,indirect,0.12513939817336123,,N/A
leçon 5 du cours Programmation Orientée Objet,Tiny_stash,0.0940287195675156,0.16358787212437734,0.0415518252487452,False,unknown,Reward,0.08353334070376152,0.14189130203804734,0.2,5,indirect,0.12513939817336123,,N/A
LevelGE,Motrain,0.09386315943324681,0.1624425244721964,0.0,False,ReferenceKey,GameElementResource,0.07509052754659745,0.14189130203804734,0.2,5,indirect,0.12508145212636715,,N/A
_:b252,Tiny_stash,0.19109481798798428,0.14766156302363184,0.0415518252487452,False,ClassAtom,Reward,0.16118621944013647,0.08939130203804733,0.125,8,indirect,0.12498753262052527,,N/A
hasObjective,bonusPoints,0.13681555886012386,0.1380996237634404,0.0,False,TransitiveProperty,BonusPoints,0.10945244708809909,0.118557968704714,0.16666666666666666,6,indirect,0.12494812525910745,,N/A
_:b191,BLockGame,0.20896907825440075,0.1649030842056066,0.12935257077791257,False,IndividualPropertyAtom,Badge,0.19304577675910312,0.0796690798158251,0.1111111111111111,9,indirect,0.12492407926932658,,N/A
leçon 6 du cours Programmation Orientée Objet,Tiny_stash,0.09337287340899689,0.16374344083182565,0.0415518252487452,False,unknown,Reward,0.08300866377694655,0.14189130203804734,0.2,5,indirect,0.12490985201787969,,N/A
lesson 6 for the course Object Oriented Programming,Tiny_stash,0.09337287340899689,0.16374344083182565,0.0415518252487452,False,unknown,Reward,0.08300866377694655,0.14189130203804734,0.2,5,indirect,0.12490985201787969,,N/A
_:b180,BLockGame,0.20890349284343296,0.16495546106889622,0.12935257077791257,False,IndividualPropertyAtom,Badge,0.1929933084303289,0.0796690798158251,0.1111111111111111,9,indirect,0.12490112437548784,,N/A
_:b158,BLockGame,0.20890349284343296,0.16495546106889622,0.12935257077791257,False,IndividualPropertyAtom,Badge,0.1929933084303289,0.0796690798158251,0.1111111111111111,9,indirect,0.12490112437548784,,N/A
_:b169,BLockGame,0.20890349284343296,0.16495546106889622,0.12935257077791257,False,IndividualPropertyAtom,Badge,0.1929933084303289,0.0796690798158251,0.1111111111111111,9,indirect,0.12490112437548784,,N/A
_:b202,Tiny_stash,0.190658034991307,0.1478686389551842,0.0415518252487452,False,ClassAtom,Reward,0.16083679304279466,0.08939130203804733,0.125,8,indirect,0.12483465857168823,,N/A
_:b88,Tiny_stash,0.190658034991307,0.1478686389551842,0.0415518252487452,False,ClassAtom,Reward,0.16083679304279466,0.08939130203804733,0.125,8,indirect,0.12483465857168823,,N/A
_:b222,Tiny_stash,0.19065802307037807,0.14786861366496484,0.0415518252487452,False,ClassAtom,Reward,0.16083678350605152,0.08939130203804733,0.125,8,indirect,0.12483465439936309,,N/A
_:b129,Tiny_stash,0.19065802307037807,0.14786861366496484,0.0415518252487452,False,ClassAtom,Reward,0.16083678350605152,0.08939130203804733,0.125,8,indirect,0.12483465439936309,,N/A
_:b140,Tiny_stash,0.19065802307037807,0.14786861366496484,0.0415518252487452,False,ClassAtom,Reward,0.16083678350605152,0.08939130203804733,0.125,8,indirect,0.12483465439936309,,N/A
_:b211,Tiny_stash,0.19065802307037807,0.14786861366496484,0.0415518252487452,False,ClassAtom,Reward,0.16083678350605152,0.08939130203804733,0.125,8,indirect,0.12483465439936309,,N/A
_:b111,Tiny_stash,0.19065802307037807,0.14786861366496484,0.0415518252487452,False,ClassAtom,Reward,0.16083678350605152,0.08939130203804733,0.125,8,indirect,0.12483465439936309,,N/A
_:b120,Tiny_stash,0.19065802307037807,0.14786861366496484,0.0415518252487452,False,ClassAtom,Reward,0.16083678350605152,0.08939130203804733,0.125,8,indirect,0.12483465439936309,,N/A
_:b248,Tiny_stash,0.19065800518898463,0.14786857572963671,0.0415518252487452,False,ClassAtom,Reward,0.16083676920093676,0.08939130203804733,0.125,8,indirect,0.12483464814087539,,N/A
_:b278,Tiny_stash,0.19065800518898463,0.14786857572963671,0.0415518252487452,False,ClassAtom,Reward,0.16083676920093676,0.08939130203804733,0.125,8,indirect,0.12483464814087539,,N/A
_:b66,Tiny_stash,0.19065800518898463,0.14786857572963671,0.0415518252487452,False,ClassAtom,Reward,0.16083676920093676,0.08939130203804733,0.125,8,indirect,0.12483464814087539,,N/A
_:b267,Tiny_stash,0.19065800518898463,0.14786857572963671,0.0415518252487452,False,ClassAtom,Reward,0.16083676920093676,0.08939130203804733,0.125,8,indirect,0.12483464814087539,,N/A
_:b77,Tiny_stash,0.19065800518898463,0.14786857572963671,0.0415518252487452,False,ClassAtom,Reward,0.16083676920093676,0.08939130203804733,0.125,8,indirect,0.12483464814087539,,N/A
_:b90,Tiny_stash,0.19029756733896117,0.1480919559974837,0.0415518252487452,False,ClassAtom,Reward,0.160548418920918,0.08939130203804733,0.125,8,indirect,0.12470849489336717,,N/A
Adam_Phil,Motrain,0.09278209694139813,0.15785082761405803,0.0,False,UserAccount,GameElementResource,0.07422567755311851,0.14189130203804734,0.2,5,indirect,0.12470308025422011,,N/A
_:b8,Level_Up,0.1668618621764842,0.142331621982989,1.0,False,Class,Level,0.33348948974118736,0.10189130203804733,0.14285714285714285,7,indirect,0.12463099808650022,,N/A
_:b151,BLockGame,0.20778574862281127,0.16235536311781182,0.12935257077791257,False,IndividualPropertyAtom,Badge,0.19209911305383154,0.0796690798158251,0.1111111111111111,9,indirect,0.12450991389827026,,N/A
_:b216,BLockGame,0.20778572478095336,0.1623553175611044,0.12935257077791257,False,IndividualPropertyAtom,Badge,0.1920990939803452,0.0796690798158251,0.1111111111111111,9,indirect,0.12450990555361999,,N/A
_:b134,BLockGame,0.20778572478095336,0.1623553175611044,0.12935257077791257,False,IndividualPropertyAtom,Badge,0.1920990939803452,0.0796690798158251,0.1111111111111111,9,indirect,0.12450990555361999,,N/A
_:b145,BLockGame,0.20778572478095336,0.1623553175611044,0.12935257077791257,False,IndividualPropertyAtom,Badge,0.1920990939803452,0.0796690798158251,0.1111111111111111,9,indirect,0.12450990555361999,,N/A
_:b227,BLockGame,0.20778572478095336,0.1623553175611044,0.12935257077791257,False,IndividualPropertyAtom,Badge,0.1920990939803452,0.0796690798158251,0.1111111111111111,9,indirect,0.12450990555361999,,N/A
_:b273,bonusPoints,0.09215121308616789,0.16146408659410272,0.0,False,DatavaluedPropertyAtom,BonusPoints,0.07372097046893432,0.14189130203804734,0.2,5,indirect,0.12448227090488953,,N/A
lesson 8 for the course Object Oriented Programming,Tiny_stash,0.09206470180394571,0.16409272169608424,0.0415518252487452,False,unknown,Reward,0.08196212649290562,0.14189130203804734,0.2,5,indirect,0.12445199195611177,,N/A
leçon 8 du cours Programmation Orientée Objet,Tiny_stash,0.09206470180394571,0.16409272169608424,0.0415518252487452,False,unknown,Reward,0.08196212649290562,0.14189130203804734,0.2,5,indirect,0.12445199195611177,,N/A
ImageObject,Tiny_stash,0.20659736726116879,0.17482775538779846,0.0415518252487452,False,unknown,Reward,0.1735882588586841,0.0796690798158251,0.1111111111111111,9,indirect,0.1240939804216954,,N/A
Sensitive,Level_Up,0.1883664751338877,0.13079079336092836,1.0,False,Class,Level,0.3506931801071102,0.08939130203804733,0.125,8,indirect,0.12403261262159146,,N/A
Visual,Level_Up,0.1883664751338877,0.13079079336092836,1.0,False,Class,Level,0.3506931801071102,0.08939130203804733,0.125,8,indirect,0.12403261262159146,,N/A
SocialPoints,bonusPoints,0.09080209403979872,0.16222849626238467,0.0,False,Class,BonusPoints,0.07264167523183898,0.14189130203804734,0.2,5,indirect,0.12401007923866032,,N/A
ScorePoints,bonusPoints,0.09080209403979872,0.16222849626238467,0.0,False,Class,BonusPoints,0.07264167523183898,0.14189130203804734,0.2,5,indirect,0.12401007923866032,,N/A
leçon 7 du cours Programmation Orientée Objet,Tiny_stash,0.09076946262296706,0.1644871915830375,0.0415518252487452,False,unknown,Reward,0.08092593514812269,0.14189130203804734,0.2,5,indirect,0.12399865824276925,,N/A
lesson 7 for the course Object Oriented Programming,Tiny_stash,0.09076946262296706,0.1644871915830375,0.0415518252487452,False,unknown,Reward,0.08092593514812269,0.14189130203804734,0.2,5,indirect,0.12399865824276925,,N/A
_:b125,bonusPoints,0.09074450353837593,0.16217369033155826,0.0,False,DatavaluedPropertyAtom,BonusPoints,0.07259560283070075,0.14189130203804734,0.2,5,indirect,0.12398992256316235,,N/A
_:b116,bonusPoints,0.09074450353837593,0.16217369033155826,0.0,False,DatavaluedPropertyAtom,BonusPoints,0.07259560283070075,0.14189130203804734,0.2,5,indirect,0.12398992256316235,,N/A
_:b118,bonusPoints,0.09042092571917974,0.1624792577238048,0.0,False,AtomList,BonusPoints,0.0723367405753438,0.14189130203804734,0.2,5,indirect,0.12387667032644367,,N/A
_:b200,bonusPoints,0.09042092571917974,0.1624792577238048,0.0,False,AtomList,BonusPoints,0.0723367405753438,0.14189130203804734,0.2,5,indirect,0.12387667032644367,,N/A
_:b109,bonusPoints,0.09042092571917974,0.1624792577238048,0.0,False,AtomList,BonusPoints,0.0723367405753438,0.14189130203804734,0.2,5,indirect,0.12387667032644367,,N/A
_:b87,bonusPoints,0.09042090783778631,0.16247921779003505,0.0,False,AtomList,BonusPoints,0.07233672627022905,0.14189130203804734,0.2,5,indirect,0.12387666406795597,,N/A
_:b179,bonusPoints,0.09042090783778631,0.16247921779003505,0.0,False,AtomList,BonusPoints,0.07233672627022905,0.14189130203804734,0.2,5,indirect,0.12387666406795597,,N/A
_:b76,bonusPoints,0.09042090783778631,0.16247921779003505,0.0,False,AtomList,BonusPoints,0.07233672627022905,0.14189130203804734,0.2,5,indirect,0.12387666406795597,,N/A
_:b242,bonusPoints,0.09042090783778631,0.16247921779003505,0.0,False,AtomList,BonusPoints,0.07233672627022905,0.14189130203804734,0.2,5,indirect,0.12387666406795597,,N/A
_:b241,bonusPoints,0.09042090783778631,0.16247921779003505,0.0,False,AtomList,BonusPoints,0.07233672627022905,0.14189130203804734,0.2,5,indirect,0.12387666406795597,,N/A
_:b168,bonusPoints,0.09042090783778631,0.16247921779003505,0.0,False,AtomList,BonusPoints,0.07233672627022905,0.14189130203804734,0.2,5,indirect,0.12387666406795597,,N/A
_:b119,bonusPoints,0.09042090783778631,0.16247921779003505,0.0,False,AtomList,BonusPoints,0.07233672627022905,0.14189130203804734,0.2,5,indirect,0.12387666406795597,,N/A
_:b157,bonusPoints,0.09042090783778631,0.16247921779003505,0.0,False,AtomList,BonusPoints,0.07233672627022905,0.14189130203804734,0.2,5,indirect,0.12387666406795597,,N/A
_:b110,bonusPoints,0.09042090783778631,0.16247921779003505,0.0,False,AtomList,BonusPoints,0.07233672627022905,0.14189130203804734,0.2,5,indirect,0.12387666406795597,,N/A
_:b65,bonusPoints,0.09042090783778631,0.16247921779003505,0.0,False,AtomList,BonusPoints,0.07233672627022905,0.14189130203804734,0.2,5,indirect,0.12387666406795597,,N/A
_:b201,bonusPoints,0.09042090783778631,0.16247921779003505,0.0,False,AtomList,BonusPoints,0.07233672627022905,0.14189130203804734,0.2,5,indirect,0.12387666406795597,,N/A
_:b266,bonusPoints,0.09042090783778631,0.16247921779003505,0.0,False,AtomList,BonusPoints,0.07233672627022905,0.14189130203804734,0.2,5,indirect,0.12387666406795597,,N/A
_:b247,bonusPoints,0.09042090783778631,0.16247921779003505,0.0,False,AtomList,BonusPoints,0.07233672627022905,0.14189130203804734,0.2,5,indirect,0.12387666406795597,,N/A
_:b277,bonusPoints,0.09042090783778631,0.16247921779003505,0.0,False,AtomList,BonusPoints,0.07233672627022905,0.14189130203804734,0.2,5,indirect,0.12387666406795597,,N/A
_:b261,bonusPoints,0.09023281615231417,0.16253907578717905,0.0,False,List,BonusPoints,0.07218625292185134,0.14189130203804734,0.2,5,indirect,0.12381083197804073,,N/A
_:b197,bonusPoints,0.09023007631002684,0.1625405275420914,0.0,False,List,BonusPoints,0.07218406104802148,0.14189130203804734,0.2,5,indirect,0.12380987303324018,,N/A
_:b72,bonusPoints,0.0902296096141271,0.16254077483250742,0.0,False,List,BonusPoints,0.07218368769130168,0.14189130203804734,0.2,5,indirect,0.12380970968967525,,N/A
_:b284,bonusPoints,0.0902296096141271,0.16254077483250742,0.0,False,List,BonusPoints,0.07218368769130168,0.14189130203804734,0.2,5,indirect,0.12380970968967525,,N/A
_:b83,bonusPoints,0.0902296096141271,0.16254077483250742,0.0,False,List,BonusPoints,0.07218368769130168,0.14189130203804734,0.2,5,indirect,0.12380970968967525,,N/A
_:b232,bonusPoints,0.08977891869298169,0.16279901526144827,0.0,False,AtomList,BonusPoints,0.07182313495438535,0.14189130203804734,0.2,5,indirect,0.12365196786727436,,N/A
_:b236,bonusPoints,0.08977891869298169,0.16279901526144827,0.0,False,AtomList,BonusPoints,0.07182313495438535,0.14189130203804734,0.2,5,indirect,0.12365196786727436,,N/A
_:b231,bonusPoints,0.08977891869298169,0.16279901526144827,0.0,False,AtomList,BonusPoints,0.07182313495438535,0.14189130203804734,0.2,5,indirect,0.12365196786727436,,N/A
_:b190,bonusPoints,0.08977891869298169,0.16279901526144827,0.0,False,AtomList,BonusPoints,0.07182313495438535,0.14189130203804734,0.2,5,indirect,0.12365196786727436,,N/A
_:b237,bonusPoints,0.08977891869298169,0.16279901526144827,0.0,False,AtomList,BonusPoints,0.07182313495438535,0.14189130203804734,0.2,5,indirect,0.12365196786727436,,N/A
RFK_GE_TinyStash,Motrain,0.08931652520123239,0.15832941110893373,0.0,False,ReferenceKey,GameElementResource,0.07145322016098592,0.14189130203804734,0.2,5,indirect,0.12349013014516211,,N/A
ObjectOrientedProgramming,Motrain,0.16356715232388647,0.1977942257268576,0.0,False,onlineCourse,GameElementResource,0.13085372185910918,0.10189130203804733,0.14285714285714285,7,indirect,0.12347784963809103,,N/A
_:b144,bonusPoints,0.0890437404227197,0.163159529819926,0.0,False,ClassAtom,BonusPoints,0.07123499233817576,0.14189130203804734,0.2,5,indirect,0.12339465547268266,,N/A
_:b215,bonusPoints,0.0890437404227197,0.163159529819926,0.0,False,ClassAtom,BonusPoints,0.07123499233817576,0.14189130203804734,0.2,5,indirect,0.12339465547268266,,N/A
_:b226,bonusPoints,0.0890437404227197,0.163159529819926,0.0,False,ClassAtom,BonusPoints,0.07123499233817576,0.14189130203804734,0.2,5,indirect,0.12339465547268266,,N/A
_:b133,bonusPoints,0.0890437404227197,0.163159529819926,0.0,False,ClassAtom,BonusPoints,0.07123499233817576,0.14189130203804734,0.2,5,indirect,0.12339465547268266,,N/A
RFK_L3_R6,Motrain,0.0886637956713129,0.1584376373480755,0.0,False,ReferenceKey,GameElementResource,0.07093103653705032,0.14189130203804734,0.2,5,indirect,0.12326167480969029,,N/A
RFK_L4_R7,Motrain,0.08866355884380364,0.15843784452204038,0.0,False,ReferenceKey,GameElementResource,0.07093084707504292,0.14189130203804734,0.2,5,indirect,0.12326159192006204,,N/A
RF_GE_STash,Motrain,0.08865385136755666,0.1584452797032006,0.0,False,ReferenceKey,GameElementResource,0.07092308109404533,0.14189130203804734,0.2,5,indirect,0.1232581943033756,,N/A
RF_GE_BloackGame,Motrain,0.08865385136755666,0.1584452797032006,0.0,False,ReferenceKey,GameElementResource,0.07092308109404533,0.14189130203804734,0.2,5,indirect,0.1232581943033756,,N/A
ExperiencePointsLeaderboard,Stash,0.20396390306711085,0.14798387779689537,0.9172442572270822,False,Class,Reward,0.34661997389910515,0.0796690798158251,0.1111111111111111,9,indirect,0.12317226795377512,,N/A
_:b254,bonusPoints,0.08839537435452552,0.16381296423040645,0.0,False,IndividualPropertyAtom,BonusPoints,0.07071629948362042,0.14189130203804734,0.2,5,indirect,0.1231677273488147,,N/A
contains_forum_post,Tiny_stash,0.1626534485354985,0.16795000059411494,0.0415518252487452,False,unknown,Reward,0.13843312387814788,0.10189130203804733,0.14285714285714285,7,indirect,0.12315805331215524,,N/A
hasName,Level_Up,0.1626480494599658,0.15329803490626287,1.0,False,DatatypeProperty,Level,0.33011843956797265,0.10189130203804733,0.14285714285714285,7,indirect,0.1231561636357188,,N/A
ReferenceKey1,Motrain,0.08807136145517926,0.15822561555679496,0.0,False,ReferenceKey,GameElementResource,0.07045708916414341,0.14189130203804734,0.2,5,indirect,0.12305432283404351,,N/A
contain_resource,Level_Up,0.1623110140931125,0.15326109497868703,1.0,False,ObjectProperty,Level,0.32984881127449,0.10189130203804733,0.14285714285714285,7,indirect,0.12303820125732012,,N/A
isComposedOf,Level_Up,0.16231099621171907,0.1532610571807355,1.0,False,ObjectProperty,Level,0.3298487969693753,0.10189130203804733,0.14285714285714285,7,indirect,0.12303819499883244,,N/A
Experience,bonusPoints,0.1618386295581602,0.15449327204441812,0.0,False,Class,BonusPoints,0.12947090364652816,0.10189130203804733,0.14285714285714285,7,indirect,0.12287286667008683,,N/A
_:b274,bonusPoints,0.08702347733833043,0.16440818455971284,0.0,False,IndividualPropertyAtom,BonusPoints,0.06961878187066435,0.14189130203804734,0.2,5,indirect,0.12268756339314643,,N/A
_:b207,bonusPoints,0.08702347733833043,0.16440818455971284,0.0,False,IndividualPropertyAtom,BonusPoints,0.06961878187066435,0.14189130203804734,0.2,5,indirect,0.12268756339314643,,N/A
ExperiencePoints,Stash,0.20256619604493503,0.14869817968733665,0.9172442572270822,False,Class,Reward,0.34550180828136445,0.0796690798158251,0.1111111111111111,9,indirect,0.12268307049601357,,N/A
ImageObject,Stash,0.216911184503166,0.1254687388577704,0.9172442572270822,False,unknown,Reward,0.35697779904794924,0.07189130203804733,0.1,10,indirect,0.12264826090083886,,N/A
RFK_L2_R7,Motrain,0.08667844358892463,0.15886716421815525,0.0,False,ReferenceKey,GameElementResource,0.06934275487113971,0.14189130203804734,0.2,5,indirect,0.1225668015808544,,N/A
ExperiencePoints,bonusPoints,0.08667755296968528,0.16454089503451483,0.0,False,Class,BonusPoints,0.06934204237574823,0.14189130203804734,0.2,5,indirect,0.12256648986412062,,N/A
CompositeResource,Stash,0.2022082888813029,0.13087225567735933,0.9172442572270822,False,unknown,Reward,0.34521548255045875,0.0796690798158251,0.1111111111111111,9,indirect,0.12255780298874233,,N/A
_:b103,bonusPoints,0.08660608406714093,0.16457573930176775,0.0,False,AtomList,BonusPoints,0.06928486725371275,0.14189130203804734,0.2,5,indirect,0.1225414757482301,,N/A
_:b259,bonusPoints,0.08660517492989925,0.1645762138950025,0.0,False,AtomList,BonusPoints,0.0692841399439194,0.14189130203804734,0.2,5,indirect,0.12254115755019551,,N/A
_:b272,bonusPoints,0.08659187793354833,0.1645831558110403,0.0,False,AtomList,BonusPoints,0.06927350234683867,0.14189130203804734,0.2,5,indirect,0.1225365036014727,,N/A
_:b194,bonusPoints,0.08657698970709916,0.1645909296508851,0.0,False,AtomList,BonusPoints,0.06926159176567934,0.14189130203804734,0.2,5,indirect,0.12253129272221548,,N/A
_:b205,bonusPoints,0.0865724500810893,0.16459330025318172,0.0,False,AtomList,BonusPoints,0.06925796006487143,0.14189130203804734,0.2,5,indirect,0.12252970385311203,,N/A
_:b270,bonusPoints,0.0865724500810893,0.16459330025318172,0.0,False,AtomList,BonusPoints,0.06925796006487143,0.14189130203804734,0.2,5,indirect,0.12252970385311203,,N/A
_:b80,bonusPoints,0.0865724500810893,0.16459330025318172,0.0,False,AtomList,BonusPoints,0.06925796006487143,0.14189130203804734,0.2,5,indirect,0.12252970385311203,,N/A
_:b281,bonusPoints,0.0865724500810893,0.16459330025318172,0.0,False,AtomList,BonusPoints,0.06925796006487143,0.14189130203804734,0.2,5,indirect,0.12252970385311203,,N/A
_:b172,bonusPoints,0.0865724500810893,0.16459330025318172,0.0,False,AtomList,BonusPoints,0.06925796006487143,0.14189130203804734,0.2,5,indirect,0.12252970385311203,,N/A
_:b114,bonusPoints,0.0865724500810893,0.16459330025318172,0.0,False,AtomList,BonusPoints,0.06925796006487143,0.14189130203804734,0.2,5,indirect,0.12252970385311203,,N/A
_:b69,bonusPoints,0.0865724500810893,0.16459330025318172,0.0,False,AtomList,BonusPoints,0.06925796006487143,0.14189130203804734,0.2,5,indirect,0.12252970385311203,,N/A
_:b161,bonusPoints,0.0865724500810893,0.16459330025318172,0.0,False,AtomList,BonusPoints,0.06925796006487143,0.14189130203804734,0.2,5,indirect,0.12252970385311203,,N/A
_:b123,bonusPoints,0.0865724500810893,0.16459330025318172,0.0,False,AtomList,BonusPoints,0.06925796006487143,0.14189130203804734,0.2,5,indirect,0.12252970385311203,,N/A
_:b183,bonusPoints,0.0865724500810893,0.16459330025318172,0.0,False,AtomList,BonusPoints,0.06925796006487143,0.14189130203804734,0.2,5,indirect,0.12252970385311203,,N/A
_:b251,bonusPoints,0.0865724500810893,0.16459330025318172,0.0,False,AtomList,BonusPoints,0.06925796006487143,0.14189130203804734,0.2,5,indirect,0.12252970385311203,,N/A
_:b34,bonusPoints,0.08616208426774591,0.16473932825741205,0.0,False,unknown,BonusPoints,0.06892966741419673,0.14189130203804734,0.2,5,indirect,0.12238607581844184,,N/A
_:b40,bonusPoints,0.08615753746604124,0.16474175772877017,0.0,False,unknown,BonusPoints,0.068926029972833,0.14189130203804734,0.2,5,indirect,0.1223844844378452,,N/A
_:b46,bonusPoints,0.08615560496900726,0.16474279034706907,0.0,False,unknown,BonusPoints,0.06892448397520581,0.14189130203804734,0.2,5,indirect,0.12238380806388331,,N/A
_:b51,bonusPoints,0.08615478333045459,0.16474322939127836,0.0,False,unknown,BonusPoints,0.06892382666436368,0.14189130203804734,0.2,5,indirect,0.12238352049038988,,N/A
_:b54,bonusPoints,0.08611515507573068,0.16476442595779334,0.0,False,unknown,BonusPoints,0.06889212406058455,0.14189130203804734,0.2,5,indirect,0.12236965060123652,,N/A
_:b20,bonusPoints,0.08611515507573068,0.16476442595779334,0.0,False,unknown,BonusPoints,0.06889212406058455,0.14189130203804734,0.2,5,indirect,0.12236965060123652,,N/A
_:b43,bonusPoints,0.08605065877325568,0.1647989164934358,0.0,False,unknown,BonusPoints,0.06884052701860455,0.14189130203804734,0.2,5,indirect,0.12234707689537026,,N/A
_:b106,bonusPoints,0.08604675056183737,0.16480102375303812,0.0,False,unknown,BonusPoints,0.0688374004494699,0.14189130203804734,0.2,5,indirect,0.12234570902137384,,N/A
_:b175,bonusPoints,0.0860442775085188,0.16480234679073716,0.0,False,unknown,BonusPoints,0.06883542200681504,0.14189130203804734,0.2,5,indirect,0.12234484345271235,,N/A
_:b186,bonusPoints,0.0860442775085188,0.16480234679073716,0.0,False,unknown,BonusPoints,0.06883542200681504,0.14189130203804734,0.2,5,indirect,0.12234484345271235,,N/A
_:b164,bonusPoints,0.0860442775085188,0.16480234679073716,0.0,False,unknown,BonusPoints,0.06883542200681504,0.14189130203804734,0.2,5,indirect,0.12234484345271235,,N/A
_:b112,bonusPoints,0.08586028100835019,0.16502759537135417,0.0,False,AtomList,BonusPoints,0.06868822480668016,0.14189130203804734,0.2,5,indirect,0.12228044467765334,,N/A
_:b121,bonusPoints,0.08586028100835019,0.16502759537135417,0.0,False,AtomList,BonusPoints,0.06868822480668016,0.14189130203804734,0.2,5,indirect,0.12228044467765334,,N/A
_:b257,Stash,0.18304076925737653,0.15095451753190184,0.9172442572270822,False,AtomList,Reward,0.3298814668513177,0.08939130203804733,0.125,8,indirect,0.12216861556481255,,N/A
_:b28,bonusPoints,0.08550612083454154,0.16514204369304147,0.0,False,unknown,BonusPoints,0.06840489666763323,0.14189130203804734,0.2,5,indirect,0.12215648861682031,,N/A
_:b96,Stash,0.2272883049884083,0.1517833021960744,0.9172442572270822,False,ClassAtom,Reward,0.36527949543614313,0.06552766567441097,0.09090909090909091,11,indirect,0.12214388943431004,,N/A
_:b22,bonusPoints,0.08543097288589113,0.16518174583913547,0.0,False,unknown,BonusPoints,0.06834477830871291,0.14189130203804734,0.2,5,indirect,0.12213018683479267,,N/A
_:b24,Level_Up,0.15917591688082836,0.1454993092833392,1.0,False,Class,Level,0.3273407335046627,0.10189130203804733,0.14285714285714285,7,indirect,0.12194091723302068,,N/A
BehaviouralObjective,bonusPoints,0.12817714683500125,0.142110159639218,0.0,False,Class,BonusPoints,0.102541717468001,0.118557968704714,0.16666666666666666,6,indirect,0.12192468105031454,,N/A
_:b30,Level_Up,0.15901547909041963,0.14558080664390396,1.0,False,Class,Level,0.3272123832723357,0.10189130203804733,0.14285714285714285,7,indirect,0.12188476400637763,,N/A
gel,bonusPoints,0.127702710592665,0.1436792754914377,0.0,False,Variable,BonusPoints,0.10216216847413201,0.118557968704714,0.16666666666666666,6,indirect,0.12175862836549683,,N/A
_:b94,BLockGame,0.2142823936702723,0.16462063628988063,0.12935257077791257,False,IndividualPropertyAtom,Badge,0.19729642909180034,0.07189130203804733,0.1,10,indirect,0.12172818410932607,,N/A
_:b101,Stash,0.18172336530299663,0.15190584926370573,0.9172442572270822,False,AtomList,Reward,0.32882754368781375,0.08939130203804733,0.125,8,indirect,0.12170752418077958,,N/A
_:b98,Stash,0.22596865449465392,0.15261126594642077,0.9172442572270822,False,ClassAtom,Reward,0.36422377504113956,0.06552766567441097,0.09090909090909091,11,indirect,0.12168201176149601,,N/A
RFK_L4_R3,Motrain,0.08405670946797561,0.15961552685092018,0.0,False,ReferenceKey,GameElementResource,0.06724536757438049,0.14189130203804734,0.2,5,indirect,0.12164919463852224,,N/A
RFK_L1_R3,Motrain,0.0840422970336479,0.15962586515270444,0.0,False,ReferenceKey,GameElementResource,0.06723383762691833,0.14189130203804734,0.2,5,indirect,0.12164415028650755,,N/A
RFK_L1_R4,Motrain,0.08403702733413566,0.15962967230801683,0.0,False,ReferenceKey,GameElementResource,0.06722962186730853,0.14189130203804734,0.2,5,indirect,0.12164230589167825,,N/A
RFK_L1_R5,Motrain,0.08402468476393322,0.1596385690813719,0.0,False,ReferenceKey,GameElementResource,0.06721974781114658,0.14189130203804734,0.2,5,indirect,0.1216379859921074,,N/A
_:b270,Stash,0.1814743403006597,0.15197956556477613,0.9172442572270822,False,AtomList,Reward,0.3286283236859442,0.08939130203804733,0.125,8,indirect,0.12162036542996166,,N/A
_:b192,Stash,0.18144556270635648,0.15188836502619724,0.9172442572270822,False,AtomList,Reward,0.3286053016105016,0.08939130203804733,0.125,8,indirect,0.12161029327195554,,N/A
ScorePointsLeaderboard,Level_Up,0.15819838604331088,0.14604995717964786,1.0,False,Class,Level,0.3265587088346487,0.10189130203804733,0.14285714285714285,7,indirect,0.12159878143988956,,N/A
_:b121,Stash,0.1813661551756331,0.15191234072861268,0.9172442572270822,False,AtomList,Reward,0.3285417755859229,0.08939130203804733,0.125,8,indirect,0.12158250063620235,,N/A
_:b203,Stash,0.1813661551756331,0.15191234072861268,0.9172442572270822,False,AtomList,Reward,0.3285417755859229,0.08939130203804733,0.125,8,indirect,0.12158250063620235,,N/A
_:b112,Stash,0.1813661551756331,0.15191234072861268,0.9172442572270822,False,AtomList,Reward,0.3285417755859229,0.08939130203804733,0.125,8,indirect,0.12158250063620235,,N/A
_:b78,Stash,0.1813661551756331,0.15191234072861268,0.9172442572270822,False,AtomList,Reward,0.3285417755859229,0.08939130203804733,0.125,8,indirect,0.12158250063620235,,N/A
_:b130,Stash,0.1813661551756331,0.15191234072861268,0.9172442572270822,False,AtomList,Reward,0.3285417755859229,0.08939130203804733,0.125,8,indirect,0.12158250063620235,,N/A
_:b141,Stash,0.1813661551756331,0.15191234072861268,0.9172442572270822,False,AtomList,Reward,0.3285417755859229,0.08939130203804733,0.125,8,indirect,0.12158250063620235,,N/A
_:b212,Stash,0.1813661551756331,0.15191234072861268,0.9172442572270822,False,AtomList,Reward,0.3285417755859229,0.08939130203804733,0.125,8,indirect,0.12158250063620235,,N/A
_:b170,Stash,0.1813661551756331,0.15191234072861268,0.9172442572270822,False,AtomList,Reward,0.3285417755859229,0.08939130203804733,0.125,8,indirect,0.12158250063620235,,N/A
_:b181,Stash,0.1813661551756331,0.15191234072861268,0.9172442572270822,False,AtomList,Reward,0.3285417755859229,0.08939130203804733,0.125,8,indirect,0.12158250063620235,,N/A
_:b159,Stash,0.1813661551756331,0.15191234072861268,0.9172442572270822,False,AtomList,Reward,0.3285417755859229,0.08939130203804733,0.125,8,indirect,0.12158250063620235,,N/A
_:b67,Stash,0.1813661551756331,0.15191234072861268,0.9172442572270822,False,AtomList,Reward,0.3285417755859229,0.08939130203804733,0.125,8,indirect,0.12158250063620235,,N/A
_:b279,Stash,0.1813661551756331,0.15191234072861268,0.9172442572270822,False,AtomList,Reward,0.3285417755859229,0.08939130203804733,0.125,8,indirect,0.12158250063620235,,N/A
_:b223,Stash,0.1813661551756331,0.15191234072861268,0.9172442572270822,False,AtomList,Reward,0.3285417755859229,0.08939130203804733,0.125,8,indirect,0.12158250063620235,,N/A
Stash,Motrain,0.1271927908282235,0.17575681097743157,0.0,False,Reward,GameElementResource,0.1017542326625788,0.118557968704714,0.16666666666666666,6,indirect,0.12158015644794232,,N/A
_:b12,Level_Up,0.15778880454516803,0.14624305057569142,1.0,False,Class,Level,0.3262310436361344,0.10189130203804733,0.14285714285714285,7,indirect,0.12145542791553957,,N/A
_:b2,Level_Up,0.15778880454516803,0.14624305057569142,1.0,False,Class,Level,0.3262310436361344,0.10189130203804733,0.14285714285714285,7,indirect,0.12145542791553957,,N/A
RFK_L4_R2,Motrain,0.08338364880089394,0.15984971344125232,0.0,False,ReferenceKey,GameElementResource,0.06670691904071516,0.14189130203804734,0.2,5,indirect,0.12141362340504365,,N/A
RFK_L4_R1,Motrain,0.08338091172166648,0.15985165411356392,0.0,False,ReferenceKey,GameElementResource,0.06670472937733318,0.14189130203804734,0.2,5,indirect,0.12141266542731403,,N/A
RFK_L3_R5,Motrain,0.08338013760641101,0.159852211032006,0.0,False,ReferenceKey,GameElementResource,0.06670411008512882,0.14189130203804734,0.2,5,indirect,0.12141239448697463,,N/A
RFK_L3_R4,Motrain,0.08337979109371263,0.15985242248678658,0.0,False,ReferenceKey,GameElementResource,0.0667038328749701,0.14189130203804734,0.2,5,indirect,0.12141227320753019,,N/A
RFK_L3_R3,Motrain,0.08337967404729342,0.15985254463203497,0.0,False,ReferenceKey,GameElementResource,0.06670373923783474,0.14189130203804734,0.2,5,indirect,0.12141223224128347,,N/A
RFK_L3_R2,Motrain,0.083379608359511,0.15985258471744448,0.0,False,ReferenceKey,GameElementResource,0.0667036866876088,0.14189130203804734,0.2,5,indirect,0.12141220925055962,,N/A
RFK_L3_R1,Motrain,0.08337958161714148,0.15985260103676488,0.0,False,ReferenceKey,GameElementResource,0.06670366529371319,0.14189130203804734,0.2,5,indirect,0.1214121998907303,,N/A
RFK_L2_R6,Motrain,0.08337910034722089,0.15985294544863032,0.0,False,ReferenceKey,GameElementResource,0.06670328027777671,0.14189130203804734,0.2,5,indirect,0.12141203144625809,,N/A
RFK_L2_R5,Motrain,0.08337889341628432,0.15985308863472236,0.0,False,ReferenceKey,GameElementResource,0.06670311473302747,0.14189130203804734,0.2,5,indirect,0.12141195902043028,,N/A
RFK_L2_R4,Motrain,0.0833788032246949,0.15985314367439554,0.0,False,ReferenceKey,GameElementResource,0.06670304257975593,0.14189130203804734,0.2,5,indirect,0.12141192745337398,,N/A
RFK_L2_R3,Motrain,0.08337876504195207,0.15985316697555677,0.0,False,ReferenceKey,GameElementResource,0.06670301203356166,0.14189130203804734,0.2,5,indirect,0.121411914089414,,N/A
RFK_L2_R2,Motrain,0.08337874888577755,0.1598531768349286,0.0,False,ReferenceKey,GameElementResource,0.06670299910862204,0.14189130203804734,0.2,5,indirect,0.12141190843475291,,N/A
RFK_L1_R2,Motrain,0.0833778762092928,0.15985379392687307,0.0,False,ReferenceKey,GameElementResource,0.06670230096743424,0.14189130203804734,0.2,5,indirect,0.12141160299798325,,N/A
_:b36,Level_Up,0.15761408530480253,0.1464160414701344,1.0,False,Class,Level,0.32609126824384205,0.10189130203804733,0.14285714285714285,7,indirect,0.12139427618141164,,N/A
_:b42,Level_Up,0.15758516628684807,0.14643032271472842,1.0,False,Class,Level,0.32606813302947846,0.10189130203804733,0.14285714285714285,7,indirect,0.12138415452512759,,N/A
Experience,BLockGame,0.21318271965440316,0.14187488285217226,0.12935257077791257,False,Class,Badge,0.19641668987910504,0.07189130203804733,0.1,10,indirect,0.12134329820377188,,N/A
RFK_L4_R5,Motrain,0.08277463271411639,0.16005222899810284,0.0,False,ReferenceKey,GameElementResource,0.06621970617129312,0.14189130203804734,0.2,5,indirect,0.12120046777467151,,N/A
RFK_L4_R4,Motrain,0.08273853142493161,0.16007762698202915,0.0,False,ReferenceKey,GameElementResource,0.06619082513994529,0.14189130203804734,0.2,5,indirect,0.12118783232345684,,N/A
topic,Level_Up,0.1568808157758464,0.15233992574857175,1.0,False,AnnotationProperty,Level,0.3255046526206771,0.10189130203804733,0.14285714285714285,7,indirect,0.12113763184627699,,N/A
content,Level_Up,0.15688079789445297,0.152339888141219,1.0,False,AnnotationProperty,Level,0.3255046383155624,0.10189130203804733,0.14285714285714285,7,indirect,0.1211376255877893,,N/A
pageEnd,Level_Up,0.15688079789445297,0.152339888141219,1.0,False,AnnotationProperty,Level,0.3255046383155624,0.10189130203804733,0.14285714285714285,7,indirect,0.1211376255877893,,N/A
content_encoded,Level_Up,0.15688079789445297,0.152339888141219,1.0,False,AnnotationProperty,Level,0.3255046383155624,0.10189130203804733,0.14285714285714285,7,indirect,0.1211376255877893,,N/A
section,Level_Up,0.1568807919339885,0.15233987560543502,1.0,False,AnnotationProperty,Level,0.32550463354719084,0.10189130203804733,0.14285714285714285,7,indirect,0.12113762350162674,,N/A
pages,Level_Up,0.1568807919339885,0.15233987560543502,1.0,False,AnnotationProperty,Level,0.32550463354719084,0.10189130203804733,0.14285714285714285,7,indirect,0.12113762350162674,,N/A
SocialPoints,Level_Up,0.1568217613797582,0.1468986255391299,1.0,False,Class,Level,0.3254574091038066,0.10189130203804733,0.14285714285714285,7,indirect,0.12111696280764614,,N/A
ScorePoints,Level_Up,0.1568217613797582,0.1468986255391299,1.0,False,Class,Level,0.3254574091038066,0.10189130203804733,0.14285714285714285,7,indirect,0.12111696280764614,,N/A
_:b219,BLockGame,0.19781686047731398,0.15102144805652493,0.12935257077791257,False,Imp,Badge,0.18412400253743372,0.0796690798158251,0.1111111111111111,9,indirect,0.12102080304734619,,N/A
_:b126,BLockGame,0.19781686047731398,0.15102144805652493,0.12935257077791257,False,Imp,Badge,0.18412400253743372,0.0796690798158251,0.1111111111111111,9,indirect,0.12102080304734619,,N/A
_:b137,BLockGame,0.19781686047731398,0.15102144805652493,0.12935257077791257,False,Imp,Badge,0.18412400253743372,0.0796690798158251,0.1111111111111111,9,indirect,0.12102080304734619,,N/A
_:b208,BLockGame,0.19781686047731398,0.15102144805652493,0.12935257077791257,False,Imp,Badge,0.18412400253743372,0.0796690798158251,0.1111111111111111,9,indirect,0.12102080304734619,,N/A
RFK_L1_R1,Motrain,0.08212721594349634,0.16029576091447026,0.0,False,ReferenceKey,GameElementResource,0.06570177275479708,0.14189130203804734,0.2,5,indirect,0.12097387190495448,,N/A
RFK_L2_R1,Motrain,0.08212702781933572,0.1602959068745157,0.0,False,ReferenceKey,GameElementResource,0.06570162225546858,0.14189130203804734,0.2,5,indirect,0.12097380606149827,,N/A
_:b92,BLockGame,0.2115644460512518,0.16247620531792514,0.12935257077791257,False,IndividualPropertyAtom,Badge,0.19512207099658396,0.07189130203804733,0.1,10,indirect,0.1207769024426689,,N/A
RFK_L4_R6,Motrain,0.08152888067131726,0.16051939331781023,0.0,False,ReferenceKey,GameElementResource,0.06522310453705381,0.14189130203804734,0.2,5,indirect,0.12076445455969181,,N/A
contains_forum_post,Stash,0.19655654478258694,0.15006749479265974,0.9172442572270822,False,unknown,Reward,0.340694087271486,0.0796690798158251,0.1111111111111111,9,indirect,0.12057969255419174,,N/A
CompositeResource,Tiny_stash,0.17740127848694034,0.14854203637883512,0.0415518252487452,False,unknown,Reward,0.15023138783930134,0.08939130203804733,0.125,8,indirect,0.12019479379515989,,N/A
has_bag,Stash,0.19516965415246887,0.14702230145321296,0.9172442572270822,False,unknown,Reward,0.33958457476739157,0.0796690798158251,0.1111111111111111,9,indirect,0.12009428083365042,,N/A
_:b31,Stash,0.1950147752483135,0.14771167900808682,0.9172442572270822,False,unknown,Reward,0.33946067164406724,0.0796690798158251,0.1111111111111111,9,indirect,0.12004007321719604,,N/A
_:b269,BLockGame,0.20944398814945822,0.16105935685571307,0.12935257077791257,False,IndividualPropertyAtom,Badge,0.19342570467514908,0.07189130203804733,0.1,10,indirect,0.12003474217704113,,N/A
_:b189,Stash,0.1939049972148898,0.14126821494642977,0.9172442572270822,False,AtomList,Reward,0.33857284921732833,0.0796690798158251,0.1111111111111111,9,indirect,0.11965165090549773,,N/A
_:b265,Stash,0.19371958715530394,0.141350837738232,0.9172442572270822,False,AtomList,Reward,0.3384245211696596,0.0796690798158251,0.1111111111111111,9,indirect,0.1195867573846427,,N/A
_:b156,Stash,0.19371958715530394,0.141350837738232,0.9172442572270822,False,AtomList,Reward,0.3384245211696596,0.0796690798158251,0.1111111111111111,9,indirect,0.1195867573846427,,N/A
_:b178,Stash,0.19371958715530394,0.141350837738232,0.9172442572270822,False,AtomList,Reward,0.3384245211696596,0.0796690798158251,0.1111111111111111,9,indirect,0.1195867573846427,,N/A
_:b109,Stash,0.19371958715530394,0.141350837738232,0.9172442572270822,False,AtomList,Reward,0.3384245211696596,0.0796690798158251,0.1111111111111111,9,indirect,0.1195867573846427,,N/A
_:b276,Stash,0.19371958715530394,0.141350837738232,0.9172442572270822,False,AtomList,Reward,0.3384245211696596,0.0796690798158251,0.1111111111111111,9,indirect,0.1195867573846427,,N/A
_:b220,Stash,0.19371958715530394,0.141350837738232,0.9172442572270822,False,AtomList,Reward,0.3384245211696596,0.0796690798158251,0.1111111111111111,9,indirect,0.1195867573846427,,N/A
_:b209,Stash,0.19371958715530394,0.141350837738232,0.9172442572270822,False,AtomList,Reward,0.3384245211696596,0.0796690798158251,0.1111111111111111,9,indirect,0.1195867573846427,,N/A
_:b200,Stash,0.19371958715530394,0.141350837738232,0.9172442572270822,False,AtomList,Reward,0.3384245211696596,0.0796690798158251,0.1111111111111111,9,indirect,0.1195867573846427,,N/A
_:b127,Stash,0.19371958715530394,0.141350837738232,0.9172442572270822,False,AtomList,Reward,0.3384245211696596,0.0796690798158251,0.1111111111111111,9,indirect,0.1195867573846427,,N/A
_:b167,Stash,0.19371958715530394,0.141350837738232,0.9172442572270822,False,AtomList,Reward,0.3384245211696596,0.0796690798158251,0.1111111111111111,9,indirect,0.1195867573846427,,N/A
_:b86,Stash,0.19371958715530394,0.141350837738232,0.9172442572270822,False,AtomList,Reward,0.3384245211696596,0.0796690798158251,0.1111111111111111,9,indirect,0.1195867573846427,,N/A
_:b118,Stash,0.19371958715530394,0.141350837738232,0.9172442572270822,False,AtomList,Reward,0.3384245211696596,0.0796690798158251,0.1111111111111111,9,indirect,0.1195867573846427,,N/A
_:b246,Stash,0.19371958715530394,0.141350837738232,0.9172442572270822,False,AtomList,Reward,0.3384245211696596,0.0796690798158251,0.1111111111111111,9,indirect,0.1195867573846427,,N/A
_:b138,Stash,0.19371958715530394,0.141350837738232,0.9172442572270822,False,AtomList,Reward,0.3384245211696596,0.0796690798158251,0.1111111111111111,9,indirect,0.1195867573846427,,N/A
_:b75,Stash,0.19371958715530394,0.141350837738232,0.9172442572270822,False,AtomList,Reward,0.3384245211696596,0.0796690798158251,0.1111111111111111,9,indirect,0.1195867573846427,,N/A
_:b64,Stash,0.19371958715530394,0.141350837738232,0.9172442572270822,False,AtomList,Reward,0.3384245211696596,0.0796690798158251,0.1111111111111111,9,indirect,0.1195867573846427,,N/A
Array_of_instances,Motrain,0.12118012349493801,0.1676273625697372,0.0,False,Resource,GameElementResource,0.09694409879595041,0.118557968704714,0.16666666666666666,6,indirect,0.1194757228812924,,N/A
_:b96,Tiny_stash,0.1918407542662294,0.14726824989558024,0.0415518252487452,False,ClassAtom,Reward,0.16178296846273257,0.0796690798158251,0.1111111111111111,9,indirect,0.11892916587346661,,N/A
has_PlayingStyle,bonusPoints,0.11927412323333135,0.15051948255219194,0.0,False,DatatypeProperty,BonusPoints,0.09541929858666509,0.118557968704714,0.16666666666666666,6,indirect,0.11880862278973006,,N/A
depiction,Level_Up,0.15013334138551498,0.15262316878829962,1.0,False,unknown,Level,0.320106673108412,0.10189130203804733,0.14285714285714285,7,indirect,0.118776015809661,,N/A
_:b98,Tiny_stash,0.19118415736279212,0.147619315312915,0.0415518252487452,False,ClassAtom,Reward,0.16125769093998277,0.0796690798158251,0.1111111111111111,9,indirect,0.11869935695726355,,N/A
_:b97,Tiny_stash,0.17166120299143053,0.1615991568024632,0.0415518252487452,False,AtomList,Reward,0.14563932744289348,0.08939130203804733,0.125,8,indirect,0.11818576737173145,,N/A
Participation,bonusPoints,0.11713874242627076,0.14867202634452426,0.0,False,NamedIndividual,BonusPoints,0.09371099394101662,0.118557968704714,0.16666666666666666,6,indirect,0.11806123950725886,,N/A
_:b89,Tiny_stash,0.17056179135790717,0.16211856492019514,0.0415518252487452,False,AtomList,Reward,0.14475979813607479,0.08939130203804733,0.125,8,indirect,0.11780097329999828,,N/A
_:b284,BLockGame,0.14710131701521043,0.16672459216755944,0.12935257077791257,False,List,Badge,0.14355156776775085,0.10189130203804733,0.14285714285714285,7,indirect,0.1177148072800544,,N/A
_:b83,BLockGame,0.14710131701521043,0.16672459216755944,0.12935257077791257,False,List,Badge,0.14355156776775085,0.10189130203804733,0.14285714285714285,7,indirect,0.1177148072800544,,N/A
_:b251,Tiny_stash,0.17015189283882745,0.16242113352763501,0.0415518252487452,False,AtomList,Reward,0.14443187932081103,0.08939130203804733,0.125,8,indirect,0.11765750881832038,,N/A
_:b174,BLockGame,0.1469253026535554,0.1767017936200941,0.12935257077791257,False,unknown,Badge,0.14341075627842687,0.10189130203804733,0.14285714285714285,7,indirect,0.11765320225347516,,N/A
_:b163,BLockGame,0.1469253026535554,0.1767017936200941,0.12935257077791257,False,unknown,Badge,0.14341075627842687,0.10189130203804733,0.14285714285714285,7,indirect,0.11765320225347516,,N/A
_:b261,BLockGame,0.14577843088275252,0.16737941389955494,0.12935257077791257,False,List,Badge,0.14249325886178454,0.10189130203804733,0.14285714285714285,7,indirect,0.11725179713369414,,N/A
_:b197,BLockGame,0.14576950423482618,0.16738438555639443,0.12935257077791257,False,List,Badge,0.14248611754344348,0.10189130203804733,0.14285714285714285,7,indirect,0.11724867280691992,,N/A
_:b70,BLockGame,0.1457169209060903,0.16741404539387478,0.12935257077791257,False,BuiltinAtom,Badge,0.14244405088045475,0.10189130203804733,0.14285714285714285,7,indirect,0.11723026864186237,,N/A
Arithmetic_operations,Motrain,0.11421952417552142,0.1675284610327055,0.0,False,Resource,GameElementResource,0.09137561934041714,0.118557968704714,0.16666666666666666,6,indirect,0.11703951311949659,,N/A
_:b25,Tiny_stash,0.16826464374983385,0.15807596752250305,0.0415518252487452,False,unknown,Reward,0.14292208004961615,0.08939130203804733,0.125,8,indirect,0.11699697163717263,,N/A
_:b23,Tiny_stash,0.16799608192661944,0.1582591127769196,0.0415518252487452,False,unknown,Reward,0.14270723059104462,0.08939130203804733,0.125,8,indirect,0.11690297499904757,,N/A
hasName,Stash,0.1447055786465749,0.15529840660656863,0.9172442572270822,False,DatatypeProperty,Reward,0.2992133143626764,0.10189130203804733,0.14285714285714285,7,indirect,0.11687629885103198,,N/A
Expert,bonusPoints,0.11366294072203978,0.150324858351595,0.0,False,GamificationExperience,BonusPoints,0.09093035257763182,0.118557968704714,0.16666666666666666,6,indirect,0.11684470891077803,,N/A
Classes_and_Objects,Motrain,0.14454962834298277,0.1984638590715717,0.0,False,Lesson,GameElementResource,0.11563970267438622,0.10189130203804733,0.14285714285714285,7,indirect,0.11682171624477472,,N/A
Inheritance,Motrain,0.14449306411316565,0.19845439512541696,0.0,False,Lesson,GameElementResource,0.11559445129053253,0.10189130203804733,0.14285714285714285,7,indirect,0.11680191876433874,,N/A
Beginner,bonusPoints,0.11346366624532875,0.1504250722907781,0.0,False,GamificationExperience,BonusPoints,0.090770932996263,0.118557968704714,0.16666666666666666,6,indirect,0.11677496284392916,,N/A
contain_resource,Stash,0.14438226009230146,0.1552401103422045,0.9172442572270822,False,ObjectProperty,Reward,0.2989546595192576,0.10189130203804733,0.14285714285714285,7,indirect,0.11676313735703628,,N/A
isComposedOf,Stash,0.14438223625044355,0.15524006094385995,0.9172442572270822,False,ObjectProperty,Reward,0.2989546404457713,0.10189130203804733,0.14285714285714285,7,indirect,0.116763129012386,,N/A
Knowledge,bonusPoints,0.14386165265909828,0.13564113094997593,0.0,False,Class,BonusPoints,0.11508932212727863,0.10189130203804733,0.14285714285714285,7,indirect,0.11658092475541516,,N/A
hasKnowledge,bonusPoints,0.11273659482634513,0.1603774327505052,0.0,False,TransitiveProperty,BonusPoints,0.09018927586107611,0.118557968704714,0.16666666666666666,6,indirect,0.11652048784728489,,N/A
hasGamificationExperience,bonusPoints,0.11270317463467243,0.16040299215146192,0.0,False,ObjectProperty,BonusPoints,0.09016253970773795,0.118557968704714,0.16666666666666666,6,indirect,0.11650879078019945,,N/A
pageStart,Stash,0.18445811499958906,0.14892035988997765,0.9172442572270822,False,AnnotationProperty,Reward,0.3310153434450877,0.0796690798158251,0.1111111111111111,9,indirect,0.1163452421301425,,N/A
Literal,bonusPoints,0.14232607566614702,0.13641559540240736,0.0,False,unknown,BonusPoints,0.11386086053291762,0.10189130203804733,0.14285714285714285,7,indirect,0.11604347280788221,,N/A
Competition,bonusPoints,0.11132581207845986,0.15174502974338192,0.0,False,NamedIndividual,BonusPoints,0.08906064966276789,0.118557968704714,0.16666666666666666,6,indirect,0.11602671388552505,,N/A
Film,Level_Up,0.14223031209367729,0.15511651493332237,1.0,False,Class,Level,0.31378424967494184,0.10189130203804733,0.14285714285714285,7,indirect,0.11600995555751781,,N/A
_:b33,BLockGame,0.1421769622474673,0.16416769369719364,0.12935257077791257,False,Restriction,Badge,0.13961208395355634,0.10189130203804733,0.14285714285714285,7,indirect,0.11599128311134431,,N/A
_:b39,BLockGame,0.1421567924082174,0.16417873760676902,0.12935257077791257,False,Restriction,Badge,0.13959594808215645,0.10189130203804733,0.14285714285714285,7,indirect,0.11598422366760686,,N/A
_:b45,BLockGame,0.1421482236549346,0.16418344203910307,0.12935257077791257,False,Restriction,Badge,0.1395890930795302,0.10189130203804733,0.14285714285714285,7,indirect,0.11598122460395788,,N/A
_:b50,BLockGame,0.14214458129946678,0.16418544436747234,0.12935257077791257,False,Restriction,Badge,0.13958617919515592,0.10189130203804733,0.14285714285714285,7,indirect,0.11597994977954414,,N/A
_:b27,BLockGame,0.14155777650131318,0.16451364649325564,0.12935257077791257,False,Restriction,Badge,0.13911673535663305,0.10189130203804733,0.14285714285714285,7,indirect,0.11577456810019038,,N/A
Java_Basics,Motrain,0.14098606643340944,0.196789606674711,0.0,False,Lesson,GameElementResource,0.11278885314672756,0.10189130203804733,0.14285714285714285,7,indirect,0.11557446957642406,,N/A
Class_Methods_and_Constructors,Motrain,0.14084516625563276,0.19676774524690557,0.0,False,Lesson,GameElementResource,0.11267613300450621,0.10189130203804733,0.14285714285714285,7,indirect,0.11552515451420223,,N/A
_:b255,Stash,0.1814981781023019,0.1472959865634223,0.9172442572270822,False,AtomList,Reward,0.32864739392725795,0.0796690798158251,0.1111111111111111,9,indirect,0.11530926421609197,,N/A
hasSubSystem,Level_Up,0.18128425891412134,0.1314786865520759,1.0,False,unknown,Level,0.3450274071312971,0.0796690798158251,0.1111111111111111,9,indirect,0.1152343925002288,,N/A
System,Level_Up,0.18128425891412134,0.1314786865520759,1.0,False,unknown,Level,0.3450274071312971,0.0796690798158251,0.1111111111111111,9,indirect,0.1152343925002288,,N/A
bonusPoints,Level_Up,0.1632111946139802,0.13757880924317378,1.0,False,BonusPoints,Level,0.33056895569118416,0.08939130203804733,0.125,8,indirect,0.11522826443962383,,N/A
_:b253,Stash,0.18076961901526936,0.14778860114470393,0.9172442572270822,False,AtomList,Reward,0.32806454665763196,0.0796690798158251,0.1111111111111111,9,indirect,0.11505426853563058,,N/A
_:b23,Stash,0.19512877587274138,0.14403444766426615,0.9172442572270822,False,unknown,Reward,0.3395518721436096,0.07189130203804733,0.1,10,indirect,0.11502441788019024,,N/A
_:b99,Stash,0.18020239147015174,0.14824752588844672,0.9172442572270822,False,AtomList,Reward,0.3276107646215378,0.0796690798158251,0.1111111111111111,9,indirect,0.11485573889483941,,N/A
_:b249,Stash,0.17984871367315594,0.14824708841223314,0.9172442572270822,False,AtomList,Reward,0.3273278223839412,0.0796690798158251,0.1111111111111111,9,indirect,0.1147319516658909,,N/A
_:b268,Stash,0.17984871367315594,0.14824708841223314,0.9172442572270822,False,AtomList,Reward,0.3273278223839412,0.0796690798158251,0.1111111111111111,9,indirect,0.1147319516658909,,N/A
_:b25,Stash,0.19389699033888572,0.14453930243261567,0.9172442572270822,False,unknown,Reward,0.338566443716525,0.07189130203804733,0.1,10,indirect,0.11459329294334075,,N/A
has_bag,Tiny_stash,0.16119446988606087,0.16450380964822234,0.0415518252487452,False,unknown,Reward,0.13726594095859776,0.08939130203804733,0.125,8,indirect,0.11452241078485206,,N/A
hasPaymentPreference,BLockGame,0.13796067487752886,0.16799295244380963,0.12935257077791257,False,DatatypeProperty,Badge,0.1362390540576056,0.10189130203804733,0.14285714285714285,7,indirect,0.11451558253186586,,N/A
has_EducationalLevel,BLockGame,0.13796067487752886,0.16799295244380963,0.12935257077791257,False,DatatypeProperty,Badge,0.1362390540576056,0.10189130203804733,0.14285714285714285,7,indirect,0.11451558253186586,,N/A
has_Purpose,BLockGame,0.1379606569961354,0.16799291289842969,0.12935257077791257,False,DatatypeProperty,Badge,0.13623903975249085,0.10189130203804733,0.14285714285714285,7,indirect,0.11451557627337816,,N/A
has_duration,BLockGame,0.1379606569961354,0.16799291289842969,0.12935257077791257,False,DatatypeProperty,Badge,0.13623903975249085,0.10189130203804733,0.14285714285714285,7,indirect,0.11451557627337816,,N/A
has_totalDownloads,BLockGame,0.13796062123334857,0.1679928338076704,0.12935257077791257,False,DatatypeProperty,Badge,0.1362390111422614,0.10189130203804733,0.14285714285714285,7,indirect,0.11451556375640276,,N/A
has_totalLikes,BLockGame,0.13796062123334857,0.1679928338076704,0.12935257077791257,False,DatatypeProperty,Badge,0.1362390111422614,0.10189130203804733,0.14285714285714285,7,indirect,0.11451556375640276,,N/A
has_totalSites,BLockGame,0.13796062123334857,0.1679928338076704,0.12935257077791257,False,DatatypeProperty,Badge,0.1362390111422614,0.10189130203804733,0.14285714285714285,7,indirect,0.11451556375640276,,N/A
has_latestRelease,BLockGame,0.13796062123334857,0.1679928338076704,0.12935257077791257,False,DatatypeProperty,Badge,0.1362390111422614,0.10189130203804733,0.14285714285714285,7,indirect,0.11451556375640276,,N/A
has_title,BLockGame,0.13796061527288409,0.16799282062587725,0.12935257077791257,False,DatatypeProperty,Badge,0.1362390063738898,0.10189130203804733,0.14285714285714285,7,indirect,0.11451556167024018,,N/A
has_latestVersion,BLockGame,0.13796061527288409,0.16799282062587725,0.12935257077791257,False,DatatypeProperty,Badge,0.1362390063738898,0.10189130203804733,0.14285714285714285,7,indirect,0.11451556167024018,,N/A
Motrain,Tiny_stash,0.1069536338133408,0.17169175818896723,0.0415518252487452,False,GameElementResource,Reward,0.09387327210042169,0.118557968704714,0.16666666666666666,6,indirect,0.11449645149273338,,N/A
designLesson,BLockGame,0.13780423242945533,0.16806894083423232,0.12935257077791257,False,ObjectProperty,Badge,0.13611390009914678,0.10189130203804733,0.14285714285714285,7,indirect,0.11446082767504012,,N/A
hasPedagogicalObjective,bonusPoints,0.10570497266737748,0.15866847296745104,0.0,False,ObjectProperty,BonusPoints,0.08456397813390198,0.118557968704714,0.16666666666666666,6,indirect,0.11405942009164621,,N/A
Competition,Stash,0.1598189816206714,0.14576056514717378,0.9172442572270822,False,NamedIndividual,Reward,0.3113040367419536,0.08939130203804733,0.125,8,indirect,0.11404098989196576,,N/A
has_description,BLockGame,0.13657792860429846,0.16855485870416487,0.12935257077791257,False,FunctionalProperty,Badge,0.13513285703902128,0.10189130203804733,0.14285714285714285,7,indirect,0.11403162133623522,,N/A
GE,bonusPoints,0.10538245604842814,0.154645467535341,0.0,False,Variable,BonusPoints,0.08430596483874252,0.118557968704714,0.16666666666666666,6,indirect,0.11394653927501394,,N/A
Verbal,Level_Up,0.15945675632315034,0.14562373378968463,1.0,False,Class,Level,0.3275654050585203,0.08939130203804733,0.125,8,indirect,0.11391421103783339,,N/A
Intuitive,Level_Up,0.15945675632315034,0.14562373378968463,1.0,False,Class,Level,0.3275654050585203,0.08939130203804733,0.125,8,indirect,0.11391421103783339,,N/A
has_answer,Level_Up,0.13581633741560364,0.15750380958688556,1.0,False,unknown,Level,0.3086530699324829,0.10189130203804733,0.14285714285714285,7,indirect,0.11376506442019205,,N/A
has_body_for_annotation,Level_Up,0.1358163195342102,0.157503770223208,1.0,False,unknown,Level,0.30865305562736817,0.10189130203804733,0.14285714285714285,7,indirect,0.11376505816170433,,N/A
has_target,Level_Up,0.1358163195342102,0.157503770223208,1.0,False,unknown,Level,0.30865305562736817,0.10189130203804733,0.14285714285714285,7,indirect,0.11376505816170433,,N/A
_:b17,Level_Up,0.15860933015047934,0.15105092717081262,1.0,False,Restriction,Level,0.3268874641203835,0.08939130203804733,0.125,8,indirect,0.11361761187739854,,N/A
_:b15,Level_Up,0.15860933015047934,0.15105092717081262,1.0,False,Restriction,Level,0.3268874641203835,0.08939130203804733,0.125,8,indirect,0.11361761187739854,,N/A
_:b18,Level_Up,0.15860933015047934,0.15105092717081262,1.0,False,Restriction,Level,0.3268874641203835,0.08939130203804733,0.125,8,indirect,0.11361761187739854,,N/A
reversedBy,Level_Up,0.15828856640067382,0.1476611148811348,1.0,False,ObjectProperty,Level,0.3266308531205391,0.08939130203804733,0.125,8,indirect,0.11350534456496661,,N/A
_:b236,BLockGame,0.1347592892745627,0.1745788541648258,0.12935257077791257,False,AtomList,Badge,0.1336779455752327,0.10189130203804733,0.14285714285714285,7,indirect,0.11339509757082772,,N/A
_:b237,BLockGame,0.1347592892745627,0.1745788541648258,0.12935257077791257,False,AtomList,Badge,0.1336779455752327,0.10189130203804733,0.14285714285714285,7,indirect,0.11339509757082772,,N/A
_:b231,BLockGame,0.1347592892745627,0.1745788541648258,0.12935257077791257,False,AtomList,Badge,0.1336779455752327,0.10189130203804733,0.14285714285714285,7,indirect,0.11339509757082772,,N/A
_:b232,BLockGame,0.1347592892745627,0.1745788541648258,0.12935257077791257,False,AtomList,Badge,0.1336779455752327,0.10189130203804733,0.14285714285714285,7,indirect,0.11339509757082772,,N/A
_:b190,BLockGame,0.13475928331409823,0.1745788409452635,0.12935257077791257,False,AtomList,Badge,0.1336779408068611,0.10189130203804733,0.14285714285714285,7,indirect,0.11339509548466514,,N/A
l1,bonusPoints,0.10344743182331213,0.1555160427972182,0.0,False,Variable,BonusPoints,0.08275794545864971,0.118557968704714,0.16666666666666666,6,indirect,0.11326928079622334,,N/A
hasBehaviouralObjective,bonusPoints,0.10337305553982568,0.15615722673586846,0.0,False,ObjectProperty,BonusPoints,0.08269844443186054,0.118557968704714,0.16666666666666666,6,indirect,0.11324324909700309,,N/A
Bonus,bonusPoints,0.10318948456821837,0.15585650794685615,0.0,False,NamedIndividual,BonusPoints,0.08255158765457471,0.118557968704714,0.16666666666666666,6,indirect,0.11317899925694053,,N/A
_:b247,BLockGame,0.1340155870485043,0.17482957180394684,0.12935257077791257,False,AtomList,Badge,0.13308298379438596,0.10189130203804733,0.14285714285714285,7,indirect,0.11313480179170726,,N/A
_:b87,BLockGame,0.1340155870485043,0.17482957180394684,0.12935257077791257,False,AtomList,Badge,0.13308298379438596,0.10189130203804733,0.14285714285714285,7,indirect,0.11313480179170726,,N/A
_:b76,BLockGame,0.1340155870485043,0.17482957180394684,0.12935257077791257,False,AtomList,Badge,0.13308298379438596,0.10189130203804733,0.14285714285714285,7,indirect,0.11313480179170726,,N/A
_:b168,BLockGame,0.1340155870485043,0.17482957180394684,0.12935257077791257,False,AtomList,Badge,0.13308298379438596,0.10189130203804733,0.14285714285714285,7,indirect,0.11313480179170726,,N/A
_:b242,BLockGame,0.1340155870485043,0.17482957180394684,0.12935257077791257,False,AtomList,Badge,0.13308298379438596,0.10189130203804733,0.14285714285714285,7,indirect,0.11313480179170726,,N/A
_:b150,BLockGame,0.1340155870485043,0.17482957180394684,0.12935257077791257,False,AtomList,Badge,0.13308298379438596,0.10189130203804733,0.14285714285714285,7,indirect,0.11313480179170726,,N/A
_:b277,BLockGame,0.1340155870485043,0.17482957180394684,0.12935257077791257,False,AtomList,Badge,0.13308298379438596,0.10189130203804733,0.14285714285714285,7,indirect,0.11313480179170726,,N/A
_:b157,BLockGame,0.1340155870485043,0.17482957180394684,0.12935257077791257,False,AtomList,Badge,0.13308298379438596,0.10189130203804733,0.14285714285714285,7,indirect,0.11313480179170726,,N/A
_:b110,BLockGame,0.1340155870485043,0.17482957180394684,0.12935257077791257,False,AtomList,Badge,0.13308298379438596,0.10189130203804733,0.14285714285714285,7,indirect,0.11313480179170726,,N/A
_:b179,BLockGame,0.1340155870485043,0.17482957180394684,0.12935257077791257,False,AtomList,Badge,0.13308298379438596,0.10189130203804733,0.14285714285714285,7,indirect,0.11313480179170726,,N/A
_:b241,BLockGame,0.1340155870485043,0.17482957180394684,0.12935257077791257,False,AtomList,Badge,0.13308298379438596,0.10189130203804733,0.14285714285714285,7,indirect,0.11313480179170726,,N/A
_:b119,BLockGame,0.1340155870485043,0.17482957180394684,0.12935257077791257,False,AtomList,Badge,0.13308298379438596,0.10189130203804733,0.14285714285714285,7,indirect,0.11313480179170726,,N/A
_:b201,BLockGame,0.1340155870485043,0.17482957180394684,0.12935257077791257,False,AtomList,Badge,0.13308298379438596,0.10189130203804733,0.14285714285714285,7,indirect,0.11313480179170726,,N/A
_:b266,BLockGame,0.1340155870485043,0.17482957180394684,0.12935257077791257,False,AtomList,Badge,0.13308298379438596,0.10189130203804733,0.14285714285714285,7,indirect,0.11313480179170726,,N/A
_:b65,BLockGame,0.1340155870485043,0.17482957180394684,0.12935257077791257,False,AtomList,Badge,0.13308298379438596,0.10189130203804733,0.14285714285714285,7,indirect,0.11313480179170726,,N/A
bonus,bonusPoints,0.10302713612901429,0.15594538072708808,0.0,False,unknown,BonusPoints,0.08242170890321143,0.118557968704714,0.16666666666666666,6,indirect,0.1131221773032191,,N/A
startingPage,bonusPoints,0.10246101942484805,0.16054446987110085,0.0,False,AnnotationProperty,BonusPoints,0.08196881553987845,0.118557968704714,0.16666666666666666,6,indirect,0.11292403645676091,,N/A
court,bonusPoints,0.10236898101743581,0.1578545907639311,0.0,False,AnnotationProperty,BonusPoints,0.08189518481394865,0.118557968704714,0.16666666666666666,6,indirect,0.11289182301416663,,N/A
Adam,Motrain,0.10223339766568836,0.16256303198400596,0.0,False,Teacher,GameElementResource,0.08178671813255069,0.118557968704714,0.16666666666666666,6,indirect,0.11284436884105502,,N/A
Performance,bonusPoints,0.1020544251345394,0.1564138957179679,0.0,False,NamedIndividual,BonusPoints,0.08164354010763153,0.118557968704714,0.16666666666666666,6,indirect,0.11278172845515289,,N/A
Novice,bonusPoints,0.1020544251345394,0.1564138957179679,0.0,False,NamedIndividual,BonusPoints,0.08164354010763153,0.118557968704714,0.16666666666666666,6,indirect,0.11278172845515289,,N/A
has_Experience_Level,bonusPoints,0.10181405774505561,0.15852910162632342,0.0,False,DatatypeProperty,BonusPoints,0.08145124619604449,0.118557968704714,0.16666666666666666,6,indirect,0.11269759986883357,,N/A
hasName,bonusPoints,0.10181405774505561,0.15852910162632342,0.0,False,DatatypeProperty,BonusPoints,0.08145124619604449,0.118557968704714,0.16666666666666666,6,indirect,0.11269759986883357,,N/A
_:b177,bonusPoints,0.10041639571650747,0.16064807462687708,0.0,False,Imp,BonusPoints,0.08033311657320598,0.118557968704714,0.16666666666666666,6,indirect,0.11220841815884171,,N/A
_:b245,bonusPoints,0.10041639571650747,0.16064807462687708,0.0,False,Imp,BonusPoints,0.08033311657320598,0.118557968704714,0.16666666666666666,6,indirect,0.11220841815884171,,N/A
_:b166,bonusPoints,0.10041639571650747,0.16064807462687708,0.0,False,Imp,BonusPoints,0.08033311657320598,0.118557968704714,0.16666666666666666,6,indirect,0.11220841815884171,,N/A
_:b63,bonusPoints,0.10041639571650747,0.16064807462687708,0.0,False,Imp,BonusPoints,0.08033311657320598,0.118557968704714,0.16666666666666666,6,indirect,0.11220841815884171,,N/A
_:b275,bonusPoints,0.10041639571650747,0.16064807462687708,0.0,False,Imp,BonusPoints,0.08033311657320598,0.118557968704714,0.16666666666666666,6,indirect,0.11220841815884171,,N/A
_:b108,bonusPoints,0.10041639571650747,0.16064807462687708,0.0,False,Imp,BonusPoints,0.08033311657320598,0.118557968704714,0.16666666666666666,6,indirect,0.11220841815884171,,N/A
_:b240,bonusPoints,0.10041639571650747,0.16064807462687708,0.0,False,Imp,BonusPoints,0.08033311657320598,0.118557968704714,0.16666666666666666,6,indirect,0.11220841815884171,,N/A
_:b74,bonusPoints,0.10041639571650747,0.16064807462687708,0.0,False,Imp,BonusPoints,0.08033311657320598,0.118557968704714,0.16666666666666666,6,indirect,0.11220841815884171,,N/A
_:b117,bonusPoints,0.10041639571650747,0.16064807462687708,0.0,False,Imp,BonusPoints,0.08033311657320598,0.118557968704714,0.16666666666666666,6,indirect,0.11220841815884171,,N/A
_:b264,bonusPoints,0.10041639571650747,0.16064807462687708,0.0,False,Imp,BonusPoints,0.08033311657320598,0.118557968704714,0.16666666666666666,6,indirect,0.11220841815884171,,N/A
_:b155,bonusPoints,0.10041639571650747,0.16064807462687708,0.0,False,Imp,BonusPoints,0.08033311657320598,0.118557968704714,0.16666666666666666,6,indirect,0.11220841815884171,,N/A
_:b199,bonusPoints,0.10041639571650747,0.16064807462687708,0.0,False,Imp,BonusPoints,0.08033311657320598,0.118557968704714,0.16666666666666666,6,indirect,0.11220841815884171,,N/A
_:b85,bonusPoints,0.10041639571650747,0.16064807462687708,0.0,False,Imp,BonusPoints,0.08033311657320598,0.118557968704714,0.16666666666666666,6,indirect,0.11220841815884171,,N/A
_:b186,BLockGame,0.13104239008517457,0.17565976422924892,0.12935257077791257,False,unknown,Badge,0.1307044262237222,0.10189130203804733,0.14285714285714285,7,indirect,0.11209418285454187,,N/A
SpatialThing,bonusPoints,0.13070786843463184,0.14208937746205322,0.0,False,unknown,BonusPoints,0.10456629474770547,0.10189130203804733,0.14285714285714285,7,indirect,0.1119771002768519,,N/A
"the url of the game elment where it can be downloaded. In addition, this url contains information of the game elemnt.",bonusPoints,0.0994979376124063,0.1579148671214724,0.0,False,unknown,BonusPoints,0.07959835008992505,0.118557968704714,0.16666666666666666,6,indirect,0.11188695782240629,,N/A
anyURI,bonusPoints,0.0994979376124063,0.1579148671214724,0.0,False,unknown,BonusPoints,0.07959835008992505,0.118557968704714,0.16666666666666666,6,indirect,0.11188695782240629,,N/A
PedagogicalObjective,bonusPoints,0.09933340407192817,0.1592870775044745,0.0,False,Class,BonusPoints,0.07946672325754255,0.118557968704714,0.16666666666666666,6,indirect,0.11182937108323895,,N/A
has_question,bonusPoints,0.09906551079179117,0.15962705553580192,0.0,False,unknown,BonusPoints,0.07925240863343294,0.118557968704714,0.16666666666666666,6,indirect,0.11173560843519101,,N/A
has_type,bonusPoints,0.09906551079179117,0.15962705553580192,0.0,False,unknown,BonusPoints,0.07925240863343294,0.118557968704714,0.16666666666666666,6,indirect,0.11173560843519101,,N/A
the latest version released for this game element,bonusPoints,0.0988755469196715,0.15817738607166412,0.0,False,unknown,BonusPoints,0.0791004375357372,0.118557968704714,0.16666666666666666,6,indirect,0.11166912107994911,,N/A
Total number of likes granted for this game element,bonusPoints,0.0988755469196715,0.15817738607166412,0.0,False,unknown,BonusPoints,0.0791004375357372,0.118557968704714,0.16666666666666666,6,indirect,0.11166912107994911,,N/A
the title of the game element,bonusPoints,0.0988755469196715,0.15817738607166412,0.0,False,unknown,BonusPoints,0.0791004375357372,0.118557968704714,0.16666666666666666,6,indirect,0.11166912107994911,,N/A
Total number of downloads done for this game elemnent,bonusPoints,0.0988755469196715,0.15817738607166412,0.0,False,unknown,BonusPoints,0.0791004375357372,0.118557968704714,0.16666666666666666,6,indirect,0.11166912107994911,,N/A
the number of weeks since the latest release of the game element version,bonusPoints,0.0988755469196715,0.15817738607166412,0.0,False,unknown,BonusPoints,0.0791004375357372,0.118557968704714,0.16666666666666666,6,indirect,0.11166912107994911,,N/A
brief description of the game element purpose,bonusPoints,0.0988755469196715,0.15817738607166412,0.0,False,unknown,BonusPoints,0.0791004375357372,0.118557968704714,0.16666666666666666,6,indirect,0.11166912107994911,,N/A
integrated this game element,bonusPoints,0.0988755469196715,0.15817738607166412,0.0,False,unknown,BonusPoints,0.0791004375357372,0.118557968704714,0.16666666666666666,6,indirect,0.11166912107994911,,N/A
_:b43,BLockGame,0.12973014050724027,0.17625135138424036,0.12935257077791257,False,unknown,Badge,0.12965462656137472,0.10189130203804733,0.14285714285714285,7,indirect,0.11163489550226485,,N/A
_:b106,BLockGame,0.12971722712925632,0.17625862849256183,0.12935257077791257,False,unknown,Badge,0.12964429585898757,0.10189130203804733,0.14285714285714285,7,indirect,0.11163037581997047,,N/A
l1,Stash,0.15267113862269216,0.15252338919909697,0.9172442572270822,False,Variable,Reward,0.30558576234357016,0.08939130203804733,0.125,8,indirect,0.11153924484267302,,N/A
_:b34,BLockGame,0.12943107389870825,0.17636697828977832,0.12935257077791257,False,unknown,Badge,0.1294153732745491,0.10189130203804733,0.14285714285714285,7,indirect,0.11153022218927866,,N/A
_:b40,BLockGame,0.12941607989960488,0.17637529667763838,0.12935257077791257,False,unknown,Badge,0.12940337807526642,0.10189130203804733,0.14285714285714285,7,indirect,0.11152497428959246,,N/A
_:b46,BLockGame,0.12940969938149824,0.17637881574308284,0.12935257077791257,False,unknown,Badge,0.1293982736607811,0.10189130203804733,0.14285714285714285,7,indirect,0.11152274110825514,,N/A
_:b51,BLockGame,0.12940698655932995,0.17638031203729018,0.12935257077791257,False,unknown,Badge,0.12939610340304647,0.10189130203804733,0.14285714285714285,7,indirect,0.11152179162049625,,N/A
_:b54,BLockGame,0.12927622360004637,0.17645281066381374,0.12935257077791257,False,unknown,Badge,0.1292914930356196,0.10189130203804733,0.14285714285714285,7,indirect,0.111476024584747,,N/A
_:b20,BLockGame,0.12927622360004637,0.17645281066381374,0.12935257077791257,False,unknown,Badge,0.1292914930356196,0.10189130203804733,0.14285714285714285,7,indirect,0.111476024584747,,N/A
_:b95,Tiny_stash,0.1703892080495992,0.15854403077168272,0.0415518252487452,False,AtomList,Reward,0.14462173148942842,0.0796690798158251,0.1111111111111111,9,indirect,0.11142112469764603,,N/A
has_answer,bonusPoints,0.09795123203284922,0.16065206036887608,0.0,False,unknown,BonusPoints,0.07836098562627938,0.118557968704714,0.16666666666666666,6,indirect,0.11134561086956132,,N/A
_:b28,BLockGame,0.12879970810251284,0.17668166641548583,0.12935257077791257,False,unknown,Badge,0.1289102806375928,0.10189130203804733,0.14285714285714285,7,indirect,0.11130924416061025,,N/A
_:b22,BLockGame,0.1285517691490737,0.17681773356485403,0.12935257077791257,False,unknown,Badge,0.1287119294748415,0.10189130203804733,0.14285714285714285,7,indirect,0.11122246552690657,,N/A
_:b93,Tiny_stash,0.1696757861846902,0.15893568384030735,0.0415518252487452,False,AtomList,Reward,0.1440509939975012,0.0796690798158251,0.1111111111111111,9,indirect,0.11117142704492788,,N/A
pageStart,Tiny_stash,0.12838781057116097,0.15982967633492054,0.0415518252487452,False,AnnotationProperty,Reward,0.11102061350667781,0.10189130203804733,0.14285714285714285,7,indirect,0.1111650800246371,,N/A
ProcessingPole,BLockGame,0.18389712695429422,0.14599173331962764,0.12935257077791257,False,Class,Badge,0.1729882157190179,0.07189130203804733,0.1,10,indirect,0.11109334075873376,,N/A
UnderstandingPole,BLockGame,0.18389712695429422,0.14599173331962764,0.12935257077791257,False,Class,Badge,0.1729882157190179,0.07189130203804733,0.1,10,indirect,0.11109334075873376,,N/A
_:b91,Tiny_stash,0.168899324934608,0.159359893407322,0.0415518252487452,False,AtomList,Reward,0.14342982499743545,0.0796690798158251,0.1111111111111111,9,indirect,0.11089966560739911,,N/A
has_TeachingLanguage,bonusPoints,0.09636637845301246,0.1603522439841261,0.0,False,DatatypeProperty,BonusPoints,0.07709310276240998,0.118557968704714,0.16666666666666666,6,indirect,0.11079091211661846,,N/A
has_EducationalLevel,bonusPoints,0.09636637845301246,0.1603522439841261,0.0,False,DatatypeProperty,BonusPoints,0.07709310276240998,0.118557968704714,0.16666666666666666,6,indirect,0.11079091211661846,,N/A
hasPaymentPreference,bonusPoints,0.09636637845301246,0.1603522439841261,0.0,False,DatatypeProperty,BonusPoints,0.07709310276240998,0.118557968704714,0.16666666666666666,6,indirect,0.11079091211661846,,N/A
has_TranslationLanguage,bonusPoints,0.09636637845301246,0.1603522439841261,0.0,False,DatatypeProperty,BonusPoints,0.07709310276240998,0.118557968704714,0.16666666666666666,6,indirect,0.11079091211661846,,N/A
designLesson,bonusPoints,0.09633884971862491,0.16037034793937138,0.0,False,ObjectProperty,BonusPoints,0.07707107977489994,0.118557968704714,0.16666666666666666,6,indirect,0.11078127705958282,,N/A
_:b272,BLockGame,0.12721586268999746,0.1775899359503155,0.12935257077791257,False,AtomList,Badge,0.12764320430758047,0.10189130203804733,0.14285714285714285,7,indirect,0.11075489826622988,,N/A
_:b103,BLockGame,0.12659352520349945,0.17791880735470464,0.12935257077791257,False,AtomList,Badge,0.1271453343183821,0.10189130203804733,0.14285714285714285,7,indirect,0.11053708014595556,,N/A
_:b259,BLockGame,0.12659068530659484,0.17792031845302034,0.12935257077791257,False,AtomList,Badge,0.12714306240085838,0.10189130203804733,0.14285714285714285,7,indirect,0.11053608618203896,,N/A
_:b194,BLockGame,0.12650272840583016,0.17796739580739465,0.12935257077791257,False,AtomList,Badge,0.12707269688024664,0.10189130203804733,0.14285714285714285,7,indirect,0.11050530126677131,,N/A
_:b69,BLockGame,0.12648857054954965,0.17797500485324438,0.12935257077791257,False,AtomList,Badge,0.12706137059522224,0.10189130203804733,0.14285714285714285,7,indirect,0.11050034601707315,,N/A
_:b183,BLockGame,0.12648857054954965,0.17797500485324438,0.12935257077791257,False,AtomList,Badge,0.12706137059522224,0.10189130203804733,0.14285714285714285,7,indirect,0.11050034601707315,,N/A
_:b214,BLockGame,0.12648857054954965,0.17797500485324438,0.12935257077791257,False,AtomList,Badge,0.12706137059522224,0.10189130203804733,0.14285714285714285,7,indirect,0.11050034601707315,,N/A
_:b172,BLockGame,0.12648857054954965,0.17797500485324438,0.12935257077791257,False,AtomList,Badge,0.12706137059522224,0.10189130203804733,0.14285714285714285,7,indirect,0.11050034601707315,,N/A
_:b205,BLockGame,0.12648857054954965,0.17797500485324438,0.12935257077791257,False,AtomList,Badge,0.12706137059522224,0.10189130203804733,0.14285714285714285,7,indirect,0.11050034601707315,,N/A
_:b132,BLockGame,0.12648857054954965,0.17797500485324438,0.12935257077791257,False,AtomList,Badge,0.12706137059522224,0.10189130203804733,0.14285714285714285,7,indirect,0.11050034601707315,,N/A
_:b281,BLockGame,0.12648857054954965,0.17797500485324438,0.12935257077791257,False,AtomList,Badge,0.12706137059522224,0.10189130203804733,0.14285714285714285,7,indirect,0.11050034601707315,,N/A
_:b123,BLockGame,0.12648857054954965,0.17797500485324438,0.12935257077791257,False,AtomList,Badge,0.12706137059522224,0.10189130203804733,0.14285714285714285,7,indirect,0.11050034601707315,,N/A
_:b143,BLockGame,0.12648857054954965,0.17797500485324438,0.12935257077791257,False,AtomList,Badge,0.12706137059522224,0.10189130203804733,0.14285714285714285,7,indirect,0.11050034601707315,,N/A
_:b114,BLockGame,0.12648857054954965,0.17797500485324438,0.12935257077791257,False,AtomList,Badge,0.12706137059522224,0.10189130203804733,0.14285714285714285,7,indirect,0.11050034601707315,,N/A
_:b225,BLockGame,0.12648857054954965,0.17797500485324438,0.12935257077791257,False,AtomList,Badge,0.12706137059522224,0.10189130203804733,0.14285714285714285,7,indirect,0.11050034601707315,,N/A
_:b80,BLockGame,0.12648857054954965,0.17797500485324438,0.12935257077791257,False,AtomList,Badge,0.12706137059522224,0.10189130203804733,0.14285714285714285,7,indirect,0.11050034601707315,,N/A
_:b161,BLockGame,0.12648857054954965,0.17797500485324438,0.12935257077791257,False,AtomList,Badge,0.12706137059522224,0.10189130203804733,0.14285714285714285,7,indirect,0.11050034601707315,,N/A
isMoreExpertThan,bonusPoints,0.09553345267243651,0.15958013477351296,0.0,False,ObjectProperty,BonusPoints,0.07642676213794922,0.118557968704714,0.16666666666666666,6,indirect,0.11049938809341688,,N/A
_:b29,Stash,0.14963840987148627,0.1544321257777983,0.9172442572270822,False,Restriction,Reward,0.30315957934260546,0.08939130203804733,0.125,8,indirect,0.11047778977975097,,N/A
stringEqualIgnoreCase,bonusPoints,0.12639966644027265,0.144930026963368,0.0,False,unknown,BonusPoints,0.10111973315221812,0.10189130203804733,0.14285714285714285,7,indirect,0.11046922957882618,,N/A
equal,bonusPoints,0.12638155400068146,0.1449387644953735,0.0,False,unknown,BonusPoints,0.10110524320054518,0.10189130203804733,0.14285714285714285,7,indirect,0.11046289022496927,,N/A
n,Stash,0.19389166216165377,0.14420785800722152,0.9172442572270822,False,unknown,Reward,0.33856218117473946,0.06552766567441097,0.09090909090909091,11,indirect,0.11045506444494596,,N/A
InputPole,bonusPoints,0.12635789568617467,0.14387683613871424,0.0,False,Class,BonusPoints,0.10108631654893974,0.10189130203804733,0.14285714285714285,7,indirect,0.1104546098148919,,N/A
PerceptionPole,bonusPoints,0.12635789568617467,0.14387683613871424,0.0,False,Class,BonusPoints,0.10108631654893974,0.10189130203804733,0.14285714285714285,7,indirect,0.1104546098148919,,N/A
_:b62,BLockGame,0.16740847836313974,0.15505957495215916,0.12935257077791257,False,Restriction,Badge,0.15979729684609434,0.0796690798158251,0.1111111111111111,9,indirect,0.11037786930738522,,N/A
_:b188,bonusPoints,0.09517663296995779,0.16113032450424566,0.0,False,Imp,BonusPoints,0.07614130637596624,0.118557968704714,0.16666666666666666,6,indirect,0.11037450119754932,,N/A
_:b230,bonusPoints,0.09517663296995779,0.16113032450424566,0.0,False,Imp,BonusPoints,0.07614130637596624,0.118557968704714,0.16666666666666666,6,indirect,0.11037450119754932,,N/A
_:b235,bonusPoints,0.09517663296995779,0.16113032450424566,0.0,False,Imp,BonusPoints,0.07614130637596624,0.118557968704714,0.16666666666666666,6,indirect,0.11037450119754932,,N/A
Event_Handler_and_Listener,Motrain,0.14922763338747674,0.18363505344821257,0.0,False,Lesson,GameElementResource,0.1193821067099814,0.08939130203804733,0.125,8,indirect,0.11033401801034763,,N/A
ImageObject,bonusPoints,0.0949524804960224,0.15993404673068828,0.0,False,unknown,BonusPoints,0.07596198439681792,0.118557968704714,0.16666666666666666,6,indirect,0.11029604783167193,,N/A
issue,bonusPoints,0.09494730516369237,0.16100289686627492,0.0,False,AnnotationProperty,BonusPoints,0.07595784413095391,0.118557968704714,0.16666666666666666,6,indirect,0.11029423646535642,,N/A
_:b35,Stash,0.14895063082625284,0.15477718939127175,0.9172442572270822,False,Restriction,Reward,0.3026093561064187,0.08939130203804733,0.125,8,indirect,0.11023706711391926,,N/A
_:b41,Stash,0.14894165237155607,0.1547788466362325,0.9172442572270822,False,Restriction,Reward,0.3026021733426613,0.08939130203804733,0.125,8,indirect,0.11023392465477538,,N/A
_:b47,Stash,0.14893783820112258,0.1547795584024141,0.9172442572270822,False,Restriction,Reward,0.3025991220063145,0.08939130203804733,0.125,8,indirect,0.11023258969512367,,N/A
_:b52,Stash,0.14893621351561687,0.15477985596084182,0.9172442572270822,False,Restriction,Reward,0.30259782225790993,0.08939130203804733,0.125,8,indirect,0.11023202105519667,,N/A
Collection,BLockGame,0.16697520294981785,0.1625011197385558,0.12935257077791257,False,Class,Badge,0.15945067651543682,0.0796690798158251,0.1111111111111111,9,indirect,0.11022622291272256,,N/A
BonusPointsLeaderboard,bonusPoints,0.09450885789350681,0.16029401722909606,0.0,False,Class,BonusPoints,0.07560708631480545,0.118557968704714,0.16666666666666666,6,indirect,0.11014077992079148,,N/A
Advanced,bonusPoints,0.09449585505427843,0.16041606994306354,0.0,False,unknown,BonusPoints,0.07559668404342275,0.118557968704714,0.16666666666666666,6,indirect,0.11013622892706154,,N/A
Motivation,bonusPoints,0.09449558691271712,0.16041619645437247,0.0,False,unknown,BonusPoints,0.0755964695301737,0.118557968704714,0.16666666666666666,6,indirect,0.11013613507751509,,N/A
SocialPointsLeaderboard,bonusPoints,0.09446210982201805,0.16031801464892068,0.0,False,Class,BonusPoints,0.07556968785761445,0.118557968704714,0.16666666666666666,6,indirect,0.11012441809577042,,N/A
_:b97,Stash,0.1801650601999047,0.14396291945028727,0.9172442572270822,False,AtomList,Reward,0.3275808996053402,0.07189130203804733,0.1,10,indirect,0.1097871173946974,,N/A
contains_forum_post,bonusPoints,0.09346070836185964,0.16211592193498486,0.0,False,unknown,BonusPoints,0.07476856668948771,0.118557968704714,0.16666666666666666,6,indirect,0.10977392758471496,,N/A
_:b29,bonusPoints,0.09271898755749983,0.16129823981798047,0.0,False,Restriction,BonusPoints,0.07417519004599986,0.118557968704714,0.16666666666666666,6,indirect,0.10951432530318904,,N/A
LearningStyle,BLockGame,0.16493508477674962,0.16332217780912386,0.12935257077791257,False,Class,Badge,0.15781858197698223,0.0796690798158251,0.1111111111111111,9,indirect,0.10951218155214867,,N/A
Error3,Level_Up,0.1647526509070742,0.13691359458785213,1.0,False,Class,Level,0.3318021207256594,0.0796690798158251,0.1111111111111111,9,indirect,0.10944832969776228,,N/A
_:b11,Level_Up,0.1647526509070742,0.13691359458785213,1.0,False,Class,Level,0.3318021207256594,0.0796690798158251,0.1111111111111111,9,indirect,0.10944832969776228,,N/A
number,BLockGame,0.17910291163042322,0.1435710267514466,0.12935257077791257,False,AnnotationProperty,Badge,0.1691528434599211,0.07189130203804733,0.1,10,indirect,0.10941536539537888,,N/A
_:b5,BLockGame,0.14659320343298454,0.1580057827855236,0.12935257077791257,False,Restriction,Badge,0.14314507690197015,0.08939130203804733,0.125,8,indirect,0.10941196752627536,,N/A
_:b7,BLockGame,0.14659319747252006,0.1580057695710081,0.12935257077791257,False,Restriction,Badge,0.14314507213359856,0.08939130203804733,0.125,8,indirect,0.10941196544011278,,N/A
_:b6,BLockGame,0.14659319747252006,0.1580057695710081,0.12935257077791257,False,Restriction,Badge,0.14314507213359856,0.08939130203804733,0.125,8,indirect,0.10941196544011278,,N/A
hasName,Tiny_stash,0.1230956951326371,0.16923338236647587,0.0415518252487452,False,DatatypeProperty,Reward,0.10678692115585872,0.10189130203804733,0.14285714285714285,7,indirect,0.10931283962115375,,N/A
contain_resource,Tiny_stash,0.12301554363906231,0.1692850583245858,0.0415518252487452,False,ObjectProperty,Reward,0.10672279996099888,0.10189130203804733,0.14285714285714285,7,indirect,0.10928478659840257,,N/A
isComposedOf,Tiny_stash,0.12301552575766887,0.16928501954715788,0.0415518252487452,False,ObjectProperty,Reward,0.10672278565588414,0.10189130203804733,0.14285714285714285,7,indirect,0.10928478033991487,,N/A
_:b135,BLockGame,0.12301322780427279,0.17998335715084082,0.12935257077791257,False,AtomList,Badge,0.12428109639900076,0.10189130203804733,0.14285714285714285,7,indirect,0.10928397605622624,,N/A
_:b146,BLockGame,0.12301322780427279,0.17998335715084082,0.12935257077791257,False,AtomList,Badge,0.12428109639900076,0.10189130203804733,0.14285714285714285,7,indirect,0.10928397605622624,,N/A
_:b217,BLockGame,0.12301322780427279,0.17998335715084082,0.12935257077791257,False,AtomList,Badge,0.12428109639900076,0.10189130203804733,0.14285714285714285,7,indirect,0.10928397605622624,,N/A
_:b152,BLockGame,0.12301322780427279,0.17998335715084082,0.12935257077791257,False,AtomList,Badge,0.12428109639900076,0.10189130203804733,0.14285714285714285,7,indirect,0.10928397605622624,,N/A
_:b228,BLockGame,0.12301322780427279,0.17998335715084082,0.12935257077791257,False,AtomList,Badge,0.12428109639900076,0.10189130203804733,0.14285714285714285,7,indirect,0.10928397605622624,,N/A
_:b35,bonusPoints,0.09204431915353939,0.16174595216843957,0.0,False,Restriction,BonusPoints,0.07363545532283151,0.118557968704714,0.16666666666666666,6,indirect,0.10927819136180289,,N/A
_:b41,bonusPoints,0.0920409182301106,0.16174763630537764,0.0,False,Restriction,BonusPoints,0.07363273458408848,0.118557968704714,0.16666666666666666,6,indirect,0.1092770010386028,,N/A
_:b47,bonusPoints,0.09203947224420986,0.1617483523841404,0.0,False,Restriction,BonusPoints,0.07363157779536789,0.118557968704714,0.16666666666666666,6,indirect,0.10927649494353756,,N/A
_:b52,bonusPoints,0.09203885728530656,0.1617486569279045,0.0,False,Restriction,BonusPoints,0.07363108582824525,0.118557968704714,0.16666666666666666,6,indirect,0.10927627970792139,,N/A
_:b251,Stash,0.17859768999663175,0.14499768650219624,0.9172442572270822,False,AtomList,Reward,0.32632700344272186,0.07189130203804733,0.1,10,indirect,0.10923853782355189,,N/A
_:b89,Stash,0.17848811252885186,0.14492323843194602,0.9172442572270822,False,AtomList,Reward,0.326239341468498,0.07189130203804733,0.1,10,indirect,0.10920018570982892,,N/A
_:b173,BLockGame,0.1457169209060903,0.16741404539387478,0.12935257077791257,False,BuiltinAtom,Badge,0.14244405088045475,0.08939130203804733,0.125,8,indirect,0.10910526864186237,,N/A
_:b162,BLockGame,0.1457169209060903,0.16741404539387478,0.12935257077791257,False,BuiltinAtom,Badge,0.14244405088045475,0.08939130203804733,0.125,8,indirect,0.10910526864186237,,N/A
_:b48,bonusPoints,0.09082304150517777,0.16221742812853976,0.0,False,Class,BonusPoints,0.07265843320414221,0.118557968704714,0.16666666666666666,6,indirect,0.10885074418487631,,N/A
ScorePointsLeaderboard,bonusPoints,0.09081283084093492,0.16222282286342754,0.0,False,Class,BonusPoints,0.07265026467274793,0.118557968704714,0.16666666666666666,6,indirect,0.10884717045239131,,N/A
_:b196,BLockGame,0.14467298322526662,0.16282011594380957,0.12935257077791257,False,List,Badge,0.1416089007357958,0.08939130203804733,0.125,8,indirect,0.10873989045357409,,N/A
_:b82,BLockGame,0.1446694002126013,0.16282213309346064,0.12935257077791257,False,List,Badge,0.14160603432566354,0.08939130203804733,0.125,8,indirect,0.10873863639914122,,N/A
_:b283,BLockGame,0.1446694002126013,0.16282213309346064,0.12935257077791257,False,List,Badge,0.14160603432566354,0.08939130203804733,0.125,8,indirect,0.10873863639914122,,N/A
Lesson,bonusPoints,0.12119560381425594,0.14688369368345036,0.0,False,unknown,BonusPoints,0.09695648305140475,0.10189130203804733,0.14285714285714285,7,indirect,0.10864780765972035,,N/A
_:b104,bonusPoints,0.090232964050244,0.16253898094849756,0.0,False,BuiltinAtom,BonusPoints,0.07218637124019521,0.118557968704714,0.16666666666666666,6,indirect,0.1086442170756495,,N/A
_:b260,bonusPoints,0.09023244876595918,0.16253925397841962,0.0,False,List,BonusPoints,0.07218595901276735,0.118557968704714,0.16666666666666666,6,indirect,0.1086440367261498,,N/A
_:b196,bonusPoints,0.09022600976328983,0.1625426658604607,0.0,False,List,BonusPoints,0.07218080781063187,0.118557968704714,0.16666666666666666,6,indirect,0.10864178307521553,,N/A
_:b283,bonusPoints,0.09022491294422419,0.1625432470575815,0.0,False,List,BonusPoints,0.07217993035537935,0.118557968704714,0.16666666666666666,6,indirect,0.10864139918854257,,N/A
_:b82,bonusPoints,0.09022491294422419,0.1625432470575815,0.0,False,List,BonusPoints,0.07217993035537935,0.118557968704714,0.16666666666666666,6,indirect,0.10864139918854257,,N/A
_:b71,bonusPoints,0.09022491294422419,0.1625432470575815,0.0,False,List,BonusPoints,0.07217993035537935,0.118557968704714,0.16666666666666666,6,indirect,0.10864139918854257,,N/A
_:b195,bonusPoints,0.09021647430561949,0.16254773527970068,0.0,False,BuiltinAtom,BonusPoints,0.0721731794444956,0.118557968704714,0.16666666666666666,6,indirect,0.10863844566503092,,N/A
_:b173,bonusPoints,0.09021389777834703,0.16254910067629805,0.0,False,BuiltinAtom,BonusPoints,0.07217111822267762,0.118557968704714,0.16666666666666666,6,indirect,0.10863754388048555,,N/A
_:b70,bonusPoints,0.09021389777834703,0.16254910067629805,0.0,False,BuiltinAtom,BonusPoints,0.07217111822267762,0.118557968704714,0.16666666666666666,6,indirect,0.10863754388048555,,N/A
_:b162,bonusPoints,0.09021389777834703,0.16254910067629805,0.0,False,BuiltinAtom,BonusPoints,0.07217111822267762,0.118557968704714,0.16666666666666666,6,indirect,0.10863754388048555,,N/A
_:b81,bonusPoints,0.09021389777834703,0.16254910067629805,0.0,False,BuiltinAtom,BonusPoints,0.07217111822267762,0.118557968704714,0.16666666666666666,6,indirect,0.10863754388048555,,N/A
_:b282,bonusPoints,0.09021389777834703,0.16254910067629805,0.0,False,BuiltinAtom,BonusPoints,0.07217111822267762,0.118557968704714,0.16666666666666666,6,indirect,0.10863754388048555,,N/A
_:b184,bonusPoints,0.09021389777834703,0.16254910067629805,0.0,False,BuiltinAtom,BonusPoints,0.07217111822267762,0.118557968704714,0.16666666666666666,6,indirect,0.10863754388048555,,N/A
_:b33,bonusPoints,0.09002629419823471,0.16264323078159348,0.0,False,Restriction,BonusPoints,0.07202103535858777,0.118557968704714,0.16666666666666666,6,indirect,0.10857188262744624,,N/A
_:b39,bonusPoints,0.09002013734824792,0.16264650083636292,0.0,False,Restriction,BonusPoints,0.07201610987859834,0.118557968704714,0.16666666666666666,6,indirect,0.10856972772995087,,N/A
_:b45,bonusPoints,0.09001752049362252,0.16264789076069666,0.0,False,Restriction,BonusPoints,0.07201401639489802,0.118557968704714,0.16666666666666666,6,indirect,0.10856881183083197,,N/A
_:b50,bonusPoints,0.09001640787824601,0.16264848172743498,0.0,False,Restriction,BonusPoints,0.0720131263025968,0.118557968704714,0.16666666666666666,6,indirect,0.1085684224154502,,N/A
Kind,Level_Up,0.17657902800126704,0.12962587321154306,1.0,False,unknown,Level,0.34126322240101364,0.07189130203804733,0.1,10,indirect,0.10853200612517422,,N/A
check if gr has bonus then voluntary,Tiny_stash,0.1206376092067251,0.1663888995569564,0.0415518252487452,False,unknown,Reward,0.10482045241512912,0.10189130203804733,0.14285714285714285,7,indirect,0.10845250954708455,,N/A
_:b27,bonusPoints,0.08937411423637334,0.16306194555958203,0.0,False,Restriction,BonusPoints,0.07149929138909868,0.118557968704714,0.16666666666666666,6,indirect,0.10834361964079477,,N/A
depiction,Tiny_stash,0.1201912911470405,0.16856095499188442,0.0415518252487452,False,unknown,Reward,0.10446339796738144,0.10189130203804733,0.14285714285714285,7,indirect,0.10829629822619494,,N/A
_:b104,BLockGame,0.1433623670528293,0.16349325655860136,0.12935257077791257,False,BuiltinAtom,Badge,0.14056040779784595,0.08939130203804733,0.125,8,indirect,0.10828117479322102,,N/A
_:b260,BLockGame,0.14336066595941643,0.16349414293290682,0.12935257077791257,False,List,Badge,0.14055904692311566,0.08939130203804733,0.125,8,indirect,0.10828057941052652,,N/A
_:b195,BLockGame,0.14330851551440477,0.16352299778311574,0.12935257077791257,False,BuiltinAtom,Badge,0.14051732656710633,0.08939130203804733,0.125,8,indirect,0.10826232675477243,,N/A
_:b81,BLockGame,0.14330010406502258,0.1635276456817536,0.12935257077791257,False,BuiltinAtom,Badge,0.14051059740760058,0.08939130203804733,0.125,8,indirect,0.10825938274748867,,N/A
_:b282,BLockGame,0.14330010406502258,0.1635276456817536,0.12935257077791257,False,BuiltinAtom,Badge,0.14051059740760058,0.08939130203804733,0.125,8,indirect,0.10825938274748867,,N/A
_:b184,BLockGame,0.14330010406502258,0.1635276456817536,0.12935257077791257,False,BuiltinAtom,Badge,0.14051059740760058,0.08939130203804733,0.125,8,indirect,0.10825938274748867,,N/A
GE,Tiny_stash,0.12002028205416146,0.1656915253317487,0.0415518252487452,False,Variable,Reward,0.10432659069307822,0.10189130203804733,0.14285714285714285,7,indirect,0.10823644504368726,,N/A
_:b262,bonusPoints,0.0890605106287956,0.16315053363289497,0.0,False,ClassAtom,BonusPoints,0.07124840850303647,0.118557968704714,0.16666666666666666,6,indirect,0.10823385837814256,,N/A
ge,Tiny_stash,0.1199971335618382,0.16569902721206525,0.0415518252487452,False,Variable,Reward,0.1043080718992196,0.10189130203804733,0.14285714285714285,7,indirect,0.10822834307137413,,N/A
_:b115,bonusPoints,0.0890437404227197,0.163159529819926,0.0,False,ClassAtom,BonusPoints,0.07123499233817576,0.118557968704714,0.16666666666666666,6,indirect,0.10822798880601599,,N/A
_:b124,bonusPoints,0.0890437404227197,0.163159529819926,0.0,False,ClassAtom,BonusPoints,0.07123499233817576,0.118557968704714,0.16666666666666666,6,indirect,0.10822798880601599,,N/A
_:b206,bonusPoints,0.08904373446225523,0.16315951650128607,0.0,False,ClassAtom,BonusPoints,0.07123498756980419,0.118557968704714,0.16666666666666666,6,indirect,0.10822798671985343,,N/A
_:b90,bonusPoints,0.08902034360151036,0.16317204310554084,0.0,False,ClassAtom,BonusPoints,0.07121627488120828,0.118557968704714,0.16666666666666666,6,indirect,0.10821979991859272,,N/A
bonus,Tiny_stash,0.11971714381352008,0.16718476876030852,0.0415518252487452,False,unknown,Reward,0.10408408010056511,0.10189130203804733,0.14285714285714285,7,indirect,0.10813034665946279,,N/A
Audience,bonusPoints,0.11963354836762312,0.14706358718954704,0.0,False,Class,BonusPoints,0.0957068386940985,0.10189130203804733,0.14285714285714285,7,indirect,0.10810108825339886,,N/A
_:b198,bonusPoints,0.08842843513223149,0.1635831119144085,0.0,False,DatavaluedPropertyAtom,BonusPoints,0.0707427481057852,0.118557968704714,0.16666666666666666,6,indirect,0.10801263195434511,,N/A
_:b165,bonusPoints,0.0884151719531116,0.16359009695361315,0.0,False,DatavaluedPropertyAtom,BonusPoints,0.07073213756248929,0.118557968704714,0.16666666666666666,6,indirect,0.10800798984165316,,N/A
_:b176,bonusPoints,0.0884151719531116,0.16359009695361315,0.0,False,DatavaluedPropertyAtom,BonusPoints,0.07073213756248929,0.118557968704714,0.16666666666666666,6,indirect,0.10800798984165316,,N/A
_:b187,bonusPoints,0.0884151719531116,0.16359009695361315,0.0,False,DatavaluedPropertyAtom,BonusPoints,0.07073213756248929,0.118557968704714,0.16666666666666666,6,indirect,0.10800798984165316,,N/A
additional-name,Tiny_stash,0.11933602396709708,0.16826487288281142,0.0415518252487452,False,unknown,Reward,0.1037791842234267,0.10189130203804733,0.14285714285714285,7,indirect,0.10799695471321474,,N/A
family-name,Tiny_stash,0.11931145037851265,0.16827026655000746,0.0415518252487452,False,unknown,Reward,0.10375952535255917,0.10189130203804733,0.14285714285714285,7,indirect,0.10798835395721018,,N/A
given-name,Tiny_stash,0.11930101166103808,0.16827257128372566,0.0415518252487452,False,unknown,Reward,0.10375117437857952,0.10189130203804733,0.14285714285714285,7,indirect,0.10798470040609409,,N/A
honorific-prefix,Tiny_stash,0.11929657159844727,0.1682735479101606,0.0415518252487452,False,unknown,Reward,0.10374762232850686,0.10189130203804733,0.14285714285714285,7,indirect,0.10798314638418731,,N/A
honorific-suffix,Tiny_stash,0.1192946926761463,0.1682739834802705,0.0415518252487452,False,unknown,Reward,0.10374611919066608,0.10189130203804733,0.14285714285714285,7,indirect,0.10798248876138197,,N/A
_:b233,bonusPoints,0.08831168068266013,0.16361412870229208,0.0,False,ClassAtom,BonusPoints,0.0706493445461281,0.118557968704714,0.16666666666666666,6,indirect,0.10797176789699514,,N/A
_:b234,bonusPoints,0.08831168068266013,0.16361412870229208,0.0,False,ClassAtom,BonusPoints,0.0706493445461281,0.118557968704714,0.16666666666666666,6,indirect,0.10797176789699514,,N/A
_:b238,bonusPoints,0.08831168068266013,0.16361412870229208,0.0,False,ClassAtom,BonusPoints,0.0706493445461281,0.118557968704714,0.16666666666666666,6,indirect,0.10797176789699514,,N/A
_:b239,bonusPoints,0.08831168068266013,0.16361412870229208,0.0,False,ClassAtom,BonusPoints,0.0706493445461281,0.118557968704714,0.16666666666666666,6,indirect,0.10797176789699514,,N/A
_:b84,bonusPoints,0.08829889074907536,0.16362089848438968,0.0,False,ClassAtom,BonusPoints,0.0706391125992603,0.118557968704714,0.16666666666666666,6,indirect,0.10796729142024047,,N/A
_:b244,bonusPoints,0.08829889074907536,0.16362089848438968,0.0,False,ClassAtom,BonusPoints,0.0706391125992603,0.118557968704714,0.16666666666666666,6,indirect,0.10796729142024047,,N/A
_:b243,bonusPoints,0.08829889074907536,0.16362089848438968,0.0,False,ClassAtom,BonusPoints,0.0706391125992603,0.118557968704714,0.16666666666666666,6,indirect,0.10796729142024047,,N/A
_:b88,bonusPoints,0.08829889074907536,0.16362089848438968,0.0,False,ClassAtom,BonusPoints,0.0706391125992603,0.118557968704714,0.16666666666666666,6,indirect,0.10796729142024047,,N/A
_:b73,bonusPoints,0.08829889074907536,0.16362089848438968,0.0,False,ClassAtom,BonusPoints,0.0706391125992603,0.118557968704714,0.16666666666666666,6,indirect,0.10796729142024047,,N/A
_:b285,bonusPoints,0.08829889074907536,0.16362089848438968,0.0,False,ClassAtom,BonusPoints,0.0706391125992603,0.118557968704714,0.16666666666666666,6,indirect,0.10796729142024047,,N/A
_:b278,bonusPoints,0.08829888478861089,0.16362088516938628,0.0,False,ClassAtom,BonusPoints,0.07063910783088871,0.118557968704714,0.16666666666666666,6,indirect,0.10796728933407791,,N/A
_:b77,bonusPoints,0.08829888478861089,0.16362088516938628,0.0,False,ClassAtom,BonusPoints,0.07063910783088871,0.118557968704714,0.16666666666666666,6,indirect,0.10796728933407791,,N/A
_:b66,bonusPoints,0.08829888478861089,0.16362088516938628,0.0,False,ClassAtom,BonusPoints,0.07063910783088871,0.118557968704714,0.16666666666666666,6,indirect,0.10796728933407791,,N/A
_:b267,bonusPoints,0.08829888478861089,0.16362088516938628,0.0,False,ClassAtom,BonusPoints,0.07063910783088871,0.118557968704714,0.16666666666666666,6,indirect,0.10796728933407791,,N/A
_:b248,bonusPoints,0.08829888478861089,0.16362088516938628,0.0,False,ClassAtom,BonusPoints,0.07063910783088871,0.118557968704714,0.16666666666666666,6,indirect,0.10796728933407791,,N/A
topic,Tiny_stash,0.11912043802814624,0.16660781855164683,0.0415518252487452,False,AnnotationProperty,Reward,0.10360671547226603,0.10189130203804733,0.14285714285714285,7,indirect,0.10792149963458195,,N/A
section,Tiny_stash,0.11912040822582386,0.1666077537811082,0.0415518252487452,False,AnnotationProperty,Reward,0.10360669163040813,0.10189130203804733,0.14285714285714285,7,indirect,0.10792148920376912,,N/A
pages,Tiny_stash,0.11912040822582386,0.1666077537811082,0.0415518252487452,False,AnnotationProperty,Reward,0.10360669163040813,0.10189130203804733,0.14285714285714285,7,indirect,0.10792148920376912,,N/A
content,Tiny_stash,0.11912040822582386,0.1666077537811082,0.0415518252487452,False,AnnotationProperty,Reward,0.10360669163040813,0.10189130203804733,0.14285714285714285,7,indirect,0.10792148920376912,,N/A
pageEnd,Tiny_stash,0.11912040822582386,0.1666077537811082,0.0415518252487452,False,AnnotationProperty,Reward,0.10360669163040813,0.10189130203804733,0.14285714285714285,7,indirect,0.10792148920376912,,N/A
content_encoded,Tiny_stash,0.11912040822582386,0.1666077537811082,0.0415518252487452,False,AnnotationProperty,Reward,0.10360669163040813,0.10189130203804733,0.14285714285714285,7,indirect,0.10792148920376912,,N/A
determine iof the teacher's objective is behavioural objective,BLockGame,0.16020651063806712,0.15662654530236,0.12935257077791257,False,unknown,Badge,0.1540357226660362,0.0796690798158251,0.1111111111111111,9,indirect,0.1078571806036098,,N/A
Reflective,Level_Up,0.18643127722865108,0.12570066424917753,1.0,False,Class,Level,0.34914502178292084,0.06552766567441097,0.09090909090909091,11,indirect,0.10784392971839502,,N/A
Sequential,Level_Up,0.18643127722865108,0.12570066424917753,1.0,False,Class,Level,0.34914502178292084,0.06552766567441097,0.09090909090909091,11,indirect,0.10784392971839502,,N/A
_:b204,bonusPoints,0.08771412053785947,0.16410136104928527,0.0,False,IndividualPropertyAtom,BonusPoints,0.07017129643028758,0.118557968704714,0.16666666666666666,6,indirect,0.10776262184631491,,N/A
n,Tiny_stash,0.15984936934467225,0.16130502389640744,0.0415518252487452,False,unknown,Reward,0.13618986052548687,0.0796690798158251,0.1111111111111111,9,indirect,0.1077321811509216,,N/A
_:b17,Stash,0.14147634741116383,0.15357422097969242,0.9172442572270822,False,Restriction,Reward,0.2966299293743475,0.08939130203804733,0.125,8,indirect,0.10762106791863811,,N/A
_:b18,Stash,0.14147634741116383,0.15357422097969242,0.9172442572270822,False,Restriction,Reward,0.2966299293743475,0.08939130203804733,0.125,8,indirect,0.10762106791863811,,N/A
_:b15,Stash,0.14147634741116383,0.15357422097969242,0.9172442572270822,False,Restriction,Reward,0.2966299293743475,0.08939130203804733,0.125,8,indirect,0.10762106791863811,,N/A
pp,Tiny_stash,0.1181820296361084,0.1671542931131881,0.0415518252487452,False,Variable,Reward,0.10285598875863576,0.10189130203804733,0.14285714285714285,7,indirect,0.10759305669736871,,N/A
ip,Tiny_stash,0.1181820296361084,0.1671542931131881,0.0415518252487452,False,Variable,Reward,0.10285598875863576,0.10189130203804733,0.14285714285714285,7,indirect,0.10759305669736871,,N/A
l2,Tiny_stash,0.11810046789473587,0.167179246115726,0.0415518252487452,False,Variable,Reward,0.10279073936553774,0.10189130203804733,0.14285714285714285,7,indirect,0.10756451008788831,,N/A
_:b256,BLockGame,0.1412099985370457,0.16485706023106644,0.12935257077791257,False,ClassAtom,Badge,0.13883851298521907,0.08939130203804733,0.125,8,indirect,0.10752784581269675,,N/A
_:b107,bonusPoints,0.08702347733833043,0.16440818455971284,0.0,False,IndividualPropertyAtom,BonusPoints,0.06961878187066435,0.118557968704714,0.16666666666666666,6,indirect,0.10752089672647974,,N/A
Image,BLockGame,0.15905112974439647,0.15505913969134813,0.12935257077791257,False,unknown,Badge,0.15311141795109973,0.0796690798158251,0.1111111111111111,9,indirect,0.10745279729082508,,N/A
ExperiencePointsLeaderboard,bonusPoints,0.0866858067113291,0.16453653516882463,0.0,False,Class,BonusPoints,0.06934864536906328,0.118557968704714,0.16666666666666666,6,indirect,0.10740271200702928,,N/A
_:b101,bonusPoints,0.08660580669875234,0.16457586766886673,0.0,False,AtomList,BonusPoints,0.06928464535900188,0.118557968704714,0.16666666666666666,6,indirect,0.10737471200262741,,N/A
_:b257,bonusPoints,0.0866036702093372,0.1645769829825757,0.0,False,AtomList,BonusPoints,0.06928293616746976,0.118557968704714,0.16666666666666666,6,indirect,0.10737396423133211,,N/A
_:b253,bonusPoints,0.08659187793354833,0.1645831558110403,0.0,False,AtomList,BonusPoints,0.06927350234683867,0.118557968704714,0.16666666666666666,6,indirect,0.107369836934806,,N/A
indexKey,Level_Up,0.1586265057730639,0.1477127782788881,1.0,False,DatatypeProperty,Level,0.3269012046184511,0.0796690798158251,0.1111111111111111,9,indirect,0.10730417890085867,,N/A
has_Experience_Level,Level_Up,0.1586264998125994,0.1477127657671337,1.0,False,DatatypeProperty,Level,0.32690119985007954,0.0796690798158251,0.1111111111111111,9,indirect,0.1073041768146961,,N/A
hasgamificationExperienceLevel,Level_Up,0.1586264759707415,0.14771271572011754,1.0,False,DatatypeProperty,Level,0.32690118077659325,0.0796690798158251,0.1111111111111111,9,indirect,0.10730416847004584,,N/A
number,bonusPoints,0.1172100648549114,0.14835244579677004,0.0,False,AnnotationProperty,BonusPoints,0.09376805188392912,0.10189130203804733,0.14285714285714285,7,indirect,0.10725286902394976,,N/A
_:b37,bonusPoints,0.08605593246625051,0.16479609539969733,0.0,False,unknown,BonusPoints,0.06884474597300042,0.118557968704714,0.16666666666666666,6,indirect,0.10718225602125178,,N/A
_:b105,bonusPoints,0.08604672461673937,0.1648010211228336,0.0,False,unknown,BonusPoints,0.0688373796933915,0.118557968704714,0.16666666666666666,6,indirect,0.10717903327392288,,N/A
_:b174,bonusPoints,0.0860409129062794,0.16480413033619554,0.0,False,unknown,BonusPoints,0.06883273032502352,0.118557968704714,0.16666666666666666,6,indirect,0.10717699917526188,,N/A
_:b163,bonusPoints,0.0860409129062794,0.16480413033619554,0.0,False,unknown,BonusPoints,0.06883273032502352,0.118557968704714,0.16666666666666666,6,indirect,0.10717699917526188,,N/A
_:b185,bonusPoints,0.0860409129062794,0.16480413033619554,0.0,False,unknown,BonusPoints,0.06883273032502352,0.118557968704714,0.16666666666666666,6,indirect,0.10717699917526188,,N/A
_:b192,bonusPoints,0.08587090201076404,0.16502211393747446,0.0,False,AtomList,BonusPoints,0.06869672160861123,0.118557968704714,0.16666666666666666,6,indirect,0.10711749536183152,,N/A
_:b249,bonusPoints,0.08586028100835019,0.16502759537135417,0.0,False,AtomList,BonusPoints,0.06868822480668016,0.118557968704714,0.16666666666666666,6,indirect,0.10711377801098666,,N/A
_:b170,bonusPoints,0.08586028100835019,0.16502759537135417,0.0,False,AtomList,BonusPoints,0.06868822480668016,0.118557968704714,0.16666666666666666,6,indirect,0.10711377801098666,,N/A
_:b78,bonusPoints,0.08586028100835019,0.16502759537135417,0.0,False,AtomList,BonusPoints,0.06868822480668016,0.118557968704714,0.16666666666666666,6,indirect,0.10711377801098666,,N/A
_:b203,bonusPoints,0.08586028100835019,0.16502759537135417,0.0,False,AtomList,BonusPoints,0.06868822480668016,0.118557968704714,0.16666666666666666,6,indirect,0.10711377801098666,,N/A
_:b159,bonusPoints,0.08586028100835019,0.16502759537135417,0.0,False,AtomList,BonusPoints,0.06868822480668016,0.118557968704714,0.16666666666666666,6,indirect,0.10711377801098666,,N/A
_:b268,bonusPoints,0.08586028100835019,0.16502759537135417,0.0,False,AtomList,BonusPoints,0.06868822480668016,0.118557968704714,0.16666666666666666,6,indirect,0.10711377801098666,,N/A
_:b67,bonusPoints,0.08586028100835019,0.16502759537135417,0.0,False,AtomList,BonusPoints,0.06868822480668016,0.118557968704714,0.16666666666666666,6,indirect,0.10711377801098666,,N/A
_:b279,bonusPoints,0.08586028100835019,0.16502759537135417,0.0,False,AtomList,BonusPoints,0.06868822480668016,0.118557968704714,0.16666666666666666,6,indirect,0.10711377801098666,,N/A
_:b181,bonusPoints,0.08586028100835019,0.16502759537135417,0.0,False,AtomList,BonusPoints,0.06868822480668016,0.118557968704714,0.16666666666666666,6,indirect,0.10711377801098666,,N/A
_:b262,BLockGame,0.1398851778330362,0.1654945881653226,0.12935257077791257,False,ClassAtom,Badge,0.13777865642201148,0.08939130203804733,0.125,8,indirect,0.10706415856629344,,N/A
_:b26,bonusPoints,0.08567976060967411,0.16505042107830725,0.0,False,unknown,BonusPoints,0.06854380848773929,0.118557968704714,0.16666666666666666,6,indirect,0.10705059587145004,,N/A
_:b144,BLockGame,0.13982967319000744,0.16552600134154746,0.12935257077791257,False,ClassAtom,Badge,0.1377342527075885,0.08939130203804733,0.125,8,indirect,0.10704473194123337,,N/A
_:b115,BLockGame,0.13982967319000744,0.16552600134154746,0.12935257077791257,False,ClassAtom,Badge,0.1377342527075885,0.08939130203804733,0.125,8,indirect,0.10704473194123337,,N/A
_:b133,BLockGame,0.13982967319000744,0.16552600134154746,0.12935257077791257,False,ClassAtom,Badge,0.1377342527075885,0.08939130203804733,0.125,8,indirect,0.10704473194123337,,N/A
_:b124,BLockGame,0.13982967319000744,0.16552600134154746,0.12935257077791257,False,ClassAtom,Badge,0.1377342527075885,0.08939130203804733,0.125,8,indirect,0.10704473194123337,,N/A
_:b215,BLockGame,0.13982967319000744,0.16552600134154746,0.12935257077791257,False,ClassAtom,Badge,0.1377342527075885,0.08939130203804733,0.125,8,indirect,0.10704473194123337,,N/A
_:b226,BLockGame,0.13982967319000744,0.16552600134154746,0.12935257077791257,False,ClassAtom,Badge,0.1377342527075885,0.08939130203804733,0.125,8,indirect,0.10704473194123337,,N/A
_:b206,BLockGame,0.139829655308614,0.16552596145974158,0.12935257077791257,False,ClassAtom,Badge,0.13773423840247373,0.08939130203804733,0.125,8,indirect,0.10704472568274567,,N/A
_:b32,bonusPoints,0.08565405162248725,0.16506396815805935,0.0,False,unknown,BonusPoints,0.0685232412979898,0.118557968704714,0.16666666666666666,6,indirect,0.10704159772593463,,N/A
_:b38,bonusPoints,0.08564314033283046,0.16506970246905273,0.0,False,unknown,BonusPoints,0.06851451226626437,0.118557968704714,0.16666666666666666,6,indirect,0.10703777877455475,,N/A
_:b44,bonusPoints,0.08563850769095911,0.16507214430495415,0.0,False,unknown,BonusPoints,0.06851080615276729,0.118557968704714,0.16666666666666666,6,indirect,0.10703615734989978,,N/A
_:b49,bonusPoints,0.08563654464917655,0.1650731955098168,0.0,False,unknown,BonusPoints,0.06850923571934124,0.118557968704714,0.16666666666666666,6,indirect,0.1070354702852759,,N/A
_:b19,bonusPoints,0.08554191919234053,0.16512313362151518,0.0,False,unknown,BonusPoints,0.06843353535387242,0.118557968704714,0.16666666666666666,6,indirect,0.10700235137538328,,N/A
_:b53,bonusPoints,0.08554191919234053,0.16512313362151518,0.0,False,unknown,BonusPoints,0.06843353535387242,0.118557968704714,0.16666666666666666,6,indirect,0.10700235137538328,,N/A
_:b21,bonusPoints,0.08550030104941338,0.16514511595605105,0.0,False,unknown,BonusPoints,0.06840024083953071,0.118557968704714,0.16666666666666666,6,indirect,0.10698778502535877,,N/A
additional-name,Stash,0.1393902021747928,0.14812036293501313,0.9172442572270822,False,unknown,Reward,0.2949610131852507,0.08939130203804733,0.125,8,indirect,0.10689091708590825,,N/A
family-name,Stash,0.139356029184201,0.14813618828275665,0.9172442572270822,False,unknown,Reward,0.29493367479277727,0.08939130203804733,0.125,8,indirect,0.10687895653920113,,N/A
given-name,Stash,0.13934150695462438,0.1481429151320824,0.9172442572270822,False,unknown,Reward,0.29492205700911595,0.08939130203804733,0.125,8,indirect,0.1068738737588493,,N/A
Novice,Tiny_stash,0.0851693583444898,0.16309747444446798,0.0415518252487452,False,NamedIndividual,Reward,0.07644585172534088,0.118557968704714,0.16666666666666666,6,indirect,0.10687195507863553,,N/A
Performance,Tiny_stash,0.0851693583444898,0.16309747444446798,0.0415518252487452,False,NamedIndividual,Reward,0.07644585172534088,0.118557968704714,0.16666666666666666,6,indirect,0.10687195507863553,,N/A
honorific-prefix,Stash,0.1393353308771453,0.14814577187544659,0.9172442572270822,False,unknown,Reward,0.2949171161471327,0.08939130203804733,0.125,8,indirect,0.10687171213173163,,N/A
honorific-suffix,Stash,0.13933270773170037,0.148146994244784,0.9172442572270822,False,unknown,Reward,0.29491501763077677,0.08939130203804733,0.125,8,indirect,0.10687079403082589,,N/A
_:b229,BLockGame,0.13908558902777077,0.16590935854257383,0.12935257077791257,False,ClassAtom,Badge,0.13713898537779912,0.08939130203804733,0.125,8,indirect,0.10678430248445053,,N/A
_:b136,BLockGame,0.13908558902777077,0.16590935854257383,0.12935257077791257,False,ClassAtom,Badge,0.13713898537779912,0.08939130203804733,0.125,8,indirect,0.10678430248445053,,N/A
_:b218,BLockGame,0.13908558902777077,0.16590935854257383,0.12935257077791257,False,ClassAtom,Badge,0.13713898537779912,0.08939130203804733,0.125,8,indirect,0.10678430248445053,,N/A
_:b147,BLockGame,0.13908558306730628,0.16590934524592635,0.12935257077791257,False,ClassAtom,Badge,0.13713898060942753,0.08939130203804733,0.125,8,indirect,0.10678430039828797,,N/A
_:b153,BLockGame,0.1390855234626615,0.16590921227945182,0.12935257077791257,False,ClassAtom,Badge,0.13713893292571172,0.08939130203804733,0.125,8,indirect,0.1067842795366623,,N/A
language for the transcript of the course's resources,Tiny_stash,0.08455539143013725,0.16483129004858993,0.0415518252487452,False,unknown,Reward,0.07595467819385884,0.118557968704714,0.16666666666666666,6,indirect,0.10665706665861213,,N/A
Whether it is flexible or has certain deadlines,Tiny_stash,0.08455539143013725,0.16483129004858993,0.0415518252487452,False,unknown,Reward,0.07595467819385884,0.118557968704714,0.16666666666666666,6,indirect,0.10665706665861213,,N/A
rating of course from 0 to 5.,Tiny_stash,0.08455539143013725,0.16483129004858993,0.0415518252487452,False,unknown,Reward,0.07595467819385884,0.118557968704714,0.16666666666666666,6,indirect,0.10665706665861213,,N/A
the original language inwhich the course is created with,Tiny_stash,0.08455539143013725,0.16483129004858993,0.0415518252487452,False,unknown,Reward,0.07595467819385884,0.118557968704714,0.16666666666666666,6,indirect,0.10665706665861213,,N/A
total number of learners enrolled to the course throughout the years,Tiny_stash,0.08455539143013725,0.16483129004858993,0.0415518252487452,False,unknown,Reward,0.07595467819385884,0.118557968704714,0.16666666666666666,6,indirect,0.10665706665861213,,N/A
Number of hours for completing the course,Tiny_stash,0.08455539143013725,0.16483129004858993,0.0415518252487452,False,unknown,Reward,0.07595467819385884,0.118557968704714,0.16666666666666666,6,indirect,0.10665706665861213,,N/A
t2,BLockGame,0.15613899260083347,0.15831554431943706,0.12935257077791257,False,Variable,Badge,0.1507817082362493,0.0796690798158251,0.1111111111111111,9,indirect,0.10643354929057802,,N/A
t1,BLockGame,0.15601824865300057,0.15835990808609002,0.12935257077791257,False,Variable,Badge,0.150685113077983,0.0796690798158251,0.1111111111111111,9,indirect,0.1063912889088365,,N/A
depicts,Level_Up,0.15570662953162015,0.1495543931567711,1.0,False,AnnotationProperty,Level,0.3245653036252961,0.0796690798158251,0.1111111111111111,9,indirect,0.10628222221635336,,N/A
chapter,Level_Up,0.15570662953162015,0.1495543931567711,1.0,False,AnnotationProperty,Level,0.3245653036252961,0.0796690798158251,0.1111111111111111,9,indirect,0.10628222221635336,,N/A
bonus resource for lesson 7 Event Handler and Listener,Tiny_stash,0.08261860222909054,0.16583016737135112,0.0415518252487452,False,unknown,Reward,0.07440524683302147,0.118557968704714,0.16666666666666666,6,indirect,0.10597919043824579,,N/A
"ressource bonus pour la leçon 7 ""Event Handler and Listener""",Tiny_stash,0.08261860222909054,0.16583016737135112,0.0415518252487452,False,unknown,Reward,0.07440524683302147,0.118557968704714,0.16666666666666666,6,indirect,0.10597919043824579,,N/A
bonus resource for lesson 8 Exception Handling,Tiny_stash,0.08260223448538788,0.16583990264227608,0.0415518252487452,False,unknown,Reward,0.07439215263805934,0.118557968704714,0.16666666666666666,6,indirect,0.10597346172794986,,N/A
ressource bonus pour la leçon 8 Gestion des exceptions,Tiny_stash,0.08260223448538788,0.16583990264227608,0.0415518252487452,False,unknown,Reward,0.07439215263805934,0.118557968704714,0.16666666666666666,6,indirect,0.10597346172794986,,N/A
bonus resource for lesson 9 Input and Output Stream,Tiny_stash,0.0825879032705476,0.16584846211941004,0.0415518252487452,False,unknown,Reward,0.07438068766618712,0.118557968704714,0.16666666666666666,6,indirect,0.10596844580275576,,N/A
ressource bonus pour la leçon 9 Flux d'entrée et de sortie,Tiny_stash,0.0825879032705476,0.16584846211941004,0.0415518252487452,False,unknown,Reward,0.07438068766618712,0.118557968704714,0.16666666666666666,6,indirect,0.10596844580275576,,N/A
_:b198,BLockGame,0.1367166142970814,0.16734412641750365,0.12935257077791257,False,DatavaluedPropertyAtom,Badge,0.13524380559324764,0.08939130203804733,0.125,8,indirect,0.10595516132870926,,N/A
_:b187,BLockGame,0.13667273679714362,0.1673669309929505,0.12935257077791257,False,DatavaluedPropertyAtom,Badge,0.1352087035932974,0.08939130203804733,0.125,8,indirect,0.10593980420373103,,N/A
_:b176,BLockGame,0.13667273679714362,0.1673669309929505,0.12935257077791257,False,DatavaluedPropertyAtom,Badge,0.1352087035932974,0.08939130203804733,0.125,8,indirect,0.10593980420373103,,N/A
_:b165,BLockGame,0.13667273679714362,0.1673669309929505,0.12935257077791257,False,DatavaluedPropertyAtom,Badge,0.1352087035932974,0.08939130203804733,0.125,8,indirect,0.10593980420373103,,N/A
_:b10,BLockGame,0.13646477086681313,0.1627956164629112,0.12935257077791257,False,Restriction,Badge,0.13504233084903303,0.08939130203804733,0.125,8,indirect,0.10586701612811536,,N/A
Advanced,Tiny_stash,0.08215736726523627,0.1647341068321653,0.0415518252487452,False,unknown,Reward,0.07403625886193806,0.118557968704714,0.16666666666666666,6,indirect,0.10581775820089678,,N/A
Motivation,Tiny_stash,0.0821573012037175,0.16473414336044362,0.0415518252487452,False,unknown,Reward,0.07403620601272304,0.118557968704714,0.16666666666666666,6,indirect,0.10581773507936522,,N/A
"index key for the resource ""Java FX""",Tiny_stash,0.08207214768029383,0.16613059606130995,0.0415518252487452,False,unknown,Reward,0.07396808319398411,0.118557968704714,0.16666666666666666,6,indirect,0.10578793134616693,,N/A
Error2,BLockGame,0.16854969232354017,0.1551564045052068,0.12935257077791257,False,Class,Badge,0.16071026801441468,0.07189130203804733,0.1,10,indirect,0.10572173863796983,,N/A
Film,Tiny_stash,0.11276475975468855,0.1689197892051294,0.0415518252487452,False,Class,Reward,0.09852217285349989,0.10189130203804733,0.14285714285714285,7,indirect,0.10569701223887176,,N/A
isMoreExpertThan,Tiny_stash,0.11255908167998618,0.16665783611607665,0.0415518252487452,False,ObjectProperty,Reward,0.09835763039373799,0.10189130203804733,0.14285714285714285,7,indirect,0.10562502491272593,,N/A
_:b233,BLockGame,0.13561319718519516,0.16786920837005212,0.12935257077791257,False,ClassAtom,Badge,0.13436107190373864,0.08939130203804733,0.125,8,indirect,0.10556896533954907,,N/A
_:b234,BLockGame,0.13561319718519516,0.16786920837005212,0.12935257077791257,False,ClassAtom,Badge,0.13436107190373864,0.08939130203804733,0.125,8,indirect,0.10556896533954907,,N/A
_:b239,BLockGame,0.13561319718519516,0.16786920837005212,0.12935257077791257,False,ClassAtom,Badge,0.13436107190373864,0.08939130203804733,0.125,8,indirect,0.10556896533954907,,N/A
_:b238,BLockGame,0.13561319718519516,0.16786920837005212,0.12935257077791257,False,ClassAtom,Badge,0.13436107190373864,0.08939130203804733,0.125,8,indirect,0.10556896533954907,,N/A
_:b243,BLockGame,0.13557084900750915,0.16789162408756023,0.12935257077791257,False,ClassAtom,Badge,0.13432719336158983,0.08939130203804733,0.125,8,indirect,0.10555414347735897,,N/A
_:b285,BLockGame,0.13557083112611573,0.16789158420055966,0.12935257077791257,False,ClassAtom,Badge,0.13432717905647512,0.08939130203804733,0.125,8,indirect,0.10555413721887127,,N/A
_:b84,BLockGame,0.13557083112611573,0.16789158420055966,0.12935257077791257,False,ClassAtom,Badge,0.13432717905647512,0.08939130203804733,0.125,8,indirect,0.10555413721887127,,N/A
_:b244,BLockGame,0.13557083112611573,0.16789158420055966,0.12935257077791257,False,ClassAtom,Badge,0.13432717905647512,0.08939130203804733,0.125,8,indirect,0.10555413721887127,,N/A
_:b73,BLockGame,0.13557083112611573,0.16789158420055966,0.12935257077791257,False,ClassAtom,Badge,0.13432717905647512,0.08939130203804733,0.125,8,indirect,0.10555413721887127,,N/A
_:b154,BLockGame,0.13557082516565125,0.16789157090489282,0.12935257077791257,False,ClassAtom,Badge,0.13432717428810353,0.08939130203804733,0.125,8,indirect,0.1055541351327087,,N/A
GE,Stash,0.1534465066221152,0.14931427566766006,0.9172442572270822,False,Variable,Reward,0.30620605674310863,0.0796690798158251,0.1111111111111111,9,indirect,0.10549117919802664,,N/A
ge,Stash,0.1534104286521079,0.14932299535448695,0.9172442572270822,False,Variable,Reward,0.3061771943671028,0.0796690798158251,0.1111111111111111,9,indirect,0.10547855190852409,,N/A
pageStart,bonusPoints,0.11208713209426438,0.15268723633756942,0.0,False,AnnotationProperty,BonusPoints,0.0896697056754115,0.10189130203804733,0.14285714285714285,7,indirect,0.1054598425577233,,N/A
accountServiceHomepage,Level_Up,0.13461049891929763,0.15458547923323337,1.0,False,unknown,Level,0.3076883991354381,0.08939130203804733,0.125,8,indirect,0.10521802094648494,,N/A
_:b95,Stash,0.17888851080177232,0.14088467033771573,0.9172442572270822,False,AtomList,Reward,0.32655966008683435,0.06552766567441097,0.09090909090909091,11,indirect,0.10520396146898744,,N/A
has_answer,Tiny_stash,0.11131291357721404,0.1698476602843821,0.0415518252487452,False,unknown,Reward,0.09736069591152027,0.10189130203804733,0.14285714285714285,7,indirect,0.10518886607675568,,N/A
has_target,Tiny_stash,0.11131288377489165,0.16984759503690616,0.0415518252487452,False,unknown,Reward,0.09736067206966237,0.10189130203804733,0.14285714285714285,7,indirect,0.10518885564594284,,N/A
has_body_for_annotation,Tiny_stash,0.11131288377489165,0.16984759503690616,0.0415518252487452,False,unknown,Reward,0.09736067206966237,0.10189130203804733,0.14285714285714285,7,indirect,0.10518885564594284,,N/A
Bonus,Level_Up,0.11121062444000403,0.1526119950315569,1.0,False,NamedIndividual,Level,0.2889684995520032,0.10189130203804733,0.14285714285714285,7,indirect,0.10515306487873217,,N/A
Exception_Handling,Motrain,0.1343522478895098,0.18564411910515238,0.0,False,Lesson,GameElementResource,0.10748179831160785,0.08939130203804733,0.125,8,indirect,0.1051276330860592,,N/A
_:b93,Stash,0.1781596956803812,0.14138255964489493,0.9172442572270822,False,AtomList,Reward,0.3259766079897214,0.06552766567441097,0.09090909090909091,11,indirect,0.10494887617650056,,N/A
l2,Stash,0.15157152401028817,0.15002314438447292,0.9172442572270822,False,Variable,Reward,0.30470607065364697,0.0796690798158251,0.1111111111111111,9,indirect,0.10483493528388718,,N/A
hasPreLesson,Level_Up,0.1102118852983899,0.1552084474474522,1.0,False,ReflexiveProperty,Level,0.28816950823871196,0.10189130203804733,0.14285714285714285,7,indirect,0.10480350617916723,,N/A
_:b91,Stash,0.17734708436039076,0.14191660516821794,0.9172442572270822,False,AtomList,Reward,0.3253265189337291,0.06552766567441097,0.09090909090909091,11,indirect,0.1046644622145039,,N/A
Visual,Stash,0.16532792488830977,0.14693836623457804,0.9172442572270822,False,Class,Reward,0.3157111913560643,0.07189130203804733,0.1,10,indirect,0.10459412003563918,,N/A
Sensitive,Stash,0.16532792488830977,0.14693836623457804,0.9172442572270822,False,Class,Reward,0.3157111913560643,0.07189130203804733,0.1,10,indirect,0.10459412003563918,,N/A
Polymorphism,Motrain,0.13269898493894977,0.18923682190252283,0.0,False,Lesson,GameElementResource,0.10615918795115982,0.08939130203804733,0.125,8,indirect,0.10454899105336318,,N/A
_:b8,Tiny_stash,0.10919017612741835,0.16840488581538773,0.0415518252487452,False,Class,Reward,0.09566250595168373,0.10189130203804733,0.14285714285714285,7,indirect,0.10444590796932718,,N/A
Collection,bonusPoints,0.10914596526383342,0.15269450389939984,0.0,False,Class,BonusPoints,0.08731677221106675,0.10189130203804733,0.14285714285714285,7,indirect,0.10443043416707246,,N/A
_:b48,Stash,0.1323250902839434,0.15672172568807316,0.9172442572270822,False,Class,Reward,0.28930892367257116,0.08939130203804733,0.125,8,indirect,0.10441812792411095,,N/A
_:b210,BLockGame,0.1322342434081205,0.17063129631401847,0.12935257077791257,False,AtomList,Badge,0.13165790888207893,0.08939130203804733,0.125,8,indirect,0.10438633151757296,,N/A
_:b149,BLockGame,0.1322342434081205,0.17063129631401847,0.12935257077791257,False,AtomList,Badge,0.13165790888207893,0.08939130203804733,0.125,8,indirect,0.10438633151757296,,N/A
_:b128,BLockGame,0.1322342434081205,0.17063129631401847,0.12935257077791257,False,AtomList,Badge,0.13165790888207893,0.08939130203804733,0.125,8,indirect,0.10438633151757296,,N/A
_:b139,BLockGame,0.1322342434081205,0.17063129631401847,0.12935257077791257,False,AtomList,Badge,0.13165790888207893,0.08939130203804733,0.125,8,indirect,0.10438633151757296,,N/A
_:b221,BLockGame,0.1322342434081205,0.17063129631401847,0.12935257077791257,False,AtomList,Badge,0.13165790888207893,0.08939130203804733,0.125,8,indirect,0.10438633151757296,,N/A
determine iof the teacher's objective is behavioural objective,bonusPoints,0.10891088178173063,0.15289483278048097,0.0,False,unknown,BonusPoints,0.0871287054253845,0.10189130203804733,0.14285714285714285,7,indirect,0.10434815494833649,,N/A
hasPart,bonusPoints,0.13201117925196307,0.14333989996443966,0.0,False,unknown,BonusPoints,0.10560894340157045,0.08939130203804733,0.125,8,indirect,0.10430825906291785,,N/A
hasPedagogicalObjective,BLockGame,0.14955640835647926,0.15767237575697948,0.12935257077791257,False,ObjectProperty,Badge,0.14551564084076593,0.0796690798158251,0.1111111111111111,9,indirect,0.10412964480505406,,N/A
locator,bonusPoints,0.10813100135317485,0.1539184022154444,0.0,False,AnnotationProperty,BonusPoints,0.08650480108253988,0.10189130203804733,0.14285714285714285,7,indirect,0.10407519679834196,,N/A
link exxperience level with number: expert=6,Level_Up,0.10800467263354352,0.15482172401085562,1.0,False,unknown,Level,0.28640373810683484,0.10189130203804733,0.14285714285714285,7,indirect,0.10403098174647099,,N/A
link exxperience level with number: expert=4,Level_Up,0.10800467263354352,0.15482172401085562,1.0,False,unknown,Level,0.28640373810683484,0.10189130203804733,0.14285714285714285,7,indirect,0.10403098174647099,,N/A
subclass to class,Level_Up,0.10800467263354352,0.15482172401085562,1.0,False,unknown,Level,0.28640373810683484,0.10189130203804733,0.14285714285714285,7,indirect,0.10403098174647099,,N/A
Linking leaderboard to resources with objective competition,Level_Up,0.10800467263354352,0.15482172401085562,1.0,False,unknown,Level,0.28640373810683484,0.10189130203804733,0.14285714285714285,7,indirect,0.10403098174647099,,N/A
link exxperience level with number: expert=2,Level_Up,0.10800467263354352,0.15482172401085562,1.0,False,unknown,Level,0.28640373810683484,0.10189130203804733,0.14285714285714285,7,indirect,0.10403098174647099,,N/A
linking bonus resources with teaaccher exploration objective,Level_Up,0.10800467263354352,0.15482172401085562,1.0,False,unknown,Level,0.28640373810683484,0.10189130203804733,0.14285714285714285,7,indirect,0.10403098174647099,,N/A
game elements relevant to behavioural objectives,Level_Up,0.10800467263354352,0.15482172401085562,1.0,False,unknown,Level,0.28640373810683484,0.10189130203804733,0.14285714285714285,7,indirect,0.10403098174647099,,N/A
Identify the more expert teacher between two teachers,Level_Up,0.10800467263354352,0.15482172401085562,1.0,False,unknown,Level,0.28640373810683484,0.10189130203804733,0.14285714285714285,7,indirect,0.10403098174647099,,N/A
gamified resource contains one or more game elements,Level_Up,0.10800467263354352,0.15482172401085562,1.0,False,unknown,Level,0.28640373810683484,0.10189130203804733,0.14285714285714285,7,indirect,0.10403098174647099,,N/A
pp,Stash,0.14903202227862689,0.1511834534509172,0.9172442572270822,False,Variable,Reward,0.302674469268318,0.0796690798158251,0.1111111111111111,9,indirect,0.10394610967780572,,N/A
ip,Stash,0.14903202227862689,0.1511834534509172,0.9172442572270822,False,Variable,Reward,0.302674469268318,0.0796690798158251,0.1111111111111111,9,indirect,0.10394610967780572,,N/A
t2,bonusPoints,0.1075474541497645,0.15332454231098153,0.0,False,Variable,BonusPoints,0.0860379633198116,0.10189130203804733,0.14285714285714285,7,indirect,0.10387095527714833,,N/A
t1,bonusPoints,0.10748460651186072,0.15335355491822325,0.0,False,Variable,BonusPoints,0.08598768520948857,0.10189130203804733,0.14285714285714285,7,indirect,0.10384895860388202,,N/A
interacts,Level_Up,0.14874751301282865,0.14928891688187754,1.0,False,unknown,Level,0.31899801041026293,0.0796690798158251,0.1111111111111111,9,indirect,0.10384653143477635,,N/A
has_competency,Level_Up,0.14874751301282865,0.14928891688187754,1.0,False,unknown,Level,0.31899801041026293,0.0796690798158251,0.1111111111111111,9,indirect,0.10384653143477635,,N/A
works_in,Level_Up,0.14874751301282865,0.14928891688187754,1.0,False,unknown,Level,0.31899801041026293,0.0796690798158251,0.1111111111111111,9,indirect,0.10384653143477635,,N/A
has_contact,Level_Up,0.14874751301282865,0.14928891688187754,1.0,False,unknown,Level,0.31899801041026293,0.0796690798158251,0.1111111111111111,9,indirect,0.10384653143477635,,N/A
check if gr has bonus then voluntary,bonusPoints,0.10735054229490307,0.15423361730916904,0.0,False,unknown,BonusPoints,0.08588043383592246,0.10189130203804733,0.14285714285714285,7,indirect,0.10380203612794683,,N/A
_:b2,Tiny_stash,0.10728062876947445,0.16948965975182642,0.0415518252487452,False,Class,Reward,0.0941348680653286,0.10189130203804733,0.14285714285714285,7,indirect,0.10377756639404681,,N/A
_:b12,Tiny_stash,0.10728061684854548,0.16948963324350572,0.0415518252487452,False,Class,Reward,0.09413485852858543,0.10189130203804733,0.14285714285714285,7,indirect,0.10377756222172169,,N/A
interacts,bonusPoints,0.107158453475617,0.15888969510612383,0.0,False,unknown,BonusPoints,0.08572676278049361,0.10189130203804733,0.14285714285714285,7,indirect,0.10373480504119671,,N/A
has_competency,bonusPoints,0.107158453475617,0.15888969510612383,0.0,False,unknown,BonusPoints,0.08572676278049361,0.10189130203804733,0.14285714285714285,7,indirect,0.10373480504119671,,N/A
works_in,bonusPoints,0.107158453475617,0.15888969510612383,0.0,False,unknown,BonusPoints,0.08572676278049361,0.10189130203804733,0.14285714285714285,7,indirect,0.10373480504119671,,N/A
has_contact,bonusPoints,0.107158453475617,0.15888969510612383,0.0,False,unknown,BonusPoints,0.08572676278049361,0.10189130203804733,0.14285714285714285,7,indirect,0.10373480504119671,,N/A
depiction,bonusPoints,0.107158453475617,0.15888969510612383,0.0,False,unknown,BonusPoints,0.08572676278049361,0.10189130203804733,0.14285714285714285,7,indirect,0.10373480504119671,,N/A
LearningStyle,bonusPoints,0.10711584073607161,0.1538484811000927,0.0,False,Class,BonusPoints,0.0856926725888573,0.10189130203804733,0.14285714285714285,7,indirect,0.10371989058235583,,N/A
_:b36,Tiny_stash,0.10683370338361245,0.16978496944502422,0.0415518252487452,False,Class,Reward,0.09377732775663901,0.10189130203804733,0.14285714285714285,7,indirect,0.10362114250899512,,N/A
_:b42,Tiny_stash,0.10682365428809197,0.16978981748306157,0.0415518252487452,False,Class,Reward,0.09376928848022262,0.10189130203804733,0.14285714285714285,7,indirect,0.10361762532556296,,N/A
ScorePointsLeaderboard,Tiny_stash,0.10680508277760126,0.16979878766419296,0.0415518252487452,False,Class,Reward,0.09375443127183004,0.10189130203804733,0.14285714285714285,7,indirect,0.1036111252968912,,N/A
SocialPoints,Tiny_stash,0.10679002688761614,0.16980602059635852,0.0415518252487452,False,Class,Reward,0.09374238655984196,0.10189130203804733,0.14285714285714285,7,indirect,0.10360585573539641,,N/A
ScorePoints,Tiny_stash,0.10679002688761614,0.16980602059635852,0.0415518252487452,False,Class,Reward,0.09374238655984196,0.10189130203804733,0.14285714285714285,7,indirect,0.10360585573539641,,N/A
isMoreExpertThan,Stash,0.1479033463430286,0.15188931556767946,0.9172442572270822,False,ObjectProperty,Reward,0.30177152851983935,0.0796690798158251,0.1111111111111111,9,indirect,0.10355107310034632,,N/A
edition,Level_Up,0.10645166327714035,0.1556257530642954,1.0,False,AnnotationProperty,Level,0.2851613306217123,0.10189130203804733,0.14285714285714285,7,indirect,0.10348742847172988,,N/A
editorList,Level_Up,0.10645166327714035,0.1556257530642954,1.0,False,AnnotationProperty,Level,0.2851613306217123,0.10189130203804733,0.14285714285714285,7,indirect,0.10348742847172988,,N/A
_:b24,Tiny_stash,0.10624645721068418,0.17016196544985523,0.0415518252487452,False,Class,Reward,0.09330753081829639,0.10189130203804733,0.14285714285714285,7,indirect,0.10341560634847022,,N/A
_:b30,Tiny_stash,0.10619069597902278,0.17018851473790503,0.0415518252487452,False,Class,Reward,0.09326292183296726,0.10189130203804733,0.14285714285714285,7,indirect,0.10339608991738874,,N/A
hasLearningStyle,bonusPoints,0.12923878269844138,0.14432724359708324,0.0,False,ObjectProperty,BonusPoints,0.10339102615875312,0.08939130203804733,0.125,8,indirect,0.10333792026918526,,N/A
_:b235,BLockGame,0.12918147339179015,0.17224974464016224,0.12935257077791257,False,Imp,Badge,0.12921569286901463,0.08939130203804733,0.125,8,indirect,0.10331786201185732,,N/A
_:b188,BLockGame,0.12918147339179015,0.17224974464016224,0.12935257077791257,False,Imp,Badge,0.12921569286901463,0.08939130203804733,0.125,8,indirect,0.10331786201185732,,N/A
_:b230,BLockGame,0.12918147339179015,0.17224974464016224,0.12935257077791257,False,Imp,Badge,0.12921569286901463,0.08939130203804733,0.125,8,indirect,0.10331786201185732,,N/A
Princeton_University,Motrain,0.10571009698360993,0.15812526955798384,0.0,False,EducationalInstitution,GameElementResource,0.08456807758688795,0.10189130203804733,0.14285714285714285,7,indirect,0.10322788026899424,,N/A
bonusPoints,Tiny_stash,0.1288768221854349,0.1484364695909548,0.0415518252487452,False,BonusPoints,Reward,0.11141182279809696,0.08939130203804733,0.125,8,indirect,0.10321123408963298,,N/A
Image,bonusPoints,0.1055307450807905,0.15524647971741293,0.0,False,unknown,BonusPoints,0.0844245960646324,0.10189130203804733,0.14285714285714285,7,indirect,0.10316510710300744,,N/A
_:b62,bonusPoints,0.10537889711281134,0.1561323421748209,0.0,False,Restriction,BonusPoints,0.08430311769024908,0.10189130203804733,0.14285714285714285,7,indirect,0.10311196031421474,,N/A
_:b185,BLockGame,0.12858093371940005,0.17174460815788592,0.12935257077791257,False,unknown,Badge,0.12873526113110256,0.08939130203804733,0.125,8,indirect,0.10310767312652078,,N/A
BonusPointsLeaderboard,BLockGame,0.14622928840238095,0.1583166086980606,0.12935257077791257,False,Class,Badge,0.14285394487748726,0.0796690798158251,0.1111111111111111,9,indirect,0.10296515282111965,,N/A
BonusPoints,BLockGame,0.1461942479585819,0.15833621468778955,0.12935257077791257,False,Class,Badge,0.14282591252244803,0.0796690798158251,0.1111111111111111,9,indirect,0.10295288866578998,,N/A
SocialPointsLeaderboard,BLockGame,0.14611194033841743,0.15838221122445173,0.12935257077791257,False,Class,Badge,0.14276006642631645,0.0796690798158251,0.1111111111111111,9,indirect,0.10292408099873242,,N/A
LegalDocument,bonusPoints,0.10478214831004265,0.1546736021755457,0.0,False,Class,BonusPoints,0.08382571864803412,0.10189130203804733,0.14285714285714285,7,indirect,0.1029030982332457,,N/A
_:b37,BLockGame,0.12729732824180126,0.1723425740999672,0.12935257077791257,False,unknown,Badge,0.12770837674902352,0.08939130203804733,0.125,8,indirect,0.1026584112093612,,N/A
_:b105,BLockGame,0.12726685425020468,0.17235952379453645,0.12935257077791257,False,unknown,Badge,0.12768399755574628,0.08939130203804733,0.125,8,indirect,0.1026477453123024,,N/A
ip,bonusPoints,0.10351392508508542,0.15548246931499302,0.0,False,Variable,BonusPoints,0.08281114006806833,0.10189130203804733,0.14285714285714285,7,indirect,0.10245922010451067,,N/A
pp,bonusPoints,0.10351392508508542,0.15548246931499302,0.0,False,Variable,BonusPoints,0.08281114006806833,0.10189130203804733,0.14285714285714285,7,indirect,0.10245922010451067,,N/A
l2,bonusPoints,0.10344758678694739,0.1555159644901296,0.0,False,Variable,BonusPoints,0.08275806942955792,0.10189130203804733,0.14285714285714285,7,indirect,0.10243600170016234,,N/A
hasPedagogicalExperience,bonusPoints,0.10336729979986395,0.15721828779153676,0.0,False,ObjectProperty,BonusPoints,0.08269383983989116,0.10189130203804733,0.14285714285714285,7,indirect,0.10240790125468315,,N/A
translator,bonusPoints,0.10336728787893498,0.15721826150521714,0.0,False,ObjectProperty,BonusPoints,0.08269383030314799,0.10189130203804733,0.14285714285714285,7,indirect,0.10240789708235801,,N/A
wasAssociatedWith,bonusPoints,0.10336728787893498,0.15721826150521714,0.0,False,ObjectProperty,BonusPoints,0.08269383030314799,0.10189130203804733,0.14285714285714285,7,indirect,0.10240789708235801,,N/A
editor,bonusPoints,0.10336728787893498,0.15721826150521714,0.0,False,ObjectProperty,BonusPoints,0.08269383030314799,0.10189130203804733,0.14285714285714285,7,indirect,0.10240789708235801,,N/A
distributor,bonusPoints,0.10336728787893498,0.15721826150521714,0.0,False,ObjectProperty,BonusPoints,0.08269383030314799,0.10189130203804733,0.14285714285714285,7,indirect,0.10240789708235801,,N/A
issuer,bonusPoints,0.10336728787893498,0.15721826150521714,0.0,False,ObjectProperty,BonusPoints,0.08269383030314799,0.10189130203804733,0.14285714285714285,7,indirect,0.10240789708235801,,N/A
_:b19,BLockGame,0.12646896423192272,0.17274373441705593,0.12935257077791257,False,unknown,Badge,0.1270456855411207,0.08939130203804733,0.125,8,indirect,0.10236848380590371,,N/A
_:b53,BLockGame,0.12646896423192272,0.17274373441705593,0.12935257077791257,False,unknown,Badge,0.1270456855411207,0.08939130203804733,0.125,8,indirect,0.10236848380590371,,N/A
Level_Up,bonusPoints,0.12645550632517108,0.160228594936003,0.0,False,Level,BonusPoints,0.10116440506013687,0.08939130203804733,0.125,8,indirect,0.10236377353854065,,N/A
_:b21,BLockGame,0.12633132206769546,0.17281825665742392,0.12935257077791257,False,unknown,Badge,0.12693557180973888,0.08939130203804733,0.125,8,indirect,0.10232030904842418,,N/A
greaterThan,Level_Up,0.10295413584177524,0.1563163009395659,1.0,False,unknown,Level,0.2823633086734202,0.10189130203804733,0.14285714285714285,7,indirect,0.1022632938693521,,N/A
_:b257,BLockGame,0.12613966860388284,0.1730103495909356,0.12935257077791257,False,AtomList,Badge,0.1267822490386888,0.08939130203804733,0.125,8,indirect,0.10225323033608977,,N/A
hasPreLesson,Stash,0.1029168457761589,0.15673665463153602,0.9172442572270822,False,ReflexiveProperty,Reward,0.26578232806634355,0.10189130203804733,0.14285714285714285,7,indirect,0.10225024234638638,,N/A
_:b26,BLockGame,0.12559124004284244,0.17323323868560783,0.12935257077791257,False,unknown,Badge,0.12634350618985646,0.08939130203804733,0.125,8,indirect,0.10206128033972563,,N/A
editorList,bonusPoints,0.10236899293836477,0.15785461703852588,0.0,False,AnnotationProperty,BonusPoints,0.08189519435069181,0.10189130203804733,0.14285714285714285,7,indirect,0.10205849385315843,,N/A
edition,bonusPoints,0.10236899293836477,0.15785461703852588,0.0,False,AnnotationProperty,BonusPoints,0.08189519435069181,0.10189130203804733,0.14285714285714285,7,indirect,0.10205849385315843,,N/A
made,bonusPoints,0.10236898101743581,0.1578545907639311,0.0,False,AnnotationProperty,BonusPoints,0.08189518481394865,0.10189130203804733,0.14285714285714285,7,indirect,0.1020584896808333,,N/A
family_name,bonusPoints,0.10236898101743581,0.1578545907639311,0.0,False,AnnotationProperty,BonusPoints,0.08189518481394865,0.10189130203804733,0.14285714285714285,7,indirect,0.1020584896808333,,N/A
lastName,bonusPoints,0.10236898101743581,0.1578545907639311,0.0,False,AnnotationProperty,BonusPoints,0.08189518481394865,0.10189130203804733,0.14285714285714285,7,indirect,0.1020584896808333,,N/A
msnChatID,bonusPoints,0.10236898101743581,0.1578545907639311,0.0,False,AnnotationProperty,BonusPoints,0.08189518481394865,0.10189130203804733,0.14285714285714285,7,indirect,0.1020584896808333,,N/A
publications,bonusPoints,0.10236898101743581,0.1578545907639311,0.0,False,AnnotationProperty,BonusPoints,0.08189518481394865,0.10189130203804733,0.14285714285714285,7,indirect,0.1020584896808333,,N/A
geekcode,bonusPoints,0.10236898101743581,0.1578545907639311,0.0,False,AnnotationProperty,BonusPoints,0.08189518481394865,0.10189130203804733,0.14285714285714285,7,indirect,0.1020584896808333,,N/A
weblog,bonusPoints,0.10236898101743581,0.1578545907639311,0.0,False,AnnotationProperty,BonusPoints,0.08189518481394865,0.10189130203804733,0.14285714285714285,7,indirect,0.1020584896808333,,N/A
firstName,bonusPoints,0.10236898101743581,0.1578545907639311,0.0,False,AnnotationProperty,BonusPoints,0.08189518481394865,0.10189130203804733,0.14285714285714285,7,indirect,0.1020584896808333,,N/A
icqChatID,bonusPoints,0.10236898101743581,0.1578545907639311,0.0,False,AnnotationProperty,BonusPoints,0.08189518481394865,0.10189130203804733,0.14285714285714285,7,indirect,0.1020584896808333,,N/A
skypeID,bonusPoints,0.10236898101743581,0.1578545907639311,0.0,False,AnnotationProperty,BonusPoints,0.08189518481394865,0.10189130203804733,0.14285714285714285,7,indirect,0.1020584896808333,,N/A
openid,bonusPoints,0.10236898101743581,0.1578545907639311,0.0,False,AnnotationProperty,BonusPoints,0.08189518481394865,0.10189130203804733,0.14285714285714285,7,indirect,0.1020584896808333,,N/A
CompositeResource,BLockGame,0.1435893048644778,0.1521497188275068,0.12935257077791257,False,unknown,Badge,0.14074195804716477,0.0796690798158251,0.1111111111111111,9,indirect,0.10204115858285354,,N/A
Slide,Level_Up,0.10229296735959462,0.15740449798141035,1.0,False,Class,Level,0.28183437388767574,0.10189130203804733,0.14285714285714285,7,indirect,0.10203188490058887,,N/A
_:b32,BLockGame,0.12550628792560695,0.17327790222440562,0.12935257077791257,False,unknown,Badge,0.1262755444960681,0.08939130203804733,0.125,8,indirect,0.10203154709869319,,N/A
_:b38,BLockGame,0.12547026947230952,0.17329691190564825,0.12935257077791257,False,unknown,Badge,0.12624672973343015,0.08939130203804733,0.125,8,indirect,0.10201894064003911,,N/A
_:b44,BLockGame,0.12545495706609858,0.17330496623500885,0.12935257077791257,False,unknown,Badge,0.12623447980846136,0.08939130203804733,0.125,8,indirect,0.10201358129786528,,N/A
_:b49,BLockGame,0.12544844963156304,0.17330839212260687,0.12935257077791257,False,unknown,Badge,0.12622927386083294,0.08939130203804733,0.125,8,indirect,0.10201130369577784,,N/A
Graphical_User_Interface,Motrain,0.12523404618772788,0.18456101260827654,0.0,False,Lesson,GameElementResource,0.1001872369501823,0.08939130203804733,0.125,8,indirect,0.10193626249043553,,N/A
additional-name,bonusPoints,0.10172982221200133,0.15670765204196532,0.0,False,unknown,BonusPoints,0.08138385776960107,0.10189130203804733,0.14285714285714285,7,indirect,0.10183478409893124,,N/A
family-name,bonusPoints,0.10170876613227228,0.15671701345368627,0.0,False,unknown,BonusPoints,0.08136701290581783,0.10189130203804733,0.14285714285714285,7,indirect,0.10182741447102606,,N/A
given-name,bonusPoints,0.10169981970403566,0.15672099284154872,0.0,False,unknown,BonusPoints,0.08135985576322853,0.10189130203804733,0.14285714285714285,7,indirect,0.10182428322114324,,N/A
honorific-prefix,bonusPoints,0.10169601624728904,0.156722684961634,0.0,False,unknown,BonusPoints,0.08135681299783123,0.10189130203804733,0.14285714285714285,7,indirect,0.10182295201128193,,N/A
honorific-suffix,bonusPoints,0.10169439876344999,0.156723404624766,0.0,False,unknown,BonusPoints,0.08135551901075999,0.10189130203804733,0.14285714285714285,7,indirect,0.10182238589193826,,N/A
_:b101,BLockGame,0.12481301048178584,0.17370031033843902,0.12935257077791257,False,AtomList,Badge,0.1257209225410112,0.08939130203804733,0.125,8,indirect,0.1017888999933558,,N/A
_:b270,BLockGame,0.12470860863224895,0.17375612613004834,0.12935257077791257,False,AtomList,Badge,0.12563740106138166,0.08939130203804733,0.125,8,indirect,0.1017523593460179,,N/A
depiction,Stash,0.14234675493770202,0.1509088877509688,0.9172442572270822,False,unknown,Reward,0.29732625539557805,0.0796690798158251,0.1111111111111111,9,indirect,0.10160626610848203,,N/A
indexKey,Stash,0.142217245342725,0.15139084294200184,0.9172442572270822,False,DatatypeProperty,Reward,0.29722264771959644,0.0796690798158251,0.1111111111111111,9,indirect,0.10156093775024007,,N/A
has_Experience_Level,Stash,0.14221723342179607,0.15139081838833204,0.9172442572270822,False,DatatypeProperty,Reward,0.2972226381828533,0.0796690798158251,0.1111111111111111,9,indirect,0.10156093357791493,,N/A
pageEnd,bonusPoints,0.10094252349881191,0.15909520942271171,0.0,False,AnnotationProperty,BonusPoints,0.08075401879904953,0.10189130203804733,0.14285714285714285,7,indirect,0.10155922954931493,,N/A
topic,bonusPoints,0.10094252349881191,0.15909520942271171,0.0,False,AnnotationProperty,BonusPoints,0.08075401879904953,0.10189130203804733,0.14285714285714285,7,indirect,0.10155922954931493,,N/A
content,bonusPoints,0.10094252349881191,0.15909520942271171,0.0,False,AnnotationProperty,BonusPoints,0.08075401879904953,0.10189130203804733,0.14285714285714285,7,indirect,0.10155922954931493,,N/A
content_encoded,bonusPoints,0.10094252349881191,0.15909520942271171,0.0,False,AnnotationProperty,BonusPoints,0.08075401879904953,0.10189130203804733,0.14285714285714285,7,indirect,0.10155922954931493,,N/A
section,bonusPoints,0.10094251157788296,0.15909518321939511,0.0,False,AnnotationProperty,BonusPoints,0.08075400926230637,0.10189130203804733,0.14285714285714285,7,indirect,0.1015592253769898,,N/A
depicts,bonusPoints,0.10094251157788296,0.15909518321939511,0.0,False,AnnotationProperty,BonusPoints,0.08075400926230637,0.10189130203804733,0.14285714285714285,7,indirect,0.1015592253769898,,N/A
pages,bonusPoints,0.10094251157788296,0.15909518321939511,0.0,False,AnnotationProperty,BonusPoints,0.08075400926230637,0.10189130203804733,0.14285714285714285,7,indirect,0.1015592253769898,,N/A
Visual,Tiny_stash,0.12412902073041332,0.15918009412413694,0.0415518252487452,False,Class,Reward,0.1076135816340797,0.08939130203804733,0.125,8,indirect,0.10154950358037543,,N/A
Sensitive,Tiny_stash,0.12412902073041332,0.15918009412413694,0.0415518252487452,False,Class,Reward,0.1076135816340797,0.08939130203804733,0.125,8,indirect,0.10154950358037543,,N/A
hasName,BLockGame,0.10077205939615104,0.16720319876863257,0.12935257077791257,False,DatatypeProperty,Badge,0.10648816167250336,0.10189130203804733,0.14285714285714285,7,indirect,0.10149956711338362,,N/A
contain_resource,BLockGame,0.10070083824805347,0.16723994231299175,0.12935257077791257,False,ObjectProperty,Badge,0.1064311847540253,0.10189130203804733,0.14285714285714285,7,indirect,0.10147463971154948,,N/A
isComposedOf,BLockGame,0.10070082632712452,0.167239915758568,0.12935257077791257,False,ObjectProperty,Badge,0.10643117521728214,0.10189130203804733,0.14285714285714285,7,indirect,0.10147463553922434,,N/A
isRelevantFor,BLockGame,0.14182484488551472,0.15970154779255225,0.12935257077791257,False,ObjectProperty,Badge,0.13933039006399428,0.0796690798158251,0.1111111111111111,9,indirect,0.10142359759021646,,N/A
hasRelevantGameElement,BLockGame,0.14182482104365682,0.1597014946062417,0.12935257077791257,False,ObjectProperty,Badge,0.139330370990508,0.0796690798158251,0.1111111111111111,9,indirect,0.1014235892455662,,N/A
_:b258,BLockGame,0.14180738224252304,0.15970471127986338,0.12935257077791257,False,BuiltinAtom,Badge,0.13931641994960095,0.0796690798158251,0.1111111111111111,9,indirect,0.10141748566516938,,N/A
Learner,bonusPoints,0.14165600416411722,0.13790890717799476,0.0,False,unknown,BonusPoints,0.11332480333129379,0.0796690798158251,0.1111111111111111,9,indirect,0.10136450333772734,,N/A
Intuitive,Tiny_stash,0.12351938992104708,0.16439839158539388,0.0415518252487452,False,Class,Reward,0.10712587698658671,0.08939130203804733,0.125,8,indirect,0.10133613279709724,,N/A
Verbal,Tiny_stash,0.12351938992104708,0.16439839158539388,0.0415518252487452,False,Class,Reward,0.10712587698658671,0.08939130203804733,0.125,8,indirect,0.10133613279709724,,N/A
hasSubSystem,Stash,0.14129992173312197,0.14583126156839615,0.9172442572270822,False,unknown,Reward,0.29648878883191404,0.0796690798158251,0.1111111111111111,9,indirect,0.101239874486879,,N/A
System,Stash,0.14129992173312197,0.14583126156839615,0.9172442572270822,False,unknown,Reward,0.29648878883191404,0.0796690798158251,0.1111111111111111,9,indirect,0.101239874486879,,N/A
interacts,Stash,0.14129425348950359,0.14849506619845965,0.9172442572270822,False,unknown,Reward,0.2964842542370193,0.0796690798158251,0.1111111111111111,9,indirect,0.10123789060161256,,N/A
has_competency,Stash,0.14129425348950359,0.14849506619845965,0.9172442572270822,False,unknown,Reward,0.2964842542370193,0.0796690798158251,0.1111111111111111,9,indirect,0.10123789060161256,,N/A
works_in,Stash,0.14129425348950359,0.14849506619845965,0.9172442572270822,False,unknown,Reward,0.2964842542370193,0.0796690798158251,0.1111111111111111,9,indirect,0.10123789060161256,,N/A
has_contact,Stash,0.14129425348950359,0.14849506619845965,0.9172442572270822,False,unknown,Reward,0.2964842542370193,0.0796690798158251,0.1111111111111111,9,indirect,0.10123789060161256,,N/A
pages,Stash,0.14111103678326886,0.1537292333299928,0.9172442572270822,False,AnnotationProperty,Reward,0.29633768087203155,0.0796690798158251,0.1111111111111111,9,indirect,0.1011737647544304,,N/A
content_encoded,Stash,0.14111103678326886,0.1537292333299928,0.9172442572270822,False,AnnotationProperty,Reward,0.29633768087203155,0.0796690798158251,0.1111111111111111,9,indirect,0.1011737647544304,,N/A
section,Stash,0.14111103678326886,0.1537292333299928,0.9172442572270822,False,AnnotationProperty,Reward,0.29633768087203155,0.0796690798158251,0.1111111111111111,9,indirect,0.1011737647544304,,N/A
content,Stash,0.14111103678326886,0.1537292333299928,0.9172442572270822,False,AnnotationProperty,Reward,0.29633768087203155,0.0796690798158251,0.1111111111111111,9,indirect,0.1011737647544304,,N/A
pageEnd,Stash,0.14111103678326886,0.1537292333299928,0.9172442572270822,False,AnnotationProperty,Reward,0.29633768087203155,0.0796690798158251,0.1111111111111111,9,indirect,0.1011737647544304,,N/A
topic,Stash,0.1411110248623399,0.1537292086581209,0.9172442572270822,False,AnnotationProperty,Reward,0.2963376713352884,0.0796690798158251,0.1111111111111111,9,indirect,0.10117376058210528,,N/A
Bill,Level_Up,0.14103189069564565,0.152216851612169,1.0,False,Class,Level,0.3128255125565165,0.0796690798158251,0.1111111111111111,9,indirect,0.1011460636237623,,N/A
EducationalTopic,Level_Up,0.1854275911401273,0.12977035678560903,1.0,False,Class,Level,0.34834207291210184,0.0557374558842012,0.07692307692307693,13,indirect,0.10112900322377533,,N/A
locator,Level_Up,0.12274829911871452,0.14914310285819743,1.0,False,AnnotationProperty,Level,0.29819863929497165,0.08939130203804733,0.125,8,indirect,0.10106625101628085,,N/A
subclass to class,bonusPoints,0.0994979376124063,0.1579148671214724,0.0,False,unknown,BonusPoints,0.07959835008992505,0.10189130203804733,0.14285714285714285,7,indirect,0.10105362448907296,,N/A
Identify the more expert teacher between two teachers,bonusPoints,0.0994979376124063,0.1579148671214724,0.0,False,unknown,BonusPoints,0.07959835008992505,0.10189130203804733,0.14285714285714285,7,indirect,0.10105362448907296,,N/A
game elements relevant to behavioural objectives,bonusPoints,0.0994979376124063,0.1579148671214724,0.0,False,unknown,BonusPoints,0.07959835008992505,0.10189130203804733,0.14285714285714285,7,indirect,0.10105362448907296,,N/A
link exxperience level with number: expert=2,bonusPoints,0.0994979376124063,0.1579148671214724,0.0,False,unknown,BonusPoints,0.07959835008992505,0.10189130203804733,0.14285714285714285,7,indirect,0.10105362448907296,,N/A
linking bonus resources with teaaccher exploration objective,bonusPoints,0.0994979376124063,0.1579148671214724,0.0,False,unknown,BonusPoints,0.07959835008992505,0.10189130203804733,0.14285714285714285,7,indirect,0.10105362448907296,,N/A
link exxperience level with number: expert=6,bonusPoints,0.0994979376124063,0.1579148671214724,0.0,False,unknown,BonusPoints,0.07959835008992505,0.10189130203804733,0.14285714285714285,7,indirect,0.10105362448907296,,N/A
Linking leaderboard to resources with objective competition,bonusPoints,0.0994979376124063,0.1579148671214724,0.0,False,unknown,BonusPoints,0.07959835008992505,0.10189130203804733,0.14285714285714285,7,indirect,0.10105362448907296,,N/A
link exxperience level with number: expert=4,bonusPoints,0.0994979376124063,0.1579148671214724,0.0,False,unknown,BonusPoints,0.07959835008992505,0.10189130203804733,0.14285714285714285,7,indirect,0.10105362448907296,,N/A
e2,BLockGame,0.15505227415027695,0.15503488926704073,0.12935257077791257,False,Variable,Badge,0.14991233347580407,0.07189130203804733,0.1,10,indirect,0.10099764227732769,,N/A
Slide,bonusPoints,0.09933340407192817,0.1592870775044745,0.0,False,Class,BonusPoints,0.07946672325754255,0.10189130203804733,0.14285714285714285,7,indirect,0.10099603774990562,,N/A
e1,BLockGame,0.15503520957769698,0.15504103622844748,0.12935257077791257,False,Variable,Badge,0.1498986818177401,0.07189130203804733,0.1,10,indirect,0.10099166967692472,,N/A
check if gr has bonus then voluntary,Stash,0.14057941296369839,0.1481395833476355,0.9172442572270822,False,unknown,Reward,0.29591238181637514,0.0796690798158251,0.1111111111111111,9,indirect,0.10098769641758075,,N/A
bonus,Stash,0.1404813655755266,0.14803252893477653,0.9172442572270822,False,unknown,Reward,0.2958339439058377,0.0796690798158251,0.1111111111111111,9,indirect,0.10095337983172062,,N/A
chapter,Stash,0.1404064853913814,0.15207181167361317,0.9172442572270822,False,AnnotationProperty,Reward,0.29577403975852157,0.0796690798158251,0.1111111111111111,9,indirect,0.10092717176726981,,N/A
depicts,Stash,0.14040647347045243,0.15207178705246113,0.9172442572270822,False,AnnotationProperty,Reward,0.2957740302217784,0.0796690798158251,0.1111111111111111,9,indirect,0.10092716759494466,,N/A
interest,bonusPoints,0.09906552271272012,0.15962708182702764,0.0,False,unknown,BonusPoints,0.0792524181701761,0.10189130203804733,0.14285714285714285,7,indirect,0.1009022792741828,,N/A
isPrimaryTopicOf,bonusPoints,0.09906552271272012,0.15962708182702764,0.0,False,unknown,BonusPoints,0.0792524181701761,0.10189130203804733,0.14285714285714285,7,indirect,0.1009022792741828,,N/A
hasTarget,bonusPoints,0.09906552271272012,0.15962708182702764,0.0,False,unknown,BonusPoints,0.0792524181701761,0.10189130203804733,0.14285714285714285,7,indirect,0.1009022792741828,,N/A
thumbnail,bonusPoints,0.09906552271272012,0.15962708182702764,0.0,False,unknown,BonusPoints,0.0792524181701761,0.10189130203804733,0.14285714285714285,7,indirect,0.1009022792741828,,N/A
member,bonusPoints,0.09906551079179117,0.15962705553580192,0.0,False,unknown,BonusPoints,0.07925240863343294,0.10189130203804733,0.14285714285714285,7,indirect,0.10090227510185767,,N/A
view_resource,bonusPoints,0.09906551079179117,0.15962705553580192,0.0,False,unknown,BonusPoints,0.07925240863343294,0.10189130203804733,0.14285714285714285,7,indirect,0.10090227510185767,,N/A
has_user_account,bonusPoints,0.09906551079179117,0.15962705553580192,0.0,False,unknown,BonusPoints,0.07925240863343294,0.10189130203804733,0.14285714285714285,7,indirect,0.10090227510185767,,N/A
teaches,bonusPoints,0.09906551079179117,0.15962705553580192,0.0,False,unknown,BonusPoints,0.07925240863343294,0.10189130203804733,0.14285714285714285,7,indirect,0.10090227510185767,,N/A
_:b16,bonusPoints,0.0990305471340651,0.15847539673768804,0.0,False,Restriction,BonusPoints,0.07922443770725209,0.10189130203804733,0.14285714285714285,7,indirect,0.10089003782165354,,N/A
the original language inwhich the course is created with,bonusPoints,0.0988755469196715,0.15817738607166412,0.0,False,unknown,BonusPoints,0.0791004375357372,0.10189130203804733,0.14285714285714285,7,indirect,0.10083578774661578,,N/A
CollectedDocument,bonusPoints,0.0988755469196715,0.15817738607166412,0.0,False,unknown,BonusPoints,0.0791004375357372,0.10189130203804733,0.14285714285714285,7,indirect,0.10083578774661578,,N/A
language for the transcript of the course's resources,bonusPoints,0.0988755469196715,0.15817738607166412,0.0,False,unknown,BonusPoints,0.0791004375357372,0.10189130203804733,0.14285714285714285,7,indirect,0.10083578774661578,,N/A
"The targeted audience of a targeted course has targeted educational level to be beginner, intermefdiate, or advanced",bonusPoints,0.0988755469196715,0.15817738607166412,0.0,False,unknown,BonusPoints,0.0791004375357372,0.10189130203804733,0.14285714285714285,7,indirect,0.10083578774661578,,N/A
"The course is targeted for audience who have payment preference of either ""free of charge"" or ""with charge""",bonusPoints,0.0988755469196715,0.15817738607166412,0.0,False,unknown,BonusPoints,0.0791004375357372,0.10189130203804733,0.14285714285714285,7,indirect,0.10083578774661578,,N/A
Film,bonusPoints,0.09833600983476308,0.16022965801508712,0.0,False,Class,BonusPoints,0.07866880786781047,0.10189130203804733,0.14285714285714285,7,indirect,0.10064694976689784,,N/A
_:b8,Stash,0.13954791378623893,0.15147943483104817,0.9172442572270822,False,Class,Reward,0.29508718247440757,0.0796690798158251,0.1111111111111111,9,indirect,0.10062667170546993,,N/A
_:b192,BLockGame,0.12126608068461076,0.17575186444555627,0.12935257077791257,False,AtomList,Badge,0.12288337870327112,0.08939130203804733,0.125,8,indirect,0.10054747456434454,,N/A
_:b78,BLockGame,0.12123284905400274,0.1757687166464509,0.12935257077791257,False,AtomList,Badge,0.1228567933987847,0.08939130203804733,0.125,8,indirect,0.10053584349363173,,N/A
_:b130,BLockGame,0.12123284905400274,0.1757687166464509,0.12935257077791257,False,AtomList,Badge,0.1228567933987847,0.08939130203804733,0.125,8,indirect,0.10053584349363173,,N/A
_:b170,BLockGame,0.12123284905400274,0.1757687166464509,0.12935257077791257,False,AtomList,Badge,0.1228567933987847,0.08939130203804733,0.125,8,indirect,0.10053584349363173,,N/A
_:b112,BLockGame,0.12123284905400274,0.1757687166464509,0.12935257077791257,False,AtomList,Badge,0.1228567933987847,0.08939130203804733,0.125,8,indirect,0.10053584349363173,,N/A
_:b181,BLockGame,0.12123284905400274,0.1757687166464509,0.12935257077791257,False,AtomList,Badge,0.1228567933987847,0.08939130203804733,0.125,8,indirect,0.10053584349363173,,N/A
_:b159,BLockGame,0.12123284905400274,0.1757687166464509,0.12935257077791257,False,AtomList,Badge,0.1228567933987847,0.08939130203804733,0.125,8,indirect,0.10053584349363173,,N/A
_:b67,BLockGame,0.12123284905400274,0.1757687166464509,0.12935257077791257,False,AtomList,Badge,0.1228567933987847,0.08939130203804733,0.125,8,indirect,0.10053584349363173,,N/A
_:b223,BLockGame,0.12123284905400274,0.1757687166464509,0.12935257077791257,False,AtomList,Badge,0.1228567933987847,0.08939130203804733,0.125,8,indirect,0.10053584349363173,,N/A
_:b203,BLockGame,0.12123284905400274,0.1757687166464509,0.12935257077791257,False,AtomList,Badge,0.1228567933987847,0.08939130203804733,0.125,8,indirect,0.10053584349363173,,N/A
_:b212,BLockGame,0.12123284905400274,0.1757687166464509,0.12935257077791257,False,AtomList,Badge,0.1228567933987847,0.08939130203804733,0.125,8,indirect,0.10053584349363173,,N/A
_:b121,BLockGame,0.12123284905400274,0.1757687166464509,0.12935257077791257,False,AtomList,Badge,0.1228567933987847,0.08939130203804733,0.125,8,indirect,0.10053584349363173,,N/A
_:b279,BLockGame,0.12123284905400274,0.1757687166464509,0.12935257077791257,False,AtomList,Badge,0.1228567933987847,0.08939130203804733,0.125,8,indirect,0.10053584349363173,,N/A
_:b141,BLockGame,0.12123284905400274,0.1757687166464509,0.12935257077791257,False,AtomList,Badge,0.1228567933987847,0.08939130203804733,0.125,8,indirect,0.10053584349363173,,N/A
has_body_for_annotation,bonusPoints,0.09795124395377817,0.1606520865957106,0.0,False,unknown,BonusPoints,0.07836099516302254,0.10189130203804733,0.14285714285714285,7,indirect,0.10051228170855311,,N/A
has_target,bonusPoints,0.09795124395377817,0.1606520865957106,0.0,False,unknown,BonusPoints,0.07836099516302254,0.10189130203804733,0.14285714285714285,7,indirect,0.10051228170855311,,N/A
_:b193,BLockGame,0.13910366595194196,0.16589920218781995,0.12935257077791257,False,ClassAtom,Badge,0.1371534469171361,0.0796690798158251,0.1111111111111111,9,indirect,0.10047118496346599,,N/A
_:b160,BLockGame,0.13908557114637735,0.1659093186526314,0.12935257077791257,False,ClassAtom,Badge,0.1371389710726844,0.0796690798158251,0.1111111111111111,9,indirect,0.10046485178151839,,N/A
_:b182,BLockGame,0.13908557114637735,0.1659093186526314,0.12935257077791257,False,ClassAtom,Badge,0.1371389710726844,0.0796690798158251,0.1111111111111111,9,indirect,0.10046485178151839,,N/A
_:b171,BLockGame,0.13908557114637735,0.1659093186526314,0.12935257077791257,False,ClassAtom,Badge,0.1371389710726844,0.0796690798158251,0.1111111111111111,9,indirect,0.10046485178151839,,N/A
effectively_use_the_built-in_data_types,Motrain,0.09758977591004855,0.15760141294192365,0.0,False,PedagogicalObjective,GameElementResource,0.07807182072803885,0.10189130203804733,0.14285714285714285,7,indirect,0.10038576789324775,,N/A
recognizing_the_properties_of_the_built-in_data_types,Motrain,0.09758977591004855,0.15760141294192365,0.0,False,PedagogicalObjective,GameElementResource,0.07807182072803885,0.10189130203804733,0.14285714285714285,7,indirect,0.10038576789324775,,N/A
PO1,Motrain,0.09758977591004855,0.15760141294192365,0.0,False,PedagogicalObjective,GameElementResource,0.07807182072803885,0.10189130203804733,0.14285714285714285,7,indirect,0.10038576789324775,,N/A
_:b15,bonusPoints,0.09753563601656733,0.15959818923938873,0.0,False,Restriction,BonusPoints,0.07802850881325386,0.10189130203804733,0.14285714285714285,7,indirect,0.10036681893052932,,N/A
_:b18,bonusPoints,0.09753563601656733,0.15959818923938873,0.0,False,Restriction,BonusPoints,0.07802850881325386,0.10189130203804733,0.14285714285714285,7,indirect,0.10036681893052932,,N/A
_:b17,bonusPoints,0.09753563601656733,0.15959818923938873,0.0,False,Restriction,BonusPoints,0.07802850881325386,0.10189130203804733,0.14285714285714285,7,indirect,0.10036681893052932,,N/A
volume,BLockGame,0.1386751728316825,0.16166929599353783,0.12935257077791257,False,AnnotationProperty,Badge,0.13681065242092855,0.0796690798158251,0.1111111111111111,9,indirect,0.1003212123713752,,N/A
Lecturing,Motrain,0.09719699020409031,0.1586015348647423,0.0,False,NamedIndividual,GameElementResource,0.07775759216327226,0.10189130203804733,0.14285714285714285,7,indirect,0.10024829289616237,,N/A
_:b60,BLockGame,0.16470664765465542,0.14868830073364514,0.12935257077791257,False,Restriction,Badge,0.1576358322793069,0.06552766567441097,0.09090909090909091,11,indirect,0.10024030936749653,,N/A
_:b271,BLockGame,0.1382690344315313,0.1617410592975719,0.12935257077791257,False,ClassAtom,Badge,0.13648574170080757,0.0796690798158251,0.1111111111111111,9,indirect,0.10017906393132227,,N/A
hasTarget,Level_Up,0.0969177315299933,0.15950226766543782,1.0,False,unknown,Level,0.27753418522399464,0.10189130203804733,0.14285714285714285,7,indirect,0.10015055236022842,,N/A
isPrimaryTopicOf,Level_Up,0.0969177315299933,0.15950226766543782,1.0,False,unknown,Level,0.27753418522399464,0.10189130203804733,0.14285714285714285,7,indirect,0.10015055236022842,,N/A
interest,Level_Up,0.0969177315299933,0.15950226766543782,1.0,False,unknown,Level,0.27753418522399464,0.10189130203804733,0.14285714285714285,7,indirect,0.10015055236022842,,N/A
Reflective,Stash,0.1639664969067667,0.14384470774122984,0.9172442572270822,False,Class,Reward,0.3146220489708298,0.06552766567441097,0.09090909090909091,11,indirect,0.09998125660573548,,N/A
Sequential,Stash,0.1639664969067667,0.14384470774122984,0.9172442572270822,False,Class,Reward,0.3146220489708298,0.06552766567441097,0.09090909090909091,11,indirect,0.09998125660573548,,N/A
reversedBy,Tiny_stash,0.11959195755144547,0.1630474593509764,0.0415518252487452,False,ObjectProperty,Reward,0.10398393109090542,0.08939130203804733,0.125,8,indirect,0.09996153146773668,,N/A
has_duration,bonusPoints,0.09636637845301246,0.1603522439841261,0.0,False,DatatypeProperty,BonusPoints,0.07709310276240998,0.10189130203804733,0.14285714285714285,7,indirect,0.09995757878328512,,N/A
has_LearningPace,bonusPoints,0.09636637845301246,0.1603522439841261,0.0,False,DatatypeProperty,BonusPoints,0.07709310276240998,0.10189130203804733,0.14285714285714285,7,indirect,0.09995757878328512,,N/A
has_TotalEnrollment,bonusPoints,0.09636637845301246,0.1603522439841261,0.0,False,DatatypeProperty,BonusPoints,0.07709310276240998,0.10189130203804733,0.14285714285714285,7,indirect,0.09995757878328512,,N/A
has_TotalCompletionHours,bonusPoints,0.09636637845301246,0.1603522439841261,0.0,False,DatatypeProperty,BonusPoints,0.07709310276240998,0.10189130203804733,0.14285714285714285,7,indirect,0.09995757878328512,,N/A
has_Rating,bonusPoints,0.09636637845301246,0.1603522439841261,0.0,False,DatatypeProperty,BonusPoints,0.07709310276240998,0.10189130203804733,0.14285714285714285,7,indirect,0.09995757878328512,,N/A
designedWithObjective,BLockGame,0.13742427257688877,0.16227145698626663,0.12935257077791257,False,TransitiveProperty,Badge,0.13580993221709353,0.0796690798158251,0.1111111111111111,9,indirect,0.09988339728219739,,N/A
_:b15,Tiny_stash,0.11917367589982945,0.16612822425212848,0.0415518252487452,False,Restriction,Reward,0.1036493057696126,0.08939130203804733,0.125,8,indirect,0.09981513288967109,,N/A
_:b17,Tiny_stash,0.11917367589982945,0.16612822425212848,0.0415518252487452,False,Restriction,Reward,0.1036493057696126,0.08939130203804733,0.125,8,indirect,0.09981513288967109,,N/A
_:b18,Tiny_stash,0.11917367589982945,0.16612822425212848,0.0415518252487452,False,Restriction,Reward,0.1036493057696126,0.08939130203804733,0.125,8,indirect,0.09981513288967109,,N/A
Explorer,Motrain,0.09593941212429903,0.15874278820114532,0.0,False,unknown,GameElementResource,0.07675152969943923,0.10189130203804733,0.14285714285714285,7,indirect,0.09980814056823542,,N/A
"the playing style the teacher prefers, it is either ""explorer"", ""achiever"", ""philanthropest"", or ""socializer""",bonusPoints,0.09569847413491768,0.15973150228529936,0.0,False,unknown,BonusPoints,0.07655877930793414,0.10189130203804733,0.14285714285714285,7,indirect,0.09972381227195196,,N/A
_:b252,BLockGame,0.13689087122385163,0.1583624109300955,0.12935257077791257,False,ClassAtom,Badge,0.13538321113466384,0.0796690798158251,0.1111111111111111,9,indirect,0.09969670680863438,,N/A
Verbal,Stash,0.1507408851814795,0.14887972106823177,0.9172442572270822,False,Class,Reward,0.30404155959060003,0.07189130203804733,0.1,10,indirect,0.09948865613824859,,N/A
Intuitive,Stash,0.1507408851814795,0.14887972106823177,0.9172442572270822,False,Class,Reward,0.30404155959060003,0.07189130203804733,0.1,10,indirect,0.09948865613824859,,N/A
created_at,bonusPoints,0.09494729324276342,0.16100287041856526,0.0,False,AnnotationProperty,BonusPoints,0.07595783459421074,0.10189130203804733,0.14285714285714285,7,indirect,0.09946089895969795,,N/A
_:b90,BLockGame,0.13614637802129334,0.15874586748303862,0.12935257077791257,False,ClassAtom,Badge,0.13478761657261717,0.0796690798158251,0.1111111111111111,9,indirect,0.09943613418773899,,N/A
hasPreLesson,Tiny_stash,0.09473257011056964,0.1602629189917954,0.0415518252487452,False,ReflexiveProperty,Reward,0.08409642113820476,0.10189130203804733,0.14285714285714285,7,indirect,0.09938574586343013,,N/A
Essential,Motrain,0.09460663589742382,0.15865764764863163,0.0,False,unknown,GameElementResource,0.07568530871793906,0.10189130203804733,0.14285714285714285,7,indirect,0.0993416688888291,,N/A
Built-in Data Types,Motrain,0.09460663589742382,0.15865764764863163,0.0,False,unknown,GameElementResource,0.07568530871793906,0.10189130203804733,0.14285714285714285,7,indirect,0.0993416688888291,,N/A
greaterThan,bonusPoints,0.09449751796686245,0.16041528538944494,0.0,False,unknown,BonusPoints,0.07559801437348997,0.10189130203804733,0.14285714285714285,7,indirect,0.09930347761313263,,N/A
_:b8,bonusPoints,0.09394563756455983,0.1605419207358107,0.0,False,Class,BonusPoints,0.07515651005164786,0.10189130203804733,0.14285714285714285,7,indirect,0.09911031947232671,,N/A
"Learners receive points for their actions, visualise their progress, compete with others through a leaderboard, and unlock content based on their individual needs and experiences.",Motrain,0.09394300187566898,0.15863373275890008,0.0,False,unknown,GameElementResource,0.07515440150053519,0.10189130203804733,0.14285714285714285,7,indirect,0.0991093969812149,,N/A
block_xp,Motrain,0.09394300187566898,0.15863373275890008,0.0,False,unknown,GameElementResource,0.07515440150053519,0.10189130203804733,0.14285714285714285,7,indirect,0.0991093969812149,,N/A
Level Up XP,Motrain,0.09394300187566898,0.15863373275890008,0.0,False,unknown,GameElementResource,0.07515440150053519,0.10189130203804733,0.14285714285714285,7,indirect,0.0991093969812149,,N/A
A companion plugin for block_stash. This allows you to create items and trades from the TinyMCE editor to be inserted into the activities in your course,Motrain,0.09394298995474003,0.15863370701503068,0.0,False,unknown,GameElementResource,0.07515439196379203,0.10189130203804733,0.14285714285714285,7,indirect,0.09910939280888978,,N/A
tiny_stash,Motrain,0.09394298995474003,0.15863370701503068,0.0,False,unknown,GameElementResource,0.07515439196379203,0.10189130203804733,0.14285714285714285,7,indirect,0.09910939280888978,,N/A
Tiny Stash,Motrain,0.09394298995474003,0.15863370701503068,0.0,False,unknown,GameElementResource,0.07515439196379203,0.10189130203804733,0.14285714285714285,7,indirect,0.09910939280888978,,N/A
3.16.0,Motrain,0.0939324546781624,0.15800602646839873,0.0,False,unknown,GameElementResource,0.07514596374252992,0.10189130203804733,0.14285714285714285,7,indirect,0.0991057054620876,,N/A
workplaceHomepage,Level_Up,0.1346105108402266,0.1545855054592311,1.0,False,unknown,Level,0.3076884086721813,0.0796690798158251,0.1111111111111111,9,indirect,0.09889858067436563,,N/A
RDV,Level_Up,0.13461049891929763,0.15458547923323337,1.0,False,unknown,Level,0.3076883991354381,0.0796690798158251,0.1111111111111111,9,indirect,0.09889857650204048,,N/A
bonus resource for lesson 3 Class Methods and Constructors,Motrain,0.09328338711848641,0.15862037518005823,0.0,False,unknown,GameElementResource,0.07462670969478913,0.10189130203804733,0.14285714285714285,7,indirect,0.09887853181620102,,N/A
ressource bonus pour la leçon 3 Méthodes et constructeurs de classe,Motrain,0.09328338711848641,0.15862037518005823,0.0,False,unknown,GameElementResource,0.07462670969478913,0.10189130203804733,0.14285714285714285,7,indirect,0.09887853181620102,,N/A
bonus material for lesson 1 java basics,Motrain,0.09328337809954515,0.15862036445520306,0.0,False,unknown,GameElementResource,0.07462670247963613,0.10189130203804733,0.14285714285714285,7,indirect,0.09887852865957156,,N/A
ressource bonus pour la leçon 4 Méthodes et constructeurs de classe,Motrain,0.0932832626619922,0.15862048100182993,0.0,False,unknown,GameElementResource,0.07462661012959376,0.10189130203804733,0.14285714285714285,7,indirect,0.09887848825642803,,N/A
bonus resource for lesson 4 Class Methods and Constructors,Motrain,0.0932832626619922,0.15862048100182993,0.0,False,unknown,GameElementResource,0.07462661012959376,0.10189130203804733,0.14285714285714285,7,indirect,0.09887848825642803,,N/A
Assessment,Motrain,0.09328283387658506,0.15862090655372263,0.0,False,unknown,GameElementResource,0.07462626710126806,0.10189130203804733,0.14285714285714285,7,indirect,0.09887833818153553,,N/A
exercisse of lesson 2 Classes and Objects,Motrain,0.09328283387658506,0.15862090655372263,0.0,False,unknown,GameElementResource,0.07462626710126806,0.10189130203804733,0.14285714285714285,7,indirect,0.09887833818153553,,N/A
"Enables teachers to create items that students can collect, providing an interactive experience where students find items across the course.",Motrain,0.09327835106289542,0.15862468375392366,0.0,False,unknown,GameElementResource,0.07462268085031634,0.10189130203804733,0.14285714285714285,7,indirect,0.09887676919674415,,N/A
block_stash,Motrain,0.09327835106289542,0.15862468375392366,0.0,False,unknown,GameElementResource,0.07462268085031634,0.10189130203804733,0.14285714285714285,7,indirect,0.09887676919674415,,N/A
2.1.1,Motrain,0.09327835106289542,0.15862468375392366,0.0,False,unknown,GameElementResource,0.07462268085031634,0.10189130203804733,0.14285714285714285,7,indirect,0.09887676919674415,,N/A
block_game,Motrain,0.09327834510243095,0.15862467085006124,0.0,False,unknown,GameElementResource,0.07462267608194477,0.10189130203804733,0.14285714285714285,7,indirect,0.0988767671105816,,N/A
3.0.0,Motrain,0.09327834510243095,0.15862467085006124,0.0,False,unknown,GameElementResource,0.07462267608194477,0.10189130203804733,0.14285714285714285,7,indirect,0.0988767671105816,,N/A
Allows the user to choose or change their avatar at any time.,Motrain,0.09327834510243095,0.15862467085006124,0.0,False,unknown,GameElementResource,0.07462267608194477,0.10189130203804733,0.14285714285714285,7,indirect,0.0988767671105816,,N/A
objectives the teacher can choose from for each resource to prompt a desired learners’ behaviours when learners interact with that resource.,bonusPoints,0.09326970741608534,0.16128836021306145,0.0,False,unknown,BonusPoints,0.07461576593286827,0.10189130203804733,0.14285714285714285,7,indirect,0.09887374392036063,,N/A
_:b12,Stash,0.13438187044443498,0.15278983680630195,0.9172442572270822,False,Class,Reward,0.2909543478009644,0.0796690798158251,0.1111111111111111,9,indirect,0.09881855653583856,,N/A
_:b2,Stash,0.13438187044443498,0.15278983680630195,0.9172442572270822,False,Class,Reward,0.2909543478009644,0.0796690798158251,0.1111111111111111,9,indirect,0.09881855653583856,,N/A
Representes the numeric value equivaent to the teache's gamification experience level,bonusPoints,0.09285886689921238,0.161471254640093,0.0,False,unknown,BonusPoints,0.0742870935193699,0.10189130203804733,0.14285714285714285,7,indirect,0.09872994973945509,,N/A
unsignedInt,bonusPoints,0.09285886689921238,0.161471254640093,0.0,False,unknown,BonusPoints,0.0742870935193699,0.10189130203804733,0.14285714285714285,7,indirect,0.09872994973945509,,N/A
editorList,Tiny_stash,0.09269914129072837,0.15979951899235642,0.0415518252487452,False,AnnotationProperty,Reward,0.08246967808233174,0.10189130203804733,0.14285714285714285,7,indirect,0.0986740457764857,,N/A
edition,Tiny_stash,0.09269914129072837,0.15979951899235642,0.0415518252487452,False,AnnotationProperty,Reward,0.08246967808233174,0.10189130203804733,0.14285714285714285,7,indirect,0.0986740457764857,,N/A
_:b61,BLockGame,0.14819566856520314,0.15816339372090035,0.12935257077791257,False,Restriction,Badge,0.14442704900774503,0.07189130203804733,0.1,10,indirect,0.09859783032255187,,N/A
_:b59,BLockGame,0.14819566856520314,0.15816339372090035,0.12935257077791257,False,Restriction,Badge,0.14442704900774503,0.07189130203804733,0.1,10,indirect,0.09859783032255187,,N/A
_:b102,bonusPoints,0.09215714803392347,0.16146060429255532,0.0,False,DatavaluedPropertyAtom,BonusPoints,0.07372571842713878,0.10189130203804733,0.14285714285714285,7,indirect,0.09848434813660398,,N/A
_:b100,bonusPoints,0.09215687614779704,0.16146076304957988,0.0,False,DatavaluedPropertyAtom,BonusPoints,0.07372550091823764,0.10189130203804733,0.14285714285714285,7,indirect,0.09848425297645973,,N/A
_:b24,Stash,0.13337006858210324,0.15316596191308418,0.9172442572270822,False,Class,Reward,0.290144906311099,0.0796690798158251,0.1111111111111111,9,indirect,0.09846442588402245,,N/A
_:b12,bonusPoints,0.09200995990152375,0.1615403584196711,0.0,False,Class,BonusPoints,0.073607967921219,0.10189130203804733,0.14285714285714285,7,indirect,0.09843283229026407,,N/A
_:b2,bonusPoints,0.09200995990152375,0.1615403584196711,0.0,False,Class,BonusPoints,0.073607967921219,0.10189130203804733,0.14285714285714285,7,indirect,0.09843283229026407,,N/A
_:b30,Stash,0.1332669063868143,0.1532037538573265,0.9172442572270822,False,Class,Reward,0.2900623765548679,0.0796690798158251,0.1111111111111111,9,indirect,0.09842831911567132,,N/A
bonus material for lesson 2 classes and objects,Motrain,0.09195746057685819,0.15864158921833343,0.0,False,unknown,GameElementResource,0.07356596846148655,0.10189130203804733,0.14285714285714285,7,indirect,0.09841445752663114,,N/A
created_at,BLockGame,0.13296747849813437,0.16599096622822593,0.12935257077791257,False,AnnotationProperty,Badge,0.13224449695409002,0.0796690798158251,0.1111111111111111,9,indirect,0.09832351935463335,,N/A
issue,BLockGame,0.13296743677488304,0.16599087389512812,0.12935257077791257,False,AnnotationProperty,Badge,0.13224446357548897,0.0796690798158251,0.1111111111111111,9,indirect,0.09832350475149537,,N/A
_:b111,BLockGame,0.13263067895555297,0.16073615830623236,0.12935257077791257,False,ClassAtom,Badge,0.1319750573200249,0.0796690798158251,0.1111111111111111,9,indirect,0.09820563951472985,,N/A
_:b222,BLockGame,0.13263067895555297,0.16073615830623236,0.12935257077791257,False,ClassAtom,Badge,0.1319750573200249,0.0796690798158251,0.1111111111111111,9,indirect,0.09820563951472985,,N/A
_:b140,BLockGame,0.13263067895555297,0.16073615830623236,0.12935257077791257,False,ClassAtom,Badge,0.1319750573200249,0.0796690798158251,0.1111111111111111,9,indirect,0.09820563951472985,,N/A
_:b211,BLockGame,0.13263067895555297,0.16073615830623236,0.12935257077791257,False,ClassAtom,Badge,0.1319750573200249,0.0796690798158251,0.1111111111111111,9,indirect,0.09820563951472985,,N/A
_:b88,BLockGame,0.13263067895555297,0.16073615830623236,0.12935257077791257,False,ClassAtom,Badge,0.1319750573200249,0.0796690798158251,0.1111111111111111,9,indirect,0.09820563951472985,,N/A
_:b120,BLockGame,0.13263067895555297,0.16073615830623236,0.12935257077791257,False,ClassAtom,Badge,0.1319750573200249,0.0796690798158251,0.1111111111111111,9,indirect,0.09820563951472985,,N/A
_:b129,BLockGame,0.13263067895555297,0.16073615830623236,0.12935257077791257,False,ClassAtom,Badge,0.1319750573200249,0.0796690798158251,0.1111111111111111,9,indirect,0.09820563951472985,,N/A
_:b202,BLockGame,0.13263067895555297,0.16073615830623236,0.12935257077791257,False,ClassAtom,Badge,0.1319750573200249,0.0796690798158251,0.1111111111111111,9,indirect,0.09820563951472985,,N/A
_:b66,BLockGame,0.13263066703462403,0.16073613172085455,0.12935257077791257,False,ClassAtom,Badge,0.13197504778328173,0.0796690798158251,0.1111111111111111,9,indirect,0.09820563534240473,,N/A
_:b77,BLockGame,0.13263066703462403,0.16073613172085455,0.12935257077791257,False,ClassAtom,Badge,0.13197504778328173,0.0796690798158251,0.1111111111111111,9,indirect,0.09820563534240473,,N/A
_:b248,BLockGame,0.13263066703462403,0.16073613172085455,0.12935257077791257,False,ClassAtom,Badge,0.13197504778328173,0.0796690798158251,0.1111111111111111,9,indirect,0.09820563534240473,,N/A
_:b278,BLockGame,0.13263066703462403,0.16073613172085455,0.12935257077791257,False,ClassAtom,Badge,0.13197504778328173,0.0796690798158251,0.1111111111111111,9,indirect,0.09820563534240473,,N/A
_:b267,BLockGame,0.13263066703462403,0.16073613172085455,0.12935257077791257,False,ClassAtom,Badge,0.13197504778328173,0.0796690798158251,0.1111111111111111,9,indirect,0.09820563534240473,,N/A
_:b36,bonusPoints,0.09083326048961722,0.1622120131696138,0.0,False,Class,BonusPoints,0.07266660839169378,0.10189130203804733,0.14285714285714285,7,indirect,0.09802098749609679,,N/A
_:b42,bonusPoints,0.09082609111966067,0.16221581700842916,0.0,False,Class,BonusPoints,0.07266087289572853,0.10189130203804733,0.14285714285714285,7,indirect,0.098018478216612,,N/A
ScorePointsLeaderboard,Stash,0.13183684131150536,0.15379820113913548,0.9172442572270822,False,Class,Reward,0.28891832449462074,0.0796690798158251,0.1111111111111111,9,indirect,0.0979277963393132,,N/A
_:b276,bonusPoints,0.09042092571917974,0.1624792577238048,0.0,False,AtomList,BonusPoints,0.0723367405753438,0.10189130203804733,0.14285714285714285,7,indirect,0.09787667032644368,,N/A
_:b265,bonusPoints,0.09042092571917974,0.1624792577238048,0.0,False,AtomList,BonusPoints,0.0723367405753438,0.10189130203804733,0.14285714285714285,7,indirect,0.09787667032644368,,N/A
_:b167,bonusPoints,0.09042092571917974,0.1624792577238048,0.0,False,AtomList,BonusPoints,0.0723367405753438,0.10189130203804733,0.14285714285714285,7,indirect,0.09787667032644368,,N/A
_:b64,bonusPoints,0.09042092571917974,0.1624792577238048,0.0,False,AtomList,BonusPoints,0.0723367405753438,0.10189130203804733,0.14285714285714285,7,indirect,0.09787667032644368,,N/A
_:b178,bonusPoints,0.09042092571917974,0.1624792577238048,0.0,False,AtomList,BonusPoints,0.0723367405753438,0.10189130203804733,0.14285714285714285,7,indirect,0.09787667032644368,,N/A
_:b86,bonusPoints,0.09042092571917974,0.1624792577238048,0.0,False,AtomList,BonusPoints,0.0723367405753438,0.10189130203804733,0.14285714285714285,7,indirect,0.09787667032644368,,N/A
_:b246,bonusPoints,0.09042092571917974,0.1624792577238048,0.0,False,AtomList,BonusPoints,0.0723367405753438,0.10189130203804733,0.14285714285714285,7,indirect,0.09787667032644368,,N/A
_:b156,bonusPoints,0.09042092571917974,0.1624792577238048,0.0,False,AtomList,BonusPoints,0.0723367405753438,0.10189130203804733,0.14285714285714285,7,indirect,0.09787667032644368,,N/A
_:b75,bonusPoints,0.09042092571917974,0.1624792577238048,0.0,False,AtomList,BonusPoints,0.0723367405753438,0.10189130203804733,0.14285714285714285,7,indirect,0.09787667032644368,,N/A
Slide,Tiny_stash,0.09037250623588197,0.16072361457858392,0.0415518252487452,False,Class,Reward,0.08060837003845461,0.10189130203804733,0.14285714285714285,7,indirect,0.09785972350728946,,N/A
_:b258,bonusPoints,0.09023159951929824,0.162539703964999,0.0,False,BuiltinAtom,BonusPoints,0.0721852796154386,0.10189130203804733,0.14285714285714285,7,indirect,0.09781040615648515,,N/A
ExperiencePointsLeaderboard,BLockGame,0.13133344409738723,0.16559683533078426,0.12935257077791257,False,Class,Badge,0.13093726943349232,0.0796690798158251,0.1111111111111111,9,indirect,0.09775160731437185,,N/A
Input_and_Output_Stream,Motrain,0.11327341184026216,0.1759587506081895,0.0,False,Lesson,GameElementResource,0.09061872947220972,0.08939130203804733,0.125,8,indirect,0.09775004046882252,,N/A
_:b36,Stash,0.13122314455741907,0.15408013388538438,0.9172442572270822,False,Class,Reward,0.2884273670913517,0.0796690798158251,0.1111111111111111,9,indirect,0.09771300247538299,,N/A
_:b42,Stash,0.13120455721246138,0.15408662274226614,0.9172442572270822,False,Class,Reward,0.28841249721538553,0.0796690798158251,0.1111111111111111,9,indirect,0.0977064969046478,,N/A
Active,Level_Up,0.15740081359449234,0.14054908190637727,1.0,False,Class,Level,0.32592065087559385,0.06552766567441097,0.09090909090909091,11,indirect,0.09768326744643946,,N/A
Global,Level_Up,0.15740081359449234,0.14054908190637727,1.0,False,Class,Level,0.32592065087559385,0.06552766567441097,0.09090909090909091,11,indirect,0.09768326744643946,,N/A
hasTarget,Tiny_stash,0.08983658142687587,0.16105010521524002,0.0415518252487452,False,unknown,Reward,0.08017963019124974,0.10189130203804733,0.14285714285714285,7,indirect,0.09767214982413731,,N/A
interest,Tiny_stash,0.08983658142687587,0.16105010521524002,0.0415518252487452,False,unknown,Reward,0.08017963019124974,0.10189130203804733,0.14285714285714285,7,indirect,0.09767214982413731,,N/A
isPrimaryTopicOf,Tiny_stash,0.08983658142687587,0.16105010521524002,0.0415518252487452,False,unknown,Reward,0.08017963019124974,0.10189130203804733,0.14285714285714285,7,indirect,0.09767214982413731,,N/A
bonusPoints,Stash,0.1455074751175339,0.14857121473292664,0.9172442572270822,False,BonusPoints,Reward,0.2998548315394436,0.07189130203804733,0.1,10,indirect,0.09765696261586762,,N/A
_:b189,bonusPoints,0.08977891869298169,0.16279901526144827,0.0,False,AtomList,BonusPoints,0.07182313495438535,0.10189130203804733,0.14285714285714285,7,indirect,0.09765196786727436,,N/A
Competition,BLockGame,0.1128538570065782,0.16108636903816323,0.12935257077791257,False,NamedIndividual,Badge,0.11615359976084508,0.08939130203804733,0.125,8,indirect,0.09760319627703314,,N/A
_:b24,bonusPoints,0.08955667128213537,0.16299030839861095,0.0,False,Class,BonusPoints,0.0716453370257083,0.10189130203804733,0.14285714285714285,7,indirect,0.09757418127347814,,N/A
_:b30,bonusPoints,0.08951682304946099,0.16301083753589257,0.0,False,Class,BonusPoints,0.07161345843956879,0.10189130203804733,0.14285714285714285,7,indirect,0.09756023439204212,,N/A
_:b189,BLockGame,0.13072966804639113,0.16682855695877336,0.12935257077791257,False,AtomList,Badge,0.13045424859269544,0.0796690798158251,0.1111111111111111,9,indirect,0.0975402856965232,,N/A
ScorePoints,Stash,0.13047568524715603,0.1544222991265971,0.9172442572270822,False,Class,Reward,0.28782939964314125,0.0796690798158251,0.1111111111111111,9,indirect,0.09745139171679093,,N/A
SocialPoints,Stash,0.13047568524715603,0.1544222991265971,0.9172442572270822,False,Class,Reward,0.28782939964314125,0.0796690798158251,0.1111111111111111,9,indirect,0.09745139171679093,,N/A
_:b10,bonusPoints,0.08910819505159948,0.16320161570405078,0.0,False,Restriction,BonusPoints,0.07128655604127958,0.10189130203804733,0.14285714285714285,7,indirect,0.09741721459279058,,N/A
volume,bonusPoints,0.08910274455873539,0.16310456019938446,0.0,False,AnnotationProperty,BonusPoints,0.07128219564698832,0.10189130203804733,0.14285714285714285,7,indirect,0.09741530692028814,,N/A
_:b256,bonusPoints,0.08905793854283948,0.16315191079423355,0.0,False,ClassAtom,BonusPoints,0.0712463508342716,0.10189130203804733,0.14285714285714285,7,indirect,0.09739962481472458,,N/A
_:b193,bonusPoints,0.08902580939965207,0.16316911578930357,0.0,False,ClassAtom,BonusPoints,0.07122064751972167,0.10189130203804733,0.14285714285714285,7,indirect,0.09738837961460899,,N/A
_:b182,bonusPoints,0.08902034360151036,0.16317204310554084,0.0,False,ClassAtom,BonusPoints,0.07121627488120828,0.10189130203804733,0.14285714285714285,7,indirect,0.09738646658525939,,N/A
_:b171,bonusPoints,0.08902034360151036,0.16317204310554084,0.0,False,ClassAtom,BonusPoints,0.07121627488120828,0.10189130203804733,0.14285714285714285,7,indirect,0.09738646658525939,,N/A
_:b160,bonusPoints,0.08902034360151036,0.16317204310554084,0.0,False,ClassAtom,BonusPoints,0.07121627488120828,0.10189130203804733,0.14285714285714285,7,indirect,0.09738646658525939,,N/A
_:b209,BLockGame,0.12998550060604325,0.16708514943202638,0.12935257077791257,False,AtomList,Badge,0.1298589146404171,0.0796690798158251,0.1111111111111111,9,indirect,0.09727982709240146,,N/A
_:b276,BLockGame,0.12998550060604325,0.16708514943202638,0.12935257077791257,False,AtomList,Badge,0.1298589146404171,0.0796690798158251,0.1111111111111111,9,indirect,0.09727982709240146,,N/A
_:b167,BLockGame,0.12998550060604325,0.16708514943202638,0.12935257077791257,False,AtomList,Badge,0.1298589146404171,0.0796690798158251,0.1111111111111111,9,indirect,0.09727982709240146,,N/A
_:b86,BLockGame,0.12998550060604325,0.16708514943202638,0.12935257077791257,False,AtomList,Badge,0.1298589146404171,0.0796690798158251,0.1111111111111111,9,indirect,0.09727982709240146,,N/A
_:b75,BLockGame,0.12998550060604325,0.16708514943202638,0.12935257077791257,False,AtomList,Badge,0.1298589146404171,0.0796690798158251,0.1111111111111111,9,indirect,0.09727982709240146,,N/A
_:b246,BLockGame,0.12998550060604325,0.16708514943202638,0.12935257077791257,False,AtomList,Badge,0.1298589146404171,0.0796690798158251,0.1111111111111111,9,indirect,0.09727982709240146,,N/A
_:b127,BLockGame,0.12998550060604325,0.16708514943202638,0.12935257077791257,False,AtomList,Badge,0.1298589146404171,0.0796690798158251,0.1111111111111111,9,indirect,0.09727982709240146,,N/A
_:b178,BLockGame,0.12998550060604325,0.16708514943202638,0.12935257077791257,False,AtomList,Badge,0.1298589146404171,0.0796690798158251,0.1111111111111111,9,indirect,0.09727982709240146,,N/A
_:b156,BLockGame,0.12998550060604325,0.16708514943202638,0.12935257077791257,False,AtomList,Badge,0.1298589146404171,0.0796690798158251,0.1111111111111111,9,indirect,0.09727982709240146,,N/A
_:b138,BLockGame,0.12998550060604325,0.16708514943202638,0.12935257077791257,False,AtomList,Badge,0.1298589146404171,0.0796690798158251,0.1111111111111111,9,indirect,0.09727982709240146,,N/A
_:b220,BLockGame,0.12998550060604325,0.16708514943202638,0.12935257077791257,False,AtomList,Badge,0.1298589146404171,0.0796690798158251,0.1111111111111111,9,indirect,0.09727982709240146,,N/A
_:b64,BLockGame,0.12998550060604325,0.16708514943202638,0.12935257077791257,False,AtomList,Badge,0.1298589146404171,0.0796690798158251,0.1111111111111111,9,indirect,0.09727982709240146,,N/A
_:b265,BLockGame,0.12998550060604325,0.16708514943202638,0.12935257077791257,False,AtomList,Badge,0.1298589146404171,0.0796690798158251,0.1111111111111111,9,indirect,0.09727982709240146,,N/A
_:b200,BLockGame,0.12998550060604325,0.16708514943202638,0.12935257077791257,False,AtomList,Badge,0.1298589146404171,0.0796690798158251,0.1111111111111111,9,indirect,0.09727982709240146,,N/A
_:b118,BLockGame,0.12998550060604325,0.16708514943202638,0.12935257077791257,False,AtomList,Badge,0.1298589146404171,0.0796690798158251,0.1111111111111111,9,indirect,0.09727982709240146,,N/A
_:b109,BLockGame,0.12998550060604325,0.16708514943202638,0.12935257077791257,False,AtomList,Badge,0.1298589146404171,0.0796690798158251,0.1111111111111111,9,indirect,0.09727982709240146,,N/A
ExperiencePoints,BLockGame,0.1299735549342535,0.16618664732496652,0.12935257077791257,False,Class,Badge,0.1298493581029853,0.0796690798158251,0.1111111111111111,9,indirect,0.09727564610727504,,N/A
_:b94,bonusPoints,0.08839538031498999,0.16381297752540738,0.0,False,IndividualPropertyAtom,BonusPoints,0.07071630425199199,0.10189130203804733,0.14285714285714285,7,indirect,0.09716772943497726,,N/A
_:b92,bonusPoints,0.08839102146388524,0.16381561282635423,0.0,False,IndividualPropertyAtom,BonusPoints,0.0707128171711082,0.10189130203804733,0.14285714285714285,7,indirect,0.0971662038370906,,N/A
_:b269,bonusPoints,0.08771412053785947,0.16410136104928527,0.0,False,IndividualPropertyAtom,BonusPoints,0.07017129643028758,0.10189130203804733,0.14285714285714285,7,indirect,0.09692928851298158,,N/A
_:b250,bonusPoints,0.087714114577395,0.1641013477467175,0.0,False,IndividualPropertyAtom,BonusPoints,0.070171291661916,0.10189130203804733,0.14285714285714285,7,indirect,0.09692928642681901,,N/A
_:b68,bonusPoints,0.087714114577395,0.1641013477467175,0.0,False,IndividualPropertyAtom,BonusPoints,0.070171291661916,0.10189130203804733,0.14285714285714285,7,indirect,0.09692928642681901,,N/A
_:b79,bonusPoints,0.087714114577395,0.1641013477467175,0.0,False,IndividualPropertyAtom,BonusPoints,0.070171291661916,0.10189130203804733,0.14285714285714285,7,indirect,0.09692928642681901,,N/A
_:b280,bonusPoints,0.087714114577395,0.1641013477467175,0.0,False,IndividualPropertyAtom,BonusPoints,0.070171291661916,0.10189130203804733,0.14285714285714285,7,indirect,0.09692928642681901,,N/A
COntentKnowledge,Level_Up,0.1549075275058583,0.1387010660407224,1.0,False,Class,Level,0.3239260220046867,0.06552766567441097,0.09090909090909091,11,indirect,0.09681061731541754,,N/A
TechnologicalKnowledge,Level_Up,0.1549075275058583,0.1387010660407224,1.0,False,Class,Level,0.3239260220046867,0.06552766567441097,0.09090909090909091,11,indirect,0.09681061731541754,,N/A
GamificationKnowledge,Level_Up,0.1549075275058583,0.1387010660407224,1.0,False,Class,Level,0.3239260220046867,0.06552766567441097,0.09090909090909091,11,indirect,0.09681061731541754,,N/A
Intuitive,bonusPoints,0.11039760430068038,0.15840687941864298,0.0,False,Class,BonusPoints,0.08831808344054431,0.08939130203804733,0.125,8,indirect,0.0967435078299689,,N/A
Verbal,bonusPoints,0.11039760430068038,0.15840687941864298,0.0,False,Class,BonusPoints,0.08831808344054431,0.08939130203804733,0.125,8,indirect,0.0967435078299689,,N/A
Film,Stash,0.1284168821425237,0.1553948850983021,0.9172442572270822,False,Class,Reward,0.2861823571594354,0.0796690798158251,0.1111111111111111,9,indirect,0.09673081063016961,,N/A
_:b191,bonusPoints,0.08702906973935655,0.1644048547938451,0.0,False,IndividualPropertyAtom,BonusPoints,0.06962325579148525,0.10189130203804733,0.14285714285714285,7,indirect,0.09668952073350556,,N/A
_:b158,bonusPoints,0.08702347137786595,0.16440817125067111,0.0,False,IndividualPropertyAtom,BonusPoints,0.06961877710229276,0.10189130203804733,0.14285714285714285,7,indirect,0.09668756130698385,,N/A
_:b169,bonusPoints,0.08702347137786595,0.16440817125067111,0.0,False,IndividualPropertyAtom,BonusPoints,0.06961877710229276,0.10189130203804733,0.14285714285714285,7,indirect,0.09668756130698385,,N/A
_:b180,bonusPoints,0.08702347137786595,0.16440817125067111,0.0,False,IndividualPropertyAtom,BonusPoints,0.06961877710229276,0.10189130203804733,0.14285714285714285,7,indirect,0.09668756130698385,,N/A
accountServiceHomepage,Tiny_stash,0.11007502022809976,0.16704523293748058,0.0415518252487452,False,unknown,Reward,0.09637038123222885,0.08939130203804733,0.125,8,indirect,0.09663060340456568,,N/A
_:b99,bonusPoints,0.08660516896943478,0.1645762005806133,0.0,False,AtomList,BonusPoints,0.06928413517554782,0.10189130203804733,0.14285714285714285,7,indirect,0.09654115546403294,,N/A
_:b255,bonusPoints,0.08660015379692985,0.16457883514168736,0.0,False,AtomList,BonusPoints,0.06928012303754388,0.10189130203804733,0.14285714285714285,7,indirect,0.09653940015365621,,N/A
hasgamificationExperienceLevel,Stash,0.1422172215008671,0.15139079383466297,0.9172442572270822,False,DatatypeProperty,Reward,0.29722262864611015,0.07189130203804733,0.1,10,indirect,0.09650537385003424,,N/A
Bill,Stash,0.1276909419371835,0.15366448047675252,0.9172442572270822,False,Class,Reward,0.28560160499516324,0.0796690798158251,0.1111111111111111,9,indirect,0.09647673155830054,,N/A
reversedBy,Stash,0.1418930527576811,0.15132270002513865,0.9172442572270822,False,ObjectProperty,Reward,0.2969632936515613,0.07189130203804733,0.1,10,indirect,0.09639191478991915,,N/A
_:b89,bonusPoints,0.08586028100835019,0.16502759537135417,0.0,False,AtomList,BonusPoints,0.06868822480668016,0.10189130203804733,0.14285714285714285,7,indirect,0.09628044467765333,,N/A
The duration in minutes of a single resource,Level_Up,0.10870905664044343,0.15465444954035926,1.0,False,unknown,Level,0.28696724531235474,0.08939130203804733,0.125,8,indirect,0.09615251614888598,,N/A
brief description of the game element purpose,Level_Up,0.10870905664044343,0.15465444954035926,1.0,False,unknown,Level,0.28696724531235474,0.08939130203804733,0.125,8,indirect,0.09615251614888598,,N/A
the title of the game element,Level_Up,0.10870905664044343,0.15465444954035926,1.0,False,unknown,Level,0.28696724531235474,0.08939130203804733,0.125,8,indirect,0.09615251614888598,,N/A
the number of weeks since the latest release of the game element version,Level_Up,0.10870905664044343,0.15465444954035926,1.0,False,unknown,Level,0.28696724531235474,0.08939130203804733,0.125,8,indirect,0.09615251614888598,,N/A
Total number of likes granted for this game element,Level_Up,0.10870905664044343,0.15465444954035926,1.0,False,unknown,Level,0.28696724531235474,0.08939130203804733,0.125,8,indirect,0.09615251614888598,,N/A
"The course is targeted for audience who have payment preference of either ""free of charge"" or ""with charge""",Level_Up,0.10870905664044343,0.15465444954035926,1.0,False,unknown,Level,0.28696724531235474,0.08939130203804733,0.125,8,indirect,0.09615251614888598,,N/A
"The targeted audience of a targeted course has targeted educational level to be beginner, intermefdiate, or advanced",Level_Up,0.10870905664044343,0.15465444954035926,1.0,False,unknown,Level,0.28696724531235474,0.08939130203804733,0.125,8,indirect,0.09615251614888598,,N/A
the latest version released for this game element,Level_Up,0.10870905664044343,0.15465444954035926,1.0,False,unknown,Level,0.28696724531235474,0.08939130203804733,0.125,8,indirect,0.09615251614888598,,N/A
integrated this game element,Level_Up,0.10870905664044343,0.15465444954035926,1.0,False,unknown,Level,0.28696724531235474,0.08939130203804733,0.125,8,indirect,0.09615251614888598,,N/A
Total number of downloads done for this game elemnent,Level_Up,0.10870905664044343,0.15465444954035926,1.0,False,unknown,Level,0.28696724531235474,0.08939130203804733,0.125,8,indirect,0.09615251614888598,,N/A
"the teacher defines the purpose of the resource as either for ""lecturing"" or for ""assessment""",Level_Up,0.10870905664044343,0.15465444954035926,1.0,False,unknown,Level,0.28696724531235474,0.08939130203804733,0.125,8,indirect,0.09615251614888598,,N/A
Sensitive,bonusPoints,0.10863443387649233,0.15475015417371452,0.0,False,Class,BonusPoints,0.08690754710119386,0.08939130203804733,0.125,8,indirect,0.09612639818150309,,N/A
Visual,bonusPoints,0.10863443387649233,0.15475015417371452,0.0,False,Class,BonusPoints,0.08690754710119386,0.08939130203804733,0.125,8,indirect,0.09612639818150309,,N/A
_:b31,bonusPoints,0.08540168404156137,0.1651972221273528,0.0,False,unknown,BonusPoints,0.0683213472332491,0.10189130203804733,0.14285714285714285,7,indirect,0.09611993573927724,,N/A
CollectedDocument,Level_Up,0.10844222934469552,0.15394629267412602,1.0,False,unknown,Level,0.2867537834757564,0.08939130203804733,0.125,8,indirect,0.0960591265953742,,N/A
_:b16,Level_Up,0.10812051554014368,0.1548892541054904,1.0,False,Restriction,Level,0.286496412432115,0.08939130203804733,0.125,8,indirect,0.09594652676378106,,N/A
Error2,bonusPoints,0.1080038362622627,0.15315787320385796,0.0,False,Class,BonusPoints,0.08640306900981017,0.08939130203804733,0.125,8,indirect,0.09590568901652272,,N/A
Bonus,Tiny_stash,0.08472994066149182,0.16219910909737006,0.0415518252487452,False,NamedIndividual,Reward,0.0760943175789425,0.10189130203804733,0.14285714285714285,7,indirect,0.0958848255562529,,N/A
Gamified resource that contains score leaderboard game element must contain score points game element,Level_Up,0.10773776847006,0.15411290583311194,1.0,False,unknown,Level,0.286190214776048,0.08939130203804733,0.125,8,indirect,0.09581256528925178,,N/A
Gamified resource that contains bonus leaderboard game element must contain bonus points game element,Level_Up,0.10773776847006,0.15411290583311194,1.0,False,unknown,Level,0.286190214776048,0.08939130203804733,0.125,8,indirect,0.09581256528925178,,N/A
Gamified resource that contains social leaderboard game element must contain social points game element,Level_Up,0.10773776847006,0.15411290583311194,1.0,False,unknown,Level,0.286190214776048,0.08939130203804733,0.125,8,indirect,0.09581256528925178,,N/A
Gamified resource that contains experience leaderboard game element must contain experience points game element,Level_Up,0.10773776847006,0.15411290583311194,1.0,False,unknown,Level,0.286190214776048,0.08939130203804733,0.125,8,indirect,0.09581256528925178,,N/A
e2,bonusPoints,0.10765287210555605,0.1532759695354331,0.0,False,Variable,BonusPoints,0.08612229768444485,0.08939130203804733,0.125,8,indirect,0.09578285156167538,,N/A
e1,bonusPoints,0.10764400131388371,0.15328005031610642,0.0,False,Variable,BonusPoints,0.08611520105110698,0.08939130203804733,0.125,8,indirect,0.09577974678459006,,N/A
ImageObject,BLockGame,0.13957452195730505,0.15344556203545778,0.12935257077791257,False,unknown,Badge,0.13753013172142656,0.07189130203804733,0.1,10,indirect,0.09558042900978753,,N/A
linking bonus resources with teaaccher exploration objective,Tiny_stash,0.08368323044819964,0.16282024933480857,0.0415518252487452,False,unknown,Reward,0.07525694940830875,0.10189130203804733,0.14285714285714285,7,indirect,0.09551847698160064,,N/A
gamified resource contains one or more game elements,Tiny_stash,0.08368323044819964,0.16282024933480857,0.0415518252487452,False,unknown,Reward,0.07525694940830875,0.10189130203804733,0.14285714285714285,7,indirect,0.09551847698160064,,N/A
Linking leaderboard to resources with objective competition,Tiny_stash,0.08368323044819964,0.16282024933480857,0.0415518252487452,False,unknown,Reward,0.07525694940830875,0.10189130203804733,0.14285714285714285,7,indirect,0.09551847698160064,,N/A
subclass to class,Tiny_stash,0.08368323044819964,0.16282024933480857,0.0415518252487452,False,unknown,Reward,0.07525694940830875,0.10189130203804733,0.14285714285714285,7,indirect,0.09551847698160064,,N/A
link exxperience level with number: expert=6,Tiny_stash,0.08368323044819964,0.16282024933480857,0.0415518252487452,False,unknown,Reward,0.07525694940830875,0.10189130203804733,0.14285714285714285,7,indirect,0.09551847698160064,,N/A
game elements relevant to behavioural objectives,Tiny_stash,0.08368323044819964,0.16282024933480857,0.0415518252487452,False,unknown,Reward,0.07525694940830875,0.10189130203804733,0.14285714285714285,7,indirect,0.09551847698160064,,N/A
link exxperience level with number: expert=4,Tiny_stash,0.08368323044819964,0.16282024933480857,0.0415518252487452,False,unknown,Reward,0.07525694940830875,0.10189130203804733,0.14285714285714285,7,indirect,0.09551847698160064,,N/A
link exxperience level with number: expert=2,Tiny_stash,0.08368323044819964,0.16282024933480857,0.0415518252487452,False,unknown,Reward,0.07525694940830875,0.10189130203804733,0.14285714285714285,7,indirect,0.09551847698160064,,N/A
Identify the more expert teacher between two teachers,Tiny_stash,0.08368323044819964,0.16282024933480857,0.0415518252487452,False,unknown,Reward,0.07525694940830875,0.10189130203804733,0.14285714285714285,7,indirect,0.09551847698160064,,N/A
_:b255,BLockGame,0.12454824150743873,0.16924217119220256,0.12935257077791257,False,AtomList,Badge,0.1255091073615335,0.0796690798158251,0.1111111111111111,9,indirect,0.09537678640788988,,N/A
Space,bonusPoints,0.150795667248165,0.15282597299804693,0.0,False,unknown,BonusPoints,0.12063653379853201,0.06552766567441097,0.09090909090909091,11,indirect,0.09537146622522488,,N/A
_:b31,BLockGame,0.1244209424083553,0.16922031365767215,0.12935257077791257,False,unknown,Badge,0.12540726808226677,0.0796690798158251,0.1111111111111111,9,indirect,0.09533223172321068,,N/A
hasPreLesson,BLockGame,0.08274135617962297,0.16210843119551047,0.12935257077791257,False,ReflexiveProperty,Badge,0.0920635990992809,0.10189130203804733,0.14285714285714285,7,indirect,0.0951888209875988,,N/A
Exploration,bonusPoints,0.10583858754532975,0.15472478857526617,0.0,False,NamedIndividual,BonusPoints,0.0846708700362638,0.08939130203804733,0.125,8,indirect,0.09514785196559619,,N/A
_:b253,BLockGame,0.12385559103195014,0.1695966227258208,0.12935257077791257,False,AtomList,Badge,0.12495498698114263,0.0796690798158251,0.1111111111111111,9,indirect,0.09513435874146886,,N/A
Error3,Stash,0.1382428250109453,0.14830290959776293,0.9172442572270822,False,Class,Reward,0.2940431114541727,0.07189130203804733,0.1,10,indirect,0.09511433507856162,,N/A
hasInputPole,bonusPoints,0.10571967965738924,0.15966169893399862,0.0,False,ObjectProperty,BonusPoints,0.0845757437259114,0.08939130203804733,0.125,8,indirect,0.09510623420481701,,N/A
hasUnderstandingPole,bonusPoints,0.10571967965738924,0.15966169893399862,0.0,False,ObjectProperty,BonusPoints,0.0845757437259114,0.08939130203804733,0.125,8,indirect,0.09510623420481701,,N/A
hasProcessingPole,bonusPoints,0.10571967965738924,0.15966169893399862,0.0,False,ObjectProperty,BonusPoints,0.0845757437259114,0.08939130203804733,0.125,8,indirect,0.09510623420481701,,N/A
hasPerceptionPole,bonusPoints,0.10571967965738924,0.15966169893399862,0.0,False,ObjectProperty,BonusPoints,0.0845757437259114,0.08939130203804733,0.125,8,indirect,0.09510623420481701,,N/A
contains_forum_post,BLockGame,0.12369870461552898,0.17103594064614078,0.12935257077791257,False,unknown,Badge,0.1248294778480057,0.0796690798158251,0.1111111111111111,9,indirect,0.09507944849572146,,N/A
objectives the teacher can choose from for each resource to prompt a desired learners’ behaviours when learners interact with that resource.,Level_Up,0.10533915266181186,0.154487457208757,1.0,False,unknown,Level,0.2842713221294495,0.08939130203804733,0.125,8,indirect,0.09497304975636492,,N/A
_:b99,BLockGame,0.12323066575511107,0.1699270937748345,0.12935257077791257,False,AtomList,Badge,0.12445504675967138,0.0796690798158251,0.1111111111111111,9,indirect,0.09491563489457519,,N/A
Active,Stash,0.1493431368916146,0.14566501849227803,0.9172442572270822,False,Class,Reward,0.30292336095870814,0.06552766567441097,0.09090909090909091,11,indirect,0.09486308060043225,,N/A
Global,Stash,0.1493431368916146,0.14566501849227803,0.9172442572270822,False,Class,Reward,0.30292336095870814,0.06552766567441097,0.09090909090909091,11,indirect,0.09486308060043225,,N/A
greaterThan,Tiny_stash,0.08176459041544318,0.16380784619946798,0.0415518252487452,False,unknown,Reward,0.07372203738210359,0.10189130203804733,0.14285714285714285,7,indirect,0.09484695297013587,,N/A
leçon 2 du cours Programmation Orientée Objet,Motrain,0.10488761790456776,0.15881354461022895,0.0,False,unknown,GameElementResource,0.0839100943236542,0.08939130203804733,0.125,8,indirect,0.09481501259132949,,N/A
pageStart,BLockGame,0.12283117816591302,0.15770165227075453,0.12935257077791257,False,AnnotationProperty,Badge,0.12413545668831294,0.0796690798158251,0.1111111111111111,9,indirect,0.09477581423835588,,N/A
l1,BLockGame,0.10466972457892168,0.1647842523407049,0.12935257077791257,False,Variable,Badge,0.10960629381871986,0.08939130203804733,0.125,8,indirect,0.09473874992735336,,N/A
has_body_for_annotation,Stash,0.12249884230391386,0.15653171111674843,0.9172442572270822,False,unknown,Reward,0.28144792528854756,0.0796690798158251,0.1111111111111111,9,indirect,0.09465949668665616,,N/A
has_target,Stash,0.12249884230391386,0.15653171111674843,0.9172442572270822,False,unknown,Reward,0.28144792528854756,0.0796690798158251,0.1111111111111111,9,indirect,0.09465949668665616,,N/A
has_answer,Stash,0.12249878865973356,0.1565315941079301,0.9172442572270822,False,unknown,Reward,0.2814478823732033,0.0796690798158251,0.1111111111111111,9,indirect,0.09465947791119306,,N/A
Representes the numeric value equivaent to the teache's gamification experience level,Level_Up,0.10432691353067325,0.15492287542609248,1.0,False,unknown,Level,0.2834615308245386,0.08939130203804733,0.125,8,indirect,0.0946187660604664,,N/A
unsignedInt,Level_Up,0.10432691353067325,0.15492287542609248,1.0,False,unknown,Level,0.2834615308245386,0.08939130203804733,0.125,8,indirect,0.0946187660604664,,N/A
has_bag,BLockGame,0.12227385697854662,0.16770732108263614,0.12935257077791257,False,unknown,Badge,0.12368959973841982,0.0796690798158251,0.1111111111111111,9,indirect,0.09458075182277763,,N/A
_:b59,bonusPoints,0.1041591863730369,0.15885382390772596,0.0,False,Restriction,BonusPoints,0.08332734909842952,0.08939130203804733,0.125,8,indirect,0.09456006155529367,,N/A
_:b61,bonusPoints,0.1041591863730369,0.15885382390772596,0.0,False,Restriction,BonusPoints,0.08332734909842952,0.08939130203804733,0.125,8,indirect,0.09456006155529367,,N/A
Tiny_stash,bonusPoints,0.10412575213365063,0.15985055356951658,0.0,False,Reward,BonusPoints,0.08330060170692051,0.08939130203804733,0.125,8,indirect,0.09454835957150849,,N/A
topDataProperty,bonusPoints,0.10403164182965272,0.15525934245855652,0.0,False,ObjectProperty,BonusPoints,0.08322531346372218,0.08939130203804733,0.125,8,indirect,0.09451542096510922,,N/A
accountServiceHomepage,Stash,0.12176878047398228,0.15477470662154255,0.9172442572270822,False,unknown,Reward,0.28086387582460226,0.0796690798158251,0.1111111111111111,9,indirect,0.09440397504618012,,N/A
RDV,Stash,0.12176878047398228,0.15477470662154255,0.9172442572270822,False,unknown,Reward,0.28086387582460226,0.0796690798158251,0.1111111111111111,9,indirect,0.09440397504618012,,N/A
workplaceHomepage,Stash,0.12176878047398228,0.15477470662154255,0.9172442572270822,False,unknown,Reward,0.28086387582460226,0.0796690798158251,0.1111111111111111,9,indirect,0.09440397504618012,,N/A
hasPreLesson,bonusPoints,0.10338977224600106,0.15720156013749984,0.0,False,ReflexiveProperty,BonusPoints,0.08271181779680085,0.08939130203804733,0.125,8,indirect,0.09429076661083113,,N/A
hasPreResource,bonusPoints,0.10338977224600106,0.15720156013749984,0.0,False,ReflexiveProperty,BonusPoints,0.08271181779680085,0.08939130203804733,0.125,8,indirect,0.09429076661083113,,N/A
cites,bonusPoints,0.10336729979986395,0.15721828779153676,0.0,False,ObjectProperty,BonusPoints,0.08269383983989116,0.08939130203804733,0.125,8,indirect,0.09428290125468315,,N/A
Performance,Stash,0.10313556805609307,0.15610169632543516,0.9172442572270822,False,NamedIndividual,Reward,0.26595730589029093,0.08939130203804733,0.125,8,indirect,0.09420179514436335,,N/A
Novice,Stash,0.10313556805609307,0.15610169632543516,0.9172442572270822,False,NamedIndividual,Reward,0.26595730589029093,0.08939130203804733,0.125,8,indirect,0.09420179514436335,,N/A
ProcessingPole,bonusPoints,0.12100409030506325,0.14726435126921722,0.0,False,Class,BonusPoints,0.09680327224405061,0.0796690798158251,0.1111111111111111,9,indirect,0.09413633348705845,,N/A
UnderstandingPole,bonusPoints,0.12100409030506325,0.14726435126921722,0.0,False,Class,BonusPoints,0.09680327224405061,0.0796690798158251,0.1111111111111111,9,indirect,0.09413633348705845,,N/A
familyName,bonusPoints,0.10236899293836477,0.15785461703852588,0.0,False,AnnotationProperty,BonusPoints,0.08189519435069181,0.08939130203804733,0.125,8,indirect,0.09393349385315844,,N/A
shortDescription,bonusPoints,0.10236899293836477,0.15785461703852588,0.0,False,AnnotationProperty,BonusPoints,0.08189519435069181,0.08939130203804733,0.125,8,indirect,0.09393349385315844,,N/A
oneOf,bonusPoints,0.10236899293836477,0.15785461703852588,0.0,False,AnnotationProperty,BonusPoints,0.08189519435069181,0.08939130203804733,0.125,8,indirect,0.09393349385315844,,N/A
hasSelf,bonusPoints,0.10236899293836477,0.15785461703852588,0.0,False,AnnotationProperty,BonusPoints,0.08189519435069181,0.08939130203804733,0.125,8,indirect,0.09393349385315844,,N/A
schoolHomepage,bonusPoints,0.10236899293836477,0.15785461703852588,0.0,False,AnnotationProperty,BonusPoints,0.08189519435069181,0.08939130203804733,0.125,8,indirect,0.09393349385315844,,N/A
presentedAt,bonusPoints,0.10236899293836477,0.15785461703852588,0.0,False,AnnotationProperty,BonusPoints,0.08189519435069181,0.08939130203804733,0.125,8,indirect,0.09393349385315844,,N/A
annotates,bonusPoints,0.10236899293836477,0.15785461703852588,0.0,False,AnnotationProperty,BonusPoints,0.08189519435069181,0.08939130203804733,0.125,8,indirect,0.09393349385315844,,N/A
plan,bonusPoints,0.10236898101743581,0.1578545907639311,0.0,False,AnnotationProperty,BonusPoints,0.08189518481394865,0.08939130203804733,0.125,8,indirect,0.0939334896808333,,N/A
workInfoHomepage,bonusPoints,0.10236898101743581,0.1578545907639311,0.0,False,AnnotationProperty,BonusPoints,0.08189518481394865,0.08939130203804733,0.125,8,indirect,0.0939334896808333,,N/A
pastProject,bonusPoints,0.10236898101743581,0.1578545907639311,0.0,False,AnnotationProperty,BonusPoints,0.08189518481394865,0.08939130203804733,0.125,8,indirect,0.0939334896808333,,N/A
"has priority to either essential or bonus to be accessed by the learner.
This priority is decided by the teacher for the resource.",Level_Up,0.1022473195949847,0.15661039948889868,1.0,False,unknown,Level,0.2817978556759878,0.08939130203804733,0.125,8,indirect,0.09389090818297541,,N/A
"the playing style the teacher prefers, it is either ""explorer"", ""achiever"", ""philanthropest"", or ""socializer""",Level_Up,0.10217522362470402,0.15665119319942583,1.0,False,unknown,Level,0.2817401788997632,0.08939130203804733,0.125,8,indirect,0.09386567459337718,,N/A
Error1,bonusPoints,0.12013683963768129,0.14681442924687066,0.0,False,Class,BonusPoints,0.09610947171014504,0.0796690798158251,0.1111111111111111,9,indirect,0.09383279575347477,,N/A
Map,Level_Up,0.10201640664274689,0.15670121890812796,1.0,False,Class,Level,0.2816131253141975,0.08939130203804733,0.125,8,indirect,0.09381008864969217,,N/A
LegalDecision,Level_Up,0.10201639472181794,0.15670119254725304,1.0,False,Class,Level,0.28161311577745435,0.08939130203804733,0.125,8,indirect,0.09381008447736705,,N/A
Reward,Level_Up,0.1020157688730478,0.15669980860146066,1.0,False,Class,Level,0.28161261509843827,0.08939130203804733,0.125,8,indirect,0.0938098654302975,,N/A
Timer,Level_Up,0.1020157688730478,0.15669980860146066,1.0,False,Class,Level,0.28161261509843827,0.08939130203804733,0.125,8,indirect,0.0938098654302975,,N/A
ProgressBar,Level_Up,0.1020157688730478,0.15669980860146066,1.0,False,Class,Level,0.28161261509843827,0.08939130203804733,0.125,8,indirect,0.0938098654302975,,N/A
Badge,Level_Up,0.1020157688730478,0.15669980860146066,1.0,False,Class,Level,0.28161261509843827,0.08939130203804733,0.125,8,indirect,0.0938098654302975,,N/A
Hint,Level_Up,0.1020157688730478,0.15669980860146066,1.0,False,Class,Level,0.28161261509843827,0.08939130203804733,0.125,8,indirect,0.0938098654302975,,N/A
Story,Level_Up,0.1020157688730478,0.15669980860146066,1.0,False,Class,Level,0.28161261509843827,0.08939130203804733,0.125,8,indirect,0.0938098654302975,,N/A
Feedback,Level_Up,0.1020157688730478,0.15669980860146066,1.0,False,Class,Level,0.28161261509843827,0.08939130203804733,0.125,8,indirect,0.0938098654302975,,N/A
Level,Level_Up,0.1020157688730478,0.15669980860146066,1.0,False,Class,Level,0.28161261509843827,0.08939130203804733,0.125,8,indirect,0.0938098654302975,,N/A
Challenge,Level_Up,0.1020157688730478,0.15669980860146066,1.0,False,Class,Level,0.28161261509843827,0.08939130203804733,0.125,8,indirect,0.0938098654302975,,N/A
Achievement,Level_Up,0.1020157688730478,0.15669980860146066,1.0,False,Class,Level,0.28161261509843827,0.08939130203804733,0.125,8,indirect,0.0938098654302975,,N/A
additional-name,BLockGame,0.10188622970429236,0.163632173472963,0.12935257077791257,False,unknown,Badge,0.10737949791901641,0.08939130203804733,0.125,8,indirect,0.09376452672123309,,N/A
family-name,BLockGame,0.10187357848622589,0.16363982982515723,0.12935257077791257,False,unknown,Badge,0.10736937694456324,0.08939130203804733,0.125,8,indirect,0.09376009879490982,,N/A
given-name,BLockGame,0.10186821122812698,0.16364310265054902,0.12935257077791257,False,unknown,Badge,0.1073650831380841,0.08939130203804733,0.125,8,indirect,0.09375822025457521,,N/A
honorific-prefix,BLockGame,0.10186592512766166,0.16364448481024135,0.12935257077791257,False,unknown,Badge,0.10736325425771184,0.08939130203804733,0.125,8,indirect,0.09375742011941235,,N/A
honorific-suffix,BLockGame,0.10186496229210384,0.16364509356267753,0.12935257077791257,False,unknown,Badge,0.1073624839892656,0.08939130203804733,0.125,8,indirect,0.09375708312696712,,N/A
offersCourse,bonusPoints,0.10181405774505561,0.15852910162632342,0.0,False,TransitiveProperty,BonusPoints,0.08145124619604449,0.08939130203804733,0.125,8,indirect,0.09373926653550024,,N/A
indexKey,bonusPoints,0.10181405774505561,0.15852910162632342,0.0,False,DatatypeProperty,BonusPoints,0.08145124619604449,0.08939130203804733,0.125,8,indirect,0.09373926653550024,,N/A
hasgamificationExperienceLevel,bonusPoints,0.10181405774505561,0.15852910162632342,0.0,False,DatatypeProperty,BonusPoints,0.08145124619604449,0.08939130203804733,0.125,8,indirect,0.09373926653550024,,N/A
aboutEducationalTopic,Level_Up,0.15596425356461832,0.14176511495614885,1.0,False,ObjectProperty,Level,0.3247714028516947,0.060224635371380675,0.08333333333333333,12,indirect,0.09373350173901385,,N/A
requiresKnowledge,Level_Up,0.15596424760415384,0.14176510249804147,1.0,False,ObjectProperty,Level,0.3247713980833231,0.060224635371380675,0.08333333333333333,12,indirect,0.09373349965285127,,N/A
_:b16,Stash,0.10179087890826477,0.15675546026030676,0.9172442572270822,False,Restriction,Reward,0.2648815545720283,0.08939130203804733,0.125,8,indirect,0.09373115394262344,,N/A
isComposedOf,bonusPoints,0.10178918244561022,0.1585469465085989,0.0,False,ObjectProperty,BonusPoints,0.08143134595648818,0.08939130203804733,0.125,8,indirect,0.09373056018069434,,N/A
contain_resource,bonusPoints,0.10178918244561022,0.1585469465085989,0.0,False,ObjectProperty,BonusPoints,0.08143134595648818,0.08939130203804733,0.125,8,indirect,0.09373056018069434,,N/A
hasTargetAudience,bonusPoints,0.10178918244561022,0.1585469465085989,0.0,False,ObjectProperty,BonusPoints,0.08143134595648818,0.08939130203804733,0.125,8,indirect,0.09373056018069434,,N/A
reversedBy,bonusPoints,0.10178918244561022,0.1585469465085989,0.0,False,ObjectProperty,BonusPoints,0.08143134595648818,0.08939130203804733,0.125,8,indirect,0.09373056018069434,,N/A
_:b29,BLockGame,0.10175462836433154,0.166259454578326,0.12935257077791257,False,Restriction,Badge,0.10727421684704776,0.08939130203804733,0.125,8,indirect,0.09371846625224681,,N/A
indexKey,Tiny_stash,0.11967242105997584,0.1629958437861546,0.0415518252487452,False,DatatypeProperty,Reward,0.10404830189772972,0.0796690798158251,0.1111111111111111,9,indirect,0.09367024925127787,,N/A
has_Experience_Level,Tiny_stash,0.11967241509951136,0.16299583086052702,0.0415518252487452,False,DatatypeProperty,Reward,0.10404829712935813,0.0796690798158251,0.1111111111111111,9,indirect,0.0936702471651153,,N/A
hasgamificationExperienceLevel,Tiny_stash,0.11967240913904689,0.1629958179348995,0.0415518252487452,False,DatatypeProperty,Reward,0.10404829236098656,0.0796690798158251,0.1111111111111111,9,indirect,0.09367024507895272,,N/A
_:b268,BLockGame,0.11965176432532185,0.1719987008950942,0.12935257077791257,False,AtomList,Badge,0.12159192561584,0.0796690798158251,0.1111111111111111,9,indirect,0.09366301939414896,,N/A
_:b249,BLockGame,0.11965176432532185,0.1719987008950942,0.12935257077791257,False,AtomList,Badge,0.12159192561584,0.0796690798158251,0.1111111111111111,9,indirect,0.09366301939414896,,N/A
hasSubSystem,Tiny_stash,0.11936584990233341,0.16393778712483598,0.0415518252487452,False,unknown,Reward,0.10380304497161577,0.0796690798158251,0.1111111111111111,9,indirect,0.09356294934610301,,N/A
System,Tiny_stash,0.11936584990233341,0.16393778712483598,0.0415518252487452,False,unknown,Reward,0.10380304497161577,0.0796690798158251,0.1111111111111111,9,indirect,0.09356294934610301,,N/A
_:b35,BLockGame,0.10108092205908956,0.1665950327693679,0.12935257077791257,False,Restriction,Badge,0.10673525180285416,0.08939130203804733,0.125,8,indirect,0.09348266904541211,,N/A
_:b41,BLockGame,0.10107791727350106,0.16659673659166016,0.12935257077791257,False,Restriction,Badge,0.10673284797438337,0.08939130203804733,0.125,8,indirect,0.09348161737045614,,N/A
_:b47,BLockGame,0.10107665757686182,0.1665975009666312,0.12935257077791257,False,Restriction,Badge,0.10673184021707198,0.08939130203804733,0.125,8,indirect,0.0934811764766324,,N/A
_:b52,BLockGame,0.10107611423603591,0.16659780906552252,0.12935257077791257,False,Restriction,Badge,0.10673140554441125,0.08939130203804733,0.125,8,indirect,0.09348098630734333,,N/A
chapter,bonusPoints,0.10094251157788296,0.15909518321939511,0.0,False,AnnotationProperty,BonusPoints,0.08075400926230637,0.08939130203804733,0.125,8,indirect,0.09343422537698981,,N/A
works_in,Tiny_stash,0.11879097353078685,0.16542048194551842,0.0415518252487452,False,unknown,Reward,0.10334314387437853,0.0796690798158251,0.1111111111111111,9,indirect,0.09336174261606171,,N/A
has_competency,Tiny_stash,0.11879097353078685,0.16542048194551842,0.0415518252487452,False,unknown,Reward,0.10334314387437853,0.0796690798158251,0.1111111111111111,9,indirect,0.09336174261606171,,N/A
has_contact,Tiny_stash,0.11879097353078685,0.16542048194551842,0.0415518252487452,False,unknown,Reward,0.10334314387437853,0.0796690798158251,0.1111111111111111,9,indirect,0.09336174261606171,,N/A
interacts,Tiny_stash,0.11879097353078685,0.16542048194551842,0.0415518252487452,False,unknown,Reward,0.10334314387437853,0.0796690798158251,0.1111111111111111,9,indirect,0.09336174261606171,,N/A
depicts,Tiny_stash,0.11789325706511719,0.16381790245450717,0.0415518252487452,False,AnnotationProperty,Reward,0.1026249707018428,0.0796690798158251,0.1111111111111111,9,indirect,0.09304754185307733,,N/A
chapter,Tiny_stash,0.11789325706511719,0.16381790245450717,0.0415518252487452,False,AnnotationProperty,Reward,0.1026249707018428,0.0796690798158251,0.1111111111111111,9,indirect,0.09304754185307733,,N/A
"The course is targeted for audience who have payment preference of either ""free of charge"" or ""with charge""",Stash,0.09977296373358577,0.15691944739104313,0.9172442572270822,False,unknown,Reward,0.26326722243228506,0.08939130203804733,0.125,8,indirect,0.09302488363148578,,N/A
the latest version released for this game element,Stash,0.09977296373358577,0.15691944739104313,0.9172442572270822,False,unknown,Reward,0.26326722243228506,0.08939130203804733,0.125,8,indirect,0.09302488363148578,,N/A
The duration in minutes of a single resource,Stash,0.09977296373358577,0.15691944739104313,0.9172442572270822,False,unknown,Reward,0.26326722243228506,0.08939130203804733,0.125,8,indirect,0.09302488363148578,,N/A
the title of the game element,Stash,0.09977296373358577,0.15691944739104313,0.9172442572270822,False,unknown,Reward,0.26326722243228506,0.08939130203804733,0.125,8,indirect,0.09302488363148578,,N/A
integrated this game element,Stash,0.09977296373358577,0.15691944739104313,0.9172442572270822,False,unknown,Reward,0.26326722243228506,0.08939130203804733,0.125,8,indirect,0.09302488363148578,,N/A
Total number of likes granted for this game element,Stash,0.09977296373358577,0.15691944739104313,0.9172442572270822,False,unknown,Reward,0.26326722243228506,0.08939130203804733,0.125,8,indirect,0.09302488363148578,,N/A
"The targeted audience of a targeted course has targeted educational level to be beginner, intermefdiate, or advanced",Stash,0.09977296373358577,0.15691944739104313,0.9172442572270822,False,unknown,Reward,0.26326722243228506,0.08939130203804733,0.125,8,indirect,0.09302488363148578,,N/A
Total number of downloads done for this game elemnent,Stash,0.09977296373358577,0.15691944739104313,0.9172442572270822,False,unknown,Reward,0.26326722243228506,0.08939130203804733,0.125,8,indirect,0.09302488363148578,,N/A
brief description of the game element purpose,Stash,0.09977296373358577,0.15691944739104313,0.9172442572270822,False,unknown,Reward,0.26326722243228506,0.08939130203804733,0.125,8,indirect,0.09302488363148578,,N/A
the number of weeks since the latest release of the game element version,Stash,0.09977296373358577,0.15691944739104313,0.9172442572270822,False,unknown,Reward,0.26326722243228506,0.08939130203804733,0.125,8,indirect,0.09302488363148578,,N/A
"the teacher defines the purpose of the resource as either for ""lecturing"" or for ""assessment""",Stash,0.0997729577731213,0.15691943420412552,0.9172442572270822,False,unknown,Reward,0.2632672176639135,0.08939130203804733,0.125,8,indirect,0.09302488154532322,,N/A
onlineCourse,bonusPoints,0.09933340407192817,0.1592870775044745,0.0,False,Class,BonusPoints,0.07946672325754255,0.08939130203804733,0.125,8,indirect,0.09287103774990563,,N/A
AcademicArticle,bonusPoints,0.09933340407192817,0.1592870775044745,0.0,False,Class,BonusPoints,0.07946672325754255,0.08939130203804733,0.125,8,indirect,0.09287103774990563,,N/A
Map,bonusPoints,0.09933340407192817,0.1592870775044745,0.0,False,Class,BonusPoints,0.07946672325754255,0.08939130203804733,0.125,8,indirect,0.09287103774990563,,N/A
EditedBook,bonusPoints,0.09933340407192817,0.1592870775044745,0.0,False,Class,BonusPoints,0.07946672325754255,0.08939130203804733,0.125,8,indirect,0.09287103774990563,,N/A
PedagogicalKnowledge,bonusPoints,0.09933340407192817,0.1592870775044745,0.0,False,Class,BonusPoints,0.07946672325754255,0.08939130203804733,0.125,8,indirect,0.09287103774990563,,N/A
Manuscript,bonusPoints,0.09933340407192817,0.1592870775044745,0.0,False,Class,BonusPoints,0.07946672325754255,0.08939130203804733,0.125,8,indirect,0.09287103774990563,,N/A
PedagogicalExperience,bonusPoints,0.09933340407192817,0.1592870775044745,0.0,False,Class,BonusPoints,0.07946672325754255,0.08939130203804733,0.125,8,indirect,0.09287103774990563,,N/A
Thesis,bonusPoints,0.09933340407192817,0.1592870775044745,0.0,False,Class,BonusPoints,0.07946672325754255,0.08939130203804733,0.125,8,indirect,0.09287103774990563,,N/A
LegalDecision,bonusPoints,0.09933340407192817,0.1592870775044745,0.0,False,Class,BonusPoints,0.07946672325754255,0.08939130203804733,0.125,8,indirect,0.09287103774990563,,N/A
img,bonusPoints,0.09906552271272012,0.15962708182702764,0.0,False,unknown,BonusPoints,0.0792524181701761,0.08939130203804733,0.125,8,indirect,0.0927772792741828,,N/A
Chat,bonusPoints,0.09906552271272012,0.15962708182702764,0.0,False,unknown,BonusPoints,0.0792524181701761,0.08939130203804733,0.125,8,indirect,0.0927772792741828,,N/A
Annotation,bonusPoints,0.09906552271272012,0.15962708182702764,0.0,False,unknown,BonusPoints,0.0792524181701761,0.08939130203804733,0.125,8,indirect,0.0927772792741828,,N/A
has_EndDate,bonusPoints,0.09906552271272012,0.15962708182702764,0.0,False,unknown,BonusPoints,0.0792524181701761,0.08939130203804733,0.125,8,indirect,0.0927772792741828,,N/A
lives_in,bonusPoints,0.09906551079179117,0.15962705553580192,0.0,False,unknown,BonusPoints,0.07925240863343294,0.08939130203804733,0.125,8,indirect,0.09277727510185768,,N/A
total number of learners enrolled to the course throughout the years,bonusPoints,0.0988755469196715,0.15817738607166412,0.0,False,unknown,BonusPoints,0.0791004375357372,0.08939130203804733,0.125,8,indirect,0.09271078774661579,,N/A
rating of course from 0 to 5.,bonusPoints,0.0988755469196715,0.15817738607166412,0.0,False,unknown,BonusPoints,0.0791004375357372,0.08939130203804733,0.125,8,indirect,0.09271078774661579,,N/A
Number of hours for completing the course,bonusPoints,0.0988755469196715,0.15817738607166412,0.0,False,unknown,BonusPoints,0.0791004375357372,0.08939130203804733,0.125,8,indirect,0.09271078774661579,,N/A
Whether it is flexible or has certain deadlines,bonusPoints,0.0988755469196715,0.15817738607166412,0.0,False,unknown,BonusPoints,0.0791004375357372,0.08939130203804733,0.125,8,indirect,0.09271078774661579,,N/A
The duration in minutes of a single resource,bonusPoints,0.0988755469196715,0.15817738607166412,0.0,False,unknown,BonusPoints,0.0791004375357372,0.08939130203804733,0.125,8,indirect,0.09271078774661579,,N/A
_:b48,BLockGame,0.09853265291774346,0.16813624090820398,0.12935257077791257,False,Class,Badge,0.1046966364897773,0.08939130203804733,0.125,8,indirect,0.09259077484594097,,N/A
Bill,bonusPoints,0.09833600983476308,0.16022965801508712,0.0,False,Class,BonusPoints,0.07866880786781047,0.08939130203804733,0.125,8,indirect,0.09252194976689784,,N/A
_:b18,BLockGame,0.09827709432533152,0.16584546124703065,0.12935257077791257,False,Restriction,Badge,0.10449218961584773,0.08939130203804733,0.125,8,indirect,0.09250132933859681,,N/A
_:b17,BLockGame,0.09827709432533152,0.16584546124703065,0.12935257077791257,False,Restriction,Badge,0.10449218961584773,0.08939130203804733,0.125,8,indirect,0.09250132933859681,,N/A
_:b15,BLockGame,0.09827709432533152,0.16584546124703065,0.12935257077791257,False,Restriction,Badge,0.10449218961584773,0.08939130203804733,0.125,8,indirect,0.09250132933859681,,N/A
RDV,bonusPoints,0.09795124395377817,0.1606520865957106,0.0,False,unknown,BonusPoints,0.07836099516302254,0.08939130203804733,0.125,8,indirect,0.09238728170855312,,N/A
accountServiceHomepage,bonusPoints,0.09795124395377817,0.1606520865957106,0.0,False,unknown,BonusPoints,0.07836099516302254,0.08939130203804733,0.125,8,indirect,0.09238728170855312,,N/A
workplaceHomepage,bonusPoints,0.09795124395377817,0.1606520865957106,0.0,False,unknown,BonusPoints,0.07836099516302254,0.08939130203804733,0.125,8,indirect,0.09238728170855312,,N/A
consists_of,bonusPoints,0.09795124395377817,0.1606520865957106,0.0,False,unknown,BonusPoints,0.07836099516302254,0.08939130203804733,0.125,8,indirect,0.09238728170855312,,N/A
topDataProperty,Level_Up,0.11560142366099124,0.15018823023852768,1.0,False,ObjectProperty,Level,0.292481138928793,0.0796690798158251,0.1111111111111111,9,indirect,0.09224540016163324,,N/A
Exploration,Level_Up,0.11348490362191259,0.15059147527110123,1.0,False,NamedIndividual,Level,0.2907879228975301,0.0796690798158251,0.1111111111111111,9,indirect,0.09150461814795571,,N/A
lesson 3 for the course Object Oriented Programming,Motrain,0.09492670884872381,0.15933652151602817,0.0,False,unknown,GameElementResource,0.07594136707897906,0.08939130203804733,0.125,8,indirect,0.0913286944217841,,N/A
leçon 3 du cours Programmation Orientée Objet,Motrain,0.09492670884872381,0.15933652151602817,0.0,False,unknown,GameElementResource,0.07594136707897906,0.08939130203804733,0.125,8,indirect,0.0913286944217841,,N/A
Lesson 1 of course Object oriented programming,Motrain,0.09492669814617134,0.15933652924714878,0.0,False,unknown,GameElementResource,0.07594135851693708,0.08939130203804733,0.125,8,indirect,0.09132869067589074,,N/A
lesson 4 for the course Object Oriented Programming,Motrain,0.09425960944617716,0.15931733923000124,0.0,False,unknown,GameElementResource,0.07540768755694173,0.08939130203804733,0.125,8,indirect,0.09109520963089277,,N/A
leçon 4 du cours Programmation Orientée Objet,Motrain,0.09425960944617716,0.15931733923000124,0.0,False,unknown,GameElementResource,0.07540768755694173,0.08939130203804733,0.125,8,indirect,0.09109520963089277,,N/A
lesson 2 for the course Object Oriented Programming,Motrain,0.09425949624993969,0.1593174204175876,0.0,False,unknown,GameElementResource,0.07540759699995175,0.08939130203804733,0.125,8,indirect,0.09109517001220965,,N/A
Stash,bonusPoints,0.12673842371574157,0.1600097116515637,0.0,False,Reward,BonusPoints,0.10139073897259326,0.07189130203804733,0.1,10,indirect,0.0910877946252403,,N/A
_:b96,BLockGame,0.13827145678379432,0.1576952498163368,0.12935257077791257,False,ClassAtom,Badge,0.13648767958261798,0.06552766567441097,0.09090909090909091,11,indirect,0.09098799256269514,,N/A
_:b11,Stash,0.1382428250109453,0.14830290959776293,0.9172442572270822,False,Class,Reward,0.2940431114541727,0.06552766567441097,0.09090909090909091,11,indirect,0.09097797144219799,,N/A
Audience_A,Motrain,0.09356693241993685,0.15946872197965642,0.0,False,Audience,GameElementResource,0.07485354593594949,0.08939130203804733,0.125,8,indirect,0.09085277267170866,,N/A
Bill,Tiny_stash,0.11153197175183098,0.16611280325648464,0.0415518252487452,False,Class,Reward,0.09753594245121383,0.0796690798158251,0.1111111111111111,9,indirect,0.09082109199342717,,N/A
Advanced,Stash,0.09346456053459198,0.16023358671785382,0.9172442572270822,False,unknown,Reward,0.25822049987309004,0.08939130203804733,0.125,8,indirect,0.09081694251183797,,N/A
Motivation,Stash,0.0934643760023379,0.1602336706114136,0.9172442572270822,False,unknown,Reward,0.2582203522472868,0.08939130203804733,0.125,8,indirect,0.09081687792554903,,N/A
has_bag,bonusPoints,0.0934607202827886,0.16211594833775247,0.0,False,unknown,BonusPoints,0.07476857622623088,0.08939130203804733,0.125,8,indirect,0.09081559842370678,,N/A
Kind,Stash,0.1369715167869239,0.14413999561863738,0.9172442572270822,False,unknown,Reward,0.2930260648749556,0.06552766567441097,0.09090909090909091,11,indirect,0.0905330135637905,,N/A
_:b98,BLockGame,0.1369441308496007,0.15833232890670507,0.12935257077791257,False,ClassAtom,Badge,0.13542581883526306,0.06552766567441097,0.09090909090909091,11,indirect,0.09052342848572738,,N/A
"has priority to either essential or bonus to be accessed by the learner.
This priority is decided by the teacher for the resource.",Stash,0.09260573521851263,0.16018216393307783,0.9172442572270822,False,unknown,Reward,0.25753343962022657,0.08939130203804733,0.125,8,indirect,0.09051635365121019,,N/A
"the playing style the teacher prefers, it is either ""explorer"", ""achiever"", ""philanthropest"", or ""socializer""",Stash,0.09254726610537693,0.16020904431993516,0.9172442572270822,False,unknown,Reward,0.257486664329718,0.08939130203804733,0.125,8,indirect,0.09049588946161269,,N/A
_:b16,Tiny_stash,0.09223094595699906,0.1598093032082731,0.0415518252487452,False,Restriction,Reward,0.08209512181534828,0.08939130203804733,0.125,8,indirect,0.09038517740968044,,N/A
RDV,Tiny_stash,0.11007503214902872,0.16704525901819844,0.0415518252487452,False,unknown,Reward,0.09637039076897203,0.0796690798158251,0.1111111111111111,9,indirect,0.09031116313244636,,N/A
workplaceHomepage,Tiny_stash,0.11007502022809976,0.16704523293748058,0.0415518252487452,False,unknown,Reward,0.09637038123222885,0.0796690798158251,0.1111111111111111,9,indirect,0.09031115896012124,,N/A
GamificationKnowledge,bonusPoints,0.09200995990152375,0.1615403584196711,0.0,False,Class,BonusPoints,0.073607967921219,0.08939130203804733,0.125,8,indirect,0.09030783229026408,,N/A
COntentKnowledge,bonusPoints,0.09200995990152375,0.1615403584196711,0.0,False,Class,BonusPoints,0.073607967921219,0.08939130203804733,0.125,8,indirect,0.09030783229026408,,N/A
TechnologicalKnowledge,bonusPoints,0.09200995990152375,0.1615403584196711,0.0,False,Class,BonusPoints,0.073607967921219,0.08939130203804733,0.125,8,indirect,0.09030783229026408,,N/A
_:b23,BLockGame,0.12334722222755853,0.16567418860116215,0.12935257077791257,False,unknown,Badge,0.12454829193762935,0.07189130203804733,0.1,10,indirect,0.08990087410437625,,N/A
_:b97,BLockGame,0.12316132287535357,0.16586861796706567,0.12935257077791257,False,AtomList,Badge,0.12439957245586537,0.07189130203804733,0.1,10,indirect,0.08983580933110452,,N/A
_:b25,BLockGame,0.12311661023775589,0.16579903343130978,0.12935257077791257,False,unknown,Badge,0.12436380234578723,0.07189130203804733,0.1,10,indirect,0.08982015990794533,,N/A
hasPreResource,Level_Up,0.10822250956142443,0.15399244193345968,1.0,False,ReflexiveProperty,Level,0.28657800764913954,0.0796690798158251,0.1111111111111111,9,indirect,0.08966278022678487,,N/A
Map,Tiny_stash,0.09006296924708598,0.16000931159914955,0.0415518252487452,False,Class,Reward,0.08036074044741782,0.08939130203804733,0.125,8,indirect,0.08962638556121086,,N/A
LegalDecision,Tiny_stash,0.09006296924708598,0.16000931159914955,0.0415518252487452,False,Class,Reward,0.08036074044741782,0.08939130203804733,0.125,8,indirect,0.08962638556121086,,N/A
Reward,Tiny_stash,0.09006266526339764,0.16000863939358886,0.0415518252487452,False,Class,Reward,0.08036049726046715,0.08939130203804733,0.125,8,indirect,0.08962627916691994,,N/A
Timer,Tiny_stash,0.09006266526339764,0.16000863939358886,0.0415518252487452,False,Class,Reward,0.08036049726046715,0.08939130203804733,0.125,8,indirect,0.08962627916691994,,N/A
Hint,Tiny_stash,0.09006266526339764,0.16000863939358886,0.0415518252487452,False,Class,Reward,0.08036049726046715,0.08939130203804733,0.125,8,indirect,0.08962627916691994,,N/A
Feedback,Tiny_stash,0.09006266526339764,0.16000863939358886,0.0415518252487452,False,Class,Reward,0.08036049726046715,0.08939130203804733,0.125,8,indirect,0.08962627916691994,,N/A
ProgressBar,Tiny_stash,0.09006266526339764,0.16000863939358886,0.0415518252487452,False,Class,Reward,0.08036049726046715,0.08939130203804733,0.125,8,indirect,0.08962627916691994,,N/A
Level,Tiny_stash,0.09006266526339764,0.16000863939358886,0.0415518252487452,False,Class,Reward,0.08036049726046715,0.08939130203804733,0.125,8,indirect,0.08962627916691994,,N/A
Challenge,Tiny_stash,0.09006266526339764,0.16000863939358886,0.0415518252487452,False,Class,Reward,0.08036049726046715,0.08939130203804733,0.125,8,indirect,0.08962627916691994,,N/A
Badge,Tiny_stash,0.09006266526339764,0.16000863939358886,0.0415518252487452,False,Class,Reward,0.08036049726046715,0.08939130203804733,0.125,8,indirect,0.08962627916691994,,N/A
Achievement,Tiny_stash,0.09006266526339764,0.16000863939358886,0.0415518252487452,False,Class,Reward,0.08036049726046715,0.08939130203804733,0.125,8,indirect,0.08962627916691994,,N/A
Story,Tiny_stash,0.09006266526339764,0.16000863939358886,0.0415518252487452,False,Class,Reward,0.08036049726046715,0.08939130203804733,0.125,8,indirect,0.08962627916691994,,N/A
cites,Level_Up,0.10806558509616426,0.15403745812699565,1.0,False,ObjectProperty,Level,0.2864524680769314,0.0796690798158251,0.1111111111111111,9,indirect,0.0896078566639438,,N/A
issuer,Level_Up,0.10792960539863213,0.153616014853692,1.0,False,ObjectProperty,Level,0.2863436843189057,0.0796690798158251,0.1111111111111111,9,indirect,0.08956026376980755,,N/A
editor,Level_Up,0.10792960539863213,0.153616014853692,1.0,False,ObjectProperty,Level,0.2863436843189057,0.0796690798158251,0.1111111111111111,9,indirect,0.08956026376980755,,N/A
translator,Level_Up,0.10792960539863213,0.153616014853692,1.0,False,ObjectProperty,Level,0.2863436843189057,0.0796690798158251,0.1111111111111111,9,indirect,0.08956026376980755,,N/A
distributor,Level_Up,0.10792960539863213,0.153616014853692,1.0,False,ObjectProperty,Level,0.2863436843189057,0.0796690798158251,0.1111111111111111,9,indirect,0.08956026376980755,,N/A
wasAssociatedWith,Level_Up,0.10792960539863213,0.153616014853692,1.0,False,ObjectProperty,Level,0.2863436843189057,0.0796690798158251,0.1111111111111111,9,indirect,0.08956026376980755,,N/A
anyURI,Level_Up,0.10759972563922653,0.153687512502578,1.0,False,unknown,Level,0.2860797805113812,0.0796690798158251,0.1111111111111111,9,indirect,0.0894448058540156,,N/A
"the url of the game elment where it can be downloaded. In addition, this url contains information of the game elemnt.",Level_Up,0.10759972563922653,0.153687512502578,1.0,False,unknown,Level,0.2860797805113812,0.0796690798158251,0.1111111111111111,9,indirect,0.0894448058540156,,N/A
_:b251,BLockGame,0.12172970908996436,0.16661446896622195,0.12935257077791257,False,AtomList,Badge,0.12325428142755401,0.07189130203804733,0.1,10,indirect,0.08933474450621828,,N/A
_:b11,Tiny_stash,0.10728088892485688,0.16377532882301898,0.0415518252487452,False,Class,Reward,0.09413507618963454,0.0796690798158251,0.1111111111111111,9,indirect,0.08933321300398622,,N/A
Error3,Tiny_stash,0.10728088892485688,0.16377532882301898,0.0415518252487452,False,Class,Reward,0.09413507618963454,0.0796690798158251,0.1111111111111111,9,indirect,0.08933321300398622,,N/A
_:b98,bonusPoints,0.08905974883912862,0.1631509580220161,0.0,False,ClassAtom,BonusPoints,0.0712477990713029,0.08939130203804733,0.125,8,indirect,0.08927525841842579,,N/A
_:b96,bonusPoints,0.08905794450330397,0.16315192411284574,0.0,False,ClassAtom,BonusPoints,0.07124635560264318,0.08939130203804733,0.125,8,indirect,0.08927462690088717,,N/A
check if gr has bonus then voluntary,BLockGame,0.10685121496472198,0.1621699877068654,0.12935257077791257,False,unknown,Badge,0.11135148612736011,0.0796690798158251,0.1111111111111111,9,indirect,0.08918282711793901,,N/A
COntentKnowledge,Stash,0.13269036809624404,0.148549212155577,0.9172442572270822,False,Class,Reward,0.2896011459224117,0.06552766567441097,0.09090909090909091,11,indirect,0.08903461152205255,,N/A
TechnologicalKnowledge,Stash,0.13269036809624404,0.148549212155577,0.9172442572270822,False,Class,Reward,0.2896011459224117,0.06552766567441097,0.09090909090909091,11,indirect,0.08903461152205255,,N/A
GamificationKnowledge,Stash,0.13269036809624404,0.148549212155577,0.9172442572270822,False,Class,Reward,0.2896011459224117,0.06552766567441097,0.09090909090909091,11,indirect,0.08903461152205255,,N/A
GE,BLockGame,0.10641642130282605,0.16165797244816235,0.12935257077791257,False,Variable,Badge,0.11100365119784336,0.0796690798158251,0.1111111111111111,9,indirect,0.08903064933627544,,N/A
ge,BLockGame,0.10640384157536409,0.1616658526900841,0.12935257077791257,False,Variable,Badge,0.1109935874158738,0.0796690798158251,0.1111111111111111,9,indirect,0.08902624643166374,,N/A
familyName,Level_Up,0.1061853410559882,0.15492339434031355,1.0,False,AnnotationProperty,Level,0.2849482728447906,0.0796690798158251,0.1111111111111111,9,indirect,0.08894977124988218,,N/A
schoolHomepage,Level_Up,0.1061853410559882,0.15492339434031355,1.0,False,AnnotationProperty,Level,0.2849482728447906,0.0796690798158251,0.1111111111111111,9,indirect,0.08894977124988218,,N/A
shortDescription,Level_Up,0.10618501919090642,0.15492268525617994,1.0,False,AnnotationProperty,Level,0.2849480153527252,0.0796690798158251,0.1111111111111111,9,indirect,0.08894965859710356,,N/A
oneOf,Level_Up,0.10618501919090642,0.15492268525617994,1.0,False,AnnotationProperty,Level,0.2849480153527252,0.0796690798158251,0.1111111111111111,9,indirect,0.08894965859710356,,N/A
hasSelf,Level_Up,0.10618501919090642,0.15492268525617994,1.0,False,AnnotationProperty,Level,0.2849480153527252,0.0796690798158251,0.1111111111111111,9,indirect,0.08894965859710356,,N/A
annotates,Level_Up,0.10618501919090642,0.15492268525617994,1.0,False,AnnotationProperty,Level,0.2849480153527252,0.0796690798158251,0.1111111111111111,9,indirect,0.08894965859710356,,N/A
presentedAt,Level_Up,0.10618501919090642,0.15492268525617994,1.0,False,AnnotationProperty,Level,0.2849480153527252,0.0796690798158251,0.1111111111111111,9,indirect,0.08894965859710356,,N/A
plan,Level_Up,0.10618501323044194,0.15492267212499322,1.0,False,AnnotationProperty,Level,0.2849480105843536,0.0796690798158251,0.1111111111111111,9,indirect,0.088949656510941,,N/A
pastProject,Level_Up,0.10618501323044194,0.15492267212499322,1.0,False,AnnotationProperty,Level,0.2849480105843536,0.0796690798158251,0.1111111111111111,9,indirect,0.088949656510941,,N/A
workInfoHomepage,Level_Up,0.10618501323044194,0.15492267212499322,1.0,False,AnnotationProperty,Level,0.2849480105843536,0.0796690798158251,0.1111111111111111,9,indirect,0.088949656510941,,N/A
court,Level_Up,0.10604716274249208,0.1545031541669294,1.0,False,AnnotationProperty,Level,0.28483773019399367,0.0796690798158251,0.1111111111111111,9,indirect,0.08890140884015854,,N/A
geekcode,Level_Up,0.10604699584948671,0.15450278653303806,1.0,False,AnnotationProperty,Level,0.2848375966795894,0.0796690798158251,0.1111111111111111,9,indirect,0.08890135042760666,,N/A
made,Level_Up,0.10604699584948671,0.15450278653303806,1.0,False,AnnotationProperty,Level,0.2848375966795894,0.0796690798158251,0.1111111111111111,9,indirect,0.08890135042760666,,N/A
firstName,Level_Up,0.10604699584948671,0.15450278653303806,1.0,False,AnnotationProperty,Level,0.2848375966795894,0.0796690798158251,0.1111111111111111,9,indirect,0.08890135042760666,,N/A
family_name,Level_Up,0.10604699584948671,0.15450278653303806,1.0,False,AnnotationProperty,Level,0.2848375966795894,0.0796690798158251,0.1111111111111111,9,indirect,0.08890135042760666,,N/A
weblog,Level_Up,0.10604699584948671,0.15450278653303806,1.0,False,AnnotationProperty,Level,0.2848375966795894,0.0796690798158251,0.1111111111111111,9,indirect,0.08890135042760666,,N/A
skypeID,Level_Up,0.10604699584948671,0.15450278653303806,1.0,False,AnnotationProperty,Level,0.2848375966795894,0.0796690798158251,0.1111111111111111,9,indirect,0.08890135042760666,,N/A
icqChatID,Level_Up,0.10604699584948671,0.15450278653303806,1.0,False,AnnotationProperty,Level,0.2848375966795894,0.0796690798158251,0.1111111111111111,9,indirect,0.08890135042760666,,N/A
msnChatID,Level_Up,0.10604699584948671,0.15450278653303806,1.0,False,AnnotationProperty,Level,0.2848375966795894,0.0796690798158251,0.1111111111111111,9,indirect,0.08890135042760666,,N/A
publications,Level_Up,0.10604699584948671,0.15450278653303806,1.0,False,AnnotationProperty,Level,0.2848375966795894,0.0796690798158251,0.1111111111111111,9,indirect,0.08890135042760666,,N/A
lastName,Level_Up,0.10604699584948671,0.15450278653303806,1.0,False,AnnotationProperty,Level,0.2848375966795894,0.0796690798158251,0.1111111111111111,9,indirect,0.08890135042760666,,N/A
openid,Level_Up,0.10604699584948671,0.15450278653303806,1.0,False,AnnotationProperty,Level,0.2848375966795894,0.0796690798158251,0.1111111111111111,9,indirect,0.08890135042760666,,N/A
bonus,BLockGame,0.10572644164954585,0.16240552659005825,0.12935257077791257,False,unknown,Badge,0.1104516674752192,0.0796690798158251,0.1111111111111111,9,indirect,0.08878915645762736,,N/A
hasSubSystem,BLockGame,0.10568764198010028,0.16032831098343345,0.12935257077791257,False,unknown,Badge,0.11042062773966274,0.0796690798158251,0.1111111111111111,9,indirect,0.08877557657332141,,N/A
System,BLockGame,0.10568764198010028,0.16032831098343345,0.12935257077791257,False,unknown,Badge,0.11042062773966274,0.0796690798158251,0.1111111111111111,9,indirect,0.08877557657332141,,N/A
topDataProperty,Stash,0.10560215111896036,0.15487215447318217,0.9172442572270822,False,ObjectProperty,Reward,0.26793057234058476,0.0796690798158251,0.1111111111111111,9,indirect,0.08874565477192245,,N/A
EducationalInstitution,bonusPoints,0.10548423675970098,0.15488702942805488,0.0,False,unknown,BonusPoints,0.08438738940776079,0.0796690798158251,0.1111111111111111,9,indirect,0.08870438474618166,,N/A
locator,Tiny_stash,0.08742855536716979,0.15999735808288443,0.0415518252487452,False,AnnotationProperty,Reward,0.07825320934348487,0.08939130203804733,0.125,8,indirect,0.0887043407032402,,N/A
_:b60,bonusPoints,0.10537889711281134,0.1561323421748209,0.0,False,Restriction,BonusPoints,0.08430311769024908,0.0796690798158251,0.1111111111111111,9,indirect,0.08866751586977029,,N/A
_:b97,bonusPoints,0.0866036702093372,0.1645769829825757,0.0,False,AtomList,BonusPoints,0.06928293616746976,0.08939130203804733,0.125,8,indirect,0.08841563089799878,,N/A
_:b93,bonusPoints,0.08659187793354833,0.1645831558110403,0.0,False,AtomList,BonusPoints,0.06927350234683867,0.08939130203804733,0.125,8,indirect,0.08841150360147268,,N/A
_:b91,bonusPoints,0.0865724500810893,0.16459330025318172,0.0,False,AtomList,BonusPoints,0.06925796006487143,0.08939130203804733,0.125,8,indirect,0.08840470385311203,,N/A
depiction,BLockGame,0.10448372567898725,0.1637938390854769,0.12935257077791257,False,unknown,Badge,0.10945749469877232,0.0796690798158251,0.1111111111111111,9,indirect,0.08835420586793186,,N/A
aboutEducationalTopic,Stash,0.1405316852480391,0.14789801365452857,0.9172442572270822,False,ObjectProperty,Reward,0.29587419964384776,0.060224635371380675,0.08333333333333333,12,indirect,0.08833210282821112,,N/A
requiresKnowledge,Stash,0.14053167332711014,0.14789798917537203,0.9172442572270822,False,ObjectProperty,Reward,0.2958741901071046,0.060224635371380675,0.08333333333333333,12,indirect,0.08833209865588598,,N/A
_:b89,BLockGame,0.11825311837582815,0.1686355943648552,0.12935257077791257,False,AtomList,Badge,0.12047300885624504,0.07189130203804733,0.1,10,indirect,0.08811793775627061,,N/A
l2,BLockGame,0.10379333247703224,0.16269524024469034,0.12935257077791257,False,Variable,Badge,0.1089051801372083,0.0796690798158251,0.1111111111111111,9,indirect,0.0881125682472476,,N/A
has_contact,BLockGame,0.1036436287226514,0.16186716523068714,0.12935257077791257,False,unknown,Badge,0.10878541713370364,0.0796690798158251,0.1111111111111111,9,indirect,0.0880601719332143,,N/A
interacts,BLockGame,0.1036436287226514,0.16186716523068714,0.12935257077791257,False,unknown,Badge,0.10878541713370364,0.0796690798158251,0.1111111111111111,9,indirect,0.0880601719332143,,N/A
has_competency,BLockGame,0.1036436287226514,0.16186716523068714,0.12935257077791257,False,unknown,Badge,0.10878541713370364,0.0796690798158251,0.1111111111111111,9,indirect,0.0880601719332143,,N/A
works_in,BLockGame,0.1036436287226514,0.16186716523068714,0.12935257077791257,False,unknown,Badge,0.10878541713370364,0.0796690798158251,0.1111111111111111,9,indirect,0.0880601719332143,,N/A
_:b23,bonusPoints,0.08550030104941338,0.16514511595605105,0.0,False,unknown,BonusPoints,0.06840024083953071,0.08939130203804733,0.125,8,indirect,0.08802945169202545,,N/A
_:b25,bonusPoints,0.08543097288589113,0.16518174583913547,0.0,False,unknown,BonusPoints,0.06834477830871291,0.08939130203804733,0.125,8,indirect,0.08800518683479266,,N/A
the title of the game element,BLockGame,0.08501329949546994,0.1609267408507255,0.12935257077791257,False,unknown,Badge,0.09388115375195848,0.08939130203804733,0.125,8,indirect,0.08785900114814525,,N/A
brief description of the game element purpose,BLockGame,0.08501329949546994,0.1609267408507255,0.12935257077791257,False,unknown,Badge,0.09388115375195848,0.08939130203804733,0.125,8,indirect,0.08785900114814525,,N/A
the number of weeks since the latest release of the game element version,BLockGame,0.08501329949546994,0.1609267408507255,0.12935257077791257,False,unknown,Badge,0.09388115375195848,0.08939130203804733,0.125,8,indirect,0.08785900114814525,,N/A
Total number of likes granted for this game element,BLockGame,0.08501329949546994,0.1609267408507255,0.12935257077791257,False,unknown,Badge,0.09388115375195848,0.08939130203804733,0.125,8,indirect,0.08785900114814525,,N/A
the latest version released for this game element,BLockGame,0.08501329949546994,0.1609267408507255,0.12935257077791257,False,unknown,Badge,0.09388115375195848,0.08939130203804733,0.125,8,indirect,0.08785900114814525,,N/A
Total number of downloads done for this game elemnent,BLockGame,0.08501329949546994,0.1609267408507255,0.12935257077791257,False,unknown,Badge,0.09388115375195848,0.08939130203804733,0.125,8,indirect,0.08785900114814525,,N/A
The duration in minutes of a single resource,BLockGame,0.08501329949546994,0.1609267408507255,0.12935257077791257,False,unknown,Badge,0.09388115375195848,0.08939130203804733,0.125,8,indirect,0.08785900114814525,,N/A
"The course is targeted for audience who have payment preference of either ""free of charge"" or ""with charge""",BLockGame,0.08501329949546994,0.1609267408507255,0.12935257077791257,False,unknown,Badge,0.09388115375195848,0.08939130203804733,0.125,8,indirect,0.08785900114814525,,N/A
integrated this game element,BLockGame,0.08501329949546994,0.1609267408507255,0.12935257077791257,False,unknown,Badge,0.09388115375195848,0.08939130203804733,0.125,8,indirect,0.08785900114814525,,N/A
"The targeted audience of a targeted course has targeted educational level to be beginner, intermefdiate, or advanced",BLockGame,0.08501329949546994,0.1609267408507255,0.12935257077791257,False,unknown,Badge,0.09388115375195848,0.08939130203804733,0.125,8,indirect,0.08785900114814525,,N/A
"the teacher defines the purpose of the resource as either for ""lecturing"" or for ""assessment""",BLockGame,0.08501329353500546,0.16092672757040236,0.12935257077791257,False,unknown,Badge,0.09388114898358689,0.08939130203804733,0.125,8,indirect,0.08785899906198268,,N/A
BLockGame,bonusPoints,0.11739124665565162,0.16187965675217802,0.0,False,Badge,BonusPoints,0.0939129973245213,0.07189130203804733,0.1,10,indirect,0.08781628265420884,,N/A
ip,BLockGame,0.10250436736409488,0.16328044470308933,0.12935257077791257,False,Variable,Badge,0.10787400804685843,0.0796690798158251,0.1111111111111111,9,indirect,0.08766143045771951,,N/A
pp,BLockGame,0.10250436736409488,0.16328044470308933,0.12935257077791257,False,Variable,Badge,0.10787400804685843,0.0796690798158251,0.1111111111111111,9,indirect,0.08766143045771951,,N/A
Bonus,Stash,0.10217139539852631,0.1560403067109976,0.9172442572270822,False,NamedIndividual,Reward,0.26518596776423753,0.0796690798158251,0.1111111111111111,9,indirect,0.08754489026977053,,N/A
_:b8,BLockGame,0.10212956436570726,0.16447324009366066,0.12935257077791257,False,Class,Badge,0.10757416564814833,0.0796690798158251,0.1111111111111111,9,indirect,0.08753024940828386,,N/A
Thesis,Level_Up,0.10201604901487824,0.1567004280819242,1.0,False,Class,Level,0.2816128392119026,0.0796690798158251,0.1111111111111111,9,indirect,0.0874905190354937,,N/A
EditedBook,Level_Up,0.10201604901487824,0.1567004280819242,1.0,False,Class,Level,0.2816128392119026,0.0796690798158251,0.1111111111111111,9,indirect,0.0874905190354937,,N/A
hasPreResource,Stash,0.10198235338567092,0.15627999874112747,0.9172442572270822,False,ReflexiveProperty,Reward,0.2650347341539532,0.0796690798158251,0.1111111111111111,9,indirect,0.08747872556527114,,N/A
Kind,Tiny_stash,0.1163471889998517,0.16235300614576337,0.0415518252487452,False,unknown,Reward,0.10138811624963041,0.07189130203804733,0.1,10,indirect,0.08745086247467887,,N/A
Manuscript,Level_Up,0.10186852128702628,0.15628227719921003,1.0,False,Class,Level,0.28149481702962104,0.0796690798158251,0.1111111111111111,9,indirect,0.08743888433074551,,N/A
AcademicArticle,Level_Up,0.10186852128702628,0.15628227719921003,1.0,False,Class,Level,0.28149481702962104,0.0796690798158251,0.1111111111111111,9,indirect,0.08743888433074551,,N/A
PedagogicalObjective,Level_Up,0.10186852128702628,0.15628227719921003,1.0,False,Class,Level,0.28149481702962104,0.0796690798158251,0.1111111111111111,9,indirect,0.08743888433074551,,N/A
Novice,BLockGame,0.08379168126226438,0.16153791169359183,0.12935257077791257,False,NamedIndividual,Badge,0.09290385916539402,0.08939130203804733,0.125,8,indirect,0.0874314347665233,,N/A
Performance,BLockGame,0.08379168126226438,0.16153791169359183,0.12935257077791257,False,NamedIndividual,Badge,0.09290385916539402,0.08939130203804733,0.125,8,indirect,0.0874314347665233,,N/A
cites,Stash,0.1018161595185263,0.15631244100235295,0.9172442572270822,False,ObjectProperty,Reward,0.2649017790602375,0.0796690798158251,0.1111111111111111,9,indirect,0.08742055771177051,,N/A
requiresKnowledge,bonusPoints,0.10178918244561022,0.1585469465085989,0.0,False,ObjectProperty,BonusPoints,0.08143134595648818,0.0796690798158251,0.1111111111111111,9,indirect,0.08741111573624989,,N/A
aboutEducationalTopic,bonusPoints,0.10178918244561022,0.1585469465085989,0.0,False,ObjectProperty,BonusPoints,0.08143134595648818,0.0796690798158251,0.1111111111111111,9,indirect,0.08741111573624989,,N/A
isMoreExpertThan,BLockGame,0.10156432068045969,0.1638287121187521,0.12935257077791257,False,ObjectProperty,Badge,0.10712197069995028,0.0796690798158251,0.1111111111111111,9,indirect,0.08733241411844721,,N/A
Visual,BLockGame,0.11591835005650344,0.15844987975375902,0.12935257077791257,False,Class,Badge,0.11860519420078527,0.07189130203804733,0.1,10,indirect,0.08730076884450697,,N/A
Sensitive,BLockGame,0.11591835005650344,0.15844987975375902,0.12935257077791257,False,Class,Badge,0.11860519420078527,0.07189130203804733,0.1,10,indirect,0.08730076884450697,,N/A
Gamified resource that contains bonus leaderboard game element must contain bonus points game element,Tiny_stash,0.08337981900874983,0.16209555590797894,0.0415518252487452,False,unknown,Reward,0.0750142202567489,0.08939130203804733,0.125,8,indirect,0.0872872829777932,,N/A
Gamified resource that contains social leaderboard game element must contain social points game element,Tiny_stash,0.08337981900874983,0.16209555590797894,0.0415518252487452,False,unknown,Reward,0.0750142202567489,0.08939130203804733,0.125,8,indirect,0.0872872829777932,,N/A
Gamified resource that contains score leaderboard game element must contain score points game element,Tiny_stash,0.08337981900874983,0.16209555590797894,0.0415518252487452,False,unknown,Reward,0.0750142202567489,0.08939130203804733,0.125,8,indirect,0.0872872829777932,,N/A
Gamified resource that contains experience leaderboard game element must contain experience points game element,Tiny_stash,0.08337981900874983,0.16209555590797894,0.0415518252487452,False,unknown,Reward,0.0750142202567489,0.08939130203804733,0.125,8,indirect,0.0872872829777932,,N/A
Stimulus,Level_Up,0.10122364844823009,0.15623244664115088,1.0,False,unknown,Level,0.2809789187585841,0.0796690798158251,0.1111111111111111,9,indirect,0.08721317883716684,,N/A
detects,Level_Up,0.10122364844823009,0.15623244664115088,1.0,False,unknown,Level,0.2809789187585841,0.0796690798158251,0.1111111111111111,9,indirect,0.08721317883716684,,N/A
Total number of downloads done for this game elemnent,Tiny_stash,0.08302742159043519,0.16314609753184262,0.0415518252487452,False,unknown,Reward,0.0747323023220972,0.08939130203804733,0.125,8,indirect,0.08716394388138309,,N/A
The duration in minutes of a single resource,Tiny_stash,0.08302742159043519,0.16314609753184262,0.0415518252487452,False,unknown,Reward,0.0747323023220972,0.08939130203804733,0.125,8,indirect,0.08716394388138309,,N/A
"the teacher defines the purpose of the resource as either for ""lecturing"" or for ""assessment""",Tiny_stash,0.08302742159043519,0.16314609753184262,0.0415518252487452,False,unknown,Reward,0.0747323023220972,0.08939130203804733,0.125,8,indirect,0.08716394388138309,,N/A
the number of weeks since the latest release of the game element version,Tiny_stash,0.08302742159043519,0.16314609753184262,0.0415518252487452,False,unknown,Reward,0.0747323023220972,0.08939130203804733,0.125,8,indirect,0.08716394388138309,,N/A
integrated this game element,Tiny_stash,0.08302742159043519,0.16314609753184262,0.0415518252487452,False,unknown,Reward,0.0747323023220972,0.08939130203804733,0.125,8,indirect,0.08716394388138309,,N/A
"The targeted audience of a targeted course has targeted educational level to be beginner, intermefdiate, or advanced",Tiny_stash,0.08302742159043519,0.16314609753184262,0.0415518252487452,False,unknown,Reward,0.0747323023220972,0.08939130203804733,0.125,8,indirect,0.08716394388138309,,N/A
the title of the game element,Tiny_stash,0.08302742159043519,0.16314609753184262,0.0415518252487452,False,unknown,Reward,0.0747323023220972,0.08939130203804733,0.125,8,indirect,0.08716394388138309,,N/A
"The course is targeted for audience who have payment preference of either ""free of charge"" or ""with charge""",Tiny_stash,0.08302742159043519,0.16314609753184262,0.0415518252487452,False,unknown,Reward,0.0747323023220972,0.08939130203804733,0.125,8,indirect,0.08716394388138309,,N/A
brief description of the game element purpose,Tiny_stash,0.08302742159043519,0.16314609753184262,0.0415518252487452,False,unknown,Reward,0.0747323023220972,0.08939130203804733,0.125,8,indirect,0.08716394388138309,,N/A
the latest version released for this game element,Tiny_stash,0.08302742159043519,0.16314609753184262,0.0415518252487452,False,unknown,Reward,0.0747323023220972,0.08939130203804733,0.125,8,indirect,0.08716394388138309,,N/A
Total number of likes granted for this game element,Tiny_stash,0.08302742159043519,0.16314609753184262,0.0415518252487452,False,unknown,Reward,0.0747323023220972,0.08939130203804733,0.125,8,indirect,0.08716394388138309,,N/A
editorList,Stash,0.10095738262767984,0.1571640091590049,0.9172442572270822,False,AnnotationProperty,Reward,0.2642147575475603,0.0796690798158251,0.1111111111111111,9,indirect,0.08711998579997426,,N/A
edition,Stash,0.10095738262767984,0.1571640091590049,0.9172442572270822,False,AnnotationProperty,Reward,0.2642147575475603,0.0796690798158251,0.1111111111111111,9,indirect,0.08711998579997426,,N/A
schoolHomepage,Stash,0.10084069986129715,0.1568116827165353,0.9172442572270822,False,AnnotationProperty,Reward,0.26412141133445416,0.0796690798158251,0.1111111111111111,9,indirect,0.08707914683174031,,N/A
familyName,Stash,0.10084069986129715,0.1568116827165353,0.9172442572270822,False,AnnotationProperty,Reward,0.26412141133445416,0.0796690798158251,0.1111111111111111,9,indirect,0.08707914683174031,,N/A
hasSelf,Stash,0.10084037799621537,0.1568109748536453,0.9172442572270822,False,AnnotationProperty,Reward,0.26412115384238877,0.0796690798158251,0.1111111111111111,9,indirect,0.08707903417896169,,N/A
presentedAt,Stash,0.10084037799621537,0.1568109748536453,0.9172442572270822,False,AnnotationProperty,Reward,0.26412115384238877,0.0796690798158251,0.1111111111111111,9,indirect,0.08707903417896169,,N/A
shortDescription,Stash,0.10084037799621537,0.1568109748536453,0.9172442572270822,False,AnnotationProperty,Reward,0.26412115384238877,0.0796690798158251,0.1111111111111111,9,indirect,0.08707903417896169,,N/A
oneOf,Stash,0.10084037799621537,0.1568109748536453,0.9172442572270822,False,AnnotationProperty,Reward,0.26412115384238877,0.0796690798158251,0.1111111111111111,9,indirect,0.08707903417896169,,N/A
annotates,Stash,0.10084037799621537,0.1568109748536453,0.9172442572270822,False,AnnotationProperty,Reward,0.26412115384238877,0.0796690798158251,0.1111111111111111,9,indirect,0.08707903417896169,,N/A
pastProject,Stash,0.10084036607528642,0.1568109486365033,0.9172442572270822,False,AnnotationProperty,Reward,0.2641211443056456,0.0796690798158251,0.1111111111111111,9,indirect,0.08707903000663655,,N/A
workInfoHomepage,Stash,0.10084036607528642,0.1568109486365033,0.9172442572270822,False,AnnotationProperty,Reward,0.2641211443056456,0.0796690798158251,0.1111111111111111,9,indirect,0.08707903000663655,,N/A
plan,Stash,0.10084036607528642,0.1568109486365033,0.9172442572270822,False,AnnotationProperty,Reward,0.2641211443056456,0.0796690798158251,0.1111111111111111,9,indirect,0.08707903000663655,,N/A
CollectedDocument,Tiny_stash,0.08272408372512523,0.16242139026251948,0.0415518252487452,False,unknown,Reward,0.07448963202984922,0.08939130203804733,0.125,8,indirect,0.0870577756285246,,N/A
_:b16,BLockGame,0.08187699228819614,0.16221434935059026,0.12935257077791257,False,Restriction,Badge,0.09137210798613943,0.08939130203804733,0.125,8,indirect,0.08676129362559942,,N/A
bonus resource for lesson 5 Class Methods and Constructors,Motrain,0.08184965388461958,0.16208101449087298,0.0,False,unknown,GameElementResource,0.06547972310769566,0.08939130203804733,0.125,8,indirect,0.08675172518434762,,N/A
ressource bonus pour la leçon 5 Méthodes et constructeurs de classe,Motrain,0.08184965388461958,0.16208101449087298,0.0,False,unknown,GameElementResource,0.06547972310769566,0.08939130203804733,0.125,8,indirect,0.08675172518434762,,N/A
"has priority to either essential or bonus to be accessed by the learner.
This priority is decided by the teacher for the resource.",Tiny_stash,0.08175302715379694,0.16381467040875516,0.0415518252487452,False,unknown,Reward,0.07371278677278659,0.08939130203804733,0.125,8,indirect,0.0867179058285597,,N/A
"the playing style the teacher prefers, it is either ""explorer"", ""achiever"", ""philanthropest"", or ""socializer""",Tiny_stash,0.08173227112480938,0.1638269594578575,0.0415518252487452,False,unknown,Reward,0.07369618194959654,0.08939130203804733,0.125,8,indirect,0.08671064121841406,,N/A
link exxperience level with number: expert=4,Stash,0.09974238962519626,0.15693563548018222,0.9172442572270822,False,unknown,Reward,0.2632427631455735,0.0796690798158251,0.1111111111111111,9,indirect,0.08669473824910501,,N/A
gamified resource contains one or more game elements,Stash,0.09974238962519626,0.15693563548018222,0.9172442572270822,False,unknown,Reward,0.2632427631455735,0.0796690798158251,0.1111111111111111,9,indirect,0.08669473824910501,,N/A
link exxperience level with number: expert=2,Stash,0.09974238962519626,0.15693563548018222,0.9172442572270822,False,unknown,Reward,0.2632427631455735,0.0796690798158251,0.1111111111111111,9,indirect,0.08669473824910501,,N/A
game elements relevant to behavioural objectives,Stash,0.09974238962519626,0.15693563548018222,0.9172442572270822,False,unknown,Reward,0.2632427631455735,0.0796690798158251,0.1111111111111111,9,indirect,0.08669473824910501,,N/A
linking bonus resources with teaaccher exploration objective,Stash,0.09974238962519626,0.15693563548018222,0.9172442572270822,False,unknown,Reward,0.2632427631455735,0.0796690798158251,0.1111111111111111,9,indirect,0.08669473824910501,,N/A
Linking leaderboard to resources with objective competition,Stash,0.09974238962519626,0.15693563548018222,0.9172442572270822,False,unknown,Reward,0.2632427631455735,0.0796690798158251,0.1111111111111111,9,indirect,0.08669473824910501,,N/A
subclass to class,Stash,0.09974238962519626,0.15693563548018222,0.9172442572270822,False,unknown,Reward,0.2632427631455735,0.0796690798158251,0.1111111111111111,9,indirect,0.08669473824910501,,N/A
Identify the more expert teacher between two teachers,Stash,0.09974238962519626,0.15693563548018222,0.9172442572270822,False,unknown,Reward,0.2632427631455735,0.0796690798158251,0.1111111111111111,9,indirect,0.08669473824910501,,N/A
link exxperience level with number: expert=6,Stash,0.09974238962519626,0.15693563548018222,0.9172442572270822,False,unknown,Reward,0.2632427631455735,0.0796690798158251,0.1111111111111111,9,indirect,0.08669473824910501,,N/A
objectives the teacher can choose from for each resource to prompt a desired learners’ behaviours when learners interact with that resource.,Tiny_stash,0.08098311941620981,0.1633464260389295,0.0415518252487452,False,unknown,Reward,0.07309686058271689,0.08939130203804733,0.125,8,indirect,0.0864484381204042,,N/A
unsignedInt,Tiny_stash,0.08088334757270417,0.16340395913068803,0.0415518252487452,False,unknown,Reward,0.07301704310791238,0.08939130203804733,0.125,8,indirect,0.08641351797517723,,N/A
Representes the numeric value equivaent to the teache's gamification experience level,Tiny_stash,0.08088334757270417,0.16340395913068803,0.0415518252487452,False,unknown,Reward,0.07301704310791238,0.08939130203804733,0.125,8,indirect,0.08641351797517723,,N/A
topic,BLockGame,0.09871403808185464,0.16571416110100953,0.12935257077791257,False,AnnotationProperty,Badge,0.10484174462106623,0.0796690798158251,0.1111111111111111,9,indirect,0.08633481520893543,,N/A
pageEnd,BLockGame,0.0987140202004612,0.1657141212578154,0.12935257077791257,False,AnnotationProperty,Badge,0.10484173031595148,0.0796690798158251,0.1111111111111111,9,indirect,0.08633480895044773,,N/A
content,BLockGame,0.0987140202004612,0.1657141212578154,0.12935257077791257,False,AnnotationProperty,Badge,0.10484173031595148,0.0796690798158251,0.1111111111111111,9,indirect,0.08633480895044773,,N/A
content_encoded,BLockGame,0.0987140202004612,0.1657141212578154,0.12935257077791257,False,AnnotationProperty,Badge,0.10484173031595148,0.0796690798158251,0.1111111111111111,9,indirect,0.08633480895044773,,N/A
section,BLockGame,0.09871401423999673,0.1657141079767507,0.12935257077791257,False,AnnotationProperty,Badge,0.10484172554757991,0.0796690798158251,0.1111111111111111,9,indirect,0.08633480686428517,,N/A
pages,BLockGame,0.09871401423999673,0.1657141079767507,0.12935257077791257,False,AnnotationProperty,Badge,0.10484172554757991,0.0796690798158251,0.1111111111111111,9,indirect,0.08633480686428517,,N/A
Advanced,BLockGame,0.08051081953607939,0.163242621756952,0.12935257077791257,False,unknown,Badge,0.09027916978444603,0.08939130203804733,0.125,8,indirect,0.08628313316235856,,N/A
Motivation,BLockGame,0.08051076780864967,0.16324265132384788,0.12935257077791257,False,unknown,Badge,0.09027912840250225,0.08939130203804733,0.125,8,indirect,0.08628311505775815,,N/A
indexKey,BLockGame,0.0984249140443518,0.16356138882154186,0.12935257077791257,False,DatatypeProperty,Badge,0.10461044539106397,0.0796690798158251,0.1111111111111111,9,indirect,0.08623362179580944,,N/A
has_Experience_Level,BLockGame,0.09842489616295837,0.16356134897290134,0.12935257077791257,False,DatatypeProperty,Badge,0.10461043108594921,0.0796690798158251,0.1111111111111111,9,indirect,0.08623361553732174,,N/A
ScorePointsLeaderboard,BLockGame,0.09829927421373953,0.16577817603945086,0.12935257077791257,False,Class,Badge,0.10450993352657414,0.0796690798158251,0.1111111111111111,9,indirect,0.08618964785509514,,N/A
chapter,BLockGame,0.09792537744449625,0.1638762435169195,0.12935257077791257,False,AnnotationProperty,Badge,0.10421081611117952,0.0796690798158251,0.1111111111111111,9,indirect,0.08605878398586,,N/A
depicts,BLockGame,0.09792537744449625,0.1638762435169195,0.12935257077791257,False,AnnotationProperty,Badge,0.10421081611117952,0.0796690798158251,0.1111111111111111,9,indirect,0.08605878398586,,N/A
"has priority to either essential or bonus to be accessed by the learner.
This priority is decided by the teacher for the resource.",BLockGame,0.07972585145354087,0.16332479600741634,0.12935257077791257,False,unknown,Badge,0.08965119531841521,0.08939130203804733,0.125,8,indirect,0.08600839433347007,,N/A
locator,Stash,0.11214271849295188,0.1523913932633386,0.9172442572270822,False,AnnotationProperty,Reward,0.27316302623977795,0.07189130203804733,0.1,10,indirect,0.08597929779726393,,N/A
_:b36,BLockGame,0.09764988846919538,0.16604926356782665,0.12935257077791257,False,Class,Badge,0.10399042493093882,0.0796690798158251,0.1111111111111111,9,indirect,0.0859623628445047,,N/A
_:b42,BLockGame,0.0976438117616151,0.16605296043930134,0.12935257077791257,False,Class,Badge,0.10398556356487461,0.0796690798158251,0.1111111111111111,9,indirect,0.0859602359968516,,N/A
has_Place,bonusPoints,0.0976312293033608,0.15874442011217957,0.0,False,unknown,BonusPoints,0.07810498344268864,0.0796690798158251,0.1111111111111111,9,indirect,0.0859558321364626,,N/A
EducationalTopic,Stash,0.14207426681254137,0.14160542670531695,0.9172442572270822,False,Class,Reward,0.29710826489544956,0.0557374558842012,0.07692307692307693,13,indirect,0.08595533970912025,,N/A
_:b2,BLockGame,0.09751735781958797,0.16613047582322274,0.12935257077791257,False,Class,Badge,0.1038844004112529,0.0796690798158251,0.1111111111111111,9,indirect,0.0859159771171421,,N/A
_:b12,BLockGame,0.09751735781958797,0.16613047582322274,0.12935257077791257,False,Class,Badge,0.1038844004112529,0.0796690798158251,0.1111111111111111,9,indirect,0.0859159771171421,,N/A
"the playing style the teacher prefers, it is either ""explorer"", ""achiever"", ""philanthropest"", or ""socializer""",BLockGame,0.07904300552028988,0.16369678711307648,0.12935257077791257,False,unknown,Badge,0.08910491857181442,0.08939130203804733,0.125,8,indirect,0.08576939825683222,,N/A
ScorePoints,BLockGame,0.0969568496547635,0.16635989505459292,0.12935257077791257,False,Class,Badge,0.10343599387939333,0.0796690798158251,0.1111111111111111,9,indirect,0.08571979925945354,,N/A
SocialPoints,BLockGame,0.0969568496547635,0.16635989505459292,0.12935257077791257,False,Class,Badge,0.10343599387939333,0.0796690798158251,0.1111111111111111,9,indirect,0.08571979925945354,,N/A
space_of,Level_Up,0.09663731466379363,0.1587966257240341,1.0,False,unknown,Level,0.27730985173103495,0.0796690798158251,0.1111111111111111,9,indirect,0.08560796201261409,,N/A
img,Level_Up,0.096637219296362,0.15879641358268085,1.0,False,unknown,Level,0.2773097754370896,0.0796690798158251,0.1111111111111111,9,indirect,0.08560792863401301,,N/A
Annotation,Level_Up,0.096637219296362,0.15879641358268085,1.0,False,unknown,Level,0.2773097754370896,0.0796690798158251,0.1111111111111111,9,indirect,0.08560792863401301,,N/A
Chat,Level_Up,0.096637219296362,0.15879641358268085,1.0,False,unknown,Level,0.2773097754370896,0.0796690798158251,0.1111111111111111,9,indirect,0.08560792863401301,,N/A
has_EndDate,Level_Up,0.096637219296362,0.15879641358268085,1.0,False,unknown,Level,0.2773097754370896,0.0796690798158251,0.1111111111111111,9,indirect,0.08560792863401301,,N/A
lives_in,Level_Up,0.09663721333589752,0.15879640032384634,1.0,False,unknown,Level,0.27730977066871804,0.0796690798158251,0.1111111111111111,9,indirect,0.08560792654785045,,N/A
has_type,Level_Up,0.09648546772091435,0.1583767832975769,1.0,False,unknown,Level,0.2771883741767315,0.0796690798158251,0.1111111111111111,9,indirect,0.08555481558260633,,N/A
has_question,Level_Up,0.09648546772091435,0.1583767832975769,1.0,False,unknown,Level,0.2771883741767315,0.0796690798158251,0.1111111111111111,9,indirect,0.08555481558260633,,N/A
view_resource,Level_Up,0.09648530082790899,0.15837641206057537,1.0,False,unknown,Level,0.2771882406623272,0.0796690798158251,0.1111111111111111,9,indirect,0.08555475717005445,,N/A
member,Level_Up,0.09648530082790899,0.15837641206057537,1.0,False,unknown,Level,0.2771882406623272,0.0796690798158251,0.1111111111111111,9,indirect,0.08555475717005445,,N/A
teaches,Level_Up,0.09648530082790899,0.15837641206057537,1.0,False,unknown,Level,0.2771882406623272,0.0796690798158251,0.1111111111111111,9,indirect,0.08555475717005445,,N/A
has_user_account,Level_Up,0.09648530082790899,0.15837641206057537,1.0,False,unknown,Level,0.2771882406623272,0.0796690798158251,0.1111111111111111,9,indirect,0.08555475717005445,,N/A
_:b24,BLockGame,0.09636452738489204,0.16662260098649967,0.12935257077791257,False,Class,Badge,0.10296213606349615,0.0796690798158251,0.1111111111111111,9,indirect,0.08551248646499854,,N/A
_:b30,BLockGame,0.09633083347471484,0.16664280948621343,0.12935257077791257,False,Class,Badge,0.10293518093535439,0.0796690798158251,0.1111111111111111,9,indirect,0.0855006935964365,,N/A
Slide,Stash,0.09597101044934421,0.158702601856065,0.9172442572270822,False,Class,Reward,0.2602256598048918,0.0796690798158251,0.1111111111111111,9,indirect,0.08537475553755679,,N/A
Global,bonusPoints,0.11039760430068038,0.15840687941864298,0.0,False,Class,BonusPoints,0.08831808344054431,0.07189130203804733,0.1,10,indirect,0.0853685078299689,,N/A
Active,bonusPoints,0.11039760430068038,0.15840687941864298,0.0,False,Class,BonusPoints,0.08831808344054431,0.07189130203804733,0.1,10,indirect,0.0853685078299689,,N/A
Sequential,Tiny_stash,0.12218560272155041,0.15442536271776214,0.0415518252487452,False,Class,Reward,0.10605884722698937,0.06552766567441097,0.09090909090909091,11,indirect,0.08535794364090978,,N/A
Reflective,Tiny_stash,0.12218560272155041,0.15442536271776214,0.0415518252487452,False,Class,Reward,0.10605884722698937,0.06552766567441097,0.09090909090909091,11,indirect,0.08535794364090978,,N/A
Thesis,Stash,0.09584346458476739,0.15834716308821,0.9172442572270822,False,Class,Reward,0.26012362311323034,0.0796690798158251,0.1111111111111111,9,indirect,0.0853301144849549,,N/A
EditedBook,Stash,0.09584346458476739,0.15834716308821,0.9172442572270822,False,Class,Reward,0.26012362311323034,0.0796690798158251,0.1111111111111111,9,indirect,0.0853301144849549,,N/A
Feedback,Stash,0.09584317848247247,0.15834652869549534,0.9172442572270822,False,Class,Reward,0.2601233942313944,0.0796690798158251,0.1111111111111111,9,indirect,0.08533001434915168,,N/A
ProgressBar,Stash,0.09584317848247247,0.15834652869549534,0.9172442572270822,False,Class,Reward,0.2601233942313944,0.0796690798158251,0.1111111111111111,9,indirect,0.08533001434915168,,N/A
Reward,Stash,0.09584317848247247,0.15834652869549534,0.9172442572270822,False,Class,Reward,0.2601233942313944,0.0796690798158251,0.1111111111111111,9,indirect,0.08533001434915168,,N/A
Level,Stash,0.09584317848247247,0.15834652869549534,0.9172442572270822,False,Class,Reward,0.2601233942313944,0.0796690798158251,0.1111111111111111,9,indirect,0.08533001434915168,,N/A
Timer,Stash,0.09584317848247247,0.15834652869549534,0.9172442572270822,False,Class,Reward,0.2601233942313944,0.0796690798158251,0.1111111111111111,9,indirect,0.08533001434915168,,N/A
Story,Stash,0.09584317848247247,0.15834652869549534,0.9172442572270822,False,Class,Reward,0.2601233942313944,0.0796690798158251,0.1111111111111111,9,indirect,0.08533001434915168,,N/A
Challenge,Stash,0.09584317848247247,0.15834652869549534,0.9172442572270822,False,Class,Reward,0.2601233942313944,0.0796690798158251,0.1111111111111111,9,indirect,0.08533001434915168,,N/A
Badge,Stash,0.09584317848247247,0.15834652869549534,0.9172442572270822,False,Class,Reward,0.2601233942313944,0.0796690798158251,0.1111111111111111,9,indirect,0.08533001434915168,,N/A
Hint,Stash,0.09584317848247247,0.15834652869549534,0.9172442572270822,False,Class,Reward,0.2601233942313944,0.0796690798158251,0.1111111111111111,9,indirect,0.08533001434915168,,N/A
Achievement,Stash,0.09584317848247247,0.15834652869549534,0.9172442572270822,False,Class,Reward,0.2601233942313944,0.0796690798158251,0.1111111111111111,9,indirect,0.08533001434915168,,N/A
_:b95,BLockGame,0.12191078887429554,0.16286053215032595,0.12935257077791257,False,AtomList,Badge,0.12339914525501895,0.06552766567441097,0.09090909090909091,11,indirect,0.08526175879437058,,N/A
Global,Tiny_stash,0.12149024344626291,0.1598007241633606,0.0415518252487452,False,Class,Reward,0.10550255980675938,0.06552766567441097,0.09090909090909091,11,indirect,0.08511456789455915,,N/A
Active,Tiny_stash,0.12149024344626291,0.1598007241633606,0.0415518252487452,False,Class,Reward,0.10550255980675938,0.06552766567441097,0.09090909090909091,11,indirect,0.08511456789455915,,N/A
Film,BLockGame,0.09496120328469557,0.16770088972205316,0.12935257077791257,False,Class,Badge,0.10183947678333898,0.0796690798158251,0.1111111111111111,9,indirect,0.08502132302992976,,N/A
_:b93,BLockGame,0.12121799999289913,0.16321489399194422,0.12935257077791257,False,AtomList,Badge,0.12284491414990183,0.06552766567441097,0.09090909090909091,11,indirect,0.08501928268588183,,N/A
n,BLockGame,0.12100731407596373,0.16472984252946732,0.12935257077791257,False,unknown,Badge,0.1226763654163535,0.06552766567441097,0.09090909090909091,11,indirect,0.08494554261495443,,N/A
_:b91,BLockGame,0.12049000975778615,0.16360054719462536,0.12935257077791257,False,AtomList,Badge,0.12226252196181144,0.06552766567441097,0.09090909090909091,11,indirect,0.08476448610359229,,N/A
Verbal,BLockGame,0.10866586733313292,0.16086849423244812,0.12935257077791257,False,Class,Badge,0.11280320802208886,0.07189130203804733,0.1,10,indirect,0.08476239989132729,,N/A
Intuitive,BLockGame,0.10866586733313292,0.16086849423244812,0.12935257077791257,False,Class,Badge,0.11280320802208886,0.07189130203804733,0.1,10,indirect,0.08476239989132729,,N/A
Reflective,bonusPoints,0.10863443387649233,0.15475015417371452,0.0,False,Class,BonusPoints,0.08690754710119386,0.07189130203804733,0.1,10,indirect,0.08475139818150308,,N/A
Sequential,bonusPoints,0.10863443387649233,0.15475015417371452,0.0,False,Class,BonusPoints,0.08690754710119386,0.07189130203804733,0.1,10,indirect,0.08475139818150308,,N/A
Bill,BLockGame,0.09416600608198983,0.16586513059908964,0.12935257077791257,False,Class,Badge,0.10120331902117438,0.0796690798158251,0.1111111111111111,9,indirect,0.08474300400898276,,N/A
Error3,bonusPoints,0.09394563756455983,0.1605419207358107,0.0,False,Class,BonusPoints,0.07515651005164786,0.0796690798158251,0.1111111111111111,9,indirect,0.08466587502788225,,N/A
_:b11,bonusPoints,0.09394563756455983,0.1605419207358107,0.0,False,Class,BonusPoints,0.07515651005164786,0.0796690798158251,0.1111111111111111,9,indirect,0.08466587502788225,,N/A
VCard,Level_Up,0.10819686608996823,0.15316281850182792,1.0,False,unknown,Level,0.28655749287197463,0.07189130203804733,0.1,10,indirect,0.08459824945621965,,N/A
has_answer,BLockGame,0.09367155957832456,0.16833272379079073,0.12935257077791257,False,unknown,Badge,0.10080776181824216,0.0796690798158251,0.1111111111111111,9,indirect,0.08456994773269991,,N/A
has_target,BLockGame,0.09367154169693112,0.16833268389783637,0.12935257077791257,False,unknown,Badge,0.10080774751312742,0.0796690798158251,0.1111111111111111,9,indirect,0.0845699414742122,,N/A
has_body_for_annotation,BLockGame,0.09367154169693112,0.16833268389783637,0.12935257077791257,False,unknown,Badge,0.10080774751312742,0.0796690798158251,0.1111111111111111,9,indirect,0.0845699414742122,,N/A
hasPedagogicalExperience,Level_Up,0.10806587715892366,0.15403810079580335,1.0,False,ObjectProperty,Level,0.28645270172713894,0.07189130203804733,0.1,10,indirect,0.08455240333035405,,N/A
n,bonusPoints,0.0934607202827886,0.16211594833775247,0.0,False,unknown,BonusPoints,0.07476857622623088,0.0796690798158251,0.1111111111111111,9,indirect,0.08449615397926233,,N/A
hasPreResource,Tiny_stash,0.09336233447138878,0.1587525870349524,0.0415518252487452,False,ReflexiveProperty,Reward,0.08300023262686007,0.0796690798158251,0.1111111111111111,9,indirect,0.08446171894527238,,N/A
cites,Tiny_stash,0.09333147412456114,0.15877199878826906,0.0415518252487452,False,ObjectProperty,Reward,0.08297554434939795,0.0796690798158251,0.1111111111111111,9,indirect,0.08445091782388271,,N/A
greaterThan,Stash,0.09330495982091731,0.15979578846429007,0.9172442572270822,False,unknown,Reward,0.25809281930215033,0.0796690798158251,0.1111111111111111,9,indirect,0.08444163781760738,,N/A
wasAssociatedWith,Tiny_stash,0.09321044624646528,0.15846672461058048,0.0415518252487452,False,ObjectProperty,Reward,0.08287872204692126,0.0796690798158251,0.1111111111111111,9,indirect,0.08440855806654916,,N/A
issuer,Tiny_stash,0.09321044624646528,0.15846672461058048,0.0415518252487452,False,ObjectProperty,Reward,0.08287872204692126,0.0796690798158251,0.1111111111111111,9,indirect,0.08440855806654916,,N/A
distributor,Tiny_stash,0.09321044624646528,0.15846672461058048,0.0415518252487452,False,ObjectProperty,Reward,0.08287872204692126,0.0796690798158251,0.1111111111111111,9,indirect,0.08440855806654916,,N/A
translator,Tiny_stash,0.09321044624646528,0.15846672461058048,0.0415518252487452,False,ObjectProperty,Reward,0.08287872204692126,0.0796690798158251,0.1111111111111111,9,indirect,0.08440855806654916,,N/A
editor,Tiny_stash,0.09321044624646528,0.15846672461058048,0.0415518252487452,False,ObjectProperty,Reward,0.08287872204692126,0.0796690798158251,0.1111111111111111,9,indirect,0.08440855806654916,,N/A
accountServiceHomepage,BLockGame,0.09287476247552791,0.16649702846409797,0.12935257077791257,False,unknown,Badge,0.10017032413600485,0.0796690798158251,0.1111111111111111,9,indirect,0.08429106874672108,,N/A
RDV,BLockGame,0.09287476247552791,0.16649702846409797,0.12935257077791257,False,unknown,Badge,0.10017032413600485,0.0796690798158251,0.1111111111111111,9,indirect,0.08429106874672108,,N/A
workplaceHomepage,BLockGame,0.09287476247552791,0.16649702846409797,0.12935257077791257,False,unknown,Badge,0.10017032413600485,0.0796690798158251,0.1111111111111111,9,indirect,0.08429106874672108,,N/A
leçon 9 du cours Programmation Orientée Objet,Motrain,0.09240965025923878,0.15965251799032004,0.0,False,unknown,GameElementResource,0.07392772020739102,0.0796690798158251,0.1111111111111111,9,indirect,0.08412827947101989,,N/A
lesson 9 for the course Object Oriented Programming,Motrain,0.09240965025923878,0.15965251799032004,0.0,False,unknown,GameElementResource,0.07392772020739102,0.0796690798158251,0.1111111111111111,9,indirect,0.08412827947101989,,N/A
lesson 5 for the course Object Oriented Programming,Motrain,0.09240878537377106,0.15965327869749898,0.0,False,unknown,GameElementResource,0.07392702829901686,0.0796690798158251,0.1111111111111111,9,indirect,0.08412797676110619,,N/A
leçon 5 du cours Programmation Orientée Objet,Motrain,0.09240878537377106,0.15965327869749898,0.0,False,unknown,GameElementResource,0.07392702829901686,0.0796690798158251,0.1111111111111111,9,indirect,0.08412797676110619,,N/A
Stimulus,Stash,0.09240720677730675,0.15985827722061752,0.9172442572270822,False,unknown,Reward,0.2573746168672619,0.0796690798158251,0.1111111111111111,9,indirect,0.08412742425234368,,N/A
detects,Stash,0.09240720677730675,0.15985827722061752,0.9172442572270822,False,unknown,Reward,0.2573746168672619,0.0796690798158251,0.1111111111111111,9,indirect,0.08412742425234368,,N/A
familyName,Tiny_stash,0.09239142985704916,0.15908562985167246,0.0415518252487452,False,AnnotationProperty,Reward,0.08222350893538838,0.0796690798158251,0.1111111111111111,9,indirect,0.08412190233025352,,N/A
schoolHomepage,Tiny_stash,0.09239142985704916,0.15908562985167246,0.0415518252487452,False,AnnotationProperty,Reward,0.08222350893538838,0.0796690798158251,0.1111111111111111,9,indirect,0.08412190233025352,,N/A
shortDescription,Tiny_stash,0.09239127488497276,0.1590852880043182,0.0415518252487452,False,AnnotationProperty,Reward,0.08222338495772724,0.0796690798158251,0.1111111111111111,9,indirect,0.08412184809002679,,N/A
workInfoHomepage,Tiny_stash,0.09239127488497276,0.1590852880043182,0.0415518252487452,False,AnnotationProperty,Reward,0.08222338495772724,0.0796690798158251,0.1111111111111111,9,indirect,0.08412184809002679,,N/A
plan,Tiny_stash,0.09239127488497276,0.1590852880043182,0.0415518252487452,False,AnnotationProperty,Reward,0.08222338495772724,0.0796690798158251,0.1111111111111111,9,indirect,0.08412184809002679,,N/A
presentedAt,Tiny_stash,0.09239127488497276,0.1590852880043182,0.0415518252487452,False,AnnotationProperty,Reward,0.08222338495772724,0.0796690798158251,0.1111111111111111,9,indirect,0.08412184809002679,,N/A
hasSelf,Tiny_stash,0.09239127488497276,0.1590852880043182,0.0415518252487452,False,AnnotationProperty,Reward,0.08222338495772724,0.0796690798158251,0.1111111111111111,9,indirect,0.08412184809002679,,N/A
annotates,Tiny_stash,0.09239127488497276,0.1590852880043182,0.0415518252487452,False,AnnotationProperty,Reward,0.08222338495772724,0.0796690798158251,0.1111111111111111,9,indirect,0.08412184809002679,,N/A
pastProject,Tiny_stash,0.09239127488497276,0.1590852880043182,0.0415518252487452,False,AnnotationProperty,Reward,0.08222338495772724,0.0796690798158251,0.1111111111111111,9,indirect,0.08412184809002679,,N/A
oneOf,Tiny_stash,0.09239127488497276,0.1590852880043182,0.0415518252487452,False,AnnotationProperty,Reward,0.08222338495772724,0.0796690798158251,0.1111111111111111,9,indirect,0.08412184809002679,,N/A
court,Tiny_stash,0.09226923632786976,0.15878089653344998,0.0415518252487452,False,AnnotationProperty,Reward,0.08212575411204485,0.0796690798158251,0.1111111111111111,9,indirect,0.08407913459504074,,N/A
geekcode,Tiny_stash,0.09226904559300649,0.15878047581689164,0.0415518252487452,False,AnnotationProperty,Reward,0.08212560152415423,0.0796690798158251,0.1111111111111111,9,indirect,0.08407906783783858,,N/A
publications,Tiny_stash,0.09226904559300649,0.15878047581689164,0.0415518252487452,False,AnnotationProperty,Reward,0.08212560152415423,0.0796690798158251,0.1111111111111111,9,indirect,0.08407906783783858,,N/A
lastName,Tiny_stash,0.09226904559300649,0.15878047581689164,0.0415518252487452,False,AnnotationProperty,Reward,0.08212560152415423,0.0796690798158251,0.1111111111111111,9,indirect,0.08407906783783858,,N/A
family_name,Tiny_stash,0.09226904559300649,0.15878047581689164,0.0415518252487452,False,AnnotationProperty,Reward,0.08212560152415423,0.0796690798158251,0.1111111111111111,9,indirect,0.08407906783783858,,N/A
openid,Tiny_stash,0.09226904559300649,0.15878047581689164,0.0415518252487452,False,AnnotationProperty,Reward,0.08212560152415423,0.0796690798158251,0.1111111111111111,9,indirect,0.08407906783783858,,N/A
icqChatID,Tiny_stash,0.09226904559300649,0.15878047581689164,0.0415518252487452,False,AnnotationProperty,Reward,0.08212560152415423,0.0796690798158251,0.1111111111111111,9,indirect,0.08407906783783858,,N/A
weblog,Tiny_stash,0.09226904559300649,0.15878047581689164,0.0415518252487452,False,AnnotationProperty,Reward,0.08212560152415423,0.0796690798158251,0.1111111111111111,9,indirect,0.08407906783783858,,N/A
firstName,Tiny_stash,0.09226904559300649,0.15878047581689164,0.0415518252487452,False,AnnotationProperty,Reward,0.08212560152415423,0.0796690798158251,0.1111111111111111,9,indirect,0.08407906783783858,,N/A
msnChatID,Tiny_stash,0.09226904559300649,0.15878047581689164,0.0415518252487452,False,AnnotationProperty,Reward,0.08212560152415423,0.0796690798158251,0.1111111111111111,9,indirect,0.08407906783783858,,N/A
made,Tiny_stash,0.09226904559300649,0.15878047581689164,0.0415518252487452,False,AnnotationProperty,Reward,0.08212560152415423,0.0796690798158251,0.1111111111111111,9,indirect,0.08407906783783858,,N/A
skypeID,Tiny_stash,0.09226904559300649,0.15878047581689164,0.0415518252487452,False,AnnotationProperty,Reward,0.08212560152415423,0.0796690798158251,0.1111111111111111,9,indirect,0.08407906783783858,,N/A
interest,Stash,0.0920039363219427,0.1603738074568186,0.9172442572270822,False,unknown,Reward,0.2570520005029706,0.0796690798158251,0.1111111111111111,9,indirect,0.08398627959296626,,N/A
hasTarget,Stash,0.0920039363219427,0.1603738074568186,0.9172442572270822,False,unknown,Reward,0.2570520005029706,0.0796690798158251,0.1111111111111111,9,indirect,0.08398627959296626,,N/A
isPrimaryTopicOf,Stash,0.0920039363219427,0.1603738074568186,0.9172442572270822,False,unknown,Reward,0.2570520005029706,0.0796690798158251,0.1111111111111111,9,indirect,0.08398627959296626,,N/A
space_of,Stash,0.09187373471962552,0.1600180501931181,0.9172442572270822,False,unknown,Reward,0.25694783922111686,0.0796690798158251,0.1111111111111111,9,indirect,0.08394070903215525,,N/A
Chat,Stash,0.09187364531265836,0.16001785124264184,0.9172442572270822,False,unknown,Reward,0.25694776769554317,0.0796690798158251,0.1111111111111111,9,indirect,0.08394067773971675,,N/A
Annotation,Stash,0.09187364531265836,0.16001785124264184,0.9172442572270822,False,unknown,Reward,0.25694776769554317,0.0796690798158251,0.1111111111111111,9,indirect,0.08394067773971675,,N/A
has_EndDate,Stash,0.09187364531265836,0.16001785124264184,0.9172442572270822,False,unknown,Reward,0.25694776769554317,0.0796690798158251,0.1111111111111111,9,indirect,0.08394067773971675,,N/A
img,Stash,0.09187364531265836,0.16001785124264184,0.9172442572270822,False,unknown,Reward,0.25694776769554317,0.0796690798158251,0.1111111111111111,9,indirect,0.08394067773971675,,N/A
lives_in,Stash,0.09187363339172941,0.16001782471591186,0.9172442572270822,False,unknown,Reward,0.2569477581588,0.0796690798158251,0.1111111111111111,9,indirect,0.0839406735673916,,N/A
bonusPoints,BLockGame,0.10620396549808339,0.15490912815542274,0.12935257077791257,False,BonusPoints,Badge,0.11083368655404924,0.07189130203804733,0.1,10,indirect,0.08390073424905994,,N/A
lesson 6 for the course Object Oriented Programming,Motrain,0.09107889927873916,0.1597382112118168,0.0,False,unknown,GameElementResource,0.07286311942299133,0.0796690798158251,0.1111111111111111,9,indirect,0.08366251662784502,,N/A
leçon 6 du cours Programmation Orientée Objet,Motrain,0.09107889927873916,0.1597382112118168,0.0,False,unknown,GameElementResource,0.07286311942299133,0.0796690798158251,0.1111111111111111,9,indirect,0.08366251662784502,,N/A
Tom,bonusPoints,0.10460160885963617,0.15497154702047294,0.0,False,Learner,BonusPoints,0.08368128708770894,0.07189130203804733,0.1,10,indirect,0.08333990942560343,,N/A
Sofia,bonusPoints,0.10460160885963617,0.15497154702047294,0.0,False,Learner,BonusPoints,0.08368128708770894,0.07189130203804733,0.1,10,indirect,0.08333990942560343,,N/A
Thesis,Tiny_stash,0.09006279639361614,0.16000892936460726,0.0415518252487452,False,Class,Reward,0.08036060216464196,0.0796690798158251,0.1111111111111111,9,indirect,0.08330688061805197,,N/A
EditedBook,Tiny_stash,0.09006279639361614,0.16000892936460726,0.0415518252487452,False,Class,Reward,0.08036060216464196,0.0796690798158251,0.1111111111111111,9,indirect,0.08330688061805197,,N/A
AcademicArticle,Tiny_stash,0.08993960305349172,0.15970662088023788,0.0415518252487452,False,Class,Reward,0.08026204749254241,0.0796690798158251,0.1111111111111111,9,indirect,0.08326376294900842,,N/A
PedagogicalObjective,Tiny_stash,0.08993960305349172,0.15970662088023788,0.0415518252487452,False,Class,Reward,0.08026204749254241,0.0796690798158251,0.1111111111111111,9,indirect,0.08326376294900842,,N/A
Manuscript,Tiny_stash,0.08993960305349172,0.15970662088023788,0.0415518252487452,False,Class,Reward,0.08026204749254241,0.0796690798158251,0.1111111111111111,9,indirect,0.08326376294900842,,N/A
lesson 8 for the course Object Oriented Programming,Motrain,0.08975351668164618,0.15987489794669216,0.0,False,unknown,GameElementResource,0.07180281334531695,0.0796690798158251,0.1111111111111111,9,indirect,0.08319863271886248,,N/A
leçon 8 du cours Programmation Orientée Objet,Motrain,0.08975351668164618,0.15987489794669216,0.0,False,unknown,GameElementResource,0.07180281334531695,0.0796690798158251,0.1111111111111111,9,indirect,0.08319863271886248,,N/A
space_of,Tiny_stash,0.08952527945355127,0.16033666063939397,0.0415518252487452,False,unknown,Reward,0.07993058861259006,0.0796690798158251,0.1111111111111111,9,indirect,0.08311874968902926,,N/A
Chat,Tiny_stash,0.08952523176983544,0.1603365552110067,0.0415518252487452,False,unknown,Reward,0.0799305504656174,0.0796690798158251,0.1111111111111111,9,indirect,0.08311873299972872,,N/A
Annotation,Tiny_stash,0.08952523176983544,0.1603365552110067,0.0415518252487452,False,unknown,Reward,0.0799305504656174,0.0796690798158251,0.1111111111111111,9,indirect,0.08311873299972872,,N/A
has_EndDate,Tiny_stash,0.08952523176983544,0.1603365552110067,0.0415518252487452,False,unknown,Reward,0.0799305504656174,0.0796690798158251,0.1111111111111111,9,indirect,0.08311873299972872,,N/A
lives_in,Tiny_stash,0.08952523176983544,0.1603365552110067,0.0415518252487452,False,unknown,Reward,0.0799305504656174,0.0796690798158251,0.1111111111111111,9,indirect,0.08311873299972872,,N/A
img,Tiny_stash,0.08952523176983544,0.1603365552110067,0.0415518252487452,False,unknown,Reward,0.0799305504656174,0.0796690798158251,0.1111111111111111,9,indirect,0.08311873299972872,,N/A
has_type,Tiny_stash,0.0893997006804199,0.16003379715594038,0.0415518252487452,False,unknown,Reward,0.07983012559408496,0.0796690798158251,0.1111111111111111,9,indirect,0.08307479711843328,,N/A
has_question,Tiny_stash,0.0893997006804199,0.16003379715594038,0.0415518252487452,False,unknown,Reward,0.07983012559408496,0.0796690798158251,0.1111111111111111,9,indirect,0.08307479711843328,,N/A
view_resource,Tiny_stash,0.08939950994555662,0.16003337545812066,0.0415518252487452,False,unknown,Reward,0.07982997300619434,0.0796690798158251,0.1111111111111111,9,indirect,0.08307473036123114,,N/A
has_user_account,Tiny_stash,0.08939950994555662,0.16003337545812066,0.0415518252487452,False,unknown,Reward,0.07982997300619434,0.0796690798158251,0.1111111111111111,9,indirect,0.08307473036123114,,N/A
teaches,Tiny_stash,0.08939950994555662,0.16003337545812066,0.0415518252487452,False,unknown,Reward,0.07982997300619434,0.0796690798158251,0.1111111111111111,9,indirect,0.08307473036123114,,N/A
member,Tiny_stash,0.08939950994555662,0.16003337545812066,0.0415518252487452,False,unknown,Reward,0.07982997300619434,0.0796690798158251,0.1111111111111111,9,indirect,0.08307473036123114,,N/A
has_Place,Level_Up,0.10304705734900318,0.15501697072808593,1.0,False,unknown,Level,0.28243764587920256,0.07189130203804733,0.1,10,indirect,0.08279581639688188,,N/A
Reflective,BLockGame,0.11462042643202779,0.15541757462399072,0.12935257077791257,False,Class,Badge,0.11756685530120475,0.06552766567441097,0.09090909090909091,11,indirect,0.08271013193957685,,N/A
Sequential,BLockGame,0.11462042643202779,0.15541757462399072,0.12935257077791257,False,Class,Badge,0.11756685530120475,0.06552766567441097,0.09090909090909091,11,indirect,0.08271013193957685,,N/A
EducationalTopic,bonusPoints,0.1024545376567696,0.15605582115597486,0.0,False,Class,BonusPoints,0.08196363012541569,0.07189130203804733,0.1,10,indirect,0.08258843450460013,,N/A
lesson 7 for the course Object Oriented Programming,Motrain,0.08776561694152826,0.16018402201517468,0.0,False,unknown,GameElementResource,0.07021249355322261,0.0796690798158251,0.1111111111111111,9,indirect,0.0825028678098212,,N/A
leçon 7 du cours Programmation Orientée Objet,Motrain,0.08776561694152826,0.16018402201517468,0.0,False,unknown,GameElementResource,0.07021249355322261,0.0796690798158251,0.1111111111111111,9,indirect,0.0825028678098212,,N/A
PedagogicalExperience,Level_Up,0.10186847956377494,0.15628218494150553,1.0,False,Class,Level,0.28149478365102,0.07189130203804733,0.1,10,indirect,0.082383314172052,,N/A
hasPedagogicalExperience,Stash,0.10181645754175017,0.156313096195823,0.9172442572270822,False,ObjectProperty,Reward,0.2649020174788166,0.07189130203804733,0.1,10,indirect,0.08236510646434334,,N/A
wasAssociatedWith,Stash,0.10172805841337448,0.1560201624017834,0.9172442572270822,False,ObjectProperty,Reward,0.26483129817611606,0.07189130203804733,0.1,10,indirect,0.08233416676941183,,N/A
distributor,Stash,0.10172805841337448,0.1560201624017834,0.9172442572270822,False,ObjectProperty,Reward,0.26483129817611606,0.07189130203804733,0.1,10,indirect,0.08233416676941183,,N/A
issuer,Stash,0.10172805841337448,0.1560201624017834,0.9172442572270822,False,ObjectProperty,Reward,0.26483129817611606,0.07189130203804733,0.1,10,indirect,0.08233416676941183,,N/A
editor,Stash,0.10172805841337448,0.1560201624017834,0.9172442572270822,False,ObjectProperty,Reward,0.26483129817611606,0.07189130203804733,0.1,10,indirect,0.08233416676941183,,N/A
translator,Stash,0.10172805841337448,0.1560201624017834,0.9172442572270822,False,ObjectProperty,Reward,0.26483129817611606,0.07189130203804733,0.1,10,indirect,0.08233416676941183,,N/A
Kind,bonusPoints,0.10124716299696564,0.15692380649517443,0.0,False,unknown,BonusPoints,0.08099773039757252,0.07189130203804733,0.1,10,indirect,0.08216585337366875,,N/A
_:b95,bonusPoints,0.08660015379692985,0.16457883514168736,0.0,False,AtomList,BonusPoints,0.06928012303754388,0.0796690798158251,0.1111111111111111,9,indirect,0.08209495570921177,,N/A
has_host,bonusPoints,0.10090114455477683,0.16192485936499595,0.0,False,unknown,BonusPoints,0.08072091564382147,0.07189130203804733,0.1,10,indirect,0.08204474691890265,,N/A
court,Stash,0.10075150895675485,0.15651968626816726,0.9172442572270822,False,AnnotationProperty,Reward,0.2640500586108203,0.07189130203804733,0.1,10,indirect,0.08199237445959495,,N/A
weblog,Stash,0.10075134802421395,0.15651933237823018,0.9172442572270822,False,AnnotationProperty,Reward,0.2640499298647876,0.07189130203804733,0.1,10,indirect,0.08199231813320565,,N/A
publications,Stash,0.10075134802421395,0.15651933237823018,0.9172442572270822,False,AnnotationProperty,Reward,0.2640499298647876,0.07189130203804733,0.1,10,indirect,0.08199231813320565,,N/A
geekcode,Stash,0.10075134802421395,0.15651933237823018,0.9172442572270822,False,AnnotationProperty,Reward,0.2640499298647876,0.07189130203804733,0.1,10,indirect,0.08199231813320565,,N/A
made,Stash,0.10075134802421395,0.15651933237823018,0.9172442572270822,False,AnnotationProperty,Reward,0.2640499298647876,0.07189130203804733,0.1,10,indirect,0.08199231813320565,,N/A
openid,Stash,0.10075134802421395,0.15651933237823018,0.9172442572270822,False,AnnotationProperty,Reward,0.2640499298647876,0.07189130203804733,0.1,10,indirect,0.08199231813320565,,N/A
icqChatID,Stash,0.10075134802421395,0.15651933237823018,0.9172442572270822,False,AnnotationProperty,Reward,0.2640499298647876,0.07189130203804733,0.1,10,indirect,0.08199231813320565,,N/A
firstName,Stash,0.10075134802421395,0.15651933237823018,0.9172442572270822,False,AnnotationProperty,Reward,0.2640499298647876,0.07189130203804733,0.1,10,indirect,0.08199231813320565,,N/A
msnChatID,Stash,0.10075134802421395,0.15651933237823018,0.9172442572270822,False,AnnotationProperty,Reward,0.2640499298647876,0.07189130203804733,0.1,10,indirect,0.08199231813320565,,N/A
lastName,Stash,0.10075134802421395,0.15651933237823018,0.9172442572270822,False,AnnotationProperty,Reward,0.2640499298647876,0.07189130203804733,0.1,10,indirect,0.08199231813320565,,N/A
skypeID,Stash,0.10075134802421395,0.15651933237823018,0.9172442572270822,False,AnnotationProperty,Reward,0.2640499298647876,0.07189130203804733,0.1,10,indirect,0.08199231813320565,,N/A
family_name,Stash,0.10075134802421395,0.15651933237823018,0.9172442572270822,False,AnnotationProperty,Reward,0.2640499298647876,0.07189130203804733,0.1,10,indirect,0.08199231813320565,,N/A
Error3,BLockGame,0.10066245347837013,0.1610336483593115,0.12935257077791257,False,Class,Badge,0.10640047693827863,0.07189130203804733,0.1,10,indirect,0.08196120504216031,,N/A
Exploration,Tiny_stash,0.08564897641624893,0.1604925682778701,0.0415518252487452,False,NamedIndividual,Reward,0.07682954618274818,0.0796690798158251,0.1111111111111111,9,indirect,0.08176204362597345,,N/A
topDataProperty,Tiny_stash,0.08554750682863796,0.16086986052045218,0.0415518252487452,False,ObjectProperty,Reward,0.07674837051265941,0.0796690798158251,0.1111111111111111,9,indirect,0.0817265292703096,,N/A
CollectedDocument,Stash,0.09964748252345024,0.1565614375161227,0.9172442572270822,False,unknown,Reward,0.26316683746417663,0.07189130203804733,0.1,10,indirect,0.08160596520793835,,N/A
Gamified resource that contains experience leaderboard game element must contain experience points game element,Stash,0.0996168257552759,0.1565776276295037,0.9172442572270822,False,unknown,Reward,0.2631423120496372,0.07189130203804733,0.1,10,indirect,0.08159523533907734,,N/A
Gamified resource that contains social leaderboard game element must contain social points game element,Stash,0.0996168257552759,0.1565776276295037,0.9172442572270822,False,unknown,Reward,0.2631423120496372,0.07189130203804733,0.1,10,indirect,0.08159523533907734,,N/A
Gamified resource that contains score leaderboard game element must contain score points game element,Stash,0.0996168257552759,0.1565776276295037,0.9172442572270822,False,unknown,Reward,0.2631423120496372,0.07189130203804733,0.1,10,indirect,0.08159523533907734,,N/A
Gamified resource that contains bonus leaderboard game element must contain bonus points game element,Stash,0.0996168257552759,0.1565776276295037,0.9172442572270822,False,unknown,Reward,0.2631423120496372,0.07189130203804733,0.1,10,indirect,0.08159523533907734,,N/A
anyURI,Stash,0.09951984978676413,0.15628268597708275,0.9172442572270822,False,unknown,Reward,0.26306473127482777,0.07189130203804733,0.1,10,indirect,0.08156129375009821,,N/A
"the url of the game elment where it can be downloaded. In addition, this url contains information of the game elemnt.",Stash,0.09951984978676413,0.15628268597708275,0.9172442572270822,False,unknown,Reward,0.26306473127482777,0.07189130203804733,0.1,10,indirect,0.08156129375009821,,N/A
VCard,bonusPoints,0.0988755469196715,0.15817738607166412,0.0,False,unknown,BonusPoints,0.0791004375357372,0.07189130203804733,0.1,10,indirect,0.08133578774661579,,N/A
Identify the more expert teacher between two teachers,BLockGame,0.08433818133272925,0.16118935035221355,0.12935257077791257,False,unknown,Badge,0.09334105922176592,0.0796690798158251,0.1111111111111111,9,indirect,0.08130326534674155,,N/A
Linking leaderboard to resources with objective competition,BLockGame,0.08433818133272925,0.16118935035221355,0.12935257077791257,False,unknown,Badge,0.09334105922176592,0.0796690798158251,0.1111111111111111,9,indirect,0.08130326534674155,,N/A
game elements relevant to behavioural objectives,BLockGame,0.08433818133272925,0.16118935035221355,0.12935257077791257,False,unknown,Badge,0.09334105922176592,0.0796690798158251,0.1111111111111111,9,indirect,0.08130326534674155,,N/A
subclass to class,BLockGame,0.08433818133272925,0.16118935035221355,0.12935257077791257,False,unknown,Badge,0.09334105922176592,0.0796690798158251,0.1111111111111111,9,indirect,0.08130326534674155,,N/A
link exxperience level with number: expert=6,BLockGame,0.08433818133272925,0.16118935035221355,0.12935257077791257,False,unknown,Badge,0.09334105922176592,0.0796690798158251,0.1111111111111111,9,indirect,0.08130326534674155,,N/A
linking bonus resources with teaaccher exploration objective,BLockGame,0.08433818133272925,0.16118935035221355,0.12935257077791257,False,unknown,Badge,0.09334105922176592,0.0796690798158251,0.1111111111111111,9,indirect,0.08130326534674155,,N/A
gamified resource contains one or more game elements,BLockGame,0.08433818133272925,0.16118935035221355,0.12935257077791257,False,unknown,Badge,0.09334105922176592,0.0796690798158251,0.1111111111111111,9,indirect,0.08130326534674155,,N/A
link exxperience level with number: expert=4,BLockGame,0.08433818133272925,0.16118935035221355,0.12935257077791257,False,unknown,Badge,0.09334105922176592,0.0796690798158251,0.1111111111111111,9,indirect,0.08130326534674155,,N/A
link exxperience level with number: expert=2,BLockGame,0.08433818133272925,0.16118935035221355,0.12935257077791257,False,unknown,Badge,0.09334105922176592,0.0796690798158251,0.1111111111111111,9,indirect,0.08130326534674155,,N/A
hasgamificationExperienceLevel,BLockGame,0.09842489616295837,0.16356134897290134,0.12935257077791257,False,DatatypeProperty,Badge,0.10461043108594921,0.07189130203804733,0.1,10,indirect,0.08117805998176619,,N/A
reversedBy,BLockGame,0.09835342330791695,0.16359772924056865,0.12935257077791257,False,ObjectProperty,Badge,0.10455325280191609,0.07189130203804733,0.1,10,indirect,0.0811530444825017,,N/A
topDataProperty,BLockGame,0.0837219667952675,0.1610212955662392,0.12935257077791257,False,ObjectProperty,Badge,0.09284808759179652,0.0796690798158251,0.1111111111111111,9,indirect,0.08108759025862994,,N/A
"the url of the game elment where it can be downloaded. In addition, this url contains information of the game elemnt.",Tiny_stash,0.08326290555771032,0.16178739061718442,0.0415518252487452,False,unknown,Reward,0.07492068949591729,0.0796690798158251,0.1111111111111111,9,indirect,0.08092691882548493,,N/A
anyURI,Tiny_stash,0.08326290555771032,0.16178739061718442,0.0415518252487452,False,unknown,Reward,0.07492068949591729,0.0796690798158251,0.1111111111111111,9,indirect,0.08092691882548493,,N/A
Bonus,BLockGame,0.08231145002433901,0.16193602026288048,0.12935257077791257,False,NamedIndividual,Badge,0.09171967417505372,0.0796690798158251,0.1111111111111111,9,indirect,0.08059390938880497,,N/A
thumbnail,Level_Up,0.09636520227234521,0.15802697825396084,1.0,False,unknown,Level,0.2770921618178762,0.07189130203804733,0.1,10,indirect,0.08045716712005159,,N/A
hasPreResource,BLockGame,0.08191403907445667,0.16201764852488904,0.12935257077791257,False,ReflexiveProperty,Badge,0.09140174541514785,0.0796690798158251,0.1111111111111111,9,indirect,0.08045481555634615,,N/A
cites,BLockGame,0.08188306407461604,0.1620339920677858,0.12935257077791257,False,ObjectProperty,Badge,0.09137696541527535,0.0796690798158251,0.1111111111111111,9,indirect,0.08044397430640193,,N/A
edition,BLockGame,0.0817918858660065,0.16226349980734284,0.12935257077791257,False,AnnotationProperty,Badge,0.09130402284838772,0.0796690798158251,0.1111111111111111,9,indirect,0.0804120619333886,,N/A
editorList,BLockGame,0.0817918858660065,0.16226349980734284,0.12935257077791257,False,AnnotationProperty,Badge,0.09130402284838772,0.0796690798158251,0.1111111111111111,9,indirect,0.0804120619333886,,N/A
familyName,BLockGame,0.08174021615512397,0.16211990047145738,0.12935257077791257,False,AnnotationProperty,Badge,0.0912626870796817,0.0796690798158251,0.1111111111111111,9,indirect,0.0803939775345797,,N/A
schoolHomepage,BLockGame,0.08174021615512397,0.16211990047145738,0.12935257077791257,False,AnnotationProperty,Badge,0.0912626870796817,0.0796690798158251,0.1111111111111111,9,indirect,0.0803939775345797,,N/A
shortDescription,BLockGame,0.08173985256679085,0.16211908802268676,0.12935257077791257,False,AnnotationProperty,Badge,0.0912623962090152,0.0796690798158251,0.1111111111111111,9,indirect,0.08039385027866311,,N/A
annotates,BLockGame,0.08173985256679085,0.16211908802268676,0.12935257077791257,False,AnnotationProperty,Badge,0.0912623962090152,0.0796690798158251,0.1111111111111111,9,indirect,0.08039385027866311,,N/A
presentedAt,BLockGame,0.08173985256679085,0.16211908802268676,0.12935257077791257,False,AnnotationProperty,Badge,0.0912623962090152,0.0796690798158251,0.1111111111111111,9,indirect,0.08039385027866311,,N/A
oneOf,BLockGame,0.08173985256679085,0.16211908802268676,0.12935257077791257,False,AnnotationProperty,Badge,0.0912623962090152,0.0796690798158251,0.1111111111111111,9,indirect,0.08039385027866311,,N/A
hasSelf,BLockGame,0.08173985256679085,0.16211908802268676,0.12935257077791257,False,AnnotationProperty,Badge,0.0912623962090152,0.0796690798158251,0.1111111111111111,9,indirect,0.08039385027866311,,N/A
plan,BLockGame,0.0817398406458619,0.16211906138502227,0.12935257077791257,False,AnnotationProperty,Badge,0.09126238667227204,0.0796690798158251,0.1111111111111111,9,indirect,0.08039384610633799,,N/A
workInfoHomepage,BLockGame,0.0817398406458619,0.16211906138502227,0.12935257077791257,False,AnnotationProperty,Badge,0.09126238667227204,0.0796690798158251,0.1111111111111111,9,indirect,0.08039384610633799,,N/A
pastProject,BLockGame,0.0817398406458619,0.16211906138502227,0.12935257077791257,False,AnnotationProperty,Badge,0.09126238667227204,0.0796690798158251,0.1111111111111111,9,indirect,0.08039384610633799,,N/A
detects,Tiny_stash,0.08142390827141996,0.1631056607752406,0.0415518252487452,False,unknown,Reward,0.07344949166688501,0.0796690798158251,0.1111111111111111,9,indirect,0.0802832697752833,,N/A
Stimulus,Tiny_stash,0.08142390827141996,0.1631056607752406,0.0415518252487452,False,unknown,Reward,0.07344949166688501,0.0796690798158251,0.1111111111111111,9,indirect,0.0802832697752833,,N/A
aboutEducationalTopic,Tiny_stash,0.11753086800737411,0.15816916477168969,0.0415518252487452,False,ObjectProperty,Reward,0.10233505945564833,0.060224635371380675,0.08333333333333333,12,indirect,0.08028181679397838,,N/A
requiresKnowledge,Tiny_stash,0.11753086204690963,0.15816915186993932,0.0415518252487452,False,ObjectProperty,Reward,0.10233505468727674,0.060224635371380675,0.08333333333333333,12,indirect,0.08028181470781581,,N/A
Map,Stash,0.09584382817310053,0.15834796929568035,0.9172442572270822,False,Class,Reward,0.2601239139838969,0.07189130203804733,0.1,10,indirect,0.08027468618531594,,N/A
LegalDecision,Stash,0.09584381625217156,0.15834794286264745,0.9172442572270822,False,Class,Reward,0.2601239044471537,0.07189130203804733,0.1,10,indirect,0.08027468201299082,,N/A
Active,BLockGame,0.10734222638188315,0.15782312159867978,0.12935257077791257,False,Class,Badge,0.11174429526108905,0.06552766567441097,0.09090909090909091,11,indirect,0.08016276192202623,,N/A
Global,BLockGame,0.10734222638188315,0.15782312159867978,0.12935257077791257,False,Class,Badge,0.11174429526108905,0.06552766567441097,0.09090909090909091,11,indirect,0.08016276192202623,,N/A
objectives the teacher can choose from for each resource to prompt a desired learners’ behaviours when learners interact with that resource.,Stash,0.09504155080498049,0.15848254612068735,0.9172442572270822,False,unknown,Reward,0.2594820920894009,0.07189130203804733,0.1,10,indirect,0.07999388910647394,,N/A
has_Place,Stash,0.0949456169523473,0.15817385329302042,0.9172442572270822,False,unknown,Reward,0.2594053450072943,0.07189130203804733,0.1,10,indirect,0.07996031225805232,,N/A
greaterThan,BLockGame,0.08040154411040583,0.16296990185376162,0.12935257077791257,False,unknown,Badge,0.09019174944390718,0.0796690798158251,0.1111111111111111,9,indirect,0.07992544231892836,,N/A
Representes the numeric value equivaent to the teache's gamification experience level,Stash,0.09476128877177212,0.15861565811001993,0.9172442572270822,False,unknown,Reward,0.25925788246283415,0.07189130203804733,0.1,10,indirect,0.079895797394851,,N/A
unsignedInt,Stash,0.09476128877177212,0.15861565811001993,0.9172442572270822,False,unknown,Reward,0.25925788246283415,0.07189130203804733,0.1,10,indirect,0.079895797394851,,N/A
Slide,BLockGame,0.07997496868420725,0.16323027136147994,0.12935257077791257,False,Class,Badge,0.08985048910294832,0.0796690798158251,0.1111111111111111,9,indirect,0.07977614091975885,,N/A
EditedBook,BLockGame,0.07992052991212914,0.1630871241020219,0.12935257077791257,False,Class,Badge,0.08980693808528584,0.0796690798158251,0.1111111111111111,9,indirect,0.07975708734953152,,N/A
Thesis,BLockGame,0.07992052991212914,0.1630871241020219,0.12935257077791257,False,Class,Badge,0.08980693808528584,0.0796690798158251,0.1111111111111111,9,indirect,0.07975708734953152,,N/A
Feedback,BLockGame,0.07992021400751183,0.16308641798880932,0.12935257077791257,False,Class,Badge,0.08980668536159198,0.0796690798158251,0.1111111111111111,9,indirect,0.07975697678291546,,N/A
Badge,BLockGame,0.07992021400751183,0.16308641798880932,0.12935257077791257,False,Class,Badge,0.08980668536159198,0.0796690798158251,0.1111111111111111,9,indirect,0.07975697678291546,,N/A
Reward,BLockGame,0.07992021400751183,0.16308641798880932,0.12935257077791257,False,Class,Badge,0.08980668536159198,0.0796690798158251,0.1111111111111111,9,indirect,0.07975697678291546,,N/A
Hint,BLockGame,0.07992021400751183,0.16308641798880932,0.12935257077791257,False,Class,Badge,0.08980668536159198,0.0796690798158251,0.1111111111111111,9,indirect,0.07975697678291546,,N/A
Timer,BLockGame,0.07992021400751183,0.16308641798880932,0.12935257077791257,False,Class,Badge,0.08980668536159198,0.0796690798158251,0.1111111111111111,9,indirect,0.07975697678291546,,N/A
Story,BLockGame,0.07992021400751183,0.16308641798880932,0.12935257077791257,False,Class,Badge,0.08980668536159198,0.0796690798158251,0.1111111111111111,9,indirect,0.07975697678291546,,N/A
Challenge,BLockGame,0.07992021400751183,0.16308641798880932,0.12935257077791257,False,Class,Badge,0.08980668536159198,0.0796690798158251,0.1111111111111111,9,indirect,0.07975697678291546,,N/A
Achievement,BLockGame,0.07992021400751183,0.16308641798880932,0.12935257077791257,False,Class,Badge,0.08980668536159198,0.0796690798158251,0.1111111111111111,9,indirect,0.07975697678291546,,N/A
Level,BLockGame,0.07992021400751183,0.16308641798880932,0.12935257077791257,False,Class,Badge,0.08980668536159198,0.0796690798158251,0.1111111111111111,9,indirect,0.07975697678291546,,N/A
ProgressBar,BLockGame,0.07992021400751183,0.16308641798880932,0.12935257077791257,False,Class,Badge,0.08980668536159198,0.0796690798158251,0.1111111111111111,9,indirect,0.07975697678291546,,N/A
hasTarget,BLockGame,0.07963767571785317,0.1634144444656125,0.12935257077791257,False,unknown,Badge,0.08958065472986505,0.0796690798158251,0.1111111111111111,9,indirect,0.07965808838153493,,N/A
isPrimaryTopicOf,BLockGame,0.07963767571785317,0.1634144444656125,0.12935257077791257,False,unknown,Badge,0.08958065472986505,0.0796690798158251,0.1111111111111111,9,indirect,0.07965808838153493,,N/A
interest,BLockGame,0.07963767571785317,0.1634144444656125,0.12935257077791257,False,unknown,Badge,0.08958065472986505,0.0796690798158251,0.1111111111111111,9,indirect,0.07965808838153493,,N/A
space_of,BLockGame,0.07958258151703243,0.16327195131571748,0.12935257077791257,False,unknown,Badge,0.08953657936920846,0.0796690798158251,0.1111111111111111,9,indirect,0.07963880541124767,,N/A
Chat,BLockGame,0.07958247422867183,0.1632717114971258,0.12935257077791257,False,unknown,Badge,0.08953649353851999,0.0796690798158251,0.1111111111111111,9,indirect,0.07963876786032145,,N/A
Annotation,BLockGame,0.07958247422867183,0.1632717114971258,0.12935257077791257,False,unknown,Badge,0.08953649353851999,0.0796690798158251,0.1111111111111111,9,indirect,0.07963876786032145,,N/A
has_EndDate,BLockGame,0.07958247422867183,0.1632717114971258,0.12935257077791257,False,unknown,Badge,0.08953649353851999,0.0796690798158251,0.1111111111111111,9,indirect,0.07963876786032145,,N/A
img,BLockGame,0.07958247422867183,0.1632717114971258,0.12935257077791257,False,unknown,Badge,0.08953649353851999,0.0796690798158251,0.1111111111111111,9,indirect,0.07963876786032145,,N/A
lives_in,BLockGame,0.07958246230774288,0.16327168485061563,0.12935257077791257,False,unknown,Badge,0.08953648400177683,0.0796690798158251,0.1111111111111111,9,indirect,0.07963876368799633,,N/A
detects,BLockGame,0.07898654602492267,0.16355497620167966,0.12935257077791257,False,unknown,Badge,0.08905975097552066,0.0796690798158251,0.1111111111111111,9,indirect,0.07943019298900925,,N/A
Stimulus,BLockGame,0.07898654602492267,0.16355497620167966,0.12935257077791257,False,unknown,Badge,0.08905975097552066,0.0796690798158251,0.1111111111111111,9,indirect,0.07943019298900925,,N/A
hasPedagogicalExperience,Tiny_stash,0.09333162313617308,0.15877232703323743,0.0415518252487452,False,ObjectProperty,Reward,0.0829756635586875,0.07189130203804733,0.1,10,indirect,0.07939541442239134,,N/A
GamificationKnowledge,Tiny_stash,0.10470017044219719,0.16317750376078557,0.0415518252487452,False,Class,Reward,0.0920705014035068,0.06552766567441097,0.09090909090909091,11,indirect,0.07923804234313615,,N/A
TechnologicalKnowledge,Tiny_stash,0.10470017044219719,0.16317750376078557,0.0415518252487452,False,Class,Reward,0.0920705014035068,0.06552766567441097,0.09090909090909091,11,indirect,0.07923804234313615,,N/A
COntentKnowledge,Tiny_stash,0.10470017044219719,0.16317750376078557,0.0415518252487452,False,Class,Reward,0.0920705014035068,0.06552766567441097,0.09090909090909091,11,indirect,0.07923804234313615,,N/A
Exploration,Stash,0.10462400243953604,0.15421985390364487,0.9172442572270822,False,NamedIndividual,Reward,0.2671480533970453,0.06552766567441097,0.09090909090909091,11,indirect,0.07921138354220475,,N/A
has_question,Stash,0.09177146704881378,0.15972431780149152,0.9172442572270822,False,unknown,Reward,0.2568660250844675,0.07189130203804733,0.1,10,indirect,0.0788493597918156,,N/A
has_type,Stash,0.09177146704881378,0.15972431780149152,0.9172442572270822,False,unknown,Reward,0.2568660250844675,0.07189130203804733,0.1,10,indirect,0.0788493597918156,,N/A
has_user_account,Stash,0.09177130611627289,0.15972395970185826,0.9172442572270822,False,unknown,Reward,0.25686589633843476,0.07189130203804733,0.1,10,indirect,0.07884930346542628,,N/A
teaches,Stash,0.09177130611627289,0.15972395970185826,0.9172442572270822,False,unknown,Reward,0.25686589633843476,0.07189130203804733,0.1,10,indirect,0.07884930346542628,,N/A
view_resource,Stash,0.09177130611627289,0.15972395970185826,0.9172442572270822,False,unknown,Reward,0.25686589633843476,0.07189130203804733,0.1,10,indirect,0.07884930346542628,,N/A
member,Stash,0.09177130611627289,0.15972395970185826,0.9172442572270822,False,unknown,Reward,0.25686589633843476,0.07189130203804733,0.1,10,indirect,0.07884930346542628,,N/A
hasEducationalTopic,bonusPoints,0.1032684224641788,0.15727842256174482,0.0,False,FunctionalProperty,BonusPoints,0.08261473797134306,0.06552766567441097,0.09090909090909091,11,indirect,0.07873693055082971,,N/A
EducationalTopic,Tiny_stash,0.12131733045964485,0.16065182661131647,0.0415518252487452,False,Class,Reward,0.10536422941746493,0.0557374558842012,0.07692307692307693,13,indirect,0.07869041198560647,,N/A
PedagogicalExperience,Tiny_stash,0.08993956133024036,0.15970652862004342,0.0415518252487452,False,Class,Reward,0.08026201411394134,0.07189130203804733,0.1,10,indirect,0.07820819279031489,,N/A
PedagogicalKnowledge,Level_Up,0.10175117849033369,0.15593064051890337,1.0,False,Class,Level,0.28140094279226696,0.06552766567441097,0.09090909090909091,11,indirect,0.07820589515998393,,N/A
thumbnail,Tiny_stash,0.08934047500772702,0.1598775513948833,0.0415518252487452,False,unknown,Reward,0.07978274505593065,0.07189130203804733,0.1,10,indirect,0.07799851257743523,,N/A
_:b11,BLockGame,0.10066246539929909,0.1610336748043022,0.12935257077791257,False,Class,Badge,0.10640048647502179,0.06552766567441097,0.09090909090909091,11,indirect,0.0778248455781218,,N/A
locator,BLockGame,0.08802860500684394,0.1592777094428398,0.12935257077791257,False,AnnotationProperty,Badge,0.09629339816105767,0.07189130203804733,0.1,10,indirect,0.07753935807712614,,N/A
Kind,BLockGame,0.09957194453508875,0.15889231072385815,0.12935257077791257,False,unknown,Badge,0.10552806978365352,0.06552766567441097,0.09090909090909091,11,indirect,0.0774431632756482,,N/A
Vcard,bonusPoints,0.09906552271272012,0.15962708182702764,0.0,False,unknown,BonusPoints,0.0792524181701761,0.06552766567441097,0.09090909090909091,11,indirect,0.07726591563781918,,N/A
CollectedDocument,BLockGame,0.0849607939971664,0.16078223023365848,0.12935257077791257,False,unknown,Badge,0.09383914935331564,0.07189130203804733,0.1,10,indirect,0.07646562422373901,,N/A
Vcard,Level_Up,0.09626834677111937,0.1577290290180337,1.0,False,unknown,Level,0.2770146774168955,0.06552766567441097,0.09090909090909091,11,indirect,0.07628690405825891,,N/A
bonusPoints,Motrain,0.11437726612540504,0.1541112305204938,0.0,False,BonusPoints,GameElementResource,0.09150181290032404,0.0557374558842012,0.07692307692307693,13,indirect,0.07626138946862254,,N/A
Gamified resource that contains social leaderboard game element must contain social points game element,BLockGame,0.08428564484637426,0.16104480094298373,0.12935257077791257,False,unknown,Badge,0.09329903003268192,0.07189130203804733,0.1,10,indirect,0.07622932202096175,,N/A
Gamified resource that contains score leaderboard game element must contain score points game element,BLockGame,0.08428564484637426,0.16104480094298373,0.12935257077791257,False,unknown,Badge,0.09329903003268192,0.07189130203804733,0.1,10,indirect,0.07622932202096175,,N/A
Gamified resource that contains bonus leaderboard game element must contain bonus points game element,BLockGame,0.08428564484637426,0.16104480094298373,0.12935257077791257,False,unknown,Badge,0.09329903003268192,0.07189130203804733,0.1,10,indirect,0.07622932202096175,,N/A
Gamified resource that contains experience leaderboard game element must contain experience points game element,BLockGame,0.08428564484637426,0.16104480094298373,0.12935257077791257,False,unknown,Badge,0.09329903003268192,0.07189130203804733,0.1,10,indirect,0.07622932202096175,,N/A
anyURI,BLockGame,0.08424971702417271,0.16093719080250374,0.12935257077791257,False,unknown,Badge,0.09327028777492069,0.07189130203804733,0.1,10,indirect,0.07621674728319122,,N/A
"the url of the game elment where it can be downloaded. In addition, this url contains information of the game elemnt.",BLockGame,0.08424971702417271,0.16093719080250374,0.12935257077791257,False,unknown,Badge,0.09327028777492069,0.07189130203804733,0.1,10,indirect,0.07621674728319122,,N/A
PedagogicalObjective,Stash,0.0957446743068661,0.15805534948264158,0.9172442572270822,False,Class,Reward,0.26004459089090937,0.06552766567441097,0.09090909090909091,11,indirect,0.07610361869577027,,N/A
Manuscript,Stash,0.09574466834640163,0.1580553362667863,0.9172442572270822,False,Class,Reward,0.2600445861225378,0.06552766567441097,0.09090909090909091,11,indirect,0.07610361660960771,,N/A
AcademicArticle,Stash,0.09574466834640163,0.1580553362667863,0.9172442572270822,False,Class,Reward,0.2600445861225378,0.06552766567441097,0.09090909090909091,11,indirect,0.07610361660960771,,N/A
PedagogicalExperience,Stash,0.09574463258361476,0.15805525697165518,0.9172442572270822,False,Class,Reward,0.26004455751230826,0.06552766567441097,0.09090909090909091,11,indirect,0.07610360409263231,,N/A
bonus resource for lesson 8 Exception Handling,bonusPoints,0.09573521428025064,0.1597136639544587,0.0,False,unknown,BonusPoints,0.07658817142420052,0.06552766567441097,0.09090909090909091,11,indirect,0.07610030768645486,,N/A
ressource bonus pour la leçon 8 Gestion des exceptions,bonusPoints,0.09573521428025064,0.1597136639544587,0.0,False,unknown,BonusPoints,0.07658817142420052,0.06552766567441097,0.09090909090909091,11,indirect,0.07610030768645486,,N/A
bonus resource for lesson 9 Input and Output Stream,bonusPoints,0.09567605944807368,0.159742420193792,0.0,False,unknown,BonusPoints,0.07654084755845895,0.06552766567441097,0.09090909090909091,11,indirect,0.07607960349519292,,N/A
ressource bonus pour la leçon 9 Flux d'entrée et de sortie,bonusPoints,0.09567605944807368,0.159742420193792,0.0,False,unknown,BonusPoints,0.07654084755845895,0.06552766567441097,0.09090909090909091,11,indirect,0.07607960349519292,,N/A
PedagogicalKnowledge,Stash,0.09566763026502091,0.1578116104863076,0.9172442572270822,False,Class,Reward,0.2599829556574332,0.06552766567441097,0.09090909090909091,11,indirect,0.07607665328112445,,N/A
TechnologicalKnowledge,BLockGame,0.09544828021643106,0.16123758096401636,0.12935257077791257,False,Class,Badge,0.10222913832872738,0.06552766567441097,0.09090909090909091,11,indirect,0.07599988076411801,,N/A
COntentKnowledge,BLockGame,0.09544828021643106,0.16123758096401636,0.12935257077791257,False,Class,Badge,0.10222913832872738,0.06552766567441097,0.09090909090909091,11,indirect,0.07599988076411801,,N/A
GamificationKnowledge,BLockGame,0.09544828021643106,0.16123758096401636,0.12935257077791257,False,Class,Badge,0.10222913832872738,0.06552766567441097,0.09090909090909091,11,indirect,0.07599988076411801,,N/A
"ressource bonus pour la leçon 7 ""Event Handler and Listener""",bonusPoints,0.09513612497089884,0.16004819423512984,0.0,False,unknown,BonusPoints,0.07610889997671907,0.06552766567441097,0.09090909090909091,11,indirect,0.07589062642818173,,N/A
bonus resource for lesson 7 Event Handler and Listener,bonusPoints,0.09513612497089884,0.16004819423512984,0.0,False,unknown,BonusPoints,0.07610889997671907,0.06552766567441097,0.09090909090909091,11,indirect,0.07589062642818173,,N/A
VCard,Tiny_stash,0.08255530919562529,0.16195011663056078,0.0415518252487452,False,unknown,Reward,0.07435461240624927,0.07189130203804733,0.1,10,indirect,0.07562370454319961,,N/A
has_Place,Tiny_stash,0.08196253361845503,0.16244564213854298,0.0415518252487452,False,unknown,Reward,0.07388039194451307,0.07189130203804733,0.1,10,indirect,0.07541623309119003,,N/A
hasPedagogicalExperience,BLockGame,0.08188340382109126,0.16203475126457434,0.12935257077791257,False,ObjectProperty,Badge,0.09137723721245553,0.07189130203804733,0.1,10,indirect,0.0753885376621127,,N/A
editor,BLockGame,0.08184751816823828,0.16192472824480655,0.12935257077791257,False,ObjectProperty,Badge,0.09134852869017314,0.07189130203804733,0.1,10,indirect,0.07537597768361416,,N/A
distributor,BLockGame,0.08184751816823828,0.16192472824480655,0.12935257077791257,False,ObjectProperty,Badge,0.09134852869017314,0.07189130203804733,0.1,10,indirect,0.07537597768361416,,N/A
issuer,BLockGame,0.08184751816823828,0.16192472824480655,0.12935257077791257,False,ObjectProperty,Badge,0.09134852869017314,0.07189130203804733,0.1,10,indirect,0.07537597768361416,,N/A
translator,BLockGame,0.08184751816823828,0.16192472824480655,0.12935257077791257,False,ObjectProperty,Badge,0.09134852869017314,0.07189130203804733,0.1,10,indirect,0.07537597768361416,,N/A
wasAssociatedWith,BLockGame,0.08184751816823828,0.16192472824480655,0.12935257077791257,False,ObjectProperty,Badge,0.09134852869017314,0.07189130203804733,0.1,10,indirect,0.07537597768361416,,N/A
_:b5,bonusPoints,0.09361140214402877,0.16058955372303196,0.0,False,Restriction,BonusPoints,0.07488912171522302,0.06552766567441097,0.09090909090909091,11,indirect,0.0753569734387772,,N/A
_:b7,bonusPoints,0.0936113902230998,0.16058952708328936,0.0,False,Restriction,BonusPoints,0.07488911217847985,0.06552766567441097,0.09090909090909091,11,indirect,0.07535696926645206,,N/A
_:b6,bonusPoints,0.0936113902230998,0.16058952708328936,0.0,False,Restriction,BonusPoints,0.07488911217847985,0.06552766567441097,0.09090909090909091,11,indirect,0.07535696926645206,,N/A
court,BLockGame,0.08170392275620429,0.16201058148439823,0.12935257077791257,False,AnnotationProperty,Badge,0.09123365236054595,0.07189130203804733,0.1,10,indirect,0.07532571928940227,,N/A
openid,BLockGame,0.0817037379818055,0.16201016860084883,0.12935257077791257,False,AnnotationProperty,Badge,0.09123350454102691,0.07189130203804733,0.1,10,indirect,0.07532565461836269,,N/A
geekcode,BLockGame,0.0817037379818055,0.16201016860084883,0.12935257077791257,False,AnnotationProperty,Badge,0.09123350454102691,0.07189130203804733,0.1,10,indirect,0.07532565461836269,,N/A
icqChatID,BLockGame,0.0817037379818055,0.16201016860084883,0.12935257077791257,False,AnnotationProperty,Badge,0.09123350454102691,0.07189130203804733,0.1,10,indirect,0.07532565461836269,,N/A
weblog,BLockGame,0.0817037379818055,0.16201016860084883,0.12935257077791257,False,AnnotationProperty,Badge,0.09123350454102691,0.07189130203804733,0.1,10,indirect,0.07532565461836269,,N/A
firstName,BLockGame,0.0817037379818055,0.16201016860084883,0.12935257077791257,False,AnnotationProperty,Badge,0.09123350454102691,0.07189130203804733,0.1,10,indirect,0.07532565461836269,,N/A
skypeID,BLockGame,0.0817037379818055,0.16201016860084883,0.12935257077791257,False,AnnotationProperty,Badge,0.09123350454102691,0.07189130203804733,0.1,10,indirect,0.07532565461836269,,N/A
made,BLockGame,0.0817037379818055,0.16201016860084883,0.12935257077791257,False,AnnotationProperty,Badge,0.09123350454102691,0.07189130203804733,0.1,10,indirect,0.07532565461836269,,N/A
publications,BLockGame,0.0817037379818055,0.16201016860084883,0.12935257077791257,False,AnnotationProperty,Badge,0.09123350454102691,0.07189130203804733,0.1,10,indirect,0.07532565461836269,,N/A
msnChatID,BLockGame,0.0817037379818055,0.16201016860084883,0.12935257077791257,False,AnnotationProperty,Badge,0.09123350454102691,0.07189130203804733,0.1,10,indirect,0.07532565461836269,,N/A
lastName,BLockGame,0.0817037379818055,0.16201016860084883,0.12935257077791257,False,AnnotationProperty,Badge,0.09123350454102691,0.07189130203804733,0.1,10,indirect,0.07532565461836269,,N/A
family_name,BLockGame,0.0817037379818055,0.16201016860084883,0.12935257077791257,False,AnnotationProperty,Badge,0.09123350454102691,0.07189130203804733,0.1,10,indirect,0.07532565461836269,,N/A
System,bonusPoints,0.1031359596930919,0.1558922975439728,0.0,False,unknown,BonusPoints,0.08250876775447352,0.060224635371380675,0.08333333333333333,12,indirect,0.0752435988839796,,N/A
hasSubSystem,bonusPoints,0.1031359596930919,0.1558922975439728,0.0,False,unknown,BonusPoints,0.08250876775447352,0.060224635371380675,0.08333333333333333,12,indirect,0.0752435988839796,,N/A
"index key for the resource ""Java FX""",Motrain,0.08123215167934798,0.16230168658344488,0.0,False,unknown,GameElementResource,0.0649857213434784,0.07189130203804733,0.1,10,indirect,0.07516059941250255,,N/A
has_Place,BLockGame,0.08094200578089383,0.16240527457480933,0.12935257077791257,False,unknown,Badge,0.09062411878029758,0.07189130203804733,0.1,10,indirect,0.07505904834804361,,N/A
unsignedInt,BLockGame,0.0804180648694369,0.1627827265153566,0.12935257077791257,False,unknown,Badge,0.09020496605113204,0.07189130203804733,0.1,10,indirect,0.07487566902903368,,N/A
Representes the numeric value equivaent to the teache's gamification experience level,BLockGame,0.0804180648694369,0.1627827265153566,0.12935257077791257,False,unknown,Badge,0.09020496605113204,0.07189130203804733,0.1,10,indirect,0.07487566902903368,,N/A
Map,BLockGame,0.07992094118417808,0.16308804338149083,0.12935257077791257,False,Class,Badge,0.08980726710292498,0.07189130203804733,0.1,10,indirect,0.07470167573919309,,N/A
LegalDecision,BLockGame,0.0799209352237136,0.16308803005859995,0.12935257077791257,False,Class,Badge,0.0898072623345534,0.07189130203804733,0.1,10,indirect,0.07470167365303053,,N/A
thumbnail,Stash,0.09169237104233494,0.15948200772511104,0.9172442572270822,False,unknown,Reward,0.2568027482792844,0.06552766567441097,0.09090909090909091,11,indirect,0.07468531255318436,,N/A
objectives the teacher can choose from for each resource to prompt a desired learners’ behaviours when learners interact with that resource.,BLockGame,0.07982945091904392,0.16308500062909004,0.12935257077791257,False,unknown,Badge,0.08973407489081765,0.07189130203804733,0.1,10,indirect,0.07466965414639613,,N/A
has_question,BLockGame,0.07954336874693405,0.16316489950221155,0.12935257077791257,False,unknown,Badge,0.08950520915312976,0.07189130203804733,0.1,10,indirect,0.07456952538615769,,N/A
has_type,BLockGame,0.07954336874693405,0.16316489950221155,0.12935257077791257,False,unknown,Badge,0.08950520915312976,0.07189130203804733,0.1,10,indirect,0.07456952538615769,,N/A
member,BLockGame,0.07954318397253525,0.1631644864812553,0.12935257077791257,False,unknown,Badge,0.08950506133361072,0.07189130203804733,0.1,10,indirect,0.07456946071511811,,N/A
view_resource,BLockGame,0.07954318397253525,0.1631644864812553,0.12935257077791257,False,unknown,Badge,0.08950506133361072,0.07189130203804733,0.1,10,indirect,0.07456946071511811,,N/A
teaches,BLockGame,0.07954318397253525,0.1631644864812553,0.12935257077791257,False,unknown,Badge,0.08950506133361072,0.07189130203804733,0.1,10,indirect,0.07456946071511811,,N/A
has_user_account,BLockGame,0.07954318397253525,0.1631644864812553,0.12935257077791257,False,unknown,Badge,0.08950506133361072,0.07189130203804733,0.1,10,indirect,0.07456946071511811,,N/A
PedagogicalKnowledge,Tiny_stash,0.08988124944423397,0.15954758686101694,0.0415518252487452,False,Class,Reward,0.08021536460513622,0.06552766567441097,0.09090909090909091,11,indirect,0.07405141999384902,,N/A
VCard,Stash,0.09947572802820581,0.15602010217790788,0.9172442572270822,False,unknown,Reward,0.2630294338679811,0.060224635371380675,0.08333333333333333,12,indirect,0.07396251780126947,,N/A
Vcard,Tiny_stash,0.0892954961778622,0.15975271580391343,0.0415518252487452,False,unknown,Reward,0.0797467619920388,0.06552766567441097,0.09090909090909091,11,indirect,0.0738464063506189,,N/A
space_of,bonusPoints,0.09906552271272012,0.15962708182702764,0.0,False,unknown,BonusPoints,0.0792524181701761,0.060224635371380675,0.08333333333333333,12,indirect,0.07381894594084948,,N/A
aboutEducationalTopic,BLockGame,0.09660669978612721,0.15944713333711327,0.12935257077791257,False,ObjectProperty,Badge,0.1031558739844843,0.060224635371380675,0.08333333333333333,12,indirect,0.07295835791654195,,N/A
requiresKnowledge,BLockGame,0.09660669978612721,0.15944713333711327,0.12935257077791257,False,ObjectProperty,Badge,0.1031558739844843,0.060224635371380675,0.08333333333333333,12,indirect,0.07295835791654195,,N/A
Stimulus,bonusPoints,0.09567687878593616,0.15974202157791734,0.0,False,unknown,BonusPoints,0.07654150302874893,0.060224635371380675,0.08333333333333333,12,indirect,0.07263292056647509,,N/A
detects,bonusPoints,0.09567687878593616,0.15974202157791734,0.0,False,unknown,BonusPoints,0.07654150302874893,0.060224635371380675,0.08333333333333333,12,indirect,0.07263292056647509,,N/A
Exploration,BLockGame,0.08489278627938894,0.1604405613947332,0.12935257077791257,False,NamedIndividual,Badge,0.09378474317909367,0.06552766567441097,0.09090909090909091,11,indirect,0.07230545788615327,,N/A
EducationalTopic,BLockGame,0.10166606803838985,0.15563363714149162,0.12935257077791257,False,Class,Badge,0.1072033685862944,0.0557374558842012,0.07692307692307693,13,indirect,0.07181247013816722,,N/A
Motrain,bonusPoints,0.10160151476173214,0.15805860109058228,0.0,False,GameElementResource,BonusPoints,0.08128121180938572,0.0557374558842012,0.07692307692307693,13,indirect,0.07178987649133703,,N/A
Vcard,Stash,0.09162981880804545,0.15927636802046544,0.9172442572270822,False,unknown,Reward,0.25675270649185283,0.060224635371380675,0.08333333333333333,12,indirect,0.07121644957421334,,N/A
hasEducationalTopic,Level_Up,0.10661479890118705,0.15292689439374837,1.0,False,FunctionalProperty,Level,0.2852918391209497,0.05189130203804734,0.07142857142857142,14,indirect,0.07104452594014624,,N/A
Manuscript,BLockGame,0.07988289905082184,0.16298148083925001,0.12935257077791257,False,Class,Badge,0.08977683339623999,0.06552766567441097,0.09090909090909091,11,indirect,0.07055199735615478,,N/A
PedagogicalObjective,BLockGame,0.07988289905082184,0.16298148083925001,0.12935257077791257,False,Class,Badge,0.08977683339623999,0.06552766567441097,0.09090909090909091,11,indirect,0.07055199735615478,,N/A
AcademicArticle,BLockGame,0.07988289905082184,0.16298148083925001,0.12935257077791257,False,Class,Badge,0.08977683339623999,0.06552766567441097,0.09090909090909091,11,indirect,0.07055199735615478,,N/A
PedagogicalExperience,BLockGame,0.07988286328803498,0.16298140090190197,0.12935257077791257,False,Class,Badge,0.08977680478601051,0.06552766567441097,0.09090909090909091,11,indirect,0.07055198483917938,,N/A
PedagogicalKnowledge,BLockGame,0.0798570813123432,0.16290217694601333,0.12935257077791257,False,Class,Badge,0.08975617920545709,0.06552766567441097,0.09090909090909091,11,indirect,0.07054296114768725,,N/A
thumbnail,BLockGame,0.07951758176645324,0.16308779981389815,0.12935257077791257,False,unknown,Badge,0.08948457956874512,0.06552766567441097,0.09090909090909091,11,indirect,0.07042413630662576,,N/A
VCard,BLockGame,0.08490116285600255,0.16059403868420666,0.12935257077791257,False,unknown,Badge,0.09379144444038456,0.060224635371380675,0.08333333333333333,12,indirect,0.06886141999099833,,N/A
hasEducationalTopic,Stash,0.09790974285253884,0.1574002937781854,0.9172442572270822,False,FunctionalProperty,Reward,0.2617766457274475,0.05189130203804734,0.07142857142857142,14,indirect,0.06799775632311937,,N/A
Vcard,BLockGame,0.07949998735830507,0.16302895440634468,0.12935257077791257,False,unknown,Badge,0.08947050404222658,0.060224635371380675,0.08333333333333333,12,indirect,0.06697100856680421,,N/A
hasEducationalTopic,Tiny_stash,0.09197546588038774,0.15821015614392558,0.0415518252487452,False,FunctionalProperty,Reward,0.08189073775405924,0.05189130203804734,0.07142857142857142,14,indirect,0.06592075938286648,,N/A
hasEducationalTopic,BLockGame,0.08070955847032782,0.16227246238794335,0.12935257077791257,False,FunctionalProperty,Badge,0.09043816093184477,0.05189130203804734,0.07142857142857142,14,indirect,0.06197769178934551,,N/A
