source,target,probability_mean,probability_std,numeric_score_target,known_positive,source_type,target_type,score_final,symbolic_confidence,sym_base_score,path_length,sym_category,neurosymbolic_score
Activity,Level_Up,0.7520418797668845,0.33867062651513685,1.0,False,unknown,Level,0.8016335038135076,0.0,0.0,-1,rejected,0.0
hasDeployment,Level_Up,0.7436247470861325,0.33855223074099483,1.0,False,unknown,Level,0.7948997976689061,0.0,0.0,-1,rejected,0.0
Deployment,Level_Up,0.7436247470861325,0.33855223074099483,1.0,False,unknown,Level,0.7948997976689061,0.0,0.0,-1,rejected,0.0
Activity,Stash,0.7499741597698321,0.3397100054394938,0.9172442572270822,False,unknown,Reward,0.7834281792612822,0.0,0.0,-1,rejected,0.0
OnlineAccount,Level_Up,0.7276851571524386,0.3309043351907485,1.0,False,unknown,Level,0.7821481257219509,0.0,0.0,-1,rejected,0.0
User,Level_Up,0.7152339273868858,0.2988035863720507,1.0,False,unknown,Level,0.7721871419095088,0.0,0.0,-1,rejected,0.0
Deployment,Stash,0.7341959599729094,0.3362467604966615,0.9172442572270822,False,unknown,Reward,0.770805619423744,0.0,0.0,-1,rejected,0.0
hasDeployment,Stash,0.7341959599729094,0.3362467604966615,0.9172442572270822,False,unknown,Reward,0.770805619423744,0.0,0.0,-1,rejected,0.0
_:b4,Level_Up,0.7000244800761035,0.2799060704956679,1.0,False,Restriction,Level,0.7600195840608828,0.0,0.0,-1,rejected,0.0
_:b3,Level_Up,0.7000244800761035,0.2799060704956679,1.0,False,Restriction,Level,0.7600195840608828,0.0,0.0,-1,rejected,0.0
_:b0,Level_Up,0.7000244800761035,0.2799060704956679,1.0,False,Restriction,Level,0.7600195840608828,0.0,0.0,-1,rejected,0.0
_:b1,Level_Up,0.7000244800761035,0.2799060704956679,1.0,False,Restriction,Level,0.7600195840608828,0.0,0.0,-1,rejected,0.0
OnlineAccount,Stash,0.7144453757191604,0.30935043762314013,0.9172442572270822,False,unknown,Reward,0.7550051520207448,0.0,0.0,-1,rejected,0.0
tbox,Level_Up,0.6806948216943793,0.31117189593041,1.0,False,Ontology,Level,0.7445558573555036,0.0,0.0,-1,rejected,0.0
_:b14,Level_Up,0.6804007289415093,0.3093761411727834,1.0,False,Restriction,Level,0.7443205831532074,0.0,0.0,-1,rejected,0.0
_:b9,Level_Up,0.6804007229810448,0.30937614841431843,1.0,False,Restriction,Level,0.7443205783848359,0.0,0.0,-1,rejected,0.0
_:b13,Level_Up,0.6804007229810448,0.30937614841431843,1.0,False,Restriction,Level,0.7443205783848359,0.0,0.0,-1,rejected,0.0
is_part_of,Level_Up,0.6667913319841591,0.31293528326833264,1.0,False,unknown,Level,0.7334330655873273,0.0,0.0,-1,rejected,0.0
User,Stash,0.6785219007233371,0.28801827571683336,0.9172442572270822,False,unknown,Reward,0.7262663720240862,0.0,0.0,-1,rejected,0.0
TeacherGroupB,Level_Up,0.6419622340833065,0.2677593799091602,1.0,False,FreeGroup,Level,0.7135697872666453,0.0,0.0,-1,rejected,0.0
partOf,Level_Up,0.6374450490283003,0.27605619447400215,1.0,False,unknown,Level,0.7099560392226403,0.0,0.0,-1,rejected,0.0
has_container,Level_Up,0.6374450490283003,0.27605619447400215,1.0,False,unknown,Level,0.7099560392226403,0.0,0.0,-1,rejected,0.0
UserAccount,Level_Up,0.6076095551867945,0.2600709954269988,1.0,False,unknown,Level,0.6860876441494357,0.0,0.0,-1,rejected,0.0
_:b1,Stash,0.6097047372386218,0.29295268578603223,0.9172442572270822,False,Restriction,Reward,0.671212641236314,0.0,0.0,-1,rejected,0.0
_:b0,Stash,0.6097047372386218,0.29295268578603223,0.9172442572270822,False,Restriction,Reward,0.671212641236314,0.0,0.0,-1,rejected,0.0
_:b3,Stash,0.6097047372386218,0.29295268578603223,0.9172442572270822,False,Restriction,Reward,0.671212641236314,0.0,0.0,-1,rejected,0.0
_:b4,Stash,0.6097047372386218,0.29295268578603223,0.9172442572270822,False,Restriction,Reward,0.671212641236314,0.0,0.0,-1,rejected,0.0
_:b13,Stash,0.6008589170036439,0.3133786471456072,0.9172442572270822,False,Restriction,Reward,0.6641359850483316,0.0,0.0,-1,rejected,0.0
_:b14,Stash,0.6008589170036439,0.3133786471456072,0.9172442572270822,False,Restriction,Reward,0.6641359850483316,0.0,0.0,-1,rejected,0.0
_:b9,Stash,0.6008589170036439,0.3133786471456072,0.9172442572270822,False,Restriction,Reward,0.6641359850483316,0.0,0.0,-1,rejected,0.0
tbox,Stash,0.6008474949704056,0.31864291769412784,0.9172442572270822,False,Ontology,Reward,0.664126847421741,0.0,0.0,-1,rejected,0.0
is_part_of,Stash,0.5927530142343095,0.33660771271073936,0.9172442572270822,False,unknown,Reward,0.6576512628328641,0.0,0.0,-1,rejected,0.0
demo_GR2,Level_Up,0.5632934674802168,0.20414194021132193,1.0,False,GamifiedResource,Level,0.6506347739841735,0.0,0.0,-1,rejected,0.0
TeacherGroupB,Stash,0.5741505535895014,0.23473473159686584,0.9172442572270822,False,FreeGroup,Reward,0.6427692943170176,0.0,0.0,-1,rejected,0.0
gr,Availability_Block_Game_by_level,0.7971729914833053,0.26186725075887884,0.0,False,GamifiedResource,Level,0.6377383931866443,0.0,0.0,-1,rejected,0.0
Mike_23,Level_Up,0.5352377083069629,0.31269893761415163,1.0,False,UserAccount,Level,0.6281901666455704,0.0,0.0,-1,rejected,0.0
gr,Block_Game,0.7807302103979793,0.26048024405624565,0.0,False,GamifiedResource,GameElementResource,0.6245841683183835,0.0,0.0,-1,rejected,0.0
gr,Interactive_Content_–_H5P,0.7807302103979793,0.26048024405624565,0.0,False,GamifiedResource,GameElementResource,0.6245841683183835,0.0,0.0,-1,rejected,0.0
gr,Quizventure,0.7807302103979793,0.26048024405624565,0.0,False,GamifiedResource,GameElementResource,0.6245841683183835,0.0,0.0,-1,rejected,0.0
gr,Game,0.7807302103979793,0.26048024405624565,0.0,False,GamifiedResource,GameElementResource,0.6245841683183835,0.0,0.0,-1,rejected,0.0
Group,Level_Up,0.5234517127027578,0.2783389404902533,1.0,False,unknown,Level,0.6187613701622063,0.0,0.0,-1,rejected,0.0
Class,Level_Up,0.511914886482638,0.3145201736504478,1.0,False,unknown,Level,0.6095319091861104,0.0,0.0,-1,rejected,0.0
Entity,Level_Up,0.511914886482638,0.3145201736504478,1.0,False,unknown,Level,0.6095319091861104,0.0,0.0,-1,rejected,0.0
UserAccount,Stash,0.5310809638117733,0.21060636604701552,0.9172442572270822,False,unknown,Reward,0.6083136224948351,0.0,0.0,-1,rejected,0.0
partOf,Stash,0.5294127621711915,0.23399841399107715,0.9172442572270822,False,unknown,Reward,0.6069790611823697,0.0,0.0,-1,rejected,0.0
has_container,Stash,0.5294127621711915,0.23399841399107715,0.9172442572270822,False,unknown,Reward,0.6069790611823697,0.0,0.0,-1,rejected,0.0
Activity,BLockGame,0.7255622341289764,0.36340637962712596,0.12935257077791257,False,unknown,Badge,0.6063203014587636,0.0,0.0,-1,rejected,0.0
demo_GR2,Stash,0.528187231564906,0.1847690029055338,0.9172442572270822,False,GamifiedResource,Reward,0.6059986366973413,0.0,0.0,-1,rejected,0.0
OOPCourseCommunity,Availability_Block_Game_by_level,0.7561382052596599,0.3339909893456475,0.0,False,Space,Level,0.6049105642077279,0.0,0.0,-1,rejected,0.0
nil,Availability_Block_Game_by_level,0.7514729741999941,0.34031116626584057,0.0,False,unknown,Level,0.6011783793599954,0.0,0.0,-1,rejected,0.0
Agent,Availability_Block_Game_by_level,0.7491941434813629,0.33823398937460153,0.0,False,unknown,Level,0.5993553147850904,0.0,0.0,-1,rejected,0.0
OOPCourseCommunity,Interactive_Content_–_H5P,0.7481379580813863,0.344953024965636,0.0,False,Space,GameElementResource,0.598510366465109,0.0,0.0,-1,rejected,0.0
OOPCourseCommunity,Quizventure,0.7481379580813863,0.344953024965636,0.0,False,Space,GameElementResource,0.598510366465109,0.0,0.0,-1,rejected,0.0
OOPCourseCommunity,Game,0.7481379580813863,0.344953024965636,0.0,False,Space,GameElementResource,0.598510366465109,0.0,0.0,-1,rejected,0.0
OOPCourseCommunity,Block_Game,0.7481379580813863,0.344953024965636,0.0,False,Space,GameElementResource,0.598510366465109,0.0,0.0,-1,rejected,0.0
Document,Availability_Block_Game_by_level,0.7479493618750377,0.33709452427824854,0.0,False,unknown,Level,0.5983594895000302,0.0,0.0,-1,rejected,0.0
nil,Interactive_Content_–_H5P,0.7441386362063072,0.3506442429584194,0.0,False,unknown,GameElementResource,0.5953109089650458,0.0,0.0,-1,rejected,0.0
nil,Quizventure,0.7441386362063072,0.3506442429584194,0.0,False,unknown,GameElementResource,0.5953109089650458,0.0,0.0,-1,rejected,0.0
nil,Game,0.7441386362063072,0.3506442429584194,0.0,False,unknown,GameElementResource,0.5953109089650458,0.0,0.0,-1,rejected,0.0
nil,Block_Game,0.7441386362063072,0.3506442429584194,0.0,False,unknown,GameElementResource,0.5953109089650458,0.0,0.0,-1,rejected,0.0
Resource,Availability_Block_Game_by_level,0.742236147198874,0.3319045198998276,0.0,False,unknown,Level,0.5937889177590993,0.0,0.0,-1,rejected,0.0
Agent,Interactive_Content_–_H5P,0.7399214633818164,0.34681383305954355,0.0,False,unknown,GameElementResource,0.5919371707054532,0.0,0.0,-1,rejected,0.0
Agent,Quizventure,0.7399214633818164,0.34681383305954355,0.0,False,unknown,GameElementResource,0.5919371707054532,0.0,0.0,-1,rejected,0.0
Agent,Block_Game,0.7399214633818164,0.34681383305954355,0.0,False,unknown,GameElementResource,0.5919371707054532,0.0,0.0,-1,rejected,0.0
Agent,Game,0.7399214633818164,0.34681383305954355,0.0,False,unknown,GameElementResource,0.5919371707054532,0.0,0.0,-1,rejected,0.0
Document,Block_Game,0.7374069329611534,0.34452625723457847,0.0,False,unknown,GameElementResource,0.5899255463689228,0.0,0.0,-1,rejected,0.0
Document,Quizventure,0.7374069329611534,0.34452625723457847,0.0,False,unknown,GameElementResource,0.5899255463689228,0.0,0.0,-1,rejected,0.0
Document,Game,0.7374069329611534,0.34452625723457847,0.0,False,unknown,GameElementResource,0.5899255463689228,0.0,0.0,-1,rejected,0.0
Document,Interactive_Content_–_H5P,0.7374069329611534,0.34452625723457847,0.0,False,unknown,GameElementResource,0.5899255463689228,0.0,0.0,-1,rejected,0.0
UserGroup,Level_Up,0.48399419079083505,0.2970990789943627,1.0,False,unknown,Level,0.5871953526326681,0.0,0.0,-1,rejected,0.0
Activity,Tiny_stash,0.7189394688401815,0.38377390045421106,0.0415518252487452,False,unknown,Reward,0.5834619401218942,0.0,0.0,-1,rejected,0.0
Resource,Quizventure,0.7277658765948504,0.3357926969848676,0.0,False,unknown,GameElementResource,0.5822127012758803,0.0,0.0,-1,rejected,0.0
Resource,Block_Game,0.7277658765948504,0.3357926969848676,0.0,False,unknown,GameElementResource,0.5822127012758803,0.0,0.0,-1,rejected,0.0
Resource,Game,0.7277658765948504,0.3357926969848676,0.0,False,unknown,GameElementResource,0.5822127012758803,0.0,0.0,-1,rejected,0.0
Resource,Interactive_Content_–_H5P,0.7277658765948504,0.3357926969848676,0.0,False,unknown,GameElementResource,0.5822127012758803,0.0,0.0,-1,rejected,0.0
GameElementResource,Availability_Block_Game_by_level,0.7253560471903311,0.3446457116583496,0.0,False,Class,Level,0.5802848377522649,0.0,0.0,-1,rejected,0.0
GameElementResource,Game,0.7102394228589874,0.34219035628413086,0.0,False,Class,GameElementResource,0.5681915382871899,0.0,0.0,-1,rejected,0.0
GameElementResource,Interactive_Content_–_H5P,0.7102394228589874,0.34219035628413086,0.0,False,Class,GameElementResource,0.5681915382871899,0.0,0.0,-1,rejected,0.0
GameElementResource,Block_Game,0.7102394228589874,0.34219035628413086,0.0,False,Class,GameElementResource,0.5681915382871899,0.0,0.0,-1,rejected,0.0
GameElementResource,Quizventure,0.7102394228589874,0.34219035628413086,0.0,False,Class,GameElementResource,0.5681915382871899,0.0,0.0,-1,rejected,0.0
Deployment,BLockGame,0.6698636989547709,0.3447743379310631,0.12935257077791257,False,unknown,Badge,0.5617614733193993,0.0,0.0,-1,rejected,0.0
hasDeployment,BLockGame,0.6698636989547709,0.3447743379310631,0.12935257077791257,False,unknown,Badge,0.5617614733193993,0.0,0.0,-1,rejected,0.0
Mike_23,Stash,0.461062949767189,0.24373255753008496,0.9172442572270822,False,UserAccount,Reward,0.5522992112591676,0.0,0.0,-1,rejected,0.0
hasDeployment,Tiny_stash,0.6786035146956069,0.3855648505882994,0.0415518252487452,False,unknown,Reward,0.5511931768062346,0.0,0.0,-1,rejected,0.0
Deployment,Tiny_stash,0.6786035146956069,0.3855648505882994,0.0415518252487452,False,unknown,Reward,0.5511931768062346,0.0,0.0,-1,rejected,0.0
t,Availability_Block_Game_by_level,0.6874423047298841,0.2852141841692031,0.0,False,Variable,Level,0.5499538437839073,0.0,0.0,-1,rejected,0.0
Class,Stash,0.4479623070118601,0.2556344230922659,0.9172442572270822,False,unknown,Reward,0.5418186970549046,0.0,0.0,-1,rejected,0.0
Entity,Stash,0.4479623070118601,0.2556344230922659,0.9172442572270822,False,unknown,Reward,0.5418186970549046,0.0,0.0,-1,rejected,0.0
True,Availability_Block_Game_by_level,0.673663916614123,0.32742740839106943,0.0,False,unknown,Level,0.5389311332912984,0.0,0.0,-1,rejected,0.0
Group,Stash,0.4419991220875774,0.19023635733133504,0.9172442572270822,False,unknown,Reward,0.5370481491154784,0.0,0.0,-1,rejected,0.0
Teacher,Availability_Block_Game_by_level,0.6671911196417374,0.2903070983826132,0.0,False,unknown,Level,0.5337528957133899,0.0,0.0,-1,rejected,0.0
MathCoursesCommunity,Level_Up,0.4159307165184735,0.16653987276370294,1.0,False,Space,Level,0.5327445732147789,0.0,0.0,-1,rejected,0.0
t,Block_Game,0.6408968080846464,0.2609598776515029,0.0,False,Variable,GameElementResource,0.5127174464677172,0.0,0.0,-1,rejected,0.0
t,Interactive_Content_–_H5P,0.6408968080846464,0.2609598776515029,0.0,False,Variable,GameElementResource,0.5127174464677172,0.0,0.0,-1,rejected,0.0
t,Quizventure,0.6408968080846464,0.2609598776515029,0.0,False,Variable,GameElementResource,0.5127174464677172,0.0,0.0,-1,rejected,0.0
t,Game,0.6408968080846464,0.2609598776515029,0.0,False,Variable,GameElementResource,0.5127174464677172,0.0,0.0,-1,rejected,0.0
OnlineAccount,BLockGame,0.6037638417955369,0.31025939538275427,0.12935257077791257,False,unknown,Badge,0.5088815875920121,0.0,0.0,-1,rejected,0.0
True,Interactive_Content_–_H5P,0.6317794016586309,0.318518983501244,0.0,False,unknown,GameElementResource,0.5054235213269047,0.0,0.0,-1,rejected,0.0
True,Game,0.6317794016586309,0.318518983501244,0.0,False,unknown,GameElementResource,0.5054235213269047,0.0,0.0,-1,rejected,0.0
True,Quizventure,0.6317794016586309,0.318518983501244,0.0,False,unknown,GameElementResource,0.5054235213269047,0.0,0.0,-1,rejected,0.0
True,Block_Game,0.6317794016586309,0.318518983501244,0.0,False,unknown,GameElementResource,0.5054235213269047,0.0,0.0,-1,rejected,0.0
OnlineAccount,Tiny_stash,0.616910432849046,0.3635584501496112,0.0415518252487452,False,unknown,Reward,0.5018387113289858,0.0,0.0,-1,rejected,0.0
UserGroup,Stash,0.39757748935032655,0.2089550264411955,0.9172442572270822,False,unknown,Reward,0.5015108429256777,0.0,0.0,-1,rejected,0.0
Teacher,Block_Game,0.6222623532655278,0.25794606749744114,0.0,False,unknown,GameElementResource,0.49780988261242226,0.0,0.0,-1,rejected,0.0
Teacher,Interactive_Content_–_H5P,0.6222623532655278,0.25794606749744114,0.0,False,unknown,GameElementResource,0.49780988261242226,0.0,0.0,-1,rejected,0.0
Teacher,Game,0.6222623532655278,0.25794606749744114,0.0,False,unknown,GameElementResource,0.49780988261242226,0.0,0.0,-1,rejected,0.0
Teacher,Quizventure,0.6222623532655278,0.25794606749744114,0.0,False,unknown,GameElementResource,0.49780988261242226,0.0,0.0,-1,rejected,0.0
hasKey,Level_Up,0.3621718143140261,0.2381247850937198,1.0,False,AnnotationProperty,Level,0.48973745145122094,0.0,0.0,-1,rejected,0.0
string,Availability_Block_Game_by_level,0.5977209830190396,0.23915113946271516,0.0,False,unknown,Level,0.47817678641523176,0.0,0.0,-1,rejected,0.0
GamifiedResource,Availability_Block_Game_by_level,0.5955596731967989,0.24305342591048743,0.0,False,Class,Level,0.47644773855743916,0.0,0.0,-1,rejected,0.0
Person,Availability_Block_Game_by_level,0.5924027059051621,0.23505103968934538,0.0,False,unknown,Level,0.4739221647241297,0.0,0.0,-1,rejected,0.0
Event_Listeners,Availability_Block_Game_by_level,0.586927737594667,0.2524671835821884,0.0,False,GamifiedResource,Level,0.4695421900757336,0.0,0.0,-1,rejected,0.0
User,Tiny_stash,0.5727263980574937,0.3106755929236537,0.0415518252487452,False,unknown,Reward,0.466491483495744,0.0,0.0,-1,rejected,0.0
User,BLockGame,0.5500096339979891,0.2872046510186191,0.12935257077791257,False,unknown,Badge,0.4658782213539738,0.0,0.0,-1,rejected,0.0
MathCoursesCommunity,Stash,0.3518437569366028,0.11433494811176503,0.9172442572270822,False,Space,Reward,0.4649238569946987,0.0,0.0,-1,rejected,0.0
Usergroup,Level_Up,0.3226041297267429,0.2332370606178635,1.0,False,unknown,Level,0.45808330378139434,0.0,0.0,-1,rejected,0.0
Property,Level_Up,0.31875444665425656,0.2334502469278842,1.0,False,unknown,Level,0.45500355732340525,0.0,0.0,-1,rejected,0.0
_:b56,Level_Up,0.31875444665425656,0.2334502469278842,1.0,False,unknown,Level,0.45500355732340525,0.0,0.0,-1,rejected,0.0
Address,Level_Up,0.31875444665425656,0.2334502469278842,1.0,False,unknown,Level,0.45500355732340525,0.0,0.0,-1,rejected,0.0
Container,Level_Up,0.31875444665425656,0.2334502469278842,1.0,False,unknown,Level,0.45500355732340525,0.0,0.0,-1,rejected,0.0
Item,Level_Up,0.31875444665425656,0.2334502469278842,1.0,False,unknown,Level,0.45500355732340525,0.0,0.0,-1,rejected,0.0
isPropertyOf,Level_Up,0.3178094535505058,0.23430224508242126,1.0,False,unknown,Level,0.4542475628404047,0.0,0.0,-1,rejected,0.0
Sensor,Level_Up,0.3178094535505058,0.23430224508242126,1.0,False,unknown,Level,0.4542475628404047,0.0,0.0,-1,rejected,0.0
madeBySensor,Level_Up,0.3178094535505058,0.23430224508242126,1.0,False,unknown,Level,0.4542475628404047,0.0,0.0,-1,rejected,0.0
FeatureOfInterest,Level_Up,0.3178094535505058,0.23430224508242126,1.0,False,unknown,Level,0.4542475628404047,0.0,0.0,-1,rejected,0.0
1.0,Level_Up,0.3169372744467004,0.23517520950214232,1.0,False,unknown,Level,0.45354981955736035,0.0,0.0,-1,rejected,0.0
SimpleResource,Availability_Block_Game_by_level,0.5666219346649151,0.26692751943309057,0.0,False,unknown,Level,0.4532975477319321,0.0,0.0,-1,rejected,0.0
Mike,Level_Up,0.3132671748915777,0.1719041660245263,1.0,False,Teacher,Level,0.45061373991326215,0.0,0.0,-1,rejected,0.0
cardinality,Level_Up,0.3002840907456485,0.16021762988887947,1.0,False,AnnotationProperty,Level,0.44022727259651884,0.0,0.0,-1,rejected,0.0
hasValue,Level_Up,0.3002840907456485,0.16021762988887947,1.0,False,AnnotationProperty,Level,0.44022727259651884,0.0,0.0,-1,rejected,0.0
usergroup_of,Level_Up,0.30028408478518404,0.16021762616282173,1.0,False,AnnotationProperty,Level,0.44022726782814725,0.0,0.0,-1,rejected,0.0
subject,Level_Up,0.30028408478518404,0.16021762616282173,1.0,False,AnnotationProperty,Level,0.44022726782814725,0.0,0.0,-1,rejected,0.0
num_threads,Level_Up,0.30028408478518404,0.16021762616282173,1.0,False,AnnotationProperty,Level,0.44022726782814725,0.0,0.0,-1,rejected,0.0
creator_of,Level_Up,0.30028408478518404,0.16021762616282173,1.0,False,AnnotationProperty,Level,0.44022726782814725,0.0,0.0,-1,rejected,0.0
avatar,Level_Up,0.30028408478518404,0.16021762616282173,1.0,False,AnnotationProperty,Level,0.44022726782814725,0.0,0.0,-1,rejected,0.0
key,Level_Up,0.30028408478518404,0.16021762616282173,1.0,False,AnnotationProperty,Level,0.44022726782814725,0.0,0.0,-1,rejected,0.0
string,Quizventure,0.5310726298563903,0.17079847518677713,0.0,False,unknown,GameElementResource,0.42485810388511225,0.0,0.0,-1,rejected,0.0
string,Game,0.5310726298563903,0.17079847518677713,0.0,False,unknown,GameElementResource,0.42485810388511225,0.0,0.0,-1,rejected,0.0
string,Interactive_Content_–_H5P,0.5310726298563903,0.17079847518677713,0.0,False,unknown,GameElementResource,0.42485810388511225,0.0,0.0,-1,rejected,0.0
string,Block_Game,0.5310726298563903,0.17079847518677713,0.0,False,unknown,GameElementResource,0.42485810388511225,0.0,0.0,-1,rejected,0.0
GamifiedResource,Quizventure,0.5290088202538378,0.17826526157859204,0.0,False,Class,GameElementResource,0.42320705620307025,0.0,0.0,-1,rejected,0.0
GamifiedResource,Interactive_Content_–_H5P,0.5290088202538378,0.17826526157859204,0.0,False,Class,GameElementResource,0.42320705620307025,0.0,0.0,-1,rejected,0.0
GamifiedResource,Game,0.5290088202538378,0.17826526157859204,0.0,False,Class,GameElementResource,0.42320705620307025,0.0,0.0,-1,rejected,0.0
GamifiedResource,Block_Game,0.5290088202538378,0.17826526157859204,0.0,False,Class,GameElementResource,0.42320705620307025,0.0,0.0,-1,rejected,0.0
_:b0,Tiny_stash,0.5177115121683302,0.301945085319838,0.0415518252487452,False,Restriction,Reward,0.4224795747844132,0.0,0.0,-1,rejected,0.0
_:b1,Tiny_stash,0.5177115121683302,0.301945085319838,0.0415518252487452,False,Restriction,Reward,0.4224795747844132,0.0,0.0,-1,rejected,0.0
_:b4,Tiny_stash,0.5177115121683302,0.301945085319838,0.0415518252487452,False,Restriction,Reward,0.4224795747844132,0.0,0.0,-1,rejected,0.0
_:b3,Tiny_stash,0.5177115121683302,0.301945085319838,0.0415518252487452,False,Restriction,Reward,0.4224795747844132,0.0,0.0,-1,rejected,0.0
tbox,Tiny_stash,0.5156482193156116,0.31361960152373797,0.0415518252487452,False,Ontology,Reward,0.4208289405022383,0.0,0.0,-1,rejected,0.0
_:b14,Tiny_stash,0.5115734997155429,0.3158442400115408,0.0415518252487452,False,Restriction,Reward,0.41756916482218337,0.0,0.0,-1,rejected,0.0
_:b9,Tiny_stash,0.5115734997155429,0.3158442400115408,0.0415518252487452,False,Restriction,Reward,0.41756916482218337,0.0,0.0,-1,rejected,0.0
_:b13,Tiny_stash,0.5115734997155429,0.3158442400115408,0.0415518252487452,False,Restriction,Reward,0.41756916482218337,0.0,0.0,-1,rejected,0.0
Event_Listeners,Block_Game,0.5209422029403619,0.1666002331286636,0.0,False,GamifiedResource,GameElementResource,0.4167537623522895,0.0,0.0,-1,rejected,0.0
Event_Listeners,Interactive_Content_–_H5P,0.5209422029403619,0.1666002331286636,0.0,False,GamifiedResource,GameElementResource,0.4167537623522895,0.0,0.0,-1,rejected,0.0
Event_Listeners,Quizventure,0.5209422029403619,0.1666002331286636,0.0,False,GamifiedResource,GameElementResource,0.4167537623522895,0.0,0.0,-1,rejected,0.0
Event_Listeners,Game,0.5209422029403619,0.1666002331286636,0.0,False,GamifiedResource,GameElementResource,0.4167537623522895,0.0,0.0,-1,rejected,0.0
Person,Quizventure,0.5205498435193067,0.17125813097430514,0.0,False,unknown,GameElementResource,0.41643987481544537,0.0,0.0,-1,rejected,0.0
Person,Game,0.5205498435193067,0.17125813097430514,0.0,False,unknown,GameElementResource,0.41643987481544537,0.0,0.0,-1,rejected,0.0
Person,Interactive_Content_–_H5P,0.5205498435193067,0.17125813097430514,0.0,False,unknown,GameElementResource,0.41643987481544537,0.0,0.0,-1,rejected,0.0
Person,Block_Game,0.5205498435193067,0.17125813097430514,0.0,False,unknown,GameElementResource,0.41643987481544537,0.0,0.0,-1,rejected,0.0
hasKey,Stash,0.28936658162275736,0.15577968250629742,0.9172442572270822,False,AnnotationProperty,Reward,0.41494211674362236,0.0,0.0,-1,rejected,0.0
o,Availability_Block_Game_by_level,0.5170493489630811,0.18739617431008496,0.0,False,Variable,Level,0.4136394791704649,0.0,0.0,-1,rejected,0.0
Overloading,Availability_Block_Game_by_level,0.5128894176897094,0.24125022417511233,0.0,False,GamifiedResource,Level,0.4103115341517676,0.0,0.0,-1,rejected,0.0
demo_GR1,Availability_Block_Game_by_level,0.5114994413603102,0.27539710932690903,0.0,False,GamifiedResource,Level,0.4091995530882482,0.0,0.0,-1,rejected,0.0
Overriding,Availability_Block_Game_by_level,0.5105352919853449,0.23984591227142202,0.0,False,GamifiedResource,Level,0.4084282335882759,0.0,0.0,-1,rejected,0.0
was_generated_by,Level_Up,0.2575482306358436,0.15391027815700156,1.0,False,unknown,Level,0.4060385845086749,0.0,0.0,-1,rejected,0.0
indexed_by,Level_Up,0.2575482306358436,0.15391027815700156,1.0,False,unknown,Level,0.4060385845086749,0.0,0.0,-1,rejected,0.0
ReflexiveProperty,Level_Up,0.25754822467537913,0.15391027220946424,1.0,False,unknown,Level,0.40603857974030333,0.0,0.0,-1,rejected,0.0
has_creator,Level_Up,0.25754822467537913,0.15391027220946424,1.0,False,unknown,Level,0.40603857974030333,0.0,0.0,-1,rejected,0.0
shared_by,Level_Up,0.25754822467537913,0.15391027220946424,1.0,False,unknown,Level,0.40603857974030333,0.0,0.0,-1,rejected,0.0
_:b55,Level_Up,0.25754822467537913,0.15391027220946424,1.0,False,unknown,Level,0.40603857974030333,0.0,0.0,-1,rejected,0.0
about_modify,Level_Up,0.25754822467537913,0.15391027220946424,1.0,False,unknown,Level,0.40603857974030333,0.0,0.0,-1,rejected,0.0
has_owner,Level_Up,0.25754822467537913,0.15391027220946424,1.0,False,unknown,Level,0.40603857974030333,0.0,0.0,-1,rejected,0.0
has_actor,Level_Up,0.25754822467537913,0.15391027220946424,1.0,False,unknown,Level,0.40603857974030333,0.0,0.0,-1,rejected,0.0
has_moderator,Level_Up,0.25754822467537913,0.15391027220946424,1.0,False,unknown,Level,0.40603857974030333,0.0,0.0,-1,rejected,0.0
has_member,Level_Up,0.25754822467537913,0.15391027220946424,1.0,False,unknown,Level,0.40603857974030333,0.0,0.0,-1,rejected,0.0
ObservableProperty,Level_Up,0.25754822467537913,0.15391027220946424,1.0,False,unknown,Level,0.40603857974030333,0.0,0.0,-1,rejected,0.0
CreateResourceActivity,Level_Up,0.25754822467537913,0.15391027220946424,1.0,False,unknown,Level,0.40603857974030333,0.0,0.0,-1,rejected,0.0
is_processed_by,Level_Up,0.25754822467537913,0.15391027220946424,1.0,False,unknown,Level,0.40603857974030333,0.0,0.0,-1,rejected,0.0
adr,Level_Up,0.25754822467537913,0.15391027220946424,1.0,False,unknown,Level,0.40603857974030333,0.0,0.0,-1,rejected,0.0
DeleteResourceActivity,Level_Up,0.25754822467537913,0.15391027220946424,1.0,False,unknown,Level,0.40603857974030333,0.0,0.0,-1,rejected,0.0
create_organization,Level_Up,0.25754822467537913,0.15391027220946424,1.0,False,unknown,Level,0.40603857974030333,0.0,0.0,-1,rejected,0.0
Sampler,Level_Up,0.25754822467537913,0.15391027220946424,1.0,False,unknown,Level,0.40603857974030333,0.0,0.0,-1,rejected,0.0
used,Level_Up,0.25754822467537913,0.15391027220946424,1.0,False,unknown,Level,0.40603857974030333,0.0,0.0,-1,rejected,0.0
has_parent,Level_Up,0.25754822467537913,0.15391027220946424,1.0,False,unknown,Level,0.40603857974030333,0.0,0.0,-1,rejected,0.0
CreateUser,Level_Up,0.25754822467537913,0.15391027220946424,1.0,False,unknown,Level,0.40603857974030333,0.0,0.0,-1,rejected,0.0
Arguments_and_parameters,Availability_Block_Game_by_level,0.5053694416226495,0.23940804441212357,0.0,False,GamifiedResource,Level,0.4042955532981196,0.0,0.0,-1,rejected,0.0
Try_and_Catch,Availability_Block_Game_by_level,0.505014394875748,0.23993457825064626,0.0,False,GamifiedResource,Level,0.40401151590059836,0.0,0.0,-1,rejected,0.0
Files,Availability_Block_Game_by_level,0.501412028718029,0.23500703630987502,0.0,False,GamifiedResource,Level,0.40112962297442323,0.0,0.0,-1,rejected,0.0
Exceptions,Availability_Block_Game_by_level,0.5012323514410408,0.23691169445160137,0.0,False,GamifiedResource,Level,0.4009858811528327,0.0,0.0,-1,rejected,0.0
SimpleResource,Interactive_Content_–_H5P,0.5008142843617802,0.20385808566878943,0.0,False,unknown,GameElementResource,0.4006514274894242,0.0,0.0,-1,rejected,0.0
SimpleResource,Game,0.5008142843617802,0.20385808566878943,0.0,False,unknown,GameElementResource,0.4006514274894242,0.0,0.0,-1,rejected,0.0
SimpleResource,Block_Game,0.5008142843617802,0.20385808566878943,0.0,False,unknown,GameElementResource,0.4006514274894242,0.0,0.0,-1,rejected,0.0
SimpleResource,Quizventure,0.5008142843617802,0.20385808566878943,0.0,False,unknown,GameElementResource,0.4006514274894242,0.0,0.0,-1,rejected,0.0
is_part_of,Tiny_stash,0.48539886408723343,0.3359632353461996,0.0415518252487452,False,unknown,Reward,0.3966294563195358,0.0,0.0,-1,rejected,0.0
Task_about_Polymorphism,Availability_Block_Game_by_level,0.49475520990497934,0.23617383616289647,0.0,False,GamifiedResource,Level,0.3958041679239835,0.0,0.0,-1,rejected,0.0
Variables,Availability_Block_Game_by_level,0.4939506743937952,0.23000081044650555,0.0,False,GamifiedResource,Level,0.39516053951503616,0.0,0.0,-1,rejected,0.0
Class_attributes_and_functions,Availability_Block_Game_by_level,0.4939403545832704,0.22999458628944414,0.0,False,GamifiedResource,Level,0.39515228366661637,0.0,0.0,-1,rejected,0.0
_:b0,BLockGame,0.4614589836234046,0.2763117809430323,0.12935257077791257,False,Restriction,Badge,0.3950377010543062,0.0,0.0,-1,rejected,0.0
_:b1,BLockGame,0.4614589836234046,0.2763117809430323,0.12935257077791257,False,Restriction,Badge,0.3950377010543062,0.0,0.0,-1,rejected,0.0
_:b4,BLockGame,0.4614589836234046,0.2763117809430323,0.12935257077791257,False,Restriction,Badge,0.3950377010543062,0.0,0.0,-1,rejected,0.0
_:b3,BLockGame,0.4614589836234046,0.2763117809430323,0.12935257077791257,False,Restriction,Badge,0.3950377010543062,0.0,0.0,-1,rejected,0.0
tbox,BLockGame,0.45966428730321074,0.29131623341572854,0.12935257077791257,False,Ontology,Badge,0.3936019439981511,0.0,0.0,-1,rejected,0.0
Task_about_GUI,Availability_Block_Game_by_level,0.4917133132245926,0.233578954108098,0.0,False,GamifiedResource,Level,0.39337065057967413,0.0,0.0,-1,rejected,0.0
GUI_Elements,Availability_Block_Game_by_level,0.49137440546191324,0.2340413251431658,0.0,False,GamifiedResource,Level,0.3930995243695306,0.0,0.0,-1,rejected,0.0
Creating_linked_screens,Availability_Block_Game_by_level,0.4885881699303286,0.2511900597606509,0.0,False,GamifiedResource,Level,0.3908705359442629,0.0,0.0,-1,rejected,0.0
_:b14,BLockGame,0.4556510007707635,0.2915865306532823,0.12935257077791257,False,Restriction,Badge,0.3903913147721933,0.0,0.0,-1,rejected,0.0
_:b9,BLockGame,0.4556510007707635,0.2915865306532823,0.12935257077791257,False,Restriction,Badge,0.3903913147721933,0.0,0.0,-1,rejected,0.0
_:b13,BLockGame,0.4556510007707635,0.2915865306532823,0.12935257077791257,False,Restriction,Badge,0.3903913147721933,0.0,0.0,-1,rejected,0.0
Task_about_Input_and_Output_Streams,Availability_Block_Game_by_level,0.4836845700260829,0.22858387515230452,0.0,False,GamifiedResource,Level,0.38694765602086634,0.0,0.0,-1,rejected,0.0
Task_about_Exception_Handling,Availability_Block_Game_by_level,0.48069943746071253,0.22989676204430876,0.0,False,GamifiedResource,Level,0.38455954996857006,0.0,0.0,-1,rejected,0.0
is_part_of,BLockGame,0.4481015523281286,0.3358020385942987,0.12935257077791257,False,unknown,Badge,0.3843517560180854,0.0,0.0,-1,rejected,0.0
Mike,Stash,0.2500874253914763,0.13939983129402583,0.9172442572270822,False,Teacher,Reward,0.3835187917585975,0.0,0.0,-1,rejected,0.0
e,Availability_Block_Game_by_level,0.47935717359964436,0.1754317960393597,0.0,False,Variable,Level,0.3834857388797155,0.0,0.0,-1,rejected,0.0
Task_about_Inheritance,Availability_Block_Game_by_level,0.47923922636750893,0.20329675326900729,0.0,False,GamifiedResource,Level,0.38339138109400717,0.0,0.0,-1,rejected,0.0
Usergroup,Stash,0.24676592792493976,0.14515296921844342,0.9172442572270822,False,unknown,Reward,0.38086159378536827,0.0,0.0,-1,rejected,0.0
gep,Availability_Block_Game_by_level,0.4737541496266987,0.17115779745782034,0.0,False,Variable,Level,0.379003319701359,0.0,0.0,-1,rejected,0.0
Item,Stash,0.24367478765467263,0.14467394873871556,0.9172442572270822,False,unknown,Reward,0.37838868156915456,0.0,0.0,-1,rejected,0.0
_:b56,Stash,0.24367478765467263,0.14467394873871556,0.9172442572270822,False,unknown,Reward,0.37838868156915456,0.0,0.0,-1,rejected,0.0
Container,Stash,0.24367478765467263,0.14467394873871556,0.9172442572270822,False,unknown,Reward,0.37838868156915456,0.0,0.0,-1,rejected,0.0
Address,Stash,0.24367478765467263,0.14467394873871556,0.9172442572270822,False,unknown,Reward,0.37838868156915456,0.0,0.0,-1,rejected,0.0
Property,Stash,0.24367478765467263,0.14467394873871556,0.9172442572270822,False,unknown,Reward,0.37838868156915456,0.0,0.0,-1,rejected,0.0
Java_FX,Availability_Block_Game_by_level,0.4726334974040441,0.20039279686124328,0.0,False,GamifiedResource,Level,0.3781067979232353,0.0,0.0,-1,rejected,0.0
Inheritance_vs_Composition,Availability_Block_Game_by_level,0.472520241611032,0.20033611030201143,0.0,False,GamifiedResource,Level,0.37801619328882563,0.0,0.0,-1,rejected,0.0
isPropertyOf,Stash,0.24273845504128397,0.14584678733139517,0.9172442572270822,False,unknown,Reward,0.3776396154784436,0.0,0.0,-1,rejected,0.0
madeBySensor,Stash,0.24273845504128397,0.14584678733139517,0.9172442572270822,False,unknown,Reward,0.3776396154784436,0.0,0.0,-1,rejected,0.0
FeatureOfInterest,Stash,0.24273845504128397,0.14584678733139517,0.9172442572270822,False,unknown,Reward,0.3776396154784436,0.0,0.0,-1,rejected,0.0
Sensor,Stash,0.24273845504128397,0.14584678733139517,0.9172442572270822,False,unknown,Reward,0.3776396154784436,0.0,0.0,-1,rejected,0.0
1.0,Stash,0.24187273601939951,0.14703363946884923,0.9172442572270822,False,unknown,Reward,0.37694704026093606,0.0,0.0,-1,rejected,0.0
Static_Keyword,Availability_Block_Game_by_level,0.4711120177570204,0.19575967361438698,0.0,False,GamifiedResource,Level,0.37688961420561634,0.0,0.0,-1,rejected,0.0
This_Keyword,Availability_Block_Game_by_level,0.4710945151221046,0.19575198032989727,0.0,False,GamifiedResource,Level,0.3768756120976837,0.0,0.0,-1,rejected,0.0
Constructors,Availability_Block_Game_by_level,0.47108770122549687,0.19574898322793846,0.0,False,GamifiedResource,Level,0.3768701609803975,0.0,0.0,-1,rejected,0.0
Access_Modifiers,Availability_Block_Game_by_level,0.4709996794767357,0.19571027618836323,0.0,False,GamifiedResource,Level,0.37679974358138857,0.0,0.0,-1,rejected,0.0
Packages,Availability_Block_Game_by_level,0.4709889231041524,0.19570554885318608,0.0,False,GamifiedResource,Level,0.37679113848332196,0.0,0.0,-1,rejected,0.0
Class_Instance,Availability_Block_Game_by_level,0.4709824366684714,0.1957026983270814,0.0,False,GamifiedResource,Level,0.37678594933477716,0.0,0.0,-1,rejected,0.0
Strings,Availability_Block_Game_by_level,0.47087522648972413,0.19565561252611388,0.0,False,GamifiedResource,Level,0.37670018119177934,0.0,0.0,-1,rejected,0.0
has_container,Tiny_stash,0.4601551474918347,0.2826348789724313,0.0415518252487452,False,unknown,Reward,0.3764344830432168,0.0,0.0,-1,rejected,0.0
partOf,Tiny_stash,0.4601551474918347,0.2826348789724313,0.0415518252487452,False,unknown,Reward,0.3764344830432168,0.0,0.0,-1,rejected,0.0
Single_level_inheritance,Availability_Block_Game_by_level,0.47024879222695687,0.19610468363918168,0.0,False,GamifiedResource,Level,0.3761990337815655,0.0,0.0,-1,rejected,0.0
Control_Statements,Availability_Block_Game_by_level,0.46994609579451774,0.1952492894582858,0.0,False,GamifiedResource,Level,0.3759568766356142,0.0,0.0,-1,rejected,0.0
Functions,Availability_Block_Game_by_level,0.46993143751064165,0.19559326169049396,0.0,False,GamifiedResource,Level,0.37594515000851336,0.0,0.0,-1,rejected,0.0
cardinality,Stash,0.24050707128188437,0.14018837502612555,0.9172442572270822,False,AnnotationProperty,Reward,0.37585450847092394,0.0,0.0,-1,rejected,0.0
subject,Stash,0.24050707128188437,0.14018837502612555,0.9172442572270822,False,AnnotationProperty,Reward,0.37585450847092394,0.0,0.0,-1,rejected,0.0
avatar,Stash,0.24050707128188437,0.14018837502612555,0.9172442572270822,False,AnnotationProperty,Reward,0.37585450847092394,0.0,0.0,-1,rejected,0.0
creator_of,Stash,0.24050707128188437,0.14018837502612555,0.9172442572270822,False,AnnotationProperty,Reward,0.37585450847092394,0.0,0.0,-1,rejected,0.0
num_threads,Stash,0.24050707128188437,0.14018837502612555,0.9172442572270822,False,AnnotationProperty,Reward,0.37585450847092394,0.0,0.0,-1,rejected,0.0
hasValue,Stash,0.24050707128188437,0.14018837502612555,0.9172442572270822,False,AnnotationProperty,Reward,0.37585450847092394,0.0,0.0,-1,rejected,0.0
key,Stash,0.24050707128188437,0.14018837502612555,0.9172442572270822,False,AnnotationProperty,Reward,0.37585450847092394,0.0,0.0,-1,rejected,0.0
usergroup_of,Stash,0.24050707128188437,0.14018837502612555,0.9172442572270822,False,AnnotationProperty,Reward,0.37585450847092394,0.0,0.0,-1,rejected,0.0
Multi-level_inheritance,Availability_Block_Game_by_level,0.46970042231112064,0.1966482255370904,0.0,False,GamifiedResource,Level,0.3757603378488965,0.0,0.0,-1,rejected,0.0
Super_Keyword,Availability_Block_Game_by_level,0.4688750174746481,0.19804466002430968,0.0,False,GamifiedResource,Level,0.3751000139797185,0.0,0.0,-1,rejected,0.0
Loops,Availability_Block_Game_by_level,0.4664111113518266,0.19476969713006803,0.0,False,GamifiedResource,Level,0.3731288890814613,0.0,0.0,-1,rejected,0.0
TeacherGroupB,Tiny_stash,0.4552126492204838,0.27875384565165917,0.0415518252487452,False,FreeGroup,Reward,0.3724804844261361,0.0,0.0,-1,rejected,0.0
Extend_Keyword,Availability_Block_Game_by_level,0.4638596261991738,0.1945879342758462,0.0,False,GamifiedResource,Level,0.3710877009593391,0.0,0.0,-1,rejected,0.0
Task_about_Class_Methods_and_Constructors,Availability_Block_Game_by_level,0.4637631437935522,0.19454508579850427,0.0,False,GamifiedResource,Level,0.3710105150348418,0.0,0.0,-1,rejected,0.0
Function_Types,Availability_Block_Game_by_level,0.46369477161671524,0.1945147430325718,0.0,False,GamifiedResource,Level,0.37095581729337224,0.0,0.0,-1,rejected,0.0
Task_about_Classes_and_Objects,Availability_Block_Game_by_level,0.4636351323510802,0.19448829059320463,0.0,False,GamifiedResource,Level,0.3709081058808642,0.0,0.0,-1,rejected,0.0
TeacherGroupB,BLockGame,0.4239526536487451,0.21887106006690657,0.12935257077791257,False,FreeGroup,Badge,0.3650326370745786,0.0,0.0,-1,rejected,0.0
Activity,Motrain,0.4469619001405908,0.27155415511253406,0.0,False,unknown,GameElementResource,0.35756952011247267,0.0,0.0,-1,rejected,0.0
Events,Availability_Block_Game_by_level,0.44364803731680114,0.21923381362664246,0.0,False,GamifiedResource,Level,0.3549184298534409,0.0,0.0,-1,rejected,0.0
Task_about_Event_Handler_and_Listener,Availability_Block_Game_by_level,0.44001421893733605,0.2121335176044411,0.0,False,GamifiedResource,Level,0.35201137514986885,0.0,0.0,-1,rejected,0.0
UserAccount,Tiny_stash,0.4222768792871349,0.2875322113964209,0.0415518252487452,False,unknown,Reward,0.346131868479457,0.0,0.0,-1,rejected,0.0
has_owner,Stash,0.20161215413527925,0.12692411776377124,0.9172442572270822,False,unknown,Reward,0.3447385747536399,0.0,0.0,-1,rejected,0.0
used,Stash,0.20161215413527925,0.12692411776377124,0.9172442572270822,False,unknown,Reward,0.3447385747536399,0.0,0.0,-1,rejected,0.0
about_modify,Stash,0.20161215413527925,0.12692411776377124,0.9172442572270822,False,unknown,Reward,0.3447385747536399,0.0,0.0,-1,rejected,0.0
was_generated_by,Stash,0.20161215413527925,0.12692411776377124,0.9172442572270822,False,unknown,Reward,0.3447385747536399,0.0,0.0,-1,rejected,0.0
is_processed_by,Stash,0.20161215413527925,0.12692411776377124,0.9172442572270822,False,unknown,Reward,0.3447385747536399,0.0,0.0,-1,rejected,0.0
ObservableProperty,Stash,0.20161215413527925,0.12692411776377124,0.9172442572270822,False,unknown,Reward,0.3447385747536399,0.0,0.0,-1,rejected,0.0
has_parent,Stash,0.20161215413527925,0.12692411776377124,0.9172442572270822,False,unknown,Reward,0.3447385747536399,0.0,0.0,-1,rejected,0.0
Sampler,Stash,0.20161215413527925,0.12692411776377124,0.9172442572270822,False,unknown,Reward,0.3447385747536399,0.0,0.0,-1,rejected,0.0
DeleteResourceActivity,Stash,0.20161215413527925,0.12692411776377124,0.9172442572270822,False,unknown,Reward,0.3447385747536399,0.0,0.0,-1,rejected,0.0
indexed_by,Stash,0.20161215413527925,0.12692411776377124,0.9172442572270822,False,unknown,Reward,0.3447385747536399,0.0,0.0,-1,rejected,0.0
ReflexiveProperty,Stash,0.20161215413527925,0.12692411776377124,0.9172442572270822,False,unknown,Reward,0.3447385747536399,0.0,0.0,-1,rejected,0.0
CreateUser,Stash,0.20161215413527925,0.12692411776377124,0.9172442572270822,False,unknown,Reward,0.3447385747536399,0.0,0.0,-1,rejected,0.0
has_actor,Stash,0.20161215413527925,0.12692411776377124,0.9172442572270822,False,unknown,Reward,0.3447385747536399,0.0,0.0,-1,rejected,0.0
_:b55,Stash,0.20161215413527925,0.12692411776377124,0.9172442572270822,False,unknown,Reward,0.3447385747536399,0.0,0.0,-1,rejected,0.0
adr,Stash,0.20161215413527925,0.12692411776377124,0.9172442572270822,False,unknown,Reward,0.3447385747536399,0.0,0.0,-1,rejected,0.0
has_moderator,Stash,0.20161215413527925,0.12692411776377124,0.9172442572270822,False,unknown,Reward,0.3447385747536399,0.0,0.0,-1,rejected,0.0
shared_by,Stash,0.20161215413527925,0.12692411776377124,0.9172442572270822,False,unknown,Reward,0.3447385747536399,0.0,0.0,-1,rejected,0.0
create_organization,Stash,0.20161215413527925,0.12692411776377124,0.9172442572270822,False,unknown,Reward,0.3447385747536399,0.0,0.0,-1,rejected,0.0
has_member,Stash,0.20161215413527925,0.12692411776377124,0.9172442572270822,False,unknown,Reward,0.3447385747536399,0.0,0.0,-1,rejected,0.0
has_creator,Stash,0.20161215413527925,0.12692411776377124,0.9172442572270822,False,unknown,Reward,0.3447385747536399,0.0,0.0,-1,rejected,0.0
CreateResourceActivity,Stash,0.20161215413527925,0.12692411776377124,0.9172442572270822,False,unknown,Reward,0.3447385747536399,0.0,0.0,-1,rejected,0.0
o,Quizventure,0.42873146001898393,0.09860201792513777,0.0,False,Variable,GameElementResource,0.3429851680151872,0.0,0.0,-1,rejected,0.0
o,Block_Game,0.42873146001898393,0.09860201792513777,0.0,False,Variable,GameElementResource,0.3429851680151872,0.0,0.0,-1,rejected,0.0
o,Game,0.42873146001898393,0.09860201792513777,0.0,False,Variable,GameElementResource,0.3429851680151872,0.0,0.0,-1,rejected,0.0
o,Interactive_Content_–_H5P,0.42873146001898393,0.09860201792513777,0.0,False,Variable,GameElementResource,0.3429851680151872,0.0,0.0,-1,rejected,0.0
demo_GR2,BLockGame,0.3944284417234094,0.13857429327328258,0.12935257077791257,False,GamifiedResource,Badge,0.34141326753431006,0.0,0.0,-1,rejected,0.0
Overloading,Quizventure,0.42538002807590275,0.13491023126998644,0.0,False,GamifiedResource,GameElementResource,0.3403040224607222,0.0,0.0,-1,rejected,0.0
Overloading,Block_Game,0.42538002807590275,0.13491023126998644,0.0,False,GamifiedResource,GameElementResource,0.3403040224607222,0.0,0.0,-1,rejected,0.0
Overloading,Game,0.42538002807590275,0.13491023126998644,0.0,False,GamifiedResource,GameElementResource,0.3403040224607222,0.0,0.0,-1,rejected,0.0
Overloading,Interactive_Content_–_H5P,0.42538002807590275,0.13491023126998644,0.0,False,GamifiedResource,GameElementResource,0.3403040224607222,0.0,0.0,-1,rejected,0.0
Intermediate,Level_Up,0.17537648344652393,0.13563969180081126,1.0,False,Experience,Level,0.34030118675721915,0.0,0.0,-1,rejected,0.0
fgiasson,Level_Up,0.17537648344652393,0.13563969180081126,1.0,False,Agent,Level,0.34030118675721915,0.0,0.0,-1,rejected,0.0
achiever,Level_Up,0.17537648344652393,0.13563969180081126,1.0,False,NamedIndividual|_:b15,Level,0.34030118675721915,0.0,0.0,-1,rejected,0.0
explorer,Level_Up,0.17537648344652393,0.13563969180081126,1.0,False,NamedIndividual|_:b16,Level,0.34030118675721915,0.0,0.0,-1,rejected,0.0
visual,Level_Up,0.17537648344652393,0.13563969180081126,1.0,False,InputPole,Level,0.34030118675721915,0.0,0.0,-1,rejected,0.0
Access_Resource_No.340,Level_Up,0.17537648344652393,0.13563969180081126,1.0,False,AccessResourceActivity,Level,0.34030118675721915,0.0,0.0,-1,rejected,0.0
socializer,Level_Up,0.17537648344652393,0.13563969180081126,1.0,False,NamedIndividual|_:b18,Level,0.34030118675721915,0.0,0.0,-1,rejected,0.0
philanthropest,Level_Up,0.17537648344652393,0.13563969180081126,1.0,False,NamedIndividual|_:b17,Level,0.34030118675721915,0.0,0.0,-1,rejected,0.0
has_preLesson,Level_Up,0.17505228039511755,0.13566270285636914,1.0,False,ObjectProperty,Level,0.3400418243160941,0.0,0.0,-1,rejected,0.0
containsGameElement,Availability_Block_Game_by_level,0.42395150947666876,0.12135008383086718,0.0,False,TransitiveProperty,Level,0.33916120758133506,0.0,0.0,-1,rejected,0.0
demo_GR2,Tiny_stash,0.41327018008594596,0.22441533604500552,0.0415518252487452,False,GamifiedResource,Reward,0.3389265091185058,0.0,0.0,-1,rejected,0.0
Overriding,Block_Game,0.4224103090189665,0.13281798823066307,0.0,False,GamifiedResource,GameElementResource,0.3379282472151732,0.0,0.0,-1,rejected,0.0
Overriding,Quizventure,0.4224103090189665,0.13281798823066307,0.0,False,GamifiedResource,GameElementResource,0.3379282472151732,0.0,0.0,-1,rejected,0.0
Overriding,Game,0.4224103090189665,0.13281798823066307,0.0,False,GamifiedResource,GameElementResource,0.3379282472151732,0.0,0.0,-1,rejected,0.0
Overriding,Interactive_Content_–_H5P,0.4224103090189665,0.13281798823066307,0.0,False,GamifiedResource,GameElementResource,0.3379282472151732,0.0,0.0,-1,rejected,0.0
Availability_Block_Game_by_level,Level_Up,0.16961003108939557,0.1330933099589573,1.0,False,Level,Level,0.3356880248715165,0.0,0.0,-1,rejected,0.0
GE_TinyStash,Level_Up,0.16872739693739422,0.13564938750465586,1.0,False,ReferenceKey,Level,0.33498191754991535,0.0,0.0,-1,rejected,0.0
Delimiters,Availability_Block_Game_by_level,0.4185211639289047,0.18546455863712089,0.0,False,GamifiedResource,Level,0.3348169311431238,0.0,0.0,-1,rejected,0.0
Overloaded_constructors,Availability_Block_Game_by_level,0.41842833608697755,0.1854252011461545,0.0,False,GamifiedResource,Level,0.33474266886958204,0.0,0.0,-1,rejected,0.0
Block_Game,Level_Up,0.16730695847293572,0.13562300627939158,1.0,False,GameElementResource,Level,0.3338455667783486,0.0,0.0,-1,rejected,0.0
Quizventure,Level_Up,0.16730695847293572,0.13562300627939158,1.0,False,GameElementResource,Level,0.3338455667783486,0.0,0.0,-1,rejected,0.0
Interactive_Content_–_H5P,Level_Up,0.16730695847293572,0.13562300627939158,1.0,False,GameElementResource,Level,0.3338455667783486,0.0,0.0,-1,rejected,0.0
Game,Level_Up,0.16730695847293572,0.13562300627939158,1.0,False,GameElementResource,Level,0.3338455667783486,0.0,0.0,-1,rejected,0.0
minQualifiedCardinality,Level_Up,0.16685618132584107,0.13554503778211596,1.0,False,AnnotationProperty,Level,0.33348494506067283,0.0,0.0,-1,rejected,0.0
identifier,Level_Up,0.16685618132584107,0.13554503778211596,1.0,False,AnnotationProperty,Level,0.33348494506067283,0.0,0.0,-1,rejected,0.0
id,Level_Up,0.16685618132584107,0.13554503778211596,1.0,False,AnnotationProperty,Level,0.33348494506067283,0.0,0.0,-1,rejected,0.0
has_usergroup,Level_Up,0.16685618132584107,0.13554503778211596,1.0,False,AnnotationProperty,Level,0.33348494506067283,0.0,0.0,-1,rejected,0.0
member_of,Level_Up,0.16685618132584107,0.13554503778211596,1.0,False,AnnotationProperty,Level,0.33348494506067283,0.0,0.0,-1,rejected,0.0
age,Level_Up,0.16685618132584107,0.13554503778211596,1.0,False,AnnotationProperty,Level,0.33348494506067283,0.0,0.0,-1,rejected,0.0
isbn,Level_Up,0.16685618132584107,0.13554503778211596,1.0,False,AnnotationProperty,Level,0.33348494506067283,0.0,0.0,-1,rejected,0.0
isRuleEnabled,Level_Up,0.16685618132584107,0.13554503778211596,1.0,False,AnnotationProperty,Level,0.33348494506067283,0.0,0.0,-1,rejected,0.0
UserAccount,BLockGame,0.38446384589533783,0.2178789267884772,0.12935257077791257,False,unknown,Badge,0.33344159087185277,0.0,0.0,-1,rejected,0.0
Try_and_Catch,Quizventure,0.416335607679912,0.13223211320177317,0.0,False,GamifiedResource,GameElementResource,0.33306848614392964,0.0,0.0,-1,rejected,0.0
Try_and_Catch,Interactive_Content_–_H5P,0.416335607679912,0.13223211320177317,0.0,False,GamifiedResource,GameElementResource,0.33306848614392964,0.0,0.0,-1,rejected,0.0
Try_and_Catch,Block_Game,0.416335607679912,0.13223211320177317,0.0,False,GamifiedResource,GameElementResource,0.33306848614392964,0.0,0.0,-1,rejected,0.0
Try_and_Catch,Game,0.416335607679912,0.13223211320177317,0.0,False,GamifiedResource,GameElementResource,0.33306848614392964,0.0,0.0,-1,rejected,0.0
Arrays,Availability_Block_Game_by_level,0.4162352329047357,0.18531009392079323,0.0,False,GamifiedResource,Level,0.33298818632378857,0.0,0.0,-1,rejected,0.0
Arguments_and_parameters,Game,0.4160519371627177,0.13224526587180194,0.0,False,GamifiedResource,GameElementResource,0.3328415497301742,0.0,0.0,-1,rejected,0.0
Arguments_and_parameters,Block_Game,0.4160519371627177,0.13224526587180194,0.0,False,GamifiedResource,GameElementResource,0.3328415497301742,0.0,0.0,-1,rejected,0.0
Arguments_and_parameters,Quizventure,0.4160519371627177,0.13224526587180194,0.0,False,GamifiedResource,GameElementResource,0.3328415497301742,0.0,0.0,-1,rejected,0.0
Arguments_and_parameters,Interactive_Content_–_H5P,0.4160519371627177,0.13224526587180194,0.0,False,GamifiedResource,GameElementResource,0.3328415497301742,0.0,0.0,-1,rejected,0.0
resource_340,Level_Up,0.164944857091984,0.1350496215297509,1.0,False,NamedIndividual,Level,0.33195588567358725,0.0,0.0,-1,rejected,0.0
Fellowship,Level_Up,0.164944857091984,0.1350496215297509,1.0,False,NamedIndividual,Level,0.33195588567358725,0.0,0.0,-1,rejected,0.0
Task_about_Java_Basics,Availability_Block_Game_by_level,0.41336516135916507,0.16126493620618088,0.0,False,GamifiedResource,Level,0.3306921290873321,0.0,0.0,-1,rejected,0.0
Exception_Types,Availability_Block_Game_by_level,0.4129669006479511,0.1863093582051128,0.0,False,GamifiedResource,Level,0.3303735205183609,0.0,0.0,-1,rejected,0.0
Event_Types,Availability_Block_Game_by_level,0.41289863355139056,0.18714005852485655,0.0,False,GamifiedResource,Level,0.3303189068411125,0.0,0.0,-1,rejected,0.0
Exceptions,Game,0.4108151374780385,0.12834611172843996,0.0,False,GamifiedResource,GameElementResource,0.32865210998243083,0.0,0.0,-1,rejected,0.0
Exceptions,Block_Game,0.4108151374780385,0.12834611172843996,0.0,False,GamifiedResource,GameElementResource,0.32865210998243083,0.0,0.0,-1,rejected,0.0
Exceptions,Interactive_Content_–_H5P,0.4108151374780385,0.12834611172843996,0.0,False,GamifiedResource,GameElementResource,0.32865210998243083,0.0,0.0,-1,rejected,0.0
Exceptions,Quizventure,0.4108151374780385,0.12834611172843996,0.0,False,GamifiedResource,GameElementResource,0.32865210998243083,0.0,0.0,-1,rejected,0.0
Files,Block_Game,0.4105774036732567,0.12608326965492686,0.0,False,GamifiedResource,GameElementResource,0.3284619229386054,0.0,0.0,-1,rejected,0.0
Files,Quizventure,0.4105774036732567,0.12608326965492686,0.0,False,GamifiedResource,GameElementResource,0.3284619229386054,0.0,0.0,-1,rejected,0.0
Files,Interactive_Content_–_H5P,0.4105774036732567,0.12608326965492686,0.0,False,GamifiedResource,GameElementResource,0.3284619229386054,0.0,0.0,-1,rejected,0.0
Files,Game,0.4105774036732567,0.12608326965492686,0.0,False,GamifiedResource,GameElementResource,0.3284619229386054,0.0,0.0,-1,rejected,0.0
partOf,BLockGame,0.3722551574495417,0.22617130778219321,0.12935257077791257,False,unknown,Badge,0.32367464011521585,0.0,0.0,-1,rejected,0.0
has_container,BLockGame,0.3722551574495417,0.22617130778219321,0.12935257077791257,False,unknown,Badge,0.32367464011521585,0.0,0.0,-1,rejected,0.0
Task_about_Polymorphism,Game,0.40375108449604574,0.12720030271315572,0.0,False,GamifiedResource,GameElementResource,0.3230008675968366,0.0,0.0,-1,rejected,0.0
Task_about_Polymorphism,Block_Game,0.40375108449604574,0.12720030271315572,0.0,False,GamifiedResource,GameElementResource,0.3230008675968366,0.0,0.0,-1,rejected,0.0
Task_about_Polymorphism,Interactive_Content_–_H5P,0.40375108449604574,0.12720030271315572,0.0,False,GamifiedResource,GameElementResource,0.3230008675968366,0.0,0.0,-1,rejected,0.0
Task_about_Polymorphism,Quizventure,0.40375108449604574,0.12720030271315572,0.0,False,GamifiedResource,GameElementResource,0.3230008675968366,0.0,0.0,-1,rejected,0.0
GUI_Elements,Game,0.3996547899678622,0.12446838491758672,0.0,False,GamifiedResource,GameElementResource,0.3197238319742898,0.0,0.0,-1,rejected,0.0
GUI_Elements,Quizventure,0.3996547899678622,0.12446838491758672,0.0,False,GamifiedResource,GameElementResource,0.3197238319742898,0.0,0.0,-1,rejected,0.0
GUI_Elements,Interactive_Content_–_H5P,0.3996547899678622,0.12446838491758672,0.0,False,GamifiedResource,GameElementResource,0.3197238319742898,0.0,0.0,-1,rejected,0.0
GUI_Elements,Block_Game,0.3996547899678622,0.12446838491758672,0.0,False,GamifiedResource,GameElementResource,0.3197238319742898,0.0,0.0,-1,rejected,0.0
Task_about_GUI,Block_Game,0.39925995098150313,0.1242094266165119,0.0,False,GamifiedResource,GameElementResource,0.3194079607852025,0.0,0.0,-1,rejected,0.0
Task_about_GUI,Quizventure,0.39925995098150313,0.1242094266165119,0.0,False,GamifiedResource,GameElementResource,0.3194079607852025,0.0,0.0,-1,rejected,0.0
Task_about_GUI,Game,0.39925995098150313,0.1242094266165119,0.0,False,GamifiedResource,GameElementResource,0.3194079607852025,0.0,0.0,-1,rejected,0.0
Task_about_GUI,Interactive_Content_–_H5P,0.39925995098150313,0.1242094266165119,0.0,False,GamifiedResource,GameElementResource,0.3194079607852025,0.0,0.0,-1,rejected,0.0
Variables,Interactive_Content_–_H5P,0.3988836137276185,0.1211017224091786,0.0,False,GamifiedResource,GameElementResource,0.3191068909820948,0.0,0.0,-1,rejected,0.0
Variables,Quizventure,0.3988836137276185,0.1211017224091786,0.0,False,GamifiedResource,GameElementResource,0.3191068909820948,0.0,0.0,-1,rejected,0.0
Variables,Block_Game,0.3988836137276185,0.1211017224091786,0.0,False,GamifiedResource,GameElementResource,0.3191068909820948,0.0,0.0,-1,rejected,0.0
Variables,Game,0.3988836137276185,0.1211017224091786,0.0,False,GamifiedResource,GameElementResource,0.3191068909820948,0.0,0.0,-1,rejected,0.0
Class_attributes_and_functions,Interactive_Content_–_H5P,0.39887130852078995,0.12109428793568462,0.0,False,GamifiedResource,GameElementResource,0.319097046816632,0.0,0.0,-1,rejected,0.0
Class_attributes_and_functions,Quizventure,0.39887130852078995,0.12109428793568462,0.0,False,GamifiedResource,GameElementResource,0.319097046816632,0.0,0.0,-1,rejected,0.0
Class_attributes_and_functions,Block_Game,0.39887130852078995,0.12109428793568462,0.0,False,GamifiedResource,GameElementResource,0.319097046816632,0.0,0.0,-1,rejected,0.0
Class_attributes_and_functions,Game,0.39887130852078995,0.12109428793568462,0.0,False,GamifiedResource,GameElementResource,0.319097046816632,0.0,0.0,-1,rejected,0.0
_:b57,Level_Up,0.14521227961410152,0.14069486399909664,1.0,False,unknown,Level,0.3161698236912812,0.0,0.0,-1,rejected,0.0
_:b58,Level_Up,0.14521227961410152,0.14069486399909664,1.0,False,unknown,Level,0.3161698236912812,0.0,0.0,-1,rejected,0.0
Availability_Block_Game_by_level,Stash,0.16502189627134983,0.13345332072194205,0.9172442572270822,False,Level,Reward,0.3154663684624963,0.0,0.0,-1,rejected,0.0
demo_GR1,Interactive_Content_–_H5P,0.3943160202658379,0.1907196481450363,0.0,False,GamifiedResource,GameElementResource,0.31545281621267035,0.0,0.0,-1,rejected,0.0
demo_GR1,Game,0.3943160202658379,0.1907196481450363,0.0,False,GamifiedResource,GameElementResource,0.31545281621267035,0.0,0.0,-1,rejected,0.0
demo_GR1,Quizventure,0.3943160202658379,0.1907196481450363,0.0,False,GamifiedResource,GameElementResource,0.31545281621267035,0.0,0.0,-1,rejected,0.0
demo_GR2,Block_Game,0.3943160202658379,0.1907196481450363,0.0,False,GamifiedResource,GameElementResource,0.31545281621267035,0.0,0.0,-1,rejected,0.0
demo_GR2,Game,0.3943160202658379,0.1907196481450363,0.0,False,GamifiedResource,GameElementResource,0.31545281621267035,0.0,0.0,-1,rejected,0.0
demo_GR2,Interactive_Content_–_H5P,0.3943160202658379,0.1907196481450363,0.0,False,GamifiedResource,GameElementResource,0.31545281621267035,0.0,0.0,-1,rejected,0.0
demo_GR2,Quizventure,0.3943160202658379,0.1907196481450363,0.0,False,GamifiedResource,GameElementResource,0.31545281621267035,0.0,0.0,-1,rejected,0.0
demo_GR1,Block_Game,0.3943160202658379,0.1907196481450363,0.0,False,GamifiedResource,GameElementResource,0.31545281621267035,0.0,0.0,-1,rejected,0.0
Course,Availability_Block_Game_by_level,0.3935104786227299,0.20242143049981923,0.0,False,unknown,Level,0.31480838289818397,0.0,0.0,-1,rejected,0.0
Static_functions,Availability_Block_Game_by_level,0.3896609766810848,0.16587889117901497,0.0,False,GamifiedResource,Level,0.31172878134486787,0.0,0.0,-1,rejected,0.0
Parent_classes,Availability_Block_Game_by_level,0.3876155767778374,0.16545483991861554,0.0,False,GamifiedResource,Level,0.31009246142227,0.0,0.0,-1,rejected,0.0
e,Quizventure,0.3875091990748333,0.08399596282974094,0.0,False,Variable,GameElementResource,0.31000735925986667,0.0,0.0,-1,rejected,0.0
e,Interactive_Content_–_H5P,0.3875091990748333,0.08399596282974094,0.0,False,Variable,GameElementResource,0.31000735925986667,0.0,0.0,-1,rejected,0.0
e,Game,0.3875091990748333,0.08399596282974094,0.0,False,Variable,GameElementResource,0.31000735925986667,0.0,0.0,-1,rejected,0.0
e,Block_Game,0.3875091990748333,0.08399596282974094,0.0,False,Variable,GameElementResource,0.31000735925986667,0.0,0.0,-1,rejected,0.0
Task_about_Inheritance,Block_Game,0.38606604783178466,0.08867119630181297,0.0,False,GamifiedResource,GameElementResource,0.30885283826542775,0.0,0.0,-1,rejected,0.0
Task_about_Inheritance,Quizventure,0.38606604783178466,0.08867119630181297,0.0,False,GamifiedResource,GameElementResource,0.30885283826542775,0.0,0.0,-1,rejected,0.0
Task_about_Inheritance,Interactive_Content_–_H5P,0.38606604783178466,0.08867119630181297,0.0,False,GamifiedResource,GameElementResource,0.30885283826542775,0.0,0.0,-1,rejected,0.0
Task_about_Inheritance,Game,0.38606604783178466,0.08867119630181297,0.0,False,GamifiedResource,GameElementResource,0.30885283826542775,0.0,0.0,-1,rejected,0.0
Task_about_Input_and_Output_Streams,Game,0.38367962255951504,0.12206571728143578,0.0,False,GamifiedResource,GameElementResource,0.30694369804761207,0.0,0.0,-1,rejected,0.0
Task_about_Input_and_Output_Streams,Quizventure,0.38367962255951504,0.12206571728143578,0.0,False,GamifiedResource,GameElementResource,0.30694369804761207,0.0,0.0,-1,rejected,0.0
Task_about_Input_and_Output_Streams,Block_Game,0.38367962255951504,0.12206571728143578,0.0,False,GamifiedResource,GameElementResource,0.30694369804761207,0.0,0.0,-1,rejected,0.0
Task_about_Input_and_Output_Streams,Interactive_Content_–_H5P,0.38367962255951504,0.12206571728143578,0.0,False,GamifiedResource,GameElementResource,0.30694369804761207,0.0,0.0,-1,rejected,0.0
Creating_linked_screens,Quizventure,0.38321786185322304,0.1546745698797406,0.0,False,GamifiedResource,GameElementResource,0.3065742894825785,0.0,0.0,-1,rejected,0.0
Creating_linked_screens,Block_Game,0.38321786185322304,0.1546745698797406,0.0,False,GamifiedResource,GameElementResource,0.3065742894825785,0.0,0.0,-1,rejected,0.0
Creating_linked_screens,Game,0.38321786185322304,0.1546745698797406,0.0,False,GamifiedResource,GameElementResource,0.3065742894825785,0.0,0.0,-1,rejected,0.0
Creating_linked_screens,Interactive_Content_–_H5P,0.38321786185322304,0.1546745698797406,0.0,False,GamifiedResource,GameElementResource,0.3065742894825785,0.0,0.0,-1,rejected,0.0
visual,Stash,0.15363291731941012,0.14247115879307193,0.9172442572270822,False,InputPole,Reward,0.3063551853009445,0.0,0.0,-1,rejected,0.0
Intermediate,Stash,0.15363291731941012,0.14247115879307193,0.9172442572270822,False,Experience,Reward,0.3063551853009445,0.0,0.0,-1,rejected,0.0
fgiasson,Stash,0.15363291731941012,0.14247115879307193,0.9172442572270822,False,Agent,Reward,0.3063551853009445,0.0,0.0,-1,rejected,0.0
socializer,Stash,0.15363291731941012,0.14247115879307193,0.9172442572270822,False,NamedIndividual|_:b18,Reward,0.3063551853009445,0.0,0.0,-1,rejected,0.0
achiever,Stash,0.15363291731941012,0.14247115879307193,0.9172442572270822,False,NamedIndividual|_:b15,Reward,0.3063551853009445,0.0,0.0,-1,rejected,0.0
Access_Resource_No.340,Stash,0.15363291731941012,0.14247115879307193,0.9172442572270822,False,AccessResourceActivity,Reward,0.3063551853009445,0.0,0.0,-1,rejected,0.0
explorer,Stash,0.15363291731941012,0.14247115879307193,0.9172442572270822,False,NamedIndividual|_:b16,Reward,0.3063551853009445,0.0,0.0,-1,rejected,0.0
philanthropest,Stash,0.15363291731941012,0.14247115879307193,0.9172442572270822,False,NamedIndividual|_:b17,Reward,0.3063551853009445,0.0,0.0,-1,rejected,0.0
has_preLesson,Stash,0.1532651356060327,0.14233053042234978,0.9172442572270822,False,ObjectProperty,Reward,0.3060609599302426,0.0,0.0,-1,rejected,0.0
Task_about_Exception_Handling,Block_Game,0.38219272420550643,0.12288149662142804,0.0,False,GamifiedResource,GameElementResource,0.3057541793644052,0.0,0.0,-1,rejected,0.0
Task_about_Exception_Handling,Game,0.38219272420550643,0.12288149662142804,0.0,False,GamifiedResource,GameElementResource,0.3057541793644052,0.0,0.0,-1,rejected,0.0
Task_about_Exception_Handling,Interactive_Content_–_H5P,0.38219272420550643,0.12288149662142804,0.0,False,GamifiedResource,GameElementResource,0.3057541793644052,0.0,0.0,-1,rejected,0.0
Task_about_Exception_Handling,Quizventure,0.38219272420550643,0.12288149662142804,0.0,False,GamifiedResource,GameElementResource,0.3057541793644052,0.0,0.0,-1,rejected,0.0
gep,Interactive_Content_–_H5P,0.3814074723094888,0.07898523429559139,0.0,False,Variable,GameElementResource,0.30512597784759105,0.0,0.0,-1,rejected,0.0
gep,Game,0.3814074723094888,0.07898523429559139,0.0,False,Variable,GameElementResource,0.30512597784759105,0.0,0.0,-1,rejected,0.0
gep,Block_Game,0.3814074723094888,0.07898523429559139,0.0,False,Variable,GameElementResource,0.30512597784759105,0.0,0.0,-1,rejected,0.0
gep,Quizventure,0.3814074723094888,0.07898523429559139,0.0,False,Variable,GameElementResource,0.30512597784759105,0.0,0.0,-1,rejected,0.0
GE_TinyStash,Stash,0.14921286247660442,0.14317499064344083,0.9172442572270822,False,ReferenceKey,Reward,0.30281914142669997,0.0,0.0,-1,rejected,0.0
member_of,Stash,0.14864537591485463,0.14480285440241247,0.9172442572270822,False,AnnotationProperty,Reward,0.30236515217730014,0.0,0.0,-1,rejected,0.0
minQualifiedCardinality,Stash,0.14864537591485463,0.14480285440241247,0.9172442572270822,False,AnnotationProperty,Reward,0.30236515217730014,0.0,0.0,-1,rejected,0.0
identifier,Stash,0.14864537591485463,0.14480285440241247,0.9172442572270822,False,AnnotationProperty,Reward,0.30236515217730014,0.0,0.0,-1,rejected,0.0
isRuleEnabled,Stash,0.14864537591485463,0.14480285440241247,0.9172442572270822,False,AnnotationProperty,Reward,0.30236515217730014,0.0,0.0,-1,rejected,0.0
isbn,Stash,0.14864537591485463,0.14480285440241247,0.9172442572270822,False,AnnotationProperty,Reward,0.30236515217730014,0.0,0.0,-1,rejected,0.0
has_usergroup,Stash,0.14864537591485463,0.14480285440241247,0.9172442572270822,False,AnnotationProperty,Reward,0.30236515217730014,0.0,0.0,-1,rejected,0.0
age,Stash,0.14864537591485463,0.14480285440241247,0.9172442572270822,False,AnnotationProperty,Reward,0.30236515217730014,0.0,0.0,-1,rejected,0.0
id,Stash,0.14864537591485463,0.14480285440241247,0.9172442572270822,False,AnnotationProperty,Reward,0.30236515217730014,0.0,0.0,-1,rejected,0.0
Java_FX,Quizventure,0.3777809745862969,0.08558850897901835,0.0,False,GamifiedResource,GameElementResource,0.30222477966903755,0.0,0.0,-1,rejected,0.0
Java_FX,Block_Game,0.3777809745862969,0.08558850897901835,0.0,False,GamifiedResource,GameElementResource,0.30222477966903755,0.0,0.0,-1,rejected,0.0
Java_FX,Game,0.3777809745862969,0.08558850897901835,0.0,False,GamifiedResource,GameElementResource,0.30222477966903755,0.0,0.0,-1,rejected,0.0
Java_FX,Interactive_Content_–_H5P,0.3777809745862969,0.08558850897901835,0.0,False,GamifiedResource,GameElementResource,0.30222477966903755,0.0,0.0,-1,rejected,0.0
Inheritance_vs_Composition,Game,0.37765797952011215,0.08555242326399562,0.0,False,GamifiedResource,GameElementResource,0.30212638361608973,0.0,0.0,-1,rejected,0.0
Inheritance_vs_Composition,Quizventure,0.37765797952011215,0.08555242326399562,0.0,False,GamifiedResource,GameElementResource,0.30212638361608973,0.0,0.0,-1,rejected,0.0
Inheritance_vs_Composition,Block_Game,0.37765797952011215,0.08555242326399562,0.0,False,GamifiedResource,GameElementResource,0.30212638361608973,0.0,0.0,-1,rejected,0.0
Inheritance_vs_Composition,Interactive_Content_–_H5P,0.37765797952011215,0.08555242326399562,0.0,False,GamifiedResource,GameElementResource,0.30212638361608973,0.0,0.0,-1,rejected,0.0
Interactive_Content_–_H5P,Stash,0.14763907866971543,0.14439937876462947,0.9172442572270822,False,GameElementResource,Reward,0.3015601143811888,0.0,0.0,-1,rejected,0.0
Game,Stash,0.14763907866971543,0.14439937876462947,0.9172442572270822,False,GameElementResource,Reward,0.3015601143811888,0.0,0.0,-1,rejected,0.0
Quizventure,Stash,0.14763907866971543,0.14439937876462947,0.9172442572270822,False,GameElementResource,Reward,0.3015601143811888,0.0,0.0,-1,rejected,0.0
Block_Game,Stash,0.14763907866971543,0.14439937876462947,0.9172442572270822,False,GameElementResource,Reward,0.3015601143811888,0.0,0.0,-1,rejected,0.0
Group,Tiny_stash,0.3659021333883622,0.2953654319039086,0.0415518252487452,False,unknown,Reward,0.3010320717604388,0.0,0.0,-1,rejected,0.0
Single_level_inheritance,Game,0.37420217458312793,0.08466304875267948,0.0,False,GamifiedResource,GameElementResource,0.29936173966650237,0.0,0.0,-1,rejected,0.0
Single_level_inheritance,Interactive_Content_–_H5P,0.37420217458312793,0.08466304875267948,0.0,False,GamifiedResource,GameElementResource,0.29936173966650237,0.0,0.0,-1,rejected,0.0
Single_level_inheritance,Block_Game,0.37420217458312793,0.08466304875267948,0.0,False,GamifiedResource,GameElementResource,0.29936173966650237,0.0,0.0,-1,rejected,0.0
Single_level_inheritance,Quizventure,0.37420217458312793,0.08466304875267948,0.0,False,GamifiedResource,GameElementResource,0.29936173966650237,0.0,0.0,-1,rejected,0.0
Multi-level_inheritance,Quizventure,0.37370463139378624,0.08438057282130039,0.0,False,GamifiedResource,GameElementResource,0.298963705115029,0.0,0.0,-1,rejected,0.0
Multi-level_inheritance,Block_Game,0.37370463139378624,0.08438057282130039,0.0,False,GamifiedResource,GameElementResource,0.298963705115029,0.0,0.0,-1,rejected,0.0
Multi-level_inheritance,Game,0.37370463139378624,0.08438057282130039,0.0,False,GamifiedResource,GameElementResource,0.298963705115029,0.0,0.0,-1,rejected,0.0
Multi-level_inheritance,Interactive_Content_–_H5P,0.37370463139378624,0.08438057282130039,0.0,False,GamifiedResource,GameElementResource,0.298963705115029,0.0,0.0,-1,rejected,0.0
Static_Keyword,Block_Game,0.37370256534618906,0.08459677074403188,0.0,False,GamifiedResource,GameElementResource,0.2989620522769513,0.0,0.0,-1,rejected,0.0
Static_Keyword,Quizventure,0.37370256534618906,0.08459677074403188,0.0,False,GamifiedResource,GameElementResource,0.2989620522769513,0.0,0.0,-1,rejected,0.0
Static_Keyword,Interactive_Content_–_H5P,0.37370256534618906,0.08459677074403188,0.0,False,GamifiedResource,GameElementResource,0.2989620522769513,0.0,0.0,-1,rejected,0.0
Static_Keyword,Game,0.37370256534618906,0.08459677074403188,0.0,False,GamifiedResource,GameElementResource,0.2989620522769513,0.0,0.0,-1,rejected,0.0
This_Keyword,Game,0.3736839782778873,0.08459436924921751,0.0,False,GamifiedResource,GameElementResource,0.29894718262230985,0.0,0.0,-1,rejected,0.0
This_Keyword,Interactive_Content_–_H5P,0.3736839782778873,0.08459436924921751,0.0,False,GamifiedResource,GameElementResource,0.29894718262230985,0.0,0.0,-1,rejected,0.0
This_Keyword,Block_Game,0.3736839782778873,0.08459436924921751,0.0,False,GamifiedResource,GameElementResource,0.29894718262230985,0.0,0.0,-1,rejected,0.0
This_Keyword,Quizventure,0.3736839782778873,0.08459436924921751,0.0,False,GamifiedResource,GameElementResource,0.29894718262230985,0.0,0.0,-1,rejected,0.0
Constructors,Block_Game,0.37367674232294684,0.0845934355299234,0.0,False,GamifiedResource,GameElementResource,0.2989413938583575,0.0,0.0,-1,rejected,0.0
Constructors,Quizventure,0.37367674232294684,0.0845934355299234,0.0,False,GamifiedResource,GameElementResource,0.2989413938583575,0.0,0.0,-1,rejected,0.0
Constructors,Game,0.37367674232294684,0.0845934355299234,0.0,False,GamifiedResource,GameElementResource,0.2989413938583575,0.0,0.0,-1,rejected,0.0
Constructors,Interactive_Content_–_H5P,0.37367674232294684,0.0845934355299234,0.0,False,GamifiedResource,GameElementResource,0.2989413938583575,0.0,0.0,-1,rejected,0.0
Access_Modifiers,Quizventure,0.373583281316533,0.08458143798876028,0.0,False,GamifiedResource,GameElementResource,0.2988666250532264,0.0,0.0,-1,rejected,0.0
Access_Modifiers,Game,0.373583281316533,0.08458143798876028,0.0,False,GamifiedResource,GameElementResource,0.2988666250532264,0.0,0.0,-1,rejected,0.0
Access_Modifiers,Block_Game,0.373583281316533,0.08458143798876028,0.0,False,GamifiedResource,GameElementResource,0.2988666250532264,0.0,0.0,-1,rejected,0.0
Access_Modifiers,Interactive_Content_–_H5P,0.373583281316533,0.08458143798876028,0.0,False,GamifiedResource,GameElementResource,0.2988666250532264,0.0,0.0,-1,rejected,0.0
Packages,Quizventure,0.37357186199079,0.0845799800938045,0.0,False,GamifiedResource,GameElementResource,0.29885748959263203,0.0,0.0,-1,rejected,0.0
Packages,Block_Game,0.37357186199079,0.0845799800938045,0.0,False,GamifiedResource,GameElementResource,0.29885748959263203,0.0,0.0,-1,rejected,0.0
Packages,Game,0.37357186199079,0.0845799800938045,0.0,False,GamifiedResource,GameElementResource,0.29885748959263203,0.0,0.0,-1,rejected,0.0
Packages,Interactive_Content_–_H5P,0.37357186199079,0.0845799800938045,0.0,False,GamifiedResource,GameElementResource,0.29885748959263203,0.0,0.0,-1,rejected,0.0
Class_Instance,Block_Game,0.37356497595063276,0.08457910179899708,0.0,False,GamifiedResource,GameElementResource,0.29885198076050623,0.0,0.0,-1,rejected,0.0
Class_Instance,Interactive_Content_–_H5P,0.37356497595063276,0.08457910179899708,0.0,False,GamifiedResource,GameElementResource,0.29885198076050623,0.0,0.0,-1,rejected,0.0
Class_Instance,Game,0.37356497595063276,0.08457910179899708,0.0,False,GamifiedResource,GameElementResource,0.29885198076050623,0.0,0.0,-1,rejected,0.0
Class_Instance,Quizventure,0.37356497595063276,0.08457910179899708,0.0,False,GamifiedResource,GameElementResource,0.29885198076050623,0.0,0.0,-1,rejected,0.0
Strings,Game,0.37345118066746663,0.08456467917955639,0.0,False,GamifiedResource,GameElementResource,0.29876094453397334,0.0,0.0,-1,rejected,0.0
Strings,Interactive_Content_–_H5P,0.37345118066746663,0.08456467917955639,0.0,False,GamifiedResource,GameElementResource,0.29876094453397334,0.0,0.0,-1,rejected,0.0
Strings,Block_Game,0.37345118066746663,0.08456467917955639,0.0,False,GamifiedResource,GameElementResource,0.29876094453397334,0.0,0.0,-1,rejected,0.0
Strings,Quizventure,0.37345118066746663,0.08456467917955639,0.0,False,GamifiedResource,GameElementResource,0.29876094453397334,0.0,0.0,-1,rejected,0.0
Fellowship,Stash,0.14369614729532493,0.14229230549000663,0.9172442572270822,False,NamedIndividual,Reward,0.2984057692816764,0.0,0.0,-1,rejected,0.0
resource_340,Stash,0.14369614729532493,0.14229230549000663,0.9172442572270822,False,NamedIndividual,Reward,0.2984057692816764,0.0,0.0,-1,rejected,0.0
Super_Keyword,Interactive_Content_–_H5P,0.37300616547338816,0.0843268615675951,0.0,False,GamifiedResource,GameElementResource,0.2984049323787105,0.0,0.0,-1,rejected,0.0
Super_Keyword,Game,0.37300616547338816,0.0843268615675951,0.0,False,GamifiedResource,GameElementResource,0.2984049323787105,0.0,0.0,-1,rejected,0.0
Super_Keyword,Block_Game,0.37300616547338816,0.0843268615675951,0.0,False,GamifiedResource,GameElementResource,0.2984049323787105,0.0,0.0,-1,rejected,0.0
Super_Keyword,Quizventure,0.37300616547338816,0.0843268615675951,0.0,False,GamifiedResource,GameElementResource,0.2984049323787105,0.0,0.0,-1,rejected,0.0
Functions,Block_Game,0.3724905377678151,0.08429570591929529,0.0,False,GamifiedResource,GameElementResource,0.2979924302142521,0.0,0.0,-1,rejected,0.0
Functions,Quizventure,0.3724905377678151,0.08429570591929529,0.0,False,GamifiedResource,GameElementResource,0.2979924302142521,0.0,0.0,-1,rejected,0.0
Functions,Interactive_Content_–_H5P,0.3724905377678151,0.08429570591929529,0.0,False,GamifiedResource,GameElementResource,0.2979924302142521,0.0,0.0,-1,rejected,0.0
Functions,Game,0.3724905377678151,0.08429570591929529,0.0,False,GamifiedResource,GameElementResource,0.2979924302142521,0.0,0.0,-1,rejected,0.0
Control_Statements,Game,0.37179983620802537,0.08420752630728841,0.0,False,GamifiedResource,GameElementResource,0.29743986896642033,0.0,0.0,-1,rejected,0.0
Control_Statements,Interactive_Content_–_H5P,0.37179983620802537,0.08420752630728841,0.0,False,GamifiedResource,GameElementResource,0.29743986896642033,0.0,0.0,-1,rejected,0.0
Control_Statements,Block_Game,0.37179983620802537,0.08420752630728841,0.0,False,GamifiedResource,GameElementResource,0.29743986896642033,0.0,0.0,-1,rejected,0.0
Control_Statements,Quizventure,0.37179983620802537,0.08420752630728841,0.0,False,GamifiedResource,GameElementResource,0.29743986896642033,0.0,0.0,-1,rejected,0.0
Loops,Game,0.3695123935374913,0.08379535875300044,0.0,False,GamifiedResource,GameElementResource,0.29560991482999305,0.0,0.0,-1,rejected,0.0
Loops,Block_Game,0.3695123935374913,0.08379535875300044,0.0,False,GamifiedResource,GameElementResource,0.29560991482999305,0.0,0.0,-1,rejected,0.0
Loops,Interactive_Content_–_H5P,0.3695123935374913,0.08379535875300044,0.0,False,GamifiedResource,GameElementResource,0.29560991482999305,0.0,0.0,-1,rejected,0.0
Loops,Quizventure,0.3695123935374913,0.08379535875300044,0.0,False,GamifiedResource,GameElementResource,0.29560991482999305,0.0,0.0,-1,rejected,0.0
Mike_23,Tiny_stash,0.3578150057703023,0.3258327085797466,0.0415518252487452,False,UserAccount,Reward,0.29456236966599086,0.0,0.0,-1,rejected,0.0
Extend_Keyword,Interactive_Content_–_H5P,0.3673683825285632,0.08479030458704831,0.0,False,GamifiedResource,GameElementResource,0.29389470602285056,0.0,0.0,-1,rejected,0.0
Extend_Keyword,Game,0.3673683825285632,0.08479030458704831,0.0,False,GamifiedResource,GameElementResource,0.29389470602285056,0.0,0.0,-1,rejected,0.0
Extend_Keyword,Block_Game,0.3673683825285632,0.08479030458704831,0.0,False,GamifiedResource,GameElementResource,0.29389470602285056,0.0,0.0,-1,rejected,0.0
Extend_Keyword,Quizventure,0.3673683825285632,0.08479030458704831,0.0,False,GamifiedResource,GameElementResource,0.29389470602285056,0.0,0.0,-1,rejected,0.0
Task_about_Class_Methods_and_Constructors,Quizventure,0.3672672891367784,0.0847817249150773,0.0,False,GamifiedResource,GameElementResource,0.29381383130942273,0.0,0.0,-1,rejected,0.0
Task_about_Class_Methods_and_Constructors,Block_Game,0.3672672891367784,0.0847817249150773,0.0,False,GamifiedResource,GameElementResource,0.29381383130942273,0.0,0.0,-1,rejected,0.0
Task_about_Class_Methods_and_Constructors,Game,0.3672672891367784,0.0847817249150773,0.0,False,GamifiedResource,GameElementResource,0.29381383130942273,0.0,0.0,-1,rejected,0.0
Task_about_Class_Methods_and_Constructors,Interactive_Content_–_H5P,0.3672672891367784,0.0847817249150773,0.0,False,GamifiedResource,GameElementResource,0.29381383130942273,0.0,0.0,-1,rejected,0.0
Function_Types,Block_Game,0.36719566712737156,0.08477572980749187,0.0,False,GamifiedResource,GameElementResource,0.29375653370189725,0.0,0.0,-1,rejected,0.0
Function_Types,Interactive_Content_–_H5P,0.36719566712737156,0.08477572980749187,0.0,False,GamifiedResource,GameElementResource,0.29375653370189725,0.0,0.0,-1,rejected,0.0
Function_Types,Quizventure,0.36719566712737156,0.08477572980749187,0.0,False,GamifiedResource,GameElementResource,0.29375653370189725,0.0,0.0,-1,rejected,0.0
Function_Types,Game,0.36719566712737156,0.08477572980749187,0.0,False,GamifiedResource,GameElementResource,0.29375653370189725,0.0,0.0,-1,rejected,0.0
Task_about_Classes_and_Objects,Interactive_Content_–_H5P,0.367133205129511,0.08477055788974705,0.0,False,GamifiedResource,GameElementResource,0.2937065641036088,0.0,0.0,-1,rejected,0.0
Task_about_Classes_and_Objects,Game,0.367133205129511,0.08477055788974705,0.0,False,GamifiedResource,GameElementResource,0.2937065641036088,0.0,0.0,-1,rejected,0.0
Task_about_Classes_and_Objects,Block_Game,0.367133205129511,0.08477055788974705,0.0,False,GamifiedResource,GameElementResource,0.2937065641036088,0.0,0.0,-1,rejected,0.0
Task_about_Classes_and_Objects,Quizventure,0.367133205129511,0.08477055788974705,0.0,False,GamifiedResource,GameElementResource,0.2937065641036088,0.0,0.0,-1,rejected,0.0
demo_GR2,Motrain,0.36185700243411223,0.13710700884760543,0.0,False,GamifiedResource,GameElementResource,0.2894856019472898,0.0,0.0,-1,rejected,0.0
demo_GR2,bonusPoints,0.3595199578348164,0.17846815572657596,0.0,False,GamifiedResource,BonusPoints,0.28761596626785313,0.0,0.0,-1,rejected,0.0
_:b57,Stash,0.12726555600466147,0.14636049428923179,0.9172442572270822,False,unknown,Reward,0.28526129624914565,0.0,0.0,-1,rejected,0.0
_:b58,Stash,0.12726555600466147,0.14636049428923179,0.9172442572270822,False,unknown,Reward,0.28526129624914565,0.0,0.0,-1,rejected,0.0
Class,Tiny_stash,0.34525863667129686,0.3575248176046229,0.0415518252487452,False,unknown,Reward,0.28451727438678653,0.0,0.0,-1,rejected,0.0
Entity,Tiny_stash,0.34525863667129686,0.3575248176046229,0.0415518252487452,False,unknown,Reward,0.28451727438678653,0.0,0.0,-1,rejected,0.0
Entity,BLockGame,0.3179301575801766,0.28737790647706707,0.12935257077791257,False,unknown,Badge,0.2802146402197238,0.0,0.0,-1,rejected,0.0
Class,BLockGame,0.3179301575801766,0.28737790647706707,0.12935257077791257,False,unknown,Badge,0.2802146402197238,0.0,0.0,-1,rejected,0.0
Mike_23,BLockGame,0.31715825210993503,0.24018596886611684,0.12935257077791257,False,UserAccount,Badge,0.27959711584353053,0.0,0.0,-1,rejected,0.0
Group,BLockGame,0.31265760015883337,0.20665783323689352,0.12935257077791257,False,unknown,Badge,0.2759965942826492,0.0,0.0,-1,rejected,0.0
Events,Block_Game,0.3429267139180093,0.11548833534066963,0.0,False,GamifiedResource,GameElementResource,0.27434137113440743,0.0,0.0,-1,rejected,0.0
Events,Interactive_Content_–_H5P,0.3429267139180093,0.11548833534066963,0.0,False,GamifiedResource,GameElementResource,0.27434137113440743,0.0,0.0,-1,rejected,0.0
Events,Quizventure,0.3429267139180093,0.11548833534066963,0.0,False,GamifiedResource,GameElementResource,0.27434137113440743,0.0,0.0,-1,rejected,0.0
Events,Game,0.3429267139180093,0.11548833534066963,0.0,False,GamifiedResource,GameElementResource,0.27434137113440743,0.0,0.0,-1,rejected,0.0
containsGameElement,Game,0.3381981746265007,0.07710392112394732,0.0,False,TransitiveProperty,GameElementResource,0.2705585397012006,0.0,0.0,-1,rejected,0.0
containsGameElement,Block_Game,0.3381981746265007,0.07710392112394732,0.0,False,TransitiveProperty,GameElementResource,0.2705585397012006,0.0,0.0,-1,rejected,0.0
containsGameElement,Interactive_Content_–_H5P,0.3381981746265007,0.07710392112394732,0.0,False,TransitiveProperty,GameElementResource,0.2705585397012006,0.0,0.0,-1,rejected,0.0
containsGameElement,Quizventure,0.3381981746265007,0.07710392112394732,0.0,False,TransitiveProperty,GameElementResource,0.2705585397012006,0.0,0.0,-1,rejected,0.0
res,Availability_Block_Game_by_level,0.3378852102530303,0.15270512043411782,0.0,False,Variable,Level,0.27030816820242426,0.0,0.0,-1,rejected,0.0
CreativeWork,Availability_Block_Game_by_level,0.3351203873505806,0.17504677050448034,0.0,False,unknown,Level,0.26809630988046446,0.0,0.0,-1,rejected,0.0
UserGroup,Tiny_stash,0.3208293265279859,0.3251119743655089,0.0415518252487452,False,unknown,Reward,0.2649738262721378,0.0,0.0,-1,rejected,0.0
Task_about_Event_Handler_and_Listener,Interactive_Content_–_H5P,0.3300597058506433,0.12779691055053993,0.0,False,GamifiedResource,GameElementResource,0.26404776468051466,0.0,0.0,-1,rejected,0.0
Task_about_Event_Handler_and_Listener,Block_Game,0.3300597058506433,0.12779691055053993,0.0,False,GamifiedResource,GameElementResource,0.26404776468051466,0.0,0.0,-1,rejected,0.0
Task_about_Event_Handler_and_Listener,Game,0.3300597058506433,0.12779691055053993,0.0,False,GamifiedResource,GameElementResource,0.26404776468051466,0.0,0.0,-1,rejected,0.0
Task_about_Event_Handler_and_Listener,Quizventure,0.3300597058506433,0.12779691055053993,0.0,False,GamifiedResource,GameElementResource,0.26404776468051466,0.0,0.0,-1,rejected,0.0
Task_about_Java_Basics,Block_Game,0.3236836682403304,0.09575462163580137,0.0,False,GamifiedResource,GameElementResource,0.2589469345922643,0.0,0.0,-1,rejected,0.0
Task_about_Java_Basics,Game,0.3236836682403304,0.09575462163580137,0.0,False,GamifiedResource,GameElementResource,0.2589469345922643,0.0,0.0,-1,rejected,0.0
Task_about_Java_Basics,Quizventure,0.3236836682403304,0.09575462163580137,0.0,False,GamifiedResource,GameElementResource,0.2589469345922643,0.0,0.0,-1,rejected,0.0
Task_about_Java_Basics,Interactive_Content_–_H5P,0.3236836682403304,0.09575462163580137,0.0,False,GamifiedResource,GameElementResource,0.2589469345922643,0.0,0.0,-1,rejected,0.0
nonNegativeInteger,Availability_Block_Game_by_level,0.31671082198197614,0.17348224568720566,0.0,False,unknown,Level,0.2533686575855809,0.0,0.0,-1,rejected,0.0
Delimiters,Block_Game,0.3160563544771875,0.09099323423646305,0.0,False,GamifiedResource,GameElementResource,0.25284508358175,0.0,0.0,-1,rejected,0.0
Delimiters,Quizventure,0.3160563544771875,0.09099323423646305,0.0,False,GamifiedResource,GameElementResource,0.25284508358175,0.0,0.0,-1,rejected,0.0
Delimiters,Interactive_Content_–_H5P,0.3160563544771875,0.09099323423646305,0.0,False,GamifiedResource,GameElementResource,0.25284508358175,0.0,0.0,-1,rejected,0.0
Delimiters,Game,0.3160563544771875,0.09099323423646305,0.0,False,GamifiedResource,GameElementResource,0.25284508358175,0.0,0.0,-1,rejected,0.0
Overloaded_constructors,Quizventure,0.31596878269279083,0.09100381052270261,0.0,False,GamifiedResource,GameElementResource,0.2527750261542327,0.0,0.0,-1,rejected,0.0
Overloaded_constructors,Game,0.31596878269279083,0.09100381052270261,0.0,False,GamifiedResource,GameElementResource,0.2527750261542327,0.0,0.0,-1,rejected,0.0
Overloaded_constructors,Block_Game,0.31596878269279083,0.09100381052270261,0.0,False,GamifiedResource,GameElementResource,0.2527750261542327,0.0,0.0,-1,rejected,0.0
Overloaded_constructors,Interactive_Content_–_H5P,0.31596878269279083,0.09100381052270261,0.0,False,GamifiedResource,GameElementResource,0.2527750261542327,0.0,0.0,-1,rejected,0.0
Arrays,Interactive_Content_–_H5P,0.31512002805811534,0.09074259120847326,0.0,False,GamifiedResource,GameElementResource,0.25209602244649226,0.0,0.0,-1,rejected,0.0
Arrays,Quizventure,0.31512002805811534,0.09074259120847326,0.0,False,GamifiedResource,GameElementResource,0.25209602244649226,0.0,0.0,-1,rejected,0.0
Arrays,Block_Game,0.31512002805811534,0.09074259120847326,0.0,False,GamifiedResource,GameElementResource,0.25209602244649226,0.0,0.0,-1,rejected,0.0
Arrays,Game,0.31512002805811534,0.09074259120847326,0.0,False,GamifiedResource,GameElementResource,0.25209602244649226,0.0,0.0,-1,rejected,0.0
Exception_Types,Quizventure,0.3131077519880896,0.08960339397663486,0.0,False,GamifiedResource,GameElementResource,0.2504862015904717,0.0,0.0,-1,rejected,0.0
Exception_Types,Interactive_Content_–_H5P,0.3131077519880896,0.08960339397663486,0.0,False,GamifiedResource,GameElementResource,0.2504862015904717,0.0,0.0,-1,rejected,0.0
Exception_Types,Game,0.3131077519880896,0.08960339397663486,0.0,False,GamifiedResource,GameElementResource,0.2504862015904717,0.0,0.0,-1,rejected,0.0
Exception_Types,Block_Game,0.3131077519880896,0.08960339397663486,0.0,False,GamifiedResource,GameElementResource,0.2504862015904717,0.0,0.0,-1,rejected,0.0
Event_Types,Interactive_Content_–_H5P,0.3129745689299427,0.08934467803491092,0.0,False,GamifiedResource,GameElementResource,0.25037965514395416,0.0,0.0,-1,rejected,0.0
Event_Types,Block_Game,0.3129745689299427,0.08934467803491092,0.0,False,GamifiedResource,GameElementResource,0.25037965514395416,0.0,0.0,-1,rejected,0.0
Event_Types,Game,0.3129745689299427,0.08934467803491092,0.0,False,GamifiedResource,GameElementResource,0.25037965514395416,0.0,0.0,-1,rejected,0.0
Event_Types,Quizventure,0.3129745689299427,0.08934467803491092,0.0,False,GamifiedResource,GameElementResource,0.25037965514395416,0.0,0.0,-1,rejected,0.0
UserGroup,BLockGame,0.27236137517983766,0.2252725807128322,0.12935257077791257,False,unknown,Badge,0.24375961429945264,0.0,0.0,-1,rejected,0.0
Buil-in_Data_Types,Availability_Block_Game_by_level,0.29920493830740885,0.1874611329927447,0.0,False,GamifiedResource,Level,0.23936395064592708,0.0,0.0,-1,rejected,0.0
Activity,Availability_Block_Game_by_level,0.2964333231150241,0.15004860003295395,0.0,False,unknown,Level,0.23714665849201932,0.0,0.0,-1,rejected,0.0
Course,Quizventure,0.2952505667258003,0.11678670103410116,0.0,False,unknown,GameElementResource,0.23620045338064025,0.0,0.0,-1,rejected,0.0
Course,Game,0.2952505667258003,0.11678670103410116,0.0,False,unknown,GameElementResource,0.23620045338064025,0.0,0.0,-1,rejected,0.0
Course,Block_Game,0.2952505667258003,0.11678670103410116,0.0,False,unknown,GameElementResource,0.23620045338064025,0.0,0.0,-1,rejected,0.0
Course,Interactive_Content_–_H5P,0.2952505667258003,0.11678670103410116,0.0,False,unknown,GameElementResource,0.23620045338064025,0.0,0.0,-1,rejected,0.0
Static_functions,Game,0.29427538191123476,0.09151751711377443,0.0,False,GamifiedResource,GameElementResource,0.23542030552898782,0.0,0.0,-1,rejected,0.0
Static_functions,Interactive_Content_–_H5P,0.29427538191123476,0.09151751711377443,0.0,False,GamifiedResource,GameElementResource,0.23542030552898782,0.0,0.0,-1,rejected,0.0
Static_functions,Quizventure,0.29427538191123476,0.09151751711377443,0.0,False,GamifiedResource,GameElementResource,0.23542030552898782,0.0,0.0,-1,rejected,0.0
Static_functions,Block_Game,0.29427538191123476,0.09151751711377443,0.0,False,GamifiedResource,GameElementResource,0.23542030552898782,0.0,0.0,-1,rejected,0.0
Parent_classes,Block_Game,0.2935698768465976,0.09100153238241229,0.0,False,GamifiedResource,GameElementResource,0.23485590147727808,0.0,0.0,-1,rejected,0.0
Parent_classes,Game,0.2935698768465976,0.09100153238241229,0.0,False,GamifiedResource,GameElementResource,0.23485590147727808,0.0,0.0,-1,rejected,0.0
Parent_classes,Quizventure,0.2935698768465976,0.09100153238241229,0.0,False,GamifiedResource,GameElementResource,0.23485590147727808,0.0,0.0,-1,rejected,0.0
Parent_classes,Interactive_Content_–_H5P,0.2935698768465976,0.09100153238241229,0.0,False,GamifiedResource,GameElementResource,0.23485590147727808,0.0,0.0,-1,rejected,0.0
MathCoursesCommunity,Tiny_stash,0.2709190633595006,0.188964546924538,0.0415518252487452,False,Space,Reward,0.22504561573734955,0.0,0.0,-1,rejected,0.0
hasDeployment,Motrain,0.277534278017194,0.19466889155342443,0.0,False,unknown,GameElementResource,0.2220274224137552,0.0,0.0,-1,rejected,0.0
Deployment,Motrain,0.277534278017194,0.19466889155342443,0.0,False,unknown,GameElementResource,0.2220274224137552,0.0,0.0,-1,rejected,0.0
GamificationExperience,Availability_Block_Game_by_level,0.2766745237626281,0.14606564128759775,0.0,False,Class,Level,0.22133961901010246,0.0,0.0,-1,rejected,0.0
Leaderboard,Availability_Block_Game_by_level,0.274675032107639,0.13654262237087994,0.0,False,Class,Level,0.2197400256861112,0.0,0.0,-1,rejected,0.0
hasExperience,Availability_Block_Game_by_level,0.2732112909739837,0.128481705081871,0.0,False,ObjectProperty,Level,0.218569032779187,0.0,0.0,-1,rejected,0.0
MathCoursesCommunity,BLockGame,0.23148548890618273,0.11556380111684432,0.12935257077791257,False,Space,Badge,0.21105890528052873,0.0,0.0,-1,rejected,0.0
hasKey,Tiny_stash,0.2391129022101172,0.2643920584625669,0.0415518252487452,False,AnnotationProperty,Reward,0.19960068681784282,0.0,0.0,-1,rejected,0.0
res,Quizventure,0.24691116177753197,0.10431647961664985,0.0,False,Variable,GameElementResource,0.1975289294220256,0.0,0.0,-1,rejected,0.0
res,Interactive_Content_–_H5P,0.24691116177753197,0.10431647961664985,0.0,False,Variable,GameElementResource,0.1975289294220256,0.0,0.0,-1,rejected,0.0
res,Game,0.24691116177753197,0.10431647961664985,0.0,False,Variable,GameElementResource,0.1975289294220256,0.0,0.0,-1,rejected,0.0
res,Block_Game,0.24691116177753197,0.10431647961664985,0.0,False,Variable,GameElementResource,0.1975289294220256,0.0,0.0,-1,rejected,0.0
CreativeWork,Block_Game,0.24120132841796332,0.11784375530655836,0.0,False,unknown,GameElementResource,0.19296106273437066,0.0,0.0,-1,rejected,0.0
CreativeWork,Game,0.24120132841796332,0.11784375530655836,0.0,False,unknown,GameElementResource,0.19296106273437066,0.0,0.0,-1,rejected,0.0
CreativeWork,Interactive_Content_–_H5P,0.24120132841796332,0.11784375530655836,0.0,False,unknown,GameElementResource,0.19296106273437066,0.0,0.0,-1,rejected,0.0
CreativeWork,Quizventure,0.24120132841796332,0.11784375530655836,0.0,False,unknown,GameElementResource,0.19296106273437066,0.0,0.0,-1,rejected,0.0
Buil-in_Data_Types,Quizventure,0.23943815551064906,0.16770451381020537,0.0,False,GamifiedResource,GameElementResource,0.19155052440851927,0.0,0.0,-1,rejected,0.0
Buil-in_Data_Types,Game,0.23943815551064906,0.16770451381020537,0.0,False,GamifiedResource,GameElementResource,0.19155052440851927,0.0,0.0,-1,rejected,0.0
Buil-in_Data_Types,Block_Game,0.23943815551064906,0.16770451381020537,0.0,False,GamifiedResource,GameElementResource,0.19155052440851927,0.0,0.0,-1,rejected,0.0
Buil-in_Data_Types,Interactive_Content_–_H5P,0.23943815551064906,0.16770451381020537,0.0,False,GamifiedResource,GameElementResource,0.19155052440851927,0.0,0.0,-1,rejected,0.0
CompositeResource,Availability_Block_Game_by_level,0.23840292885663228,0.14223488241326576,0.0,False,unknown,Level,0.19072234308530583,0.0,0.0,-1,rejected,0.0
User,Motrain,0.23830490609283017,0.12263495932703665,0.0,False,unknown,GameElementResource,0.19064392487426415,0.0,0.0,-1,rejected,0.0
r,Availability_Block_Game_by_level,0.23235758667700052,0.13520860283003203,0.0,False,Variable,Level,0.18588606934160043,0.0,0.0,-1,rejected,0.0
Usergroup,Tiny_stash,0.2203064688317927,0.25987088444296913,0.0415518252487452,False,unknown,Reward,0.18455554011518321,0.0,0.0,-1,rejected,0.0
FeatureOfInterest,Tiny_stash,0.2191548555002305,0.25770236243207606,0.0415518252487452,False,unknown,Reward,0.18363424944993348,0.0,0.0,-1,rejected,0.0
Sensor,Tiny_stash,0.2191548555002305,0.25770236243207606,0.0415518252487452,False,unknown,Reward,0.18363424944993348,0.0,0.0,-1,rejected,0.0
madeBySensor,Tiny_stash,0.2191548555002305,0.25770236243207606,0.0415518252487452,False,unknown,Reward,0.18363424944993348,0.0,0.0,-1,rejected,0.0
isPropertyOf,Tiny_stash,0.2191548555002305,0.25770236243207606,0.0415518252487452,False,unknown,Reward,0.18363424944993348,0.0,0.0,-1,rejected,0.0
1.0,Tiny_stash,0.21904675751593256,0.25761232205898166,0.0415518252487452,False,unknown,Reward,0.18354777106249512,0.0,0.0,-1,rejected,0.0
Item,Tiny_stash,0.2186345672140509,0.2584932743300838,0.0415518252487452,False,unknown,Reward,0.1832180188209898,0.0,0.0,-1,rejected,0.0
Address,Tiny_stash,0.2186345672140509,0.2584932743300838,0.0415518252487452,False,unknown,Reward,0.1832180188209898,0.0,0.0,-1,rejected,0.0
_:b56,Tiny_stash,0.2186345672140509,0.2584932743300838,0.0415518252487452,False,unknown,Reward,0.1832180188209898,0.0,0.0,-1,rejected,0.0
Property,Tiny_stash,0.2186345672140509,0.2584932743300838,0.0415518252487452,False,unknown,Reward,0.1832180188209898,0.0,0.0,-1,rejected,0.0
Container,Tiny_stash,0.2186345672140509,0.2584932743300838,0.0415518252487452,False,unknown,Reward,0.1832180188209898,0.0,0.0,-1,rejected,0.0
Literal,Availability_Block_Game_by_level,0.22814684121640835,0.14758600037098277,0.0,False,unknown,Level,0.1825174729731267,0.0,0.0,-1,rejected,0.0
hasKey,BLockGame,0.19308872288330492,0.17069306713145363,0.12935257077791257,False,AnnotationProperty,Badge,0.18034149246222647,0.0,0.0,-1,rejected,0.0
nonNegativeInteger,Block_Game,0.22506763828227921,0.12085032612554646,0.0,False,unknown,GameElementResource,0.18005411062582338,0.0,0.0,-1,rejected,0.0
nonNegativeInteger,Game,0.22506763828227921,0.12085032612554646,0.0,False,unknown,GameElementResource,0.18005411062582338,0.0,0.0,-1,rejected,0.0
nonNegativeInteger,Quizventure,0.22506763828227921,0.12085032612554646,0.0,False,unknown,GameElementResource,0.18005411062582338,0.0,0.0,-1,rejected,0.0
nonNegativeInteger,Interactive_Content_–_H5P,0.22506763828227921,0.12085032612554646,0.0,False,unknown,GameElementResource,0.18005411062582338,0.0,0.0,-1,rejected,0.0
Experience,Availability_Block_Game_by_level,0.22354551398784173,0.13252055358482392,0.0,False,Class,Level,0.17883641119027338,0.0,0.0,-1,rejected,0.0
Knowledge,Availability_Block_Game_by_level,0.22340630748832932,0.1392190305700126,0.0,False,Class,Level,0.17872504599066347,0.0,0.0,-1,rejected,0.0
OnlineAccount,Motrain,0.21961231015477942,0.15407300461980386,0.0,False,unknown,GameElementResource,0.17568984812382354,0.0,0.0,-1,rejected,0.0
Learner,Availability_Block_Game_by_level,0.21939466415109035,0.13620304166863953,0.0,False,unknown,Level,0.17551573132087228,0.0,0.0,-1,rejected,0.0
Activity,Block_Game,0.21683698005664165,0.1244309688035833,0.0,False,unknown,GameElementResource,0.17346958404531332,0.0,0.0,-1,rejected,0.0
Activity,Game,0.21683698005664165,0.1244309688035833,0.0,False,unknown,GameElementResource,0.17346958404531332,0.0,0.0,-1,rejected,0.0
Activity,Interactive_Content_–_H5P,0.21683698005664165,0.1244309688035833,0.0,False,unknown,GameElementResource,0.17346958404531332,0.0,0.0,-1,rejected,0.0
Activity,Quizventure,0.21683698005664165,0.1244309688035833,0.0,False,unknown,GameElementResource,0.17346958404531332,0.0,0.0,-1,rejected,0.0
Mike,Tiny_stash,0.20631336184597057,0.18367189366088524,0.0415518252487452,False,Teacher,Reward,0.17336105452652553,0.0,0.0,-1,rejected,0.0
hasDeployment,Availability_Block_Game_by_level,0.21315485588845506,0.13711255140827436,0.0,False,unknown,Level,0.17052388471076407,0.0,0.0,-1,rejected,0.0
Deployment,Availability_Block_Game_by_level,0.21315485588845506,0.13711255140827436,0.0,False,unknown,Level,0.17052388471076407,0.0,0.0,-1,rejected,0.0
User,Availability_Block_Game_by_level,0.2089332202278739,0.130426840254504,0.0,False,unknown,Level,0.1671465761822991,0.0,0.0,-1,rejected,0.0
cardinality,Tiny_stash,0.19559845237015677,0.17102234763871593,0.0415518252487452,False,AnnotationProperty,Reward,0.16478912694587447,0.0,0.0,-1,rejected,0.0
hasValue,Tiny_stash,0.19559845237015677,0.17102234763871593,0.0415518252487452,False,AnnotationProperty,Reward,0.16478912694587447,0.0,0.0,-1,rejected,0.0
creator_of,Tiny_stash,0.1955984464096923,0.1710223395898344,0.0415518252487452,False,AnnotationProperty,Reward,0.16478912217750288,0.0,0.0,-1,rejected,0.0
avatar,Tiny_stash,0.1955984464096923,0.1710223395898344,0.0415518252487452,False,AnnotationProperty,Reward,0.16478912217750288,0.0,0.0,-1,rejected,0.0
usergroup_of,Tiny_stash,0.1955984464096923,0.1710223395898344,0.0415518252487452,False,AnnotationProperty,Reward,0.16478912217750288,0.0,0.0,-1,rejected,0.0
num_threads,Tiny_stash,0.1955984464096923,0.1710223395898344,0.0415518252487452,False,AnnotationProperty,Reward,0.16478912217750288,0.0,0.0,-1,rejected,0.0
key,Tiny_stash,0.1955984464096923,0.1710223395898344,0.0415518252487452,False,AnnotationProperty,Reward,0.16478912217750288,0.0,0.0,-1,rejected,0.0
subject,Tiny_stash,0.1955984464096923,0.1710223395898344,0.0415518252487452,False,AnnotationProperty,Reward,0.16478912217750288,0.0,0.0,-1,rejected,0.0
SpatialThing,Availability_Block_Game_by_level,0.2058974826332666,0.14093187687242997,0.0,False,unknown,Level,0.16471798610661328,0.0,0.0,-1,rejected,0.0
Usergroup,BLockGame,0.17341657567441032,0.17230932767309007,0.12935257077791257,False,unknown,Badge,0.16460377469511078,0.0,0.0,-1,rejected,0.0
Sensor,BLockGame,0.17216593440426672,0.17097790437615268,0.12935257077791257,False,unknown,Badge,0.16360326167899591,0.0,0.0,-1,rejected,0.0
FeatureOfInterest,BLockGame,0.17216593440426672,0.17097790437615268,0.12935257077791257,False,unknown,Badge,0.16360326167899591,0.0,0.0,-1,rejected,0.0
isPropertyOf,BLockGame,0.17216593440426672,0.17097790437615268,0.12935257077791257,False,unknown,Badge,0.16360326167899591,0.0,0.0,-1,rejected,0.0
madeBySensor,BLockGame,0.17216593440426672,0.17097790437615268,0.12935257077791257,False,unknown,Badge,0.16360326167899591,0.0,0.0,-1,rejected,0.0
1.0,BLockGame,0.17205253182957977,0.170943783902653,0.12935257077791257,False,unknown,Badge,0.16351253961924633,0.0,0.0,-1,rejected,0.0
Address,BLockGame,0.17165291487739193,0.1717711918525739,0.12935257077791257,False,unknown,Badge,0.16319284605749607,0.0,0.0,-1,rejected,0.0
Container,BLockGame,0.17165291487739193,0.1717711918525739,0.12935257077791257,False,unknown,Badge,0.16319284605749607,0.0,0.0,-1,rejected,0.0
Property,BLockGame,0.17165291487739193,0.1717711918525739,0.12935257077791257,False,unknown,Badge,0.16319284605749607,0.0,0.0,-1,rejected,0.0
_:b56,BLockGame,0.17165291487739193,0.1717711918525739,0.12935257077791257,False,unknown,Badge,0.16319284605749607,0.0,0.0,-1,rejected,0.0
Item,BLockGame,0.17165291487739193,0.1717711918525739,0.12935257077791257,False,unknown,Badge,0.16319284605749607,0.0,0.0,-1,rejected,0.0
philanthropest,Availability_Block_Game_by_level,0.2038416833494594,0.17676233684081566,0.0,False,NamedIndividual|_:b17,Level,0.16307334667956752,0.0,0.0,-1,rejected,0.0
fgiasson,Availability_Block_Game_by_level,0.2038416833494594,0.17676233684081566,0.0,False,Agent,Level,0.16307334667956752,0.0,0.0,-1,rejected,0.0
visual,Availability_Block_Game_by_level,0.2038416833494594,0.17676233684081566,0.0,False,InputPole,Level,0.16307334667956752,0.0,0.0,-1,rejected,0.0
Access_Resource_No.340,Availability_Block_Game_by_level,0.2038416833494594,0.17676233684081566,0.0,False,AccessResourceActivity,Level,0.16307334667956752,0.0,0.0,-1,rejected,0.0
socializer,Availability_Block_Game_by_level,0.2038416833494594,0.17676233684081566,0.0,False,NamedIndividual|_:b18,Level,0.16307334667956752,0.0,0.0,-1,rejected,0.0
explorer,Availability_Block_Game_by_level,0.2038416833494594,0.17676233684081566,0.0,False,NamedIndividual|_:b16,Level,0.16307334667956752,0.0,0.0,-1,rejected,0.0
achiever,Availability_Block_Game_by_level,0.2038416833494594,0.17676233684081566,0.0,False,NamedIndividual|_:b15,Level,0.16307334667956752,0.0,0.0,-1,rejected,0.0
Intermediate,Availability_Block_Game_by_level,0.2038416833494594,0.17676233684081566,0.0,False,Experience,Level,0.16307334667956752,0.0,0.0,-1,rejected,0.0
has_preLesson,Availability_Block_Game_by_level,0.20382616652152072,0.17678396477178615,0.0,False,ObjectProperty,Level,0.1630609332172166,0.0,0.0,-1,rejected,0.0
Space,Availability_Block_Game_by_level,0.20316269261525316,0.1306663610267297,0.0,False,unknown,Level,0.16253015409220253,0.0,0.0,-1,rejected,0.0
Points,Availability_Block_Game_by_level,0.20314934593011152,0.12944659194568503,0.0,False,Class,Level,0.16251947674408923,0.0,0.0,-1,rejected,0.0
TeacherGroupB,Motrain,0.20249294749257468,0.1184184985614125,0.0,False,FreeGroup,GameElementResource,0.16199435799405976,0.0,0.0,-1,rejected,0.0
Leaderboard,Interactive_Content_–_H5P,0.20187723655058493,0.11207502966765506,0.0,False,Class,GameElementResource,0.16150178924046796,0.0,0.0,-1,rejected,0.0
Leaderboard,Game,0.20187723655058493,0.11207502966765506,0.0,False,Class,GameElementResource,0.16150178924046796,0.0,0.0,-1,rejected,0.0
Leaderboard,Quizventure,0.20187723655058493,0.11207502966765506,0.0,False,Class,GameElementResource,0.16150178924046796,0.0,0.0,-1,rejected,0.0
Leaderboard,Block_Game,0.20187723655058493,0.11207502966765506,0.0,False,Class,GameElementResource,0.16150178924046796,0.0,0.0,-1,rejected,0.0
resource_340,Availability_Block_Game_by_level,0.201156203685803,0.17885702370700982,0.0,False,NamedIndividual,Level,0.16092496294864242,0.0,0.0,-1,rejected,0.0
Fellowship,Availability_Block_Game_by_level,0.201156203685803,0.17885702370700982,0.0,False,NamedIndividual,Level,0.16092496294864242,0.0,0.0,-1,rejected,0.0
Objective,Availability_Block_Game_by_level,0.20109412727246867,0.13499754128916275,0.0,False,Class,Level,0.16087530181797494,0.0,0.0,-1,rejected,0.0
Activity,bonusPoints,0.20073411794789778,0.12775308281700043,0.0,False,unknown,BonusPoints,0.16058729435831823,0.0,0.0,-1,rejected,0.0
hasPart,Availability_Block_Game_by_level,0.1991006386488037,0.13279385699893975,0.0,False,unknown,Level,0.15928051091904297,0.0,0.0,-1,rejected,0.0
GE_TinyStash,Availability_Block_Game_by_level,0.19864621704512553,0.1761685088748919,0.0,False,ReferenceKey,Level,0.15891697363610044,0.0,0.0,-1,rejected,0.0
TeacherGroupB,Availability_Block_Game_by_level,0.19852883815504305,0.12753048185641652,0.0,False,FreeGroup,Level,0.15882307052403444,0.0,0.0,-1,rejected,0.0
experienceLevel,Availability_Block_Game_by_level,0.19795765518878994,0.12631050836264712,0.0,False,DatatypeProperty,Level,0.15836612415103196,0.0,0.0,-1,rejected,0.0
isbn,Availability_Block_Game_by_level,0.19780005824114238,0.1768426567898699,0.0,False,AnnotationProperty,Level,0.1582400465929139,0.0,0.0,-1,rejected,0.0
minQualifiedCardinality,Availability_Block_Game_by_level,0.19780005824114238,0.1768426567898699,0.0,False,AnnotationProperty,Level,0.1582400465929139,0.0,0.0,-1,rejected,0.0
id,Availability_Block_Game_by_level,0.19780005824114238,0.1768426567898699,0.0,False,AnnotationProperty,Level,0.1582400465929139,0.0,0.0,-1,rejected,0.0
identifier,Availability_Block_Game_by_level,0.19780005824114238,0.1768426567898699,0.0,False,AnnotationProperty,Level,0.1582400465929139,0.0,0.0,-1,rejected,0.0
member_of,Availability_Block_Game_by_level,0.19780005824114238,0.1768426567898699,0.0,False,AnnotationProperty,Level,0.1582400465929139,0.0,0.0,-1,rejected,0.0
isRuleEnabled,Availability_Block_Game_by_level,0.19780005824114238,0.1768426567898699,0.0,False,AnnotationProperty,Level,0.1582400465929139,0.0,0.0,-1,rejected,0.0
has_usergroup,Availability_Block_Game_by_level,0.19780005824114238,0.1768426567898699,0.0,False,AnnotationProperty,Level,0.1582400465929139,0.0,0.0,-1,rejected,0.0
age,Availability_Block_Game_by_level,0.19780005824114238,0.1768426567898699,0.0,False,AnnotationProperty,Level,0.1582400465929139,0.0,0.0,-1,rejected,0.0
hasExperience,Game,0.19739394378431616,0.10486584433890814,0.0,False,ObjectProperty,GameElementResource,0.15791515502745293,0.0,0.0,-1,rejected,0.0
hasExperience,Interactive_Content_–_H5P,0.19739394378431616,0.10486584433890814,0.0,False,ObjectProperty,GameElementResource,0.15791515502745293,0.0,0.0,-1,rejected,0.0
hasExperience,Quizventure,0.19739394378431616,0.10486584433890814,0.0,False,ObjectProperty,GameElementResource,0.15791515502745293,0.0,0.0,-1,rejected,0.0
hasExperience,Block_Game,0.19739394378431616,0.10486584433890814,0.0,False,ObjectProperty,GameElementResource,0.15791515502745293,0.0,0.0,-1,rejected,0.0
GamificationExperience,Game,0.19723558636138794,0.11022669401519253,0.0,False,Class,GameElementResource,0.15778846908911037,0.0,0.0,-1,rejected,0.0
GamificationExperience,Interactive_Content_–_H5P,0.19723558636138794,0.11022669401519253,0.0,False,Class,GameElementResource,0.15778846908911037,0.0,0.0,-1,rejected,0.0
GamificationExperience,Quizventure,0.19723558636138794,0.11022669401519253,0.0,False,Class,GameElementResource,0.15778846908911037,0.0,0.0,-1,rejected,0.0
GamificationExperience,Block_Game,0.19723558636138794,0.11022669401519253,0.0,False,Class,GameElementResource,0.15778846908911037,0.0,0.0,-1,rejected,0.0
OnlineAccount,Availability_Block_Game_by_level,0.1959066505402432,0.13447026057570755,0.0,False,unknown,Level,0.15672532043219456,0.0,0.0,-1,rejected,0.0
PerceptionPole,Availability_Block_Game_by_level,0.19529759426389823,0.13606350444716164,0.0,False,Class,Level,0.1562380754111186,0.0,0.0,-1,rejected,0.0
InputPole,Availability_Block_Game_by_level,0.19529759426389823,0.13606350444716164,0.0,False,Class,Level,0.1562380754111186,0.0,0.0,-1,rejected,0.0
Interactive_Content_–_H5P,Availability_Block_Game_by_level,0.19416258105494616,0.17246073568170103,0.0,False,GameElementResource,Level,0.15533006484395695,0.0,0.0,-1,rejected,0.0
Block_Game,Availability_Block_Game_by_level,0.19416258105494616,0.17246073568170103,0.0,False,GameElementResource,Level,0.15533006484395695,0.0,0.0,-1,rejected,0.0
Quizventure,Availability_Block_Game_by_level,0.19416258105494616,0.17246073568170103,0.0,False,GameElementResource,Level,0.15533006484395695,0.0,0.0,-1,rejected,0.0
Game,Availability_Block_Game_by_level,0.19416258105494616,0.17246073568170103,0.0,False,GameElementResource,Level,0.15533006484395695,0.0,0.0,-1,rejected,0.0
Mike,BLockGame,0.16157583201015652,0.1447821929857792,0.12935257077791257,False,Teacher,Badge,0.15513117976370772,0.0,0.0,-1,rejected,0.0
hasObjective,Availability_Block_Game_by_level,0.1923329673197852,0.13000046940022472,0.0,False,TransitiveProperty,Level,0.15386637385582816,0.0,0.0,-1,rejected,0.0
stringEqualIgnoreCase,Availability_Block_Game_by_level,0.1923045563142886,0.1351319742044453,0.0,False,unknown,Level,0.1538436450514309,0.0,0.0,-1,rejected,0.0
equal,Availability_Block_Game_by_level,0.1922609096324937,0.13512035538945652,0.0,False,unknown,Level,0.15380872770599496,0.0,0.0,-1,rejected,0.0
gel,Availability_Block_Game_by_level,0.18990623311785002,0.1315677326010503,0.0,False,Variable,Level,0.15192498649428002,0.0,0.0,-1,rejected,0.0
BehaviouralObjective,Availability_Block_Game_by_level,0.18861544435079747,0.1387260810030256,0.0,False,Class,Level,0.15089235548063798,0.0,0.0,-1,rejected,0.0
bonusPoints,Availability_Block_Game_by_level,0.18716927748098075,0.17699759242958404,0.0,False,BonusPoints,Level,0.1497354219847846,0.0,0.0,-1,rejected,0.0
has_parent,Tiny_stash,0.1767016886990858,0.1701289203423987,0.0415518252487452,False,unknown,Reward,0.1496717160090177,0.0,0.0,-1,rejected,0.0
indexed_by,Tiny_stash,0.1767016886990858,0.1701289203423987,0.0415518252487452,False,unknown,Reward,0.1496717160090177,0.0,0.0,-1,rejected,0.0
was_generated_by,Tiny_stash,0.1767016886990858,0.1701289203423987,0.0415518252487452,False,unknown,Reward,0.1496717160090177,0.0,0.0,-1,rejected,0.0
CreateResourceActivity,Tiny_stash,0.17670168273862136,0.17012891142368888,0.0415518252487452,False,unknown,Reward,0.14967171124064615,0.0,0.0,-1,rejected,0.0
used,Tiny_stash,0.17670168273862136,0.17012891142368888,0.0415518252487452,False,unknown,Reward,0.14967171124064615,0.0,0.0,-1,rejected,0.0
has_member,Tiny_stash,0.17670168273862136,0.17012891142368888,0.0415518252487452,False,unknown,Reward,0.14967171124064615,0.0,0.0,-1,rejected,0.0
has_moderator,Tiny_stash,0.17670168273862136,0.17012891142368888,0.0415518252487452,False,unknown,Reward,0.14967171124064615,0.0,0.0,-1,rejected,0.0
ReflexiveProperty,Tiny_stash,0.17670168273862136,0.17012891142368888,0.0415518252487452,False,unknown,Reward,0.14967171124064615,0.0,0.0,-1,rejected,0.0
create_organization,Tiny_stash,0.17670168273862136,0.17012891142368888,0.0415518252487452,False,unknown,Reward,0.14967171124064615,0.0,0.0,-1,rejected,0.0
has_owner,Tiny_stash,0.17670168273862136,0.17012891142368888,0.0415518252487452,False,unknown,Reward,0.14967171124064615,0.0,0.0,-1,rejected,0.0
has_creator,Tiny_stash,0.17670168273862136,0.17012891142368888,0.0415518252487452,False,unknown,Reward,0.14967171124064615,0.0,0.0,-1,rejected,0.0
is_processed_by,Tiny_stash,0.17670168273862136,0.17012891142368888,0.0415518252487452,False,unknown,Reward,0.14967171124064615,0.0,0.0,-1,rejected,0.0
Sampler,Tiny_stash,0.17670168273862136,0.17012891142368888,0.0415518252487452,False,unknown,Reward,0.14967171124064615,0.0,0.0,-1,rejected,0.0
_:b55,Tiny_stash,0.17670168273862136,0.17012891142368888,0.0415518252487452,False,unknown,Reward,0.14967171124064615,0.0,0.0,-1,rejected,0.0
has_actor,Tiny_stash,0.17670168273862136,0.17012891142368888,0.0415518252487452,False,unknown,Reward,0.14967171124064615,0.0,0.0,-1,rejected,0.0
CreateUser,Tiny_stash,0.17670168273862136,0.17012891142368888,0.0415518252487452,False,unknown,Reward,0.14967171124064615,0.0,0.0,-1,rejected,0.0
DeleteResourceActivity,Tiny_stash,0.17670168273862136,0.17012891142368888,0.0415518252487452,False,unknown,Reward,0.14967171124064615,0.0,0.0,-1,rejected,0.0
shared_by,Tiny_stash,0.17670168273862136,0.17012891142368888,0.0415518252487452,False,unknown,Reward,0.14967171124064615,0.0,0.0,-1,rejected,0.0
about_modify,Tiny_stash,0.17670168273862136,0.17012891142368888,0.0415518252487452,False,unknown,Reward,0.14967171124064615,0.0,0.0,-1,rejected,0.0
adr,Tiny_stash,0.17670168273862136,0.17012891142368888,0.0415518252487452,False,unknown,Reward,0.14967171124064615,0.0,0.0,-1,rejected,0.0
ObservableProperty,Tiny_stash,0.17670168273862136,0.17012891142368888,0.0415518252487452,False,unknown,Reward,0.14967171124064615,0.0,0.0,-1,rejected,0.0
UserAccount,Motrain,0.18686314683871763,0.12737130669209099,0.0,False,unknown,GameElementResource,0.1494905174709741,0.0,0.0,-1,rejected,0.0
hasValue,BLockGame,0.15422652198385464,0.14181859936661917,0.12935257077791257,False,AnnotationProperty,Badge,0.14925173174266623,0.0,0.0,-1,rejected,0.0
avatar,BLockGame,0.15422652198385464,0.14181859936661917,0.12935257077791257,False,AnnotationProperty,Badge,0.14925173174266623,0.0,0.0,-1,rejected,0.0
subject,BLockGame,0.15422652198385464,0.14181859936661917,0.12935257077791257,False,AnnotationProperty,Badge,0.14925173174266623,0.0,0.0,-1,rejected,0.0
creator_of,BLockGame,0.15422652198385464,0.14181859936661917,0.12935257077791257,False,AnnotationProperty,Badge,0.14925173174266623,0.0,0.0,-1,rejected,0.0
usergroup_of,BLockGame,0.15422652198385464,0.14181859936661917,0.12935257077791257,False,AnnotationProperty,Badge,0.14925173174266623,0.0,0.0,-1,rejected,0.0
key,BLockGame,0.15422652198385464,0.14181859936661917,0.12935257077791257,False,AnnotationProperty,Badge,0.14925173174266623,0.0,0.0,-1,rejected,0.0
cardinality,BLockGame,0.15422652198385464,0.14181859936661917,0.12935257077791257,False,AnnotationProperty,Badge,0.14925173174266623,0.0,0.0,-1,rejected,0.0
num_threads,BLockGame,0.15422652198385464,0.14181859936661917,0.12935257077791257,False,AnnotationProperty,Badge,0.14925173174266623,0.0,0.0,-1,rejected,0.0
_:b58,Availability_Block_Game_by_level,0.1861885839582233,0.17633573448798115,0.0,False,unknown,Level,0.14895086716657865,0.0,0.0,-1,rejected,0.0
_:b57,Availability_Block_Game_by_level,0.1861885839582233,0.17633573448798115,0.0,False,unknown,Level,0.14895086716657865,0.0,0.0,-1,rejected,0.0
Error1,Availability_Block_Game_by_level,0.18603068831379826,0.13809954440029676,0.0,False,Class,Level,0.1488245506510386,0.0,0.0,-1,rejected,0.0
Audience,Availability_Block_Game_by_level,0.18545849675796008,0.13737617008303923,0.0,False,Class,Level,0.14836679740636807,0.0,0.0,-1,rejected,0.0
Lesson,Availability_Block_Game_by_level,0.18538308523347696,0.13690517228570423,0.0,False,unknown,Level,0.1483064681867816,0.0,0.0,-1,rejected,0.0
UserAccount,Availability_Block_Game_by_level,0.18497985620387708,0.13210080977247746,0.0,False,unknown,Level,0.14798388496310166,0.0,0.0,-1,rejected,0.0
l,Availability_Block_Game_by_level,0.1845500653620275,0.13371530889071268,0.0,False,Variable,Level,0.14764005228962201,0.0,0.0,-1,rejected,0.0
b,Availability_Block_Game_by_level,0.18429979998569987,0.13366614159898774,0.0,False,Variable,Level,0.1474398399885599,0.0,0.0,-1,rejected,0.0
Participation,Availability_Block_Game_by_level,0.18419736767869788,0.1351002528934392,0.0,False,NamedIndividual,Level,0.1473578941429583,0.0,0.0,-1,rejected,0.0
leçon 2 du cours Programmation Orientée Objet,Availability_Block_Game_by_level,0.18292128879123087,0.13277339377109484,0.0,False,unknown,Level,0.1463370310329847,0.0,0.0,-1,rejected,0.0
effectively_use_the_built-in_data_types,Availability_Block_Game_by_level,0.1821616881334145,0.13068003575023437,0.0,False,PedagogicalObjective,Level,0.1457293505067316,0.0,0.0,-1,rejected,0.0
recognizing_the_properties_of_the_built-in_data_types,Availability_Block_Game_by_level,0.1821616881334145,0.13068003575023437,0.0,False,PedagogicalObjective,Level,0.1457293505067316,0.0,0.0,-1,rejected,0.0
PO1,Availability_Block_Game_by_level,0.1821616881334145,0.13068003575023437,0.0,False,PedagogicalObjective,Level,0.1457293505067316,0.0,0.0,-1,rejected,0.0
UnderstandingPole,Availability_Block_Game_by_level,0.1810438512034203,0.13364709781063594,0.0,False,Class,Level,0.14483508096273623,0.0,0.0,-1,rejected,0.0
ProcessingPole,Availability_Block_Game_by_level,0.1810438512034203,0.13364709781063594,0.0,False,Class,Level,0.14483508096273623,0.0,0.0,-1,rejected,0.0
hasLearningStyle,Availability_Block_Game_by_level,0.18055786872996554,0.12832873032527856,0.0,False,ObjectProperty,Level,0.14444629498397243,0.0,0.0,-1,rejected,0.0
number,Availability_Block_Game_by_level,0.17975221975097916,0.13552329087726397,0.0,False,AnnotationProperty,Level,0.14380177580078332,0.0,0.0,-1,rejected,0.0
CompositeResource,Quizventure,0.17969199080184836,0.14419801738479732,0.0,False,unknown,GameElementResource,0.1437535926414787,0.0,0.0,-1,rejected,0.0
CompositeResource,Interactive_Content_–_H5P,0.17969199080184836,0.14419801738479732,0.0,False,unknown,GameElementResource,0.1437535926414787,0.0,0.0,-1,rejected,0.0
CompositeResource,Game,0.17969199080184836,0.14419801738479732,0.0,False,unknown,GameElementResource,0.1437535926414787,0.0,0.0,-1,rejected,0.0
CompositeResource,Block_Game,0.17969199080184836,0.14419801738479732,0.0,False,unknown,GameElementResource,0.1437535926414787,0.0,0.0,-1,rejected,0.0
MathCoursesCommunity,Availability_Block_Game_by_level,0.17899484983721525,0.13131306301923626,0.0,False,Space,Level,0.1431958798697722,0.0,0.0,-1,rejected,0.0
Expert,Availability_Block_Game_by_level,0.1757085315606196,0.13297070560694577,0.0,False,GamificationExperience,Level,0.1405668252484957,0.0,0.0,-1,rejected,0.0
Beginner,Availability_Block_Game_by_level,0.17519279650356404,0.1329682970739073,0.0,False,GamificationExperience,Level,0.14015423720285122,0.0,0.0,-1,rejected,0.0
has_moderator,BLockGame,0.13795054248297584,0.14751942498316184,0.12935257077791257,False,unknown,Badge,0.13623094814196318,0.0,0.0,-1,rejected,0.0
has_parent,BLockGame,0.13795054248297584,0.14751942498316184,0.12935257077791257,False,unknown,Badge,0.13623094814196318,0.0,0.0,-1,rejected,0.0
has_owner,BLockGame,0.13795054248297584,0.14751942498316184,0.12935257077791257,False,unknown,Badge,0.13623094814196318,0.0,0.0,-1,rejected,0.0
has_member,BLockGame,0.13795053652251135,0.14751941273653707,0.12935257077791257,False,unknown,Badge,0.1362309433735916,0.0,0.0,-1,rejected,0.0
Sampler,BLockGame,0.13795053652251135,0.14751941273653707,0.12935257077791257,False,unknown,Badge,0.1362309433735916,0.0,0.0,-1,rejected,0.0
has_actor,BLockGame,0.13795053652251135,0.14751941273653707,0.12935257077791257,False,unknown,Badge,0.1362309433735916,0.0,0.0,-1,rejected,0.0
is_processed_by,BLockGame,0.13795053652251135,0.14751941273653707,0.12935257077791257,False,unknown,Badge,0.1362309433735916,0.0,0.0,-1,rejected,0.0
about_modify,BLockGame,0.13795053652251135,0.14751941273653707,0.12935257077791257,False,unknown,Badge,0.1362309433735916,0.0,0.0,-1,rejected,0.0
_:b55,BLockGame,0.13795053652251135,0.14751941273653707,0.12935257077791257,False,unknown,Badge,0.1362309433735916,0.0,0.0,-1,rejected,0.0
adr,BLockGame,0.13795053652251135,0.14751941273653707,0.12935257077791257,False,unknown,Badge,0.1362309433735916,0.0,0.0,-1,rejected,0.0
CreateResourceActivity,BLockGame,0.13795053652251135,0.14751941273653707,0.12935257077791257,False,unknown,Badge,0.1362309433735916,0.0,0.0,-1,rejected,0.0
CreateUser,BLockGame,0.13795053652251135,0.14751941273653707,0.12935257077791257,False,unknown,Badge,0.1362309433735916,0.0,0.0,-1,rejected,0.0
was_generated_by,BLockGame,0.13795053652251135,0.14751941273653707,0.12935257077791257,False,unknown,Badge,0.1362309433735916,0.0,0.0,-1,rejected,0.0
ReflexiveProperty,BLockGame,0.13795053652251135,0.14751941273653707,0.12935257077791257,False,unknown,Badge,0.1362309433735916,0.0,0.0,-1,rejected,0.0
has_creator,BLockGame,0.13795053652251135,0.14751941273653707,0.12935257077791257,False,unknown,Badge,0.1362309433735916,0.0,0.0,-1,rejected,0.0
used,BLockGame,0.13795053652251135,0.14751941273653707,0.12935257077791257,False,unknown,Badge,0.1362309433735916,0.0,0.0,-1,rejected,0.0
shared_by,BLockGame,0.13795053652251135,0.14751941273653707,0.12935257077791257,False,unknown,Badge,0.1362309433735916,0.0,0.0,-1,rejected,0.0
create_organization,BLockGame,0.13795053652251135,0.14751941273653707,0.12935257077791257,False,unknown,Badge,0.1362309433735916,0.0,0.0,-1,rejected,0.0
DeleteResourceActivity,BLockGame,0.13795053652251135,0.14751941273653707,0.12935257077791257,False,unknown,Badge,0.1362309433735916,0.0,0.0,-1,rejected,0.0
ObservableProperty,BLockGame,0.13795053652251135,0.14751941273653707,0.12935257077791257,False,unknown,Badge,0.1362309433735916,0.0,0.0,-1,rejected,0.0
indexed_by,BLockGame,0.13795053652251135,0.14751941273653707,0.12935257077791257,False,unknown,Badge,0.1362309433735916,0.0,0.0,-1,rejected,0.0
Competition,Availability_Block_Game_by_level,0.16943091903047813,0.13552126767812056,0.0,False,NamedIndividual,Level,0.1355447352243825,0.0,0.0,-1,rejected,0.0
Availability_Block_Game_by_level,Tiny_stash,0.15824875626349483,0.1513541174315576,0.0415518252487452,False,Level,Reward,0.13490937006054493,0.0,0.0,-1,rejected,0.0
Collection,Availability_Block_Game_by_level,0.16815343157150922,0.14034059141041952,0.0,False,Class,Level,0.1345227452572074,0.0,0.0,-1,rejected,0.0
Experience,Block_Game,0.16767642915311654,0.14242129471917148,0.0,False,Class,GameElementResource,0.13414114332249324,0.0,0.0,-1,rejected,0.0
Experience,Game,0.16767642915311654,0.14242129471917148,0.0,False,Class,GameElementResource,0.13414114332249324,0.0,0.0,-1,rejected,0.0
Experience,Interactive_Content_–_H5P,0.16767642915311654,0.14242129471917148,0.0,False,Class,GameElementResource,0.13414114332249324,0.0,0.0,-1,rejected,0.0
Experience,Quizventure,0.16767642915311654,0.14242129471917148,0.0,False,Class,GameElementResource,0.13414114332249324,0.0,0.0,-1,rejected,0.0
Availability_Block_Game_by_level,Quizventure,0.16743821159535333,0.16714163275224916,0.0,False,Level,GameElementResource,0.13395056927628265,0.0,0.0,-1,rejected,0.0
Availability_Block_Game_by_level,Game,0.16743821159535333,0.16714163275224916,0.0,False,Level,GameElementResource,0.13395056927628265,0.0,0.0,-1,rejected,0.0
Availability_Block_Game_by_level,Interactive_Content_–_H5P,0.16743821159535333,0.16714163275224916,0.0,False,Level,GameElementResource,0.13395056927628265,0.0,0.0,-1,rejected,0.0
Availability_Block_Game_by_level,Block_Game,0.16743821159535333,0.16714163275224916,0.0,False,Level,GameElementResource,0.13395056927628265,0.0,0.0,-1,rejected,0.0
Error2,Availability_Block_Game_by_level,0.16740312844511462,0.13716299022439285,0.0,False,Class,Level,0.13392250275609172,0.0,0.0,-1,rejected,0.0
Lecturing,Availability_Block_Game_by_level,0.1662916139998331,0.1357861944675468,0.0,False,NamedIndividual,Level,0.13303329119986648,0.0,0.0,-1,rejected,0.0
LearningStyle,Availability_Block_Game_by_level,0.16500098061929827,0.14131870300331523,0.0,False,Class,Level,0.13200078449543862,0.0,0.0,-1,rejected,0.0
determine iof the teacher's objective is behavioural objective,Availability_Block_Game_by_level,0.16463074638238478,0.137116511322226,0.0,False,unknown,Level,0.13170459710590784,0.0,0.0,-1,rejected,0.0
r,Block_Game,0.1637428939248873,0.1314716512032166,0.0,False,Variable,GameElementResource,0.13099431513990986,0.0,0.0,-1,rejected,0.0
r,Interactive_Content_–_H5P,0.1637428939248873,0.1314716512032166,0.0,False,Variable,GameElementResource,0.13099431513990986,0.0,0.0,-1,rejected,0.0
r,Game,0.1637428939248873,0.1314716512032166,0.0,False,Variable,GameElementResource,0.13099431513990986,0.0,0.0,-1,rejected,0.0
r,Quizventure,0.1637428939248873,0.1314716512032166,0.0,False,Variable,GameElementResource,0.13099431513990986,0.0,0.0,-1,rejected,0.0
Princeton_University,Availability_Block_Game_by_level,0.16351205458970472,0.13371997570266042,0.0,False,EducationalInstitution,Level,0.1308096436717638,0.0,0.0,-1,rejected,0.0
Quizventure,Game,0.16334823389009365,0.17008177620344914,0.0,False,GameElementResource,GameElementResource,0.13067858711207492,0.0,0.0,-1,rejected,0.0
Interactive_Content_–_H5P,Quizventure,0.16334823389009365,0.17008177620344914,0.0,False,GameElementResource,GameElementResource,0.13067858711207492,0.0,0.0,-1,rejected,0.0
Interactive_Content_–_H5P,Game,0.16334823389009365,0.17008177620344914,0.0,False,GameElementResource,GameElementResource,0.13067858711207492,0.0,0.0,-1,rejected,0.0
Quizventure,Block_Game,0.16334823389009365,0.17008177620344914,0.0,False,GameElementResource,GameElementResource,0.13067858711207492,0.0,0.0,-1,rejected,0.0
Quizventure,Interactive_Content_–_H5P,0.16334823389009365,0.17008177620344914,0.0,False,GameElementResource,GameElementResource,0.13067858711207492,0.0,0.0,-1,rejected,0.0
Game,Block_Game,0.16334823389009365,0.17008177620344914,0.0,False,GameElementResource,GameElementResource,0.13067858711207492,0.0,0.0,-1,rejected,0.0
Game,Quizventure,0.16334823389009365,0.17008177620344914,0.0,False,GameElementResource,GameElementResource,0.13067858711207492,0.0,0.0,-1,rejected,0.0
Block_Game,Quizventure,0.16334823389009365,0.17008177620344914,0.0,False,GameElementResource,GameElementResource,0.13067858711207492,0.0,0.0,-1,rejected,0.0
Block_Game,Game,0.16334823389009365,0.17008177620344914,0.0,False,GameElementResource,GameElementResource,0.13067858711207492,0.0,0.0,-1,rejected,0.0
Block_Game,Interactive_Content_–_H5P,0.16334823389009365,0.17008177620344914,0.0,False,GameElementResource,GameElementResource,0.13067858711207492,0.0,0.0,-1,rejected,0.0
Interactive_Content_–_H5P,Block_Game,0.16334823389009365,0.17008177620344914,0.0,False,GameElementResource,GameElementResource,0.13067858711207492,0.0,0.0,-1,rejected,0.0
Game,Interactive_Content_–_H5P,0.16334823389009365,0.17008177620344914,0.0,False,GameElementResource,GameElementResource,0.13067858711207492,0.0,0.0,-1,rejected,0.0
locator,Availability_Block_Game_by_level,0.16284642535445693,0.13582243367065294,0.0,False,AnnotationProperty,Level,0.13027714028356555,0.0,0.0,-1,rejected,0.0
is_part_of,Availability_Block_Game_by_level,0.16201753240146907,0.14042226267381108,0.0,False,unknown,Level,0.12961402592117527,0.0,0.0,-1,rejected,0.0
MathCoursesCommunity,Motrain,0.16185274588859683,0.13265333587616754,0.0,False,Space,GameElementResource,0.12948219671087746,0.0,0.0,-1,rejected,0.0
Array_of_instances,Availability_Block_Game_by_level,0.16172323061029673,0.13134616162951857,0.0,False,Resource,Level,0.12937858448823739,0.0,0.0,-1,rejected,0.0
User,Quizventure,0.16125824826496826,0.14258539185912802,0.0,False,unknown,GameElementResource,0.1290065986119746,0.0,0.0,-1,rejected,0.0
User,Interactive_Content_–_H5P,0.16125824826496826,0.14258539185912802,0.0,False,unknown,GameElementResource,0.1290065986119746,0.0,0.0,-1,rejected,0.0
User,Block_Game,0.16125824826496826,0.14258539185912802,0.0,False,unknown,GameElementResource,0.1290065986119746,0.0,0.0,-1,rejected,0.0
User,Game,0.16125824826496826,0.14258539185912802,0.0,False,unknown,GameElementResource,0.1290065986119746,0.0,0.0,-1,rejected,0.0
Sofia,Availability_Block_Game_by_level,0.16116562707679516,0.13510431082312593,0.0,False,Learner,Level,0.12893250166143613,0.0,0.0,-1,rejected,0.0
Tom,Availability_Block_Game_by_level,0.16116562707679516,0.13510431082312593,0.0,False,Learner,Level,0.12893250166143613,0.0,0.0,-1,rejected,0.0
topDataProperty,Availability_Block_Game_by_level,0.16082260308550825,0.13529455926213366,0.0,False,ObjectProperty,Level,0.1286580824684066,0.0,0.0,-1,rejected,0.0
t2,Availability_Block_Game_by_level,0.1604617288241981,0.13852353974022244,0.0,False,Variable,Level,0.1283693830593585,0.0,0.0,-1,rejected,0.0
Exploration,Availability_Block_Game_by_level,0.16041762659395425,0.13593410558845379,0.0,False,NamedIndividual,Level,0.1283341012751634,0.0,0.0,-1,rejected,0.0
t1,Availability_Block_Game_by_level,0.1603009856366226,0.13851437980394213,0.0,False,Variable,Level,0.12824078850929807,0.0,0.0,-1,rejected,0.0
e2,Availability_Block_Game_by_level,0.16006444303602985,0.13903258557248044,0.0,False,Variable,Level,0.12805155442882388,0.0,0.0,-1,rejected,0.0
e1,Availability_Block_Game_by_level,0.16004178792020207,0.1390310373122511,0.0,False,Variable,Level,0.12803343033616166,0.0,0.0,-1,rejected,0.0
Performance,Availability_Block_Game_by_level,0.1583536007871512,0.13643624436171828,0.0,False,NamedIndividual,Level,0.12668288062972097,0.0,0.0,-1,rejected,0.0
Novice,Availability_Block_Game_by_level,0.1583536007871512,0.13643624436171828,0.0,False,NamedIndividual,Level,0.12668288062972097,0.0,0.0,-1,rejected,0.0
Space,Block_Game,0.15794157114229362,0.14422298297342273,0.0,False,unknown,GameElementResource,0.1263532569138349,0.0,0.0,-1,rejected,0.0
Space,Interactive_Content_–_H5P,0.15794157114229362,0.14422298297342273,0.0,False,unknown,GameElementResource,0.1263532569138349,0.0,0.0,-1,rejected,0.0
Space,Game,0.15794157114229362,0.14422298297342273,0.0,False,unknown,GameElementResource,0.1263532569138349,0.0,0.0,-1,rejected,0.0
Space,Quizventure,0.15794157114229362,0.14422298297342273,0.0,False,unknown,GameElementResource,0.1263532569138349,0.0,0.0,-1,rejected,0.0
Bonus,Availability_Block_Game_by_level,0.15780005972367894,0.13652259796575533,0.0,False,NamedIndividual,Level,0.12624004777894315,0.0,0.0,-1,rejected,0.0
Availability_Block_Game_by_level,BLockGame,0.12530093145850416,0.14899124118818363,0.12935257077791257,False,Level,Badge,0.12611125932238584,0.0,0.0,-1,rejected,0.0
Availability_Block_Game_by_level,bonusPoints,0.15726031545975333,0.17215034850603425,0.0,False,Level,BonusPoints,0.12580825236780266,0.0,0.0,-1,rejected,0.0
3.16.0,Availability_Block_Game_by_level,0.15690163010991767,0.1367244401794804,0.0,False,unknown,Level,0.12552130408793413,0.0,0.0,-1,rejected,0.0
Literal,Interactive_Content_–_H5P,0.15674968490624208,0.13868978594244694,0.0,False,unknown,GameElementResource,0.12539974792499367,0.0,0.0,-1,rejected,0.0
Literal,Block_Game,0.15674968490624208,0.13868978594244694,0.0,False,unknown,GameElementResource,0.12539974792499367,0.0,0.0,-1,rejected,0.0
Literal,Quizventure,0.15674968490624208,0.13868978594244694,0.0,False,unknown,GameElementResource,0.12539974792499367,0.0,0.0,-1,rejected,0.0
Literal,Game,0.15674968490624208,0.13868978594244694,0.0,False,unknown,GameElementResource,0.12539974792499367,0.0,0.0,-1,rejected,0.0
Points,Block_Game,0.1566810047092816,0.14155177157602009,0.0,False,Class,GameElementResource,0.12534480376742527,0.0,0.0,-1,rejected,0.0
Points,Game,0.1566810047092816,0.14155177157602009,0.0,False,Class,GameElementResource,0.12534480376742527,0.0,0.0,-1,rejected,0.0
Points,Quizventure,0.1566810047092816,0.14155177157602009,0.0,False,Class,GameElementResource,0.12534480376742527,0.0,0.0,-1,rejected,0.0
Points,Interactive_Content_–_H5P,0.1566810047092816,0.14155177157602009,0.0,False,Class,GameElementResource,0.12534480376742527,0.0,0.0,-1,rejected,0.0
RFK_L1_R6,Availability_Block_Game_by_level,0.15664682221808954,0.13482280108895534,0.0,False,ReferenceKey,Level,0.12531745777447165,0.0,0.0,-1,rejected,0.0
check if gr has bonus then voluntary,Availability_Block_Game_by_level,0.15642174474431886,0.13688633161812888,0.0,False,unknown,Level,0.1251373957954551,0.0,0.0,-1,rejected,0.0
pageStart,Availability_Block_Game_by_level,0.155896876881884,0.13533152919081057,0.0,False,AnnotationProperty,Level,0.1247175015055072,0.0,0.0,-1,rejected,0.0
is_part_of,Motrain,0.1548401459190606,0.1502935840404726,0.0,False,unknown,GameElementResource,0.12387211673524848,0.0,0.0,-1,rejected,0.0
EducationalInstitution,Availability_Block_Game_by_level,0.1547970366082378,0.13750989330310906,0.0,False,unknown,Level,0.12383762928659024,0.0,0.0,-1,rejected,0.0
Group,Availability_Block_Game_by_level,0.1544796551639109,0.14110220299933854,0.0,False,unknown,Level,0.12358372413112872,0.0,0.0,-1,rejected,0.0
System,Availability_Block_Game_by_level,0.15435485836327628,0.1379407579868757,0.0,False,unknown,Level,0.12348388669062103,0.0,0.0,-1,rejected,0.0
hasSubSystem,Availability_Block_Game_by_level,0.15435485836327623,0.1379407579868757,0.0,False,unknown,Level,0.12348388669062099,0.0,0.0,-1,rejected,0.0
hasKey,Availability_Block_Game_by_level,0.1543256950829886,0.13724283412997024,0.0,False,AnnotationProperty,Level,0.12346055606639089,0.0,0.0,-1,rejected,0.0
bonus,Availability_Block_Game_by_level,0.1540506788457911,0.13797438658410577,0.0,False,unknown,Level,0.12324054307663289,0.0,0.0,-1,rejected,0.0
Learner,Block_Game,0.15400121946815679,0.13621976779523773,0.0,False,unknown,GameElementResource,0.12320097557452543,0.0,0.0,-1,rejected,0.0
Learner,Interactive_Content_–_H5P,0.15400121946815679,0.13621976779523773,0.0,False,unknown,GameElementResource,0.12320097557452543,0.0,0.0,-1,rejected,0.0
Learner,Quizventure,0.15400121946815679,0.13621976779523773,0.0,False,unknown,GameElementResource,0.12320097557452543,0.0,0.0,-1,rejected,0.0
Learner,Game,0.15400121946815679,0.13621976779523773,0.0,False,unknown,GameElementResource,0.12320097557452543,0.0,0.0,-1,rejected,0.0
EducationalTopic,Availability_Block_Game_by_level,0.15356736238100757,0.13885836678284125,0.0,False,Class,Level,0.12285388990480606,0.0,0.0,-1,rejected,0.0
User,bonusPoints,0.15313532399838917,0.1511126510144215,0.0,False,unknown,BonusPoints,0.12250825919871133,0.0,0.0,-1,rejected,0.0
TeacherGroupB,Quizventure,0.15307666341548504,0.14026584038962747,0.0,False,FreeGroup,GameElementResource,0.12246133073238803,0.0,0.0,-1,rejected,0.0
TeacherGroupB,Interactive_Content_–_H5P,0.15307666341548504,0.14026584038962747,0.0,False,FreeGroup,GameElementResource,0.12246133073238803,0.0,0.0,-1,rejected,0.0
TeacherGroupB,Game,0.15307666341548504,0.14026584038962747,0.0,False,FreeGroup,GameElementResource,0.12246133073238803,0.0,0.0,-1,rejected,0.0
TeacherGroupB,Block_Game,0.15307666341548504,0.14026584038962747,0.0,False,FreeGroup,GameElementResource,0.12246133073238803,0.0,0.0,-1,rejected,0.0
Group,Motrain,0.15287416238349405,0.13773666770191018,0.0,False,unknown,GameElementResource,0.12229932990679525,0.0,0.0,-1,rejected,0.0
Knowledge,Interactive_Content_–_H5P,0.1527193896474319,0.1352652870879278,0.0,False,Class,GameElementResource,0.12217551171794552,0.0,0.0,-1,rejected,0.0
Knowledge,Quizventure,0.1527193896474319,0.1352652870879278,0.0,False,Class,GameElementResource,0.12217551171794552,0.0,0.0,-1,rejected,0.0
Knowledge,Game,0.1527193896474319,0.1352652870879278,0.0,False,Class,GameElementResource,0.12217551171794552,0.0,0.0,-1,rejected,0.0
Knowledge,Block_Game,0.1527193896474319,0.1352652870879278,0.0,False,Class,GameElementResource,0.12217551171794552,0.0,0.0,-1,rejected,0.0
Stash,Availability_Block_Game_by_level,0.15268899848457682,0.15751079417045416,0.0,False,Reward,Level,0.12215119878766145,0.0,0.0,-1,rejected,0.0
additional-name,Availability_Block_Game_by_level,0.15251421623804884,0.1406312713925746,0.0,False,unknown,Level,0.12201137299043907,0.0,0.0,-1,rejected,0.0
family-name,Availability_Block_Game_by_level,0.1524563390351702,0.1406312684046054,0.0,False,unknown,Level,0.12196507122813616,0.0,0.0,-1,rejected,0.0
given-name,Availability_Block_Game_by_level,0.15243174308089052,0.1406312843969662,0.0,False,unknown,Level,0.12194539446471242,0.0,0.0,-1,rejected,0.0
honorific-prefix,Availability_Block_Game_by_level,0.1524212855739056,0.14063129431562169,0.0,False,unknown,Level,0.12193702845912449,0.0,0.0,-1,rejected,0.0
honorific-suffix,Availability_Block_Game_by_level,0.152416838188079,0.14063129909790498,0.0,False,unknown,Level,0.1219334705504632,0.0,0.0,-1,rejected,0.0
fgiasson,Game,0.15205548119525236,0.1646779742458406,0.0,False,Agent,GameElementResource,0.12164438495620189,0.0,0.0,-1,rejected,0.0
visual,Interactive_Content_–_H5P,0.15205548119525236,0.1646779742458406,0.0,False,InputPole,GameElementResource,0.12164438495620189,0.0,0.0,-1,rejected,0.0
visual,Block_Game,0.15205548119525236,0.1646779742458406,0.0,False,InputPole,GameElementResource,0.12164438495620189,0.0,0.0,-1,rejected,0.0
fgiasson,Block_Game,0.15205548119525236,0.1646779742458406,0.0,False,Agent,GameElementResource,0.12164438495620189,0.0,0.0,-1,rejected,0.0
visual,Game,0.15205548119525236,0.1646779742458406,0.0,False,InputPole,GameElementResource,0.12164438495620189,0.0,0.0,-1,rejected,0.0
Intermediate,Quizventure,0.15205548119525236,0.1646779742458406,0.0,False,Experience,GameElementResource,0.12164438495620189,0.0,0.0,-1,rejected,0.0
Intermediate,Game,0.15205548119525236,0.1646779742458406,0.0,False,Experience,GameElementResource,0.12164438495620189,0.0,0.0,-1,rejected,0.0
Intermediate,Block_Game,0.15205548119525236,0.1646779742458406,0.0,False,Experience,GameElementResource,0.12164438495620189,0.0,0.0,-1,rejected,0.0
philanthropest,Game,0.15205548119525236,0.1646779742458406,0.0,False,NamedIndividual|_:b17,GameElementResource,0.12164438495620189,0.0,0.0,-1,rejected,0.0
Access_Resource_No.340,Game,0.15205548119525236,0.1646779742458406,0.0,False,AccessResourceActivity,GameElementResource,0.12164438495620189,0.0,0.0,-1,rejected,0.0
explorer,Game,0.15205548119525236,0.1646779742458406,0.0,False,NamedIndividual|_:b16,GameElementResource,0.12164438495620189,0.0,0.0,-1,rejected,0.0
Access_Resource_No.340,Block_Game,0.15205548119525236,0.1646779742458406,0.0,False,AccessResourceActivity,GameElementResource,0.12164438495620189,0.0,0.0,-1,rejected,0.0
Intermediate,Interactive_Content_–_H5P,0.15205548119525236,0.1646779742458406,0.0,False,Experience,GameElementResource,0.12164438495620189,0.0,0.0,-1,rejected,0.0
Access_Resource_No.340,Quizventure,0.15205548119525236,0.1646779742458406,0.0,False,AccessResourceActivity,GameElementResource,0.12164438495620189,0.0,0.0,-1,rejected,0.0
fgiasson,Quizventure,0.15205548119525236,0.1646779742458406,0.0,False,Agent,GameElementResource,0.12164438495620189,0.0,0.0,-1,rejected,0.0
achiever,Block_Game,0.15205548119525236,0.1646779742458406,0.0,False,NamedIndividual|_:b15,GameElementResource,0.12164438495620189,0.0,0.0,-1,rejected,0.0
achiever,Game,0.15205548119525236,0.1646779742458406,0.0,False,NamedIndividual|_:b15,GameElementResource,0.12164438495620189,0.0,0.0,-1,rejected,0.0
achiever,Interactive_Content_–_H5P,0.15205548119525236,0.1646779742458406,0.0,False,NamedIndividual|_:b15,GameElementResource,0.12164438495620189,0.0,0.0,-1,rejected,0.0
socializer,Quizventure,0.15205548119525236,0.1646779742458406,0.0,False,NamedIndividual|_:b18,GameElementResource,0.12164438495620189,0.0,0.0,-1,rejected,0.0
visual,Quizventure,0.15205548119525236,0.1646779742458406,0.0,False,InputPole,GameElementResource,0.12164438495620189,0.0,0.0,-1,rejected,0.0
socializer,Block_Game,0.15205548119525236,0.1646779742458406,0.0,False,NamedIndividual|_:b18,GameElementResource,0.12164438495620189,0.0,0.0,-1,rejected,0.0
fgiasson,Interactive_Content_–_H5P,0.15205548119525236,0.1646779742458406,0.0,False,Agent,GameElementResource,0.12164438495620189,0.0,0.0,-1,rejected,0.0
philanthropest,Block_Game,0.15205548119525236,0.1646779742458406,0.0,False,NamedIndividual|_:b17,GameElementResource,0.12164438495620189,0.0,0.0,-1,rejected,0.0
explorer,Quizventure,0.15205548119525236,0.1646779742458406,0.0,False,NamedIndividual|_:b16,GameElementResource,0.12164438495620189,0.0,0.0,-1,rejected,0.0
philanthropest,Quizventure,0.15205548119525236,0.1646779742458406,0.0,False,NamedIndividual|_:b17,GameElementResource,0.12164438495620189,0.0,0.0,-1,rejected,0.0
philanthropest,Interactive_Content_–_H5P,0.15205548119525236,0.1646779742458406,0.0,False,NamedIndividual|_:b17,GameElementResource,0.12164438495620189,0.0,0.0,-1,rejected,0.0
explorer,Interactive_Content_–_H5P,0.15205548119525236,0.1646779742458406,0.0,False,NamedIndividual|_:b16,GameElementResource,0.12164438495620189,0.0,0.0,-1,rejected,0.0
Access_Resource_No.340,Interactive_Content_–_H5P,0.15205548119525236,0.1646779742458406,0.0,False,AccessResourceActivity,GameElementResource,0.12164438495620189,0.0,0.0,-1,rejected,0.0
explorer,Block_Game,0.15205548119525236,0.1646779742458406,0.0,False,NamedIndividual|_:b16,GameElementResource,0.12164438495620189,0.0,0.0,-1,rejected,0.0
achiever,Quizventure,0.15205548119525236,0.1646779742458406,0.0,False,NamedIndividual|_:b15,GameElementResource,0.12164438495620189,0.0,0.0,-1,rejected,0.0
socializer,Game,0.15205548119525236,0.1646779742458406,0.0,False,NamedIndividual|_:b18,GameElementResource,0.12164438495620189,0.0,0.0,-1,rejected,0.0
socializer,Interactive_Content_–_H5P,0.15205548119525236,0.1646779742458406,0.0,False,NamedIndividual|_:b18,GameElementResource,0.12164438495620189,0.0,0.0,-1,rejected,0.0
has_preLesson,Interactive_Content_–_H5P,0.15203806111020243,0.1646970797082663,0.0,False,ObjectProperty,GameElementResource,0.12163044888816195,0.0,0.0,-1,rejected,0.0
has_preLesson,Game,0.15203806111020243,0.1646970797082663,0.0,False,ObjectProperty,GameElementResource,0.12163044888816195,0.0,0.0,-1,rejected,0.0
has_preLesson,Block_Game,0.15203806111020243,0.1646970797082663,0.0,False,ObjectProperty,GameElementResource,0.12163044888816195,0.0,0.0,-1,rejected,0.0
has_preLesson,Quizventure,0.15203806111020243,0.1646970797082663,0.0,False,ObjectProperty,GameElementResource,0.12163044888816195,0.0,0.0,-1,rejected,0.0
GE,Availability_Block_Game_by_level,0.15159074802965025,0.13787744832836862,0.0,False,Variable,Level,0.12127259842372021,0.0,0.0,-1,rejected,0.0
ge,Availability_Block_Game_by_level,0.15153969092859107,0.1378846120065279,0.0,False,Variable,Level,0.12123175274287286,0.0,0.0,-1,rejected,0.0
Kind,Availability_Block_Game_by_level,0.1511835495910476,0.14064561622507932,0.0,False,unknown,Level,0.12094683967283809,0.0,0.0,-1,rejected,0.0
resource_340,Game,0.15086544941955643,0.16579811922206536,0.0,False,NamedIndividual,GameElementResource,0.12069235953564515,0.0,0.0,-1,rejected,0.0
resource_340,Block_Game,0.15086544941955643,0.16579811922206536,0.0,False,NamedIndividual,GameElementResource,0.12069235953564515,0.0,0.0,-1,rejected,0.0
Fellowship,Interactive_Content_–_H5P,0.15086544941955643,0.16579811922206536,0.0,False,NamedIndividual,GameElementResource,0.12069235953564515,0.0,0.0,-1,rejected,0.0
Fellowship,Block_Game,0.15086544941955643,0.16579811922206536,0.0,False,NamedIndividual,GameElementResource,0.12069235953564515,0.0,0.0,-1,rejected,0.0
resource_340,Interactive_Content_–_H5P,0.15086544941955643,0.16579811922206536,0.0,False,NamedIndividual,GameElementResource,0.12069235953564515,0.0,0.0,-1,rejected,0.0
Fellowship,Game,0.15086544941955643,0.16579811922206536,0.0,False,NamedIndividual,GameElementResource,0.12069235953564515,0.0,0.0,-1,rejected,0.0
Fellowship,Quizventure,0.15086544941955643,0.16579811922206536,0.0,False,NamedIndividual,GameElementResource,0.12069235953564515,0.0,0.0,-1,rejected,0.0
resource_340,Quizventure,0.15086544941955643,0.16579811922206536,0.0,False,NamedIndividual,GameElementResource,0.12069235953564515,0.0,0.0,-1,rejected,0.0
Explorer,Availability_Block_Game_by_level,0.1508119985525616,0.13953679183962678,0.0,False,unknown,Level,0.12064959884204929,0.0,0.0,-1,rejected,0.0
GE_TinyStash,Game,0.15065185565042255,0.16582229197063536,0.0,False,ReferenceKey,GameElementResource,0.12052148452033805,0.0,0.0,-1,rejected,0.0
GE_TinyStash,Quizventure,0.15065185565042255,0.16582229197063536,0.0,False,ReferenceKey,GameElementResource,0.12052148452033805,0.0,0.0,-1,rejected,0.0
GE_TinyStash,Block_Game,0.15065185565042255,0.16582229197063536,0.0,False,ReferenceKey,GameElementResource,0.12052148452033805,0.0,0.0,-1,rejected,0.0
GE_TinyStash,Interactive_Content_–_H5P,0.15065185565042255,0.16582229197063536,0.0,False,ReferenceKey,GameElementResource,0.12052148452033805,0.0,0.0,-1,rejected,0.0
Class,Availability_Block_Game_by_level,0.15062624128439195,0.14066054245430093,0.0,False,unknown,Level,0.12050099302751356,0.0,0.0,-1,rejected,0.0
Entity,Availability_Block_Game_by_level,0.15062624128439195,0.14066054245430093,0.0,False,unknown,Level,0.12050099302751356,0.0,0.0,-1,rejected,0.0
has_usergroup,Game,0.15046653506722812,0.16603238585654892,0.0,False,AnnotationProperty,GameElementResource,0.1203732280537825,0.0,0.0,-1,rejected,0.0
isbn,Block_Game,0.15046653506722812,0.16603238585654892,0.0,False,AnnotationProperty,GameElementResource,0.1203732280537825,0.0,0.0,-1,rejected,0.0
has_usergroup,Quizventure,0.15046653506722812,0.16603238585654892,0.0,False,AnnotationProperty,GameElementResource,0.1203732280537825,0.0,0.0,-1,rejected,0.0
identifier,Interactive_Content_–_H5P,0.15046653506722812,0.16603238585654892,0.0,False,AnnotationProperty,GameElementResource,0.1203732280537825,0.0,0.0,-1,rejected,0.0
identifier,Game,0.15046653506722812,0.16603238585654892,0.0,False,AnnotationProperty,GameElementResource,0.1203732280537825,0.0,0.0,-1,rejected,0.0
isRuleEnabled,Block_Game,0.15046653506722812,0.16603238585654892,0.0,False,AnnotationProperty,GameElementResource,0.1203732280537825,0.0,0.0,-1,rejected,0.0
isRuleEnabled,Game,0.15046653506722812,0.16603238585654892,0.0,False,AnnotationProperty,GameElementResource,0.1203732280537825,0.0,0.0,-1,rejected,0.0
isRuleEnabled,Interactive_Content_–_H5P,0.15046653506722812,0.16603238585654892,0.0,False,AnnotationProperty,GameElementResource,0.1203732280537825,0.0,0.0,-1,rejected,0.0
isRuleEnabled,Quizventure,0.15046653506722812,0.16603238585654892,0.0,False,AnnotationProperty,GameElementResource,0.1203732280537825,0.0,0.0,-1,rejected,0.0
minQualifiedCardinality,Quizventure,0.15046653506722812,0.16603238585654892,0.0,False,AnnotationProperty,GameElementResource,0.1203732280537825,0.0,0.0,-1,rejected,0.0
member_of,Block_Game,0.15046653506722812,0.16603238585654892,0.0,False,AnnotationProperty,GameElementResource,0.1203732280537825,0.0,0.0,-1,rejected,0.0
isbn,Game,0.15046653506722812,0.16603238585654892,0.0,False,AnnotationProperty,GameElementResource,0.1203732280537825,0.0,0.0,-1,rejected,0.0
member_of,Game,0.15046653506722812,0.16603238585654892,0.0,False,AnnotationProperty,GameElementResource,0.1203732280537825,0.0,0.0,-1,rejected,0.0
id,Interactive_Content_–_H5P,0.15046653506722812,0.16603238585654892,0.0,False,AnnotationProperty,GameElementResource,0.1203732280537825,0.0,0.0,-1,rejected,0.0
id,Quizventure,0.15046653506722812,0.16603238585654892,0.0,False,AnnotationProperty,GameElementResource,0.1203732280537825,0.0,0.0,-1,rejected,0.0
age,Quizventure,0.15046653506722812,0.16603238585654892,0.0,False,AnnotationProperty,GameElementResource,0.1203732280537825,0.0,0.0,-1,rejected,0.0
age,Game,0.15046653506722812,0.16603238585654892,0.0,False,AnnotationProperty,GameElementResource,0.1203732280537825,0.0,0.0,-1,rejected,0.0
id,Game,0.15046653506722812,0.16603238585654892,0.0,False,AnnotationProperty,GameElementResource,0.1203732280537825,0.0,0.0,-1,rejected,0.0
identifier,Quizventure,0.15046653506722812,0.16603238585654892,0.0,False,AnnotationProperty,GameElementResource,0.1203732280537825,0.0,0.0,-1,rejected,0.0
id,Block_Game,0.15046653506722812,0.16603238585654892,0.0,False,AnnotationProperty,GameElementResource,0.1203732280537825,0.0,0.0,-1,rejected,0.0
age,Interactive_Content_–_H5P,0.15046653506722812,0.16603238585654892,0.0,False,AnnotationProperty,GameElementResource,0.1203732280537825,0.0,0.0,-1,rejected,0.0
isbn,Quizventure,0.15046653506722812,0.16603238585654892,0.0,False,AnnotationProperty,GameElementResource,0.1203732280537825,0.0,0.0,-1,rejected,0.0
minQualifiedCardinality,Game,0.15046653506722812,0.16603238585654892,0.0,False,AnnotationProperty,GameElementResource,0.1203732280537825,0.0,0.0,-1,rejected,0.0
minQualifiedCardinality,Block_Game,0.15046653506722812,0.16603238585654892,0.0,False,AnnotationProperty,GameElementResource,0.1203732280537825,0.0,0.0,-1,rejected,0.0
has_usergroup,Interactive_Content_–_H5P,0.15046653506722812,0.16603238585654892,0.0,False,AnnotationProperty,GameElementResource,0.1203732280537825,0.0,0.0,-1,rejected,0.0
member_of,Quizventure,0.15046653506722812,0.16603238585654892,0.0,False,AnnotationProperty,GameElementResource,0.1203732280537825,0.0,0.0,-1,rejected,0.0
has_usergroup,Block_Game,0.15046653506722812,0.16603238585654892,0.0,False,AnnotationProperty,GameElementResource,0.1203732280537825,0.0,0.0,-1,rejected,0.0
age,Block_Game,0.15046653506722812,0.16603238585654892,0.0,False,AnnotationProperty,GameElementResource,0.1203732280537825,0.0,0.0,-1,rejected,0.0
minQualifiedCardinality,Interactive_Content_–_H5P,0.15046653506722812,0.16603238585654892,0.0,False,AnnotationProperty,GameElementResource,0.1203732280537825,0.0,0.0,-1,rejected,0.0
identifier,Block_Game,0.15046653506722812,0.16603238585654892,0.0,False,AnnotationProperty,GameElementResource,0.1203732280537825,0.0,0.0,-1,rejected,0.0
member_of,Interactive_Content_–_H5P,0.15046653506722812,0.16603238585654892,0.0,False,AnnotationProperty,GameElementResource,0.1203732280537825,0.0,0.0,-1,rejected,0.0
isbn,Interactive_Content_–_H5P,0.15046653506722812,0.16603238585654892,0.0,False,AnnotationProperty,GameElementResource,0.1203732280537825,0.0,0.0,-1,rejected,0.0
lesson 9 for the course Object Oriented Programming,Availability_Block_Game_by_level,0.15027818662010492,0.1395052336273152,0.0,False,unknown,Level,0.12022254929608395,0.0,0.0,-1,rejected,0.0
leçon 9 du cours Programmation Orientée Objet,Availability_Block_Game_by_level,0.15027818662010492,0.1395052336273152,0.0,False,unknown,Level,0.12022254929608395,0.0,0.0,-1,rejected,0.0
leçon 5 du cours Programmation Orientée Objet,Availability_Block_Game_by_level,0.15024459932717732,0.1395164306984908,0.0,False,unknown,Level,0.12019567946174187,0.0,0.0,-1,rejected,0.0
lesson 5 for the course Object Oriented Programming,Availability_Block_Game_by_level,0.15024459932717732,0.1395164306984908,0.0,False,unknown,Level,0.12019567946174187,0.0,0.0,-1,rejected,0.0
lesson 3 for the course Object Oriented Programming,Availability_Block_Game_by_level,0.15019571131386372,0.13953276174924856,0.0,False,unknown,Level,0.12015656905109098,0.0,0.0,-1,rejected,0.0
leçon 3 du cours Programmation Orientée Objet,Availability_Block_Game_by_level,0.15019571131386372,0.13953276174924856,0.0,False,unknown,Level,0.12015656905109098,0.0,0.0,-1,rejected,0.0
Lesson 1 of course Object oriented programming,Availability_Block_Game_by_level,0.1501953186175525,0.13953289308854885,0.0,False,unknown,Level,0.12015625489404201,0.0,0.0,-1,rejected,0.0
pp,Availability_Block_Game_by_level,0.14994777947391466,0.13877965199520503,0.0,False,Variable,Level,0.11995822357913173,0.0,0.0,-1,rejected,0.0
ip,Availability_Block_Game_by_level,0.14994777947391466,0.13877965199520503,0.0,False,Variable,Level,0.11995822357913173,0.0,0.0,-1,rejected,0.0
l2,Availability_Block_Game_by_level,0.14976769763230696,0.13880060676277609,0.0,False,Variable,Level,0.11981415810584557,0.0,0.0,-1,rejected,0.0
l1,Availability_Block_Game_by_level,0.14976727680509858,0.13880065637870692,0.0,False,Variable,Level,0.11981382144407887,0.0,0.0,-1,rejected,0.0
"Learners receive points for their actions, visualise their progress, compete with others through a leaderboard, and unlock content based on their individual needs and experiences.",Availability_Block_Game_by_level,0.14961711525480692,0.1395329388362054,0.0,False,unknown,Level,0.11969369220384554,0.0,0.0,-1,rejected,0.0
tiny_stash,Availability_Block_Game_by_level,0.14961711525480692,0.1395329388362054,0.0,False,unknown,Level,0.11969369220384554,0.0,0.0,-1,rejected,0.0
Level Up XP,Availability_Block_Game_by_level,0.14961711525480692,0.1395329388362054,0.0,False,unknown,Level,0.11969369220384554,0.0,0.0,-1,rejected,0.0
block_xp,Availability_Block_Game_by_level,0.14961711525480692,0.1395329388362054,0.0,False,unknown,Level,0.11969369220384554,0.0,0.0,-1,rejected,0.0
Tiny Stash,Availability_Block_Game_by_level,0.14961711525480692,0.1395329388362054,0.0,False,unknown,Level,0.11969369220384554,0.0,0.0,-1,rejected,0.0
A companion plugin for block_stash. This allows you to create items and trades from the TinyMCE editor to be inserted into the activities in your course,Availability_Block_Game_by_level,0.14961711525480692,0.1395329388362054,0.0,False,unknown,Level,0.11969369220384554,0.0,0.0,-1,rejected,0.0
Built-in Data Types,Availability_Block_Game_by_level,0.14950026936426022,0.13957122670509184,0.0,False,unknown,Level,0.11960021549140819,0.0,0.0,-1,rejected,0.0
Essential,Availability_Block_Game_by_level,0.14950026936426022,0.13957122670509184,0.0,False,unknown,Level,0.11960021549140819,0.0,0.0,-1,rejected,0.0
fgiasson,Tiny_stash,0.13900751112292375,0.1477041395857633,0.0415518252487452,False,Agent,Reward,0.11951637394808805,0.0,0.0,-1,rejected,0.0
achiever,Tiny_stash,0.13900751112292375,0.1477041395857633,0.0415518252487452,False,NamedIndividual|_:b15,Reward,0.11951637394808805,0.0,0.0,-1,rejected,0.0
Access_Resource_No.340,Tiny_stash,0.13900751112292375,0.1477041395857633,0.0415518252487452,False,AccessResourceActivity,Reward,0.11951637394808805,0.0,0.0,-1,rejected,0.0
philanthropest,Tiny_stash,0.13900751112292375,0.1477041395857633,0.0415518252487452,False,NamedIndividual|_:b17,Reward,0.11951637394808805,0.0,0.0,-1,rejected,0.0
socializer,Tiny_stash,0.13900751112292375,0.1477041395857633,0.0415518252487452,False,NamedIndividual|_:b18,Reward,0.11951637394808805,0.0,0.0,-1,rejected,0.0
explorer,Tiny_stash,0.13900751112292375,0.1477041395857633,0.0415518252487452,False,NamedIndividual|_:b16,Reward,0.11951637394808805,0.0,0.0,-1,rejected,0.0
Intermediate,Tiny_stash,0.13900751112292375,0.1477041395857633,0.0415518252487452,False,Experience,Reward,0.11951637394808805,0.0,0.0,-1,rejected,0.0
visual,Tiny_stash,0.13900751112292375,0.1477041395857633,0.0415518252487452,False,InputPole,Reward,0.11951637394808805,0.0,0.0,-1,rejected,0.0
has_preLesson,Tiny_stash,0.13893164568679509,0.14777166427346725,0.0415518252487452,False,ObjectProperty,Reward,0.11945568159918511,0.0,0.0,-1,rejected,0.0
Deployment,Quizventure,0.1492118177990705,0.1383568186558049,0.0,False,unknown,GameElementResource,0.1193694542392564,0.0,0.0,-1,rejected,0.0
hasDeployment,Quizventure,0.1492118177990705,0.1383568186558049,0.0,False,unknown,GameElementResource,0.1193694542392564,0.0,0.0,-1,rejected,0.0
hasDeployment,Game,0.1492118177990705,0.1383568186558049,0.0,False,unknown,GameElementResource,0.1193694542392564,0.0,0.0,-1,rejected,0.0
hasDeployment,Interactive_Content_–_H5P,0.1492118177990705,0.1383568186558049,0.0,False,unknown,GameElementResource,0.1193694542392564,0.0,0.0,-1,rejected,0.0
Deployment,Interactive_Content_–_H5P,0.1492118177990705,0.1383568186558049,0.0,False,unknown,GameElementResource,0.1193694542392564,0.0,0.0,-1,rejected,0.0
Deployment,Block_Game,0.1492118177990705,0.1383568186558049,0.0,False,unknown,GameElementResource,0.1193694542392564,0.0,0.0,-1,rejected,0.0
hasDeployment,Block_Game,0.1492118177990705,0.1383568186558049,0.0,False,unknown,GameElementResource,0.1193694542392564,0.0,0.0,-1,rejected,0.0
Deployment,Game,0.1492118177990705,0.1383568186558049,0.0,False,unknown,GameElementResource,0.1193694542392564,0.0,0.0,-1,rejected,0.0
LegalDocument,Availability_Block_Game_by_level,0.149153697442238,0.14108057020985196,0.0,False,Class,Level,0.1193229579537904,0.0,0.0,-1,rejected,0.0
leçon 4 du cours Programmation Orientée Objet,Availability_Block_Game_by_level,0.1488456242274611,0.13961215024566773,0.0,False,unknown,Level,0.11907649938196888,0.0,0.0,-1,rejected,0.0
lesson 4 for the course Object Oriented Programming,Availability_Block_Game_by_level,0.1488456242274611,0.13961215024566773,0.0,False,unknown,Level,0.11907649938196888,0.0,0.0,-1,rejected,0.0
lesson 2 for the course Object Oriented Programming,Availability_Block_Game_by_level,0.14884147024126687,0.13961349051535205,0.0,False,unknown,Level,0.1190731761930135,0.0,0.0,-1,rejected,0.0
Event_Handler_and_Listener,Availability_Block_Game_by_level,0.14866342018768136,0.14230589368468732,0.0,False,Lesson,Level,0.1189307361501451,0.0,0.0,-1,rejected,0.0
hasPreLesson,Availability_Block_Game_by_level,0.14856695199871367,0.1437611314408908,0.0,False,ReflexiveProperty,Level,0.11885356159897094,0.0,0.0,-1,rejected,0.0
hasPreResource,Availability_Block_Game_by_level,0.14856695199871367,0.1437611314408908,0.0,False,ReflexiveProperty,Level,0.11885356159897094,0.0,0.0,-1,rejected,0.0
Mike,Availability_Block_Game_by_level,0.14856695199871367,0.1437611314408908,0.0,False,Teacher,Level,0.11885356159897094,0.0,0.0,-1,rejected,0.0
cites,Availability_Block_Game_by_level,0.14854976462915198,0.1437822179003672,0.0,False,ObjectProperty,Level,0.11883981170332159,0.0,0.0,-1,rejected,0.0
hasPedagogicalExperience,Availability_Block_Game_by_level,0.14854976462915198,0.1437822179003672,0.0,False,ObjectProperty,Level,0.11883981170332159,0.0,0.0,-1,rejected,0.0
wasAssociatedWith,Availability_Block_Game_by_level,0.14854975270822302,0.14378219384023674,0.0,False,ObjectProperty,Level,0.11883980216657841,0.0,0.0,-1,rejected,0.0
translator,Availability_Block_Game_by_level,0.14854975270822302,0.14378219384023674,0.0,False,ObjectProperty,Level,0.11883980216657841,0.0,0.0,-1,rejected,0.0
distributor,Availability_Block_Game_by_level,0.14854975270822302,0.14378219384023674,0.0,False,ObjectProperty,Level,0.11883980216657841,0.0,0.0,-1,rejected,0.0
issuer,Availability_Block_Game_by_level,0.14854975270822302,0.14378219384023674,0.0,False,ObjectProperty,Level,0.11883980216657841,0.0,0.0,-1,rejected,0.0
editor,Availability_Block_Game_by_level,0.14854975270822302,0.14378219384023674,0.0,False,ObjectProperty,Level,0.11883980216657841,0.0,0.0,-1,rejected,0.0
lesson 6 for the course Object Oriented Programming,Availability_Block_Game_by_level,0.1483762563863458,0.13961074097546544,0.0,False,unknown,Level,0.11870100510907665,0.0,0.0,-1,rejected,0.0
leçon 6 du cours Programmation Orientée Objet,Availability_Block_Game_by_level,0.1483762563863458,0.13961074097546544,0.0,False,unknown,Level,0.11870100510907665,0.0,0.0,-1,rejected,0.0
game elements relevant to behavioural objectives,Availability_Block_Game_by_level,0.1483618325966179,0.13961528943511126,0.0,False,unknown,Level,0.11868946607729432,0.0,0.0,-1,rejected,0.0
3.0.0,Availability_Block_Game_by_level,0.1483618325966179,0.13961528943511126,0.0,False,unknown,Level,0.11868946607729432,0.0,0.0,-1,rejected,0.0
gamified resource contains one or more game elements,Availability_Block_Game_by_level,0.1483618325966179,0.13961528943511126,0.0,False,unknown,Level,0.11868946607729432,0.0,0.0,-1,rejected,0.0
link exxperience level with number: expert=4,Availability_Block_Game_by_level,0.1483618325966179,0.13961528943511126,0.0,False,unknown,Level,0.11868946607729432,0.0,0.0,-1,rejected,0.0
link exxperience level with number: expert=6,Availability_Block_Game_by_level,0.1483618325966179,0.13961528943511126,0.0,False,unknown,Level,0.11868946607729432,0.0,0.0,-1,rejected,0.0
link exxperience level with number: expert=2,Availability_Block_Game_by_level,0.1483618325966179,0.13961528943511126,0.0,False,unknown,Level,0.11868946607729432,0.0,0.0,-1,rejected,0.0
Identify the more expert teacher between two teachers,Availability_Block_Game_by_level,0.1483618325966179,0.13961528943511126,0.0,False,unknown,Level,0.11868946607729432,0.0,0.0,-1,rejected,0.0
subclass to class,Availability_Block_Game_by_level,0.1483618325966179,0.13961528943511126,0.0,False,unknown,Level,0.11868946607729432,0.0,0.0,-1,rejected,0.0
"the url of the game elment where it can be downloaded. In addition, this url contains information of the game elemnt.",Availability_Block_Game_by_level,0.1483618325966179,0.13961528943511126,0.0,False,unknown,Level,0.11868946607729432,0.0,0.0,-1,rejected,0.0
2.1.1,Availability_Block_Game_by_level,0.1483618325966179,0.13961528943511126,0.0,False,unknown,Level,0.11868946607729432,0.0,0.0,-1,rejected,0.0
Allows the user to choose or change their avatar at any time.,Availability_Block_Game_by_level,0.1483618325966179,0.13961528943511126,0.0,False,unknown,Level,0.11868946607729432,0.0,0.0,-1,rejected,0.0
Linking leaderboard to resources with objective competition,Availability_Block_Game_by_level,0.1483618325966179,0.13961528943511126,0.0,False,unknown,Level,0.11868946607729432,0.0,0.0,-1,rejected,0.0
Gamified resource that contains experience leaderboard game element must contain experience points game element,Availability_Block_Game_by_level,0.1483618325966179,0.13961528943511126,0.0,False,unknown,Level,0.11868946607729432,0.0,0.0,-1,rejected,0.0
linking bonus resources with teaaccher exploration objective,Availability_Block_Game_by_level,0.1483618325966179,0.13961528943511126,0.0,False,unknown,Level,0.11868946607729432,0.0,0.0,-1,rejected,0.0
Gamified resource that contains score leaderboard game element must contain score points game element,Availability_Block_Game_by_level,0.1483618325966179,0.13961528943511126,0.0,False,unknown,Level,0.11868946607729432,0.0,0.0,-1,rejected,0.0
block_game,Availability_Block_Game_by_level,0.1483618325966179,0.13961528943511126,0.0,False,unknown,Level,0.11868946607729432,0.0,0.0,-1,rejected,0.0
"Enables teachers to create items that students can collect, providing an interactive experience where students find items across the course.",Availability_Block_Game_by_level,0.1483618325966179,0.13961528943511126,0.0,False,unknown,Level,0.11868946607729432,0.0,0.0,-1,rejected,0.0
anyURI,Availability_Block_Game_by_level,0.1483618325966179,0.13961528943511126,0.0,False,unknown,Level,0.11868946607729432,0.0,0.0,-1,rejected,0.0
Gamified resource that contains bonus leaderboard game element must contain bonus points game element,Availability_Block_Game_by_level,0.1483618325966179,0.13961528943511126,0.0,False,unknown,Level,0.11868946607729432,0.0,0.0,-1,rejected,0.0
block_stash,Availability_Block_Game_by_level,0.1483618325966179,0.13961528943511126,0.0,False,unknown,Level,0.11868946607729432,0.0,0.0,-1,rejected,0.0
Gamified resource that contains social leaderboard game element must contain social points game element,Availability_Block_Game_by_level,0.1483618325966179,0.13961528943511126,0.0,False,unknown,Level,0.11868946607729432,0.0,0.0,-1,rejected,0.0
Sensitive,Availability_Block_Game_by_level,0.1483237056018721,0.1392378426396604,0.0,False,Class,Level,0.1186589644814977,0.0,0.0,-1,rejected,0.0
Sequential,Availability_Block_Game_by_level,0.1483237056018721,0.1392378426396604,0.0,False,Class,Level,0.1186589644814977,0.0,0.0,-1,rejected,0.0
Reflective,Availability_Block_Game_by_level,0.1483237056018721,0.1392378426396604,0.0,False,Class,Level,0.1186589644814977,0.0,0.0,-1,rejected,0.0
Visual,Availability_Block_Game_by_level,0.1483237056018721,0.1392378426396604,0.0,False,Class,Level,0.1186589644814977,0.0,0.0,-1,rejected,0.0
hasEducationalTopic,Availability_Block_Game_by_level,0.14817214551623423,0.14398753397641675,0.0,False,FunctionalProperty,Level,0.11853771641298738,0.0,0.0,-1,rejected,0.0
Verbal,Availability_Block_Game_by_level,0.14722346554801852,0.15153415067131912,0.0,False,Class,Level,0.11777877243841482,0.0,0.0,-1,rejected,0.0
Global,Availability_Block_Game_by_level,0.14722346554801852,0.15153415067131912,0.0,False,Class,Level,0.11777877243841482,0.0,0.0,-1,rejected,0.0
Active,Availability_Block_Game_by_level,0.14722346554801852,0.15153415067131912,0.0,False,Class,Level,0.11777877243841482,0.0,0.0,-1,rejected,0.0
Intuitive,Availability_Block_Game_by_level,0.14722346554801852,0.15153415067131912,0.0,False,Class,Level,0.11777877243841482,0.0,0.0,-1,rejected,0.0
ressource bonus pour la leçon 3 Méthodes et constructeurs de classe,Availability_Block_Game_by_level,0.14722261129375178,0.13972843705218557,0.0,False,unknown,Level,0.11777808903500142,0.0,0.0,-1,rejected,0.0
bonus resource for lesson 3 Class Methods and Constructors,Availability_Block_Game_by_level,0.14722261129375178,0.13972843705218557,0.0,False,unknown,Level,0.11777808903500142,0.0,0.0,-1,rejected,0.0
bonus material for lesson 1 java basics,Availability_Block_Game_by_level,0.1472224990643174,0.13972847049187911,0.0,False,unknown,Level,0.11777799925145392,0.0,0.0,-1,rejected,0.0
bonus resource for lesson 4 Class Methods and Constructors,Availability_Block_Game_by_level,0.14721782561413718,0.13972986317096367,0.0,False,unknown,Level,0.11777426049130975,0.0,0.0,-1,rejected,0.0
ressource bonus pour la leçon 4 Méthodes et constructeurs de classe,Availability_Block_Game_by_level,0.14721782561413718,0.13972986317096367,0.0,False,unknown,Level,0.11777426049130975,0.0,0.0,-1,rejected,0.0
exercisse of lesson 2 Classes and Objects,Availability_Block_Game_by_level,0.14720055869584206,0.1397350118253925,0.0,False,unknown,Level,0.11776044695667365,0.0,0.0,-1,rejected,0.0
Assessment,Availability_Block_Game_by_level,0.14720055869584206,0.1397350118253925,0.0,False,unknown,Level,0.11776044695667365,0.0,0.0,-1,rejected,0.0
Whether it is flexible or has certain deadlines,Availability_Block_Game_by_level,0.14715885895461495,0.13974748051494706,0.0,False,unknown,Level,0.11772708716369196,0.0,0.0,-1,rejected,0.0
Total number of downloads done for this game elemnent,Availability_Block_Game_by_level,0.14715885895461495,0.13974748051494706,0.0,False,unknown,Level,0.11772708716369196,0.0,0.0,-1,rejected,0.0
Total number of likes granted for this game element,Availability_Block_Game_by_level,0.14715885895461495,0.13974748051494706,0.0,False,unknown,Level,0.11772708716369196,0.0,0.0,-1,rejected,0.0
the title of the game element,Availability_Block_Game_by_level,0.14715885895461495,0.13974748051494706,0.0,False,unknown,Level,0.11772708716369196,0.0,0.0,-1,rejected,0.0
CollectedDocument,Availability_Block_Game_by_level,0.14715885895461495,0.13974748051494706,0.0,False,unknown,Level,0.11772708716369196,0.0,0.0,-1,rejected,0.0
the number of weeks since the latest release of the game element version,Availability_Block_Game_by_level,0.14715885895461495,0.13974748051494706,0.0,False,unknown,Level,0.11772708716369196,0.0,0.0,-1,rejected,0.0
VCard,Availability_Block_Game_by_level,0.14715885895461495,0.13974748051494706,0.0,False,unknown,Level,0.11772708716369196,0.0,0.0,-1,rejected,0.0
the latest version released for this game element,Availability_Block_Game_by_level,0.14715885895461495,0.13974748051494706,0.0,False,unknown,Level,0.11772708716369196,0.0,0.0,-1,rejected,0.0
the original language inwhich the course is created with,Availability_Block_Game_by_level,0.14715885895461495,0.13974748051494706,0.0,False,unknown,Level,0.11772708716369196,0.0,0.0,-1,rejected,0.0
integrated this game element,Availability_Block_Game_by_level,0.14715885895461495,0.13974748051494706,0.0,False,unknown,Level,0.11772708716369196,0.0,0.0,-1,rejected,0.0
language for the transcript of the course's resources,Availability_Block_Game_by_level,0.14715885895461495,0.13974748051494706,0.0,False,unknown,Level,0.11772708716369196,0.0,0.0,-1,rejected,0.0
total number of learners enrolled to the course throughout the years,Availability_Block_Game_by_level,0.14715885895461495,0.13974748051494706,0.0,False,unknown,Level,0.11772708716369196,0.0,0.0,-1,rejected,0.0
Number of hours for completing the course,Availability_Block_Game_by_level,0.14715885895461495,0.13974748051494706,0.0,False,unknown,Level,0.11772708716369196,0.0,0.0,-1,rejected,0.0
The duration in minutes of a single resource,Availability_Block_Game_by_level,0.14715885895461495,0.13974748051494706,0.0,False,unknown,Level,0.11772708716369196,0.0,0.0,-1,rejected,0.0
"The targeted audience of a targeted course has targeted educational level to be beginner, intermefdiate, or advanced",Availability_Block_Game_by_level,0.14715885895461495,0.13974748051494706,0.0,False,unknown,Level,0.11772708716369196,0.0,0.0,-1,rejected,0.0
"The course is targeted for audience who have payment preference of either ""free of charge"" or ""with charge""",Availability_Block_Game_by_level,0.14715885895461495,0.13974748051494706,0.0,False,unknown,Level,0.11772708716369196,0.0,0.0,-1,rejected,0.0
brief description of the game element purpose,Availability_Block_Game_by_level,0.14715885895461495,0.13974748051494706,0.0,False,unknown,Level,0.11772708716369196,0.0,0.0,-1,rejected,0.0
rating of course from 0 to 5.,Availability_Block_Game_by_level,0.14715885895461495,0.13974748051494706,0.0,False,unknown,Level,0.11772708716369196,0.0,0.0,-1,rejected,0.0
"the teacher defines the purpose of the resource as either for ""lecturing"" or for ""assessment""",Availability_Block_Game_by_level,0.14715885895461495,0.13974748051494706,0.0,False,unknown,Level,0.11772708716369196,0.0,0.0,-1,rejected,0.0
has_PlayingStyle,Availability_Block_Game_by_level,0.146519139799377,0.1401116111353822,0.0,False,DatatypeProperty,Level,0.11721531183950161,0.0,0.0,-1,rejected,0.0
OOPTeachers,Availability_Block_Game_by_level,0.14620688209562088,0.14259752419754243,0.0,False,FreeGroup,Level,0.11696550567649672,0.0,0.0,-1,rejected,0.0
experienceLevel,Game,0.14579712474390097,0.13209586565258907,0.0,False,DatatypeProperty,GameElementResource,0.11663769979512079,0.0,0.0,-1,rejected,0.0
experienceLevel,Interactive_Content_–_H5P,0.14579712474390097,0.13209586565258907,0.0,False,DatatypeProperty,GameElementResource,0.11663769979512079,0.0,0.0,-1,rejected,0.0
experienceLevel,Quizventure,0.14579712474390097,0.13209586565258907,0.0,False,DatatypeProperty,GameElementResource,0.11663769979512079,0.0,0.0,-1,rejected,0.0
experienceLevel,Block_Game,0.14579712474390097,0.13209586565258907,0.0,False,DatatypeProperty,GameElementResource,0.11663769979512079,0.0,0.0,-1,rejected,0.0
TeacherGroupB,bonusPoints,0.14555713308815216,0.14752501545949734,0.0,False,FreeGroup,BonusPoints,0.11644570647052173,0.0,0.0,-1,rejected,0.0
UserAccount,Game,0.14543560481048287,0.14553312021826073,0.0,False,unknown,GameElementResource,0.11634848384838631,0.0,0.0,-1,rejected,0.0
UserAccount,Block_Game,0.14543560481048287,0.14553312021826073,0.0,False,unknown,GameElementResource,0.11634848384838631,0.0,0.0,-1,rejected,0.0
UserAccount,Quizventure,0.14543560481048287,0.14553312021826073,0.0,False,unknown,GameElementResource,0.11634848384838631,0.0,0.0,-1,rejected,0.0
UserAccount,Interactive_Content_–_H5P,0.14543560481048287,0.14553312021826073,0.0,False,unknown,GameElementResource,0.11634848384838631,0.0,0.0,-1,rejected,0.0
leçon 8 du cours Programmation Orientée Objet,Availability_Block_Game_by_level,0.14534912923121482,0.14007243012123702,0.0,False,unknown,Level,0.11627930338497186,0.0,0.0,-1,rejected,0.0
lesson 8 for the course Object Oriented Programming,Availability_Block_Game_by_level,0.14534912923121482,0.14007243012123702,0.0,False,unknown,Level,0.11627930338497186,0.0,0.0,-1,rejected,0.0
bonus material for lesson 2 classes and objects,Availability_Block_Game_by_level,0.144841192261593,0.14018828568358915,0.0,False,unknown,Level,0.11587295380927441,0.0,0.0,-1,rejected,0.0
has_Place,Availability_Block_Game_by_level,0.14475400909666797,0.14021173992066688,0.0,False,unknown,Level,0.11580320727733438,0.0,0.0,-1,rejected,0.0
Fellowship,Tiny_stash,0.13420095784766412,0.14845898966428128,0.0415518252487452,False,NamedIndividual,Reward,0.11567113132788033,0.0,0.0,-1,rejected,0.0
resource_340,Tiny_stash,0.13420095784766412,0.14845898966428128,0.0415518252487452,False,NamedIndividual,Reward,0.11567113132788033,0.0,0.0,-1,rejected,0.0
GE_TinyStash,Tiny_stash,0.13412469391285556,0.14804946509191555,0.0415518252487452,False,ReferenceKey,Reward,0.11561012018003348,0.0,0.0,-1,rejected,0.0
RFK_L5_R3,Availability_Block_Game_by_level,0.14391307741755316,0.144668128580645,0.0,False,ReferenceKey,Level,0.11513046193404253,0.0,0.0,-1,rejected,0.0
RFK_L7_R4,Availability_Block_Game_by_level,0.14391307741755316,0.144668128580645,0.0,False,ReferenceKey,Level,0.11513046193404253,0.0,0.0,-1,rejected,0.0
RFK_L7_R1,Availability_Block_Game_by_level,0.14391307741755316,0.144668128580645,0.0,False,ReferenceKey,Level,0.11513046193404253,0.0,0.0,-1,rejected,0.0
RFK_L5_R4,Availability_Block_Game_by_level,0.14391307741755316,0.144668128580645,0.0,False,ReferenceKey,Level,0.11513046193404253,0.0,0.0,-1,rejected,0.0
RFK_L5_R2,Availability_Block_Game_by_level,0.14391307741755316,0.144668128580645,0.0,False,ReferenceKey,Level,0.11513046193404253,0.0,0.0,-1,rejected,0.0
RFK_L5_R1,Availability_Block_Game_by_level,0.14391307741755316,0.144668128580645,0.0,False,ReferenceKey,Level,0.11513046193404253,0.0,0.0,-1,rejected,0.0
RFK_L6_R1,Availability_Block_Game_by_level,0.14391307741755316,0.144668128580645,0.0,False,ReferenceKey,Level,0.11513046193404253,0.0,0.0,-1,rejected,0.0
RFK_L9_R1,Availability_Block_Game_by_level,0.14391307741755316,0.144668128580645,0.0,False,ReferenceKey,Level,0.11513046193404253,0.0,0.0,-1,rejected,0.0
RFK_L8_R1,Availability_Block_Game_by_level,0.14391307741755316,0.144668128580645,0.0,False,ReferenceKey,Level,0.11513046193404253,0.0,0.0,-1,rejected,0.0
RFK_L8_R2,Availability_Block_Game_by_level,0.14391307741755316,0.144668128580645,0.0,False,ReferenceKey,Level,0.11513046193404253,0.0,0.0,-1,rejected,0.0
RFK_L1_R7,Availability_Block_Game_by_level,0.14391307741755316,0.144668128580645,0.0,False,ReferenceKey,Level,0.11513046193404253,0.0,0.0,-1,rejected,0.0
RFK_L9_R2,Availability_Block_Game_by_level,0.14391307741755316,0.144668128580645,0.0,False,ReferenceKey,Level,0.11513046193404253,0.0,0.0,-1,rejected,0.0
RFK_L7_R2,Availability_Block_Game_by_level,0.14391307741755316,0.144668128580645,0.0,False,ReferenceKey,Level,0.11513046193404253,0.0,0.0,-1,rejected,0.0
RFK_L5_R5,Availability_Block_Game_by_level,0.14391307741755316,0.144668128580645,0.0,False,ReferenceKey,Level,0.11513046193404253,0.0,0.0,-1,rejected,0.0
RFK_L9_R3,Availability_Block_Game_by_level,0.14391307741755316,0.144668128580645,0.0,False,ReferenceKey,Level,0.11513046193404253,0.0,0.0,-1,rejected,0.0
RFK_L7_R3,Availability_Block_Game_by_level,0.14391307741755316,0.144668128580645,0.0,False,ReferenceKey,Level,0.11513046193404253,0.0,0.0,-1,rejected,0.0
RFK_L6_R2,Availability_Block_Game_by_level,0.14391307741755316,0.144668128580645,0.0,False,ReferenceKey,Level,0.11513046193404253,0.0,0.0,-1,rejected,0.0
RFK_L6_R4,Availability_Block_Game_by_level,0.14391307741755316,0.144668128580645,0.0,False,ReferenceKey,Level,0.11513046193404253,0.0,0.0,-1,rejected,0.0
RFK_L8_R3,Availability_Block_Game_by_level,0.14391307741755316,0.144668128580645,0.0,False,ReferenceKey,Level,0.11513046193404253,0.0,0.0,-1,rejected,0.0
RFK_L6_R3,Availability_Block_Game_by_level,0.14391307741755316,0.144668128580645,0.0,False,ReferenceKey,Level,0.11513046193404253,0.0,0.0,-1,rejected,0.0
RFK_L8_R4,Availability_Block_Game_by_level,0.14391307741755316,0.144668128580645,0.0,False,ReferenceKey,Level,0.11513046193404253,0.0,0.0,-1,rejected,0.0
visual,BLockGame,0.11156468246276188,0.1531136733664064,0.12935257077791257,False,InputPole,Badge,0.11512226012579203,0.0,0.0,-1,rejected,0.0
Access_Resource_No.340,BLockGame,0.11156468246276188,0.1531136733664064,0.12935257077791257,False,AccessResourceActivity,Badge,0.11512226012579203,0.0,0.0,-1,rejected,0.0
socializer,BLockGame,0.11156468246276188,0.1531136733664064,0.12935257077791257,False,NamedIndividual|_:b18,Badge,0.11512226012579203,0.0,0.0,-1,rejected,0.0
philanthropest,BLockGame,0.11156468246276188,0.1531136733664064,0.12935257077791257,False,NamedIndividual|_:b17,Badge,0.11512226012579203,0.0,0.0,-1,rejected,0.0
fgiasson,BLockGame,0.11156468246276188,0.1531136733664064,0.12935257077791257,False,Agent,Badge,0.11512226012579203,0.0,0.0,-1,rejected,0.0
Intermediate,BLockGame,0.11156468246276188,0.1531136733664064,0.12935257077791257,False,Experience,Badge,0.11512226012579203,0.0,0.0,-1,rejected,0.0
achiever,BLockGame,0.11156468246276188,0.1531136733664064,0.12935257077791257,False,NamedIndividual|_:b15,Badge,0.11512226012579203,0.0,0.0,-1,rejected,0.0
explorer,BLockGame,0.11156468246276188,0.1531136733664064,0.12935257077791257,False,NamedIndividual|_:b16,Badge,0.11512226012579203,0.0,0.0,-1,rejected,0.0
has_preLesson,BLockGame,0.1114787294408273,0.15316493981251997,0.12935257077791257,False,ObjectProperty,Badge,0.11505349770824437,0.0,0.0,-1,rejected,0.0
works_in,Availability_Block_Game_by_level,0.14360466955066759,0.15211468249853644,0.0,False,unknown,Level,0.11488373564053407,0.0,0.0,-1,rejected,0.0
depiction,Availability_Block_Game_by_level,0.14360466955066759,0.15211468249853644,0.0,False,unknown,Level,0.11488373564053407,0.0,0.0,-1,rejected,0.0
has_competency,Availability_Block_Game_by_level,0.14360466955066759,0.15211468249853644,0.0,False,unknown,Level,0.11488373564053407,0.0,0.0,-1,rejected,0.0
has_contact,Availability_Block_Game_by_level,0.14360466955066759,0.15211468249853644,0.0,False,unknown,Level,0.11488373564053407,0.0,0.0,-1,rejected,0.0
interacts,Availability_Block_Game_by_level,0.14360466955066759,0.15211468249853644,0.0,False,unknown,Level,0.11488373564053407,0.0,0.0,-1,rejected,0.0
isRuleEnabled,Tiny_stash,0.13318278081104454,0.1474925947884516,0.0415518252487452,False,AnnotationProperty,Reward,0.11485658969858467,0.0,0.0,-1,rejected,0.0
has_usergroup,Tiny_stash,0.13318278081104454,0.1474925947884516,0.0415518252487452,False,AnnotationProperty,Reward,0.11485658969858467,0.0,0.0,-1,rejected,0.0
member_of,Tiny_stash,0.13318278081104454,0.1474925947884516,0.0415518252487452,False,AnnotationProperty,Reward,0.11485658969858467,0.0,0.0,-1,rejected,0.0
id,Tiny_stash,0.13318278081104454,0.1474925947884516,0.0415518252487452,False,AnnotationProperty,Reward,0.11485658969858467,0.0,0.0,-1,rejected,0.0
minQualifiedCardinality,Tiny_stash,0.13318278081104454,0.1474925947884516,0.0415518252487452,False,AnnotationProperty,Reward,0.11485658969858467,0.0,0.0,-1,rejected,0.0
isbn,Tiny_stash,0.13318278081104454,0.1474925947884516,0.0415518252487452,False,AnnotationProperty,Reward,0.11485658969858467,0.0,0.0,-1,rejected,0.0
identifier,Tiny_stash,0.13318278081104454,0.1474925947884516,0.0415518252487452,False,AnnotationProperty,Reward,0.11485658969858467,0.0,0.0,-1,rejected,0.0
age,Tiny_stash,0.13318278081104454,0.1474925947884516,0.0415518252487452,False,AnnotationProperty,Reward,0.11485658969858467,0.0,0.0,-1,rejected,0.0
fgiasson,bonusPoints,0.14350097336333845,0.1678026210728614,0.0,False,Agent,BonusPoints,0.11480077869067076,0.0,0.0,-1,rejected,0.0
philanthropest,bonusPoints,0.14350097336333845,0.1678026210728614,0.0,False,NamedIndividual|_:b17,BonusPoints,0.11480077869067076,0.0,0.0,-1,rejected,0.0
socializer,bonusPoints,0.14350097336333845,0.1678026210728614,0.0,False,NamedIndividual|_:b18,BonusPoints,0.11480077869067076,0.0,0.0,-1,rejected,0.0
explorer,bonusPoints,0.14350097336333845,0.1678026210728614,0.0,False,NamedIndividual|_:b16,BonusPoints,0.11480077869067076,0.0,0.0,-1,rejected,0.0
Access_Resource_No.340,bonusPoints,0.14350097336333845,0.1678026210728614,0.0,False,AccessResourceActivity,BonusPoints,0.11480077869067076,0.0,0.0,-1,rejected,0.0
visual,bonusPoints,0.14350097336333845,0.1678026210728614,0.0,False,InputPole,BonusPoints,0.11480077869067076,0.0,0.0,-1,rejected,0.0
Intermediate,bonusPoints,0.14350097336333845,0.1678026210728614,0.0,False,Experience,BonusPoints,0.11480077869067076,0.0,0.0,-1,rejected,0.0
achiever,bonusPoints,0.14350097336333845,0.1678026210728614,0.0,False,NamedIndividual|_:b15,BonusPoints,0.11480077869067076,0.0,0.0,-1,rejected,0.0
has_preLesson,bonusPoints,0.14348067588961264,0.16782298390192082,0.0,False,ObjectProperty,BonusPoints,0.11478454071169011,0.0,0.0,-1,rejected,0.0
_:b16,Availability_Block_Game_by_level,0.14342940662131004,0.14348706103501077,0.0,False,Restriction,Level,0.11474352529704804,0.0,0.0,-1,rejected,0.0
Sensor,Availability_Block_Game_by_level,0.14342846711631374,0.14061725840557274,0.0,False,unknown,Level,0.114742773693051,0.0,0.0,-1,rejected,0.0
FeatureOfInterest,Availability_Block_Game_by_level,0.14342846711631374,0.14061725840557274,0.0,False,unknown,Level,0.114742773693051,0.0,0.0,-1,rejected,0.0
isPropertyOf,Availability_Block_Game_by_level,0.14342846711631374,0.14061725840557274,0.0,False,unknown,Level,0.114742773693051,0.0,0.0,-1,rejected,0.0
madeBySensor,Availability_Block_Game_by_level,0.14342846711631374,0.14061725840557274,0.0,False,unknown,Level,0.114742773693051,0.0,0.0,-1,rejected,0.0
Level_Up,Availability_Block_Game_by_level,0.14340813771975455,0.16383973690220557,0.0,False,Level,Level,0.11472651017580365,0.0,0.0,-1,rejected,0.0
Image,Availability_Block_Game_by_level,0.14337970684194115,0.13967298339940684,0.0,False,unknown,Level,0.11470376547355293,0.0,0.0,-1,rejected,0.0
1.0,Availability_Block_Game_by_level,0.14334020445504841,0.1406384712829023,0.0,False,unknown,Level,0.11467216356403874,0.0,0.0,-1,rejected,0.0
greaterThan,Availability_Block_Game_by_level,0.14334001181913383,0.14063851772388192,0.0,False,unknown,Level,0.11467200945530708,0.0,0.0,-1,rejected,0.0
Advanced,Availability_Block_Game_by_level,0.1433351368889115,0.14063969318734187,0.0,False,unknown,Level,0.11466810951112921,0.0,0.0,-1,rejected,0.0
Motivation,Availability_Block_Game_by_level,0.14333435080532006,0.14063988276848063,0.0,False,unknown,Level,0.11466748064425605,0.0,0.0,-1,rejected,0.0
BLockGame,Availability_Block_Game_by_level,0.14310166158486773,0.16188652497750375,0.0,False,Badge,Level,0.11448132926789419,0.0,0.0,-1,rejected,0.0
shortDescription,Availability_Block_Game_by_level,0.14307922132798198,0.14506097065697682,0.0,False,AnnotationProperty,Level,0.11446337706238559,0.0,0.0,-1,rejected,0.0
schoolHomepage,Availability_Block_Game_by_level,0.14307922132798198,0.14506097065697682,0.0,False,AnnotationProperty,Level,0.11446337706238559,0.0,0.0,-1,rejected,0.0
avatar,Availability_Block_Game_by_level,0.14307922132798198,0.14506097065697682,0.0,False,AnnotationProperty,Level,0.11446337706238559,0.0,0.0,-1,rejected,0.0
presentedAt,Availability_Block_Game_by_level,0.14307922132798198,0.14506097065697682,0.0,False,AnnotationProperty,Level,0.11446337706238559,0.0,0.0,-1,rejected,0.0
cardinality,Availability_Block_Game_by_level,0.14307922132798198,0.14506097065697682,0.0,False,AnnotationProperty,Level,0.11446337706238559,0.0,0.0,-1,rejected,0.0
oneOf,Availability_Block_Game_by_level,0.14307922132798198,0.14506097065697682,0.0,False,AnnotationProperty,Level,0.11446337706238559,0.0,0.0,-1,rejected,0.0
annotates,Availability_Block_Game_by_level,0.14307922132798198,0.14506097065697682,0.0,False,AnnotationProperty,Level,0.11446337706238559,0.0,0.0,-1,rejected,0.0
editorList,Availability_Block_Game_by_level,0.14307922132798198,0.14506097065697682,0.0,False,AnnotationProperty,Level,0.11446337706238559,0.0,0.0,-1,rejected,0.0
usergroup_of,Availability_Block_Game_by_level,0.14307922132798198,0.14506097065697682,0.0,False,AnnotationProperty,Level,0.11446337706238559,0.0,0.0,-1,rejected,0.0
key,Availability_Block_Game_by_level,0.14307922132798198,0.14506097065697682,0.0,False,AnnotationProperty,Level,0.11446337706238559,0.0,0.0,-1,rejected,0.0
hasValue,Availability_Block_Game_by_level,0.14307922132798198,0.14506097065697682,0.0,False,AnnotationProperty,Level,0.11446337706238559,0.0,0.0,-1,rejected,0.0
hasSelf,Availability_Block_Game_by_level,0.14307922132798198,0.14506097065697682,0.0,False,AnnotationProperty,Level,0.11446337706238559,0.0,0.0,-1,rejected,0.0
edition,Availability_Block_Game_by_level,0.14307922132798198,0.14506097065697682,0.0,False,AnnotationProperty,Level,0.11446337706238559,0.0,0.0,-1,rejected,0.0
familyName,Availability_Block_Game_by_level,0.14307922132798198,0.14506097065697682,0.0,False,AnnotationProperty,Level,0.11446337706238559,0.0,0.0,-1,rejected,0.0
num_threads,Availability_Block_Game_by_level,0.14307922132798198,0.14506097065697682,0.0,False,AnnotationProperty,Level,0.11446337706238559,0.0,0.0,-1,rejected,0.0
subject,Availability_Block_Game_by_level,0.14307922132798198,0.14506097065697682,0.0,False,AnnotationProperty,Level,0.11446337706238559,0.0,0.0,-1,rejected,0.0
creator_of,Availability_Block_Game_by_level,0.14307922132798198,0.14506097065697682,0.0,False,AnnotationProperty,Level,0.11446337706238559,0.0,0.0,-1,rejected,0.0
pastProject,Availability_Block_Game_by_level,0.14307920940705304,0.14506094624699004,0.0,False,AnnotationProperty,Level,0.11446336752564244,0.0,0.0,-1,rejected,0.0
family_name,Availability_Block_Game_by_level,0.14307920940705304,0.14506094624699004,0.0,False,AnnotationProperty,Level,0.11446336752564244,0.0,0.0,-1,rejected,0.0
court,Availability_Block_Game_by_level,0.14307920940705304,0.14506094624699004,0.0,False,AnnotationProperty,Level,0.11446336752564244,0.0,0.0,-1,rejected,0.0
geekcode,Availability_Block_Game_by_level,0.14307920940705304,0.14506094624699004,0.0,False,AnnotationProperty,Level,0.11446336752564244,0.0,0.0,-1,rejected,0.0
made,Availability_Block_Game_by_level,0.14307920940705304,0.14506094624699004,0.0,False,AnnotationProperty,Level,0.11446336752564244,0.0,0.0,-1,rejected,0.0
openid,Availability_Block_Game_by_level,0.14307920940705304,0.14506094624699004,0.0,False,AnnotationProperty,Level,0.11446336752564244,0.0,0.0,-1,rejected,0.0
firstName,Availability_Block_Game_by_level,0.14307920940705304,0.14506094624699004,0.0,False,AnnotationProperty,Level,0.11446336752564244,0.0,0.0,-1,rejected,0.0
publications,Availability_Block_Game_by_level,0.14307920940705304,0.14506094624699004,0.0,False,AnnotationProperty,Level,0.11446336752564244,0.0,0.0,-1,rejected,0.0
plan,Availability_Block_Game_by_level,0.14307920940705304,0.14506094624699004,0.0,False,AnnotationProperty,Level,0.11446336752564244,0.0,0.0,-1,rejected,0.0
skypeID,Availability_Block_Game_by_level,0.14307920940705304,0.14506094624699004,0.0,False,AnnotationProperty,Level,0.11446336752564244,0.0,0.0,-1,rejected,0.0
workInfoHomepage,Availability_Block_Game_by_level,0.14307920940705304,0.14506094624699004,0.0,False,AnnotationProperty,Level,0.11446336752564244,0.0,0.0,-1,rejected,0.0
icqChatID,Availability_Block_Game_by_level,0.14307920940705304,0.14506094624699004,0.0,False,AnnotationProperty,Level,0.11446336752564244,0.0,0.0,-1,rejected,0.0
msnChatID,Availability_Block_Game_by_level,0.14307920940705304,0.14506094624699004,0.0,False,AnnotationProperty,Level,0.11446336752564244,0.0,0.0,-1,rejected,0.0
weblog,Availability_Block_Game_by_level,0.14307920940705304,0.14506094624699004,0.0,False,AnnotationProperty,Level,0.11446336752564244,0.0,0.0,-1,rejected,0.0
lastName,Availability_Block_Game_by_level,0.14307920940705304,0.14506094624699004,0.0,False,AnnotationProperty,Level,0.11446336752564244,0.0,0.0,-1,rejected,0.0
ressource bonus pour la leçon 8 Gestion des exceptions,Availability_Block_Game_by_level,0.14305944661116343,0.14070684611315137,0.0,False,unknown,Level,0.11444755728893075,0.0,0.0,-1,rejected,0.0
bonus resource for lesson 8 Exception Handling,Availability_Block_Game_by_level,0.14305944661116343,0.14070684611315137,0.0,False,unknown,Level,0.11444755728893075,0.0,0.0,-1,rejected,0.0
"the playing style the teacher prefers, it is either ""explorer"", ""achiever"", ""philanthropest"", or ""socializer""",Availability_Block_Game_by_level,0.14295158895732013,0.14073343988464768,0.0,False,unknown,Level,0.11436127116585611,0.0,0.0,-1,rejected,0.0
Quizventure,Tiny_stash,0.13251276320024155,0.14822589634566416,0.0415518252487452,False,GameElementResource,Reward,0.11432057560994228,0.0,0.0,-1,rejected,0.0
Interactive_Content_–_H5P,Tiny_stash,0.13251276320024155,0.14822589634566416,0.0415518252487452,False,GameElementResource,Reward,0.11432057560994228,0.0,0.0,-1,rejected,0.0
Game,Tiny_stash,0.13251276320024155,0.14822589634566416,0.0415518252487452,False,GameElementResource,Reward,0.11432057560994228,0.0,0.0,-1,rejected,0.0
Block_Game,Tiny_stash,0.13251276320024155,0.14822589634566416,0.0415518252487452,False,GameElementResource,Reward,0.11432057560994228,0.0,0.0,-1,rejected,0.0
Stimulus,Availability_Block_Game_by_level,0.1428881486655395,0.14074919520956614,0.0,False,unknown,Level,0.1143105189324316,0.0,0.0,-1,rejected,0.0
detects,Availability_Block_Game_by_level,0.1428881486655395,0.14074919520956614,0.0,False,unknown,Level,0.1143105189324316,0.0,0.0,-1,rejected,0.0
ressource bonus pour la leçon 9 Flux d'entrée et de sortie,Availability_Block_Game_by_level,0.1428857417880349,0.14074979374647864,0.0,False,unknown,Level,0.11430859343042793,0.0,0.0,-1,rejected,0.0
bonus resource for lesson 9 Input and Output Stream,Availability_Block_Game_by_level,0.1428857417880349,0.14074979374647864,0.0,False,unknown,Level,0.11430859343042793,0.0,0.0,-1,rejected,0.0
ressource bonus pour la leçon 5 Méthodes et constructeurs de classe,Availability_Block_Game_by_level,0.14287127847193754,0.1407533924910495,0.0,False,unknown,Level,0.11429702277755004,0.0,0.0,-1,rejected,0.0
bonus resource for lesson 5 Class Methods and Constructors,Availability_Block_Game_by_level,0.14287127847193754,0.1407533924910495,0.0,False,unknown,Level,0.11429702277755004,0.0,0.0,-1,rejected,0.0
bonusPoints,Game,0.1427688086601005,0.16521301224225782,0.0,False,BonusPoints,GameElementResource,0.1142150469280804,0.0,0.0,-1,rejected,0.0
bonusPoints,Quizventure,0.1427688086601005,0.16521301224225782,0.0,False,BonusPoints,GameElementResource,0.1142150469280804,0.0,0.0,-1,rejected,0.0
bonusPoints,Interactive_Content_–_H5P,0.1427688086601005,0.16521301224225782,0.0,False,BonusPoints,GameElementResource,0.1142150469280804,0.0,0.0,-1,rejected,0.0
bonusPoints,Block_Game,0.1427688086601005,0.16521301224225782,0.0,False,BonusPoints,GameElementResource,0.1142150469280804,0.0,0.0,-1,rejected,0.0
Arithmetic_operations,Availability_Block_Game_by_level,0.1425992788453806,0.1428625463870234,0.0,False,Resource,Level,0.11407942307630448,0.0,0.0,-1,rejected,0.0
"ressource bonus pour la leçon 7 ""Event Handler and Listener""",Availability_Block_Game_by_level,0.1425910604787798,0.1408829306507791,0.0,False,unknown,Level,0.11407284838302385,0.0,0.0,-1,rejected,0.0
bonus resource for lesson 7 Event Handler and Listener,Availability_Block_Game_by_level,0.1425910604787798,0.1408829306507791,0.0,False,unknown,Level,0.11407284838302385,0.0,0.0,-1,rejected,0.0
"has priority to either essential or bonus to be accessed by the learner.
This priority is decided by the teacher for the resource.",Availability_Block_Game_by_level,0.14253440540530543,0.14089633747460661,0.0,False,unknown,Level,0.11402752432424434,0.0,0.0,-1,rejected,0.0
leçon 7 du cours Programmation Orientée Objet,Availability_Block_Game_by_level,0.14247962074547807,0.14090935288851697,0.0,False,unknown,Level,0.11398369659638247,0.0,0.0,-1,rejected,0.0
lesson 7 for the course Object Oriented Programming,Availability_Block_Game_by_level,0.14247962074547807,0.14090935288851697,0.0,False,unknown,Level,0.11398369659638247,0.0,0.0,-1,rejected,0.0
GE_TinyStash,bonusPoints,0.14245790726340385,0.16869044300765804,0.0,False,ReferenceKey,BonusPoints,0.11396632581072308,0.0,0.0,-1,rejected,0.0
Fellowship,bonusPoints,0.14244390305452764,0.1687661119027105,0.0,False,NamedIndividual,BonusPoints,0.11395512244362212,0.0,0.0,-1,rejected,0.0
resource_340,bonusPoints,0.14244390305452764,0.1687661119027105,0.0,False,NamedIndividual,BonusPoints,0.11395512244362212,0.0,0.0,-1,rejected,0.0
SpatialThing,Quizventure,0.14243483164906579,0.14220480855387702,0.0,False,unknown,GameElementResource,0.11394786531925263,0.0,0.0,-1,rejected,0.0
SpatialThing,Block_Game,0.14243483164906579,0.14220480855387702,0.0,False,unknown,GameElementResource,0.11394786531925263,0.0,0.0,-1,rejected,0.0
SpatialThing,Interactive_Content_–_H5P,0.14243483164906579,0.14220480855387702,0.0,False,unknown,GameElementResource,0.11394786531925263,0.0,0.0,-1,rejected,0.0
SpatialThing,Game,0.14243483164906579,0.14220480855387702,0.0,False,unknown,GameElementResource,0.11394786531925263,0.0,0.0,-1,rejected,0.0
member_of,bonusPoints,0.14229091473753022,0.16884145277406895,0.0,False,AnnotationProperty,BonusPoints,0.11383273179002418,0.0,0.0,-1,rejected,0.0
minQualifiedCardinality,bonusPoints,0.14229091473753022,0.16884145277406895,0.0,False,AnnotationProperty,BonusPoints,0.11383273179002418,0.0,0.0,-1,rejected,0.0
age,bonusPoints,0.14229091473753022,0.16884145277406895,0.0,False,AnnotationProperty,BonusPoints,0.11383273179002418,0.0,0.0,-1,rejected,0.0
isbn,bonusPoints,0.14229091473753022,0.16884145277406895,0.0,False,AnnotationProperty,BonusPoints,0.11383273179002418,0.0,0.0,-1,rejected,0.0
isRuleEnabled,bonusPoints,0.14229091473753022,0.16884145277406895,0.0,False,AnnotationProperty,BonusPoints,0.11383273179002418,0.0,0.0,-1,rejected,0.0
has_usergroup,bonusPoints,0.14229091473753022,0.16884145277406895,0.0,False,AnnotationProperty,BonusPoints,0.11383273179002418,0.0,0.0,-1,rejected,0.0
id,bonusPoints,0.14229091473753022,0.16884145277406895,0.0,False,AnnotationProperty,BonusPoints,0.11383273179002418,0.0,0.0,-1,rejected,0.0
identifier,bonusPoints,0.14229091473753022,0.16884145277406895,0.0,False,AnnotationProperty,BonusPoints,0.11383273179002418,0.0,0.0,-1,rejected,0.0
hasPart,Interactive_Content_–_H5P,0.1417617540563904,0.14035226189573663,0.0,False,unknown,GameElementResource,0.11340940324511234,0.0,0.0,-1,rejected,0.0
hasPart,Block_Game,0.1417617540563904,0.14035226189573663,0.0,False,unknown,GameElementResource,0.11340940324511234,0.0,0.0,-1,rejected,0.0
hasPart,Game,0.1417617540563904,0.14035226189573663,0.0,False,unknown,GameElementResource,0.11340940324511234,0.0,0.0,-1,rejected,0.0
hasPart,Quizventure,0.1417617540563904,0.14035226189573663,0.0,False,unknown,GameElementResource,0.11340940324511234,0.0,0.0,-1,rejected,0.0
_:b57,Quizventure,0.14167344205073415,0.16487472306250628,0.0,False,unknown,GameElementResource,0.11333875364058732,0.0,0.0,-1,rejected,0.0
_:b57,Game,0.14167344205073415,0.16487472306250628,0.0,False,unknown,GameElementResource,0.11333875364058732,0.0,0.0,-1,rejected,0.0
_:b58,Game,0.14167344205073415,0.16487472306250628,0.0,False,unknown,GameElementResource,0.11333875364058732,0.0,0.0,-1,rejected,0.0
_:b58,Quizventure,0.14167344205073415,0.16487472306250628,0.0,False,unknown,GameElementResource,0.11333875364058732,0.0,0.0,-1,rejected,0.0
_:b58,Block_Game,0.14167344205073415,0.16487472306250628,0.0,False,unknown,GameElementResource,0.11333875364058732,0.0,0.0,-1,rejected,0.0
_:b58,Interactive_Content_–_H5P,0.14167344205073415,0.16487472306250628,0.0,False,unknown,GameElementResource,0.11333875364058732,0.0,0.0,-1,rejected,0.0
_:b57,Interactive_Content_–_H5P,0.14167344205073415,0.16487472306250628,0.0,False,unknown,GameElementResource,0.11333875364058732,0.0,0.0,-1,rejected,0.0
_:b57,Block_Game,0.14167344205073415,0.16487472306250628,0.0,False,unknown,GameElementResource,0.11333875364058732,0.0,0.0,-1,rejected,0.0
Container,Availability_Block_Game_by_level,0.1415481498244438,0.14131380312638,0.0,False,unknown,Level,0.11323851985955505,0.0,0.0,-1,rejected,0.0
Property,Availability_Block_Game_by_level,0.1415481498244438,0.14131380312638,0.0,False,unknown,Level,0.11323851985955505,0.0,0.0,-1,rejected,0.0
_:b56,Availability_Block_Game_by_level,0.1415481498244438,0.14131380312638,0.0,False,unknown,Level,0.11323851985955505,0.0,0.0,-1,rejected,0.0
Item,Availability_Block_Game_by_level,0.1415481498244438,0.14131380312638,0.0,False,unknown,Level,0.11323851985955505,0.0,0.0,-1,rejected,0.0
Address,Availability_Block_Game_by_level,0.1415481498244438,0.14131380312638,0.0,False,unknown,Level,0.11323851985955505,0.0,0.0,-1,rejected,0.0
Sara_12,Availability_Block_Game_by_level,0.14145335451684654,0.14012983209450677,0.0,False,UserAccount,Level,0.11316268361347724,0.0,0.0,-1,rejected,0.0
Motrain,Availability_Block_Game_by_level,0.14100702247215482,0.14474442687990635,0.0,False,GameElementResource,Level,0.11280561797772387,0.0,0.0,-1,rejected,0.0
GE_TinyStash,BLockGame,0.1083970696095925,0.15432448854728606,0.12935257077791257,False,ReferenceKey,Badge,0.11258816984325652,0.0,0.0,-1,rejected,0.0
has_usergroup,BLockGame,0.1082757667709825,0.15390574016325273,0.12935257077791257,False,AnnotationProperty,Badge,0.11249112757236852,0.0,0.0,-1,rejected,0.0
minQualifiedCardinality,BLockGame,0.1082757667709825,0.15390574016325273,0.12935257077791257,False,AnnotationProperty,Badge,0.11249112757236852,0.0,0.0,-1,rejected,0.0
member_of,BLockGame,0.1082757667709825,0.15390574016325273,0.12935257077791257,False,AnnotationProperty,Badge,0.11249112757236852,0.0,0.0,-1,rejected,0.0
identifier,BLockGame,0.1082757667709825,0.15390574016325273,0.12935257077791257,False,AnnotationProperty,Badge,0.11249112757236852,0.0,0.0,-1,rejected,0.0
isRuleEnabled,BLockGame,0.1082757667709825,0.15390574016325273,0.12935257077791257,False,AnnotationProperty,Badge,0.11249112757236852,0.0,0.0,-1,rejected,0.0
isbn,BLockGame,0.1082757667709825,0.15390574016325273,0.12935257077791257,False,AnnotationProperty,Badge,0.11249112757236852,0.0,0.0,-1,rejected,0.0
id,BLockGame,0.1082757667709825,0.15390574016325273,0.12935257077791257,False,AnnotationProperty,Badge,0.11249112757236852,0.0,0.0,-1,rejected,0.0
age,BLockGame,0.1082757667709825,0.15390574016325273,0.12935257077791257,False,AnnotationProperty,Badge,0.11249112757236852,0.0,0.0,-1,rejected,0.0
hasObjective,Interactive_Content_–_H5P,0.14060008945875943,0.13519233981166548,0.0,False,TransitiveProperty,GameElementResource,0.11248007156700755,0.0,0.0,-1,rejected,0.0
hasObjective,Game,0.14060008945875943,0.13519233981166548,0.0,False,TransitiveProperty,GameElementResource,0.11248007156700755,0.0,0.0,-1,rejected,0.0
hasObjective,Quizventure,0.14060008945875943,0.13519233981166548,0.0,False,TransitiveProperty,GameElementResource,0.11248007156700755,0.0,0.0,-1,rejected,0.0
hasObjective,Block_Game,0.14060008945875943,0.13519233981166548,0.0,False,TransitiveProperty,GameElementResource,0.11248007156700755,0.0,0.0,-1,rejected,0.0
offersCourse,Availability_Block_Game_by_level,0.14059022101599547,0.14868693563978647,0.0,False,TransitiveProperty,Level,0.11247217681279638,0.0,0.0,-1,rejected,0.0
indexKey,Availability_Block_Game_by_level,0.14059022101599547,0.14868693563978647,0.0,False,DatatypeProperty,Level,0.11247217681279638,0.0,0.0,-1,rejected,0.0
has_Experience_Level,Availability_Block_Game_by_level,0.14059022101599547,0.14868693563978647,0.0,False,DatatypeProperty,Level,0.11247217681279638,0.0,0.0,-1,rejected,0.0
hasgamificationExperienceLevel,Availability_Block_Game_by_level,0.14059022101599547,0.14868693563978647,0.0,False,DatatypeProperty,Level,0.11247217681279638,0.0,0.0,-1,rejected,0.0
hasName,Availability_Block_Game_by_level,0.14059022101599547,0.14868693563978647,0.0,False,DatatypeProperty,Level,0.11247217681279638,0.0,0.0,-1,rejected,0.0
isComposedOf,Availability_Block_Game_by_level,0.1405711862845675,0.14870810924685968,0.0,False,ObjectProperty,Level,0.112456949027654,0.0,0.0,-1,rejected,0.0
aboutEducationalTopic,Availability_Block_Game_by_level,0.1405711862845675,0.14870810924685968,0.0,False,ObjectProperty,Level,0.112456949027654,0.0,0.0,-1,rejected,0.0
hasTargetAudience,Availability_Block_Game_by_level,0.1405711862845675,0.14870810924685968,0.0,False,ObjectProperty,Level,0.112456949027654,0.0,0.0,-1,rejected,0.0
requiresKnowledge,Availability_Block_Game_by_level,0.1405711862845675,0.14870810924685968,0.0,False,ObjectProperty,Level,0.112456949027654,0.0,0.0,-1,rejected,0.0
reversedBy,Availability_Block_Game_by_level,0.1405711862845675,0.14870810924685968,0.0,False,ObjectProperty,Level,0.112456949027654,0.0,0.0,-1,rejected,0.0
contain_resource,Availability_Block_Game_by_level,0.1405711862845675,0.14870810924685968,0.0,False,ObjectProperty,Level,0.112456949027654,0.0,0.0,-1,rejected,0.0
LevelGE,Availability_Block_Game_by_level,0.1404945200033127,0.1423948063854195,0.0,False,ReferenceKey,Level,0.11239561600265016,0.0,0.0,-1,rejected,0.0
objectives the teacher can choose from for each resource to prompt a desired learners’ behaviours when learners interact with that resource.,Availability_Block_Game_by_level,0.14025875493746096,0.1424781315588041,0.0,False,unknown,Level,0.11220700394996877,0.0,0.0,-1,rejected,0.0
resource_340,BLockGame,0.10790277263863135,0.15445792924666876,0.12935257077791257,False,NamedIndividual,Badge,0.1121927322664876,0.0,0.0,-1,rejected,0.0
Fellowship,BLockGame,0.10790277263863135,0.15445792924666876,0.12935257077791257,False,NamedIndividual,Badge,0.1121927322664876,0.0,0.0,-1,rejected,0.0
Game,bonusPoints,0.14010246833505907,0.1672706739233943,0.0,False,GameElementResource,BonusPoints,0.11208197466804726,0.0,0.0,-1,rejected,0.0
Interactive_Content_–_H5P,bonusPoints,0.14010246833505907,0.1672706739233943,0.0,False,GameElementResource,BonusPoints,0.11208197466804726,0.0,0.0,-1,rejected,0.0
Quizventure,bonusPoints,0.14010246833505907,0.1672706739233943,0.0,False,GameElementResource,BonusPoints,0.11208197466804726,0.0,0.0,-1,rejected,0.0
Block_Game,bonusPoints,0.14010246833505907,0.1672706739233943,0.0,False,GameElementResource,BonusPoints,0.11208197466804726,0.0,0.0,-1,rejected,0.0
Block_Game,BLockGame,0.10774619740927167,0.15452023226981268,0.12935257077791257,False,GameElementResource,Badge,0.11206747208299986,0.0,0.0,-1,rejected,0.0
Quizventure,BLockGame,0.10774619740927167,0.15452023226981268,0.12935257077791257,False,GameElementResource,Badge,0.11206747208299986,0.0,0.0,-1,rejected,0.0
Game,BLockGame,0.10774619740927167,0.15452023226981268,0.12935257077791257,False,GameElementResource,Badge,0.11206747208299986,0.0,0.0,-1,rejected,0.0
Interactive_Content_–_H5P,BLockGame,0.10774619740927167,0.15452023226981268,0.12935257077791257,False,GameElementResource,Badge,0.11206747208299986,0.0,0.0,-1,rejected,0.0
has_Priority,Availability_Block_Game_by_level,0.13993026740233008,0.14141114682962838,0.0,False,DatatypeProperty,Level,0.11194421392186407,0.0,0.0,-1,rejected,0.0
hasKnowledge,Availability_Block_Game_by_level,0.13986292888943347,0.15805524662773848,0.0,False,TransitiveProperty,Level,0.11189034311154678,0.0,0.0,-1,rejected,0.0
hasGamificationExperience,Availability_Block_Game_by_level,0.13983730932178037,0.15808132231333824,0.0,False,ObjectProperty,Level,0.1118698474574243,0.0,0.0,-1,rejected,0.0
Adam_Phil,Availability_Block_Game_by_level,0.13978057770678043,0.14080354628841354,0.0,False,UserAccount,Level,0.11182446216542435,0.0,0.0,-1,rejected,0.0
unsignedInt,Availability_Block_Game_by_level,0.13973011210526937,0.14233519542992262,0.0,False,unknown,Level,0.11178408968421549,0.0,0.0,-1,rejected,0.0
Representes the numeric value equivaent to the teache's gamification experience level,Availability_Block_Game_by_level,0.13973011210526937,0.14233519542992262,0.0,False,unknown,Level,0.11178408968421549,0.0,0.0,-1,rejected,0.0
_:b62,Availability_Block_Game_by_level,0.13970315823980234,0.14211512482711267,0.0,False,Restriction,Level,0.11176252659184188,0.0,0.0,-1,rejected,0.0
_:b60,Availability_Block_Game_by_level,0.13970315823980234,0.14211512482711267,0.0,False,Restriction,Level,0.11176252659184188,0.0,0.0,-1,rejected,0.0
Usergroup,Availability_Block_Game_by_level,0.13959564049866885,0.1425831247762225,0.0,False,unknown,Level,0.11167651239893508,0.0,0.0,-1,rejected,0.0
ReferenceKey1,Availability_Block_Game_by_level,0.13945771260945145,0.1441689973978262,0.0,False,ReferenceKey,Level,0.11156617008756116,0.0,0.0,-1,rejected,0.0
JavaFunctions,Availability_Block_Game_by_level,0.13945556601094009,0.14085831873835478,0.0,False,IndexKey,Level,0.11156445280875207,0.0,0.0,-1,rejected,0.0
"index key for the resource ""Java FX""",Availability_Block_Game_by_level,0.13938301605610393,0.1426183621709236,0.0,False,unknown,Level,0.11150641284488315,0.0,0.0,-1,rejected,0.0
Achievement,Availability_Block_Game_by_level,0.13932169211008175,0.1479428514652205,0.0,False,Class,Level,0.1114573536880654,0.0,0.0,-1,rejected,0.0
ProgressBar,Availability_Block_Game_by_level,0.13932169211008172,0.14794285146522052,0.0,False,Class,Level,0.11145735368806538,0.0,0.0,-1,rejected,0.0
PedagogicalKnowledge,Availability_Block_Game_by_level,0.13932169211008172,0.14794285146522052,0.0,False,Class,Level,0.11145735368806538,0.0,0.0,-1,rejected,0.0
Badge,Availability_Block_Game_by_level,0.13932169211008172,0.14794285146522052,0.0,False,Class,Level,0.11145735368806538,0.0,0.0,-1,rejected,0.0
Thesis,Availability_Block_Game_by_level,0.13932169211008172,0.14794285146522052,0.0,False,Class,Level,0.11145735368806538,0.0,0.0,-1,rejected,0.0
Reward,Availability_Block_Game_by_level,0.13932169211008172,0.14794285146522052,0.0,False,Class,Level,0.11145735368806538,0.0,0.0,-1,rejected,0.0
PedagogicalExperience,Availability_Block_Game_by_level,0.13932169211008172,0.14794285146522052,0.0,False,Class,Level,0.11145735368806538,0.0,0.0,-1,rejected,0.0
Slide,Availability_Block_Game_by_level,0.13932169211008172,0.14794285146522052,0.0,False,Class,Level,0.11145735368806538,0.0,0.0,-1,rejected,0.0
Story,Availability_Block_Game_by_level,0.13932169211008172,0.14794285146522052,0.0,False,Class,Level,0.11145735368806538,0.0,0.0,-1,rejected,0.0
Timer,Availability_Block_Game_by_level,0.13932169211008172,0.14794285146522052,0.0,False,Class,Level,0.11145735368806538,0.0,0.0,-1,rejected,0.0
PedagogicalObjective,Availability_Block_Game_by_level,0.13932169211008172,0.14794285146522052,0.0,False,Class,Level,0.11145735368806538,0.0,0.0,-1,rejected,0.0
Manuscript,Availability_Block_Game_by_level,0.13932169211008172,0.14794285146522052,0.0,False,Class,Level,0.11145735368806538,0.0,0.0,-1,rejected,0.0
Level,Availability_Block_Game_by_level,0.13932169211008172,0.14794285146522052,0.0,False,Class,Level,0.11145735368806538,0.0,0.0,-1,rejected,0.0
AcademicArticle,Availability_Block_Game_by_level,0.13932169211008172,0.14794285146522052,0.0,False,Class,Level,0.11145735368806538,0.0,0.0,-1,rejected,0.0
Hint,Availability_Block_Game_by_level,0.13932169211008172,0.14794285146522052,0.0,False,Class,Level,0.11145735368806538,0.0,0.0,-1,rejected,0.0
Feedback,Availability_Block_Game_by_level,0.13932169211008172,0.14794285146522052,0.0,False,Class,Level,0.11145735368806538,0.0,0.0,-1,rejected,0.0
LegalDecision,Availability_Block_Game_by_level,0.13932169211008172,0.14794285146522052,0.0,False,Class,Level,0.11145735368806538,0.0,0.0,-1,rejected,0.0
EditedBook,Availability_Block_Game_by_level,0.13932169211008172,0.14794285146522052,0.0,False,Class,Level,0.11145735368806538,0.0,0.0,-1,rejected,0.0
onlineCourse,Availability_Block_Game_by_level,0.13932169211008172,0.14794285146522052,0.0,False,Class,Level,0.11145735368806538,0.0,0.0,-1,rejected,0.0
Map,Availability_Block_Game_by_level,0.13932169211008172,0.14794285146522052,0.0,False,Class,Level,0.11145735368806538,0.0,0.0,-1,rejected,0.0
Challenge,Availability_Block_Game_by_level,0.13932169211008172,0.14794285146522052,0.0,False,Class,Level,0.11145735368806538,0.0,0.0,-1,rejected,0.0
Objective,Game,0.1392484789453851,0.14010226494275796,0.0,False,Class,GameElementResource,0.11139878315630809,0.0,0.0,-1,rejected,0.0
Objective,Interactive_Content_–_H5P,0.1392484789453851,0.14010226494275796,0.0,False,Class,GameElementResource,0.11139878315630809,0.0,0.0,-1,rejected,0.0
Objective,Block_Game,0.1392484789453851,0.14010226494275796,0.0,False,Class,GameElementResource,0.11139878315630809,0.0,0.0,-1,rejected,0.0
Objective,Quizventure,0.1392484789453851,0.14010226494275796,0.0,False,Class,GameElementResource,0.11139878315630809,0.0,0.0,-1,rejected,0.0
MathCoursesCommunity,Interactive_Content_–_H5P,0.13919357006297176,0.14505754056093514,0.0,False,Space,GameElementResource,0.11135485605037741,0.0,0.0,-1,rejected,0.0
MathCoursesCommunity,Game,0.13919357006297176,0.14505754056093514,0.0,False,Space,GameElementResource,0.11135485605037741,0.0,0.0,-1,rejected,0.0
MathCoursesCommunity,Quizventure,0.13919357006297176,0.14505754056093514,0.0,False,Space,GameElementResource,0.11135485605037741,0.0,0.0,-1,rejected,0.0
MathCoursesCommunity,Block_Game,0.13919357006297176,0.14505754056093514,0.0,False,Space,GameElementResource,0.11135485605037741,0.0,0.0,-1,rejected,0.0
UserAccount,bonusPoints,0.13891749637554562,0.15227674145526598,0.0,False,unknown,BonusPoints,0.1111339971004365,0.0,0.0,-1,rejected,0.0
OnlineAccount,Interactive_Content_–_H5P,0.13886590073977353,0.141828960106083,0.0,False,unknown,GameElementResource,0.11109272059181884,0.0,0.0,-1,rejected,0.0
OnlineAccount,Game,0.13886590073977353,0.141828960106083,0.0,False,unknown,GameElementResource,0.11109272059181884,0.0,0.0,-1,rejected,0.0
OnlineAccount,Quizventure,0.13886590073977353,0.141828960106083,0.0,False,unknown,GameElementResource,0.11109272059181884,0.0,0.0,-1,rejected,0.0
OnlineAccount,Block_Game,0.13886590073977353,0.141828960106083,0.0,False,unknown,GameElementResource,0.11109272059181884,0.0,0.0,-1,rejected,0.0
hasPedagogicalObjective,Availability_Block_Game_by_level,0.13812741649146962,0.15186346199675185,0.0,False,ObjectProperty,Level,0.1105019331931757,0.0,0.0,-1,rejected,0.0
Exception_Handling,Availability_Block_Game_by_level,0.13792840681661317,0.14777396036370072,0.0,False,Lesson,Level,0.11034272545329055,0.0,0.0,-1,rejected,0.0
interest,Availability_Block_Game_by_level,0.13773442032954714,0.14889839547072656,0.0,False,unknown,Level,0.11018753626363771,0.0,0.0,-1,rejected,0.0
Chat,Availability_Block_Game_by_level,0.13773442032954714,0.14889839547072656,0.0,False,unknown,Level,0.11018753626363771,0.0,0.0,-1,rejected,0.0
ObservableProperty,Availability_Block_Game_by_level,0.13773442032954714,0.14889839547072656,0.0,False,unknown,Level,0.11018753626363771,0.0,0.0,-1,rejected,0.0
about_modify,Availability_Block_Game_by_level,0.13773442032954714,0.14889839547072656,0.0,False,unknown,Level,0.11018753626363771,0.0,0.0,-1,rejected,0.0
space_of,Availability_Block_Game_by_level,0.13773442032954714,0.14889839547072656,0.0,False,unknown,Level,0.11018753626363771,0.0,0.0,-1,rejected,0.0
_:b55,Availability_Block_Game_by_level,0.13773442032954714,0.14889839547072656,0.0,False,unknown,Level,0.11018753626363771,0.0,0.0,-1,rejected,0.0
shared_by,Availability_Block_Game_by_level,0.13773442032954714,0.14889839547072656,0.0,False,unknown,Level,0.11018753626363771,0.0,0.0,-1,rejected,0.0
adr,Availability_Block_Game_by_level,0.13773442032954714,0.14889839547072656,0.0,False,unknown,Level,0.11018753626363771,0.0,0.0,-1,rejected,0.0
thumbnail,Availability_Block_Game_by_level,0.13773442032954714,0.14889839547072656,0.0,False,unknown,Level,0.11018753626363771,0.0,0.0,-1,rejected,0.0
Annotation,Availability_Block_Game_by_level,0.13773442032954714,0.14889839547072656,0.0,False,unknown,Level,0.11018753626363771,0.0,0.0,-1,rejected,0.0
Sampler,Availability_Block_Game_by_level,0.13773442032954714,0.14889839547072656,0.0,False,unknown,Level,0.11018753626363771,0.0,0.0,-1,rejected,0.0
ReflexiveProperty,Availability_Block_Game_by_level,0.13773442032954714,0.14889839547072656,0.0,False,unknown,Level,0.11018753626363771,0.0,0.0,-1,rejected,0.0
create_organization,Availability_Block_Game_by_level,0.13773442032954714,0.14889839547072656,0.0,False,unknown,Level,0.11018753626363771,0.0,0.0,-1,rejected,0.0
DeleteResourceActivity,Availability_Block_Game_by_level,0.13773442032954714,0.14889839547072656,0.0,False,unknown,Level,0.11018753626363771,0.0,0.0,-1,rejected,0.0
CreateResourceActivity,Availability_Block_Game_by_level,0.13773442032954714,0.14889839547072656,0.0,False,unknown,Level,0.11018753626363771,0.0,0.0,-1,rejected,0.0
CreateUser,Availability_Block_Game_by_level,0.13773442032954714,0.14889839547072656,0.0,False,unknown,Level,0.11018753626363771,0.0,0.0,-1,rejected,0.0
was_generated_by,Availability_Block_Game_by_level,0.13773442032954714,0.14889839547072656,0.0,False,unknown,Level,0.11018753626363771,0.0,0.0,-1,rejected,0.0
indexed_by,Availability_Block_Game_by_level,0.13773442032954714,0.14889839547072656,0.0,False,unknown,Level,0.11018753626363771,0.0,0.0,-1,rejected,0.0
img,Availability_Block_Game_by_level,0.13773442032954714,0.14889839547072656,0.0,False,unknown,Level,0.11018753626363771,0.0,0.0,-1,rejected,0.0
isPrimaryTopicOf,Availability_Block_Game_by_level,0.13773442032954714,0.14889839547072656,0.0,False,unknown,Level,0.11018753626363771,0.0,0.0,-1,rejected,0.0
has_parent,Availability_Block_Game_by_level,0.13773442032954714,0.14889839547072656,0.0,False,unknown,Level,0.11018753626363771,0.0,0.0,-1,rejected,0.0
has_owner,Availability_Block_Game_by_level,0.13773442032954714,0.14889839547072656,0.0,False,unknown,Level,0.11018753626363771,0.0,0.0,-1,rejected,0.0
has_moderator,Availability_Block_Game_by_level,0.13773442032954714,0.14889839547072656,0.0,False,unknown,Level,0.11018753626363771,0.0,0.0,-1,rejected,0.0
is_processed_by,Availability_Block_Game_by_level,0.13773442032954714,0.14889839547072656,0.0,False,unknown,Level,0.11018753626363771,0.0,0.0,-1,rejected,0.0
hasTarget,Availability_Block_Game_by_level,0.13773442032954714,0.14889839547072656,0.0,False,unknown,Level,0.11018753626363771,0.0,0.0,-1,rejected,0.0
used,Availability_Block_Game_by_level,0.13773442032954714,0.14889839547072656,0.0,False,unknown,Level,0.11018753626363771,0.0,0.0,-1,rejected,0.0
has_EndDate,Availability_Block_Game_by_level,0.13773442032954714,0.14889839547072656,0.0,False,unknown,Level,0.11018753626363771,0.0,0.0,-1,rejected,0.0
Vcard,Availability_Block_Game_by_level,0.13773442032954714,0.14889839547072656,0.0,False,unknown,Level,0.11018753626363771,0.0,0.0,-1,rejected,0.0
has_member,Availability_Block_Game_by_level,0.13773442032954714,0.14889839547072656,0.0,False,unknown,Level,0.11018753626363771,0.0,0.0,-1,rejected,0.0
has_actor,Availability_Block_Game_by_level,0.13773442032954714,0.14889839547072656,0.0,False,unknown,Level,0.11018753626363771,0.0,0.0,-1,rejected,0.0
teaches,Availability_Block_Game_by_level,0.13773440840861817,0.14889837115495003,0.0,False,unknown,Level,0.11018752672689454,0.0,0.0,-1,rejected,0.0
member,Availability_Block_Game_by_level,0.13773440840861817,0.14889837115495003,0.0,False,unknown,Level,0.11018752672689454,0.0,0.0,-1,rejected,0.0
has_user_account,Availability_Block_Game_by_level,0.13773440840861817,0.14889837115495003,0.0,False,unknown,Level,0.11018752672689454,0.0,0.0,-1,rejected,0.0
lives_in,Availability_Block_Game_by_level,0.13773440840861817,0.14889837115495003,0.0,False,unknown,Level,0.11018752672689454,0.0,0.0,-1,rejected,0.0
has_type,Availability_Block_Game_by_level,0.13773440840861817,0.14889837115495003,0.0,False,unknown,Level,0.11018752672689454,0.0,0.0,-1,rejected,0.0
has_creator,Availability_Block_Game_by_level,0.13773440840861817,0.14889837115495003,0.0,False,unknown,Level,0.11018752672689454,0.0,0.0,-1,rejected,0.0
view_resource,Availability_Block_Game_by_level,0.13773440840861817,0.14889837115495003,0.0,False,unknown,Level,0.11018752672689454,0.0,0.0,-1,rejected,0.0
has_question,Availability_Block_Game_by_level,0.13773440840861817,0.14889837115495003,0.0,False,unknown,Level,0.11018752672689454,0.0,0.0,-1,rejected,0.0
Deployment,bonusPoints,0.13727187485800646,0.13959258202055633,0.0,False,unknown,BonusPoints,0.10981749988640517,0.0,0.0,-1,rejected,0.0
hasDeployment,bonusPoints,0.13727187485800646,0.13959258202055633,0.0,False,unknown,BonusPoints,0.10981749988640517,0.0,0.0,-1,rejected,0.0
JavafunctionTypes,Availability_Block_Game_by_level,0.13724960352232188,0.14773598572227212,0.0,False,IndexKey,Level,0.10979968281785751,0.0,0.0,-1,rejected,0.0
gel,Block_Game,0.1363398227464954,0.14158506749746097,0.0,False,Variable,GameElementResource,0.10907185819719632,0.0,0.0,-1,rejected,0.0
gel,Game,0.1363398227464954,0.14158506749746097,0.0,False,Variable,GameElementResource,0.10907185819719632,0.0,0.0,-1,rejected,0.0
gel,Interactive_Content_–_H5P,0.1363398227464954,0.14158506749746097,0.0,False,Variable,GameElementResource,0.10907185819719632,0.0,0.0,-1,rejected,0.0
gel,Quizventure,0.1363398227464954,0.14158506749746097,0.0,False,Variable,GameElementResource,0.10907185819719632,0.0,0.0,-1,rejected,0.0
RFK_GE_TinyStash,Availability_Block_Game_by_level,0.13633599955817308,0.14183038946082813,0.0,False,ReferenceKey,Level,0.10906879964653847,0.0,0.0,-1,rejected,0.0
_:b59,Availability_Block_Game_by_level,0.13605356659908796,0.15179295630728928,0.0,False,Restriction,Level,0.10884285327927037,0.0,0.0,-1,rejected,0.0
_:b61,Availability_Block_Game_by_level,0.13605356659908796,0.15179295630728928,0.0,False,Restriction,Level,0.10884285327927037,0.0,0.0,-1,rejected,0.0
isMoreExpertThan,Availability_Block_Game_by_level,0.13601089406869687,0.1427442539099957,0.0,False,ObjectProperty,Level,0.1088087152549575,0.0,0.0,-1,rejected,0.0
stringEqualIgnoreCase,Quizventure,0.13592343213559294,0.1429816966692159,0.0,False,unknown,GameElementResource,0.10873874570847436,0.0,0.0,-1,rejected,0.0
stringEqualIgnoreCase,Block_Game,0.13592343213559294,0.1429816966692159,0.0,False,unknown,GameElementResource,0.10873874570847436,0.0,0.0,-1,rejected,0.0
stringEqualIgnoreCase,Interactive_Content_–_H5P,0.13592343213559294,0.1429816966692159,0.0,False,unknown,GameElementResource,0.10873874570847436,0.0,0.0,-1,rejected,0.0
stringEqualIgnoreCase,Game,0.13592343213559294,0.1429816966692159,0.0,False,unknown,GameElementResource,0.10873874570847436,0.0,0.0,-1,rejected,0.0
equal,Quizventure,0.13589783447308612,0.1429864165056147,0.0,False,unknown,GameElementResource,0.1087182675784689,0.0,0.0,-1,rejected,0.0
equal,Block_Game,0.13589783447308612,0.1429864165056147,0.0,False,unknown,GameElementResource,0.1087182675784689,0.0,0.0,-1,rejected,0.0
equal,Game,0.13589783447308612,0.1429864165056147,0.0,False,unknown,GameElementResource,0.1087182675784689,0.0,0.0,-1,rejected,0.0
equal,Interactive_Content_–_H5P,0.13589783447308612,0.1429864165056147,0.0,False,unknown,GameElementResource,0.1087182675784689,0.0,0.0,-1,rejected,0.0
RF_GE_BloackGame,Availability_Block_Game_by_level,0.13573890957739293,0.14207711286649066,0.0,False,ReferenceKey,Level,0.10859112766191435,0.0,0.0,-1,rejected,0.0
RF_GE_STash,Availability_Block_Game_by_level,0.13573890957739293,0.14207711286649066,0.0,False,ReferenceKey,Level,0.10859112766191435,0.0,0.0,-1,rejected,0.0
_:b17,Availability_Block_Game_by_level,0.13569917368436923,0.14809762035056373,0.0,False,Restriction,Level,0.10855933894749539,0.0,0.0,-1,rejected,0.0
_:b15,Availability_Block_Game_by_level,0.13569917368436923,0.14809762035056373,0.0,False,Restriction,Level,0.10855933894749539,0.0,0.0,-1,rejected,0.0
_:b18,Availability_Block_Game_by_level,0.13569917368436923,0.14809762035056373,0.0,False,Restriction,Level,0.10855933894749539,0.0,0.0,-1,rejected,0.0
_:b57,Tiny_stash,0.12521892494343165,0.15069787083112968,0.0415518252487452,False,unknown,Reward,0.10848550500449436,0.0,0.0,-1,rejected,0.0
_:b58,Tiny_stash,0.12521892494343165,0.15069787083112968,0.0415518252487452,False,unknown,Reward,0.10848550500449436,0.0,0.0,-1,rejected,0.0
BehaviouralObjective,Block_Game,0.13560099198464598,0.13876782466355195,0.0,False,Class,GameElementResource,0.10848079358771678,0.0,0.0,-1,rejected,0.0
BehaviouralObjective,Interactive_Content_–_H5P,0.13560099198464598,0.13876782466355195,0.0,False,Class,GameElementResource,0.10848079358771678,0.0,0.0,-1,rejected,0.0
BehaviouralObjective,Quizventure,0.13560099198464598,0.13876782466355195,0.0,False,Class,GameElementResource,0.10848079358771678,0.0,0.0,-1,rejected,0.0
BehaviouralObjective,Game,0.13560099198464598,0.13876782466355195,0.0,False,Class,GameElementResource,0.10848079358771678,0.0,0.0,-1,rejected,0.0
content,Availability_Block_Game_by_level,0.13557379677661804,0.14968104991999254,0.0,False,AnnotationProperty,Level,0.10845903742129444,0.0,0.0,-1,rejected,0.0
topic,Availability_Block_Game_by_level,0.13557379677661804,0.14968104991999254,0.0,False,AnnotationProperty,Level,0.10845903742129444,0.0,0.0,-1,rejected,0.0
content_encoded,Availability_Block_Game_by_level,0.13557379677661804,0.14968104991999254,0.0,False,AnnotationProperty,Level,0.10845903742129444,0.0,0.0,-1,rejected,0.0
pageEnd,Availability_Block_Game_by_level,0.13557379677661804,0.14968104991999254,0.0,False,AnnotationProperty,Level,0.10845903742129444,0.0,0.0,-1,rejected,0.0
chapter,Availability_Block_Game_by_level,0.1355737848556891,0.1496810255162626,0.0,False,AnnotationProperty,Level,0.10845902788455129,0.0,0.0,-1,rejected,0.0
section,Availability_Block_Game_by_level,0.1355737848556891,0.1496810255162626,0.0,False,AnnotationProperty,Level,0.10845902788455129,0.0,0.0,-1,rejected,0.0
depicts,Availability_Block_Game_by_level,0.1355737848556891,0.1496810255162626,0.0,False,AnnotationProperty,Level,0.10845902788455129,0.0,0.0,-1,rejected,0.0
pages,Availability_Block_Game_by_level,0.1355737848556891,0.1496810255162626,0.0,False,AnnotationProperty,Level,0.10845902788455129,0.0,0.0,-1,rejected,0.0
PerceptionPole,Quizventure,0.13540391439452393,0.14167735320842675,0.0,False,Class,GameElementResource,0.10832313151561915,0.0,0.0,-1,rejected,0.0
PerceptionPole,Block_Game,0.13540391439452393,0.14167735320842675,0.0,False,Class,GameElementResource,0.10832313151561915,0.0,0.0,-1,rejected,0.0
PerceptionPole,Game,0.13540391439452393,0.14167735320842675,0.0,False,Class,GameElementResource,0.10832313151561915,0.0,0.0,-1,rejected,0.0
PerceptionPole,Interactive_Content_–_H5P,0.13540391439452393,0.14167735320842675,0.0,False,Class,GameElementResource,0.10832313151561915,0.0,0.0,-1,rejected,0.0
InputPole,Block_Game,0.13540391439452393,0.14167735320842675,0.0,False,Class,GameElementResource,0.10832313151561915,0.0,0.0,-1,rejected,0.0
InputPole,Quizventure,0.13540391439452393,0.14167735320842675,0.0,False,Class,GameElementResource,0.10832313151561915,0.0,0.0,-1,rejected,0.0
InputPole,Interactive_Content_–_H5P,0.13540391439452393,0.14167735320842675,0.0,False,Class,GameElementResource,0.10832313151561915,0.0,0.0,-1,rejected,0.0
InputPole,Game,0.13540391439452393,0.14167735320842675,0.0,False,Class,GameElementResource,0.10832313151561915,0.0,0.0,-1,rejected,0.0
Mike_23,Availability_Block_Game_by_level,0.13477658842041268,0.14371603774871453,0.0,False,UserAccount,Level,0.10782127073633015,0.0,0.0,-1,rejected,0.0
Availability_Block_Game_by_level,Motrain,0.13470809834831055,0.14769769488251144,0.0,False,Level,GameElementResource,0.10776647867864844,0.0,0.0,-1,rejected,0.0
RFK_L3_R6,Availability_Block_Game_by_level,0.1345786274443987,0.14260698396337662,0.0,False,ReferenceKey,Level,0.10766290195551896,0.0,0.0,-1,rejected,0.0
RFK_L4_R7,Availability_Block_Game_by_level,0.13457436117838253,0.14260845091687738,0.0,False,ReferenceKey,Level,0.10765948894270604,0.0,0.0,-1,rejected,0.0
_:b57,bonusPoints,0.13447042240880644,0.1672388057232527,0.0,False,unknown,BonusPoints,0.10757633792704516,0.0,0.0,-1,rejected,0.0
_:b58,bonusPoints,0.13447042240880644,0.1672388057232527,0.0,False,unknown,BonusPoints,0.10757633792704516,0.0,0.0,-1,rejected,0.0
has_URL,Availability_Block_Game_by_level,0.13442568557049572,0.15603085838866698,0.0,False,DatatypeProperty,Level,0.10754054845639659,0.0,0.0,-1,rejected,0.0
hasInputPole,Availability_Block_Game_by_level,0.13440123505225623,0.15605510304737333,0.0,False,ObjectProperty,Level,0.10752098804180499,0.0,0.0,-1,rejected,0.0
hasProcessingPole,Availability_Block_Game_by_level,0.13440123505225623,0.15605510304737333,0.0,False,ObjectProperty,Level,0.10752098804180499,0.0,0.0,-1,rejected,0.0
hasUnderstandingPole,Availability_Block_Game_by_level,0.13440123505225623,0.15605510304737333,0.0,False,ObjectProperty,Level,0.10752098804180499,0.0,0.0,-1,rejected,0.0
hasPerceptionPole,Availability_Block_Game_by_level,0.13440123505225623,0.15605510304737333,0.0,False,ObjectProperty,Level,0.10752098804180499,0.0,0.0,-1,rejected,0.0
hasBehaviouralObjective,Availability_Block_Game_by_level,0.13412816854596,0.14346302796973215,0.0,False,ObjectProperty,Level,0.107302534836768,0.0,0.0,-1,rejected,0.0
_:b29,Availability_Block_Game_by_level,0.1334382873825709,0.1440216931934203,0.0,False,Restriction,Level,0.10675062990605673,0.0,0.0,-1,rejected,0.0
_:b58,BLockGame,0.10107694194489822,0.15758226621614976,0.12935257077791257,False,unknown,Badge,0.1067320677115011,0.0,0.0,-1,rejected,0.0
_:b57,BLockGame,0.10107694194489822,0.15758226621614976,0.12935257077791257,False,unknown,Badge,0.1067320677115011,0.0,0.0,-1,rejected,0.0
Film,Availability_Block_Game_by_level,0.1332631346670185,0.1519397783178829,0.0,False,Class,Level,0.1066105077336148,0.0,0.0,-1,rejected,0.0
Bill,Availability_Block_Game_by_level,0.1332631346670185,0.1519397783178829,0.0,False,Class,Level,0.1066105077336148,0.0,0.0,-1,rejected,0.0
hasLearningStyle,Quizventure,0.1331538066981652,0.1403747378818548,0.0,False,ObjectProperty,GameElementResource,0.10652304535853217,0.0,0.0,-1,rejected,0.0
hasLearningStyle,Interactive_Content_–_H5P,0.1331538066981652,0.1403747378818548,0.0,False,ObjectProperty,GameElementResource,0.10652304535853217,0.0,0.0,-1,rejected,0.0
hasLearningStyle,Game,0.1331538066981652,0.1403747378818548,0.0,False,ObjectProperty,GameElementResource,0.10652304535853217,0.0,0.0,-1,rejected,0.0
hasLearningStyle,Block_Game,0.1331538066981652,0.1403747378818548,0.0,False,ObjectProperty,GameElementResource,0.10652304535853217,0.0,0.0,-1,rejected,0.0
leçon 2 du cours Programmation Orientée Objet,Interactive_Content_–_H5P,0.13284142426810566,0.14500614535834366,0.0,False,unknown,GameElementResource,0.10627313941448453,0.0,0.0,-1,rejected,0.0
leçon 2 du cours Programmation Orientée Objet,Quizventure,0.13284142426810566,0.14500614535834366,0.0,False,unknown,GameElementResource,0.10627313941448453,0.0,0.0,-1,rejected,0.0
leçon 2 du cours Programmation Orientée Objet,Block_Game,0.13284142426810566,0.14500614535834366,0.0,False,unknown,GameElementResource,0.10627313941448453,0.0,0.0,-1,rejected,0.0
leçon 2 du cours Programmation Orientée Objet,Game,0.13284142426810566,0.14500614535834366,0.0,False,unknown,GameElementResource,0.10627313941448453,0.0,0.0,-1,rejected,0.0
_:b35,Availability_Block_Game_by_level,0.1327487651895068,0.1444519804173423,0.0,False,Restriction,Level,0.10619901215160543,0.0,0.0,-1,rejected,0.0
_:b41,Availability_Block_Game_by_level,0.13273905054394824,0.1444546316930046,0.0,False,Restriction,Level,0.1061912404351586,0.0,0.0,-1,rejected,0.0
_:b47,Availability_Block_Game_by_level,0.13273492003079657,0.14445575931603588,0.0,False,Restriction,Level,0.10618793602463726,0.0,0.0,-1,rejected,0.0
_:b52,Availability_Block_Game_by_level,0.13273316336060983,0.14445623894595983,0.0,False,Restriction,Level,0.10618653068848788,0.0,0.0,-1,rejected,0.0
MathCoursesCommunity,bonusPoints,0.13251485543245023,0.1506542069385823,0.0,False,Space,BonusPoints,0.10601188434596019,0.0,0.0,-1,rejected,0.0
Polymorphism,Availability_Block_Game_by_level,0.1324892270570524,0.15495879792335712,0.0,False,Lesson,Level,0.10599138164564192,0.0,0.0,-1,rejected,0.0
BonusPointsLeaderboard,Availability_Block_Game_by_level,0.13220934718107263,0.1469253722793029,0.0,False,Class,Level,0.10576747774485812,0.0,0.0,-1,rejected,0.0
BonusPoints,Availability_Block_Game_by_level,0.13216921871080495,0.14693445632769517,0.0,False,Class,Level,0.10573537496864396,0.0,0.0,-1,rejected,0.0
SocialPointsLeaderboard,Availability_Block_Game_by_level,0.13207499373232262,0.14695584954285235,0.0,False,Class,Level,0.1056599949858581,0.0,0.0,-1,rejected,0.0
l,Game,0.13153888172250078,0.14400574598823923,0.0,False,Variable,GameElementResource,0.10523110537800062,0.0,0.0,-1,rejected,0.0
l,Block_Game,0.13153888172250078,0.14400574598823923,0.0,False,Variable,GameElementResource,0.10523110537800062,0.0,0.0,-1,rejected,0.0
l,Quizventure,0.13153888172250078,0.14400574598823923,0.0,False,Variable,GameElementResource,0.10523110537800062,0.0,0.0,-1,rejected,0.0
l,Interactive_Content_–_H5P,0.13153888172250078,0.14400574598823923,0.0,False,Variable,GameElementResource,0.10523110537800062,0.0,0.0,-1,rejected,0.0
has_target,Availability_Block_Game_by_level,0.13139492977421924,0.15306596714008244,0.0,False,unknown,Level,0.10511594381937539,0.0,0.0,-1,rejected,0.0
workplaceHomepage,Availability_Block_Game_by_level,0.13139492977421924,0.15306596714008244,0.0,False,unknown,Level,0.10511594381937539,0.0,0.0,-1,rejected,0.0
consists_of,Availability_Block_Game_by_level,0.13139492977421924,0.15306596714008244,0.0,False,unknown,Level,0.10511594381937539,0.0,0.0,-1,rejected,0.0
has_body_for_annotation,Availability_Block_Game_by_level,0.13139492977421924,0.15306596714008244,0.0,False,unknown,Level,0.10511594381937539,0.0,0.0,-1,rejected,0.0
accountServiceHomepage,Availability_Block_Game_by_level,0.13139492977421924,0.15306596714008244,0.0,False,unknown,Level,0.10511594381937539,0.0,0.0,-1,rejected,0.0
RDV,Availability_Block_Game_by_level,0.13139492977421924,0.15306596714008244,0.0,False,unknown,Level,0.10511594381937539,0.0,0.0,-1,rejected,0.0
has_answer,Availability_Block_Game_by_level,0.1313949178532903,0.1530659428692014,0.0,False,unknown,Level,0.10511593428263225,0.0,0.0,-1,rejected,0.0
b,Game,0.13139150098754898,0.14403757969235367,0.0,False,Variable,GameElementResource,0.10511320079003919,0.0,0.0,-1,rejected,0.0
b,Interactive_Content_–_H5P,0.13139150098754898,0.14403757969235367,0.0,False,Variable,GameElementResource,0.10511320079003919,0.0,0.0,-1,rejected,0.0
b,Quizventure,0.13139150098754898,0.14403757969235367,0.0,False,Variable,GameElementResource,0.10511320079003919,0.0,0.0,-1,rejected,0.0
b,Block_Game,0.13139150098754898,0.14403757969235367,0.0,False,Variable,GameElementResource,0.10511320079003919,0.0,0.0,-1,rejected,0.0
Java_Basics,Availability_Block_Game_by_level,0.13136432329058395,0.1556388211045712,0.0,False,Lesson,Level,0.10509145863246716,0.0,0.0,-1,rejected,0.0
Class_Methods_and_Constructors,Availability_Block_Game_by_level,0.13120554611135724,0.15575127106428785,0.0,False,Lesson,Level,0.1049644368890858,0.0,0.0,-1,rejected,0.0
Graphical_User_Interface,Availability_Block_Game_by_level,0.131120249569388,0.15256903876005612,0.0,False,Lesson,Level,0.1048961996555104,0.0,0.0,-1,rejected,0.0
Inheritance,Availability_Block_Game_by_level,0.13104567757451271,0.1565812440107152,0.0,False,Lesson,Level,0.10483654205961018,0.0,0.0,-1,rejected,0.0
IK2,Availability_Block_Game_by_level,0.13100017015463383,0.1518282228719828,0.0,False,IndexKey,Level,0.10480013612370707,0.0,0.0,-1,rejected,0.0
RFK_L2_R7,Availability_Block_Game_by_level,0.1308329225193897,0.14465995740189097,0.0,False,ReferenceKey,Level,0.10466633801551176,0.0,0.0,-1,rejected,0.0
_:b11,Availability_Block_Game_by_level,0.13081692701339148,0.14485588189814597,0.0,False,Class,Level,0.10465354161071319,0.0,0.0,-1,rejected,0.0
_:b8,Availability_Block_Game_by_level,0.13081692701339148,0.14485588189814597,0.0,False,Class,Level,0.10465354161071319,0.0,0.0,-1,rejected,0.0
Error3,Availability_Block_Game_by_level,0.13081692701339148,0.14485588189814597,0.0,False,Class,Level,0.10465354161071319,0.0,0.0,-1,rejected,0.0
RFK_L1_R3,Availability_Block_Game_by_level,0.13069453350861274,0.1449132880160338,0.0,False,ReferenceKey,Level,0.10455562680689019,0.0,0.0,-1,rejected,0.0
RFK_L1_R4,Availability_Block_Game_by_level,0.13060345812552784,0.1449395681162632,0.0,False,ReferenceKey,Level,0.10448276650042228,0.0,0.0,-1,rejected,0.0
ImageObject,Availability_Block_Game_by_level,0.13057774039437298,0.14560158587322153,0.0,False,unknown,Level,0.10446219231549839,0.0,0.0,-1,rejected,0.0
Classes_and_Objects,Availability_Block_Game_by_level,0.13042986929148942,0.15624826817400836,0.0,False,Lesson,Level,0.10434389543319154,0.0,0.0,-1,rejected,0.0
RFK_L4_R3,Availability_Block_Game_by_level,0.13027622971329217,0.1452686111394428,0.0,False,ReferenceKey,Level,0.10422098377063374,0.0,0.0,-1,rejected,0.0
Lesson,Interactive_Content_–_H5P,0.13021921637170047,0.14559062083738228,0.0,False,unknown,GameElementResource,0.10417537309736039,0.0,0.0,-1,rejected,0.0
Lesson,Quizventure,0.13021921637170047,0.14559062083738228,0.0,False,unknown,GameElementResource,0.10417537309736039,0.0,0.0,-1,rejected,0.0
Lesson,Game,0.13021921637170047,0.14559062083738228,0.0,False,unknown,GameElementResource,0.10417537309736039,0.0,0.0,-1,rejected,0.0
Lesson,Block_Game,0.13021921637170047,0.14559062083738228,0.0,False,unknown,GameElementResource,0.10417537309736039,0.0,0.0,-1,rejected,0.0
Quizventure,Motrain,0.1301922894675808,0.1497715919062806,0.0,False,GameElementResource,GameElementResource,0.10415383157406465,0.0,0.0,-1,rejected,0.0
Block_Game,Motrain,0.1301922894675808,0.1497715919062806,0.0,False,GameElementResource,GameElementResource,0.10415383157406465,0.0,0.0,-1,rejected,0.0
Game,Motrain,0.1301922894675808,0.1497715919062806,0.0,False,GameElementResource,GameElementResource,0.10415383157406465,0.0,0.0,-1,rejected,0.0
Interactive_Content_–_H5P,Motrain,0.1301922894675808,0.1497715919062806,0.0,False,GameElementResource,GameElementResource,0.10415383157406465,0.0,0.0,-1,rejected,0.0
Audience_A,Availability_Block_Game_by_level,0.1299037350643059,0.1446524411434963,0.0,False,Audience,Level,0.10392298805144472,0.0,0.0,-1,rejected,0.0
recognizing_the_properties_of_the_built-in_data_types,Interactive_Content_–_H5P,0.1298877005333699,0.14428700166461694,0.0,False,PedagogicalObjective,GameElementResource,0.10391016042669593,0.0,0.0,-1,rejected,0.0
recognizing_the_properties_of_the_built-in_data_types,Block_Game,0.1298877005333699,0.14428700166461694,0.0,False,PedagogicalObjective,GameElementResource,0.10391016042669593,0.0,0.0,-1,rejected,0.0
recognizing_the_properties_of_the_built-in_data_types,Quizventure,0.1298877005333699,0.14428700166461694,0.0,False,PedagogicalObjective,GameElementResource,0.10391016042669593,0.0,0.0,-1,rejected,0.0
recognizing_the_properties_of_the_built-in_data_types,Game,0.1298877005333699,0.14428700166461694,0.0,False,PedagogicalObjective,GameElementResource,0.10391016042669593,0.0,0.0,-1,rejected,0.0
effectively_use_the_built-in_data_types,Game,0.1298877005333699,0.14428700166461694,0.0,False,PedagogicalObjective,GameElementResource,0.10391016042669593,0.0,0.0,-1,rejected,0.0
PO1,Block_Game,0.1298877005333699,0.14428700166461694,0.0,False,PedagogicalObjective,GameElementResource,0.10391016042669593,0.0,0.0,-1,rejected,0.0
PO1,Quizventure,0.1298877005333699,0.14428700166461694,0.0,False,PedagogicalObjective,GameElementResource,0.10391016042669593,0.0,0.0,-1,rejected,0.0
effectively_use_the_built-in_data_types,Quizventure,0.1298877005333699,0.14428700166461694,0.0,False,PedagogicalObjective,GameElementResource,0.10391016042669593,0.0,0.0,-1,rejected,0.0
effectively_use_the_built-in_data_types,Block_Game,0.1298877005333699,0.14428700166461694,0.0,False,PedagogicalObjective,GameElementResource,0.10391016042669593,0.0,0.0,-1,rejected,0.0
effectively_use_the_built-in_data_types,Interactive_Content_–_H5P,0.1298877005333699,0.14428700166461694,0.0,False,PedagogicalObjective,GameElementResource,0.10391016042669593,0.0,0.0,-1,rejected,0.0
PO1,Game,0.1298877005333699,0.14428700166461694,0.0,False,PedagogicalObjective,GameElementResource,0.10391016042669593,0.0,0.0,-1,rejected,0.0
PO1,Interactive_Content_–_H5P,0.1298877005333699,0.14428700166461694,0.0,False,PedagogicalObjective,GameElementResource,0.10391016042669593,0.0,0.0,-1,rejected,0.0
_:b3,Motrain,0.12981904675000805,0.14541262637132535,0.0,False,Restriction,GameElementResource,0.10385523740000645,0.0,0.0,-1,rejected,0.0
_:b1,Motrain,0.12981904675000805,0.14541262637132535,0.0,False,Restriction,GameElementResource,0.10385523740000645,0.0,0.0,-1,rejected,0.0
_:b0,Motrain,0.12981904675000805,0.14541262637132535,0.0,False,Restriction,GameElementResource,0.10385523740000645,0.0,0.0,-1,rejected,0.0
_:b4,Motrain,0.12981904675000805,0.14541262637132535,0.0,False,Restriction,GameElementResource,0.10385523740000645,0.0,0.0,-1,rejected,0.0
has_totalLikes,Availability_Block_Game_by_level,0.12964957136424907,0.15097389427449412,0.0,False,DatatypeProperty,Level,0.10371965709139926,0.0,0.0,-1,rejected,0.0
has_TranslationLanguage,Availability_Block_Game_by_level,0.12964957136424907,0.15097389427449412,0.0,False,DatatypeProperty,Level,0.10371965709139926,0.0,0.0,-1,rejected,0.0
hasPaymentPreference,Availability_Block_Game_by_level,0.12964957136424907,0.15097389427449412,0.0,False,DatatypeProperty,Level,0.10371965709139926,0.0,0.0,-1,rejected,0.0
has_EducationalLevel,Availability_Block_Game_by_level,0.12964957136424907,0.15097389427449412,0.0,False,DatatypeProperty,Level,0.10371965709139926,0.0,0.0,-1,rejected,0.0
has_totalSites,Availability_Block_Game_by_level,0.12964957136424907,0.15097389427449412,0.0,False,DatatypeProperty,Level,0.10371965709139926,0.0,0.0,-1,rejected,0.0
Adam,Availability_Block_Game_by_level,0.12964957136424907,0.15097389427449412,0.0,False,Teacher,Level,0.10371965709139926,0.0,0.0,-1,rejected,0.0
has_Rating,Availability_Block_Game_by_level,0.12964957136424907,0.15097389427449412,0.0,False,DatatypeProperty,Level,0.10371965709139926,0.0,0.0,-1,rejected,0.0
has_LearningPace,Availability_Block_Game_by_level,0.12964957136424907,0.15097389427449412,0.0,False,DatatypeProperty,Level,0.10371965709139926,0.0,0.0,-1,rejected,0.0
has_Purpose,Availability_Block_Game_by_level,0.12964957136424907,0.15097389427449412,0.0,False,DatatypeProperty,Level,0.10371965709139926,0.0,0.0,-1,rejected,0.0
has_totalDownloads,Availability_Block_Game_by_level,0.12964957136424907,0.15097389427449412,0.0,False,DatatypeProperty,Level,0.10371965709139926,0.0,0.0,-1,rejected,0.0
has_TotalCompletionHours,Availability_Block_Game_by_level,0.12964957136424907,0.15097389427449412,0.0,False,DatatypeProperty,Level,0.10371965709139926,0.0,0.0,-1,rejected,0.0
has_TeachingLanguage,Availability_Block_Game_by_level,0.12964957136424907,0.15097389427449412,0.0,False,DatatypeProperty,Level,0.10371965709139926,0.0,0.0,-1,rejected,0.0
has_TotalEnrollment,Availability_Block_Game_by_level,0.12964957136424907,0.15097389427449412,0.0,False,DatatypeProperty,Level,0.10371965709139926,0.0,0.0,-1,rejected,0.0
has_latestRelease,Availability_Block_Game_by_level,0.12964957136424907,0.15097389427449412,0.0,False,DatatypeProperty,Level,0.10371965709139926,0.0,0.0,-1,rejected,0.0
has_duration,Availability_Block_Game_by_level,0.12964957136424907,0.15097389427449412,0.0,False,DatatypeProperty,Level,0.10371965709139926,0.0,0.0,-1,rejected,0.0
has_title,Availability_Block_Game_by_level,0.1296495594433201,0.15097386949501965,0.0,False,DatatypeProperty,Level,0.10371964755465608,0.0,0.0,-1,rejected,0.0
has_latestVersion,Availability_Block_Game_by_level,0.1296495594433201,0.15097386949501965,0.0,False,DatatypeProperty,Level,0.10371964755465608,0.0,0.0,-1,rejected,0.0
designLesson,Availability_Block_Game_by_level,0.12962849442502772,0.1509949191763524,0.0,False,ObjectProperty,Level,0.10370279554002218,0.0,0.0,-1,rejected,0.0
Tiny_stash,Availability_Block_Game_by_level,0.12960781285562856,0.15648632517027664,0.0,False,Reward,Level,0.10368625028450285,0.0,0.0,-1,rejected,0.0
RFK_L4_R2,Availability_Block_Game_by_level,0.12949934879904781,0.14573910898443643,0.0,False,ReferenceKey,Level,0.10359947903923826,0.0,0.0,-1,rejected,0.0
RF_GE_Motrain,Availability_Block_Game_by_level,0.12946322928295576,0.14574898268940892,0.0,False,ReferenceKey,Level,0.1035705834263646,0.0,0.0,-1,rejected,0.0
RFK_L4_R1,Availability_Block_Game_by_level,0.1294522116812427,0.14575199770314323,0.0,False,ReferenceKey,Level,0.10356176934499417,0.0,0.0,-1,rejected,0.0
has_description,Availability_Block_Game_by_level,0.12944691793003751,0.1511105396762612,0.0,False,FunctionalProperty,Level,0.10355753434403002,0.0,0.0,-1,rejected,0.0
RFK_L3_R5,Availability_Block_Game_by_level,0.12943883011180904,0.1457556616501272,0.0,False,ReferenceKey,Level,0.10355106408944724,0.0,0.0,-1,rejected,0.0
RFK_L3_R4,Availability_Block_Game_by_level,0.12943306185605305,0.14575724171457038,0.0,False,ReferenceKey,Level,0.10354644948484244,0.0,0.0,-1,rejected,0.0
RFK_L3_R3,Availability_Block_Game_by_level,0.1294308157031356,0.14575785710158082,0.0,False,ReferenceKey,Level,0.1035446525625085,0.0,0.0,-1,rejected,0.0
RFK_L3_R2,Availability_Block_Game_by_level,0.12942972218094712,0.14575815672062692,0.0,False,ReferenceKey,Level,0.1035437777447577,0.0,0.0,-1,rejected,0.0
RFK_L3_R1,Availability_Block_Game_by_level,0.12942927699099518,0.14575827870445296,0.0,False,ReferenceKey,Level,0.10354342159279616,0.0,0.0,-1,rejected,0.0
RFK_L2_R6,Availability_Block_Game_by_level,0.1294209671774014,0.1457605560773486,0.0,False,ReferenceKey,Level,0.10353677374192112,0.0,0.0,-1,rejected,0.0
RFK_L2_R5,Availability_Block_Game_by_level,0.1294174228351746,0.14576152769379289,0.0,False,ReferenceKey,Level,0.10353393826813968,0.0,0.0,-1,rejected,0.0
RFK_L2_R4,Availability_Block_Game_by_level,0.12941592124502568,0.1457619393741404,0.0,False,ReferenceKey,Level,0.10353273699602056,0.0,0.0,-1,rejected,0.0
RFK_L2_R3,Availability_Block_Game_by_level,0.1294152855396811,0.1457621136693857,0.0,False,ReferenceKey,Level,0.10353222843174488,0.0,0.0,-1,rejected,0.0
RFK_L2_R2,Availability_Block_Game_by_level,0.1294150165543559,0.14576218742026092,0.0,False,ReferenceKey,Level,0.10353201324348471,0.0,0.0,-1,rejected,0.0
RFK_L1_R2,Availability_Block_Game_by_level,0.12939999029258387,0.14576630877054003,0.0,False,ReferenceKey,Level,0.1035199922340671,0.0,0.0,-1,rejected,0.0
Mike,Motrain,0.12922716761130645,0.14578982222984496,0.0,False,Teacher,GameElementResource,0.10338173408904516,0.0,0.0,-1,rejected,0.0
ObjectOrientedProgramming,Availability_Block_Game_by_level,0.1292242337179264,0.1506136899153094,0.0,False,onlineCourse,Level,0.10337938697434113,0.0,0.0,-1,rejected,0.0
OnlineAccount,bonusPoints,0.12906712578174806,0.14409614434370022,0.0,False,unknown,BonusPoints,0.10325370062539846,0.0,0.0,-1,rejected,0.0
RFK_L1_R5,Availability_Block_Game_by_level,0.1290567114107386,0.1458612368171764,0.0,False,ReferenceKey,Level,0.10324536912859089,0.0,0.0,-1,rejected,0.0
_:b5,Availability_Block_Game_by_level,0.12879584621960177,0.14508486884480376,0.0,False,Restriction,Level,0.10303667697568142,0.0,0.0,-1,rejected,0.0
_:b6,Availability_Block_Game_by_level,0.1287958342986728,0.14508484297184185,0.0,False,Restriction,Level,0.10303666743893825,0.0,0.0,-1,rejected,0.0
_:b7,Availability_Block_Game_by_level,0.1287958342986728,0.14508484297184185,0.0,False,Restriction,Level,0.10303666743893825,0.0,0.0,-1,rejected,0.0
Stash,Quizventure,0.1287539187642693,0.15902874604815942,0.0,False,Reward,GameElementResource,0.10300313501141545,0.0,0.0,-1,rejected,0.0
Stash,Game,0.1287539187642693,0.15902874604815942,0.0,False,Reward,GameElementResource,0.10300313501141545,0.0,0.0,-1,rejected,0.0
Stash,Block_Game,0.1287539187642693,0.15902874604815942,0.0,False,Reward,GameElementResource,0.10300313501141545,0.0,0.0,-1,rejected,0.0
Stash,Interactive_Content_–_H5P,0.1287539187642693,0.15902874604815942,0.0,False,Reward,GameElementResource,0.10300313501141545,0.0,0.0,-1,rejected,0.0
RFK_L4_R6,Availability_Block_Game_by_level,0.12864503873152183,0.14758523808897553,0.0,False,ReferenceKey,Level,0.10291603098521747,0.0,0.0,-1,rejected,0.0
Level_Up,Block_Game,0.12840287210665818,0.15935629137307597,0.0,False,Level,GameElementResource,0.10272229768532655,0.0,0.0,-1,rejected,0.0
Level_Up,Game,0.12840287210665818,0.15935629137307597,0.0,False,Level,GameElementResource,0.10272229768532655,0.0,0.0,-1,rejected,0.0
Level_Up,Quizventure,0.12840287210665818,0.15935629137307597,0.0,False,Level,GameElementResource,0.10272229768532655,0.0,0.0,-1,rejected,0.0
Level_Up,Interactive_Content_–_H5P,0.12840287210665818,0.15935629137307597,0.0,False,Level,GameElementResource,0.10272229768532655,0.0,0.0,-1,rejected,0.0
Error1,Block_Game,0.12840200465308063,0.14527730924469495,0.0,False,Class,GameElementResource,0.10272160372246451,0.0,0.0,-1,rejected,0.0
Error1,Quizventure,0.12840200465308063,0.14527730924469495,0.0,False,Class,GameElementResource,0.10272160372246451,0.0,0.0,-1,rejected,0.0
Error1,Interactive_Content_–_H5P,0.12840200465308063,0.14527730924469495,0.0,False,Class,GameElementResource,0.10272160372246451,0.0,0.0,-1,rejected,0.0
Error1,Game,0.12840200465308063,0.14527730924469495,0.0,False,Class,GameElementResource,0.10272160372246451,0.0,0.0,-1,rejected,0.0
RFK_L1_R1,Availability_Block_Game_by_level,0.12815176505644904,0.1473204364166984,0.0,False,ReferenceKey,Level,0.10252141204515924,0.0,0.0,-1,rejected,0.0
RFK_L2_R1,Availability_Block_Game_by_level,0.12814846777802458,0.14732119686707978,0.0,False,ReferenceKey,Level,0.10251877422241967,0.0,0.0,-1,rejected,0.0
tbox,Motrain,0.12808846287795078,0.14864830681521335,0.0,False,Ontology,GameElementResource,0.10247077030236063,0.0,0.0,-1,rejected,0.0
RFK_L4_R5,Availability_Block_Game_by_level,0.12782260278373336,0.14739703932462317,0.0,False,ReferenceKey,Level,0.1022580822269867,0.0,0.0,-1,rejected,0.0
Audience,Block_Game,0.12769898270490523,0.1454696486549834,0.0,False,Class,GameElementResource,0.10215918616392419,0.0,0.0,-1,rejected,0.0
Audience,Interactive_Content_–_H5P,0.12769898270490523,0.1454696486549834,0.0,False,Class,GameElementResource,0.10215918616392419,0.0,0.0,-1,rejected,0.0
Audience,Game,0.12769898270490523,0.1454696486549834,0.0,False,Class,GameElementResource,0.10215918616392419,0.0,0.0,-1,rejected,0.0
Audience,Quizventure,0.12769898270490523,0.1454696486549834,0.0,False,Class,GameElementResource,0.10215918616392419,0.0,0.0,-1,rejected,0.0
Participation,Interactive_Content_–_H5P,0.1276795907644637,0.14649749808285692,0.0,False,NamedIndividual,GameElementResource,0.10214367261157097,0.0,0.0,-1,rejected,0.0
Participation,Game,0.1276795907644637,0.14649749808285692,0.0,False,NamedIndividual,GameElementResource,0.10214367261157097,0.0,0.0,-1,rejected,0.0
Participation,Block_Game,0.1276795907644637,0.14649749808285692,0.0,False,NamedIndividual,GameElementResource,0.10214367261157097,0.0,0.0,-1,rejected,0.0
Participation,Quizventure,0.1276795907644637,0.14649749808285692,0.0,False,NamedIndividual,GameElementResource,0.10214367261157097,0.0,0.0,-1,rejected,0.0
_:b0,Availability_Block_Game_by_level,0.1276075060630728,0.14547862238652942,0.0,False,Restriction,Level,0.10208600485045825,0.0,0.0,-1,rejected,0.0
_:b4,Availability_Block_Game_by_level,0.1276075060630728,0.14547862238652942,0.0,False,Restriction,Level,0.10208600485045825,0.0,0.0,-1,rejected,0.0
_:b1,Availability_Block_Game_by_level,0.1276075060630728,0.14547862238652942,0.0,False,Restriction,Level,0.10208600485045825,0.0,0.0,-1,rejected,0.0
_:b3,Availability_Block_Game_by_level,0.1276075060630728,0.14547862238652942,0.0,False,Restriction,Level,0.10208600485045825,0.0,0.0,-1,rejected,0.0
Mike_23,Motrain,0.12746177941093823,0.1491532301144226,0.0,False,UserAccount,GameElementResource,0.10196942352875059,0.0,0.0,-1,rejected,0.0
UnderstandingPole,Quizventure,0.12740717463759255,0.1447097889021483,0.0,False,Class,GameElementResource,0.10192573971007404,0.0,0.0,-1,rejected,0.0
ProcessingPole,Quizventure,0.12740717463759255,0.1447097889021483,0.0,False,Class,GameElementResource,0.10192573971007404,0.0,0.0,-1,rejected,0.0
ProcessingPole,Game,0.12740717463759255,0.1447097889021483,0.0,False,Class,GameElementResource,0.10192573971007404,0.0,0.0,-1,rejected,0.0
ProcessingPole,Block_Game,0.12740717463759255,0.1447097889021483,0.0,False,Class,GameElementResource,0.10192573971007404,0.0,0.0,-1,rejected,0.0
ProcessingPole,Interactive_Content_–_H5P,0.12740717463759255,0.1447097889021483,0.0,False,Class,GameElementResource,0.10192573971007404,0.0,0.0,-1,rejected,0.0
UnderstandingPole,Game,0.12740717463759255,0.1447097889021483,0.0,False,Class,GameElementResource,0.10192573971007404,0.0,0.0,-1,rejected,0.0
UnderstandingPole,Block_Game,0.12740717463759255,0.1447097889021483,0.0,False,Class,GameElementResource,0.10192573971007404,0.0,0.0,-1,rejected,0.0
UnderstandingPole,Interactive_Content_–_H5P,0.12740717463759255,0.1447097889021483,0.0,False,Class,GameElementResource,0.10192573971007404,0.0,0.0,-1,rejected,0.0
_:b155,Availability_Block_Game_by_level,0.12737284414542777,0.15658125110293533,0.0,False,Imp,Level,0.10189827531634221,0.0,0.0,-1,rejected,0.0
_:b137,Availability_Block_Game_by_level,0.12737284414542777,0.15658125110293533,0.0,False,Imp,Level,0.10189827531634221,0.0,0.0,-1,rejected,0.0
_:b219,Availability_Block_Game_by_level,0.12737284414542777,0.15658125110293533,0.0,False,Imp,Level,0.10189827531634221,0.0,0.0,-1,rejected,0.0
_:b199,Availability_Block_Game_by_level,0.12737284414542777,0.15658125110293533,0.0,False,Imp,Level,0.10189827531634221,0.0,0.0,-1,rejected,0.0
_:b126,Availability_Block_Game_by_level,0.12737284414542777,0.15658125110293533,0.0,False,Imp,Level,0.10189827531634221,0.0,0.0,-1,rejected,0.0
_:b148,Availability_Block_Game_by_level,0.12737284414542777,0.15658125110293533,0.0,False,Imp,Level,0.10189827531634221,0.0,0.0,-1,rejected,0.0
_:b74,Availability_Block_Game_by_level,0.12737284414542777,0.15658125110293533,0.0,False,Imp,Level,0.10189827531634221,0.0,0.0,-1,rejected,0.0
_:b208,Availability_Block_Game_by_level,0.12737284414542777,0.15658125110293533,0.0,False,Imp,Level,0.10189827531634221,0.0,0.0,-1,rejected,0.0
_:b117,Availability_Block_Game_by_level,0.12737284414542777,0.15658125110293533,0.0,False,Imp,Level,0.10189827531634221,0.0,0.0,-1,rejected,0.0
_:b85,Availability_Block_Game_by_level,0.12737284414542777,0.15658125110293533,0.0,False,Imp,Level,0.10189827531634221,0.0,0.0,-1,rejected,0.0
_:b63,Availability_Block_Game_by_level,0.12737284414542777,0.15658125110293533,0.0,False,Imp,Level,0.10189827531634221,0.0,0.0,-1,rejected,0.0
_:b108,Availability_Block_Game_by_level,0.12737284414542777,0.15658125110293533,0.0,False,Imp,Level,0.10189827531634221,0.0,0.0,-1,rejected,0.0
_:b275,Availability_Block_Game_by_level,0.12737284414542777,0.15658125110293533,0.0,False,Imp,Level,0.10189827531634221,0.0,0.0,-1,rejected,0.0
_:b166,Availability_Block_Game_by_level,0.12737284414542777,0.15658125110293533,0.0,False,Imp,Level,0.10189827531634221,0.0,0.0,-1,rejected,0.0
_:b177,Availability_Block_Game_by_level,0.12737284414542777,0.15658125110293533,0.0,False,Imp,Level,0.10189827531634221,0.0,0.0,-1,rejected,0.0
_:b240,Availability_Block_Game_by_level,0.12737284414542777,0.15658125110293533,0.0,False,Imp,Level,0.10189827531634221,0.0,0.0,-1,rejected,0.0
_:b245,Availability_Block_Game_by_level,0.12737284414542777,0.15658125110293533,0.0,False,Imp,Level,0.10189827531634221,0.0,0.0,-1,rejected,0.0
_:b264,Availability_Block_Game_by_level,0.12737284414542777,0.15658125110293533,0.0,False,Imp,Level,0.10189827531634221,0.0,0.0,-1,rejected,0.0
Sara,Availability_Block_Game_by_level,0.12735810839028797,0.16363216082980214,0.0,False,Person,Level,0.10188648671223038,0.0,0.0,-1,rejected,0.0
number,Block_Game,0.12731719776587408,0.14616737081873044,0.0,False,AnnotationProperty,GameElementResource,0.10185375821269926,0.0,0.0,-1,rejected,0.0
number,Game,0.12731719776587408,0.14616737081873044,0.0,False,AnnotationProperty,GameElementResource,0.10185375821269926,0.0,0.0,-1,rejected,0.0
number,Quizventure,0.12731719776587408,0.14616737081873044,0.0,False,AnnotationProperty,GameElementResource,0.10185375821269926,0.0,0.0,-1,rejected,0.0
number,Interactive_Content_–_H5P,0.12731719776587408,0.14616737081873044,0.0,False,AnnotationProperty,GameElementResource,0.10185375821269926,0.0,0.0,-1,rejected,0.0
RFK_L4_R4,Availability_Block_Game_by_level,0.12720373342877128,0.14754474901379527,0.0,False,ReferenceKey,Level,0.10176298674301704,0.0,0.0,-1,rejected,0.0
_:b2,Availability_Block_Game_by_level,0.12701063577198152,0.14641115101128593,0.0,False,Class,Level,0.10160850861758522,0.0,0.0,-1,rejected,0.0
COntentKnowledge,Availability_Block_Game_by_level,0.12701063577198152,0.14641115101128593,0.0,False,Class,Level,0.10160850861758522,0.0,0.0,-1,rejected,0.0
TechnologicalKnowledge,Availability_Block_Game_by_level,0.12701063577198152,0.14641115101128593,0.0,False,Class,Level,0.10160850861758522,0.0,0.0,-1,rejected,0.0
GamificationKnowledge,Availability_Block_Game_by_level,0.12701063577198152,0.14641115101128593,0.0,False,Class,Level,0.10160850861758522,0.0,0.0,-1,rejected,0.0
_:b12,Availability_Block_Game_by_level,0.12701063577198152,0.14641115101128593,0.0,False,Class,Level,0.10160850861758522,0.0,0.0,-1,rejected,0.0
cardinality,Motrain,0.12683950614218883,0.1472787946035604,0.0,False,AnnotationProperty,GameElementResource,0.10147160491375107,0.0,0.0,-1,rejected,0.0
avatar,Motrain,0.12683950614218883,0.1472787946035604,0.0,False,AnnotationProperty,GameElementResource,0.10147160491375107,0.0,0.0,-1,rejected,0.0
subject,Motrain,0.12683950614218883,0.1472787946035604,0.0,False,AnnotationProperty,GameElementResource,0.10147160491375107,0.0,0.0,-1,rejected,0.0
key,Motrain,0.12683950614218883,0.1472787946035604,0.0,False,AnnotationProperty,GameElementResource,0.10147160491375107,0.0,0.0,-1,rejected,0.0
num_threads,Motrain,0.12683950614218883,0.1472787946035604,0.0,False,AnnotationProperty,GameElementResource,0.10147160491375107,0.0,0.0,-1,rejected,0.0
hasValue,Motrain,0.12683950614218883,0.1472787946035604,0.0,False,AnnotationProperty,GameElementResource,0.10147160491375107,0.0,0.0,-1,rejected,0.0
creator_of,Motrain,0.12683950614218883,0.1472787946035604,0.0,False,AnnotationProperty,GameElementResource,0.10147160491375107,0.0,0.0,-1,rejected,0.0
usergroup_of,Motrain,0.12683950614218883,0.1472787946035604,0.0,False,AnnotationProperty,GameElementResource,0.10147160491375107,0.0,0.0,-1,rejected,0.0
_:b36,Availability_Block_Game_by_level,0.12681521817313032,0.14656173208305964,0.0,False,Class,Level,0.10145217453850426,0.0,0.0,-1,rejected,0.0
_:b42,Availability_Block_Game_by_level,0.12679365250748187,0.1465696307347566,0.0,False,Class,Level,0.1014349220059855,0.0,0.0,-1,rejected,0.0
_:b48,Availability_Block_Game_by_level,0.1267844838323598,0.14657298378716765,0.0,False,Class,Level,0.10142758706588784,0.0,0.0,-1,rejected,0.0
ScorePointsLeaderboard,Availability_Block_Game_by_level,0.12675378354569894,0.1465842169367133,0.0,False,Class,Level,0.10140302683655916,0.0,0.0,-1,rejected,0.0
_:b230,Availability_Block_Game_by_level,0.12668641392136404,0.15308226123481875,0.0,False,Imp,Level,0.10134913113709124,0.0,0.0,-1,rejected,0.0
_:b235,Availability_Block_Game_by_level,0.12668641392136404,0.15308226123481875,0.0,False,Imp,Level,0.10134913113709124,0.0,0.0,-1,rejected,0.0
_:b188,Availability_Block_Game_by_level,0.12668641392136404,0.15308226123481875,0.0,False,Imp,Level,0.10134913113709124,0.0,0.0,-1,rejected,0.0
Group,Block_Game,0.12629871883579502,0.1530948721728238,0.0,False,unknown,GameElementResource,0.10103897506863602,0.0,0.0,-1,rejected,0.0
Group,Interactive_Content_–_H5P,0.12629871883579502,0.1530948721728238,0.0,False,unknown,GameElementResource,0.10103897506863602,0.0,0.0,-1,rejected,0.0
Group,Quizventure,0.12629871883579502,0.1530948721728238,0.0,False,unknown,GameElementResource,0.10103897506863602,0.0,0.0,-1,rejected,0.0
Group,Game,0.12629871883579502,0.1530948721728238,0.0,False,unknown,GameElementResource,0.10103897506863602,0.0,0.0,-1,rejected,0.0
_:b9,Motrain,0.12616388616413737,0.1495377095403138,0.0,False,Restriction,GameElementResource,0.10093110893130991,0.0,0.0,-1,rejected,0.0
_:b13,Motrain,0.12616388616413737,0.1495377095403138,0.0,False,Restriction,GameElementResource,0.10093110893130991,0.0,0.0,-1,rejected,0.0
_:b14,Motrain,0.12616388020367292,0.14953769686855883,0.0,False,Restriction,GameElementResource,0.10093110416293834,0.0,0.0,-1,rejected,0.0
SocialPoints,Availability_Block_Game_by_level,0.12605483151723545,0.146936785375857,0.0,False,Class,Level,0.10084386521378837,0.0,0.0,-1,rejected,0.0
ScorePoints,Availability_Block_Game_by_level,0.12605483151723545,0.146936785375857,0.0,False,Class,Level,0.10084386521378837,0.0,0.0,-1,rejected,0.0
Array_of_instances,Interactive_Content_–_H5P,0.12592304839136154,0.14523428405245242,0.0,False,Resource,GameElementResource,0.10073843871308924,0.0,0.0,-1,rejected,0.0
Array_of_instances,Game,0.12592304839136154,0.14523428405245242,0.0,False,Resource,GameElementResource,0.10073843871308924,0.0,0.0,-1,rejected,0.0
Array_of_instances,Block_Game,0.12592304839136154,0.14523428405245242,0.0,False,Resource,GameElementResource,0.10073843871308924,0.0,0.0,-1,rejected,0.0
Array_of_instances,Quizventure,0.12592304839136154,0.14523428405245242,0.0,False,Resource,GameElementResource,0.10073843871308924,0.0,0.0,-1,rejected,0.0
startingPage,Availability_Block_Game_by_level,0.12584494319947387,0.1580860387366156,0.0,False,AnnotationProperty,Level,0.1006759545595791,0.0,0.0,-1,rejected,0.0
_:b24,Availability_Block_Game_by_level,0.12565242734117102,0.1471987838927606,0.0,False,Class,Level,0.10052194187293682,0.0,0.0,-1,rejected,0.0
TaskJavaInheritance,Availability_Block_Game_by_level,0.1255914422774601,0.14648755214046558,0.0,False,IndexKey,Level,0.10047315382196809,0.0,0.0,-1,rejected,0.0
Class,Motrain,0.12553840304366776,0.14994898427563366,0.0,False,unknown,GameElementResource,0.10043072243493421,0.0,0.0,-1,rejected,0.0
Entity,Motrain,0.12553840304366776,0.14994898427563366,0.0,False,unknown,GameElementResource,0.10043072243493421,0.0,0.0,-1,rejected,0.0
_:b30,Availability_Block_Game_by_level,0.12553267428575604,0.14724085939408246,0.0,False,Class,Level,0.10042613942860484,0.0,0.0,-1,rejected,0.0
Input_and_Output_Stream,Availability_Block_Game_by_level,0.12536596913190437,0.15392542792059857,0.0,False,Lesson,Level,0.1002927753055235,0.0,0.0,-1,rejected,0.0
issue,Availability_Block_Game_by_level,0.12503079330468034,0.15197524775655558,0.0,False,AnnotationProperty,Level,0.10002463464374428,0.0,0.0,-1,rejected,0.0
created_at,Availability_Block_Game_by_level,0.1250307813837514,0.15197522268748032,0.0,False,AnnotationProperty,Level,0.10002462510700112,0.0,0.0,-1,rejected,0.0
hasRelevantGameElement,Availability_Block_Game_by_level,0.12487514788875176,0.14679413675643785,0.0,False,ObjectProperty,Level,0.09990011831100142,0.0,0.0,-1,rejected,0.0
isRelevantFor,Availability_Block_Game_by_level,0.12487514788875176,0.14679413675643785,0.0,False,ObjectProperty,Level,0.09990011831100142,0.0,0.0,-1,rejected,0.0
Event_Handler_and_Listener,Quizventure,0.12486326533674137,0.14974009238537794,0.0,False,Lesson,GameElementResource,0.09989061226939311,0.0,0.0,-1,rejected,0.0
Event_Handler_and_Listener,Interactive_Content_–_H5P,0.12486326533674137,0.14974009238537794,0.0,False,Lesson,GameElementResource,0.09989061226939311,0.0,0.0,-1,rejected,0.0
Event_Handler_and_Listener,Block_Game,0.12486326533674137,0.14974009238537794,0.0,False,Lesson,GameElementResource,0.09989061226939311,0.0,0.0,-1,rejected,0.0
Event_Handler_and_Listener,Game,0.12486326533674137,0.14974009238537794,0.0,False,Lesson,GameElementResource,0.09989061226939311,0.0,0.0,-1,rejected,0.0
tbox,Availability_Block_Game_by_level,0.12464962251640399,0.1469537521863528,0.0,False,Ontology,Level,0.09971969801312319,0.0,0.0,-1,rejected,0.0
_:b104,Availability_Block_Game_by_level,0.12464929862440473,0.14695387932180698,0.0,False,BuiltinAtom,Level,0.09971943889952378,0.0,0.0,-1,rejected,0.0
_:b261,Availability_Block_Game_by_level,0.12464886815865243,0.1469540636132327,0.0,False,List,Level,0.09971909452692196,0.0,0.0,-1,rejected,0.0
_:b260,Availability_Block_Game_by_level,0.12464783699583593,0.1469544530573115,0.0,False,List,Level,0.09971826959666874,0.0,0.0,-1,rejected,0.0
_:b258,Availability_Block_Game_by_level,0.124645428056726,0.14695539868111082,0.0,False,BuiltinAtom,Level,0.0997163424453808,0.0,0.0,-1,rejected,0.0
_:b197,Availability_Block_Game_by_level,0.12464109640329694,0.14695711450640184,0.0,False,List,Level,0.09971287712263756,0.0,0.0,-1,rejected,0.0
_:b83,Availability_Block_Game_by_level,0.12463977257431627,0.14695763424115105,0.0,False,List,Level,0.09971181805945302,0.0,0.0,-1,rejected,0.0
_:b72,Availability_Block_Game_by_level,0.12463977257431627,0.14695763424115105,0.0,False,List,Level,0.09971181805945302,0.0,0.0,-1,rejected,0.0
_:b284,Availability_Block_Game_by_level,0.12463977257431627,0.14695763424115105,0.0,False,List,Level,0.09971181805945302,0.0,0.0,-1,rejected,0.0
_:b196,Availability_Block_Game_by_level,0.12462957205992072,0.14696162412634842,0.0,False,List,Level,0.09970365764793658,0.0,0.0,-1,rejected,0.0
_:b82,Availability_Block_Game_by_level,0.1246264607394584,0.1469628459516739,0.0,False,List,Level,0.09970116859156673,0.0,0.0,-1,rejected,0.0
_:b71,Availability_Block_Game_by_level,0.1246264607394584,0.1469628459516739,0.0,False,List,Level,0.09970116859156673,0.0,0.0,-1,rejected,0.0
_:b283,Availability_Block_Game_by_level,0.1246264607394584,0.1469628459516739,0.0,False,List,Level,0.09970116859156673,0.0,0.0,-1,rejected,0.0
Expert,Interactive_Content_–_H5P,0.12444200024804383,0.14647231454763357,0.0,False,GamificationExperience,GameElementResource,0.09955360019843507,0.0,0.0,-1,rejected,0.0
Expert,Game,0.12444200024804383,0.14647231454763357,0.0,False,GamificationExperience,GameElementResource,0.09955360019843507,0.0,0.0,-1,rejected,0.0
Expert,Block_Game,0.12444200024804383,0.14647231454763357,0.0,False,GamificationExperience,GameElementResource,0.09955360019843507,0.0,0.0,-1,rejected,0.0
Expert,Quizventure,0.12444200024804383,0.14647231454763357,0.0,False,GamificationExperience,GameElementResource,0.09955360019843507,0.0,0.0,-1,rejected,0.0
Beginner,Game,0.12415663187591289,0.14656381466052049,0.0,False,GamificationExperience,GameElementResource,0.09932530550073032,0.0,0.0,-1,rejected,0.0
Beginner,Interactive_Content_–_H5P,0.12415663187591289,0.14656381466052049,0.0,False,GamificationExperience,GameElementResource,0.09932530550073032,0.0,0.0,-1,rejected,0.0
Beginner,Quizventure,0.12415663187591289,0.14656381466052049,0.0,False,GamificationExperience,GameElementResource,0.09932530550073032,0.0,0.0,-1,rejected,0.0
Beginner,Block_Game,0.12415663187591289,0.14656381466052049,0.0,False,GamificationExperience,GameElementResource,0.09932530550073032,0.0,0.0,-1,rejected,0.0
_:b195,Availability_Block_Game_by_level,0.12393584472798642,0.1473378679781024,0.0,False,BuiltinAtom,Level,0.09914867578238915,0.0,0.0,-1,rejected,0.0
_:b81,Availability_Block_Game_by_level,0.12392853548605956,0.14734069165147543,0.0,False,BuiltinAtom,Level,0.09914282838884765,0.0,0.0,-1,rejected,0.0
_:b173,Availability_Block_Game_by_level,0.12392853548605956,0.14734069165147543,0.0,False,BuiltinAtom,Level,0.09914282838884765,0.0,0.0,-1,rejected,0.0
_:b184,Availability_Block_Game_by_level,0.12392853548605956,0.14734069165147543,0.0,False,BuiltinAtom,Level,0.09914282838884765,0.0,0.0,-1,rejected,0.0
_:b162,Availability_Block_Game_by_level,0.12392853548605956,0.14734069165147543,0.0,False,BuiltinAtom,Level,0.09914282838884765,0.0,0.0,-1,rejected,0.0
_:b282,Availability_Block_Game_by_level,0.12392853548605956,0.14734069165147543,0.0,False,BuiltinAtom,Level,0.09914282838884765,0.0,0.0,-1,rejected,0.0
_:b70,Availability_Block_Game_by_level,0.12392853548605956,0.14734069165147543,0.0,False,BuiltinAtom,Level,0.09914282838884765,0.0,0.0,-1,rejected,0.0
has_host,Availability_Block_Game_by_level,0.12372273958890041,0.16099434671662946,0.0,False,unknown,Level,0.09897819167112033,0.0,0.0,-1,rejected,0.0
_:b200,Availability_Block_Game_by_level,0.12338838244565742,0.14818423112176765,0.0,False,AtomList,Level,0.09871070595652594,0.0,0.0,-1,rejected,0.0
_:b118,Availability_Block_Game_by_level,0.12338838244565742,0.14818423112176765,0.0,False,AtomList,Level,0.09871070595652594,0.0,0.0,-1,rejected,0.0
_:b109,Availability_Block_Game_by_level,0.12338838244565742,0.14818423112176765,0.0,False,AtomList,Level,0.09871070595652594,0.0,0.0,-1,rejected,0.0
_:b86,Availability_Block_Game_by_level,0.12338838244565742,0.14818423112176765,0.0,False,AtomList,Level,0.09871070595652594,0.0,0.0,-1,rejected,0.0
_:b64,Availability_Block_Game_by_level,0.12338838244565742,0.14818423112176765,0.0,False,AtomList,Level,0.09871070595652594,0.0,0.0,-1,rejected,0.0
_:b127,Availability_Block_Game_by_level,0.12338838244565742,0.14818423112176765,0.0,False,AtomList,Level,0.09871070595652594,0.0,0.0,-1,rejected,0.0
_:b220,Availability_Block_Game_by_level,0.12338838244565742,0.14818423112176765,0.0,False,AtomList,Level,0.09871070595652594,0.0,0.0,-1,rejected,0.0
_:b276,Availability_Block_Game_by_level,0.12338838244565742,0.14818423112176765,0.0,False,AtomList,Level,0.09871070595652594,0.0,0.0,-1,rejected,0.0
_:b246,Availability_Block_Game_by_level,0.12338838244565742,0.14818423112176765,0.0,False,AtomList,Level,0.09871070595652594,0.0,0.0,-1,rejected,0.0
_:b138,Availability_Block_Game_by_level,0.12338838244565742,0.14818423112176765,0.0,False,AtomList,Level,0.09871070595652594,0.0,0.0,-1,rejected,0.0
_:b265,Availability_Block_Game_by_level,0.12338838244565742,0.14818423112176765,0.0,False,AtomList,Level,0.09871070595652594,0.0,0.0,-1,rejected,0.0
_:b167,Availability_Block_Game_by_level,0.12338838244565742,0.14818423112176765,0.0,False,AtomList,Level,0.09871070595652594,0.0,0.0,-1,rejected,0.0
_:b178,Availability_Block_Game_by_level,0.12338838244565742,0.14818423112176765,0.0,False,AtomList,Level,0.09871070595652594,0.0,0.0,-1,rejected,0.0
_:b209,Availability_Block_Game_by_level,0.12338838244565742,0.14818423112176765,0.0,False,AtomList,Level,0.09871070595652594,0.0,0.0,-1,rejected,0.0
_:b75,Availability_Block_Game_by_level,0.12338838244565742,0.14818423112176765,0.0,False,AtomList,Level,0.09871070595652594,0.0,0.0,-1,rejected,0.0
_:b156,Availability_Block_Game_by_level,0.12338838244565742,0.14818423112176765,0.0,False,AtomList,Level,0.09871070595652594,0.0,0.0,-1,rejected,0.0
_:b149,Availability_Block_Game_by_level,0.12338837052472847,0.1481842052461887,0.0,False,AtomList,Level,0.09871069641978278,0.0,0.0,-1,rejected,0.0
_:b221,Availability_Block_Game_by_level,0.12338837052472847,0.1481842052461887,0.0,False,AtomList,Level,0.09871069641978278,0.0,0.0,-1,rejected,0.0
_:b210,Availability_Block_Game_by_level,0.12338837052472847,0.1481842052461887,0.0,False,AtomList,Level,0.09871069641978278,0.0,0.0,-1,rejected,0.0
_:b128,Availability_Block_Game_by_level,0.12338837052472847,0.1481842052461887,0.0,False,AtomList,Level,0.09871069641978278,0.0,0.0,-1,rejected,0.0
_:b139,Availability_Block_Game_by_level,0.12338837052472847,0.1481842052461887,0.0,False,AtomList,Level,0.09871069641978278,0.0,0.0,-1,rejected,0.0
_:b157,Availability_Block_Game_by_level,0.12338836456426398,0.1481841923083993,0.0,False,AtomList,Level,0.09871069165141119,0.0,0.0,-1,rejected,0.0
_:b150,Availability_Block_Game_by_level,0.12338836456426398,0.1481841923083993,0.0,False,AtomList,Level,0.09871069165141119,0.0,0.0,-1,rejected,0.0
_:b168,Availability_Block_Game_by_level,0.12338836456426398,0.1481841923083993,0.0,False,AtomList,Level,0.09871069165141119,0.0,0.0,-1,rejected,0.0
_:b201,Availability_Block_Game_by_level,0.12338836456426398,0.1481841923083993,0.0,False,AtomList,Level,0.09871069165141119,0.0,0.0,-1,rejected,0.0
_:b65,Availability_Block_Game_by_level,0.12338836456426398,0.1481841923083993,0.0,False,AtomList,Level,0.09871069165141119,0.0,0.0,-1,rejected,0.0
_:b76,Availability_Block_Game_by_level,0.12338836456426398,0.1481841923083993,0.0,False,AtomList,Level,0.09871069165141119,0.0,0.0,-1,rejected,0.0
_:b242,Availability_Block_Game_by_level,0.12338836456426398,0.1481841923083993,0.0,False,AtomList,Level,0.09871069165141119,0.0,0.0,-1,rejected,0.0
_:b241,Availability_Block_Game_by_level,0.12338836456426398,0.1481841923083993,0.0,False,AtomList,Level,0.09871069165141119,0.0,0.0,-1,rejected,0.0
_:b119,Availability_Block_Game_by_level,0.12338836456426398,0.1481841923083993,0.0,False,AtomList,Level,0.09871069165141119,0.0,0.0,-1,rejected,0.0
_:b179,Availability_Block_Game_by_level,0.12338836456426398,0.1481841923083993,0.0,False,AtomList,Level,0.09871069165141119,0.0,0.0,-1,rejected,0.0
_:b277,Availability_Block_Game_by_level,0.12338836456426398,0.1481841923083993,0.0,False,AtomList,Level,0.09871069165141119,0.0,0.0,-1,rejected,0.0
_:b266,Availability_Block_Game_by_level,0.12338836456426398,0.1481841923083993,0.0,False,AtomList,Level,0.09871069165141119,0.0,0.0,-1,rejected,0.0
_:b87,Availability_Block_Game_by_level,0.12338836456426398,0.1481841923083993,0.0,False,AtomList,Level,0.09871069165141119,0.0,0.0,-1,rejected,0.0
_:b110,Availability_Block_Game_by_level,0.12338836456426398,0.1481841923083993,0.0,False,AtomList,Level,0.09871069165141119,0.0,0.0,-1,rejected,0.0
_:b247,Availability_Block_Game_by_level,0.12338836456426398,0.1481841923083993,0.0,False,AtomList,Level,0.09871069165141119,0.0,0.0,-1,rejected,0.0
_:b14,Availability_Block_Game_by_level,0.12300895629464656,0.14761982020508047,0.0,False,Restriction,Level,0.09840716503571725,0.0,0.0,-1,rejected,0.0
_:b13,Availability_Block_Game_by_level,0.12300895629464656,0.14761982020508047,0.0,False,Restriction,Level,0.09840716503571725,0.0,0.0,-1,rejected,0.0
_:b9,Availability_Block_Game_by_level,0.12300895629464656,0.14761982020508047,0.0,False,Restriction,Level,0.09840716503571725,0.0,0.0,-1,rejected,0.0
designedWithObjective,Availability_Block_Game_by_level,0.12298007691684024,0.14782772784566733,0.0,False,TransitiveProperty,Level,0.09838406153347219,0.0,0.0,-1,rejected,0.0
Group,bonusPoints,0.12270521413098061,0.1574614729674874,0.0,False,unknown,BonusPoints,0.0981641713047845,0.0,0.0,-1,rejected,0.0
has_container,Availability_Block_Game_by_level,0.1223299885499531,0.1548335524919685,0.0,False,unknown,Level,0.09786399083996249,0.0,0.0,-1,rejected,0.0
n,Availability_Block_Game_by_level,0.1223299885499531,0.1548335524919685,0.0,False,unknown,Level,0.09786399083996249,0.0,0.0,-1,rejected,0.0
partOf,Availability_Block_Game_by_level,0.1223299885499531,0.1548335524919685,0.0,False,unknown,Level,0.09786399083996249,0.0,0.0,-1,rejected,0.0
has_bag,Availability_Block_Game_by_level,0.1223299885499531,0.1548335524919685,0.0,False,unknown,Level,0.09786399083996249,0.0,0.0,-1,rejected,0.0
contains_forum_post,Availability_Block_Game_by_level,0.12232997662902415,0.1548335276257558,0.0,False,unknown,Level,0.09786398130321933,0.0,0.0,-1,rejected,0.0
IK_GE_TinyStash,Availability_Block_Game_by_level,0.12222510705959802,0.1478094709729858,0.0,False,IndexKey,Level,0.09778008564767843,0.0,0.0,-1,rejected,0.0
UserGroup,Availability_Block_Game_by_level,0.12217938067272731,0.14800524412182653,0.0,False,unknown,Level,0.09774350453818186,0.0,0.0,-1,rejected,0.0
_:b189,Availability_Block_Game_by_level,0.1221323980205005,0.14855384375387476,0.0,False,AtomList,Level,0.0977059184164004,0.0,0.0,-1,rejected,0.0
_:b232,Availability_Block_Game_by_level,0.1221323980205005,0.14855384375387476,0.0,False,AtomList,Level,0.0977059184164004,0.0,0.0,-1,rejected,0.0
_:b236,Availability_Block_Game_by_level,0.1221323980205005,0.14855384375387476,0.0,False,AtomList,Level,0.0977059184164004,0.0,0.0,-1,rejected,0.0
_:b237,Availability_Block_Game_by_level,0.1221323980205005,0.14855384375387476,0.0,False,AtomList,Level,0.0977059184164004,0.0,0.0,-1,rejected,0.0
_:b231,Availability_Block_Game_by_level,0.1221323980205005,0.14855384375387476,0.0,False,AtomList,Level,0.0977059184164004,0.0,0.0,-1,rejected,0.0
_:b190,Availability_Block_Game_by_level,0.1221323980205005,0.14855384375387476,0.0,False,AtomList,Level,0.0977059184164004,0.0,0.0,-1,rejected,0.0
JavaDelimiters,Availability_Block_Game_by_level,0.12201870057484614,0.14788216376468905,0.0,False,IndexKey,Level,0.09761496045987691,0.0,0.0,-1,rejected,0.0
JavaEventListener,Availability_Block_Game_by_level,0.12201870057484614,0.14788216376468905,0.0,False,IndexKey,Level,0.09761496045987691,0.0,0.0,-1,rejected,0.0
JavaExceptionTypes,Availability_Block_Game_by_level,0.12201870057484614,0.14788216376468905,0.0,False,IndexKey,Level,0.09761496045987691,0.0,0.0,-1,rejected,0.0
JavaArgumentsParameters,Availability_Block_Game_by_level,0.12201870057484614,0.14788216376468905,0.0,False,IndexKey,Level,0.09761496045987691,0.0,0.0,-1,rejected,0.0
JavaTaskEventHandlerListener,Availability_Block_Game_by_level,0.12201870057484614,0.14788216376468905,0.0,False,IndexKey,Level,0.09761496045987691,0.0,0.0,-1,rejected,0.0
JavaIOStreams,Availability_Block_Game_by_level,0.12201870057484614,0.14788216376468905,0.0,False,IndexKey,Level,0.09761496045987691,0.0,0.0,-1,rejected,0.0
JavaOverloading,Availability_Block_Game_by_level,0.12201870057484614,0.14788216376468905,0.0,False,IndexKey,Level,0.09761496045987691,0.0,0.0,-1,rejected,0.0
JavaOverriding,Availability_Block_Game_by_level,0.12201870057484614,0.14788216376468905,0.0,False,IndexKey,Level,0.09761496045987691,0.0,0.0,-1,rejected,0.0
JavaTryCatch,Availability_Block_Game_by_level,0.12201870057484614,0.14788216376468905,0.0,False,IndexKey,Level,0.09761496045987691,0.0,0.0,-1,rejected,0.0
TaskJavaPolymorphism,Availability_Block_Game_by_level,0.12201870057484614,0.14788216376468905,0.0,False,IndexKey,Level,0.09761496045987691,0.0,0.0,-1,rejected,0.0
TaskJavaGUI,Availability_Block_Game_by_level,0.12201870057484614,0.14788216376468905,0.0,False,IndexKey,Level,0.09761496045987691,0.0,0.0,-1,rejected,0.0
JavaFX,Availability_Block_Game_by_level,0.12201870057484614,0.14788216376468905,0.0,False,IndexKey,Level,0.09761496045987691,0.0,0.0,-1,rejected,0.0
TaskJavaExceptions,Availability_Block_Game_by_level,0.12201870057484614,0.14788216376468905,0.0,False,IndexKey,Level,0.09761496045987691,0.0,0.0,-1,rejected,0.0
JavaExceptions,Availability_Block_Game_by_level,0.12201870057484614,0.14788216376468905,0.0,False,IndexKey,Level,0.09761496045987691,0.0,0.0,-1,rejected,0.0
JavaArithmeticOperations,Availability_Block_Game_by_level,0.12201870057484614,0.14788216376468905,0.0,False,IndexKey,Level,0.09761496045987691,0.0,0.0,-1,rejected,0.0
JavaEvents,Availability_Block_Game_by_level,0.12201870057484614,0.14788216376468905,0.0,False,IndexKey,Level,0.09761496045987691,0.0,0.0,-1,rejected,0.0
JavaGUILinkedScreens,Availability_Block_Game_by_level,0.12201870057484614,0.14788216376468905,0.0,False,IndexKey,Level,0.09761496045987691,0.0,0.0,-1,rejected,0.0
JavaFiles,Availability_Block_Game_by_level,0.12201870057484614,0.14788216376468905,0.0,False,IndexKey,Level,0.09761496045987691,0.0,0.0,-1,rejected,0.0
JavaGUIElements,Availability_Block_Game_by_level,0.12201870057484614,0.14788216376468905,0.0,False,IndexKey,Level,0.09761496045987691,0.0,0.0,-1,rejected,0.0
JavaOverloadedConstructors,Availability_Block_Game_by_level,0.12201870057484614,0.14788216376468905,0.0,False,IndexKey,Level,0.09761496045987691,0.0,0.0,-1,rejected,0.0
JavaEventTypes,Availability_Block_Game_by_level,0.12201870057484614,0.14788216376468905,0.0,False,IndexKey,Level,0.09761496045987691,0.0,0.0,-1,rejected,0.0
Competition,Block_Game,0.12200688152300558,0.148118026849176,0.0,False,NamedIndividual,GameElementResource,0.09760550521840447,0.0,0.0,-1,rejected,0.0
Competition,Interactive_Content_–_H5P,0.12200688152300558,0.148118026849176,0.0,False,NamedIndividual,GameElementResource,0.09760550521840447,0.0,0.0,-1,rejected,0.0
Competition,Game,0.12200688152300558,0.148118026849176,0.0,False,NamedIndividual,GameElementResource,0.09760550521840447,0.0,0.0,-1,rejected,0.0
Competition,Quizventure,0.12200688152300558,0.148118026849176,0.0,False,NamedIndividual,GameElementResource,0.09760550521840447,0.0,0.0,-1,rejected,0.0
_:b33,Availability_Block_Game_by_level,0.12197425510954733,0.14826758133334436,0.0,False,Restriction,Level,0.09757940408763788,0.0,0.0,-1,rejected,0.0
_:b39,Availability_Block_Game_by_level,0.12195679030053275,0.14827422005245502,0.0,False,Restriction,Level,0.0975654322404262,0.0,0.0,-1,rejected,0.0
_:b45,Availability_Block_Game_by_level,0.12194936700960653,0.14827704256478857,0.0,False,Restriction,Level,0.09755949360768523,0.0,0.0,-1,rejected,0.0
_:b50,Availability_Block_Game_by_level,0.12194621079242876,0.14827824277348473,0.0,False,Restriction,Level,0.09755696863394302,0.0,0.0,-1,rejected,0.0
_:b10,Availability_Block_Game_by_level,0.12192715555194225,0.1481559009129217,0.0,False,Restriction,Level,0.0975417244415538,0.0,0.0,-1,rejected,0.0
_:b27,Availability_Block_Game_by_level,0.1213486904661275,0.14865596404190595,0.0,False,Restriction,Level,0.09707895237290201,0.0,0.0,-1,rejected,0.0
Princeton_University,Quizventure,0.12123132728260555,0.14778479555598878,0.0,False,EducationalInstitution,GameElementResource,0.09698506182608445,0.0,0.0,-1,rejected,0.0
Princeton_University,Interactive_Content_–_H5P,0.12123132728260555,0.14778479555598878,0.0,False,EducationalInstitution,GameElementResource,0.09698506182608445,0.0,0.0,-1,rejected,0.0
Princeton_University,Block_Game,0.12123132728260555,0.14778479555598878,0.0,False,EducationalInstitution,GameElementResource,0.09698506182608445,0.0,0.0,-1,rejected,0.0
Princeton_University,Game,0.12123132728260555,0.14778479555598878,0.0,False,EducationalInstitution,GameElementResource,0.09698506182608445,0.0,0.0,-1,rejected,0.0
socializer,Motrain,0.12100006306087077,0.15117347583681995,0.0,False,NamedIndividual|_:b18,GameElementResource,0.09680005044869662,0.0,0.0,-1,rejected,0.0
explorer,Motrain,0.12100006306087077,0.15117347583681995,0.0,False,NamedIndividual|_:b16,GameElementResource,0.09680005044869662,0.0,0.0,-1,rejected,0.0
fgiasson,Motrain,0.12100006306087077,0.15117347583681995,0.0,False,Agent,GameElementResource,0.09680005044869662,0.0,0.0,-1,rejected,0.0
Access_Resource_No.340,Motrain,0.12100006306087077,0.15117347583681995,0.0,False,AccessResourceActivity,GameElementResource,0.09680005044869662,0.0,0.0,-1,rejected,0.0
Intermediate,Motrain,0.12100006306087077,0.15117347583681995,0.0,False,Experience,GameElementResource,0.09680005044869662,0.0,0.0,-1,rejected,0.0
philanthropest,Motrain,0.12100006306087077,0.15117347583681995,0.0,False,NamedIndividual|_:b17,GameElementResource,0.09680005044869662,0.0,0.0,-1,rejected,0.0
visual,Motrain,0.12100006306087077,0.15117347583681995,0.0,False,InputPole,GameElementResource,0.09680005044869662,0.0,0.0,-1,rejected,0.0
achiever,Motrain,0.12100006306087077,0.15117347583681995,0.0,False,NamedIndividual|_:b15,GameElementResource,0.09680005044869662,0.0,0.0,-1,rejected,0.0
has_preLesson,Motrain,0.12097765174522797,0.15119409107040108,0.0,False,ObjectProperty,GameElementResource,0.09678212139618238,0.0,0.0,-1,rejected,0.0
JavaVariables,Availability_Block_Game_by_level,0.12073361595688725,0.14945131157129654,0.0,False,IndexKey,Level,0.0965868927655098,0.0,0.0,-1,rejected,0.0
JavaClassAttributesFunctions,Availability_Block_Game_by_level,0.120731191249097,0.149452029288664,0.0,False,IndexKey,Level,0.0965849529992776,0.0,0.0,-1,rejected,0.0
ReflexiveProperty,Motrain,0.12071161164516024,0.1508402279459201,0.0,False,unknown,GameElementResource,0.0965692893161282,0.0,0.0,-1,rejected,0.0
create_organization,Motrain,0.12071161164516024,0.1508402279459201,0.0,False,unknown,GameElementResource,0.0965692893161282,0.0,0.0,-1,rejected,0.0
used,Motrain,0.12071161164516024,0.1508402279459201,0.0,False,unknown,GameElementResource,0.0965692893161282,0.0,0.0,-1,rejected,0.0
has_actor,Motrain,0.12071161164516024,0.1508402279459201,0.0,False,unknown,GameElementResource,0.0965692893161282,0.0,0.0,-1,rejected,0.0
_:b55,Motrain,0.12071161164516024,0.1508402279459201,0.0,False,unknown,GameElementResource,0.0965692893161282,0.0,0.0,-1,rejected,0.0
CreateResourceActivity,Motrain,0.12071161164516024,0.1508402279459201,0.0,False,unknown,GameElementResource,0.0965692893161282,0.0,0.0,-1,rejected,0.0
DeleteResourceActivity,Motrain,0.12071161164516024,0.1508402279459201,0.0,False,unknown,GameElementResource,0.0965692893161282,0.0,0.0,-1,rejected,0.0
is_processed_by,Motrain,0.12071161164516024,0.1508402279459201,0.0,False,unknown,GameElementResource,0.0965692893161282,0.0,0.0,-1,rejected,0.0
Sampler,Motrain,0.12071161164516024,0.1508402279459201,0.0,False,unknown,GameElementResource,0.0965692893161282,0.0,0.0,-1,rejected,0.0
shared_by,Motrain,0.12071161164516024,0.1508402279459201,0.0,False,unknown,GameElementResource,0.0965692893161282,0.0,0.0,-1,rejected,0.0
adr,Motrain,0.12071161164516024,0.1508402279459201,0.0,False,unknown,GameElementResource,0.0965692893161282,0.0,0.0,-1,rejected,0.0
indexed_by,Motrain,0.12071161164516024,0.1508402279459201,0.0,False,unknown,GameElementResource,0.0965692893161282,0.0,0.0,-1,rejected,0.0
CreateUser,Motrain,0.12071161164516024,0.1508402279459201,0.0,False,unknown,GameElementResource,0.0965692893161282,0.0,0.0,-1,rejected,0.0
about_modify,Motrain,0.12071161164516024,0.1508402279459201,0.0,False,unknown,GameElementResource,0.0965692893161282,0.0,0.0,-1,rejected,0.0
was_generated_by,Motrain,0.12071161164516024,0.1508402279459201,0.0,False,unknown,GameElementResource,0.0965692893161282,0.0,0.0,-1,rejected,0.0
has_member,Motrain,0.12071161164516024,0.1508402279459201,0.0,False,unknown,GameElementResource,0.0965692893161282,0.0,0.0,-1,rejected,0.0
has_parent,Motrain,0.12071161164516024,0.1508402279459201,0.0,False,unknown,GameElementResource,0.0965692893161282,0.0,0.0,-1,rejected,0.0
ObservableProperty,Motrain,0.12071161164516024,0.1508402279459201,0.0,False,unknown,GameElementResource,0.0965692893161282,0.0,0.0,-1,rejected,0.0
has_moderator,Motrain,0.12071160568469577,0.1508402151072445,0.0,False,unknown,GameElementResource,0.09656928454775662,0.0,0.0,-1,rejected,0.0
has_owner,Motrain,0.12071160568469577,0.1508402151072445,0.0,False,unknown,GameElementResource,0.09656928454775662,0.0,0.0,-1,rejected,0.0
has_creator,Motrain,0.12071160568469577,0.1508402151072445,0.0,False,unknown,GameElementResource,0.09656928454775662,0.0,0.0,-1,rejected,0.0
JavaInheritanceComposition,Availability_Block_Game_by_level,0.12049066664460248,0.14952357912050396,0.0,False,IndexKey,Level,0.09639253331568198,0.0,0.0,-1,rejected,0.0
_:b262,Availability_Block_Game_by_level,0.12047802569162451,0.14852532145756686,0.0,False,ClassAtom,Level,0.09638242055329961,0.0,0.0,-1,rejected,0.0
_:b98,Availability_Block_Game_by_level,0.12047584337371679,0.14852625125356456,0.0,False,ClassAtom,Level,0.09638067469897343,0.0,0.0,-1,rejected,0.0
_:b96,Availability_Block_Game_by_level,0.12047070053190082,0.14852840590997407,0.0,False,ClassAtom,Level,0.09637656042552066,0.0,0.0,-1,rejected,0.0
_:b256,Availability_Block_Game_by_level,0.12047069457143633,0.14852839285581168,0.0,False,ClassAtom,Level,0.09637655565714907,0.0,0.0,-1,rejected,0.0
JavaSingleInheritance,Availability_Block_Game_by_level,0.12042290581077648,0.14927212383700653,0.0,False,IndexKey,Level,0.09633832464862119,0.0,0.0,-1,rejected,0.0
IK_GE_Motrain,Availability_Block_Game_by_level,0.12039627547175094,0.14928049811414112,0.0,False,IndexKey,Level,0.09631702037740075,0.0,0.0,-1,rejected,0.0
JavaExtend,Availability_Block_Game_by_level,0.12038812612592598,0.14928306247807888,0.0,False,IndexKey,Level,0.09631050090074078,0.0,0.0,-1,rejected,0.0
TaskJavaClassesMethod,Availability_Block_Game_by_level,0.12037805553978143,0.14928623249452466,0.0,False,IndexKey,Level,0.09630244443182515,0.0,0.0,-1,rejected,0.0
JavaStatic,Availability_Block_Game_by_level,0.12037413441011477,0.14928746711363117,0.0,False,IndexKey,Level,0.09629930752809182,0.0,0.0,-1,rejected,0.0
JavaThis,Availability_Block_Game_by_level,0.12037222562544622,0.14928806818583462,0.0,False,IndexKey,Level,0.09629778050035698,0.0,0.0,-1,rejected,0.0
JavaConstructors,Availability_Block_Game_by_level,0.12037144852947468,0.14928831290412525,0.0,False,IndexKey,Level,0.09629715882357975,0.0,0.0,-1,rejected,0.0
TaskJavaClassesObjects,Availability_Block_Game_by_level,0.12036497813079121,0.14929035080177663,0.0,False,IndexKey,Level,0.09629198250463297,0.0,0.0,-1,rejected,0.0
JavaAccessModifiers,Availability_Block_Game_by_level,0.12036235689538648,0.14929117652031126,0.0,False,IndexKey,Level,0.09628988551630918,0.0,0.0,-1,rejected,0.0
JavaPackages,Availability_Block_Game_by_level,0.12036124719044121,0.14929152611447175,0.0,False,IndexKey,Level,0.09628899775235297,0.0,0.0,-1,rejected,0.0
JavaArrayOfInstances,Availability_Block_Game_by_level,0.12036077763544384,0.1492916740444198,0.0,False,IndexKey,Level,0.09628862210835508,0.0,0.0,-1,rejected,0.0
JavaClassInstance,Availability_Block_Game_by_level,0.12036057887629559,0.14929173666286139,0.0,False,IndexKey,Level,0.09628846310103648,0.0,0.0,-1,rejected,0.0
JavaStrings,Availability_Block_Game_by_level,0.12034941488949395,0.14929525459710868,0.0,False,IndexKey,Level,0.09627953191159516,0.0,0.0,-1,rejected,0.0
Motrain,Game,0.12034909999303837,0.15208822089204516,0.0,False,GameElementResource,GameElementResource,0.0962792799944307,0.0,0.0,-1,rejected,0.0
Motrain,Interactive_Content_–_H5P,0.12034909999303837,0.15208822089204516,0.0,False,GameElementResource,GameElementResource,0.0962792799944307,0.0,0.0,-1,rejected,0.0
Motrain,Quizventure,0.12034909999303837,0.15208822089204516,0.0,False,GameElementResource,GameElementResource,0.0962792799944307,0.0,0.0,-1,rejected,0.0
Motrain,Block_Game,0.12034909999303837,0.15208822089204516,0.0,False,GameElementResource,GameElementResource,0.0962792799944307,0.0,0.0,-1,rejected,0.0
IK_GE_BlockGame,Availability_Block_Game_by_level,0.12027689966371222,0.14907600954485944,0.0,False,IndexKey,Level,0.09622151973096978,0.0,0.0,-1,rejected,0.0
IK_GE_stash,Availability_Block_Game_by_level,0.12027689966371222,0.14907600954485944,0.0,False,IndexKey,Level,0.09622151973096978,0.0,0.0,-1,rejected,0.0
JavaIf,Availability_Block_Game_by_level,0.1202529819954427,0.1493257037644099,0.0,False,IndexKey,Level,0.09620238559635416,0.0,0.0,-1,rejected,0.0
volume,Availability_Block_Game_by_level,0.12021213306151195,0.14823395087813637,0.0,False,AnnotationProperty,Level,0.09616970644920957,0.0,0.0,-1,rejected,0.0
taskJavaBasics,Availability_Block_Game_by_level,0.1201154012850294,0.14936935179380117,0.0,False,IndexKey,Level,0.09609232102802352,0.0,0.0,-1,rejected,0.0
JavaForWhile,Availability_Block_Game_by_level,0.12009445758191648,0.14937601370030978,0.0,False,IndexKey,Level,0.09607556606553319,0.0,0.0,-1,rejected,0.0
IK_GE_LevelUp,Availability_Block_Game_by_level,0.12007978501408698,0.1493806839411668,0.0,False,IndexKey,Level,0.09606382801126959,0.0,0.0,-1,rejected,0.0
JavaSuper,Availability_Block_Game_by_level,0.12003169053072164,0.14966207958789113,0.0,False,IndexKey,Level,0.09602535242457733,0.0,0.0,-1,rejected,0.0
BLockGame,Interactive_Content_–_H5P,0.1200244584925834,0.16134440257011862,0.0,False,Badge,GameElementResource,0.09601956679406673,0.0,0.0,-1,rejected,0.0
BLockGame,Quizventure,0.1200244584925834,0.16134440257011862,0.0,False,Badge,GameElementResource,0.09601956679406673,0.0,0.0,-1,rejected,0.0
BLockGame,Block_Game,0.1200244584925834,0.16134440257011862,0.0,False,Badge,GameElementResource,0.09601956679406673,0.0,0.0,-1,rejected,0.0
BLockGame,Game,0.1200244584925834,0.16134440257011862,0.0,False,Badge,GameElementResource,0.09601956679406673,0.0,0.0,-1,rejected,0.0
JavaArrays,Availability_Block_Game_by_level,0.11992811975487117,0.14942910792863712,0.0,False,IndexKey,Level,0.09594249580389694,0.0,0.0,-1,rejected,0.0
JavaMultiInheritance,Availability_Block_Game_by_level,0.1198386420762106,0.14972107674378649,0.0,False,IndexKey,Level,0.09587091366096849,0.0,0.0,-1,rejected,0.0
_:b124,Availability_Block_Game_by_level,0.11976354660670249,0.14890241746313845,0.0,False,ClassAtom,Level,0.095810837285362,0.0,0.0,-1,rejected,0.0
_:b215,Availability_Block_Game_by_level,0.11976354660670249,0.14890241746313845,0.0,False,ClassAtom,Level,0.095810837285362,0.0,0.0,-1,rejected,0.0
_:b271,Availability_Block_Game_by_level,0.11976354660670249,0.14890241746313845,0.0,False,ClassAtom,Level,0.095810837285362,0.0,0.0,-1,rejected,0.0
_:b115,Availability_Block_Game_by_level,0.11976354660670249,0.14890241746313845,0.0,False,ClassAtom,Level,0.095810837285362,0.0,0.0,-1,rejected,0.0
_:b144,Availability_Block_Game_by_level,0.11976354660670249,0.14890241746313845,0.0,False,ClassAtom,Level,0.095810837285362,0.0,0.0,-1,rejected,0.0
_:b226,Availability_Block_Game_by_level,0.11976354660670249,0.14890241746313845,0.0,False,ClassAtom,Level,0.095810837285362,0.0,0.0,-1,rejected,0.0
_:b133,Availability_Block_Game_by_level,0.11976354660670249,0.14890241746313845,0.0,False,ClassAtom,Level,0.095810837285362,0.0,0.0,-1,rejected,0.0
_:b206,Availability_Block_Game_by_level,0.11976354064623802,0.14890240440638175,0.0,False,ClassAtom,Level,0.09581083251699042,0.0,0.0,-1,rejected,0.0
_:b252,Availability_Block_Game_by_level,0.11976354064623802,0.14890240440638175,0.0,False,ClassAtom,Level,0.09581083251699042,0.0,0.0,-1,rejected,0.0
JavaStaticFunctions,Availability_Block_Game_by_level,0.11973901591689895,0.14948989576530983,0.0,False,IndexKey,Level,0.09579121273351916,0.0,0.0,-1,rejected,0.0
JavaParentClass,Availability_Block_Game_by_level,0.11973584192691171,0.1494909191462511,0.0,False,IndexKey,Level,0.09578867354152937,0.0,0.0,-1,rejected,0.0
_:b193,Availability_Block_Game_by_level,0.11971244252731758,0.14892350321471415,0.0,False,ClassAtom,Level,0.09576995402185406,0.0,0.0,-1,rejected,0.0
_:b218,Availability_Block_Game_by_level,0.1196968663812518,0.14892995439040188,0.0,False,ClassAtom,Level,0.09575749310500145,0.0,0.0,-1,rejected,0.0
_:b136,Availability_Block_Game_by_level,0.1196968663812518,0.14892995439040188,0.0,False,ClassAtom,Level,0.09575749310500145,0.0,0.0,-1,rejected,0.0
_:b147,Availability_Block_Game_by_level,0.1196968663812518,0.14892995439040188,0.0,False,ClassAtom,Level,0.09575749310500145,0.0,0.0,-1,rejected,0.0
_:b229,Availability_Block_Game_by_level,0.1196968663812518,0.14892995439040188,0.0,False,ClassAtom,Level,0.09575749310500145,0.0,0.0,-1,rejected,0.0
_:b182,Availability_Block_Game_by_level,0.11969686042078734,0.14892994133272353,0.0,False,ClassAtom,Level,0.09575748833662988,0.0,0.0,-1,rejected,0.0
_:b153,Availability_Block_Game_by_level,0.11969686042078734,0.14892994133272353,0.0,False,ClassAtom,Level,0.09575748833662988,0.0,0.0,-1,rejected,0.0
_:b171,Availability_Block_Game_by_level,0.11969686042078734,0.14892994133272353,0.0,False,ClassAtom,Level,0.09575748833662988,0.0,0.0,-1,rejected,0.0
_:b160,Availability_Block_Game_by_level,0.11969686042078734,0.14892994133272353,0.0,False,ClassAtom,Level,0.09575748833662988,0.0,0.0,-1,rejected,0.0
_:b90,Availability_Block_Game_by_level,0.11969686042078734,0.14892994133272353,0.0,False,ClassAtom,Level,0.09575748833662988,0.0,0.0,-1,rejected,0.0
_:b198,Availability_Block_Game_by_level,0.11965701965410162,0.14907628441473475,0.0,False,DatavaluedPropertyAtom,Level,0.09572561572328131,0.0,0.0,-1,rejected,0.0
_:b176,Availability_Block_Game_by_level,0.11961934193391824,0.14909128735728713,0.0,False,DatavaluedPropertyAtom,Level,0.09569547354713459,0.0,0.0,-1,rejected,0.0
_:b187,Availability_Block_Game_by_level,0.11961934193391824,0.14909128735728713,0.0,False,DatavaluedPropertyAtom,Level,0.09569547354713459,0.0,0.0,-1,rejected,0.0
_:b165,Availability_Block_Game_by_level,0.11961934193391824,0.14909128735728713,0.0,False,DatavaluedPropertyAtom,Level,0.09569547354713459,0.0,0.0,-1,rejected,0.0
GE_TinyStash,Motrain,0.11954279284652765,0.15213002002965045,0.0,False,ReferenceKey,GameElementResource,0.09563423427722212,0.0,0.0,-1,rejected,0.0
Fellowship,Motrain,0.11951215967847481,0.15223654011769827,0.0,False,NamedIndividual,GameElementResource,0.09560972774277986,0.0,0.0,-1,rejected,0.0
resource_340,Motrain,0.11951215967847481,0.15223654011769827,0.0,False,NamedIndividual,GameElementResource,0.09560972774277986,0.0,0.0,-1,rejected,0.0
Lecturing,Block_Game,0.11941931836611766,0.14947400317748505,0.0,False,NamedIndividual,GameElementResource,0.09553545469289414,0.0,0.0,-1,rejected,0.0
Lecturing,Interactive_Content_–_H5P,0.11941931836611766,0.14947400317748505,0.0,False,NamedIndividual,GameElementResource,0.09553545469289414,0.0,0.0,-1,rejected,0.0
Lecturing,Game,0.11941931836611766,0.14947400317748505,0.0,False,NamedIndividual,GameElementResource,0.09553545469289414,0.0,0.0,-1,rejected,0.0
Lecturing,Quizventure,0.11941931836611766,0.14947400317748505,0.0,False,NamedIndividual,GameElementResource,0.09553545469289414,0.0,0.0,-1,rejected,0.0
age,Motrain,0.11919127597850283,0.1523489632816783,0.0,False,AnnotationProperty,GameElementResource,0.09535302078280228,0.0,0.0,-1,rejected,0.0
member_of,Motrain,0.11919127597850283,0.1523489632816783,0.0,False,AnnotationProperty,GameElementResource,0.09535302078280228,0.0,0.0,-1,rejected,0.0
has_usergroup,Motrain,0.11919127597850283,0.1523489632816783,0.0,False,AnnotationProperty,GameElementResource,0.09535302078280228,0.0,0.0,-1,rejected,0.0
id,Motrain,0.11919127597850283,0.1523489632816783,0.0,False,AnnotationProperty,GameElementResource,0.09535302078280228,0.0,0.0,-1,rejected,0.0
isbn,Motrain,0.11919127597850283,0.1523489632816783,0.0,False,AnnotationProperty,GameElementResource,0.09535302078280228,0.0,0.0,-1,rejected,0.0
minQualifiedCardinality,Motrain,0.11919127597850283,0.1523489632816783,0.0,False,AnnotationProperty,GameElementResource,0.09535302078280228,0.0,0.0,-1,rejected,0.0
identifier,Motrain,0.11919127597850283,0.1523489632816783,0.0,False,AnnotationProperty,GameElementResource,0.09535302078280228,0.0,0.0,-1,rejected,0.0
isRuleEnabled,Motrain,0.11919127597850283,0.1523489632816783,0.0,False,AnnotationProperty,GameElementResource,0.09535302078280228,0.0,0.0,-1,rejected,0.0
_:b234,Availability_Block_Game_by_level,0.11891043133532045,0.14934936287829195,0.0,False,ClassAtom,Level,0.09512834506825636,0.0,0.0,-1,rejected,0.0
_:b233,Availability_Block_Game_by_level,0.11891043133532045,0.14934936287829195,0.0,False,ClassAtom,Level,0.09512834506825636,0.0,0.0,-1,rejected,0.0
_:b239,Availability_Block_Game_by_level,0.11891043133532045,0.14934936287829195,0.0,False,ClassAtom,Level,0.09512834506825636,0.0,0.0,-1,rejected,0.0
_:b238,Availability_Block_Game_by_level,0.11891043133532045,0.14934936287829195,0.0,False,ClassAtom,Level,0.09512834506825636,0.0,0.0,-1,rejected,0.0
_:b202,Availability_Block_Game_by_level,0.11887395892963407,0.14936423374158972,0.0,False,ClassAtom,Level,0.09509916714370725,0.0,0.0,-1,rejected,0.0
_:b88,Availability_Block_Game_by_level,0.11887395892963407,0.14936423374158972,0.0,False,ClassAtom,Level,0.09509916714370725,0.0,0.0,-1,rejected,0.0
_:b244,Availability_Block_Game_by_level,0.11887395892963407,0.14936423374158972,0.0,False,ClassAtom,Level,0.09509916714370725,0.0,0.0,-1,rejected,0.0
_:b140,Availability_Block_Game_by_level,0.11887395892963407,0.14936423374158972,0.0,False,ClassAtom,Level,0.09509916714370725,0.0,0.0,-1,rejected,0.0
_:b285,Availability_Block_Game_by_level,0.11887395892963407,0.14936423374158972,0.0,False,ClassAtom,Level,0.09509916714370725,0.0,0.0,-1,rejected,0.0
_:b154,Availability_Block_Game_by_level,0.11887395892963407,0.14936423374158972,0.0,False,ClassAtom,Level,0.09509916714370725,0.0,0.0,-1,rejected,0.0
_:b73,Availability_Block_Game_by_level,0.11887395892963407,0.14936423374158972,0.0,False,ClassAtom,Level,0.09509916714370725,0.0,0.0,-1,rejected,0.0
_:b222,Availability_Block_Game_by_level,0.11887395892963407,0.14936423374158972,0.0,False,ClassAtom,Level,0.09509916714370725,0.0,0.0,-1,rejected,0.0
_:b243,Availability_Block_Game_by_level,0.11887395892963407,0.14936423374158972,0.0,False,ClassAtom,Level,0.09509916714370725,0.0,0.0,-1,rejected,0.0
_:b129,Availability_Block_Game_by_level,0.11887395892963407,0.14936423374158972,0.0,False,ClassAtom,Level,0.09509916714370725,0.0,0.0,-1,rejected,0.0
_:b211,Availability_Block_Game_by_level,0.11887395892963407,0.14936423374158972,0.0,False,ClassAtom,Level,0.09509916714370725,0.0,0.0,-1,rejected,0.0
_:b84,Availability_Block_Game_by_level,0.11887395892963407,0.14936423374158972,0.0,False,ClassAtom,Level,0.09509916714370725,0.0,0.0,-1,rejected,0.0
_:b248,Availability_Block_Game_by_level,0.11887395296916958,0.14936422068082708,0.0,False,ClassAtom,Level,0.09509916237533567,0.0,0.0,-1,rejected,0.0
_:b267,Availability_Block_Game_by_level,0.11887395296916958,0.14936422068082708,0.0,False,ClassAtom,Level,0.09509916237533567,0.0,0.0,-1,rejected,0.0
_:b66,Availability_Block_Game_by_level,0.11887395296916958,0.14936422068082708,0.0,False,ClassAtom,Level,0.09509916237533567,0.0,0.0,-1,rejected,0.0
_:b120,Availability_Block_Game_by_level,0.11887395296916958,0.14936422068082708,0.0,False,ClassAtom,Level,0.09509916237533567,0.0,0.0,-1,rejected,0.0
_:b278,Availability_Block_Game_by_level,0.11887395296916958,0.14936422068082708,0.0,False,ClassAtom,Level,0.09509916237533567,0.0,0.0,-1,rejected,0.0
_:b111,Availability_Block_Game_by_level,0.11887395296916958,0.14936422068082708,0.0,False,ClassAtom,Level,0.09509916237533567,0.0,0.0,-1,rejected,0.0
_:b77,Availability_Block_Game_by_level,0.11887395296916958,0.14936422068082708,0.0,False,ClassAtom,Level,0.09509916237533567,0.0,0.0,-1,rejected,0.0
_:b102,Availability_Block_Game_by_level,0.11865256767060843,0.14945663339619378,0.0,False,DatavaluedPropertyAtom,Level,0.09492205413648674,0.0,0.0,-1,rejected,0.0
_:b100,Availability_Block_Game_by_level,0.11865182781255305,0.14945700426594866,0.0,False,DatavaluedPropertyAtom,Level,0.09492146225004244,0.0,0.0,-1,rejected,0.0
_:b273,Availability_Block_Game_by_level,0.1186364071040376,0.14946475094545472,0.0,False,DatavaluedPropertyAtom,Level,0.09490912568323008,0.0,0.0,-1,rejected,0.0
_:b103,Availability_Block_Game_by_level,0.11796847553405851,0.15022607212878908,0.0,False,AtomList,Level,0.09437478042724681,0.0,0.0,-1,rejected,0.0
_:b101,Availability_Block_Game_by_level,0.11796762009933877,0.15022640525625458,0.0,False,AtomList,Level,0.09437409607947102,0.0,0.0,-1,rejected,0.0
_:b259,Availability_Block_Game_by_level,0.1179656300347196,0.1502272316850916,0.0,False,AtomList,Level,0.0943725040277757,0.0,0.0,-1,rejected,0.0
_:b99,Availability_Block_Game_by_level,0.11796562407425512,0.15022721865431057,0.0,False,AtomList,Level,0.09437249925940411,0.0,0.0,-1,rejected,0.0
_:b257,Availability_Block_Game_by_level,0.11796093306563497,0.15022913041387184,0.0,False,AtomList,Level,0.09436874645250798,0.0,0.0,-1,rejected,0.0
_:b97,Availability_Block_Game_by_level,0.11796093306563497,0.15022913041387184,0.0,False,AtomList,Level,0.09436874645250798,0.0,0.0,-1,rejected,0.0
_:b95,Availability_Block_Game_by_level,0.11794991399035018,0.15023363728171815,0.0,False,AtomList,Level,0.09435993119228014,0.0,0.0,-1,rejected,0.0
_:b255,Availability_Block_Game_by_level,0.11794991399035018,0.15023363728171815,0.0,False,AtomList,Level,0.09435993119228014,0.0,0.0,-1,rejected,0.0
has_PlayingStyle,Game,0.1177772059867935,0.1494175313690462,0.0,False,DatatypeProperty,GameElementResource,0.09422176478943481,0.0,0.0,-1,rejected,0.0
has_PlayingStyle,Quizventure,0.1177772059867935,0.1494175313690462,0.0,False,DatatypeProperty,GameElementResource,0.09422176478943481,0.0,0.0,-1,rejected,0.0
has_PlayingStyle,Block_Game,0.1177772059867935,0.1494175313690462,0.0,False,DatatypeProperty,GameElementResource,0.09422176478943481,0.0,0.0,-1,rejected,0.0
has_PlayingStyle,Interactive_Content_–_H5P,0.1177772059867935,0.1494175313690462,0.0,False,DatatypeProperty,GameElementResource,0.09422176478943481,0.0,0.0,-1,rejected,0.0
RFK_L1_R6,Quizventure,0.11772171274087453,0.14861497566996804,0.0,False,ReferenceKey,GameElementResource,0.09417737019269963,0.0,0.0,-1,rejected,0.0
RFK_L1_R6,Game,0.11772171274087453,0.14861497566996804,0.0,False,ReferenceKey,GameElementResource,0.09417737019269963,0.0,0.0,-1,rejected,0.0
RFK_L1_R6,Interactive_Content_–_H5P,0.11772171274087453,0.14861497566996804,0.0,False,ReferenceKey,GameElementResource,0.09417737019269963,0.0,0.0,-1,rejected,0.0
RFK_L1_R6,Block_Game,0.11772171274087453,0.14861497566996804,0.0,False,ReferenceKey,GameElementResource,0.09417737019269963,0.0,0.0,-1,rejected,0.0
Exception_Handling,Interactive_Content_–_H5P,0.11762561835988757,0.15369166045091157,0.0,False,Lesson,GameElementResource,0.09410049468791006,0.0,0.0,-1,rejected,0.0
Exception_Handling,Game,0.11762561835988757,0.15369166045091157,0.0,False,Lesson,GameElementResource,0.09410049468791006,0.0,0.0,-1,rejected,0.0
Exception_Handling,Quizventure,0.11762561835988757,0.15369166045091157,0.0,False,Lesson,GameElementResource,0.09410049468791006,0.0,0.0,-1,rejected,0.0
Exception_Handling,Block_Game,0.11762561835988757,0.15369166045091157,0.0,False,Lesson,GameElementResource,0.09410049468791006,0.0,0.0,-1,rejected,0.0
_:b253,Availability_Block_Game_by_level,0.11725734236984468,0.15057251389205292,0.0,False,AtomList,Level,0.09380587389587575,0.0,0.0,-1,rejected,0.0
_:b272,Availability_Block_Game_by_level,0.11725734236984468,0.15057251389205292,0.0,False,AtomList,Level,0.09380587389587575,0.0,0.0,-1,rejected,0.0
_:b93,Availability_Block_Game_by_level,0.11725734236984468,0.15057251389205292,0.0,False,AtomList,Level,0.09380587389587575,0.0,0.0,-1,rejected,0.0
pageStart,Game,0.1172291819456871,0.14948979123417888,0.0,False,AnnotationProperty,GameElementResource,0.09378334555654969,0.0,0.0,-1,rejected,0.0
pageStart,Interactive_Content_–_H5P,0.1172291819456871,0.14948979123417888,0.0,False,AnnotationProperty,GameElementResource,0.09378334555654969,0.0,0.0,-1,rejected,0.0
pageStart,Quizventure,0.1172291819456871,0.14948979123417888,0.0,False,AnnotationProperty,GameElementResource,0.09378334555654969,0.0,0.0,-1,rejected,0.0
pageStart,Block_Game,0.1172291819456871,0.14948979123417888,0.0,False,AnnotationProperty,GameElementResource,0.09378334555654969,0.0,0.0,-1,rejected,0.0
_:b194,Availability_Block_Game_by_level,0.11721073428944997,0.15059123348241493,0.0,False,AtomList,Level,0.09376858743155998,0.0,0.0,-1,rejected,0.0
Collection,Game,0.11720140993160304,0.15089446312210103,0.0,False,Class,GameElementResource,0.09376112794528244,0.0,0.0,-1,rejected,0.0
Collection,Block_Game,0.11720140993160304,0.15089446312210103,0.0,False,Class,GameElementResource,0.09376112794528244,0.0,0.0,-1,rejected,0.0
Collection,Quizventure,0.11720140993160304,0.15089446312210103,0.0,False,Class,GameElementResource,0.09376112794528244,0.0,0.0,-1,rejected,0.0
Collection,Interactive_Content_–_H5P,0.11720140993160304,0.15089446312210103,0.0,False,Class,GameElementResource,0.09376112794528244,0.0,0.0,-1,rejected,0.0
_:b132,Availability_Block_Game_by_level,0.11719652150419516,0.1505969455079451,0.0,False,AtomList,Level,0.09375721720335613,0.0,0.0,-1,rejected,0.0
_:b251,Availability_Block_Game_by_level,0.11719652150419516,0.1505969455079451,0.0,False,AtomList,Level,0.09375721720335613,0.0,0.0,-1,rejected,0.0
_:b114,Availability_Block_Game_by_level,0.11719652150419516,0.1505969455079451,0.0,False,AtomList,Level,0.09375721720335613,0.0,0.0,-1,rejected,0.0
_:b69,Availability_Block_Game_by_level,0.11719652150419516,0.1505969455079451,0.0,False,AtomList,Level,0.09375721720335613,0.0,0.0,-1,rejected,0.0
_:b281,Availability_Block_Game_by_level,0.11719652150419516,0.1505969455079451,0.0,False,AtomList,Level,0.09375721720335613,0.0,0.0,-1,rejected,0.0
_:b161,Availability_Block_Game_by_level,0.11719652150419516,0.1505969455079451,0.0,False,AtomList,Level,0.09375721720335613,0.0,0.0,-1,rejected,0.0
_:b172,Availability_Block_Game_by_level,0.11719652150419516,0.1505969455079451,0.0,False,AtomList,Level,0.09375721720335613,0.0,0.0,-1,rejected,0.0
_:b225,Availability_Block_Game_by_level,0.11719652150419516,0.1505969455079451,0.0,False,AtomList,Level,0.09375721720335613,0.0,0.0,-1,rejected,0.0
_:b270,Availability_Block_Game_by_level,0.11719652150419516,0.1505969455079451,0.0,False,AtomList,Level,0.09375721720335613,0.0,0.0,-1,rejected,0.0
_:b123,Availability_Block_Game_by_level,0.11719652150419516,0.1505969455079451,0.0,False,AtomList,Level,0.09375721720335613,0.0,0.0,-1,rejected,0.0
_:b80,Availability_Block_Game_by_level,0.11719652150419516,0.1505969455079451,0.0,False,AtomList,Level,0.09375721720335613,0.0,0.0,-1,rejected,0.0
_:b91,Availability_Block_Game_by_level,0.11719652150419516,0.1505969455079451,0.0,False,AtomList,Level,0.09375721720335613,0.0,0.0,-1,rejected,0.0
_:b143,Availability_Block_Game_by_level,0.11719652150419516,0.1505969455079451,0.0,False,AtomList,Level,0.09375721720335613,0.0,0.0,-1,rejected,0.0
_:b183,Availability_Block_Game_by_level,0.11719652150419516,0.1505969455079451,0.0,False,AtomList,Level,0.09375721720335613,0.0,0.0,-1,rejected,0.0
_:b205,Availability_Block_Game_by_level,0.11719652150419516,0.1505969455079451,0.0,False,AtomList,Level,0.09375721720335613,0.0,0.0,-1,rejected,0.0
_:b214,Availability_Block_Game_by_level,0.11719652150419516,0.1505969455079451,0.0,False,AtomList,Level,0.09375721720335613,0.0,0.0,-1,rejected,0.0
ExperiencePointsLeaderboard,Availability_Block_Game_by_level,0.11714482185246791,0.1507071487086806,0.0,False,Class,Level,0.09371585748197434,0.0,0.0,-1,rejected,0.0
locator,Game,0.11704471831091048,0.15010592320565028,0.0,False,AnnotationProperty,GameElementResource,0.0936357746487284,0.0,0.0,-1,rejected,0.0
locator,Interactive_Content_–_H5P,0.11704471831091048,0.15010592320565028,0.0,False,AnnotationProperty,GameElementResource,0.0936357746487284,0.0,0.0,-1,rejected,0.0
locator,Block_Game,0.11704471831091048,0.15010592320565028,0.0,False,AnnotationProperty,GameElementResource,0.0936357746487284,0.0,0.0,-1,rejected,0.0
locator,Quizventure,0.11704471831091048,0.15010592320565028,0.0,False,AnnotationProperty,GameElementResource,0.0936357746487284,0.0,0.0,-1,rejected,0.0
determine iof the teacher's objective is behavioural objective,Game,0.11660632054052586,0.15090325003025912,0.0,False,unknown,GameElementResource,0.09328505643242069,0.0,0.0,-1,rejected,0.0
determine iof the teacher's objective is behavioural objective,Interactive_Content_–_H5P,0.11660632054052586,0.15090325003025912,0.0,False,unknown,GameElementResource,0.09328505643242069,0.0,0.0,-1,rejected,0.0
determine iof the teacher's objective is behavioural objective,Block_Game,0.11660632054052586,0.15090325003025912,0.0,False,unknown,GameElementResource,0.09328505643242069,0.0,0.0,-1,rejected,0.0
determine iof the teacher's objective is behavioural objective,Quizventure,0.11660632054052586,0.15090325003025912,0.0,False,unknown,GameElementResource,0.09328505643242069,0.0,0.0,-1,rejected,0.0
ExperiencePoints,Availability_Block_Game_by_level,0.11645357367596951,0.15105093243629517,0.0,False,Class,Level,0.09316285894077561,0.0,0.0,-1,rejected,0.0
_:b116,Availability_Block_Game_by_level,0.1164367180323334,0.15032807875213042,0.0,False,DatavaluedPropertyAtom,Level,0.09314937442586672,0.0,0.0,-1,rejected,0.0
_:b125,Availability_Block_Game_by_level,0.1164367180323334,0.15032807875213042,0.0,False,DatavaluedPropertyAtom,Level,0.09314937442586672,0.0,0.0,-1,rejected,0.0
_:b192,Availability_Block_Game_by_level,0.11642061363371885,0.1509821521044079,0.0,False,AtomList,Level,0.09313649090697508,0.0,0.0,-1,rejected,0.0
_:b279,Availability_Block_Game_by_level,0.11638734743672748,0.1509953447154696,0.0,False,AtomList,Level,0.09310987794938198,0.0,0.0,-1,rejected,0.0
_:b212,Availability_Block_Game_by_level,0.11638734743672748,0.1509953447154696,0.0,False,AtomList,Level,0.09310987794938198,0.0,0.0,-1,rejected,0.0
_:b67,Availability_Block_Game_by_level,0.11638734743672748,0.1509953447154696,0.0,False,AtomList,Level,0.09310987794938198,0.0,0.0,-1,rejected,0.0
_:b78,Availability_Block_Game_by_level,0.11638734743672748,0.1509953447154696,0.0,False,AtomList,Level,0.09310987794938198,0.0,0.0,-1,rejected,0.0
_:b181,Availability_Block_Game_by_level,0.11638734743672748,0.1509953447154696,0.0,False,AtomList,Level,0.09310987794938198,0.0,0.0,-1,rejected,0.0
_:b89,Availability_Block_Game_by_level,0.11638734743672748,0.1509953447154696,0.0,False,AtomList,Level,0.09310987794938198,0.0,0.0,-1,rejected,0.0
_:b141,Availability_Block_Game_by_level,0.11638734743672748,0.1509953447154696,0.0,False,AtomList,Level,0.09310987794938198,0.0,0.0,-1,rejected,0.0
_:b203,Availability_Block_Game_by_level,0.11638734743672748,0.1509953447154696,0.0,False,AtomList,Level,0.09310987794938198,0.0,0.0,-1,rejected,0.0
_:b112,Availability_Block_Game_by_level,0.11638734743672748,0.1509953447154696,0.0,False,AtomList,Level,0.09310987794938198,0.0,0.0,-1,rejected,0.0
_:b170,Availability_Block_Game_by_level,0.11638734743672748,0.1509953447154696,0.0,False,AtomList,Level,0.09310987794938198,0.0,0.0,-1,rejected,0.0
_:b121,Availability_Block_Game_by_level,0.11638734743672748,0.1509953447154696,0.0,False,AtomList,Level,0.09310987794938198,0.0,0.0,-1,rejected,0.0
_:b268,Availability_Block_Game_by_level,0.11638734743672748,0.1509953447154696,0.0,False,AtomList,Level,0.09310987794938198,0.0,0.0,-1,rejected,0.0
_:b223,Availability_Block_Game_by_level,0.11638734743672748,0.1509953447154696,0.0,False,AtomList,Level,0.09310987794938198,0.0,0.0,-1,rejected,0.0
_:b249,Availability_Block_Game_by_level,0.11638734743672748,0.1509953447154696,0.0,False,AtomList,Level,0.09310987794938198,0.0,0.0,-1,rejected,0.0
_:b130,Availability_Block_Game_by_level,0.11638734743672748,0.1509953447154696,0.0,False,AtomList,Level,0.09310987794938198,0.0,0.0,-1,rejected,0.0
_:b159,Availability_Block_Game_by_level,0.11638734743672748,0.1509953447154696,0.0,False,AtomList,Level,0.09310987794938198,0.0,0.0,-1,rejected,0.0
_:b152,Availability_Block_Game_by_level,0.11638734147626299,0.15099533167309728,0.0,False,AtomList,Level,0.0931098731810104,0.0,0.0,-1,rejected,0.0
_:b228,Availability_Block_Game_by_level,0.11638734147626299,0.15099533167309728,0.0,False,AtomList,Level,0.0931098731810104,0.0,0.0,-1,rejected,0.0
_:b135,Availability_Block_Game_by_level,0.11638734147626299,0.15099533167309728,0.0,False,AtomList,Level,0.0931098731810104,0.0,0.0,-1,rejected,0.0
_:b217,Availability_Block_Game_by_level,0.11638734147626299,0.15099533167309728,0.0,False,AtomList,Level,0.0931098731810104,0.0,0.0,-1,rejected,0.0
_:b146,Availability_Block_Game_by_level,0.11638734147626299,0.15099533167309728,0.0,False,AtomList,Level,0.0931098731810104,0.0,0.0,-1,rejected,0.0
Error2,Interactive_Content_–_H5P,0.11595885850854662,0.15069555432716167,0.0,False,Class,GameElementResource,0.0927670868068373,0.0,0.0,-1,rejected,0.0
Error2,Block_Game,0.11595885850854662,0.15069555432716167,0.0,False,Class,GameElementResource,0.0927670868068373,0.0,0.0,-1,rejected,0.0
Error2,Quizventure,0.11595885850854662,0.15069555432716167,0.0,False,Class,GameElementResource,0.0927670868068373,0.0,0.0,-1,rejected,0.0
Error2,Game,0.11595885850854662,0.15069555432716167,0.0,False,Class,GameElementResource,0.0927670868068373,0.0,0.0,-1,rejected,0.0
hasKey,Motrain,0.11580742294262292,0.15001721677937022,0.0,False,AnnotationProperty,GameElementResource,0.09264593835409834,0.0,0.0,-1,rejected,0.0
hasKnowledge,Interactive_Content_–_H5P,0.11551385005107476,0.1596106503588198,0.0,False,TransitiveProperty,GameElementResource,0.09241108004085981,0.0,0.0,-1,rejected,0.0
hasKnowledge,Game,0.11551385005107476,0.1596106503588198,0.0,False,TransitiveProperty,GameElementResource,0.09241108004085981,0.0,0.0,-1,rejected,0.0
hasKnowledge,Block_Game,0.11551385005107476,0.1596106503588198,0.0,False,TransitiveProperty,GameElementResource,0.09241108004085981,0.0,0.0,-1,rejected,0.0
hasKnowledge,Quizventure,0.11551385005107476,0.1596106503588198,0.0,False,TransitiveProperty,GameElementResource,0.09241108004085981,0.0,0.0,-1,rejected,0.0
hasGamificationExperience,Block_Game,0.11548511969316858,0.15963382062014075,0.0,False,ObjectProperty,GameElementResource,0.09238809575453487,0.0,0.0,-1,rejected,0.0
hasGamificationExperience,Quizventure,0.11548511969316858,0.15963382062014075,0.0,False,ObjectProperty,GameElementResource,0.09238809575453487,0.0,0.0,-1,rejected,0.0
hasGamificationExperience,Game,0.11548511969316858,0.15963382062014075,0.0,False,ObjectProperty,GameElementResource,0.09238809575453487,0.0,0.0,-1,rejected,0.0
hasGamificationExperience,Interactive_Content_–_H5P,0.11548511969316858,0.15963382062014075,0.0,False,ObjectProperty,GameElementResource,0.09238809575453487,0.0,0.0,-1,rejected,0.0
check if gr has bonus then voluntary,Interactive_Content_–_H5P,0.1152783159513164,0.1508519409319422,0.0,False,unknown,GameElementResource,0.09222265276105313,0.0,0.0,-1,rejected,0.0
check if gr has bonus then voluntary,Block_Game,0.1152783159513164,0.1508519409319422,0.0,False,unknown,GameElementResource,0.09222265276105313,0.0,0.0,-1,rejected,0.0
check if gr has bonus then voluntary,Quizventure,0.1152783159513164,0.1508519409319422,0.0,False,unknown,GameElementResource,0.09222265276105313,0.0,0.0,-1,rejected,0.0
check if gr has bonus then voluntary,Game,0.1152783159513164,0.1508519409319422,0.0,False,unknown,GameElementResource,0.09222265276105313,0.0,0.0,-1,rejected,0.0
3.16.0,Quizventure,0.11517994881432478,0.15089001687232673,0.0,False,unknown,GameElementResource,0.09214395905145983,0.0,0.0,-1,rejected,0.0
3.16.0,Game,0.11517994881432478,0.15089001687232673,0.0,False,unknown,GameElementResource,0.09214395905145983,0.0,0.0,-1,rejected,0.0
3.16.0,Interactive_Content_–_H5P,0.11517994881432478,0.15089001687232673,0.0,False,unknown,GameElementResource,0.09214395905145983,0.0,0.0,-1,rejected,0.0
3.16.0,Block_Game,0.11517994881432478,0.15089001687232673,0.0,False,unknown,GameElementResource,0.09214395905145983,0.0,0.0,-1,rejected,0.0
e2,Block_Game,0.11515519799836135,0.15188007234473694,0.0,False,Variable,GameElementResource,0.0921241583986891,0.0,0.0,-1,rejected,0.0
e2,Interactive_Content_–_H5P,0.11515519799836135,0.15188007234473694,0.0,False,Variable,GameElementResource,0.0921241583986891,0.0,0.0,-1,rejected,0.0
e2,Quizventure,0.11515519799836135,0.15188007234473694,0.0,False,Variable,GameElementResource,0.0921241583986891,0.0,0.0,-1,rejected,0.0
e2,Game,0.11515519799836135,0.15188007234473694,0.0,False,Variable,GameElementResource,0.0921241583986891,0.0,0.0,-1,rejected,0.0
e1,Quizventure,0.11514252106848269,0.15188320367095381,0.0,False,Variable,GameElementResource,0.09211401685478615,0.0,0.0,-1,rejected,0.0
e1,Block_Game,0.11514252106848269,0.15188320367095381,0.0,False,Variable,GameElementResource,0.09211401685478615,0.0,0.0,-1,rejected,0.0
e1,Interactive_Content_–_H5P,0.11514252106848269,0.15188320367095381,0.0,False,Variable,GameElementResource,0.09211401685478615,0.0,0.0,-1,rejected,0.0
e1,Game,0.11514252106848269,0.15188320367095381,0.0,False,Variable,GameElementResource,0.09211401685478615,0.0,0.0,-1,rejected,0.0
t2,Interactive_Content_–_H5P,0.11500453344325556,0.1519174772820847,0.0,False,Variable,GameElementResource,0.09200362675460445,0.0,0.0,-1,rejected,0.0
t2,Block_Game,0.11500453344325556,0.1519174772820847,0.0,False,Variable,GameElementResource,0.09200362675460445,0.0,0.0,-1,rejected,0.0
t2,Game,0.11500453344325556,0.1519174772820847,0.0,False,Variable,GameElementResource,0.09200362675460445,0.0,0.0,-1,rejected,0.0
t2,Quizventure,0.11500453344325556,0.1519174772820847,0.0,False,Variable,GameElementResource,0.09200362675460445,0.0,0.0,-1,rejected,0.0
_:b54,Availability_Block_Game_by_level,0.1149208161380364,0.15080537615954276,0.0,False,unknown,Level,0.09193665291042913,0.0,0.0,-1,rejected,0.0
_:b20,Availability_Block_Game_by_level,0.1149208161380364,0.15080537615954276,0.0,False,unknown,Level,0.09193665291042913,0.0,0.0,-1,rejected,0.0
t1,Quizventure,0.11491469898164772,0.15193995299330354,0.0,False,Variable,GameElementResource,0.09193175918531818,0.0,0.0,-1,rejected,0.0
t1,Block_Game,0.11491469898164772,0.15193995299330354,0.0,False,Variable,GameElementResource,0.09193175918531818,0.0,0.0,-1,rejected,0.0
t1,Game,0.11491469898164772,0.15193995299330354,0.0,False,Variable,GameElementResource,0.09193175918531818,0.0,0.0,-1,rejected,0.0
t1,Interactive_Content_–_H5P,0.11491469898164772,0.15193995299330354,0.0,False,Variable,GameElementResource,0.09193175918531818,0.0,0.0,-1,rejected,0.0
LearningStyle,Block_Game,0.11487643131279454,0.15221188328332788,0.0,False,Class,GameElementResource,0.09190114505023564,0.0,0.0,-1,rejected,0.0
LearningStyle,Game,0.11487643131279454,0.15221188328332788,0.0,False,Class,GameElementResource,0.09190114505023564,0.0,0.0,-1,rejected,0.0
LearningStyle,Interactive_Content_–_H5P,0.11487643131279454,0.15221188328332788,0.0,False,Class,GameElementResource,0.09190114505023564,0.0,0.0,-1,rejected,0.0
LearningStyle,Quizventure,0.11487643131279454,0.15221188328332788,0.0,False,Class,GameElementResource,0.09190114505023564,0.0,0.0,-1,rejected,0.0
Classes_and_Objects,Block_Game,0.11485729041457907,0.15747189776803522,0.0,False,Lesson,GameElementResource,0.09188583233166325,0.0,0.0,-1,rejected,0.0
Classes_and_Objects,Quizventure,0.11485729041457907,0.15747189776803522,0.0,False,Lesson,GameElementResource,0.09188583233166325,0.0,0.0,-1,rejected,0.0
Classes_and_Objects,Game,0.11485729041457907,0.15747189776803522,0.0,False,Lesson,GameElementResource,0.09188583233166325,0.0,0.0,-1,rejected,0.0
Classes_and_Objects,Interactive_Content_–_H5P,0.11485729041457907,0.15747189776803522,0.0,False,Lesson,GameElementResource,0.09188583233166325,0.0,0.0,-1,rejected,0.0
Inheritance,Game,0.11481986952265306,0.15749554136542676,0.0,False,Lesson,GameElementResource,0.09185589561812246,0.0,0.0,-1,rejected,0.0
Inheritance,Block_Game,0.11481986952265306,0.15749554136542676,0.0,False,Lesson,GameElementResource,0.09185589561812246,0.0,0.0,-1,rejected,0.0
Inheritance,Interactive_Content_–_H5P,0.11481986952265306,0.15749554136542676,0.0,False,Lesson,GameElementResource,0.09185589561812246,0.0,0.0,-1,rejected,0.0
Inheritance,Quizventure,0.11481986952265306,0.15749554136542676,0.0,False,Lesson,GameElementResource,0.09185589561812246,0.0,0.0,-1,rejected,0.0
Arithmetic_operations,Block_Game,0.11481472664710839,0.1522451163405223,0.0,False,Resource,GameElementResource,0.09185178131768672,0.0,0.0,-1,rejected,0.0
Arithmetic_operations,Game,0.11481472664710839,0.1522451163405223,0.0,False,Resource,GameElementResource,0.09185178131768672,0.0,0.0,-1,rejected,0.0
Arithmetic_operations,Quizventure,0.11481472664710839,0.1522451163405223,0.0,False,Resource,GameElementResource,0.09185178131768672,0.0,0.0,-1,rejected,0.0
Arithmetic_operations,Interactive_Content_–_H5P,0.11481472664710839,0.1522451163405223,0.0,False,Resource,GameElementResource,0.09185178131768672,0.0,0.0,-1,rejected,0.0
_:b37,Availability_Block_Game_by_level,0.11474082603161051,0.1508879595797085,0.0,False,unknown,Level,0.09179266082528842,0.0,0.0,-1,rejected,0.0
_:b43,Availability_Block_Game_by_level,0.1147247942430446,0.15089532943796913,0.0,False,unknown,Level,0.09177983539443568,0.0,0.0,-1,rejected,0.0
_:b106,Availability_Block_Game_by_level,0.1147129008847256,0.15090081421158455,0.0,False,unknown,Level,0.09177032070778049,0.0,0.0,-1,rejected,0.0
_:b105,Availability_Block_Game_by_level,0.11471283416885639,0.15090082901865423,0.0,False,unknown,Level,0.09177026733508512,0.0,0.0,-1,rejected,0.0
_:b175,Availability_Block_Game_by_level,0.11470538247201378,0.15090427204289528,0.0,False,unknown,Level,0.09176430597761104,0.0,0.0,-1,rejected,0.0
_:b186,Availability_Block_Game_by_level,0.11470538247201378,0.15090427204289528,0.0,False,unknown,Level,0.09176430597761104,0.0,0.0,-1,rejected,0.0
_:b164,Availability_Block_Game_by_level,0.11470538247201378,0.15090427204289528,0.0,False,unknown,Level,0.09176430597761104,0.0,0.0,-1,rejected,0.0
ObjectOrientedProgramming,Interactive_Content_–_H5P,0.11470151628466523,0.15459384767333523,0.0,False,onlineCourse,GameElementResource,0.09176121302773219,0.0,0.0,-1,rejected,0.0
ObjectOrientedProgramming,Quizventure,0.11470151628466523,0.15459384767333523,0.0,False,onlineCourse,GameElementResource,0.09176121302773219,0.0,0.0,-1,rejected,0.0
ObjectOrientedProgramming,Game,0.11470151628466523,0.15459384767333523,0.0,False,onlineCourse,GameElementResource,0.09176121302773219,0.0,0.0,-1,rejected,0.0
ObjectOrientedProgramming,Block_Game,0.11470151628466523,0.15459384767333523,0.0,False,onlineCourse,GameElementResource,0.09176121302773219,0.0,0.0,-1,rejected,0.0
_:b185,Availability_Block_Game_by_level,0.11469516556672883,0.1509089558879901,0.0,False,unknown,Level,0.09175613245338307,0.0,0.0,-1,rejected,0.0
_:b174,Availability_Block_Game_by_level,0.11469516556672883,0.1509089558879901,0.0,False,unknown,Level,0.09175613245338307,0.0,0.0,-1,rejected,0.0
_:b163,Availability_Block_Game_by_level,0.11469516556672883,0.1509089558879901,0.0,False,unknown,Level,0.09175613245338307,0.0,0.0,-1,rejected,0.0
Java_Basics,Game,0.11467308920989469,0.15745406022221184,0.0,False,Lesson,GameElementResource,0.09173847136791576,0.0,0.0,-1,rejected,0.0
Java_Basics,Interactive_Content_–_H5P,0.11467308920989469,0.15745406022221184,0.0,False,Lesson,GameElementResource,0.09173847136791576,0.0,0.0,-1,rejected,0.0
Java_Basics,Quizventure,0.11467308920989469,0.15745406022221184,0.0,False,Lesson,GameElementResource,0.09173847136791576,0.0,0.0,-1,rejected,0.0
Java_Basics,Block_Game,0.11467308920989469,0.15745406022221184,0.0,False,Lesson,GameElementResource,0.09173847136791576,0.0,0.0,-1,rejected,0.0
_:b57,Motrain,0.11464476256758453,0.15485163470241398,0.0,False,unknown,GameElementResource,0.09171581005406763,0.0,0.0,-1,rejected,0.0
_:b58,Motrain,0.11464476256758453,0.15485163470241398,0.0,False,unknown,GameElementResource,0.09171581005406763,0.0,0.0,-1,rejected,0.0
Class_Methods_and_Constructors,Quizventure,0.11456484322324886,0.15752556653716399,0.0,False,Lesson,GameElementResource,0.0916518745785991,0.0,0.0,-1,rejected,0.0
Class_Methods_and_Constructors,Block_Game,0.11456484322324886,0.15752556653716399,0.0,False,Lesson,GameElementResource,0.0916518745785991,0.0,0.0,-1,rejected,0.0
Class_Methods_and_Constructors,Interactive_Content_–_H5P,0.11456484322324886,0.15752556653716399,0.0,False,Lesson,GameElementResource,0.0916518745785991,0.0,0.0,-1,rejected,0.0
Class_Methods_and_Constructors,Game,0.11456484322324886,0.15752556653716399,0.0,False,Lesson,GameElementResource,0.0916518745785991,0.0,0.0,-1,rejected,0.0
Polymorphism,Block_Game,0.11456107602919699,0.15740367177239462,0.0,False,Lesson,GameElementResource,0.0916488608233576,0.0,0.0,-1,rejected,0.0
Polymorphism,Game,0.11456107602919699,0.15740367177239462,0.0,False,Lesson,GameElementResource,0.0916488608233576,0.0,0.0,-1,rejected,0.0
Polymorphism,Quizventure,0.11456107602919699,0.15740367177239462,0.0,False,Lesson,GameElementResource,0.0916488608233576,0.0,0.0,-1,rejected,0.0
Polymorphism,Interactive_Content_–_H5P,0.11456107602919699,0.15740367177239462,0.0,False,Lesson,GameElementResource,0.0916488608233576,0.0,0.0,-1,rejected,0.0
Exploration,Interactive_Content_–_H5P,0.11450451617975536,0.15118062675733754,0.0,False,NamedIndividual,GameElementResource,0.0916036129438043,0.0,0.0,-1,rejected,0.0
Exploration,Block_Game,0.11450451617975536,0.15118062675733754,0.0,False,NamedIndividual,GameElementResource,0.0916036129438043,0.0,0.0,-1,rejected,0.0
Exploration,Game,0.11450451617975536,0.15118062675733754,0.0,False,NamedIndividual,GameElementResource,0.0916036129438043,0.0,0.0,-1,rejected,0.0
Exploration,Quizventure,0.11450451617975536,0.15118062675733754,0.0,False,NamedIndividual,GameElementResource,0.0916036129438043,0.0,0.0,-1,rejected,0.0
is_part_of,Game,0.11440115804854982,0.15293142147673214,0.0,False,unknown,GameElementResource,0.09152092643883986,0.0,0.0,-1,rejected,0.0
is_part_of,Interactive_Content_–_H5P,0.11440115804854982,0.15293142147673214,0.0,False,unknown,GameElementResource,0.09152092643883986,0.0,0.0,-1,rejected,0.0
is_part_of,Quizventure,0.11440115804854982,0.15293142147673214,0.0,False,unknown,GameElementResource,0.09152092643883986,0.0,0.0,-1,rejected,0.0
is_part_of,Block_Game,0.11440115804854982,0.15293142147673214,0.0,False,unknown,GameElementResource,0.09152092643883986,0.0,0.0,-1,rejected,0.0
_:b25,Availability_Block_Game_by_level,0.11420092448830002,0.15113995731316007,0.0,False,unknown,Level,0.09136073959064002,0.0,0.0,-1,rejected,0.0
_:b22,Availability_Block_Game_by_level,0.11420092448830002,0.15113995731316007,0.0,False,unknown,Level,0.09136073959064002,0.0,0.0,-1,rejected,0.0
_:b31,Availability_Block_Game_by_level,0.11411190773508025,0.15118023189121335,0.0,False,unknown,Level,0.0912895261880642,0.0,0.0,-1,rejected,0.0
EducationalInstitution,Game,0.11347618261884448,0.1516489779019026,0.0,False,unknown,GameElementResource,0.09078094609507559,0.0,0.0,-1,rejected,0.0
EducationalInstitution,Quizventure,0.11347618261884448,0.1516489779019026,0.0,False,unknown,GameElementResource,0.09078094609507559,0.0,0.0,-1,rejected,0.0
EducationalInstitution,Block_Game,0.11347618261884448,0.1516489779019026,0.0,False,unknown,GameElementResource,0.09078094609507559,0.0,0.0,-1,rejected,0.0
EducationalInstitution,Interactive_Content_–_H5P,0.11347618261884448,0.1516489779019026,0.0,False,unknown,GameElementResource,0.09078094609507559,0.0,0.0,-1,rejected,0.0
UserGroup,Motrain,0.11347536455010734,0.15406665380650822,0.0,False,unknown,GameElementResource,0.09078029164008589,0.0,0.0,-1,rejected,0.0
Sofia,Block_Game,0.11343839588697076,0.1514429463536163,0.0,False,Learner,GameElementResource,0.09075071670957661,0.0,0.0,-1,rejected,0.0
Sofia,Quizventure,0.11343839588697076,0.1514429463536163,0.0,False,Learner,GameElementResource,0.09075071670957661,0.0,0.0,-1,rejected,0.0
Sofia,Game,0.11343839588697076,0.1514429463536163,0.0,False,Learner,GameElementResource,0.09075071670957661,0.0,0.0,-1,rejected,0.0
Sofia,Interactive_Content_–_H5P,0.11343839588697076,0.1514429463536163,0.0,False,Learner,GameElementResource,0.09075071670957661,0.0,0.0,-1,rejected,0.0
Tom,Quizventure,0.11343839588697076,0.1514429463536163,0.0,False,Learner,GameElementResource,0.09075071670957661,0.0,0.0,-1,rejected,0.0
Tom,Interactive_Content_–_H5P,0.11343839588697076,0.1514429463536163,0.0,False,Learner,GameElementResource,0.09075071670957661,0.0,0.0,-1,rejected,0.0
Tom,Block_Game,0.11343839588697076,0.1514429463536163,0.0,False,Learner,GameElementResource,0.09075071670957661,0.0,0.0,-1,rejected,0.0
Tom,Game,0.11343839588697076,0.1514429463536163,0.0,False,Learner,GameElementResource,0.09075071670957661,0.0,0.0,-1,rejected,0.0
Global,Interactive_Content_–_H5P,0.1133276326182108,0.15633966836282062,0.0,False,Class,GameElementResource,0.09066210609456865,0.0,0.0,-1,rejected,0.0
Global,Quizventure,0.1133276326182108,0.15633966836282062,0.0,False,Class,GameElementResource,0.09066210609456865,0.0,0.0,-1,rejected,0.0
Active,Game,0.1133276326182108,0.15633966836282062,0.0,False,Class,GameElementResource,0.09066210609456865,0.0,0.0,-1,rejected,0.0
Active,Block_Game,0.1133276326182108,0.15633966836282062,0.0,False,Class,GameElementResource,0.09066210609456865,0.0,0.0,-1,rejected,0.0
Active,Quizventure,0.1133276326182108,0.15633966836282062,0.0,False,Class,GameElementResource,0.09066210609456865,0.0,0.0,-1,rejected,0.0
Active,Interactive_Content_–_H5P,0.1133276326182108,0.15633966836282062,0.0,False,Class,GameElementResource,0.09066210609456865,0.0,0.0,-1,rejected,0.0
Intuitive,Quizventure,0.1133276326182108,0.15633966836282062,0.0,False,Class,GameElementResource,0.09066210609456865,0.0,0.0,-1,rejected,0.0
Intuitive,Game,0.1133276326182108,0.15633966836282062,0.0,False,Class,GameElementResource,0.09066210609456865,0.0,0.0,-1,rejected,0.0
Intuitive,Interactive_Content_–_H5P,0.1133276326182108,0.15633966836282062,0.0,False,Class,GameElementResource,0.09066210609456865,0.0,0.0,-1,rejected,0.0
Intuitive,Block_Game,0.1133276326182108,0.15633966836282062,0.0,False,Class,GameElementResource,0.09066210609456865,0.0,0.0,-1,rejected,0.0
Global,Block_Game,0.1133276326182108,0.15633966836282062,0.0,False,Class,GameElementResource,0.09066210609456865,0.0,0.0,-1,rejected,0.0
Global,Game,0.1133276326182108,0.15633966836282062,0.0,False,Class,GameElementResource,0.09066210609456865,0.0,0.0,-1,rejected,0.0
Verbal,Interactive_Content_–_H5P,0.1133276326182108,0.15633966836282062,0.0,False,Class,GameElementResource,0.09066210609456865,0.0,0.0,-1,rejected,0.0
Verbal,Game,0.1133276326182108,0.15633966836282062,0.0,False,Class,GameElementResource,0.09066210609456865,0.0,0.0,-1,rejected,0.0
Verbal,Block_Game,0.1133276326182108,0.15633966836282062,0.0,False,Class,GameElementResource,0.09066210609456865,0.0,0.0,-1,rejected,0.0
Verbal,Quizventure,0.1133276326182108,0.15633966836282062,0.0,False,Class,GameElementResource,0.09066210609456865,0.0,0.0,-1,rejected,0.0
_:b34,Availability_Block_Game_by_level,0.11306339857395056,0.15171654208484317,0.0,False,unknown,Level,0.09045071885916045,0.0,0.0,-1,rejected,0.0
GE,Interactive_Content_–_H5P,0.1130519048077333,0.15159175699156432,0.0,False,Variable,GameElementResource,0.09044152384618664,0.0,0.0,-1,rejected,0.0
GE,Block_Game,0.1130519048077333,0.15159175699156432,0.0,False,Variable,GameElementResource,0.09044152384618664,0.0,0.0,-1,rejected,0.0
GE,Quizventure,0.1130519048077333,0.15159175699156432,0.0,False,Variable,GameElementResource,0.09044152384618664,0.0,0.0,-1,rejected,0.0
GE,Game,0.1130519048077333,0.15159175699156432,0.0,False,Variable,GameElementResource,0.09044152384618664,0.0,0.0,-1,rejected,0.0
_:b40,Availability_Block_Game_by_level,0.11304958767931172,0.15172258252185078,0.0,False,unknown,Level,0.09043967014344939,0.0,0.0,-1,rejected,0.0
_:b46,Availability_Block_Game_by_level,0.11304371758106013,0.15172515043893867,0.0,False,unknown,Level,0.09043497406484811,0.0,0.0,-1,rejected,0.0
_:b51,Availability_Block_Game_by_level,0.11304122176884095,0.15172624234526694,0.0,False,unknown,Level,0.09043297741507277,0.0,0.0,-1,rejected,0.0
ge,Interactive_Content_–_H5P,0.1130245003039585,0.1516019321829531,0.0,False,Variable,GameElementResource,0.09041960024316681,0.0,0.0,-1,rejected,0.0
ge,Game,0.1130245003039585,0.1516019321829531,0.0,False,Variable,GameElementResource,0.09041960024316681,0.0,0.0,-1,rejected,0.0
ge,Block_Game,0.1130245003039585,0.1516019321829531,0.0,False,Variable,GameElementResource,0.09041960024316681,0.0,0.0,-1,rejected,0.0
ge,Quizventure,0.1130245003039585,0.1516019321829531,0.0,False,Variable,GameElementResource,0.09041960024316681,0.0,0.0,-1,rejected,0.0
_:b26,Availability_Block_Game_by_level,0.1129563038482327,0.1518301657815583,0.0,False,unknown,Level,0.09036504307858617,0.0,0.0,-1,rejected,0.0
has_container,Motrain,0.11295040734745461,0.15151623010587237,0.0,False,unknown,GameElementResource,0.0903603258779637,0.0,0.0,-1,rejected,0.0
partOf,Motrain,0.11295040734745461,0.15151623010587237,0.0,False,unknown,GameElementResource,0.0903603258779637,0.0,0.0,-1,rejected,0.0
topDataProperty,Block_Game,0.11293030369800809,0.1517658089802763,0.0,False,ObjectProperty,GameElementResource,0.09034424295840648,0.0,0.0,-1,rejected,0.0
topDataProperty,Quizventure,0.11293030369800809,0.1517658089802763,0.0,False,ObjectProperty,GameElementResource,0.09034424295840648,0.0,0.0,-1,rejected,0.0
topDataProperty,Interactive_Content_–_H5P,0.11293030369800809,0.1517658089802763,0.0,False,ObjectProperty,GameElementResource,0.09034424295840648,0.0,0.0,-1,rejected,0.0
topDataProperty,Game,0.11293030369800809,0.1517658089802763,0.0,False,ObjectProperty,GameElementResource,0.09034424295840648,0.0,0.0,-1,rejected,0.0
_:b32,Availability_Block_Game_by_level,0.11287831719975971,0.1518633891801809,0.0,False,unknown,Level,0.09030265375980778,0.0,0.0,-1,rejected,0.0
_:b38,Availability_Block_Game_by_level,0.11284522589551557,0.1518774879018162,0.0,False,unknown,Level,0.09027618071641247,0.0,0.0,-1,rejected,0.0
_:b44,Availability_Block_Game_by_level,0.11283117022065894,0.1518834861254136,0.0,False,unknown,Level,0.09026493617652716,0.0,0.0,-1,rejected,0.0
_:b49,Availability_Block_Game_by_level,0.11282520197407528,0.1518860492977621,0.0,False,unknown,Level,0.09026016157926023,0.0,0.0,-1,rejected,0.0
_:b53,Availability_Block_Game_by_level,0.11253796491777057,0.1520090737479556,0.0,False,unknown,Level,0.09003037193421647,0.0,0.0,-1,rejected,0.0
_:b19,Availability_Block_Game_by_level,0.11253796491777057,0.1520090737479556,0.0,False,unknown,Level,0.09003037193421647,0.0,0.0,-1,rejected,0.0
_:b28,Availability_Block_Game_by_level,0.11242924104976763,0.1520558422107475,0.0,False,unknown,Level,0.08994339283981412,0.0,0.0,-1,rejected,0.0
_:b21,Availability_Block_Game_by_level,0.11241156483102195,0.1520634534543939,0.0,False,unknown,Level,0.08992925186481757,0.0,0.0,-1,rejected,0.0
_:b23,Availability_Block_Game_by_level,0.11241156483102195,0.1520634534543939,0.0,False,unknown,Level,0.08992925186481757,0.0,0.0,-1,rejected,0.0
has_competency,Block_Game,0.1121636624132148,0.1569388200356696,0.0,False,unknown,GameElementResource,0.08973092993057186,0.0,0.0,-1,rejected,0.0
interacts,Game,0.1121636624132148,0.1569388200356696,0.0,False,unknown,GameElementResource,0.08973092993057186,0.0,0.0,-1,rejected,0.0
interacts,Block_Game,0.1121636624132148,0.1569388200356696,0.0,False,unknown,GameElementResource,0.08973092993057186,0.0,0.0,-1,rejected,0.0
works_in,Quizventure,0.1121636624132148,0.1569388200356696,0.0,False,unknown,GameElementResource,0.08973092993057186,0.0,0.0,-1,rejected,0.0
interacts,Interactive_Content_–_H5P,0.1121636624132148,0.1569388200356696,0.0,False,unknown,GameElementResource,0.08973092993057186,0.0,0.0,-1,rejected,0.0
works_in,Interactive_Content_–_H5P,0.1121636624132148,0.1569388200356696,0.0,False,unknown,GameElementResource,0.08973092993057186,0.0,0.0,-1,rejected,0.0
interacts,Quizventure,0.1121636624132148,0.1569388200356696,0.0,False,unknown,GameElementResource,0.08973092993057186,0.0,0.0,-1,rejected,0.0
works_in,Game,0.1121636624132148,0.1569388200356696,0.0,False,unknown,GameElementResource,0.08973092993057186,0.0,0.0,-1,rejected,0.0
has_contact,Quizventure,0.1121636624132148,0.1569388200356696,0.0,False,unknown,GameElementResource,0.08973092993057186,0.0,0.0,-1,rejected,0.0
depiction,Game,0.1121636624132148,0.1569388200356696,0.0,False,unknown,GameElementResource,0.08973092993057186,0.0,0.0,-1,rejected,0.0
depiction,Quizventure,0.1121636624132148,0.1569388200356696,0.0,False,unknown,GameElementResource,0.08973092993057186,0.0,0.0,-1,rejected,0.0
works_in,Block_Game,0.1121636624132148,0.1569388200356696,0.0,False,unknown,GameElementResource,0.08973092993057186,0.0,0.0,-1,rejected,0.0
depiction,Block_Game,0.1121636624132148,0.1569388200356696,0.0,False,unknown,GameElementResource,0.08973092993057186,0.0,0.0,-1,rejected,0.0
has_contact,Game,0.1121636624132148,0.1569388200356696,0.0,False,unknown,GameElementResource,0.08973092993057186,0.0,0.0,-1,rejected,0.0
has_contact,Block_Game,0.1121636624132148,0.1569388200356696,0.0,False,unknown,GameElementResource,0.08973092993057186,0.0,0.0,-1,rejected,0.0
has_contact,Interactive_Content_–_H5P,0.1121636624132148,0.1569388200356696,0.0,False,unknown,GameElementResource,0.08973092993057186,0.0,0.0,-1,rejected,0.0
has_competency,Quizventure,0.1121636624132148,0.1569388200356696,0.0,False,unknown,GameElementResource,0.08973092993057186,0.0,0.0,-1,rejected,0.0
has_competency,Interactive_Content_–_H5P,0.1121636624132148,0.1569388200356696,0.0,False,unknown,GameElementResource,0.08973092993057186,0.0,0.0,-1,rejected,0.0
depiction,Interactive_Content_–_H5P,0.1121636624132148,0.1569388200356696,0.0,False,unknown,GameElementResource,0.08973092993057186,0.0,0.0,-1,rejected,0.0
has_competency,Game,0.1121636624132148,0.1569388200356696,0.0,False,unknown,GameElementResource,0.08973092993057186,0.0,0.0,-1,rejected,0.0
DataTypes,Availability_Block_Game_by_level,0.11209213625021867,0.15233849168528368,0.0,False,IndexKey,Level,0.08967370900017495,0.0,0.0,-1,rejected,0.0
Reflective,Block_Game,0.11197193969831495,0.15210144503795978,0.0,False,Class,GameElementResource,0.08957755175865197,0.0,0.0,-1,rejected,0.0
Reflective,Quizventure,0.11197193969831495,0.15210144503795978,0.0,False,Class,GameElementResource,0.08957755175865197,0.0,0.0,-1,rejected,0.0
Sensitive,Interactive_Content_–_H5P,0.11197193969831495,0.15210144503795978,0.0,False,Class,GameElementResource,0.08957755175865197,0.0,0.0,-1,rejected,0.0
Sensitive,Quizventure,0.11197193969831495,0.15210144503795978,0.0,False,Class,GameElementResource,0.08957755175865197,0.0,0.0,-1,rejected,0.0
Visual,Game,0.11197193969831495,0.15210144503795978,0.0,False,Class,GameElementResource,0.08957755175865197,0.0,0.0,-1,rejected,0.0
Visual,Block_Game,0.11197193969831495,0.15210144503795978,0.0,False,Class,GameElementResource,0.08957755175865197,0.0,0.0,-1,rejected,0.0
Sensitive,Block_Game,0.11197193969831495,0.15210144503795978,0.0,False,Class,GameElementResource,0.08957755175865197,0.0,0.0,-1,rejected,0.0
Visual,Quizventure,0.11197193969831495,0.15210144503795978,0.0,False,Class,GameElementResource,0.08957755175865197,0.0,0.0,-1,rejected,0.0
Sequential,Block_Game,0.11197193969831495,0.15210144503795978,0.0,False,Class,GameElementResource,0.08957755175865197,0.0,0.0,-1,rejected,0.0
Visual,Interactive_Content_–_H5P,0.11197193969831495,0.15210144503795978,0.0,False,Class,GameElementResource,0.08957755175865197,0.0,0.0,-1,rejected,0.0
Sequential,Game,0.11197193969831495,0.15210144503795978,0.0,False,Class,GameElementResource,0.08957755175865197,0.0,0.0,-1,rejected,0.0
Reflective,Interactive_Content_–_H5P,0.11197193969831495,0.15210144503795978,0.0,False,Class,GameElementResource,0.08957755175865197,0.0,0.0,-1,rejected,0.0
Reflective,Game,0.11197193969831495,0.15210144503795978,0.0,False,Class,GameElementResource,0.08957755175865197,0.0,0.0,-1,rejected,0.0
Sequential,Quizventure,0.11197193969831495,0.15210144503795978,0.0,False,Class,GameElementResource,0.08957755175865197,0.0,0.0,-1,rejected,0.0
Sequential,Interactive_Content_–_H5P,0.11197193969831495,0.15210144503795978,0.0,False,Class,GameElementResource,0.08957755175865197,0.0,0.0,-1,rejected,0.0
Sensitive,Game,0.11197193969831495,0.15210144503795978,0.0,False,Class,GameElementResource,0.08957755175865197,0.0,0.0,-1,rejected,0.0
System,Game,0.11194720644980369,0.1524874957228037,0.0,False,unknown,GameElementResource,0.08955776515984296,0.0,0.0,-1,rejected,0.0
System,Block_Game,0.11194720644980369,0.1524874957228037,0.0,False,unknown,GameElementResource,0.08955776515984296,0.0,0.0,-1,rejected,0.0
hasSubSystem,Block_Game,0.11194720644980369,0.1524874957228037,0.0,False,unknown,GameElementResource,0.08955776515984296,0.0,0.0,-1,rejected,0.0
System,Interactive_Content_–_H5P,0.11194720644980369,0.1524874957228037,0.0,False,unknown,GameElementResource,0.08955776515984296,0.0,0.0,-1,rejected,0.0
System,Quizventure,0.11194720644980369,0.1524874957228037,0.0,False,unknown,GameElementResource,0.08955776515984296,0.0,0.0,-1,rejected,0.0
hasSubSystem,Quizventure,0.11194720644980369,0.1524874957228037,0.0,False,unknown,GameElementResource,0.08955776515984296,0.0,0.0,-1,rejected,0.0
hasSubSystem,Interactive_Content_–_H5P,0.11194720644980369,0.1524874957228037,0.0,False,unknown,GameElementResource,0.08955776515984296,0.0,0.0,-1,rejected,0.0
hasSubSystem,Game,0.11194720644980369,0.1524874957228037,0.0,False,unknown,GameElementResource,0.08955776515984296,0.0,0.0,-1,rejected,0.0
Bonus,Block_Game,0.11186381705697716,0.15245519593164783,0.0,False,NamedIndividual,GameElementResource,0.08949105364558174,0.0,0.0,-1,rejected,0.0
Bonus,Quizventure,0.11186381705697716,0.15245519593164783,0.0,False,NamedIndividual,GameElementResource,0.08949105364558174,0.0,0.0,-1,rejected,0.0
Bonus,Game,0.11186381705697716,0.15245519593164783,0.0,False,NamedIndividual,GameElementResource,0.08949105364558174,0.0,0.0,-1,rejected,0.0
Bonus,Interactive_Content_–_H5P,0.11186381705697716,0.15245519593164783,0.0,False,NamedIndividual,GameElementResource,0.08949105364558174,0.0,0.0,-1,rejected,0.0
bonus,Interactive_Content_–_H5P,0.11178624441266938,0.15254195671817747,0.0,False,unknown,GameElementResource,0.0894289955301355,0.0,0.0,-1,rejected,0.0
bonus,Block_Game,0.11178624441266938,0.15254195671817747,0.0,False,unknown,GameElementResource,0.0894289955301355,0.0,0.0,-1,rejected,0.0
bonus,Game,0.11178624441266938,0.15254195671817747,0.0,False,unknown,GameElementResource,0.0894289955301355,0.0,0.0,-1,rejected,0.0
bonus,Quizventure,0.11178624441266938,0.15254195671817747,0.0,False,unknown,GameElementResource,0.0894289955301355,0.0,0.0,-1,rejected,0.0
Graphical_User_Interface,Game,0.11158234617119618,0.1566934197769992,0.0,False,Lesson,GameElementResource,0.08926587693695695,0.0,0.0,-1,rejected,0.0
Graphical_User_Interface,Block_Game,0.11158234617119618,0.1566934197769992,0.0,False,Lesson,GameElementResource,0.08926587693695695,0.0,0.0,-1,rejected,0.0
Graphical_User_Interface,Quizventure,0.11158234617119618,0.1566934197769992,0.0,False,Lesson,GameElementResource,0.08926587693695695,0.0,0.0,-1,rejected,0.0
Graphical_User_Interface,Interactive_Content_–_H5P,0.11158234617119618,0.1566934197769992,0.0,False,Lesson,GameElementResource,0.08926587693695695,0.0,0.0,-1,rejected,0.0
ip,Interactive_Content_–_H5P,0.11124368399232673,0.15257173071942146,0.0,False,Variable,GameElementResource,0.08899494719386139,0.0,0.0,-1,rejected,0.0
ip,Block_Game,0.11124368399232673,0.15257173071942146,0.0,False,Variable,GameElementResource,0.08899494719386139,0.0,0.0,-1,rejected,0.0
ip,Quizventure,0.11124368399232673,0.15257173071942146,0.0,False,Variable,GameElementResource,0.08899494719386139,0.0,0.0,-1,rejected,0.0
ip,Game,0.11124368399232673,0.15257173071942146,0.0,False,Variable,GameElementResource,0.08899494719386139,0.0,0.0,-1,rejected,0.0
pp,Interactive_Content_–_H5P,0.11124368399232673,0.15257173071942146,0.0,False,Variable,GameElementResource,0.08899494719386139,0.0,0.0,-1,rejected,0.0
pp,Game,0.11124368399232673,0.15257173071942146,0.0,False,Variable,GameElementResource,0.08899494719386139,0.0,0.0,-1,rejected,0.0
pp,Quizventure,0.11124368399232673,0.15257173071942146,0.0,False,Variable,GameElementResource,0.08899494719386139,0.0,0.0,-1,rejected,0.0
pp,Block_Game,0.11124368399232673,0.15257173071942146,0.0,False,Variable,GameElementResource,0.08899494719386139,0.0,0.0,-1,rejected,0.0
l2,Block_Game,0.11114691937215751,0.1526055684807861,0.0,False,Variable,GameElementResource,0.08891753549772602,0.0,0.0,-1,rejected,0.0
l2,Quizventure,0.11114691937215751,0.1526055684807861,0.0,False,Variable,GameElementResource,0.08891753549772602,0.0,0.0,-1,rejected,0.0
l2,Game,0.11114691937215751,0.1526055684807861,0.0,False,Variable,GameElementResource,0.08891753549772602,0.0,0.0,-1,rejected,0.0
l2,Interactive_Content_–_H5P,0.11114691937215751,0.1526055684807861,0.0,False,Variable,GameElementResource,0.08891753549772602,0.0,0.0,-1,rejected,0.0
l1,Game,0.111146693323433,0.15260564771531376,0.0,False,Variable,GameElementResource,0.0889173546587464,0.0,0.0,-1,rejected,0.0
l1,Block_Game,0.111146693323433,0.15260564771531376,0.0,False,Variable,GameElementResource,0.0889173546587464,0.0,0.0,-1,rejected,0.0
l1,Quizventure,0.111146693323433,0.15260564771531376,0.0,False,Variable,GameElementResource,0.0889173546587464,0.0,0.0,-1,rejected,0.0
l1,Interactive_Content_–_H5P,0.111146693323433,0.15260564771531376,0.0,False,Variable,GameElementResource,0.0889173546587464,0.0,0.0,-1,rejected,0.0
hasPreLesson,Quizventure,0.11114487161511939,0.15397298116034247,0.0,False,ReflexiveProperty,GameElementResource,0.08891589729209552,0.0,0.0,-1,rejected,0.0
hasPreLesson,Game,0.11114487161511939,0.15397298116034247,0.0,False,ReflexiveProperty,GameElementResource,0.08891589729209552,0.0,0.0,-1,rejected,0.0
hasPreLesson,Block_Game,0.11114487161511939,0.15397298116034247,0.0,False,ReflexiveProperty,GameElementResource,0.08891589729209552,0.0,0.0,-1,rejected,0.0
hasPreResource,Block_Game,0.11114487161511939,0.15397298116034247,0.0,False,ReflexiveProperty,GameElementResource,0.08891589729209552,0.0,0.0,-1,rejected,0.0
hasPreLesson,Interactive_Content_–_H5P,0.11114487161511939,0.15397298116034247,0.0,False,ReflexiveProperty,GameElementResource,0.08891589729209552,0.0,0.0,-1,rejected,0.0
hasPreResource,Interactive_Content_–_H5P,0.11114487161511939,0.15397298116034247,0.0,False,ReflexiveProperty,GameElementResource,0.08891589729209552,0.0,0.0,-1,rejected,0.0
hasPreResource,Game,0.11114487161511939,0.15397298116034247,0.0,False,ReflexiveProperty,GameElementResource,0.08891589729209552,0.0,0.0,-1,rejected,0.0
Mike,Interactive_Content_–_H5P,0.11114487161511939,0.15397298116034247,0.0,False,Teacher,GameElementResource,0.08891589729209552,0.0,0.0,-1,rejected,0.0
hasPreResource,Quizventure,0.11114487161511939,0.15397298116034247,0.0,False,ReflexiveProperty,GameElementResource,0.08891589729209552,0.0,0.0,-1,rejected,0.0
Mike,Game,0.11114487161511939,0.15397298116034247,0.0,False,Teacher,GameElementResource,0.08891589729209552,0.0,0.0,-1,rejected,0.0
Mike,Quizventure,0.11114487161511939,0.15397298116034247,0.0,False,Teacher,GameElementResource,0.08891589729209552,0.0,0.0,-1,rejected,0.0
Mike,Block_Game,0.11114487161511939,0.15397298116034247,0.0,False,Teacher,GameElementResource,0.08891589729209552,0.0,0.0,-1,rejected,0.0
cites,Game,0.11112557958346184,0.15398907553953167,0.0,False,ObjectProperty,GameElementResource,0.08890046366676947,0.0,0.0,-1,rejected,0.0
cites,Block_Game,0.11112557958346184,0.15398907553953167,0.0,False,ObjectProperty,GameElementResource,0.08890046366676947,0.0,0.0,-1,rejected,0.0
hasPedagogicalExperience,Quizventure,0.11112557958346184,0.15398907553953167,0.0,False,ObjectProperty,GameElementResource,0.08890046366676947,0.0,0.0,-1,rejected,0.0
cites,Quizventure,0.11112557958346184,0.15398907553953167,0.0,False,ObjectProperty,GameElementResource,0.08890046366676947,0.0,0.0,-1,rejected,0.0
cites,Interactive_Content_–_H5P,0.11112557958346184,0.15398907553953167,0.0,False,ObjectProperty,GameElementResource,0.08890046366676947,0.0,0.0,-1,rejected,0.0
hasPedagogicalExperience,Interactive_Content_–_H5P,0.11112557958346184,0.15398907553953167,0.0,False,ObjectProperty,GameElementResource,0.08890046366676947,0.0,0.0,-1,rejected,0.0
hasPedagogicalExperience,Game,0.11112557958346184,0.15398907553953167,0.0,False,ObjectProperty,GameElementResource,0.08890046366676947,0.0,0.0,-1,rejected,0.0
hasPedagogicalExperience,Block_Game,0.11112557958346184,0.15398907553953167,0.0,False,ObjectProperty,GameElementResource,0.08890046366676947,0.0,0.0,-1,rejected,0.0
issuer,Block_Game,0.11112556766253287,0.15398904945272796,0.0,False,ObjectProperty,GameElementResource,0.0889004541300263,0.0,0.0,-1,rejected,0.0
editor,Block_Game,0.11112556766253287,0.15398904945272796,0.0,False,ObjectProperty,GameElementResource,0.0889004541300263,0.0,0.0,-1,rejected,0.0
distributor,Block_Game,0.11112556766253287,0.15398904945272796,0.0,False,ObjectProperty,GameElementResource,0.0889004541300263,0.0,0.0,-1,rejected,0.0
distributor,Quizventure,0.11112556766253287,0.15398904945272796,0.0,False,ObjectProperty,GameElementResource,0.0889004541300263,0.0,0.0,-1,rejected,0.0
distributor,Game,0.11112556766253287,0.15398904945272796,0.0,False,ObjectProperty,GameElementResource,0.0889004541300263,0.0,0.0,-1,rejected,0.0
distributor,Interactive_Content_–_H5P,0.11112556766253287,0.15398904945272796,0.0,False,ObjectProperty,GameElementResource,0.0889004541300263,0.0,0.0,-1,rejected,0.0
wasAssociatedWith,Quizventure,0.11112556766253287,0.15398904945272796,0.0,False,ObjectProperty,GameElementResource,0.0889004541300263,0.0,0.0,-1,rejected,0.0
wasAssociatedWith,Block_Game,0.11112556766253287,0.15398904945272796,0.0,False,ObjectProperty,GameElementResource,0.0889004541300263,0.0,0.0,-1,rejected,0.0
translator,Quizventure,0.11112556766253287,0.15398904945272796,0.0,False,ObjectProperty,GameElementResource,0.0889004541300263,0.0,0.0,-1,rejected,0.0
editor,Quizventure,0.11112556766253287,0.15398904945272796,0.0,False,ObjectProperty,GameElementResource,0.0889004541300263,0.0,0.0,-1,rejected,0.0
editor,Interactive_Content_–_H5P,0.11112556766253287,0.15398904945272796,0.0,False,ObjectProperty,GameElementResource,0.0889004541300263,0.0,0.0,-1,rejected,0.0
editor,Game,0.11112556766253287,0.15398904945272796,0.0,False,ObjectProperty,GameElementResource,0.0889004541300263,0.0,0.0,-1,rejected,0.0
translator,Interactive_Content_–_H5P,0.11112556766253287,0.15398904945272796,0.0,False,ObjectProperty,GameElementResource,0.0889004541300263,0.0,0.0,-1,rejected,0.0
issuer,Quizventure,0.11112556766253287,0.15398904945272796,0.0,False,ObjectProperty,GameElementResource,0.0889004541300263,0.0,0.0,-1,rejected,0.0
issuer,Game,0.11112556766253287,0.15398904945272796,0.0,False,ObjectProperty,GameElementResource,0.0889004541300263,0.0,0.0,-1,rejected,0.0
issuer,Interactive_Content_–_H5P,0.11112556766253287,0.15398904945272796,0.0,False,ObjectProperty,GameElementResource,0.0889004541300263,0.0,0.0,-1,rejected,0.0
translator,Block_Game,0.11112556766253287,0.15398904945272796,0.0,False,ObjectProperty,GameElementResource,0.0889004541300263,0.0,0.0,-1,rejected,0.0
translator,Game,0.11112556766253287,0.15398904945272796,0.0,False,ObjectProperty,GameElementResource,0.0889004541300263,0.0,0.0,-1,rejected,0.0
wasAssociatedWith,Game,0.11112556766253287,0.15398904945272796,0.0,False,ObjectProperty,GameElementResource,0.0889004541300263,0.0,0.0,-1,rejected,0.0
wasAssociatedWith,Interactive_Content_–_H5P,0.11112556766253287,0.15398904945272796,0.0,False,ObjectProperty,GameElementResource,0.0889004541300263,0.0,0.0,-1,rejected,0.0
hasEducationalTopic,Interactive_Content_–_H5P,0.11095378091540178,0.15408615945019583,0.0,False,FunctionalProperty,GameElementResource,0.08876302473232144,0.0,0.0,-1,rejected,0.0
hasEducationalTopic,Block_Game,0.11095378091540178,0.15408615945019583,0.0,False,FunctionalProperty,GameElementResource,0.08876302473232144,0.0,0.0,-1,rejected,0.0
hasEducationalTopic,Game,0.11095378091540178,0.15408615945019583,0.0,False,FunctionalProperty,GameElementResource,0.08876302473232144,0.0,0.0,-1,rejected,0.0
hasEducationalTopic,Quizventure,0.11095378091540178,0.15408615945019583,0.0,False,FunctionalProperty,GameElementResource,0.08876302473232144,0.0,0.0,-1,rejected,0.0
Novice,Game,0.1108235776157384,0.15308336466627165,0.0,False,NamedIndividual,GameElementResource,0.08865886209259072,0.0,0.0,-1,rejected,0.0
Novice,Interactive_Content_–_H5P,0.1108235776157384,0.15308336466627165,0.0,False,NamedIndividual,GameElementResource,0.08865886209259072,0.0,0.0,-1,rejected,0.0
Novice,Block_Game,0.1108235776157384,0.15308336466627165,0.0,False,NamedIndividual,GameElementResource,0.08865886209259072,0.0,0.0,-1,rejected,0.0
Novice,Quizventure,0.1108235776157384,0.15308336466627165,0.0,False,NamedIndividual,GameElementResource,0.08865886209259072,0.0,0.0,-1,rejected,0.0
Performance,Quizventure,0.1108235776157384,0.15308336466627165,0.0,False,NamedIndividual,GameElementResource,0.08865886209259072,0.0,0.0,-1,rejected,0.0
Performance,Interactive_Content_–_H5P,0.1108235776157384,0.15308336466627165,0.0,False,NamedIndividual,GameElementResource,0.08865886209259072,0.0,0.0,-1,rejected,0.0
Performance,Game,0.1108235776157384,0.15308336466627165,0.0,False,NamedIndividual,GameElementResource,0.08865886209259072,0.0,0.0,-1,rejected,0.0
Performance,Block_Game,0.1108235776157384,0.15308336466627165,0.0,False,NamedIndividual,GameElementResource,0.08865886209259072,0.0,0.0,-1,rejected,0.0
additional-name,Block_Game,0.11047592955037408,0.15390212662468605,0.0,False,unknown,GameElementResource,0.08838074364029927,0.0,0.0,-1,rejected,0.0
additional-name,Quizventure,0.11047592955037408,0.15390212662468605,0.0,False,unknown,GameElementResource,0.08838074364029927,0.0,0.0,-1,rejected,0.0
additional-name,Interactive_Content_–_H5P,0.11047592955037408,0.15390212662468605,0.0,False,unknown,GameElementResource,0.08838074364029927,0.0,0.0,-1,rejected,0.0
additional-name,Game,0.11047592955037408,0.15390212662468605,0.0,False,unknown,GameElementResource,0.08838074364029927,0.0,0.0,-1,rejected,0.0
family-name,Quizventure,0.11044486450708597,0.15391060782027358,0.0,False,unknown,GameElementResource,0.08835589160566878,0.0,0.0,-1,rejected,0.0
family-name,Interactive_Content_–_H5P,0.11044486450708597,0.15391060782027358,0.0,False,unknown,GameElementResource,0.08835589160566878,0.0,0.0,-1,rejected,0.0
family-name,Game,0.11044486450708597,0.15391060782027358,0.0,False,unknown,GameElementResource,0.08835589160566878,0.0,0.0,-1,rejected,0.0
family-name,Block_Game,0.11044486450708597,0.15391060782027358,0.0,False,unknown,GameElementResource,0.08835589160566878,0.0,0.0,-1,rejected,0.0
given-name,Block_Game,0.11043166499763976,0.153914216708904,0.0,False,unknown,GameElementResource,0.08834533199811181,0.0,0.0,-1,rejected,0.0
given-name,Interactive_Content_–_H5P,0.11043166499763976,0.153914216708904,0.0,False,unknown,GameElementResource,0.08834533199811181,0.0,0.0,-1,rejected,0.0
given-name,Game,0.11043166499763976,0.153914216708904,0.0,False,unknown,GameElementResource,0.08834533199811181,0.0,0.0,-1,rejected,0.0
given-name,Quizventure,0.11043166499763976,0.153914216708904,0.0,False,unknown,GameElementResource,0.08834533199811181,0.0,0.0,-1,rejected,0.0
honorific-prefix,Quizventure,0.11042605332423246,0.15391575194695467,0.0,False,unknown,GameElementResource,0.08834084265938597,0.0,0.0,-1,rejected,0.0
honorific-prefix,Block_Game,0.11042605332423246,0.15391575194695467,0.0,False,unknown,GameElementResource,0.08834084265938597,0.0,0.0,-1,rejected,0.0
honorific-prefix,Interactive_Content_–_H5P,0.11042605332423246,0.15391575194695467,0.0,False,unknown,GameElementResource,0.08834084265938597,0.0,0.0,-1,rejected,0.0
honorific-prefix,Game,0.11042605332423246,0.15391575194695467,0.0,False,unknown,GameElementResource,0.08834084265938597,0.0,0.0,-1,rejected,0.0
honorific-suffix,Quizventure,0.1104236668523761,0.1539164050074422,0.0,False,unknown,GameElementResource,0.08833893348190089,0.0,0.0,-1,rejected,0.0
honorific-suffix,Interactive_Content_–_H5P,0.1104236668523761,0.1539164050074422,0.0,False,unknown,GameElementResource,0.08833893348190089,0.0,0.0,-1,rejected,0.0
honorific-suffix,Game,0.1104236668523761,0.1539164050074422,0.0,False,unknown,GameElementResource,0.08833893348190089,0.0,0.0,-1,rejected,0.0
honorific-suffix,Block_Game,0.1104236668523761,0.1539164050074422,0.0,False,unknown,GameElementResource,0.08833893348190089,0.0,0.0,-1,rejected,0.0
EducationalTopic,Game,0.11020796600287168,0.15290756732176553,0.0,False,Class,GameElementResource,0.08816637280229735,0.0,0.0,-1,rejected,0.0
EducationalTopic,Interactive_Content_–_H5P,0.11020796600287168,0.15290756732176553,0.0,False,Class,GameElementResource,0.08816637280229735,0.0,0.0,-1,rejected,0.0
EducationalTopic,Block_Game,0.11020796600287168,0.15290756732176553,0.0,False,Class,GameElementResource,0.08816637280229735,0.0,0.0,-1,rejected,0.0
EducationalTopic,Quizventure,0.11020796600287168,0.15290756732176553,0.0,False,Class,GameElementResource,0.08816637280229735,0.0,0.0,-1,rejected,0.0
LegalDocument,Quizventure,0.11002377100136,0.15231420235611923,0.0,False,Class,GameElementResource,0.08801901680108801,0.0,0.0,-1,rejected,0.0
LegalDocument,Interactive_Content_–_H5P,0.11002377100136,0.15231420235611923,0.0,False,Class,GameElementResource,0.08801901680108801,0.0,0.0,-1,rejected,0.0
LegalDocument,Game,0.11002377100136,0.15231420235611923,0.0,False,Class,GameElementResource,0.08801901680108801,0.0,0.0,-1,rejected,0.0
LegalDocument,Block_Game,0.11002377100136,0.15231420235611923,0.0,False,Class,GameElementResource,0.08801901680108801,0.0,0.0,-1,rejected,0.0
RFK_L5_R3,Block_Game,0.1100211718635078,0.15469709574725035,0.0,False,ReferenceKey,GameElementResource,0.08801693749080625,0.0,0.0,-1,rejected,0.0
RFK_L5_R3,Game,0.1100211718635078,0.15469709574725035,0.0,False,ReferenceKey,GameElementResource,0.08801693749080625,0.0,0.0,-1,rejected,0.0
RFK_L5_R3,Quizventure,0.1100211718635078,0.15469709574725035,0.0,False,ReferenceKey,GameElementResource,0.08801693749080625,0.0,0.0,-1,rejected,0.0
RFK_L5_R3,Interactive_Content_–_H5P,0.1100211718635078,0.15469709574725035,0.0,False,ReferenceKey,GameElementResource,0.08801693749080625,0.0,0.0,-1,rejected,0.0
RFK_L7_R2,Game,0.1100211718635078,0.15469709574725035,0.0,False,ReferenceKey,GameElementResource,0.08801693749080625,0.0,0.0,-1,rejected,0.0
RFK_L5_R2,Block_Game,0.1100211718635078,0.15469709574725035,0.0,False,ReferenceKey,GameElementResource,0.08801693749080625,0.0,0.0,-1,rejected,0.0
RFK_L7_R3,Quizventure,0.1100211718635078,0.15469709574725035,0.0,False,ReferenceKey,GameElementResource,0.08801693749080625,0.0,0.0,-1,rejected,0.0
RFK_L7_R2,Interactive_Content_–_H5P,0.1100211718635078,0.15469709574725035,0.0,False,ReferenceKey,GameElementResource,0.08801693749080625,0.0,0.0,-1,rejected,0.0
RFK_L7_R4,Block_Game,0.1100211718635078,0.15469709574725035,0.0,False,ReferenceKey,GameElementResource,0.08801693749080625,0.0,0.0,-1,rejected,0.0
RFK_L7_R4,Game,0.1100211718635078,0.15469709574725035,0.0,False,ReferenceKey,GameElementResource,0.08801693749080625,0.0,0.0,-1,rejected,0.0
RFK_L7_R4,Interactive_Content_–_H5P,0.1100211718635078,0.15469709574725035,0.0,False,ReferenceKey,GameElementResource,0.08801693749080625,0.0,0.0,-1,rejected,0.0
RFK_L7_R2,Quizventure,0.1100211718635078,0.15469709574725035,0.0,False,ReferenceKey,GameElementResource,0.08801693749080625,0.0,0.0,-1,rejected,0.0
RFK_L7_R4,Quizventure,0.1100211718635078,0.15469709574725035,0.0,False,ReferenceKey,GameElementResource,0.08801693749080625,0.0,0.0,-1,rejected,0.0
RFK_L1_R7,Quizventure,0.1100211718635078,0.15469709574725035,0.0,False,ReferenceKey,GameElementResource,0.08801693749080625,0.0,0.0,-1,rejected,0.0
RFK_L5_R1,Interactive_Content_–_H5P,0.1100211718635078,0.15469709574725035,0.0,False,ReferenceKey,GameElementResource,0.08801693749080625,0.0,0.0,-1,rejected,0.0
RFK_L5_R1,Game,0.1100211718635078,0.15469709574725035,0.0,False,ReferenceKey,GameElementResource,0.08801693749080625,0.0,0.0,-1,rejected,0.0
RFK_L5_R1,Quizventure,0.1100211718635078,0.15469709574725035,0.0,False,ReferenceKey,GameElementResource,0.08801693749080625,0.0,0.0,-1,rejected,0.0
RFK_L5_R4,Interactive_Content_–_H5P,0.1100211718635078,0.15469709574725035,0.0,False,ReferenceKey,GameElementResource,0.08801693749080625,0.0,0.0,-1,rejected,0.0
RFK_L5_R4,Quizventure,0.1100211718635078,0.15469709574725035,0.0,False,ReferenceKey,GameElementResource,0.08801693749080625,0.0,0.0,-1,rejected,0.0
RFK_L7_R3,Block_Game,0.1100211718635078,0.15469709574725035,0.0,False,ReferenceKey,GameElementResource,0.08801693749080625,0.0,0.0,-1,rejected,0.0
RFK_L6_R4,Block_Game,0.1100211718635078,0.15469709574725035,0.0,False,ReferenceKey,GameElementResource,0.08801693749080625,0.0,0.0,-1,rejected,0.0
RFK_L6_R3,Quizventure,0.1100211718635078,0.15469709574725035,0.0,False,ReferenceKey,GameElementResource,0.08801693749080625,0.0,0.0,-1,rejected,0.0
RFK_L6_R3,Interactive_Content_–_H5P,0.1100211718635078,0.15469709574725035,0.0,False,ReferenceKey,GameElementResource,0.08801693749080625,0.0,0.0,-1,rejected,0.0
RFK_L9_R3,Quizventure,0.1100211718635078,0.15469709574725035,0.0,False,ReferenceKey,GameElementResource,0.08801693749080625,0.0,0.0,-1,rejected,0.0
RFK_L9_R3,Interactive_Content_–_H5P,0.1100211718635078,0.15469709574725035,0.0,False,ReferenceKey,GameElementResource,0.08801693749080625,0.0,0.0,-1,rejected,0.0
RFK_L9_R3,Game,0.1100211718635078,0.15469709574725035,0.0,False,ReferenceKey,GameElementResource,0.08801693749080625,0.0,0.0,-1,rejected,0.0
RFK_L9_R3,Block_Game,0.1100211718635078,0.15469709574725035,0.0,False,ReferenceKey,GameElementResource,0.08801693749080625,0.0,0.0,-1,rejected,0.0
RFK_L8_R4,Quizventure,0.1100211718635078,0.15469709574725035,0.0,False,ReferenceKey,GameElementResource,0.08801693749080625,0.0,0.0,-1,rejected,0.0
RFK_L8_R2,Quizventure,0.1100211718635078,0.15469709574725035,0.0,False,ReferenceKey,GameElementResource,0.08801693749080625,0.0,0.0,-1,rejected,0.0
RFK_L8_R3,Interactive_Content_–_H5P,0.1100211718635078,0.15469709574725035,0.0,False,ReferenceKey,GameElementResource,0.08801693749080625,0.0,0.0,-1,rejected,0.0
RFK_L8_R3,Game,0.1100211718635078,0.15469709574725035,0.0,False,ReferenceKey,GameElementResource,0.08801693749080625,0.0,0.0,-1,rejected,0.0
RFK_L8_R3,Block_Game,0.1100211718635078,0.15469709574725035,0.0,False,ReferenceKey,GameElementResource,0.08801693749080625,0.0,0.0,-1,rejected,0.0
RFK_L1_R7,Interactive_Content_–_H5P,0.1100211718635078,0.15469709574725035,0.0,False,ReferenceKey,GameElementResource,0.08801693749080625,0.0,0.0,-1,rejected,0.0
RFK_L8_R2,Interactive_Content_–_H5P,0.1100211718635078,0.15469709574725035,0.0,False,ReferenceKey,GameElementResource,0.08801693749080625,0.0,0.0,-1,rejected,0.0
RFK_L1_R7,Game,0.1100211718635078,0.15469709574725035,0.0,False,ReferenceKey,GameElementResource,0.08801693749080625,0.0,0.0,-1,rejected,0.0
RFK_L1_R7,Block_Game,0.1100211718635078,0.15469709574725035,0.0,False,ReferenceKey,GameElementResource,0.08801693749080625,0.0,0.0,-1,rejected,0.0
RFK_L5_R4,Block_Game,0.1100211718635078,0.15469709574725035,0.0,False,ReferenceKey,GameElementResource,0.08801693749080625,0.0,0.0,-1,rejected,0.0
RFK_L9_R1,Block_Game,0.1100211718635078,0.15469709574725035,0.0,False,ReferenceKey,GameElementResource,0.08801693749080625,0.0,0.0,-1,rejected,0.0
RFK_L6_R3,Block_Game,0.1100211718635078,0.15469709574725035,0.0,False,ReferenceKey,GameElementResource,0.08801693749080625,0.0,0.0,-1,rejected,0.0
RFK_L8_R4,Interactive_Content_–_H5P,0.1100211718635078,0.15469709574725035,0.0,False,ReferenceKey,GameElementResource,0.08801693749080625,0.0,0.0,-1,rejected,0.0
RFK_L8_R4,Game,0.1100211718635078,0.15469709574725035,0.0,False,ReferenceKey,GameElementResource,0.08801693749080625,0.0,0.0,-1,rejected,0.0
RFK_L8_R4,Block_Game,0.1100211718635078,0.15469709574725035,0.0,False,ReferenceKey,GameElementResource,0.08801693749080625,0.0,0.0,-1,rejected,0.0
RFK_L9_R1,Quizventure,0.1100211718635078,0.15469709574725035,0.0,False,ReferenceKey,GameElementResource,0.08801693749080625,0.0,0.0,-1,rejected,0.0
RFK_L5_R4,Game,0.1100211718635078,0.15469709574725035,0.0,False,ReferenceKey,GameElementResource,0.08801693749080625,0.0,0.0,-1,rejected,0.0
RFK_L9_R2,Block_Game,0.1100211718635078,0.15469709574725035,0.0,False,ReferenceKey,GameElementResource,0.08801693749080625,0.0,0.0,-1,rejected,0.0
RFK_L9_R2,Quizventure,0.1100211718635078,0.15469709574725035,0.0,False,ReferenceKey,GameElementResource,0.08801693749080625,0.0,0.0,-1,rejected,0.0
RFK_L9_R2,Interactive_Content_–_H5P,0.1100211718635078,0.15469709574725035,0.0,False,ReferenceKey,GameElementResource,0.08801693749080625,0.0,0.0,-1,rejected,0.0
RFK_L9_R2,Game,0.1100211718635078,0.15469709574725035,0.0,False,ReferenceKey,GameElementResource,0.08801693749080625,0.0,0.0,-1,rejected,0.0
RFK_L6_R3,Game,0.1100211718635078,0.15469709574725035,0.0,False,ReferenceKey,GameElementResource,0.08801693749080625,0.0,0.0,-1,rejected,0.0
RFK_L9_R1,Interactive_Content_–_H5P,0.1100211718635078,0.15469709574725035,0.0,False,ReferenceKey,GameElementResource,0.08801693749080625,0.0,0.0,-1,rejected,0.0
RFK_L9_R1,Game,0.1100211718635078,0.15469709574725035,0.0,False,ReferenceKey,GameElementResource,0.08801693749080625,0.0,0.0,-1,rejected,0.0
RFK_L6_R4,Interactive_Content_–_H5P,0.1100211718635078,0.15469709574725035,0.0,False,ReferenceKey,GameElementResource,0.08801693749080625,0.0,0.0,-1,rejected,0.0
RFK_L6_R2,Quizventure,0.1100211718635078,0.15469709574725035,0.0,False,ReferenceKey,GameElementResource,0.08801693749080625,0.0,0.0,-1,rejected,0.0
RFK_L8_R2,Game,0.1100211718635078,0.15469709574725035,0.0,False,ReferenceKey,GameElementResource,0.08801693749080625,0.0,0.0,-1,rejected,0.0
RFK_L8_R2,Block_Game,0.1100211718635078,0.15469709574725035,0.0,False,ReferenceKey,GameElementResource,0.08801693749080625,0.0,0.0,-1,rejected,0.0
RFK_L8_R1,Quizventure,0.1100211718635078,0.15469709574725035,0.0,False,ReferenceKey,GameElementResource,0.08801693749080625,0.0,0.0,-1,rejected,0.0
RFK_L8_R1,Interactive_Content_–_H5P,0.1100211718635078,0.15469709574725035,0.0,False,ReferenceKey,GameElementResource,0.08801693749080625,0.0,0.0,-1,rejected,0.0
RFK_L8_R1,Game,0.1100211718635078,0.15469709574725035,0.0,False,ReferenceKey,GameElementResource,0.08801693749080625,0.0,0.0,-1,rejected,0.0
RFK_L8_R1,Block_Game,0.1100211718635078,0.15469709574725035,0.0,False,ReferenceKey,GameElementResource,0.08801693749080625,0.0,0.0,-1,rejected,0.0
RFK_L8_R3,Quizventure,0.1100211718635078,0.15469709574725035,0.0,False,ReferenceKey,GameElementResource,0.08801693749080625,0.0,0.0,-1,rejected,0.0
RFK_L6_R2,Block_Game,0.1100211718635078,0.15469709574725035,0.0,False,ReferenceKey,GameElementResource,0.08801693749080625,0.0,0.0,-1,rejected,0.0
RFK_L6_R1,Quizventure,0.1100211718635078,0.15469709574725035,0.0,False,ReferenceKey,GameElementResource,0.08801693749080625,0.0,0.0,-1,rejected,0.0
RFK_L6_R2,Game,0.1100211718635078,0.15469709574725035,0.0,False,ReferenceKey,GameElementResource,0.08801693749080625,0.0,0.0,-1,rejected,0.0
RFK_L6_R4,Quizventure,0.1100211718635078,0.15469709574725035,0.0,False,ReferenceKey,GameElementResource,0.08801693749080625,0.0,0.0,-1,rejected,0.0
RFK_L7_R1,Interactive_Content_–_H5P,0.1100211718635078,0.15469709574725035,0.0,False,ReferenceKey,GameElementResource,0.08801693749080625,0.0,0.0,-1,rejected,0.0
RFK_L7_R1,Game,0.1100211718635078,0.15469709574725035,0.0,False,ReferenceKey,GameElementResource,0.08801693749080625,0.0,0.0,-1,rejected,0.0
RFK_L7_R1,Block_Game,0.1100211718635078,0.15469709574725035,0.0,False,ReferenceKey,GameElementResource,0.08801693749080625,0.0,0.0,-1,rejected,0.0
RFK_L7_R1,Quizventure,0.1100211718635078,0.15469709574725035,0.0,False,ReferenceKey,GameElementResource,0.08801693749080625,0.0,0.0,-1,rejected,0.0
RFK_L6_R4,Game,0.1100211718635078,0.15469709574725035,0.0,False,ReferenceKey,GameElementResource,0.08801693749080625,0.0,0.0,-1,rejected,0.0
RFK_L6_R1,Block_Game,0.1100211718635078,0.15469709574725035,0.0,False,ReferenceKey,GameElementResource,0.08801693749080625,0.0,0.0,-1,rejected,0.0
RFK_L5_R5,Quizventure,0.1100211718635078,0.15469709574725035,0.0,False,ReferenceKey,GameElementResource,0.08801693749080625,0.0,0.0,-1,rejected,0.0
RFK_L5_R5,Interactive_Content_–_H5P,0.1100211718635078,0.15469709574725035,0.0,False,ReferenceKey,GameElementResource,0.08801693749080625,0.0,0.0,-1,rejected,0.0
RFK_L5_R5,Block_Game,0.1100211718635078,0.15469709574725035,0.0,False,ReferenceKey,GameElementResource,0.08801693749080625,0.0,0.0,-1,rejected,0.0
RFK_L5_R5,Game,0.1100211718635078,0.15469709574725035,0.0,False,ReferenceKey,GameElementResource,0.08801693749080625,0.0,0.0,-1,rejected,0.0
RFK_L6_R1,Interactive_Content_–_H5P,0.1100211718635078,0.15469709574725035,0.0,False,ReferenceKey,GameElementResource,0.08801693749080625,0.0,0.0,-1,rejected,0.0
RFK_L6_R1,Game,0.1100211718635078,0.15469709574725035,0.0,False,ReferenceKey,GameElementResource,0.08801693749080625,0.0,0.0,-1,rejected,0.0
RFK_L6_R2,Interactive_Content_–_H5P,0.1100211718635078,0.15469709574725035,0.0,False,ReferenceKey,GameElementResource,0.08801693749080625,0.0,0.0,-1,rejected,0.0
RFK_L7_R3,Game,0.1100211718635078,0.15469709574725035,0.0,False,ReferenceKey,GameElementResource,0.08801693749080625,0.0,0.0,-1,rejected,0.0
RFK_L7_R3,Interactive_Content_–_H5P,0.1100211718635078,0.15469709574725035,0.0,False,ReferenceKey,GameElementResource,0.08801693749080625,0.0,0.0,-1,rejected,0.0
RFK_L7_R2,Block_Game,0.1100211718635078,0.15469709574725035,0.0,False,ReferenceKey,GameElementResource,0.08801693749080625,0.0,0.0,-1,rejected,0.0
RFK_L5_R2,Interactive_Content_–_H5P,0.1100211718635078,0.15469709574725035,0.0,False,ReferenceKey,GameElementResource,0.08801693749080625,0.0,0.0,-1,rejected,0.0
RFK_L5_R2,Game,0.1100211718635078,0.15469709574725035,0.0,False,ReferenceKey,GameElementResource,0.08801693749080625,0.0,0.0,-1,rejected,0.0
RFK_L5_R2,Quizventure,0.1100211718635078,0.15469709574725035,0.0,False,ReferenceKey,GameElementResource,0.08801693749080625,0.0,0.0,-1,rejected,0.0
RFK_L5_R1,Block_Game,0.1100211718635078,0.15469709574725035,0.0,False,ReferenceKey,GameElementResource,0.08801693749080625,0.0,0.0,-1,rejected,0.0
hasKey,Block_Game,0.10983024280867662,0.1534586208075308,0.0,False,AnnotationProperty,GameElementResource,0.08786419424694131,0.0,0.0,-1,rejected,0.0
hasKey,Game,0.10983024280867662,0.1534586208075308,0.0,False,AnnotationProperty,GameElementResource,0.08786419424694131,0.0,0.0,-1,rejected,0.0
hasKey,Interactive_Content_–_H5P,0.10983024280867662,0.1534586208075308,0.0,False,AnnotationProperty,GameElementResource,0.08786419424694131,0.0,0.0,-1,rejected,0.0
hasKey,Quizventure,0.10983024280867662,0.1534586208075308,0.0,False,AnnotationProperty,GameElementResource,0.08786419424694131,0.0,0.0,-1,rejected,0.0
Explorer,Quizventure,0.10982716746218105,0.1534583972452569,0.0,False,unknown,GameElementResource,0.08786173396974484,0.0,0.0,-1,rejected,0.0
Explorer,Interactive_Content_–_H5P,0.10982716746218105,0.1534583972452569,0.0,False,unknown,GameElementResource,0.08786173396974484,0.0,0.0,-1,rejected,0.0
Explorer,Game,0.10982716746218105,0.1534583972452569,0.0,False,unknown,GameElementResource,0.08786173396974484,0.0,0.0,-1,rejected,0.0
Explorer,Block_Game,0.10982716746218105,0.1534583972452569,0.0,False,unknown,GameElementResource,0.08786173396974484,0.0,0.0,-1,rejected,0.0
oneOf,Interactive_Content_–_H5P,0.1098170633261212,0.15483752085145933,0.0,False,AnnotationProperty,GameElementResource,0.08785365066089697,0.0,0.0,-1,rejected,0.0
oneOf,Quizventure,0.1098170633261212,0.15483752085145933,0.0,False,AnnotationProperty,GameElementResource,0.08785365066089697,0.0,0.0,-1,rejected,0.0
oneOf,Block_Game,0.1098170633261212,0.15483752085145933,0.0,False,AnnotationProperty,GameElementResource,0.08785365066089697,0.0,0.0,-1,rejected,0.0
oneOf,Game,0.1098170633261212,0.15483752085145933,0.0,False,AnnotationProperty,GameElementResource,0.08785365066089697,0.0,0.0,-1,rejected,0.0
num_threads,Block_Game,0.1098170633261212,0.15483752085145933,0.0,False,AnnotationProperty,GameElementResource,0.08785365066089697,0.0,0.0,-1,rejected,0.0
num_threads,Game,0.1098170633261212,0.15483752085145933,0.0,False,AnnotationProperty,GameElementResource,0.08785365066089697,0.0,0.0,-1,rejected,0.0
num_threads,Interactive_Content_–_H5P,0.1098170633261212,0.15483752085145933,0.0,False,AnnotationProperty,GameElementResource,0.08785365066089697,0.0,0.0,-1,rejected,0.0
num_threads,Quizventure,0.1098170633261212,0.15483752085145933,0.0,False,AnnotationProperty,GameElementResource,0.08785365066089697,0.0,0.0,-1,rejected,0.0
annotates,Quizventure,0.1098170633261212,0.15483752085145933,0.0,False,AnnotationProperty,GameElementResource,0.08785365066089697,0.0,0.0,-1,rejected,0.0
annotates,Interactive_Content_–_H5P,0.1098170633261212,0.15483752085145933,0.0,False,AnnotationProperty,GameElementResource,0.08785365066089697,0.0,0.0,-1,rejected,0.0
annotates,Game,0.1098170633261212,0.15483752085145933,0.0,False,AnnotationProperty,GameElementResource,0.08785365066089697,0.0,0.0,-1,rejected,0.0
annotates,Block_Game,0.1098170633261212,0.15483752085145933,0.0,False,AnnotationProperty,GameElementResource,0.08785365066089697,0.0,0.0,-1,rejected,0.0
avatar,Quizventure,0.1098170633261212,0.15483752085145933,0.0,False,AnnotationProperty,GameElementResource,0.08785365066089697,0.0,0.0,-1,rejected,0.0
avatar,Interactive_Content_–_H5P,0.1098170633261212,0.15483752085145933,0.0,False,AnnotationProperty,GameElementResource,0.08785365066089697,0.0,0.0,-1,rejected,0.0
hasValue,Interactive_Content_–_H5P,0.1098170633261212,0.15483752085145933,0.0,False,AnnotationProperty,GameElementResource,0.08785365066089697,0.0,0.0,-1,rejected,0.0
hasSelf,Quizventure,0.1098170633261212,0.15483752085145933,0.0,False,AnnotationProperty,GameElementResource,0.08785365066089697,0.0,0.0,-1,rejected,0.0
presentedAt,Quizventure,0.1098170633261212,0.15483752085145933,0.0,False,AnnotationProperty,GameElementResource,0.08785365066089697,0.0,0.0,-1,rejected,0.0
presentedAt,Interactive_Content_–_H5P,0.1098170633261212,0.15483752085145933,0.0,False,AnnotationProperty,GameElementResource,0.08785365066089697,0.0,0.0,-1,rejected,0.0
presentedAt,Game,0.1098170633261212,0.15483752085145933,0.0,False,AnnotationProperty,GameElementResource,0.08785365066089697,0.0,0.0,-1,rejected,0.0
presentedAt,Block_Game,0.1098170633261212,0.15483752085145933,0.0,False,AnnotationProperty,GameElementResource,0.08785365066089697,0.0,0.0,-1,rejected,0.0
avatar,Block_Game,0.1098170633261212,0.15483752085145933,0.0,False,AnnotationProperty,GameElementResource,0.08785365066089697,0.0,0.0,-1,rejected,0.0
schoolHomepage,Quizventure,0.1098170633261212,0.15483752085145933,0.0,False,AnnotationProperty,GameElementResource,0.08785365066089697,0.0,0.0,-1,rejected,0.0
schoolHomepage,Interactive_Content_–_H5P,0.1098170633261212,0.15483752085145933,0.0,False,AnnotationProperty,GameElementResource,0.08785365066089697,0.0,0.0,-1,rejected,0.0
schoolHomepage,Game,0.1098170633261212,0.15483752085145933,0.0,False,AnnotationProperty,GameElementResource,0.08785365066089697,0.0,0.0,-1,rejected,0.0
schoolHomepage,Block_Game,0.1098170633261212,0.15483752085145933,0.0,False,AnnotationProperty,GameElementResource,0.08785365066089697,0.0,0.0,-1,rejected,0.0
cardinality,Quizventure,0.1098170633261212,0.15483752085145933,0.0,False,AnnotationProperty,GameElementResource,0.08785365066089697,0.0,0.0,-1,rejected,0.0
cardinality,Interactive_Content_–_H5P,0.1098170633261212,0.15483752085145933,0.0,False,AnnotationProperty,GameElementResource,0.08785365066089697,0.0,0.0,-1,rejected,0.0
cardinality,Game,0.1098170633261212,0.15483752085145933,0.0,False,AnnotationProperty,GameElementResource,0.08785365066089697,0.0,0.0,-1,rejected,0.0
cardinality,Block_Game,0.1098170633261212,0.15483752085145933,0.0,False,AnnotationProperty,GameElementResource,0.08785365066089697,0.0,0.0,-1,rejected,0.0
hasValue,Quizventure,0.1098170633261212,0.15483752085145933,0.0,False,AnnotationProperty,GameElementResource,0.08785365066089697,0.0,0.0,-1,rejected,0.0
creator_of,Quizventure,0.1098170633261212,0.15483752085145933,0.0,False,AnnotationProperty,GameElementResource,0.08785365066089697,0.0,0.0,-1,rejected,0.0
creator_of,Interactive_Content_–_H5P,0.1098170633261212,0.15483752085145933,0.0,False,AnnotationProperty,GameElementResource,0.08785365066089697,0.0,0.0,-1,rejected,0.0
hasSelf,Interactive_Content_–_H5P,0.1098170633261212,0.15483752085145933,0.0,False,AnnotationProperty,GameElementResource,0.08785365066089697,0.0,0.0,-1,rejected,0.0
hasSelf,Game,0.1098170633261212,0.15483752085145933,0.0,False,AnnotationProperty,GameElementResource,0.08785365066089697,0.0,0.0,-1,rejected,0.0
hasSelf,Block_Game,0.1098170633261212,0.15483752085145933,0.0,False,AnnotationProperty,GameElementResource,0.08785365066089697,0.0,0.0,-1,rejected,0.0
avatar,Game,0.1098170633261212,0.15483752085145933,0.0,False,AnnotationProperty,GameElementResource,0.08785365066089697,0.0,0.0,-1,rejected,0.0
key,Game,0.1098170633261212,0.15483752085145933,0.0,False,AnnotationProperty,GameElementResource,0.08785365066089697,0.0,0.0,-1,rejected,0.0
key,Interactive_Content_–_H5P,0.1098170633261212,0.15483752085145933,0.0,False,AnnotationProperty,GameElementResource,0.08785365066089697,0.0,0.0,-1,rejected,0.0
creator_of,Block_Game,0.1098170633261212,0.15483752085145933,0.0,False,AnnotationProperty,GameElementResource,0.08785365066089697,0.0,0.0,-1,rejected,0.0
creator_of,Game,0.1098170633261212,0.15483752085145933,0.0,False,AnnotationProperty,GameElementResource,0.08785365066089697,0.0,0.0,-1,rejected,0.0
key,Block_Game,0.1098170633261212,0.15483752085145933,0.0,False,AnnotationProperty,GameElementResource,0.08785365066089697,0.0,0.0,-1,rejected,0.0
key,Quizventure,0.1098170633261212,0.15483752085145933,0.0,False,AnnotationProperty,GameElementResource,0.08785365066089697,0.0,0.0,-1,rejected,0.0
hasValue,Game,0.1098170633261212,0.15483752085145933,0.0,False,AnnotationProperty,GameElementResource,0.08785365066089697,0.0,0.0,-1,rejected,0.0
hasValue,Block_Game,0.1098170633261212,0.15483752085145933,0.0,False,AnnotationProperty,GameElementResource,0.08785365066089697,0.0,0.0,-1,rejected,0.0
shortDescription,Quizventure,0.1098170633261212,0.15483752085145933,0.0,False,AnnotationProperty,GameElementResource,0.08785365066089697,0.0,0.0,-1,rejected,0.0
shortDescription,Interactive_Content_–_H5P,0.1098170633261212,0.15483752085145933,0.0,False,AnnotationProperty,GameElementResource,0.08785365066089697,0.0,0.0,-1,rejected,0.0
shortDescription,Game,0.1098170633261212,0.15483752085145933,0.0,False,AnnotationProperty,GameElementResource,0.08785365066089697,0.0,0.0,-1,rejected,0.0
shortDescription,Block_Game,0.1098170633261212,0.15483752085145933,0.0,False,AnnotationProperty,GameElementResource,0.08785365066089697,0.0,0.0,-1,rejected,0.0
editorList,Game,0.1098170633261212,0.15483752085145933,0.0,False,AnnotationProperty,GameElementResource,0.08785365066089697,0.0,0.0,-1,rejected,0.0
editorList,Block_Game,0.1098170633261212,0.15483752085145933,0.0,False,AnnotationProperty,GameElementResource,0.08785365066089697,0.0,0.0,-1,rejected,0.0
edition,Quizventure,0.1098170633261212,0.15483752085145933,0.0,False,AnnotationProperty,GameElementResource,0.08785365066089697,0.0,0.0,-1,rejected,0.0
edition,Interactive_Content_–_H5P,0.1098170633261212,0.15483752085145933,0.0,False,AnnotationProperty,GameElementResource,0.08785365066089697,0.0,0.0,-1,rejected,0.0
edition,Game,0.1098170633261212,0.15483752085145933,0.0,False,AnnotationProperty,GameElementResource,0.08785365066089697,0.0,0.0,-1,rejected,0.0
edition,Block_Game,0.1098170633261212,0.15483752085145933,0.0,False,AnnotationProperty,GameElementResource,0.08785365066089697,0.0,0.0,-1,rejected,0.0
editorList,Quizventure,0.1098170633261212,0.15483752085145933,0.0,False,AnnotationProperty,GameElementResource,0.08785365066089697,0.0,0.0,-1,rejected,0.0
editorList,Interactive_Content_–_H5P,0.1098170633261212,0.15483752085145933,0.0,False,AnnotationProperty,GameElementResource,0.08785365066089697,0.0,0.0,-1,rejected,0.0
subject,Quizventure,0.1098170633261212,0.15483752085145933,0.0,False,AnnotationProperty,GameElementResource,0.08785365066089697,0.0,0.0,-1,rejected,0.0
subject,Interactive_Content_–_H5P,0.1098170633261212,0.15483752085145933,0.0,False,AnnotationProperty,GameElementResource,0.08785365066089697,0.0,0.0,-1,rejected,0.0
familyName,Quizventure,0.1098170633261212,0.15483752085145933,0.0,False,AnnotationProperty,GameElementResource,0.08785365066089697,0.0,0.0,-1,rejected,0.0
familyName,Interactive_Content_–_H5P,0.1098170633261212,0.15483752085145933,0.0,False,AnnotationProperty,GameElementResource,0.08785365066089697,0.0,0.0,-1,rejected,0.0
familyName,Game,0.1098170633261212,0.15483752085145933,0.0,False,AnnotationProperty,GameElementResource,0.08785365066089697,0.0,0.0,-1,rejected,0.0
familyName,Block_Game,0.1098170633261212,0.15483752085145933,0.0,False,AnnotationProperty,GameElementResource,0.08785365066089697,0.0,0.0,-1,rejected,0.0
usergroup_of,Game,0.1098170633261212,0.15483752085145933,0.0,False,AnnotationProperty,GameElementResource,0.08785365066089697,0.0,0.0,-1,rejected,0.0
usergroup_of,Block_Game,0.1098170633261212,0.15483752085145933,0.0,False,AnnotationProperty,GameElementResource,0.08785365066089697,0.0,0.0,-1,rejected,0.0
subject,Game,0.1098170633261212,0.15483752085145933,0.0,False,AnnotationProperty,GameElementResource,0.08785365066089697,0.0,0.0,-1,rejected,0.0
subject,Block_Game,0.1098170633261212,0.15483752085145933,0.0,False,AnnotationProperty,GameElementResource,0.08785365066089697,0.0,0.0,-1,rejected,0.0
usergroup_of,Quizventure,0.1098170633261212,0.15483752085145933,0.0,False,AnnotationProperty,GameElementResource,0.08785365066089697,0.0,0.0,-1,rejected,0.0
usergroup_of,Interactive_Content_–_H5P,0.1098170633261212,0.15483752085145933,0.0,False,AnnotationProperty,GameElementResource,0.08785365066089697,0.0,0.0,-1,rejected,0.0
workInfoHomepage,Interactive_Content_–_H5P,0.10981705140519224,0.15483749478167225,0.0,False,AnnotationProperty,GameElementResource,0.0878536411241538,0.0,0.0,-1,rejected,0.0
workInfoHomepage,Game,0.10981705140519224,0.15483749478167225,0.0,False,AnnotationProperty,GameElementResource,0.0878536411241538,0.0,0.0,-1,rejected,0.0
workInfoHomepage,Quizventure,0.10981705140519224,0.15483749478167225,0.0,False,AnnotationProperty,GameElementResource,0.0878536411241538,0.0,0.0,-1,rejected,0.0
weblog,Quizventure,0.10981705140519224,0.15483749478167225,0.0,False,AnnotationProperty,GameElementResource,0.0878536411241538,0.0,0.0,-1,rejected,0.0
plan,Block_Game,0.10981705140519224,0.15483749478167225,0.0,False,AnnotationProperty,GameElementResource,0.0878536411241538,0.0,0.0,-1,rejected,0.0
workInfoHomepage,Block_Game,0.10981705140519224,0.15483749478167225,0.0,False,AnnotationProperty,GameElementResource,0.0878536411241538,0.0,0.0,-1,rejected,0.0
weblog,Interactive_Content_–_H5P,0.10981705140519224,0.15483749478167225,0.0,False,AnnotationProperty,GameElementResource,0.0878536411241538,0.0,0.0,-1,rejected,0.0
weblog,Game,0.10981705140519224,0.15483749478167225,0.0,False,AnnotationProperty,GameElementResource,0.0878536411241538,0.0,0.0,-1,rejected,0.0
pastProject,Quizventure,0.10981705140519224,0.15483749478167225,0.0,False,AnnotationProperty,GameElementResource,0.0878536411241538,0.0,0.0,-1,rejected,0.0
openid,Game,0.10981705140519224,0.15483749478167225,0.0,False,AnnotationProperty,GameElementResource,0.0878536411241538,0.0,0.0,-1,rejected,0.0
openid,Interactive_Content_–_H5P,0.10981705140519224,0.15483749478167225,0.0,False,AnnotationProperty,GameElementResource,0.0878536411241538,0.0,0.0,-1,rejected,0.0
openid,Quizventure,0.10981705140519224,0.15483749478167225,0.0,False,AnnotationProperty,GameElementResource,0.0878536411241538,0.0,0.0,-1,rejected,0.0
skypeID,Interactive_Content_–_H5P,0.10981705140519224,0.15483749478167225,0.0,False,AnnotationProperty,GameElementResource,0.0878536411241538,0.0,0.0,-1,rejected,0.0
made,Block_Game,0.10981705140519224,0.15483749478167225,0.0,False,AnnotationProperty,GameElementResource,0.0878536411241538,0.0,0.0,-1,rejected,0.0
made,Interactive_Content_–_H5P,0.10981705140519224,0.15483749478167225,0.0,False,AnnotationProperty,GameElementResource,0.0878536411241538,0.0,0.0,-1,rejected,0.0
openid,Block_Game,0.10981705140519224,0.15483749478167225,0.0,False,AnnotationProperty,GameElementResource,0.0878536411241538,0.0,0.0,-1,rejected,0.0
icqChatID,Interactive_Content_–_H5P,0.10981705140519224,0.15483749478167225,0.0,False,AnnotationProperty,GameElementResource,0.0878536411241538,0.0,0.0,-1,rejected,0.0
icqChatID,Quizventure,0.10981705140519224,0.15483749478167225,0.0,False,AnnotationProperty,GameElementResource,0.0878536411241538,0.0,0.0,-1,rejected,0.0
icqChatID,Block_Game,0.10981705140519224,0.15483749478167225,0.0,False,AnnotationProperty,GameElementResource,0.0878536411241538,0.0,0.0,-1,rejected,0.0
icqChatID,Game,0.10981705140519224,0.15483749478167225,0.0,False,AnnotationProperty,GameElementResource,0.0878536411241538,0.0,0.0,-1,rejected,0.0
msnChatID,Quizventure,0.10981705140519224,0.15483749478167225,0.0,False,AnnotationProperty,GameElementResource,0.0878536411241538,0.0,0.0,-1,rejected,0.0
made,Quizventure,0.10981705140519224,0.15483749478167225,0.0,False,AnnotationProperty,GameElementResource,0.0878536411241538,0.0,0.0,-1,rejected,0.0
msnChatID,Block_Game,0.10981705140519224,0.15483749478167225,0.0,False,AnnotationProperty,GameElementResource,0.0878536411241538,0.0,0.0,-1,rejected,0.0
made,Game,0.10981705140519224,0.15483749478167225,0.0,False,AnnotationProperty,GameElementResource,0.0878536411241538,0.0,0.0,-1,rejected,0.0
skypeID,Quizventure,0.10981705140519224,0.15483749478167225,0.0,False,AnnotationProperty,GameElementResource,0.0878536411241538,0.0,0.0,-1,rejected,0.0
msnChatID,Interactive_Content_–_H5P,0.10981705140519224,0.15483749478167225,0.0,False,AnnotationProperty,GameElementResource,0.0878536411241538,0.0,0.0,-1,rejected,0.0
msnChatID,Game,0.10981705140519224,0.15483749478167225,0.0,False,AnnotationProperty,GameElementResource,0.0878536411241538,0.0,0.0,-1,rejected,0.0
court,Game,0.10981705140519224,0.15483749478167225,0.0,False,AnnotationProperty,GameElementResource,0.0878536411241538,0.0,0.0,-1,rejected,0.0
family_name,Block_Game,0.10981705140519224,0.15483749478167225,0.0,False,AnnotationProperty,GameElementResource,0.0878536411241538,0.0,0.0,-1,rejected,0.0
family_name,Game,0.10981705140519224,0.15483749478167225,0.0,False,AnnotationProperty,GameElementResource,0.0878536411241538,0.0,0.0,-1,rejected,0.0
lastName,Quizventure,0.10981705140519224,0.15483749478167225,0.0,False,AnnotationProperty,GameElementResource,0.0878536411241538,0.0,0.0,-1,rejected,0.0
publications,Quizventure,0.10981705140519224,0.15483749478167225,0.0,False,AnnotationProperty,GameElementResource,0.0878536411241538,0.0,0.0,-1,rejected,0.0
firstName,Block_Game,0.10981705140519224,0.15483749478167225,0.0,False,AnnotationProperty,GameElementResource,0.0878536411241538,0.0,0.0,-1,rejected,0.0
firstName,Game,0.10981705140519224,0.15483749478167225,0.0,False,AnnotationProperty,GameElementResource,0.0878536411241538,0.0,0.0,-1,rejected,0.0
firstName,Interactive_Content_–_H5P,0.10981705140519224,0.15483749478167225,0.0,False,AnnotationProperty,GameElementResource,0.0878536411241538,0.0,0.0,-1,rejected,0.0
firstName,Quizventure,0.10981705140519224,0.15483749478167225,0.0,False,AnnotationProperty,GameElementResource,0.0878536411241538,0.0,0.0,-1,rejected,0.0
lastName,Interactive_Content_–_H5P,0.10981705140519224,0.15483749478167225,0.0,False,AnnotationProperty,GameElementResource,0.0878536411241538,0.0,0.0,-1,rejected,0.0
publications,Block_Game,0.10981705140519224,0.15483749478167225,0.0,False,AnnotationProperty,GameElementResource,0.0878536411241538,0.0,0.0,-1,rejected,0.0
publications,Interactive_Content_–_H5P,0.10981705140519224,0.15483749478167225,0.0,False,AnnotationProperty,GameElementResource,0.0878536411241538,0.0,0.0,-1,rejected,0.0
publications,Game,0.10981705140519224,0.15483749478167225,0.0,False,AnnotationProperty,GameElementResource,0.0878536411241538,0.0,0.0,-1,rejected,0.0
pastProject,Game,0.10981705140519224,0.15483749478167225,0.0,False,AnnotationProperty,GameElementResource,0.0878536411241538,0.0,0.0,-1,rejected,0.0
pastProject,Interactive_Content_–_H5P,0.10981705140519224,0.15483749478167225,0.0,False,AnnotationProperty,GameElementResource,0.0878536411241538,0.0,0.0,-1,rejected,0.0
skypeID,Block_Game,0.10981705140519224,0.15483749478167225,0.0,False,AnnotationProperty,GameElementResource,0.0878536411241538,0.0,0.0,-1,rejected,0.0
skypeID,Game,0.10981705140519224,0.15483749478167225,0.0,False,AnnotationProperty,GameElementResource,0.0878536411241538,0.0,0.0,-1,rejected,0.0
plan,Quizventure,0.10981705140519224,0.15483749478167225,0.0,False,AnnotationProperty,GameElementResource,0.0878536411241538,0.0,0.0,-1,rejected,0.0
court,Block_Game,0.10981705140519224,0.15483749478167225,0.0,False,AnnotationProperty,GameElementResource,0.0878536411241538,0.0,0.0,-1,rejected,0.0
weblog,Block_Game,0.10981705140519224,0.15483749478167225,0.0,False,AnnotationProperty,GameElementResource,0.0878536411241538,0.0,0.0,-1,rejected,0.0
pastProject,Block_Game,0.10981705140519224,0.15483749478167225,0.0,False,AnnotationProperty,GameElementResource,0.0878536411241538,0.0,0.0,-1,rejected,0.0
plan,Game,0.10981705140519224,0.15483749478167225,0.0,False,AnnotationProperty,GameElementResource,0.0878536411241538,0.0,0.0,-1,rejected,0.0
plan,Interactive_Content_–_H5P,0.10981705140519224,0.15483749478167225,0.0,False,AnnotationProperty,GameElementResource,0.0878536411241538,0.0,0.0,-1,rejected,0.0
geekcode,Block_Game,0.10981705140519224,0.15483749478167225,0.0,False,AnnotationProperty,GameElementResource,0.0878536411241538,0.0,0.0,-1,rejected,0.0
court,Interactive_Content_–_H5P,0.10981705140519224,0.15483749478167225,0.0,False,AnnotationProperty,GameElementResource,0.0878536411241538,0.0,0.0,-1,rejected,0.0
family_name,Interactive_Content_–_H5P,0.10981705140519224,0.15483749478167225,0.0,False,AnnotationProperty,GameElementResource,0.0878536411241538,0.0,0.0,-1,rejected,0.0
geekcode,Quizventure,0.10981705140519224,0.15483749478167225,0.0,False,AnnotationProperty,GameElementResource,0.0878536411241538,0.0,0.0,-1,rejected,0.0
geekcode,Interactive_Content_–_H5P,0.10981705140519224,0.15483749478167225,0.0,False,AnnotationProperty,GameElementResource,0.0878536411241538,0.0,0.0,-1,rejected,0.0
geekcode,Game,0.10981705140519224,0.15483749478167225,0.0,False,AnnotationProperty,GameElementResource,0.0878536411241538,0.0,0.0,-1,rejected,0.0
court,Quizventure,0.10981705140519224,0.15483749478167225,0.0,False,AnnotationProperty,GameElementResource,0.0878536411241538,0.0,0.0,-1,rejected,0.0
family_name,Quizventure,0.10981705140519224,0.15483749478167225,0.0,False,AnnotationProperty,GameElementResource,0.0878536411241538,0.0,0.0,-1,rejected,0.0
lastName,Block_Game,0.10981705140519224,0.15483749478167225,0.0,False,AnnotationProperty,GameElementResource,0.0878536411241538,0.0,0.0,-1,rejected,0.0
lastName,Game,0.10981705140519224,0.15483749478167225,0.0,False,AnnotationProperty,GameElementResource,0.0878536411241538,0.0,0.0,-1,rejected,0.0
has_URL,Game,0.10980619234855256,0.15883529617509362,0.0,False,DatatypeProperty,GameElementResource,0.08784495387884206,0.0,0.0,-1,rejected,0.0
has_URL,Interactive_Content_–_H5P,0.10980619234855256,0.15883529617509362,0.0,False,DatatypeProperty,GameElementResource,0.08784495387884206,0.0,0.0,-1,rejected,0.0
has_URL,Block_Game,0.10980619234855256,0.15883529617509362,0.0,False,DatatypeProperty,GameElementResource,0.08784495387884206,0.0,0.0,-1,rejected,0.0
has_URL,Quizventure,0.10980619234855256,0.15883529617509362,0.0,False,DatatypeProperty,GameElementResource,0.08784495387884206,0.0,0.0,-1,rejected,0.0
hasPerceptionPole,Block_Game,0.10977876948275263,0.15885641292177252,0.0,False,ObjectProperty,GameElementResource,0.0878230155862021,0.0,0.0,-1,rejected,0.0
hasInputPole,Game,0.10977876948275263,0.15885641292177252,0.0,False,ObjectProperty,GameElementResource,0.0878230155862021,0.0,0.0,-1,rejected,0.0
hasInputPole,Block_Game,0.10977876948275263,0.15885641292177252,0.0,False,ObjectProperty,GameElementResource,0.0878230155862021,0.0,0.0,-1,rejected,0.0
hasInputPole,Interactive_Content_–_H5P,0.10977876948275263,0.15885641292177252,0.0,False,ObjectProperty,GameElementResource,0.0878230155862021,0.0,0.0,-1,rejected,0.0
hasUnderstandingPole,Game,0.10977876948275263,0.15885641292177252,0.0,False,ObjectProperty,GameElementResource,0.0878230155862021,0.0,0.0,-1,rejected,0.0
hasInputPole,Quizventure,0.10977876948275263,0.15885641292177252,0.0,False,ObjectProperty,GameElementResource,0.0878230155862021,0.0,0.0,-1,rejected,0.0
hasPerceptionPole,Interactive_Content_–_H5P,0.10977876948275263,0.15885641292177252,0.0,False,ObjectProperty,GameElementResource,0.0878230155862021,0.0,0.0,-1,rejected,0.0
hasPerceptionPole,Game,0.10977876948275263,0.15885641292177252,0.0,False,ObjectProperty,GameElementResource,0.0878230155862021,0.0,0.0,-1,rejected,0.0
hasPerceptionPole,Quizventure,0.10977876948275263,0.15885641292177252,0.0,False,ObjectProperty,GameElementResource,0.0878230155862021,0.0,0.0,-1,rejected,0.0
hasUnderstandingPole,Block_Game,0.10977876948275263,0.15885641292177252,0.0,False,ObjectProperty,GameElementResource,0.0878230155862021,0.0,0.0,-1,rejected,0.0
hasUnderstandingPole,Interactive_Content_–_H5P,0.10977876948275263,0.15885641292177252,0.0,False,ObjectProperty,GameElementResource,0.0878230155862021,0.0,0.0,-1,rejected,0.0
hasProcessingPole,Block_Game,0.10977876948275263,0.15885641292177252,0.0,False,ObjectProperty,GameElementResource,0.0878230155862021,0.0,0.0,-1,rejected,0.0
hasProcessingPole,Interactive_Content_–_H5P,0.10977876948275263,0.15885641292177252,0.0,False,ObjectProperty,GameElementResource,0.0878230155862021,0.0,0.0,-1,rejected,0.0
hasUnderstandingPole,Quizventure,0.10977876948275263,0.15885641292177252,0.0,False,ObjectProperty,GameElementResource,0.0878230155862021,0.0,0.0,-1,rejected,0.0
hasProcessingPole,Quizventure,0.10977876948275263,0.15885641292177252,0.0,False,ObjectProperty,GameElementResource,0.0878230155862021,0.0,0.0,-1,rejected,0.0
hasProcessingPole,Game,0.10977876948275263,0.15885641292177252,0.0,False,ObjectProperty,GameElementResource,0.0878230155862021,0.0,0.0,-1,rejected,0.0
Kind,Game,0.10976349420678115,0.15410099851394946,0.0,False,unknown,GameElementResource,0.08781079536542492,0.0,0.0,-1,rejected,0.0
Kind,Block_Game,0.10976349420678115,0.15410099851394946,0.0,False,unknown,GameElementResource,0.08781079536542492,0.0,0.0,-1,rejected,0.0
Kind,Interactive_Content_–_H5P,0.10976349420678115,0.15410099851394946,0.0,False,unknown,GameElementResource,0.08781079536542492,0.0,0.0,-1,rejected,0.0
Kind,Quizventure,0.10976349420678115,0.15410099851394946,0.0,False,unknown,GameElementResource,0.08781079536542492,0.0,0.0,-1,rejected,0.0
Image,Interactive_Content_–_H5P,0.10960554334471387,0.1528340187145074,0.0,False,unknown,GameElementResource,0.0876844346757711,0.0,0.0,-1,rejected,0.0
Image,Quizventure,0.10960554334471387,0.1528340187145074,0.0,False,unknown,GameElementResource,0.0876844346757711,0.0,0.0,-1,rejected,0.0
Image,Game,0.10960554334471387,0.1528340187145074,0.0,False,unknown,GameElementResource,0.0876844346757711,0.0,0.0,-1,rejected,0.0
Image,Block_Game,0.10960554334471387,0.1528340187145074,0.0,False,unknown,GameElementResource,0.0876844346757711,0.0,0.0,-1,rejected,0.0
Class,Interactive_Content_–_H5P,0.10946621793886926,0.15418665391576333,0.0,False,unknown,GameElementResource,0.08757297435109541,0.0,0.0,-1,rejected,0.0
Class,Quizventure,0.10946621793886926,0.15418665391576333,0.0,False,unknown,GameElementResource,0.08757297435109541,0.0,0.0,-1,rejected,0.0
Entity,Interactive_Content_–_H5P,0.10946621793886926,0.15418665391576333,0.0,False,unknown,GameElementResource,0.08757297435109541,0.0,0.0,-1,rejected,0.0
Entity,Game,0.10946621793886926,0.15418665391576333,0.0,False,unknown,GameElementResource,0.08757297435109541,0.0,0.0,-1,rejected,0.0
Class,Block_Game,0.10946621793886926,0.15418665391576333,0.0,False,unknown,GameElementResource,0.08757297435109541,0.0,0.0,-1,rejected,0.0
Class,Game,0.10946621793886926,0.15418665391576333,0.0,False,unknown,GameElementResource,0.08757297435109541,0.0,0.0,-1,rejected,0.0
Entity,Block_Game,0.10946621793886926,0.15418665391576333,0.0,False,unknown,GameElementResource,0.08757297435109541,0.0,0.0,-1,rejected,0.0
Entity,Quizventure,0.10946621793886926,0.15418665391576333,0.0,False,unknown,GameElementResource,0.08757297435109541,0.0,0.0,-1,rejected,0.0
Sensor,Motrain,0.10933063395113041,0.15316834162444207,0.0,False,unknown,GameElementResource,0.08746450716090433,0.0,0.0,-1,rejected,0.0
isPropertyOf,Motrain,0.10933063395113041,0.15316834162444207,0.0,False,unknown,GameElementResource,0.08746450716090433,0.0,0.0,-1,rejected,0.0
madeBySensor,Motrain,0.10933063395113041,0.15316834162444207,0.0,False,unknown,GameElementResource,0.08746450716090433,0.0,0.0,-1,rejected,0.0
FeatureOfInterest,Motrain,0.10933063395113041,0.15316834162444207,0.0,False,unknown,GameElementResource,0.08746450716090433,0.0,0.0,-1,rejected,0.0
1.0,Motrain,0.10928055980785793,0.15318935961371224,0.0,False,unknown,GameElementResource,0.08742444784628635,0.0,0.0,-1,rejected,0.0
hasPedagogicalObjective,Block_Game,0.10921075591308352,0.15714718238510736,0.0,False,ObjectProperty,GameElementResource,0.08736860473046681,0.0,0.0,-1,rejected,0.0
hasPedagogicalObjective,Game,0.10921075591308352,0.15714718238510736,0.0,False,ObjectProperty,GameElementResource,0.08736860473046681,0.0,0.0,-1,rejected,0.0
hasPedagogicalObjective,Interactive_Content_–_H5P,0.10921075591308352,0.15714718238510736,0.0,False,ObjectProperty,GameElementResource,0.08736860473046681,0.0,0.0,-1,rejected,0.0
hasPedagogicalObjective,Quizventure,0.10921075591308352,0.15714718238510736,0.0,False,ObjectProperty,GameElementResource,0.08736860473046681,0.0,0.0,-1,rejected,0.0
Sara,Game,0.10918889198423228,0.16120924341032475,0.0,False,Person,GameElementResource,0.08735111358738583,0.0,0.0,-1,rejected,0.0
Sara,Block_Game,0.10918889198423228,0.16120924341032475,0.0,False,Person,GameElementResource,0.08735111358738583,0.0,0.0,-1,rejected,0.0
Sara,Quizventure,0.10918889198423228,0.16120924341032475,0.0,False,Person,GameElementResource,0.08735111358738583,0.0,0.0,-1,rejected,0.0
Sara,Interactive_Content_–_H5P,0.10918889198423228,0.16120924341032475,0.0,False,Person,GameElementResource,0.08735111358738583,0.0,0.0,-1,rejected,0.0
Essential,Game,0.10917152179313908,0.15369499045570523,0.0,False,unknown,GameElementResource,0.08733721743451127,0.0,0.0,-1,rejected,0.0
Essential,Quizventure,0.10917152179313908,0.15369499045570523,0.0,False,unknown,GameElementResource,0.08733721743451127,0.0,0.0,-1,rejected,0.0
Essential,Block_Game,0.10917152179313908,0.15369499045570523,0.0,False,unknown,GameElementResource,0.08733721743451127,0.0,0.0,-1,rejected,0.0
Essential,Interactive_Content_–_H5P,0.10917152179313908,0.15369499045570523,0.0,False,unknown,GameElementResource,0.08733721743451127,0.0,0.0,-1,rejected,0.0
Built-in Data Types,Game,0.10917152179313908,0.15369499045570523,0.0,False,unknown,GameElementResource,0.08733721743451127,0.0,0.0,-1,rejected,0.0
Built-in Data Types,Block_Game,0.10917152179313908,0.15369499045570523,0.0,False,unknown,GameElementResource,0.08733721743451127,0.0,0.0,-1,rejected,0.0
Built-in Data Types,Quizventure,0.10917152179313908,0.15369499045570523,0.0,False,unknown,GameElementResource,0.08733721743451127,0.0,0.0,-1,rejected,0.0
Built-in Data Types,Interactive_Content_–_H5P,0.10917152179313908,0.15369499045570523,0.0,False,unknown,GameElementResource,0.08733721743451127,0.0,0.0,-1,rejected,0.0
Usergroup,Motrain,0.1088502063492095,0.1536434268969203,0.0,False,unknown,GameElementResource,0.08708016507936761,0.0,0.0,-1,rejected,0.0
Address,Motrain,0.10873187786440586,0.15354237567245976,0.0,False,unknown,GameElementResource,0.08698550229152469,0.0,0.0,-1,rejected,0.0
Property,Motrain,0.10873187786440586,0.15354237567245976,0.0,False,unknown,GameElementResource,0.08698550229152469,0.0,0.0,-1,rejected,0.0
_:b56,Motrain,0.10873187786440586,0.15354237567245976,0.0,False,unknown,GameElementResource,0.08698550229152469,0.0,0.0,-1,rejected,0.0
Item,Motrain,0.10873187786440586,0.15354237567245976,0.0,False,unknown,GameElementResource,0.08698550229152469,0.0,0.0,-1,rejected,0.0
Container,Motrain,0.10873187786440586,0.15354237567245976,0.0,False,unknown,GameElementResource,0.08698550229152469,0.0,0.0,-1,rejected,0.0
leçon 9 du cours Programmation Orientée Objet,Interactive_Content_–_H5P,0.1085616291419919,0.15392605250841176,0.0,False,unknown,GameElementResource,0.08684930331359353,0.0,0.0,-1,rejected,0.0
leçon 9 du cours Programmation Orientée Objet,Quizventure,0.1085616291419919,0.15392605250841176,0.0,False,unknown,GameElementResource,0.08684930331359353,0.0,0.0,-1,rejected,0.0
leçon 9 du cours Programmation Orientée Objet,Block_Game,0.1085616291419919,0.15392605250841176,0.0,False,unknown,GameElementResource,0.08684930331359353,0.0,0.0,-1,rejected,0.0
leçon 9 du cours Programmation Orientée Objet,Game,0.1085616291419919,0.15392605250841176,0.0,False,unknown,GameElementResource,0.08684930331359353,0.0,0.0,-1,rejected,0.0
lesson 9 for the course Object Oriented Programming,Game,0.1085616291419919,0.15392605250841176,0.0,False,unknown,GameElementResource,0.08684930331359353,0.0,0.0,-1,rejected,0.0
lesson 9 for the course Object Oriented Programming,Quizventure,0.1085616291419919,0.15392605250841176,0.0,False,unknown,GameElementResource,0.08684930331359353,0.0,0.0,-1,rejected,0.0
lesson 9 for the course Object Oriented Programming,Interactive_Content_–_H5P,0.1085616291419919,0.15392605250841176,0.0,False,unknown,GameElementResource,0.08684930331359353,0.0,0.0,-1,rejected,0.0
lesson 9 for the course Object Oriented Programming,Block_Game,0.1085616291419919,0.15392605250841176,0.0,False,unknown,GameElementResource,0.08684930331359353,0.0,0.0,-1,rejected,0.0
lesson 5 for the course Object Oriented Programming,Interactive_Content_–_H5P,0.1085444877111931,0.1539334500059518,0.0,False,unknown,GameElementResource,0.08683559016895448,0.0,0.0,-1,rejected,0.0
leçon 5 du cours Programmation Orientée Objet,Game,0.1085444877111931,0.1539334500059518,0.0,False,unknown,GameElementResource,0.08683559016895448,0.0,0.0,-1,rejected,0.0
leçon 5 du cours Programmation Orientée Objet,Quizventure,0.1085444877111931,0.1539334500059518,0.0,False,unknown,GameElementResource,0.08683559016895448,0.0,0.0,-1,rejected,0.0
leçon 5 du cours Programmation Orientée Objet,Block_Game,0.1085444877111931,0.1539334500059518,0.0,False,unknown,GameElementResource,0.08683559016895448,0.0,0.0,-1,rejected,0.0
leçon 5 du cours Programmation Orientée Objet,Interactive_Content_–_H5P,0.1085444877111931,0.1539334500059518,0.0,False,unknown,GameElementResource,0.08683559016895448,0.0,0.0,-1,rejected,0.0
lesson 5 for the course Object Oriented Programming,Game,0.1085444877111931,0.1539334500059518,0.0,False,unknown,GameElementResource,0.08683559016895448,0.0,0.0,-1,rejected,0.0
lesson 5 for the course Object Oriented Programming,Quizventure,0.1085444877111931,0.1539334500059518,0.0,False,unknown,GameElementResource,0.08683559016895448,0.0,0.0,-1,rejected,0.0
lesson 5 for the course Object Oriented Programming,Block_Game,0.1085444877111931,0.1539334500059518,0.0,False,unknown,GameElementResource,0.08683559016895448,0.0,0.0,-1,rejected,0.0
leçon 3 du cours Programmation Orientée Objet,Quizventure,0.1085195417233551,0.15394422471443855,0.0,False,unknown,GameElementResource,0.08681563337868409,0.0,0.0,-1,rejected,0.0
lesson 3 for the course Object Oriented Programming,Block_Game,0.1085195417233551,0.15394422471443855,0.0,False,unknown,GameElementResource,0.08681563337868409,0.0,0.0,-1,rejected,0.0
lesson 3 for the course Object Oriented Programming,Quizventure,0.1085195417233551,0.15394422471443855,0.0,False,unknown,GameElementResource,0.08681563337868409,0.0,0.0,-1,rejected,0.0
lesson 3 for the course Object Oriented Programming,Interactive_Content_–_H5P,0.1085195417233551,0.15394422471443855,0.0,False,unknown,GameElementResource,0.08681563337868409,0.0,0.0,-1,rejected,0.0
lesson 3 for the course Object Oriented Programming,Game,0.1085195417233551,0.15394422471443855,0.0,False,unknown,GameElementResource,0.08681563337868409,0.0,0.0,-1,rejected,0.0
leçon 3 du cours Programmation Orientée Objet,Block_Game,0.1085195417233551,0.15394422471443855,0.0,False,unknown,GameElementResource,0.08681563337868409,0.0,0.0,-1,rejected,0.0
leçon 3 du cours Programmation Orientée Objet,Game,0.1085195417233551,0.15394422471443855,0.0,False,unknown,GameElementResource,0.08681563337868409,0.0,0.0,-1,rejected,0.0
leçon 3 du cours Programmation Orientée Objet,Interactive_Content_–_H5P,0.1085195417233551,0.15394422471443855,0.0,False,unknown,GameElementResource,0.08681563337868409,0.0,0.0,-1,rejected,0.0
Lesson 1 of course Object oriented programming,Block_Game,0.10851934136333426,0.15394431129790878,0.0,False,unknown,GameElementResource,0.08681547309066741,0.0,0.0,-1,rejected,0.0
Lesson 1 of course Object oriented programming,Interactive_Content_–_H5P,0.10851934136333426,0.15394431129790878,0.0,False,unknown,GameElementResource,0.08681547309066741,0.0,0.0,-1,rejected,0.0
Lesson 1 of course Object oriented programming,Quizventure,0.10851934136333426,0.15394431129790878,0.0,False,unknown,GameElementResource,0.08681547309066741,0.0,0.0,-1,rejected,0.0
Lesson 1 of course Object oriented programming,Game,0.10851934136333426,0.15394431129790878,0.0,False,unknown,GameElementResource,0.08681547309066741,0.0,0.0,-1,rejected,0.0
leçon 4 du cours Programmation Orientée Objet,Interactive_Content_–_H5P,0.10851099397508816,0.15394791915201395,0.0,False,unknown,GameElementResource,0.08680879518007054,0.0,0.0,-1,rejected,0.0
lesson 4 for the course Object Oriented Programming,Quizventure,0.10851099397508816,0.15394791915201395,0.0,False,unknown,GameElementResource,0.08680879518007054,0.0,0.0,-1,rejected,0.0
lesson 4 for the course Object Oriented Programming,Interactive_Content_–_H5P,0.10851099397508816,0.15394791915201395,0.0,False,unknown,GameElementResource,0.08680879518007054,0.0,0.0,-1,rejected,0.0
leçon 4 du cours Programmation Orientée Objet,Block_Game,0.10851099397508816,0.15394791915201395,0.0,False,unknown,GameElementResource,0.08680879518007054,0.0,0.0,-1,rejected,0.0
lesson 4 for the course Object Oriented Programming,Game,0.10851099397508816,0.15394791915201395,0.0,False,unknown,GameElementResource,0.08680879518007054,0.0,0.0,-1,rejected,0.0
leçon 4 du cours Programmation Orientée Objet,Quizventure,0.10851099397508816,0.15394791915201395,0.0,False,unknown,GameElementResource,0.08680879518007054,0.0,0.0,-1,rejected,0.0
leçon 4 du cours Programmation Orientée Objet,Game,0.10851099397508816,0.15394791915201395,0.0,False,unknown,GameElementResource,0.08680879518007054,0.0,0.0,-1,rejected,0.0
lesson 4 for the course Object Oriented Programming,Block_Game,0.10851099397508816,0.15394791915201395,0.0,False,unknown,GameElementResource,0.08680879518007054,0.0,0.0,-1,rejected,0.0
lesson 2 for the course Object Oriented Programming,Quizventure,0.10850887470668447,0.15394883532068154,0.0,False,unknown,GameElementResource,0.08680709976534758,0.0,0.0,-1,rejected,0.0
lesson 2 for the course Object Oriented Programming,Interactive_Content_–_H5P,0.10850887470668447,0.15394883532068154,0.0,False,unknown,GameElementResource,0.08680709976534758,0.0,0.0,-1,rejected,0.0
lesson 2 for the course Object Oriented Programming,Block_Game,0.10850887470668447,0.15394883532068154,0.0,False,unknown,GameElementResource,0.08680709976534758,0.0,0.0,-1,rejected,0.0
lesson 2 for the course Object Oriented Programming,Game,0.10850887470668447,0.15394883532068154,0.0,False,unknown,GameElementResource,0.08680709976534758,0.0,0.0,-1,rejected,0.0
JavaFunctions,Block_Game,0.10834739544565901,0.15296139574256606,0.0,False,IndexKey,GameElementResource,0.08667791635652722,0.0,0.0,-1,rejected,0.0
JavaFunctions,Interactive_Content_–_H5P,0.10834739544565901,0.15296139574256606,0.0,False,IndexKey,GameElementResource,0.08667791635652722,0.0,0.0,-1,rejected,0.0
JavaFunctions,Game,0.10834739544565901,0.15296139574256606,0.0,False,IndexKey,GameElementResource,0.08667791635652722,0.0,0.0,-1,rejected,0.0
JavaFunctions,Quizventure,0.10834739544565901,0.15296139574256606,0.0,False,IndexKey,GameElementResource,0.08667791635652722,0.0,0.0,-1,rejected,0.0
_:b94,Availability_Block_Game_by_level,0.1080917393524087,0.15541084470272887,0.0,False,IndividualPropertyAtom,Level,0.08647339148192697,0.0,0.0,-1,rejected,0.0
_:b254,Availability_Block_Game_by_level,0.10809173339194422,0.1554108316332138,0.0,False,IndividualPropertyAtom,Level,0.08647338671355538,0.0,0.0,-1,rejected,0.0
"Learners receive points for their actions, visualise their progress, compete with others through a leaderboard, and unlock content based on their individual needs and experiences.",Interactive_Content_–_H5P,0.1078978182937129,0.154194725635552,0.0,False,unknown,GameElementResource,0.08631825463497032,0.0,0.0,-1,rejected,0.0
A companion plugin for block_stash. This allows you to create items and trades from the TinyMCE editor to be inserted into the activities in your course,Interactive_Content_–_H5P,0.1078978182937129,0.154194725635552,0.0,False,unknown,GameElementResource,0.08631825463497032,0.0,0.0,-1,rejected,0.0
tiny_stash,Block_Game,0.1078978182937129,0.154194725635552,0.0,False,unknown,GameElementResource,0.08631825463497032,0.0,0.0,-1,rejected,0.0
tiny_stash,Game,0.1078978182937129,0.154194725635552,0.0,False,unknown,GameElementResource,0.08631825463497032,0.0,0.0,-1,rejected,0.0
"Learners receive points for their actions, visualise their progress, compete with others through a leaderboard, and unlock content based on their individual needs and experiences.",Block_Game,0.1078978182937129,0.154194725635552,0.0,False,unknown,GameElementResource,0.08631825463497032,0.0,0.0,-1,rejected,0.0
A companion plugin for block_stash. This allows you to create items and trades from the TinyMCE editor to be inserted into the activities in your course,Quizventure,0.1078978182937129,0.154194725635552,0.0,False,unknown,GameElementResource,0.08631825463497032,0.0,0.0,-1,rejected,0.0
A companion plugin for block_stash. This allows you to create items and trades from the TinyMCE editor to be inserted into the activities in your course,Block_Game,0.1078978182937129,0.154194725635552,0.0,False,unknown,GameElementResource,0.08631825463497032,0.0,0.0,-1,rejected,0.0
A companion plugin for block_stash. This allows you to create items and trades from the TinyMCE editor to be inserted into the activities in your course,Game,0.1078978182937129,0.154194725635552,0.0,False,unknown,GameElementResource,0.08631825463497032,0.0,0.0,-1,rejected,0.0
tiny_stash,Interactive_Content_–_H5P,0.1078978182937129,0.154194725635552,0.0,False,unknown,GameElementResource,0.08631825463497032,0.0,0.0,-1,rejected,0.0
tiny_stash,Quizventure,0.1078978182937129,0.154194725635552,0.0,False,unknown,GameElementResource,0.08631825463497032,0.0,0.0,-1,rejected,0.0
"Learners receive points for their actions, visualise their progress, compete with others through a leaderboard, and unlock content based on their individual needs and experiences.",Quizventure,0.1078978182937129,0.154194725635552,0.0,False,unknown,GameElementResource,0.08631825463497032,0.0,0.0,-1,rejected,0.0
"Learners receive points for their actions, visualise their progress, compete with others through a leaderboard, and unlock content based on their individual needs and experiences.",Game,0.1078978182937129,0.154194725635552,0.0,False,unknown,GameElementResource,0.08631825463497032,0.0,0.0,-1,rejected,0.0
block_xp,Game,0.1078978182937129,0.154194725635552,0.0,False,unknown,GameElementResource,0.08631825463497032,0.0,0.0,-1,rejected,0.0
Level Up XP,Block_Game,0.1078978182937129,0.154194725635552,0.0,False,unknown,GameElementResource,0.08631825463497032,0.0,0.0,-1,rejected,0.0
block_xp,Interactive_Content_–_H5P,0.1078978182937129,0.154194725635552,0.0,False,unknown,GameElementResource,0.08631825463497032,0.0,0.0,-1,rejected,0.0
block_xp,Quizventure,0.1078978182937129,0.154194725635552,0.0,False,unknown,GameElementResource,0.08631825463497032,0.0,0.0,-1,rejected,0.0
block_xp,Block_Game,0.1078978182937129,0.154194725635552,0.0,False,unknown,GameElementResource,0.08631825463497032,0.0,0.0,-1,rejected,0.0
Tiny Stash,Game,0.1078978182937129,0.154194725635552,0.0,False,unknown,GameElementResource,0.08631825463497032,0.0,0.0,-1,rejected,0.0
Tiny Stash,Block_Game,0.1078978182937129,0.154194725635552,0.0,False,unknown,GameElementResource,0.08631825463497032,0.0,0.0,-1,rejected,0.0
Tiny Stash,Quizventure,0.1078978182937129,0.154194725635552,0.0,False,unknown,GameElementResource,0.08631825463497032,0.0,0.0,-1,rejected,0.0
Tiny Stash,Interactive_Content_–_H5P,0.1078978182937129,0.154194725635552,0.0,False,unknown,GameElementResource,0.08631825463497032,0.0,0.0,-1,rejected,0.0
Level Up XP,Interactive_Content_–_H5P,0.1078978182937129,0.154194725635552,0.0,False,unknown,GameElementResource,0.08631825463497032,0.0,0.0,-1,rejected,0.0
Level Up XP,Game,0.1078978182937129,0.154194725635552,0.0,False,unknown,GameElementResource,0.08631825463497032,0.0,0.0,-1,rejected,0.0
Level Up XP,Quizventure,0.1078978182937129,0.154194725635552,0.0,False,unknown,GameElementResource,0.08631825463497032,0.0,0.0,-1,rejected,0.0
OOPTeachers,Interactive_Content_–_H5P,0.10766237556506666,0.15423729946990497,0.0,False,FreeGroup,GameElementResource,0.08612990045205333,0.0,0.0,-1,rejected,0.0
OOPTeachers,Quizventure,0.10766237556506666,0.15423729946990497,0.0,False,FreeGroup,GameElementResource,0.08612990045205333,0.0,0.0,-1,rejected,0.0
OOPTeachers,Game,0.10766237556506666,0.15423729946990497,0.0,False,FreeGroup,GameElementResource,0.08612990045205333,0.0,0.0,-1,rejected,0.0
OOPTeachers,Block_Game,0.10766237556506666,0.15423729946990497,0.0,False,FreeGroup,GameElementResource,0.08612990045205333,0.0,0.0,-1,rejected,0.0
_:b59,Quizventure,0.10757888082753393,0.1573564414370439,0.0,False,Restriction,GameElementResource,0.08606310466202716,0.0,0.0,-1,rejected,0.0
_:b59,Interactive_Content_–_H5P,0.10757888082753393,0.1573564414370439,0.0,False,Restriction,GameElementResource,0.08606310466202716,0.0,0.0,-1,rejected,0.0
_:b61,Game,0.10757888082753393,0.1573564414370439,0.0,False,Restriction,GameElementResource,0.08606310466202716,0.0,0.0,-1,rejected,0.0
_:b61,Quizventure,0.10757888082753393,0.1573564414370439,0.0,False,Restriction,GameElementResource,0.08606310466202716,0.0,0.0,-1,rejected,0.0
_:b61,Interactive_Content_–_H5P,0.10757888082753393,0.1573564414370439,0.0,False,Restriction,GameElementResource,0.08606310466202716,0.0,0.0,-1,rejected,0.0
_:b59,Block_Game,0.10757888082753393,0.1573564414370439,0.0,False,Restriction,GameElementResource,0.08606310466202716,0.0,0.0,-1,rejected,0.0
_:b59,Game,0.10757888082753393,0.1573564414370439,0.0,False,Restriction,GameElementResource,0.08606310466202716,0.0,0.0,-1,rejected,0.0
_:b61,Block_Game,0.10757888082753393,0.1573564414370439,0.0,False,Restriction,GameElementResource,0.08606310466202716,0.0,0.0,-1,rejected,0.0
has_Priority,Block_Game,0.10745769442069193,0.15301348419961072,0.0,False,DatatypeProperty,GameElementResource,0.08596615553655355,0.0,0.0,-1,rejected,0.0
has_Priority,Interactive_Content_–_H5P,0.10745769442069193,0.15301348419961072,0.0,False,DatatypeProperty,GameElementResource,0.08596615553655355,0.0,0.0,-1,rejected,0.0
has_Priority,Game,0.10745769442069193,0.15301348419961072,0.0,False,DatatypeProperty,GameElementResource,0.08596615553655355,0.0,0.0,-1,rejected,0.0
has_Priority,Quizventure,0.10745769442069193,0.15301348419961072,0.0,False,DatatypeProperty,GameElementResource,0.08596615553655355,0.0,0.0,-1,rejected,0.0
offersCourse,Quizventure,0.10745535039854597,0.15624174920852105,0.0,False,TransitiveProperty,GameElementResource,0.08596428031883678,0.0,0.0,-1,rejected,0.0
offersCourse,Block_Game,0.10745535039854597,0.15624174920852105,0.0,False,TransitiveProperty,GameElementResource,0.08596428031883678,0.0,0.0,-1,rejected,0.0
hasgamificationExperienceLevel,Game,0.10745535039854597,0.15624174920852105,0.0,False,DatatypeProperty,GameElementResource,0.08596428031883678,0.0,0.0,-1,rejected,0.0
hasgamificationExperienceLevel,Interactive_Content_–_H5P,0.10745535039854597,0.15624174920852105,0.0,False,DatatypeProperty,GameElementResource,0.08596428031883678,0.0,0.0,-1,rejected,0.0
offersCourse,Interactive_Content_–_H5P,0.10745535039854597,0.15624174920852105,0.0,False,TransitiveProperty,GameElementResource,0.08596428031883678,0.0,0.0,-1,rejected,0.0
hasgamificationExperienceLevel,Block_Game,0.10745535039854597,0.15624174920852105,0.0,False,DatatypeProperty,GameElementResource,0.08596428031883678,0.0,0.0,-1,rejected,0.0
has_Experience_Level,Quizventure,0.10745535039854597,0.15624174920852105,0.0,False,DatatypeProperty,GameElementResource,0.08596428031883678,0.0,0.0,-1,rejected,0.0
has_Experience_Level,Interactive_Content_–_H5P,0.10745535039854597,0.15624174920852105,0.0,False,DatatypeProperty,GameElementResource,0.08596428031883678,0.0,0.0,-1,rejected,0.0
hasgamificationExperienceLevel,Quizventure,0.10745535039854597,0.15624174920852105,0.0,False,DatatypeProperty,GameElementResource,0.08596428031883678,0.0,0.0,-1,rejected,0.0
has_Experience_Level,Block_Game,0.10745535039854597,0.15624174920852105,0.0,False,DatatypeProperty,GameElementResource,0.08596428031883678,0.0,0.0,-1,rejected,0.0
has_Experience_Level,Game,0.10745535039854597,0.15624174920852105,0.0,False,DatatypeProperty,GameElementResource,0.08596428031883678,0.0,0.0,-1,rejected,0.0
indexKey,Quizventure,0.10745535039854597,0.15624174920852105,0.0,False,DatatypeProperty,GameElementResource,0.08596428031883678,0.0,0.0,-1,rejected,0.0
indexKey,Interactive_Content_–_H5P,0.10745535039854597,0.15624174920852105,0.0,False,DatatypeProperty,GameElementResource,0.08596428031883678,0.0,0.0,-1,rejected,0.0
hasName,Block_Game,0.10745535039854597,0.15624174920852105,0.0,False,DatatypeProperty,GameElementResource,0.08596428031883678,0.0,0.0,-1,rejected,0.0
indexKey,Game,0.10745535039854597,0.15624174920852105,0.0,False,DatatypeProperty,GameElementResource,0.08596428031883678,0.0,0.0,-1,rejected,0.0
indexKey,Block_Game,0.10745535039854597,0.15624174920852105,0.0,False,DatatypeProperty,GameElementResource,0.08596428031883678,0.0,0.0,-1,rejected,0.0
hasName,Quizventure,0.10745535039854597,0.15624174920852105,0.0,False,DatatypeProperty,GameElementResource,0.08596428031883678,0.0,0.0,-1,rejected,0.0
hasName,Interactive_Content_–_H5P,0.10745535039854597,0.15624174920852105,0.0,False,DatatypeProperty,GameElementResource,0.08596428031883678,0.0,0.0,-1,rejected,0.0
hasName,Game,0.10745535039854597,0.15624174920852105,0.0,False,DatatypeProperty,GameElementResource,0.08596428031883678,0.0,0.0,-1,rejected,0.0
offersCourse,Game,0.10745535039854597,0.15624174920852105,0.0,False,TransitiveProperty,GameElementResource,0.08596428031883678,0.0,0.0,-1,rejected,0.0
aboutEducationalTopic,Block_Game,0.10743398907970163,0.1562585255752566,0.0,False,ObjectProperty,GameElementResource,0.08594719126376131,0.0,0.0,-1,rejected,0.0
contain_resource,Interactive_Content_–_H5P,0.10743398907970163,0.1562585255752566,0.0,False,ObjectProperty,GameElementResource,0.08594719126376131,0.0,0.0,-1,rejected,0.0
contain_resource,Game,0.10743398907970163,0.1562585255752566,0.0,False,ObjectProperty,GameElementResource,0.08594719126376131,0.0,0.0,-1,rejected,0.0
contain_resource,Quizventure,0.10743398907970163,0.1562585255752566,0.0,False,ObjectProperty,GameElementResource,0.08594719126376131,0.0,0.0,-1,rejected,0.0
requiresKnowledge,Game,0.10743398907970163,0.1562585255752566,0.0,False,ObjectProperty,GameElementResource,0.08594719126376131,0.0,0.0,-1,rejected,0.0
aboutEducationalTopic,Interactive_Content_–_H5P,0.10743398907970163,0.1562585255752566,0.0,False,ObjectProperty,GameElementResource,0.08594719126376131,0.0,0.0,-1,rejected,0.0
aboutEducationalTopic,Quizventure,0.10743398907970163,0.1562585255752566,0.0,False,ObjectProperty,GameElementResource,0.08594719126376131,0.0,0.0,-1,rejected,0.0
reversedBy,Quizventure,0.10743398907970163,0.1562585255752566,0.0,False,ObjectProperty,GameElementResource,0.08594719126376131,0.0,0.0,-1,rejected,0.0
requiresKnowledge,Interactive_Content_–_H5P,0.10743398907970163,0.1562585255752566,0.0,False,ObjectProperty,GameElementResource,0.08594719126376131,0.0,0.0,-1,rejected,0.0
requiresKnowledge,Quizventure,0.10743398907970163,0.1562585255752566,0.0,False,ObjectProperty,GameElementResource,0.08594719126376131,0.0,0.0,-1,rejected,0.0
aboutEducationalTopic,Game,0.10743398907970163,0.1562585255752566,0.0,False,ObjectProperty,GameElementResource,0.08594719126376131,0.0,0.0,-1,rejected,0.0
reversedBy,Block_Game,0.10743398907970163,0.1562585255752566,0.0,False,ObjectProperty,GameElementResource,0.08594719126376131,0.0,0.0,-1,rejected,0.0
reversedBy,Interactive_Content_–_H5P,0.10743398907970163,0.1562585255752566,0.0,False,ObjectProperty,GameElementResource,0.08594719126376131,0.0,0.0,-1,rejected,0.0
isComposedOf,Interactive_Content_–_H5P,0.10743398907970163,0.1562585255752566,0.0,False,ObjectProperty,GameElementResource,0.08594719126376131,0.0,0.0,-1,rejected,0.0
isComposedOf,Block_Game,0.10743398907970163,0.1562585255752566,0.0,False,ObjectProperty,GameElementResource,0.08594719126376131,0.0,0.0,-1,rejected,0.0
isComposedOf,Game,0.10743398907970163,0.1562585255752566,0.0,False,ObjectProperty,GameElementResource,0.08594719126376131,0.0,0.0,-1,rejected,0.0
isComposedOf,Quizventure,0.10743398907970163,0.1562585255752566,0.0,False,ObjectProperty,GameElementResource,0.08594719126376131,0.0,0.0,-1,rejected,0.0
hasTargetAudience,Block_Game,0.10743398907970163,0.1562585255752566,0.0,False,ObjectProperty,GameElementResource,0.08594719126376131,0.0,0.0,-1,rejected,0.0
reversedBy,Game,0.10743398907970163,0.1562585255752566,0.0,False,ObjectProperty,GameElementResource,0.08594719126376131,0.0,0.0,-1,rejected,0.0
requiresKnowledge,Block_Game,0.10743398907970163,0.1562585255752566,0.0,False,ObjectProperty,GameElementResource,0.08594719126376131,0.0,0.0,-1,rejected,0.0
contain_resource,Block_Game,0.10743398907970163,0.1562585255752566,0.0,False,ObjectProperty,GameElementResource,0.08594719126376131,0.0,0.0,-1,rejected,0.0
hasTargetAudience,Game,0.10743398907970163,0.1562585255752566,0.0,False,ObjectProperty,GameElementResource,0.08594719126376131,0.0,0.0,-1,rejected,0.0
hasTargetAudience,Quizventure,0.10743398907970163,0.1562585255752566,0.0,False,ObjectProperty,GameElementResource,0.08594719126376131,0.0,0.0,-1,rejected,0.0
hasTargetAudience,Interactive_Content_–_H5P,0.10743398907970163,0.1562585255752566,0.0,False,ObjectProperty,GameElementResource,0.08594719126376131,0.0,0.0,-1,rejected,0.0
_:b92,Availability_Block_Game_by_level,0.10741260676406564,0.15555062531456673,0.0,False,IndividualPropertyAtom,Level,0.08593008541125252,0.0,0.0,-1,rejected,0.0
Tiny_stash,Interactive_Content_–_H5P,0.10706393431294728,0.15923073508893212,0.0,False,Reward,GameElementResource,0.08565114745035783,0.0,0.0,-1,rejected,0.0
Tiny_stash,Block_Game,0.10706393431294728,0.15923073508893212,0.0,False,Reward,GameElementResource,0.08565114745035783,0.0,0.0,-1,rejected,0.0
Tiny_stash,Quizventure,0.10706393431294728,0.15923073508893212,0.0,False,Reward,GameElementResource,0.08565114745035783,0.0,0.0,-1,rejected,0.0
Tiny_stash,Game,0.10706393431294728,0.15923073508893212,0.0,False,Reward,GameElementResource,0.08565114745035783,0.0,0.0,-1,rejected,0.0
_:b142,Availability_Block_Game_by_level,0.10671667128224513,0.15571417521418152,0.0,False,IndividualPropertyAtom,Level,0.08537333702579611,0.0,0.0,-1,rejected,0.0
_:b213,Availability_Block_Game_by_level,0.10671667128224513,0.15571417521418152,0.0,False,IndividualPropertyAtom,Level,0.08537333702579611,0.0,0.0,-1,rejected,0.0
_:b204,Availability_Block_Game_by_level,0.10671667128224513,0.15571417521418152,0.0,False,IndividualPropertyAtom,Level,0.08537333702579611,0.0,0.0,-1,rejected,0.0
_:b113,Availability_Block_Game_by_level,0.10671667128224513,0.15571417521418152,0.0,False,IndividualPropertyAtom,Level,0.08537333702579611,0.0,0.0,-1,rejected,0.0
_:b131,Availability_Block_Game_by_level,0.10671667128224513,0.15571417521418152,0.0,False,IndividualPropertyAtom,Level,0.08537333702579611,0.0,0.0,-1,rejected,0.0
_:b224,Availability_Block_Game_by_level,0.10671667128224513,0.15571417521418152,0.0,False,IndividualPropertyAtom,Level,0.08537333702579611,0.0,0.0,-1,rejected,0.0
_:b269,Availability_Block_Game_by_level,0.10671667128224513,0.15571417521418152,0.0,False,IndividualPropertyAtom,Level,0.08537333702579611,0.0,0.0,-1,rejected,0.0
_:b122,Availability_Block_Game_by_level,0.10671667128224513,0.15571417521418152,0.0,False,IndividualPropertyAtom,Level,0.08537333702579611,0.0,0.0,-1,rejected,0.0
_:b280,Availability_Block_Game_by_level,0.10671666532178066,0.1557141621043318,0.0,False,IndividualPropertyAtom,Level,0.08537333225742454,0.0,0.0,-1,rejected,0.0
_:b79,Availability_Block_Game_by_level,0.10671666532178066,0.1557141621043318,0.0,False,IndividualPropertyAtom,Level,0.08537333225742454,0.0,0.0,-1,rejected,0.0
_:b250,Availability_Block_Game_by_level,0.10671666532178066,0.1557141621043318,0.0,False,IndividualPropertyAtom,Level,0.08537333225742454,0.0,0.0,-1,rejected,0.0
_:b68,Availability_Block_Game_by_level,0.10671666532178066,0.1557141621043318,0.0,False,IndividualPropertyAtom,Level,0.08537333225742454,0.0,0.0,-1,rejected,0.0
_:b16,Quizventure,0.10663275884063965,0.1550630967983417,0.0,False,Restriction,GameElementResource,0.08530620707251173,0.0,0.0,-1,rejected,0.0
_:b16,Block_Game,0.10663275884063965,0.1550630967983417,0.0,False,Restriction,GameElementResource,0.08530620707251173,0.0,0.0,-1,rejected,0.0
_:b16,Interactive_Content_–_H5P,0.10663275884063965,0.1550630967983417,0.0,False,Restriction,GameElementResource,0.08530620707251173,0.0,0.0,-1,rejected,0.0
_:b16,Game,0.10663275884063965,0.1550630967983417,0.0,False,Restriction,GameElementResource,0.08530620707251173,0.0,0.0,-1,rejected,0.0
leçon 6 du cours Programmation Orientée Objet,Game,0.10661168723592832,0.15475670369842018,0.0,False,unknown,GameElementResource,0.08528934978874265,0.0,0.0,-1,rejected,0.0
leçon 6 du cours Programmation Orientée Objet,Block_Game,0.10661168723592832,0.15475670369842018,0.0,False,unknown,GameElementResource,0.08528934978874265,0.0,0.0,-1,rejected,0.0
leçon 6 du cours Programmation Orientée Objet,Quizventure,0.10661168723592832,0.15475670369842018,0.0,False,unknown,GameElementResource,0.08528934978874265,0.0,0.0,-1,rejected,0.0
leçon 6 du cours Programmation Orientée Objet,Interactive_Content_–_H5P,0.10661168723592832,0.15475670369842018,0.0,False,unknown,GameElementResource,0.08528934978874265,0.0,0.0,-1,rejected,0.0
lesson 6 for the course Object Oriented Programming,Game,0.10661168723592832,0.15475670369842018,0.0,False,unknown,GameElementResource,0.08528934978874265,0.0,0.0,-1,rejected,0.0
lesson 6 for the course Object Oriented Programming,Block_Game,0.10661168723592832,0.15475670369842018,0.0,False,unknown,GameElementResource,0.08528934978874265,0.0,0.0,-1,rejected,0.0
lesson 6 for the course Object Oriented Programming,Interactive_Content_–_H5P,0.10661168723592832,0.15475670369842018,0.0,False,unknown,GameElementResource,0.08528934978874265,0.0,0.0,-1,rejected,0.0
lesson 6 for the course Object Oriented Programming,Quizventure,0.10661168723592832,0.15475670369842018,0.0,False,unknown,GameElementResource,0.08528934978874265,0.0,0.0,-1,rejected,0.0
3.0.0,Quizventure,0.1066043285586619,0.154759767348085,0.0,False,unknown,GameElementResource,0.08528346284692953,0.0,0.0,-1,rejected,0.0
3.0.0,Interactive_Content_–_H5P,0.1066043285586619,0.154759767348085,0.0,False,unknown,GameElementResource,0.08528346284692953,0.0,0.0,-1,rejected,0.0
"the url of the game elment where it can be downloaded. In addition, this url contains information of the game elemnt.",Block_Game,0.1066043285586619,0.154759767348085,0.0,False,unknown,GameElementResource,0.08528346284692953,0.0,0.0,-1,rejected,0.0
"the url of the game elment where it can be downloaded. In addition, this url contains information of the game elemnt.",Quizventure,0.1066043285586619,0.154759767348085,0.0,False,unknown,GameElementResource,0.08528346284692953,0.0,0.0,-1,rejected,0.0
"the url of the game elment where it can be downloaded. In addition, this url contains information of the game elemnt.",Interactive_Content_–_H5P,0.1066043285586619,0.154759767348085,0.0,False,unknown,GameElementResource,0.08528346284692953,0.0,0.0,-1,rejected,0.0
2.1.1,Quizventure,0.1066043285586619,0.154759767348085,0.0,False,unknown,GameElementResource,0.08528346284692953,0.0,0.0,-1,rejected,0.0
"Enables teachers to create items that students can collect, providing an interactive experience where students find items across the course.",Quizventure,0.1066043285586619,0.154759767348085,0.0,False,unknown,GameElementResource,0.08528346284692953,0.0,0.0,-1,rejected,0.0
"Enables teachers to create items that students can collect, providing an interactive experience where students find items across the course.",Interactive_Content_–_H5P,0.1066043285586619,0.154759767348085,0.0,False,unknown,GameElementResource,0.08528346284692953,0.0,0.0,-1,rejected,0.0
"Enables teachers to create items that students can collect, providing an interactive experience where students find items across the course.",Game,0.1066043285586619,0.154759767348085,0.0,False,unknown,GameElementResource,0.08528346284692953,0.0,0.0,-1,rejected,0.0
anyURI,Quizventure,0.1066043285586619,0.154759767348085,0.0,False,unknown,GameElementResource,0.08528346284692953,0.0,0.0,-1,rejected,0.0
anyURI,Interactive_Content_–_H5P,0.1066043285586619,0.154759767348085,0.0,False,unknown,GameElementResource,0.08528346284692953,0.0,0.0,-1,rejected,0.0
anyURI,Game,0.1066043285586619,0.154759767348085,0.0,False,unknown,GameElementResource,0.08528346284692953,0.0,0.0,-1,rejected,0.0
anyURI,Block_Game,0.1066043285586619,0.154759767348085,0.0,False,unknown,GameElementResource,0.08528346284692953,0.0,0.0,-1,rejected,0.0
linking bonus resources with teaaccher exploration objective,Game,0.1066043285586619,0.154759767348085,0.0,False,unknown,GameElementResource,0.08528346284692953,0.0,0.0,-1,rejected,0.0
linking bonus resources with teaaccher exploration objective,Block_Game,0.1066043285586619,0.154759767348085,0.0,False,unknown,GameElementResource,0.08528346284692953,0.0,0.0,-1,rejected,0.0
block_stash,Quizventure,0.1066043285586619,0.154759767348085,0.0,False,unknown,GameElementResource,0.08528346284692953,0.0,0.0,-1,rejected,0.0
block_stash,Interactive_Content_–_H5P,0.1066043285586619,0.154759767348085,0.0,False,unknown,GameElementResource,0.08528346284692953,0.0,0.0,-1,rejected,0.0
block_stash,Game,0.1066043285586619,0.154759767348085,0.0,False,unknown,GameElementResource,0.08528346284692953,0.0,0.0,-1,rejected,0.0
block_stash,Block_Game,0.1066043285586619,0.154759767348085,0.0,False,unknown,GameElementResource,0.08528346284692953,0.0,0.0,-1,rejected,0.0
block_game,Quizventure,0.1066043285586619,0.154759767348085,0.0,False,unknown,GameElementResource,0.08528346284692953,0.0,0.0,-1,rejected,0.0
block_game,Interactive_Content_–_H5P,0.1066043285586619,0.154759767348085,0.0,False,unknown,GameElementResource,0.08528346284692953,0.0,0.0,-1,rejected,0.0
block_game,Game,0.1066043285586619,0.154759767348085,0.0,False,unknown,GameElementResource,0.08528346284692953,0.0,0.0,-1,rejected,0.0
block_game,Block_Game,0.1066043285586619,0.154759767348085,0.0,False,unknown,GameElementResource,0.08528346284692953,0.0,0.0,-1,rejected,0.0
link exxperience level with number: expert=4,Block_Game,0.1066043285586619,0.154759767348085,0.0,False,unknown,GameElementResource,0.08528346284692953,0.0,0.0,-1,rejected,0.0
Linking leaderboard to resources with objective competition,Quizventure,0.1066043285586619,0.154759767348085,0.0,False,unknown,GameElementResource,0.08528346284692953,0.0,0.0,-1,rejected,0.0
Linking leaderboard to resources with objective competition,Interactive_Content_–_H5P,0.1066043285586619,0.154759767348085,0.0,False,unknown,GameElementResource,0.08528346284692953,0.0,0.0,-1,rejected,0.0
Linking leaderboard to resources with objective competition,Game,0.1066043285586619,0.154759767348085,0.0,False,unknown,GameElementResource,0.08528346284692953,0.0,0.0,-1,rejected,0.0
Linking leaderboard to resources with objective competition,Block_Game,0.1066043285586619,0.154759767348085,0.0,False,unknown,GameElementResource,0.08528346284692953,0.0,0.0,-1,rejected,0.0
"Enables teachers to create items that students can collect, providing an interactive experience where students find items across the course.",Block_Game,0.1066043285586619,0.154759767348085,0.0,False,unknown,GameElementResource,0.08528346284692953,0.0,0.0,-1,rejected,0.0
linking bonus resources with teaaccher exploration objective,Quizventure,0.1066043285586619,0.154759767348085,0.0,False,unknown,GameElementResource,0.08528346284692953,0.0,0.0,-1,rejected,0.0
linking bonus resources with teaaccher exploration objective,Interactive_Content_–_H5P,0.1066043285586619,0.154759767348085,0.0,False,unknown,GameElementResource,0.08528346284692953,0.0,0.0,-1,rejected,0.0
link exxperience level with number: expert=6,Quizventure,0.1066043285586619,0.154759767348085,0.0,False,unknown,GameElementResource,0.08528346284692953,0.0,0.0,-1,rejected,0.0
link exxperience level with number: expert=6,Interactive_Content_–_H5P,0.1066043285586619,0.154759767348085,0.0,False,unknown,GameElementResource,0.08528346284692953,0.0,0.0,-1,rejected,0.0
link exxperience level with number: expert=6,Game,0.1066043285586619,0.154759767348085,0.0,False,unknown,GameElementResource,0.08528346284692953,0.0,0.0,-1,rejected,0.0
link exxperience level with number: expert=6,Block_Game,0.1066043285586619,0.154759767348085,0.0,False,unknown,GameElementResource,0.08528346284692953,0.0,0.0,-1,rejected,0.0
link exxperience level with number: expert=4,Quizventure,0.1066043285586619,0.154759767348085,0.0,False,unknown,GameElementResource,0.08528346284692953,0.0,0.0,-1,rejected,0.0
link exxperience level with number: expert=4,Interactive_Content_–_H5P,0.1066043285586619,0.154759767348085,0.0,False,unknown,GameElementResource,0.08528346284692953,0.0,0.0,-1,rejected,0.0
link exxperience level with number: expert=4,Game,0.1066043285586619,0.154759767348085,0.0,False,unknown,GameElementResource,0.08528346284692953,0.0,0.0,-1,rejected,0.0
link exxperience level with number: expert=2,Interactive_Content_–_H5P,0.1066043285586619,0.154759767348085,0.0,False,unknown,GameElementResource,0.08528346284692953,0.0,0.0,-1,rejected,0.0
link exxperience level with number: expert=2,Game,0.1066043285586619,0.154759767348085,0.0,False,unknown,GameElementResource,0.08528346284692953,0.0,0.0,-1,rejected,0.0
link exxperience level with number: expert=2,Block_Game,0.1066043285586619,0.154759767348085,0.0,False,unknown,GameElementResource,0.08528346284692953,0.0,0.0,-1,rejected,0.0
link exxperience level with number: expert=2,Quizventure,0.1066043285586619,0.154759767348085,0.0,False,unknown,GameElementResource,0.08528346284692953,0.0,0.0,-1,rejected,0.0
subclass to class,Game,0.1066043285586619,0.154759767348085,0.0,False,unknown,GameElementResource,0.08528346284692953,0.0,0.0,-1,rejected,0.0
Gamified resource that contains experience leaderboard game element must contain experience points game element,Quizventure,0.1066043285586619,0.154759767348085,0.0,False,unknown,GameElementResource,0.08528346284692953,0.0,0.0,-1,rejected,0.0
Gamified resource that contains experience leaderboard game element must contain experience points game element,Interactive_Content_–_H5P,0.1066043285586619,0.154759767348085,0.0,False,unknown,GameElementResource,0.08528346284692953,0.0,0.0,-1,rejected,0.0
Gamified resource that contains bonus leaderboard game element must contain bonus points game element,Interactive_Content_–_H5P,0.1066043285586619,0.154759767348085,0.0,False,unknown,GameElementResource,0.08528346284692953,0.0,0.0,-1,rejected,0.0
Gamified resource that contains bonus leaderboard game element must contain bonus points game element,Game,0.1066043285586619,0.154759767348085,0.0,False,unknown,GameElementResource,0.08528346284692953,0.0,0.0,-1,rejected,0.0
Gamified resource that contains bonus leaderboard game element must contain bonus points game element,Block_Game,0.1066043285586619,0.154759767348085,0.0,False,unknown,GameElementResource,0.08528346284692953,0.0,0.0,-1,rejected,0.0
Gamified resource that contains social leaderboard game element must contain social points game element,Quizventure,0.1066043285586619,0.154759767348085,0.0,False,unknown,GameElementResource,0.08528346284692953,0.0,0.0,-1,rejected,0.0
Gamified resource that contains experience leaderboard game element must contain experience points game element,Game,0.1066043285586619,0.154759767348085,0.0,False,unknown,GameElementResource,0.08528346284692953,0.0,0.0,-1,rejected,0.0
Gamified resource that contains experience leaderboard game element must contain experience points game element,Block_Game,0.1066043285586619,0.154759767348085,0.0,False,unknown,GameElementResource,0.08528346284692953,0.0,0.0,-1,rejected,0.0
Gamified resource that contains bonus leaderboard game element must contain bonus points game element,Quizventure,0.1066043285586619,0.154759767348085,0.0,False,unknown,GameElementResource,0.08528346284692953,0.0,0.0,-1,rejected,0.0
Gamified resource that contains social leaderboard game element must contain social points game element,Interactive_Content_–_H5P,0.1066043285586619,0.154759767348085,0.0,False,unknown,GameElementResource,0.08528346284692953,0.0,0.0,-1,rejected,0.0
Gamified resource that contains social leaderboard game element must contain social points game element,Game,0.1066043285586619,0.154759767348085,0.0,False,unknown,GameElementResource,0.08528346284692953,0.0,0.0,-1,rejected,0.0
Gamified resource that contains social leaderboard game element must contain social points game element,Block_Game,0.1066043285586619,0.154759767348085,0.0,False,unknown,GameElementResource,0.08528346284692953,0.0,0.0,-1,rejected,0.0
Gamified resource that contains score leaderboard game element must contain score points game element,Quizventure,0.1066043285586619,0.154759767348085,0.0,False,unknown,GameElementResource,0.08528346284692953,0.0,0.0,-1,rejected,0.0
Gamified resource that contains score leaderboard game element must contain score points game element,Interactive_Content_–_H5P,0.1066043285586619,0.154759767348085,0.0,False,unknown,GameElementResource,0.08528346284692953,0.0,0.0,-1,rejected,0.0
Gamified resource that contains score leaderboard game element must contain score points game element,Game,0.1066043285586619,0.154759767348085,0.0,False,unknown,GameElementResource,0.08528346284692953,0.0,0.0,-1,rejected,0.0
Gamified resource that contains score leaderboard game element must contain score points game element,Block_Game,0.1066043285586619,0.154759767348085,0.0,False,unknown,GameElementResource,0.08528346284692953,0.0,0.0,-1,rejected,0.0
subclass to class,Block_Game,0.1066043285586619,0.154759767348085,0.0,False,unknown,GameElementResource,0.08528346284692953,0.0,0.0,-1,rejected,0.0
Identify the more expert teacher between two teachers,Quizventure,0.1066043285586619,0.154759767348085,0.0,False,unknown,GameElementResource,0.08528346284692953,0.0,0.0,-1,rejected,0.0
Identify the more expert teacher between two teachers,Interactive_Content_–_H5P,0.1066043285586619,0.154759767348085,0.0,False,unknown,GameElementResource,0.08528346284692953,0.0,0.0,-1,rejected,0.0
Identify the more expert teacher between two teachers,Game,0.1066043285586619,0.154759767348085,0.0,False,unknown,GameElementResource,0.08528346284692953,0.0,0.0,-1,rejected,0.0
Identify the more expert teacher between two teachers,Block_Game,0.1066043285586619,0.154759767348085,0.0,False,unknown,GameElementResource,0.08528346284692953,0.0,0.0,-1,rejected,0.0
gamified resource contains one or more game elements,Block_Game,0.1066043285586619,0.154759767348085,0.0,False,unknown,GameElementResource,0.08528346284692953,0.0,0.0,-1,rejected,0.0
game elements relevant to behavioural objectives,Quizventure,0.1066043285586619,0.154759767348085,0.0,False,unknown,GameElementResource,0.08528346284692953,0.0,0.0,-1,rejected,0.0
game elements relevant to behavioural objectives,Interactive_Content_–_H5P,0.1066043285586619,0.154759767348085,0.0,False,unknown,GameElementResource,0.08528346284692953,0.0,0.0,-1,rejected,0.0
game elements relevant to behavioural objectives,Game,0.1066043285586619,0.154759767348085,0.0,False,unknown,GameElementResource,0.08528346284692953,0.0,0.0,-1,rejected,0.0
game elements relevant to behavioural objectives,Block_Game,0.1066043285586619,0.154759767348085,0.0,False,unknown,GameElementResource,0.08528346284692953,0.0,0.0,-1,rejected,0.0
gamified resource contains one or more game elements,Quizventure,0.1066043285586619,0.154759767348085,0.0,False,unknown,GameElementResource,0.08528346284692953,0.0,0.0,-1,rejected,0.0
gamified resource contains one or more game elements,Interactive_Content_–_H5P,0.1066043285586619,0.154759767348085,0.0,False,unknown,GameElementResource,0.08528346284692953,0.0,0.0,-1,rejected,0.0
gamified resource contains one or more game elements,Game,0.1066043285586619,0.154759767348085,0.0,False,unknown,GameElementResource,0.08528346284692953,0.0,0.0,-1,rejected,0.0
subclass to class,Quizventure,0.1066043285586619,0.154759767348085,0.0,False,unknown,GameElementResource,0.08528346284692953,0.0,0.0,-1,rejected,0.0
subclass to class,Interactive_Content_–_H5P,0.1066043285586619,0.154759767348085,0.0,False,unknown,GameElementResource,0.08528346284692953,0.0,0.0,-1,rejected,0.0
Allows the user to choose or change their avatar at any time.,Game,0.1066043285586619,0.154759767348085,0.0,False,unknown,GameElementResource,0.08528346284692953,0.0,0.0,-1,rejected,0.0
Allows the user to choose or change their avatar at any time.,Block_Game,0.1066043285586619,0.154759767348085,0.0,False,unknown,GameElementResource,0.08528346284692953,0.0,0.0,-1,rejected,0.0
Allows the user to choose or change their avatar at any time.,Quizventure,0.1066043285586619,0.154759767348085,0.0,False,unknown,GameElementResource,0.08528346284692953,0.0,0.0,-1,rejected,0.0
Allows the user to choose or change their avatar at any time.,Interactive_Content_–_H5P,0.1066043285586619,0.154759767348085,0.0,False,unknown,GameElementResource,0.08528346284692953,0.0,0.0,-1,rejected,0.0
"the url of the game elment where it can be downloaded. In addition, this url contains information of the game elemnt.",Game,0.1066043285586619,0.154759767348085,0.0,False,unknown,GameElementResource,0.08528346284692953,0.0,0.0,-1,rejected,0.0
2.1.1,Interactive_Content_–_H5P,0.1066043285586619,0.154759767348085,0.0,False,unknown,GameElementResource,0.08528346284692953,0.0,0.0,-1,rejected,0.0
3.0.0,Game,0.1066043285586619,0.154759767348085,0.0,False,unknown,GameElementResource,0.08528346284692953,0.0,0.0,-1,rejected,0.0
3.0.0,Block_Game,0.1066043285586619,0.154759767348085,0.0,False,unknown,GameElementResource,0.08528346284692953,0.0,0.0,-1,rejected,0.0
2.1.1,Game,0.1066043285586619,0.154759767348085,0.0,False,unknown,GameElementResource,0.08528346284692953,0.0,0.0,-1,rejected,0.0
2.1.1,Block_Game,0.1066043285586619,0.154759767348085,0.0,False,unknown,GameElementResource,0.08528346284692953,0.0,0.0,-1,rejected,0.0
JavafunctionTypes,Block_Game,0.10659593158842559,0.15636614023455675,0.0,False,IndexKey,GameElementResource,0.08527674527074047,0.0,0.0,-1,rejected,0.0
JavafunctionTypes,Interactive_Content_–_H5P,0.10659593158842559,0.15636614023455675,0.0,False,IndexKey,GameElementResource,0.08527674527074047,0.0,0.0,-1,rejected,0.0
JavafunctionTypes,Quizventure,0.10659593158842559,0.15636614023455675,0.0,False,IndexKey,GameElementResource,0.08527674527074047,0.0,0.0,-1,rejected,0.0
JavafunctionTypes,Game,0.10659593158842559,0.15636614023455675,0.0,False,IndexKey,GameElementResource,0.08527674527074047,0.0,0.0,-1,rejected,0.0
_:b60,Quizventure,0.10658223757647756,0.15444378420933985,0.0,False,Restriction,GameElementResource,0.08526579006118205,0.0,0.0,-1,rejected,0.0
_:b60,Game,0.10658223757647756,0.15444378420933985,0.0,False,Restriction,GameElementResource,0.08526579006118205,0.0,0.0,-1,rejected,0.0
_:b62,Game,0.10658223757647756,0.15444378420933985,0.0,False,Restriction,GameElementResource,0.08526579006118205,0.0,0.0,-1,rejected,0.0
_:b62,Interactive_Content_–_H5P,0.10658223757647756,0.15444378420933985,0.0,False,Restriction,GameElementResource,0.08526579006118205,0.0,0.0,-1,rejected,0.0
_:b62,Quizventure,0.10658223757647756,0.15444378420933985,0.0,False,Restriction,GameElementResource,0.08526579006118205,0.0,0.0,-1,rejected,0.0
_:b62,Block_Game,0.10658223757647756,0.15444378420933985,0.0,False,Restriction,GameElementResource,0.08526579006118205,0.0,0.0,-1,rejected,0.0
_:b60,Interactive_Content_–_H5P,0.10658223757647756,0.15444378420933985,0.0,False,Restriction,GameElementResource,0.08526579006118205,0.0,0.0,-1,rejected,0.0
_:b60,Block_Game,0.10658223757647756,0.15444378420933985,0.0,False,Restriction,GameElementResource,0.08526579006118205,0.0,0.0,-1,rejected,0.0
is_part_of,bonusPoints,0.10635451112319216,0.15433350333602175,0.0,False,unknown,BonusPoints,0.08508360889855374,0.0,0.0,-1,rejected,0.0
topic,Block_Game,0.10633352793683734,0.15697785767720443,0.0,False,AnnotationProperty,GameElementResource,0.08506682234946988,0.0,0.0,-1,rejected,0.0
topic,Game,0.10633352793683734,0.15697785767720443,0.0,False,AnnotationProperty,GameElementResource,0.08506682234946988,0.0,0.0,-1,rejected,0.0
topic,Interactive_Content_–_H5P,0.10633352793683734,0.15697785767720443,0.0,False,AnnotationProperty,GameElementResource,0.08506682234946988,0.0,0.0,-1,rejected,0.0
topic,Quizventure,0.10633352793683734,0.15697785767720443,0.0,False,AnnotationProperty,GameElementResource,0.08506682234946988,0.0,0.0,-1,rejected,0.0
content,Block_Game,0.10633352793683734,0.15697785767720443,0.0,False,AnnotationProperty,GameElementResource,0.08506682234946988,0.0,0.0,-1,rejected,0.0
content,Interactive_Content_–_H5P,0.10633352793683734,0.15697785767720443,0.0,False,AnnotationProperty,GameElementResource,0.08506682234946988,0.0,0.0,-1,rejected,0.0
pageEnd,Interactive_Content_–_H5P,0.10633352793683734,0.15697785767720443,0.0,False,AnnotationProperty,GameElementResource,0.08506682234946988,0.0,0.0,-1,rejected,0.0
pageEnd,Quizventure,0.10633352793683734,0.15697785767720443,0.0,False,AnnotationProperty,GameElementResource,0.08506682234946988,0.0,0.0,-1,rejected,0.0
content_encoded,Block_Game,0.10633352793683734,0.15697785767720443,0.0,False,AnnotationProperty,GameElementResource,0.08506682234946988,0.0,0.0,-1,rejected,0.0
pageEnd,Block_Game,0.10633352793683734,0.15697785767720443,0.0,False,AnnotationProperty,GameElementResource,0.08506682234946988,0.0,0.0,-1,rejected,0.0
content_encoded,Game,0.10633352793683734,0.15697785767720443,0.0,False,AnnotationProperty,GameElementResource,0.08506682234946988,0.0,0.0,-1,rejected,0.0
content_encoded,Quizventure,0.10633352793683734,0.15697785767720443,0.0,False,AnnotationProperty,GameElementResource,0.08506682234946988,0.0,0.0,-1,rejected,0.0
content,Game,0.10633352793683734,0.15697785767720443,0.0,False,AnnotationProperty,GameElementResource,0.08506682234946988,0.0,0.0,-1,rejected,0.0
content,Quizventure,0.10633352793683734,0.15697785767720443,0.0,False,AnnotationProperty,GameElementResource,0.08506682234946988,0.0,0.0,-1,rejected,0.0
pageEnd,Game,0.10633352793683734,0.15697785767720443,0.0,False,AnnotationProperty,GameElementResource,0.08506682234946988,0.0,0.0,-1,rejected,0.0
content_encoded,Interactive_Content_–_H5P,0.10633352793683734,0.15697785767720443,0.0,False,AnnotationProperty,GameElementResource,0.08506682234946988,0.0,0.0,-1,rejected,0.0
section,Quizventure,0.10633351601590839,0.15697783163219411,0.0,False,AnnotationProperty,GameElementResource,0.08506681281272671,0.0,0.0,-1,rejected,0.0
section,Interactive_Content_–_H5P,0.10633351601590839,0.15697783163219411,0.0,False,AnnotationProperty,GameElementResource,0.08506681281272671,0.0,0.0,-1,rejected,0.0
section,Game,0.10633351601590839,0.15697783163219411,0.0,False,AnnotationProperty,GameElementResource,0.08506681281272671,0.0,0.0,-1,rejected,0.0
section,Block_Game,0.10633351601590839,0.15697783163219411,0.0,False,AnnotationProperty,GameElementResource,0.08506681281272671,0.0,0.0,-1,rejected,0.0
pages,Game,0.10633351601590839,0.15697783163219411,0.0,False,AnnotationProperty,GameElementResource,0.08506681281272671,0.0,0.0,-1,rejected,0.0
chapter,Interactive_Content_–_H5P,0.10633351601590839,0.15697783163219411,0.0,False,AnnotationProperty,GameElementResource,0.08506681281272671,0.0,0.0,-1,rejected,0.0
chapter,Block_Game,0.10633351601590839,0.15697783163219411,0.0,False,AnnotationProperty,GameElementResource,0.08506681281272671,0.0,0.0,-1,rejected,0.0
chapter,Game,0.10633351601590839,0.15697783163219411,0.0,False,AnnotationProperty,GameElementResource,0.08506681281272671,0.0,0.0,-1,rejected,0.0
depicts,Block_Game,0.10633351601590839,0.15697783163219411,0.0,False,AnnotationProperty,GameElementResource,0.08506681281272671,0.0,0.0,-1,rejected,0.0
depicts,Game,0.10633351601590839,0.15697783163219411,0.0,False,AnnotationProperty,GameElementResource,0.08506681281272671,0.0,0.0,-1,rejected,0.0
depicts,Interactive_Content_–_H5P,0.10633351601590839,0.15697783163219411,0.0,False,AnnotationProperty,GameElementResource,0.08506681281272671,0.0,0.0,-1,rejected,0.0
chapter,Quizventure,0.10633351601590839,0.15697783163219411,0.0,False,AnnotationProperty,GameElementResource,0.08506681281272671,0.0,0.0,-1,rejected,0.0
pages,Interactive_Content_–_H5P,0.10633351601590839,0.15697783163219411,0.0,False,AnnotationProperty,GameElementResource,0.08506681281272671,0.0,0.0,-1,rejected,0.0
pages,Quizventure,0.10633351601590839,0.15697783163219411,0.0,False,AnnotationProperty,GameElementResource,0.08506681281272671,0.0,0.0,-1,rejected,0.0
pages,Block_Game,0.10633351601590839,0.15697783163219411,0.0,False,AnnotationProperty,GameElementResource,0.08506681281272671,0.0,0.0,-1,rejected,0.0
depicts,Quizventure,0.10633351601590839,0.15697783163219411,0.0,False,AnnotationProperty,GameElementResource,0.08506681281272671,0.0,0.0,-1,rejected,0.0
bonus resource for lesson 3 Class Methods and Constructors,Block_Game,0.10603679970075494,0.15503122449931508,0.0,False,unknown,GameElementResource,0.08482943976060396,0.0,0.0,-1,rejected,0.0
bonus resource for lesson 3 Class Methods and Constructors,Game,0.10603679970075494,0.15503122449931508,0.0,False,unknown,GameElementResource,0.08482943976060396,0.0,0.0,-1,rejected,0.0
bonus resource for lesson 3 Class Methods and Constructors,Interactive_Content_–_H5P,0.10603679970075494,0.15503122449931508,0.0,False,unknown,GameElementResource,0.08482943976060396,0.0,0.0,-1,rejected,0.0
bonus resource for lesson 3 Class Methods and Constructors,Quizventure,0.10603679970075494,0.15503122449931508,0.0,False,unknown,GameElementResource,0.08482943976060396,0.0,0.0,-1,rejected,0.0
ressource bonus pour la leçon 3 Méthodes et constructeurs de classe,Game,0.10603679970075494,0.15503122449931508,0.0,False,unknown,GameElementResource,0.08482943976060396,0.0,0.0,-1,rejected,0.0
ressource bonus pour la leçon 3 Méthodes et constructeurs de classe,Quizventure,0.10603679970075494,0.15503122449931508,0.0,False,unknown,GameElementResource,0.08482943976060396,0.0,0.0,-1,rejected,0.0
ressource bonus pour la leçon 3 Méthodes et constructeurs de classe,Interactive_Content_–_H5P,0.10603679970075494,0.15503122449931508,0.0,False,unknown,GameElementResource,0.08482943976060396,0.0,0.0,-1,rejected,0.0
ressource bonus pour la leçon 3 Méthodes et constructeurs de classe,Block_Game,0.10603679970075494,0.15503122449931508,0.0,False,unknown,GameElementResource,0.08482943976060396,0.0,0.0,-1,rejected,0.0
bonus material for lesson 1 java basics,Quizventure,0.10603674235446565,0.15503124767960388,0.0,False,unknown,GameElementResource,0.08482939388357252,0.0,0.0,-1,rejected,0.0
bonus material for lesson 1 java basics,Game,0.10603674235446565,0.15503124767960388,0.0,False,unknown,GameElementResource,0.08482939388357252,0.0,0.0,-1,rejected,0.0
bonus material for lesson 1 java basics,Interactive_Content_–_H5P,0.10603674235446565,0.15503124767960388,0.0,False,unknown,GameElementResource,0.08482939388357252,0.0,0.0,-1,rejected,0.0
bonus material for lesson 1 java basics,Block_Game,0.10603674235446565,0.15503124767960388,0.0,False,unknown,GameElementResource,0.08482939388357252,0.0,0.0,-1,rejected,0.0
bonus resource for lesson 4 Class Methods and Constructors,Interactive_Content_–_H5P,0.10603435436781619,0.15503221299285416,0.0,False,unknown,GameElementResource,0.08482748349425295,0.0,0.0,-1,rejected,0.0
bonus resource for lesson 4 Class Methods and Constructors,Game,0.10603435436781619,0.15503221299285416,0.0,False,unknown,GameElementResource,0.08482748349425295,0.0,0.0,-1,rejected,0.0
bonus resource for lesson 4 Class Methods and Constructors,Quizventure,0.10603435436781619,0.15503221299285416,0.0,False,unknown,GameElementResource,0.08482748349425295,0.0,0.0,-1,rejected,0.0
ressource bonus pour la leçon 4 Méthodes et constructeurs de classe,Quizventure,0.10603435436781619,0.15503221299285416,0.0,False,unknown,GameElementResource,0.08482748349425295,0.0,0.0,-1,rejected,0.0
bonus resource for lesson 4 Class Methods and Constructors,Block_Game,0.10603435436781619,0.15503221299285416,0.0,False,unknown,GameElementResource,0.08482748349425295,0.0,0.0,-1,rejected,0.0
ressource bonus pour la leçon 4 Méthodes et constructeurs de classe,Block_Game,0.10603435436781619,0.15503221299285416,0.0,False,unknown,GameElementResource,0.08482748349425295,0.0,0.0,-1,rejected,0.0
ressource bonus pour la leçon 4 Méthodes et constructeurs de classe,Game,0.10603435436781619,0.15503221299285416,0.0,False,unknown,GameElementResource,0.08482748349425295,0.0,0.0,-1,rejected,0.0
ressource bonus pour la leçon 4 Méthodes et constructeurs de classe,Interactive_Content_–_H5P,0.10603435436781619,0.15503221299285416,0.0,False,unknown,GameElementResource,0.08482748349425295,0.0,0.0,-1,rejected,0.0
exercisse of lesson 2 Classes and Objects,Game,0.1060255319116917,0.15503578021909398,0.0,False,unknown,GameElementResource,0.08482042552935337,0.0,0.0,-1,rejected,0.0
exercisse of lesson 2 Classes and Objects,Interactive_Content_–_H5P,0.1060255319116917,0.15503578021909398,0.0,False,unknown,GameElementResource,0.08482042552935337,0.0,0.0,-1,rejected,0.0
exercisse of lesson 2 Classes and Objects,Block_Game,0.1060255319116917,0.15503578021909398,0.0,False,unknown,GameElementResource,0.08482042552935337,0.0,0.0,-1,rejected,0.0
exercisse of lesson 2 Classes and Objects,Quizventure,0.1060255319116917,0.15503578021909398,0.0,False,unknown,GameElementResource,0.08482042552935337,0.0,0.0,-1,rejected,0.0
Assessment,Interactive_Content_–_H5P,0.1060255319116917,0.15503578021909398,0.0,False,unknown,GameElementResource,0.08482042552935337,0.0,0.0,-1,rejected,0.0
Assessment,Game,0.1060255319116917,0.15503578021909398,0.0,False,unknown,GameElementResource,0.08482042552935337,0.0,0.0,-1,rejected,0.0
Assessment,Quizventure,0.1060255319116917,0.15503578021909398,0.0,False,unknown,GameElementResource,0.08482042552935337,0.0,0.0,-1,rejected,0.0
Assessment,Block_Game,0.1060255319116917,0.15503578021909398,0.0,False,unknown,GameElementResource,0.08482042552935337,0.0,0.0,-1,rejected,0.0
the number of weeks since the latest release of the game element version,Game,0.10600423111229292,0.15504441406874808,0.0,False,unknown,GameElementResource,0.08480338488983434,0.0,0.0,-1,rejected,0.0
the number of weeks since the latest release of the game element version,Interactive_Content_–_H5P,0.10600423111229292,0.15504441406874808,0.0,False,unknown,GameElementResource,0.08480338488983434,0.0,0.0,-1,rejected,0.0
the number of weeks since the latest release of the game element version,Quizventure,0.10600423111229292,0.15504441406874808,0.0,False,unknown,GameElementResource,0.08480338488983434,0.0,0.0,-1,rejected,0.0
the original language inwhich the course is created with,Block_Game,0.10600423111229292,0.15504441406874808,0.0,False,unknown,GameElementResource,0.08480338488983434,0.0,0.0,-1,rejected,0.0
Total number of likes granted for this game element,Interactive_Content_–_H5P,0.10600423111229292,0.15504441406874808,0.0,False,unknown,GameElementResource,0.08480338488983434,0.0,0.0,-1,rejected,0.0
Total number of likes granted for this game element,Game,0.10600423111229292,0.15504441406874808,0.0,False,unknown,GameElementResource,0.08480338488983434,0.0,0.0,-1,rejected,0.0
The duration in minutes of a single resource,Quizventure,0.10600423111229292,0.15504441406874808,0.0,False,unknown,GameElementResource,0.08480338488983434,0.0,0.0,-1,rejected,0.0
Total number of downloads done for this game elemnent,Quizventure,0.10600423111229292,0.15504441406874808,0.0,False,unknown,GameElementResource,0.08480338488983434,0.0,0.0,-1,rejected,0.0
the original language inwhich the course is created with,Game,0.10600423111229292,0.15504441406874808,0.0,False,unknown,GameElementResource,0.08480338488983434,0.0,0.0,-1,rejected,0.0
the original language inwhich the course is created with,Interactive_Content_–_H5P,0.10600423111229292,0.15504441406874808,0.0,False,unknown,GameElementResource,0.08480338488983434,0.0,0.0,-1,rejected,0.0
the original language inwhich the course is created with,Quizventure,0.10600423111229292,0.15504441406874808,0.0,False,unknown,GameElementResource,0.08480338488983434,0.0,0.0,-1,rejected,0.0
Total number of likes granted for this game element,Block_Game,0.10600423111229292,0.15504441406874808,0.0,False,unknown,GameElementResource,0.08480338488983434,0.0,0.0,-1,rejected,0.0
"The course is targeted for audience who have payment preference of either ""free of charge"" or ""with charge""",Interactive_Content_–_H5P,0.10600423111229292,0.15504441406874808,0.0,False,unknown,GameElementResource,0.08480338488983434,0.0,0.0,-1,rejected,0.0
Whether it is flexible or has certain deadlines,Interactive_Content_–_H5P,0.10600423111229292,0.15504441406874808,0.0,False,unknown,GameElementResource,0.08480338488983434,0.0,0.0,-1,rejected,0.0
Whether it is flexible or has certain deadlines,Block_Game,0.10600423111229292,0.15504441406874808,0.0,False,unknown,GameElementResource,0.08480338488983434,0.0,0.0,-1,rejected,0.0
Whether it is flexible or has certain deadlines,Game,0.10600423111229292,0.15504441406874808,0.0,False,unknown,GameElementResource,0.08480338488983434,0.0,0.0,-1,rejected,0.0
The duration in minutes of a single resource,Interactive_Content_–_H5P,0.10600423111229292,0.15504441406874808,0.0,False,unknown,GameElementResource,0.08480338488983434,0.0,0.0,-1,rejected,0.0
"The course is targeted for audience who have payment preference of either ""free of charge"" or ""with charge""",Game,0.10600423111229292,0.15504441406874808,0.0,False,unknown,GameElementResource,0.08480338488983434,0.0,0.0,-1,rejected,0.0
The duration in minutes of a single resource,Game,0.10600423111229292,0.15504441406874808,0.0,False,unknown,GameElementResource,0.08480338488983434,0.0,0.0,-1,rejected,0.0
Whether it is flexible or has certain deadlines,Quizventure,0.10600423111229292,0.15504441406874808,0.0,False,unknown,GameElementResource,0.08480338488983434,0.0,0.0,-1,rejected,0.0
brief description of the game element purpose,Quizventure,0.10600423111229292,0.15504441406874808,0.0,False,unknown,GameElementResource,0.08480338488983434,0.0,0.0,-1,rejected,0.0
the latest version released for this game element,Interactive_Content_–_H5P,0.10600423111229292,0.15504441406874808,0.0,False,unknown,GameElementResource,0.08480338488983434,0.0,0.0,-1,rejected,0.0
the latest version released for this game element,Game,0.10600423111229292,0.15504441406874808,0.0,False,unknown,GameElementResource,0.08480338488983434,0.0,0.0,-1,rejected,0.0
the latest version released for this game element,Block_Game,0.10600423111229292,0.15504441406874808,0.0,False,unknown,GameElementResource,0.08480338488983434,0.0,0.0,-1,rejected,0.0
brief description of the game element purpose,Game,0.10600423111229292,0.15504441406874808,0.0,False,unknown,GameElementResource,0.08480338488983434,0.0,0.0,-1,rejected,0.0
brief description of the game element purpose,Interactive_Content_–_H5P,0.10600423111229292,0.15504441406874808,0.0,False,unknown,GameElementResource,0.08480338488983434,0.0,0.0,-1,rejected,0.0
language for the transcript of the course's resources,Quizventure,0.10600423111229292,0.15504441406874808,0.0,False,unknown,GameElementResource,0.08480338488983434,0.0,0.0,-1,rejected,0.0
language for the transcript of the course's resources,Block_Game,0.10600423111229292,0.15504441406874808,0.0,False,unknown,GameElementResource,0.08480338488983434,0.0,0.0,-1,rejected,0.0
integrated this game element,Quizventure,0.10600423111229292,0.15504441406874808,0.0,False,unknown,GameElementResource,0.08480338488983434,0.0,0.0,-1,rejected,0.0
total number of learners enrolled to the course throughout the years,Quizventure,0.10600423111229292,0.15504441406874808,0.0,False,unknown,GameElementResource,0.08480338488983434,0.0,0.0,-1,rejected,0.0
"the teacher defines the purpose of the resource as either for ""lecturing"" or for ""assessment""",Block_Game,0.10600423111229292,0.15504441406874808,0.0,False,unknown,GameElementResource,0.08480338488983434,0.0,0.0,-1,rejected,0.0
the number of weeks since the latest release of the game element version,Block_Game,0.10600423111229292,0.15504441406874808,0.0,False,unknown,GameElementResource,0.08480338488983434,0.0,0.0,-1,rejected,0.0
Total number of downloads done for this game elemnent,Block_Game,0.10600423111229292,0.15504441406874808,0.0,False,unknown,GameElementResource,0.08480338488983434,0.0,0.0,-1,rejected,0.0
Total number of downloads done for this game elemnent,Interactive_Content_–_H5P,0.10600423111229292,0.15504441406874808,0.0,False,unknown,GameElementResource,0.08480338488983434,0.0,0.0,-1,rejected,0.0
the latest version released for this game element,Quizventure,0.10600423111229292,0.15504441406874808,0.0,False,unknown,GameElementResource,0.08480338488983434,0.0,0.0,-1,rejected,0.0
Total number of likes granted for this game element,Quizventure,0.10600423111229292,0.15504441406874808,0.0,False,unknown,GameElementResource,0.08480338488983434,0.0,0.0,-1,rejected,0.0
language for the transcript of the course's resources,Interactive_Content_–_H5P,0.10600423111229292,0.15504441406874808,0.0,False,unknown,GameElementResource,0.08480338488983434,0.0,0.0,-1,rejected,0.0
brief description of the game element purpose,Block_Game,0.10600423111229292,0.15504441406874808,0.0,False,unknown,GameElementResource,0.08480338488983434,0.0,0.0,-1,rejected,0.0
The duration in minutes of a single resource,Block_Game,0.10600423111229292,0.15504441406874808,0.0,False,unknown,GameElementResource,0.08480338488983434,0.0,0.0,-1,rejected,0.0
"The course is targeted for audience who have payment preference of either ""free of charge"" or ""with charge""",Quizventure,0.10600423111229292,0.15504441406874808,0.0,False,unknown,GameElementResource,0.08480338488983434,0.0,0.0,-1,rejected,0.0
language for the transcript of the course's resources,Game,0.10600423111229292,0.15504441406874808,0.0,False,unknown,GameElementResource,0.08480338488983434,0.0,0.0,-1,rejected,0.0
rating of course from 0 to 5.,Interactive_Content_–_H5P,0.10600423111229292,0.15504441406874808,0.0,False,unknown,GameElementResource,0.08480338488983434,0.0,0.0,-1,rejected,0.0
rating of course from 0 to 5.,Block_Game,0.10600423111229292,0.15504441406874808,0.0,False,unknown,GameElementResource,0.08480338488983434,0.0,0.0,-1,rejected,0.0
rating of course from 0 to 5.,Quizventure,0.10600423111229292,0.15504441406874808,0.0,False,unknown,GameElementResource,0.08480338488983434,0.0,0.0,-1,rejected,0.0
integrated this game element,Game,0.10600423111229292,0.15504441406874808,0.0,False,unknown,GameElementResource,0.08480338488983434,0.0,0.0,-1,rejected,0.0
integrated this game element,Interactive_Content_–_H5P,0.10600423111229292,0.15504441406874808,0.0,False,unknown,GameElementResource,0.08480338488983434,0.0,0.0,-1,rejected,0.0
VCard,Block_Game,0.10600423111229292,0.15504441406874808,0.0,False,unknown,GameElementResource,0.08480338488983434,0.0,0.0,-1,rejected,0.0
VCard,Game,0.10600423111229292,0.15504441406874808,0.0,False,unknown,GameElementResource,0.08480338488983434,0.0,0.0,-1,rejected,0.0
VCard,Interactive_Content_–_H5P,0.10600423111229292,0.15504441406874808,0.0,False,unknown,GameElementResource,0.08480338488983434,0.0,0.0,-1,rejected,0.0
rating of course from 0 to 5.,Game,0.10600423111229292,0.15504441406874808,0.0,False,unknown,GameElementResource,0.08480338488983434,0.0,0.0,-1,rejected,0.0
CollectedDocument,Game,0.10600423111229292,0.15504441406874808,0.0,False,unknown,GameElementResource,0.08480338488983434,0.0,0.0,-1,rejected,0.0
CollectedDocument,Block_Game,0.10600423111229292,0.15504441406874808,0.0,False,unknown,GameElementResource,0.08480338488983434,0.0,0.0,-1,rejected,0.0
"The course is targeted for audience who have payment preference of either ""free of charge"" or ""with charge""",Block_Game,0.10600423111229292,0.15504441406874808,0.0,False,unknown,GameElementResource,0.08480338488983434,0.0,0.0,-1,rejected,0.0
CollectedDocument,Quizventure,0.10600423111229292,0.15504441406874808,0.0,False,unknown,GameElementResource,0.08480338488983434,0.0,0.0,-1,rejected,0.0
CollectedDocument,Interactive_Content_–_H5P,0.10600423111229292,0.15504441406874808,0.0,False,unknown,GameElementResource,0.08480338488983434,0.0,0.0,-1,rejected,0.0
VCard,Quizventure,0.10600423111229292,0.15504441406874808,0.0,False,unknown,GameElementResource,0.08480338488983434,0.0,0.0,-1,rejected,0.0
the title of the game element,Game,0.10600423111229292,0.15504441406874808,0.0,False,unknown,GameElementResource,0.08480338488983434,0.0,0.0,-1,rejected,0.0
integrated this game element,Block_Game,0.10600423111229292,0.15504441406874808,0.0,False,unknown,GameElementResource,0.08480338488983434,0.0,0.0,-1,rejected,0.0
the title of the game element,Quizventure,0.10600423111229292,0.15504441406874808,0.0,False,unknown,GameElementResource,0.08480338488983434,0.0,0.0,-1,rejected,0.0
the title of the game element,Interactive_Content_–_H5P,0.10600423111229292,0.15504441406874808,0.0,False,unknown,GameElementResource,0.08480338488983434,0.0,0.0,-1,rejected,0.0
"the teacher defines the purpose of the resource as either for ""lecturing"" or for ""assessment""",Interactive_Content_–_H5P,0.10600423111229292,0.15504441406874808,0.0,False,unknown,GameElementResource,0.08480338488983434,0.0,0.0,-1,rejected,0.0
"the teacher defines the purpose of the resource as either for ""lecturing"" or for ""assessment""",Quizventure,0.10600423111229292,0.15504441406874808,0.0,False,unknown,GameElementResource,0.08480338488983434,0.0,0.0,-1,rejected,0.0
the title of the game element,Block_Game,0.10600423111229292,0.15504441406874808,0.0,False,unknown,GameElementResource,0.08480338488983434,0.0,0.0,-1,rejected,0.0
"the teacher defines the purpose of the resource as either for ""lecturing"" or for ""assessment""",Game,0.10600423111229292,0.15504441406874808,0.0,False,unknown,GameElementResource,0.08480338488983434,0.0,0.0,-1,rejected,0.0
Number of hours for completing the course,Interactive_Content_–_H5P,0.10600423111229292,0.15504441406874808,0.0,False,unknown,GameElementResource,0.08480338488983434,0.0,0.0,-1,rejected,0.0
total number of learners enrolled to the course throughout the years,Interactive_Content_–_H5P,0.10600423111229292,0.15504441406874808,0.0,False,unknown,GameElementResource,0.08480338488983434,0.0,0.0,-1,rejected,0.0
total number of learners enrolled to the course throughout the years,Game,0.10600423111229292,0.15504441406874808,0.0,False,unknown,GameElementResource,0.08480338488983434,0.0,0.0,-1,rejected,0.0
total number of learners enrolled to the course throughout the years,Block_Game,0.10600423111229292,0.15504441406874808,0.0,False,unknown,GameElementResource,0.08480338488983434,0.0,0.0,-1,rejected,0.0
Number of hours for completing the course,Quizventure,0.10600423111229292,0.15504441406874808,0.0,False,unknown,GameElementResource,0.08480338488983434,0.0,0.0,-1,rejected,0.0
Number of hours for completing the course,Block_Game,0.10600423111229292,0.15504441406874808,0.0,False,unknown,GameElementResource,0.08480338488983434,0.0,0.0,-1,rejected,0.0
Number of hours for completing the course,Game,0.10600423111229292,0.15504441406874808,0.0,False,unknown,GameElementResource,0.08480338488983434,0.0,0.0,-1,rejected,0.0
"The targeted audience of a targeted course has targeted educational level to be beginner, intermefdiate, or advanced",Block_Game,0.10600423111229292,0.15504441406874808,0.0,False,unknown,GameElementResource,0.08480338488983434,0.0,0.0,-1,rejected,0.0
"The targeted audience of a targeted course has targeted educational level to be beginner, intermefdiate, or advanced",Game,0.10600423111229292,0.15504441406874808,0.0,False,unknown,GameElementResource,0.08480338488983434,0.0,0.0,-1,rejected,0.0
"The targeted audience of a targeted course has targeted educational level to be beginner, intermefdiate, or advanced",Interactive_Content_–_H5P,0.10600423111229292,0.15504441406874808,0.0,False,unknown,GameElementResource,0.08480338488983434,0.0,0.0,-1,rejected,0.0
"The targeted audience of a targeted course has targeted educational level to be beginner, intermefdiate, or advanced",Quizventure,0.10600423111229292,0.15504441406874808,0.0,False,unknown,GameElementResource,0.08480338488983434,0.0,0.0,-1,rejected,0.0
Total number of downloads done for this game elemnent,Game,0.10600423111229292,0.15504441406874808,0.0,False,unknown,GameElementResource,0.08480338488983434,0.0,0.0,-1,rejected,0.0
_:b191,Availability_Block_Game_by_level,0.10599742897045672,0.15590489882262323,0.0,False,IndividualPropertyAtom,Level,0.08479794317636538,0.0,0.0,-1,rejected,0.0
_:b145,Availability_Block_Game_by_level,0.1059814247491077,0.15591411615374617,0.0,False,IndividualPropertyAtom,Level,0.08478513979928616,0.0,0.0,-1,rejected,0.0
_:b151,Availability_Block_Game_by_level,0.1059814247491077,0.15591411615374617,0.0,False,IndividualPropertyAtom,Level,0.08478513979928616,0.0,0.0,-1,rejected,0.0
_:b263,Availability_Block_Game_by_level,0.1059814247491077,0.15591411615374617,0.0,False,IndividualPropertyAtom,Level,0.08478513979928616,0.0,0.0,-1,rejected,0.0
_:b207,Availability_Block_Game_by_level,0.1059814247491077,0.15591411615374617,0.0,False,IndividualPropertyAtom,Level,0.08478513979928616,0.0,0.0,-1,rejected,0.0
_:b227,Availability_Block_Game_by_level,0.1059814247491077,0.15591411615374617,0.0,False,IndividualPropertyAtom,Level,0.08478513979928616,0.0,0.0,-1,rejected,0.0
_:b216,Availability_Block_Game_by_level,0.1059814247491077,0.15591411615374617,0.0,False,IndividualPropertyAtom,Level,0.08478513979928616,0.0,0.0,-1,rejected,0.0
_:b274,Availability_Block_Game_by_level,0.1059814247491077,0.15591411615374617,0.0,False,IndividualPropertyAtom,Level,0.08478513979928616,0.0,0.0,-1,rejected,0.0
_:b134,Availability_Block_Game_by_level,0.1059814247491077,0.15591411615374617,0.0,False,IndividualPropertyAtom,Level,0.08478513979928616,0.0,0.0,-1,rejected,0.0
_:b107,Availability_Block_Game_by_level,0.1059814247491077,0.15591411615374617,0.0,False,IndividualPropertyAtom,Level,0.08478513979928616,0.0,0.0,-1,rejected,0.0
_:b180,Availability_Block_Game_by_level,0.10598141878864323,0.155914103025572,0.0,False,IndividualPropertyAtom,Level,0.08478513503091459,0.0,0.0,-1,rejected,0.0
_:b158,Availability_Block_Game_by_level,0.10598141878864323,0.155914103025572,0.0,False,IndividualPropertyAtom,Level,0.08478513503091459,0.0,0.0,-1,rejected,0.0
_:b169,Availability_Block_Game_by_level,0.10598141878864323,0.155914103025572,0.0,False,IndividualPropertyAtom,Level,0.08478513503091459,0.0,0.0,-1,rejected,0.0
ObservableProperty,Quizventure,0.10588111030193097,0.15693917978365712,0.0,False,unknown,GameElementResource,0.08470488824154478,0.0,0.0,-1,rejected,0.0
ObservableProperty,Interactive_Content_–_H5P,0.10588111030193097,0.15693917978365712,0.0,False,unknown,GameElementResource,0.08470488824154478,0.0,0.0,-1,rejected,0.0
ObservableProperty,Game,0.10588111030193097,0.15693917978365712,0.0,False,unknown,GameElementResource,0.08470488824154478,0.0,0.0,-1,rejected,0.0
ObservableProperty,Block_Game,0.10588111030193097,0.15693917978365712,0.0,False,unknown,GameElementResource,0.08470488824154478,0.0,0.0,-1,rejected,0.0
thumbnail,Block_Game,0.10588111030193097,0.15693917978365712,0.0,False,unknown,GameElementResource,0.08470488824154478,0.0,0.0,-1,rejected,0.0
thumbnail,Game,0.10588111030193097,0.15693917978365712,0.0,False,unknown,GameElementResource,0.08470488824154478,0.0,0.0,-1,rejected,0.0
DeleteResourceActivity,Quizventure,0.10588111030193097,0.15693917978365712,0.0,False,unknown,GameElementResource,0.08470488824154478,0.0,0.0,-1,rejected,0.0
CreateUser,Quizventure,0.10588111030193097,0.15693917978365712,0.0,False,unknown,GameElementResource,0.08470488824154478,0.0,0.0,-1,rejected,0.0
CreateUser,Game,0.10588111030193097,0.15693917978365712,0.0,False,unknown,GameElementResource,0.08470488824154478,0.0,0.0,-1,rejected,0.0
CreateUser,Block_Game,0.10588111030193097,0.15693917978365712,0.0,False,unknown,GameElementResource,0.08470488824154478,0.0,0.0,-1,rejected,0.0
CreateResourceActivity,Quizventure,0.10588111030193097,0.15693917978365712,0.0,False,unknown,GameElementResource,0.08470488824154478,0.0,0.0,-1,rejected,0.0
CreateResourceActivity,Interactive_Content_–_H5P,0.10588111030193097,0.15693917978365712,0.0,False,unknown,GameElementResource,0.08470488824154478,0.0,0.0,-1,rejected,0.0
CreateUser,Interactive_Content_–_H5P,0.10588111030193097,0.15693917978365712,0.0,False,unknown,GameElementResource,0.08470488824154478,0.0,0.0,-1,rejected,0.0
ReflexiveProperty,Game,0.10588111030193097,0.15693917978365712,0.0,False,unknown,GameElementResource,0.08470488824154478,0.0,0.0,-1,rejected,0.0
indexed_by,Interactive_Content_–_H5P,0.10588111030193097,0.15693917978365712,0.0,False,unknown,GameElementResource,0.08470488824154478,0.0,0.0,-1,rejected,0.0
indexed_by,Quizventure,0.10588111030193097,0.15693917978365712,0.0,False,unknown,GameElementResource,0.08470488824154478,0.0,0.0,-1,rejected,0.0
Vcard,Game,0.10588111030193097,0.15693917978365712,0.0,False,unknown,GameElementResource,0.08470488824154478,0.0,0.0,-1,rejected,0.0
Vcard,Block_Game,0.10588111030193097,0.15693917978365712,0.0,False,unknown,GameElementResource,0.08470488824154478,0.0,0.0,-1,rejected,0.0
CreateResourceActivity,Block_Game,0.10588111030193097,0.15693917978365712,0.0,False,unknown,GameElementResource,0.08470488824154478,0.0,0.0,-1,rejected,0.0
CreateResourceActivity,Game,0.10588111030193097,0.15693917978365712,0.0,False,unknown,GameElementResource,0.08470488824154478,0.0,0.0,-1,rejected,0.0
was_generated_by,Quizventure,0.10588111030193097,0.15693917978365712,0.0,False,unknown,GameElementResource,0.08470488824154478,0.0,0.0,-1,rejected,0.0
DeleteResourceActivity,Block_Game,0.10588111030193097,0.15693917978365712,0.0,False,unknown,GameElementResource,0.08470488824154478,0.0,0.0,-1,rejected,0.0
thumbnail,Interactive_Content_–_H5P,0.10588111030193097,0.15693917978365712,0.0,False,unknown,GameElementResource,0.08470488824154478,0.0,0.0,-1,rejected,0.0
thumbnail,Quizventure,0.10588111030193097,0.15693917978365712,0.0,False,unknown,GameElementResource,0.08470488824154478,0.0,0.0,-1,rejected,0.0
Chat,Block_Game,0.10588111030193097,0.15693917978365712,0.0,False,unknown,GameElementResource,0.08470488824154478,0.0,0.0,-1,rejected,0.0
create_organization,Quizventure,0.10588111030193097,0.15693917978365712,0.0,False,unknown,GameElementResource,0.08470488824154478,0.0,0.0,-1,rejected,0.0
create_organization,Game,0.10588111030193097,0.15693917978365712,0.0,False,unknown,GameElementResource,0.08470488824154478,0.0,0.0,-1,rejected,0.0
create_organization,Interactive_Content_–_H5P,0.10588111030193097,0.15693917978365712,0.0,False,unknown,GameElementResource,0.08470488824154478,0.0,0.0,-1,rejected,0.0
create_organization,Block_Game,0.10588111030193097,0.15693917978365712,0.0,False,unknown,GameElementResource,0.08470488824154478,0.0,0.0,-1,rejected,0.0
Vcard,Interactive_Content_–_H5P,0.10588111030193097,0.15693917978365712,0.0,False,unknown,GameElementResource,0.08470488824154478,0.0,0.0,-1,rejected,0.0
Chat,Game,0.10588111030193097,0.15693917978365712,0.0,False,unknown,GameElementResource,0.08470488824154478,0.0,0.0,-1,rejected,0.0
Chat,Quizventure,0.10588111030193097,0.15693917978365712,0.0,False,unknown,GameElementResource,0.08470488824154478,0.0,0.0,-1,rejected,0.0
space_of,Block_Game,0.10588111030193097,0.15693917978365712,0.0,False,unknown,GameElementResource,0.08470488824154478,0.0,0.0,-1,rejected,0.0
Sampler,Block_Game,0.10588111030193097,0.15693917978365712,0.0,False,unknown,GameElementResource,0.08470488824154478,0.0,0.0,-1,rejected,0.0
img,Interactive_Content_–_H5P,0.10588111030193097,0.15693917978365712,0.0,False,unknown,GameElementResource,0.08470488824154478,0.0,0.0,-1,rejected,0.0
img,Game,0.10588111030193097,0.15693917978365712,0.0,False,unknown,GameElementResource,0.08470488824154478,0.0,0.0,-1,rejected,0.0
img,Quizventure,0.10588111030193097,0.15693917978365712,0.0,False,unknown,GameElementResource,0.08470488824154478,0.0,0.0,-1,rejected,0.0
indexed_by,Block_Game,0.10588111030193097,0.15693917978365712,0.0,False,unknown,GameElementResource,0.08470488824154478,0.0,0.0,-1,rejected,0.0
indexed_by,Game,0.10588111030193097,0.15693917978365712,0.0,False,unknown,GameElementResource,0.08470488824154478,0.0,0.0,-1,rejected,0.0
Chat,Interactive_Content_–_H5P,0.10588111030193097,0.15693917978365712,0.0,False,unknown,GameElementResource,0.08470488824154478,0.0,0.0,-1,rejected,0.0
hasTarget,Block_Game,0.10588111030193097,0.15693917978365712,0.0,False,unknown,GameElementResource,0.08470488824154478,0.0,0.0,-1,rejected,0.0
hasTarget,Game,0.10588111030193097,0.15693917978365712,0.0,False,unknown,GameElementResource,0.08470488824154478,0.0,0.0,-1,rejected,0.0
hasTarget,Quizventure,0.10588111030193097,0.15693917978365712,0.0,False,unknown,GameElementResource,0.08470488824154478,0.0,0.0,-1,rejected,0.0
hasTarget,Interactive_Content_–_H5P,0.10588111030193097,0.15693917978365712,0.0,False,unknown,GameElementResource,0.08470488824154478,0.0,0.0,-1,rejected,0.0
has_EndDate,Block_Game,0.10588111030193097,0.15693917978365712,0.0,False,unknown,GameElementResource,0.08470488824154478,0.0,0.0,-1,rejected,0.0
has_EndDate,Game,0.10588111030193097,0.15693917978365712,0.0,False,unknown,GameElementResource,0.08470488824154478,0.0,0.0,-1,rejected,0.0
has_EndDate,Interactive_Content_–_H5P,0.10588111030193097,0.15693917978365712,0.0,False,unknown,GameElementResource,0.08470488824154478,0.0,0.0,-1,rejected,0.0
has_EndDate,Quizventure,0.10588111030193097,0.15693917978365712,0.0,False,unknown,GameElementResource,0.08470488824154478,0.0,0.0,-1,rejected,0.0
has_actor,Block_Game,0.10588111030193097,0.15693917978365712,0.0,False,unknown,GameElementResource,0.08470488824154478,0.0,0.0,-1,rejected,0.0
has_actor,Game,0.10588111030193097,0.15693917978365712,0.0,False,unknown,GameElementResource,0.08470488824154478,0.0,0.0,-1,rejected,0.0
adr,Quizventure,0.10588111030193097,0.15693917978365712,0.0,False,unknown,GameElementResource,0.08470488824154478,0.0,0.0,-1,rejected,0.0
shared_by,Block_Game,0.10588111030193097,0.15693917978365712,0.0,False,unknown,GameElementResource,0.08470488824154478,0.0,0.0,-1,rejected,0.0
shared_by,Game,0.10588111030193097,0.15693917978365712,0.0,False,unknown,GameElementResource,0.08470488824154478,0.0,0.0,-1,rejected,0.0
shared_by,Interactive_Content_–_H5P,0.10588111030193097,0.15693917978365712,0.0,False,unknown,GameElementResource,0.08470488824154478,0.0,0.0,-1,rejected,0.0
DeleteResourceActivity,Game,0.10588111030193097,0.15693917978365712,0.0,False,unknown,GameElementResource,0.08470488824154478,0.0,0.0,-1,rejected,0.0
DeleteResourceActivity,Interactive_Content_–_H5P,0.10588111030193097,0.15693917978365712,0.0,False,unknown,GameElementResource,0.08470488824154478,0.0,0.0,-1,rejected,0.0
space_of,Game,0.10588111030193097,0.15693917978365712,0.0,False,unknown,GameElementResource,0.08470488824154478,0.0,0.0,-1,rejected,0.0
shared_by,Quizventure,0.10588111030193097,0.15693917978365712,0.0,False,unknown,GameElementResource,0.08470488824154478,0.0,0.0,-1,rejected,0.0
Vcard,Quizventure,0.10588111030193097,0.15693917978365712,0.0,False,unknown,GameElementResource,0.08470488824154478,0.0,0.0,-1,rejected,0.0
space_of,Interactive_Content_–_H5P,0.10588111030193097,0.15693917978365712,0.0,False,unknown,GameElementResource,0.08470488824154478,0.0,0.0,-1,rejected,0.0
has_actor,Quizventure,0.10588111030193097,0.15693917978365712,0.0,False,unknown,GameElementResource,0.08470488824154478,0.0,0.0,-1,rejected,0.0
has_member,Block_Game,0.10588111030193097,0.15693917978365712,0.0,False,unknown,GameElementResource,0.08470488824154478,0.0,0.0,-1,rejected,0.0
has_member,Game,0.10588111030193097,0.15693917978365712,0.0,False,unknown,GameElementResource,0.08470488824154478,0.0,0.0,-1,rejected,0.0
space_of,Quizventure,0.10588111030193097,0.15693917978365712,0.0,False,unknown,GameElementResource,0.08470488824154478,0.0,0.0,-1,rejected,0.0
has_member,Interactive_Content_–_H5P,0.10588111030193097,0.15693917978365712,0.0,False,unknown,GameElementResource,0.08470488824154478,0.0,0.0,-1,rejected,0.0
has_member,Quizventure,0.10588111030193097,0.15693917978365712,0.0,False,unknown,GameElementResource,0.08470488824154478,0.0,0.0,-1,rejected,0.0
has_moderator,Game,0.10588111030193097,0.15693917978365712,0.0,False,unknown,GameElementResource,0.08470488824154478,0.0,0.0,-1,rejected,0.0
has_moderator,Block_Game,0.10588111030193097,0.15693917978365712,0.0,False,unknown,GameElementResource,0.08470488824154478,0.0,0.0,-1,rejected,0.0
Sampler,Game,0.10588111030193097,0.15693917978365712,0.0,False,unknown,GameElementResource,0.08470488824154478,0.0,0.0,-1,rejected,0.0
Sampler,Interactive_Content_–_H5P,0.10588111030193097,0.15693917978365712,0.0,False,unknown,GameElementResource,0.08470488824154478,0.0,0.0,-1,rejected,0.0
Sampler,Quizventure,0.10588111030193097,0.15693917978365712,0.0,False,unknown,GameElementResource,0.08470488824154478,0.0,0.0,-1,rejected,0.0
has_actor,Interactive_Content_–_H5P,0.10588111030193097,0.15693917978365712,0.0,False,unknown,GameElementResource,0.08470488824154478,0.0,0.0,-1,rejected,0.0
has_moderator,Interactive_Content_–_H5P,0.10588111030193097,0.15693917978365712,0.0,False,unknown,GameElementResource,0.08470488824154478,0.0,0.0,-1,rejected,0.0
has_moderator,Quizventure,0.10588111030193097,0.15693917978365712,0.0,False,unknown,GameElementResource,0.08470488824154478,0.0,0.0,-1,rejected,0.0
isPrimaryTopicOf,Block_Game,0.10588111030193097,0.15693917978365712,0.0,False,unknown,GameElementResource,0.08470488824154478,0.0,0.0,-1,rejected,0.0
has_owner,Block_Game,0.10588111030193097,0.15693917978365712,0.0,False,unknown,GameElementResource,0.08470488824154478,0.0,0.0,-1,rejected,0.0
isPrimaryTopicOf,Game,0.10588111030193097,0.15693917978365712,0.0,False,unknown,GameElementResource,0.08470488824154478,0.0,0.0,-1,rejected,0.0
isPrimaryTopicOf,Interactive_Content_–_H5P,0.10588111030193097,0.15693917978365712,0.0,False,unknown,GameElementResource,0.08470488824154478,0.0,0.0,-1,rejected,0.0
isPrimaryTopicOf,Quizventure,0.10588111030193097,0.15693917978365712,0.0,False,unknown,GameElementResource,0.08470488824154478,0.0,0.0,-1,rejected,0.0
_:b55,Block_Game,0.10588111030193097,0.15693917978365712,0.0,False,unknown,GameElementResource,0.08470488824154478,0.0,0.0,-1,rejected,0.0
_:b55,Game,0.10588111030193097,0.15693917978365712,0.0,False,unknown,GameElementResource,0.08470488824154478,0.0,0.0,-1,rejected,0.0
_:b55,Interactive_Content_–_H5P,0.10588111030193097,0.15693917978365712,0.0,False,unknown,GameElementResource,0.08470488824154478,0.0,0.0,-1,rejected,0.0
_:b55,Quizventure,0.10588111030193097,0.15693917978365712,0.0,False,unknown,GameElementResource,0.08470488824154478,0.0,0.0,-1,rejected,0.0
is_processed_by,Block_Game,0.10588111030193097,0.15693917978365712,0.0,False,unknown,GameElementResource,0.08470488824154478,0.0,0.0,-1,rejected,0.0
is_processed_by,Game,0.10588111030193097,0.15693917978365712,0.0,False,unknown,GameElementResource,0.08470488824154478,0.0,0.0,-1,rejected,0.0
is_processed_by,Interactive_Content_–_H5P,0.10588111030193097,0.15693917978365712,0.0,False,unknown,GameElementResource,0.08470488824154478,0.0,0.0,-1,rejected,0.0
is_processed_by,Quizventure,0.10588111030193097,0.15693917978365712,0.0,False,unknown,GameElementResource,0.08470488824154478,0.0,0.0,-1,rejected,0.0
ReflexiveProperty,Interactive_Content_–_H5P,0.10588111030193097,0.15693917978365712,0.0,False,unknown,GameElementResource,0.08470488824154478,0.0,0.0,-1,rejected,0.0
ReflexiveProperty,Quizventure,0.10588111030193097,0.15693917978365712,0.0,False,unknown,GameElementResource,0.08470488824154478,0.0,0.0,-1,rejected,0.0
interest,Block_Game,0.10588111030193097,0.15693917978365712,0.0,False,unknown,GameElementResource,0.08470488824154478,0.0,0.0,-1,rejected,0.0
interest,Game,0.10588111030193097,0.15693917978365712,0.0,False,unknown,GameElementResource,0.08470488824154478,0.0,0.0,-1,rejected,0.0
interest,Interactive_Content_–_H5P,0.10588111030193097,0.15693917978365712,0.0,False,unknown,GameElementResource,0.08470488824154478,0.0,0.0,-1,rejected,0.0
interest,Quizventure,0.10588111030193097,0.15693917978365712,0.0,False,unknown,GameElementResource,0.08470488824154478,0.0,0.0,-1,rejected,0.0
ReflexiveProperty,Block_Game,0.10588111030193097,0.15693917978365712,0.0,False,unknown,GameElementResource,0.08470488824154478,0.0,0.0,-1,rejected,0.0
has_owner,Game,0.10588111030193097,0.15693917978365712,0.0,False,unknown,GameElementResource,0.08470488824154478,0.0,0.0,-1,rejected,0.0
has_owner,Interactive_Content_–_H5P,0.10588111030193097,0.15693917978365712,0.0,False,unknown,GameElementResource,0.08470488824154478,0.0,0.0,-1,rejected,0.0
has_owner,Quizventure,0.10588111030193097,0.15693917978365712,0.0,False,unknown,GameElementResource,0.08470488824154478,0.0,0.0,-1,rejected,0.0
used,Block_Game,0.10588111030193097,0.15693917978365712,0.0,False,unknown,GameElementResource,0.08470488824154478,0.0,0.0,-1,rejected,0.0
used,Game,0.10588111030193097,0.15693917978365712,0.0,False,unknown,GameElementResource,0.08470488824154478,0.0,0.0,-1,rejected,0.0
Annotation,Block_Game,0.10588111030193097,0.15693917978365712,0.0,False,unknown,GameElementResource,0.08470488824154478,0.0,0.0,-1,rejected,0.0
Annotation,Game,0.10588111030193097,0.15693917978365712,0.0,False,unknown,GameElementResource,0.08470488824154478,0.0,0.0,-1,rejected,0.0
Annotation,Interactive_Content_–_H5P,0.10588111030193097,0.15693917978365712,0.0,False,unknown,GameElementResource,0.08470488824154478,0.0,0.0,-1,rejected,0.0
Annotation,Quizventure,0.10588111030193097,0.15693917978365712,0.0,False,unknown,GameElementResource,0.08470488824154478,0.0,0.0,-1,rejected,0.0
used,Interactive_Content_–_H5P,0.10588111030193097,0.15693917978365712,0.0,False,unknown,GameElementResource,0.08470488824154478,0.0,0.0,-1,rejected,0.0
used,Quizventure,0.10588111030193097,0.15693917978365712,0.0,False,unknown,GameElementResource,0.08470488824154478,0.0,0.0,-1,rejected,0.0
adr,Block_Game,0.10588111030193097,0.15693917978365712,0.0,False,unknown,GameElementResource,0.08470488824154478,0.0,0.0,-1,rejected,0.0
adr,Game,0.10588111030193097,0.15693917978365712,0.0,False,unknown,GameElementResource,0.08470488824154478,0.0,0.0,-1,rejected,0.0
adr,Interactive_Content_–_H5P,0.10588111030193097,0.15693917978365712,0.0,False,unknown,GameElementResource,0.08470488824154478,0.0,0.0,-1,rejected,0.0
has_parent,Block_Game,0.10588111030193097,0.15693917978365712,0.0,False,unknown,GameElementResource,0.08470488824154478,0.0,0.0,-1,rejected,0.0
has_parent,Game,0.10588111030193097,0.15693917978365712,0.0,False,unknown,GameElementResource,0.08470488824154478,0.0,0.0,-1,rejected,0.0
has_parent,Interactive_Content_–_H5P,0.10588111030193097,0.15693917978365712,0.0,False,unknown,GameElementResource,0.08470488824154478,0.0,0.0,-1,rejected,0.0
has_parent,Quizventure,0.10588111030193097,0.15693917978365712,0.0,False,unknown,GameElementResource,0.08470488824154478,0.0,0.0,-1,rejected,0.0
about_modify,Block_Game,0.10588111030193097,0.15693917978365712,0.0,False,unknown,GameElementResource,0.08470488824154478,0.0,0.0,-1,rejected,0.0
about_modify,Game,0.10588111030193097,0.15693917978365712,0.0,False,unknown,GameElementResource,0.08470488824154478,0.0,0.0,-1,rejected,0.0
about_modify,Interactive_Content_–_H5P,0.10588111030193097,0.15693917978365712,0.0,False,unknown,GameElementResource,0.08470488824154478,0.0,0.0,-1,rejected,0.0
about_modify,Quizventure,0.10588111030193097,0.15693917978365712,0.0,False,unknown,GameElementResource,0.08470488824154478,0.0,0.0,-1,rejected,0.0
was_generated_by,Interactive_Content_–_H5P,0.10588111030193097,0.15693917978365712,0.0,False,unknown,GameElementResource,0.08470488824154478,0.0,0.0,-1,rejected,0.0
was_generated_by,Game,0.10588111030193097,0.15693917978365712,0.0,False,unknown,GameElementResource,0.08470488824154478,0.0,0.0,-1,rejected,0.0
was_generated_by,Block_Game,0.10588111030193097,0.15693917978365712,0.0,False,unknown,GameElementResource,0.08470488824154478,0.0,0.0,-1,rejected,0.0
img,Block_Game,0.10588111030193097,0.15693917978365712,0.0,False,unknown,GameElementResource,0.08470488824154478,0.0,0.0,-1,rejected,0.0
has_creator,Block_Game,0.10588109838100201,0.15693915368927158,0.0,False,unknown,GameElementResource,0.08470487870480162,0.0,0.0,-1,rejected,0.0
has_creator,Game,0.10588109838100201,0.15693915368927158,0.0,False,unknown,GameElementResource,0.08470487870480162,0.0,0.0,-1,rejected,0.0
has_creator,Interactive_Content_–_H5P,0.10588109838100201,0.15693915368927158,0.0,False,unknown,GameElementResource,0.08470487870480162,0.0,0.0,-1,rejected,0.0
has_creator,Quizventure,0.10588109838100201,0.15693915368927158,0.0,False,unknown,GameElementResource,0.08470487870480162,0.0,0.0,-1,rejected,0.0
lives_in,Block_Game,0.10588109838100201,0.15693915368927158,0.0,False,unknown,GameElementResource,0.08470487870480162,0.0,0.0,-1,rejected,0.0
has_question,Block_Game,0.10588109838100201,0.15693915368927158,0.0,False,unknown,GameElementResource,0.08470487870480162,0.0,0.0,-1,rejected,0.0
has_question,Game,0.10588109838100201,0.15693915368927158,0.0,False,unknown,GameElementResource,0.08470487870480162,0.0,0.0,-1,rejected,0.0
has_question,Interactive_Content_–_H5P,0.10588109838100201,0.15693915368927158,0.0,False,unknown,GameElementResource,0.08470487870480162,0.0,0.0,-1,rejected,0.0
has_question,Quizventure,0.10588109838100201,0.15693915368927158,0.0,False,unknown,GameElementResource,0.08470487870480162,0.0,0.0,-1,rejected,0.0
has_type,Block_Game,0.10588109838100201,0.15693915368927158,0.0,False,unknown,GameElementResource,0.08470487870480162,0.0,0.0,-1,rejected,0.0
lives_in,Game,0.10588109838100201,0.15693915368927158,0.0,False,unknown,GameElementResource,0.08470487870480162,0.0,0.0,-1,rejected,0.0
lives_in,Interactive_Content_–_H5P,0.10588109838100201,0.15693915368927158,0.0,False,unknown,GameElementResource,0.08470487870480162,0.0,0.0,-1,rejected,0.0
lives_in,Quizventure,0.10588109838100201,0.15693915368927158,0.0,False,unknown,GameElementResource,0.08470487870480162,0.0,0.0,-1,rejected,0.0
member,Block_Game,0.10588109838100201,0.15693915368927158,0.0,False,unknown,GameElementResource,0.08470487870480162,0.0,0.0,-1,rejected,0.0
member,Game,0.10588109838100201,0.15693915368927158,0.0,False,unknown,GameElementResource,0.08470487870480162,0.0,0.0,-1,rejected,0.0
member,Interactive_Content_–_H5P,0.10588109838100201,0.15693915368927158,0.0,False,unknown,GameElementResource,0.08470487870480162,0.0,0.0,-1,rejected,0.0
member,Quizventure,0.10588109838100201,0.15693915368927158,0.0,False,unknown,GameElementResource,0.08470487870480162,0.0,0.0,-1,rejected,0.0
teaches,Block_Game,0.10588109838100201,0.15693915368927158,0.0,False,unknown,GameElementResource,0.08470487870480162,0.0,0.0,-1,rejected,0.0
teaches,Game,0.10588109838100201,0.15693915368927158,0.0,False,unknown,GameElementResource,0.08470487870480162,0.0,0.0,-1,rejected,0.0
teaches,Quizventure,0.10588109838100201,0.15693915368927158,0.0,False,unknown,GameElementResource,0.08470487870480162,0.0,0.0,-1,rejected,0.0
teaches,Interactive_Content_–_H5P,0.10588109838100201,0.15693915368927158,0.0,False,unknown,GameElementResource,0.08470487870480162,0.0,0.0,-1,rejected,0.0
has_type,Game,0.10588109838100201,0.15693915368927158,0.0,False,unknown,GameElementResource,0.08470487870480162,0.0,0.0,-1,rejected,0.0
has_type,Interactive_Content_–_H5P,0.10588109838100201,0.15693915368927158,0.0,False,unknown,GameElementResource,0.08470487870480162,0.0,0.0,-1,rejected,0.0
has_type,Quizventure,0.10588109838100201,0.15693915368927158,0.0,False,unknown,GameElementResource,0.08470487870480162,0.0,0.0,-1,rejected,0.0
has_user_account,Block_Game,0.10588109838100201,0.15693915368927158,0.0,False,unknown,GameElementResource,0.08470487870480162,0.0,0.0,-1,rejected,0.0
has_user_account,Game,0.10588109838100201,0.15693915368927158,0.0,False,unknown,GameElementResource,0.08470487870480162,0.0,0.0,-1,rejected,0.0
has_user_account,Interactive_Content_–_H5P,0.10588109838100201,0.15693915368927158,0.0,False,unknown,GameElementResource,0.08470487870480162,0.0,0.0,-1,rejected,0.0
has_user_account,Quizventure,0.10588109838100201,0.15693915368927158,0.0,False,unknown,GameElementResource,0.08470487870480162,0.0,0.0,-1,rejected,0.0
view_resource,Block_Game,0.10588109838100201,0.15693915368927158,0.0,False,unknown,GameElementResource,0.08470487870480162,0.0,0.0,-1,rejected,0.0
view_resource,Game,0.10588109838100201,0.15693915368927158,0.0,False,unknown,GameElementResource,0.08470487870480162,0.0,0.0,-1,rejected,0.0
view_resource,Interactive_Content_–_H5P,0.10588109838100201,0.15693915368927158,0.0,False,unknown,GameElementResource,0.08470487870480162,0.0,0.0,-1,rejected,0.0
view_resource,Quizventure,0.10588109838100201,0.15693915368927158,0.0,False,unknown,GameElementResource,0.08470487870480162,0.0,0.0,-1,rejected,0.0
startingPage,Block_Game,0.10587159686840293,0.16006530490127727,0.0,False,AnnotationProperty,GameElementResource,0.08469727749472235,0.0,0.0,-1,rejected,0.0
startingPage,Quizventure,0.10587159686840293,0.16006530490127727,0.0,False,AnnotationProperty,GameElementResource,0.08469727749472235,0.0,0.0,-1,rejected,0.0
startingPage,Interactive_Content_–_H5P,0.10587159686840293,0.16006530490127727,0.0,False,AnnotationProperty,GameElementResource,0.08469727749472235,0.0,0.0,-1,rejected,0.0
startingPage,Game,0.10587159686840293,0.16006530490127727,0.0,False,AnnotationProperty,GameElementResource,0.08469727749472235,0.0,0.0,-1,rejected,0.0
LevelGE,Game,0.1055740254687814,0.15479400572124652,0.0,False,ReferenceKey,GameElementResource,0.08445922037502512,0.0,0.0,-1,rejected,0.0
LevelGE,Interactive_Content_–_H5P,0.1055740254687814,0.15479400572124652,0.0,False,ReferenceKey,GameElementResource,0.08445922037502512,0.0,0.0,-1,rejected,0.0
LevelGE,Quizventure,0.1055740254687814,0.15479400572124652,0.0,False,ReferenceKey,GameElementResource,0.08445922037502512,0.0,0.0,-1,rejected,0.0
LevelGE,Block_Game,0.1055740254687814,0.15479400572124652,0.0,False,ReferenceKey,GameElementResource,0.08445922037502512,0.0,0.0,-1,rejected,0.0
Hint,Block_Game,0.10532651951644052,0.1567086191171553,0.0,False,Class,GameElementResource,0.08426121561315242,0.0,0.0,-1,rejected,0.0
Feedback,Game,0.10532651951644052,0.1567086191171553,0.0,False,Class,GameElementResource,0.08426121561315242,0.0,0.0,-1,rejected,0.0
Feedback,Interactive_Content_–_H5P,0.10532651951644052,0.1567086191171553,0.0,False,Class,GameElementResource,0.08426121561315242,0.0,0.0,-1,rejected,0.0
Reward,Block_Game,0.10532651951644052,0.1567086191171553,0.0,False,Class,GameElementResource,0.08426121561315242,0.0,0.0,-1,rejected,0.0
Reward,Game,0.10532651951644052,0.1567086191171553,0.0,False,Class,GameElementResource,0.08426121561315242,0.0,0.0,-1,rejected,0.0
Reward,Interactive_Content_–_H5P,0.10532651951644052,0.1567086191171553,0.0,False,Class,GameElementResource,0.08426121561315242,0.0,0.0,-1,rejected,0.0
Manuscript,Interactive_Content_–_H5P,0.10532651951644052,0.1567086191171553,0.0,False,Class,GameElementResource,0.08426121561315242,0.0,0.0,-1,rejected,0.0
Feedback,Block_Game,0.10532651951644052,0.1567086191171553,0.0,False,Class,GameElementResource,0.08426121561315242,0.0,0.0,-1,rejected,0.0
Manuscript,Block_Game,0.10532651951644052,0.1567086191171553,0.0,False,Class,GameElementResource,0.08426121561315242,0.0,0.0,-1,rejected,0.0
Reward,Quizventure,0.10532651951644052,0.1567086191171553,0.0,False,Class,GameElementResource,0.08426121561315242,0.0,0.0,-1,rejected,0.0
Map,Quizventure,0.10532651951644052,0.1567086191171553,0.0,False,Class,GameElementResource,0.08426121561315242,0.0,0.0,-1,rejected,0.0
Story,Quizventure,0.10532651951644052,0.1567086191171553,0.0,False,Class,GameElementResource,0.08426121561315242,0.0,0.0,-1,rejected,0.0
Map,Game,0.10532651951644052,0.1567086191171553,0.0,False,Class,GameElementResource,0.08426121561315242,0.0,0.0,-1,rejected,0.0
Thesis,Block_Game,0.10532651951644052,0.1567086191171553,0.0,False,Class,GameElementResource,0.08426121561315242,0.0,0.0,-1,rejected,0.0
Badge,Quizventure,0.10532651951644052,0.1567086191171553,0.0,False,Class,GameElementResource,0.08426121561315242,0.0,0.0,-1,rejected,0.0
Thesis,Quizventure,0.10532651951644052,0.1567086191171553,0.0,False,Class,GameElementResource,0.08426121561315242,0.0,0.0,-1,rejected,0.0
Thesis,Interactive_Content_–_H5P,0.10532651951644052,0.1567086191171553,0.0,False,Class,GameElementResource,0.08426121561315242,0.0,0.0,-1,rejected,0.0
ProgressBar,Interactive_Content_–_H5P,0.10532651951644052,0.1567086191171553,0.0,False,Class,GameElementResource,0.08426121561315242,0.0,0.0,-1,rejected,0.0
ProgressBar,Quizventure,0.10532651951644052,0.1567086191171553,0.0,False,Class,GameElementResource,0.08426121561315242,0.0,0.0,-1,rejected,0.0
ProgressBar,Block_Game,0.10532651951644052,0.1567086191171553,0.0,False,Class,GameElementResource,0.08426121561315242,0.0,0.0,-1,rejected,0.0
Badge,Block_Game,0.10532651951644052,0.1567086191171553,0.0,False,Class,GameElementResource,0.08426121561315242,0.0,0.0,-1,rejected,0.0
Badge,Game,0.10532651951644052,0.1567086191171553,0.0,False,Class,GameElementResource,0.08426121561315242,0.0,0.0,-1,rejected,0.0
Story,Game,0.10532651951644052,0.1567086191171553,0.0,False,Class,GameElementResource,0.08426121561315242,0.0,0.0,-1,rejected,0.0
Badge,Interactive_Content_–_H5P,0.10532651951644052,0.1567086191171553,0.0,False,Class,GameElementResource,0.08426121561315242,0.0,0.0,-1,rejected,0.0
Thesis,Game,0.10532651951644052,0.1567086191171553,0.0,False,Class,GameElementResource,0.08426121561315242,0.0,0.0,-1,rejected,0.0
Timer,Game,0.10532651951644052,0.1567086191171553,0.0,False,Class,GameElementResource,0.08426121561315242,0.0,0.0,-1,rejected,0.0
Feedback,Quizventure,0.10532651951644052,0.1567086191171553,0.0,False,Class,GameElementResource,0.08426121561315242,0.0,0.0,-1,rejected,0.0
Timer,Quizventure,0.10532651951644052,0.1567086191171553,0.0,False,Class,GameElementResource,0.08426121561315242,0.0,0.0,-1,rejected,0.0
Map,Interactive_Content_–_H5P,0.10532651951644052,0.1567086191171553,0.0,False,Class,GameElementResource,0.08426121561315242,0.0,0.0,-1,rejected,0.0
Manuscript,Game,0.10532651951644052,0.1567086191171553,0.0,False,Class,GameElementResource,0.08426121561315242,0.0,0.0,-1,rejected,0.0
Story,Interactive_Content_–_H5P,0.10532651951644052,0.1567086191171553,0.0,False,Class,GameElementResource,0.08426121561315242,0.0,0.0,-1,rejected,0.0
Map,Block_Game,0.10532651951644052,0.1567086191171553,0.0,False,Class,GameElementResource,0.08426121561315242,0.0,0.0,-1,rejected,0.0
Manuscript,Quizventure,0.10532651951644052,0.1567086191171553,0.0,False,Class,GameElementResource,0.08426121561315242,0.0,0.0,-1,rejected,0.0
onlineCourse,Interactive_Content_–_H5P,0.10532651951644052,0.1567086191171553,0.0,False,Class,GameElementResource,0.08426121561315242,0.0,0.0,-1,rejected,0.0
onlineCourse,Quizventure,0.10532651951644052,0.1567086191171553,0.0,False,Class,GameElementResource,0.08426121561315242,0.0,0.0,-1,rejected,0.0
LegalDecision,Interactive_Content_–_H5P,0.10532651951644052,0.1567086191171553,0.0,False,Class,GameElementResource,0.08426121561315242,0.0,0.0,-1,rejected,0.0
Challenge,Quizventure,0.10532651951644052,0.1567086191171553,0.0,False,Class,GameElementResource,0.08426121561315242,0.0,0.0,-1,rejected,0.0
LegalDecision,Block_Game,0.10532651951644052,0.1567086191171553,0.0,False,Class,GameElementResource,0.08426121561315242,0.0,0.0,-1,rejected,0.0
LegalDecision,Game,0.10532651951644052,0.1567086191171553,0.0,False,Class,GameElementResource,0.08426121561315242,0.0,0.0,-1,rejected,0.0
PedagogicalObjective,Quizventure,0.10532651951644052,0.1567086191171553,0.0,False,Class,GameElementResource,0.08426121561315242,0.0,0.0,-1,rejected,0.0
Challenge,Game,0.10532651951644052,0.1567086191171553,0.0,False,Class,GameElementResource,0.08426121561315242,0.0,0.0,-1,rejected,0.0
Slide,Block_Game,0.10532651951644052,0.1567086191171553,0.0,False,Class,GameElementResource,0.08426121561315242,0.0,0.0,-1,rejected,0.0
Slide,Game,0.10532651951644052,0.1567086191171553,0.0,False,Class,GameElementResource,0.08426121561315242,0.0,0.0,-1,rejected,0.0
Level,Block_Game,0.10532651951644052,0.1567086191171553,0.0,False,Class,GameElementResource,0.08426121561315242,0.0,0.0,-1,rejected,0.0
EditedBook,Game,0.10532651951644052,0.1567086191171553,0.0,False,Class,GameElementResource,0.08426121561315242,0.0,0.0,-1,rejected,0.0
Slide,Quizventure,0.10532651951644052,0.1567086191171553,0.0,False,Class,GameElementResource,0.08426121561315242,0.0,0.0,-1,rejected,0.0
onlineCourse,Block_Game,0.10532651951644052,0.1567086191171553,0.0,False,Class,GameElementResource,0.08426121561315242,0.0,0.0,-1,rejected,0.0
Challenge,Interactive_Content_–_H5P,0.10532651951644052,0.1567086191171553,0.0,False,Class,GameElementResource,0.08426121561315242,0.0,0.0,-1,rejected,0.0
Challenge,Block_Game,0.10532651951644052,0.1567086191171553,0.0,False,Class,GameElementResource,0.08426121561315242,0.0,0.0,-1,rejected,0.0
Hint,Game,0.10532651951644052,0.1567086191171553,0.0,False,Class,GameElementResource,0.08426121561315242,0.0,0.0,-1,rejected,0.0
Hint,Interactive_Content_–_H5P,0.10532651951644052,0.1567086191171553,0.0,False,Class,GameElementResource,0.08426121561315242,0.0,0.0,-1,rejected,0.0
Hint,Quizventure,0.10532651951644052,0.1567086191171553,0.0,False,Class,GameElementResource,0.08426121561315242,0.0,0.0,-1,rejected,0.0
Achievement,Game,0.10532651951644052,0.1567086191171553,0.0,False,Class,GameElementResource,0.08426121561315242,0.0,0.0,-1,rejected,0.0
AcademicArticle,Game,0.10532651951644052,0.1567086191171553,0.0,False,Class,GameElementResource,0.08426121561315242,0.0,0.0,-1,rejected,0.0
AcademicArticle,Block_Game,0.10532651951644052,0.1567086191171553,0.0,False,Class,GameElementResource,0.08426121561315242,0.0,0.0,-1,rejected,0.0
Achievement,Quizventure,0.10532651951644052,0.1567086191171553,0.0,False,Class,GameElementResource,0.08426121561315242,0.0,0.0,-1,rejected,0.0
Achievement,Interactive_Content_–_H5P,0.10532651951644052,0.1567086191171553,0.0,False,Class,GameElementResource,0.08426121561315242,0.0,0.0,-1,rejected,0.0
Level,Quizventure,0.10532651951644052,0.1567086191171553,0.0,False,Class,GameElementResource,0.08426121561315242,0.0,0.0,-1,rejected,0.0
Story,Block_Game,0.10532651951644052,0.1567086191171553,0.0,False,Class,GameElementResource,0.08426121561315242,0.0,0.0,-1,rejected,0.0
AcademicArticle,Interactive_Content_–_H5P,0.10532651951644052,0.1567086191171553,0.0,False,Class,GameElementResource,0.08426121561315242,0.0,0.0,-1,rejected,0.0
AcademicArticle,Quizventure,0.10532651951644052,0.1567086191171553,0.0,False,Class,GameElementResource,0.08426121561315242,0.0,0.0,-1,rejected,0.0
Level,Interactive_Content_–_H5P,0.10532651951644052,0.1567086191171553,0.0,False,Class,GameElementResource,0.08426121561315242,0.0,0.0,-1,rejected,0.0
Level,Game,0.10532651951644052,0.1567086191171553,0.0,False,Class,GameElementResource,0.08426121561315242,0.0,0.0,-1,rejected,0.0
onlineCourse,Game,0.10532651951644052,0.1567086191171553,0.0,False,Class,GameElementResource,0.08426121561315242,0.0,0.0,-1,rejected,0.0
LegalDecision,Quizventure,0.10532651951644052,0.1567086191171553,0.0,False,Class,GameElementResource,0.08426121561315242,0.0,0.0,-1,rejected,0.0
PedagogicalObjective,Block_Game,0.10532651951644052,0.1567086191171553,0.0,False,Class,GameElementResource,0.08426121561315242,0.0,0.0,-1,rejected,0.0
PedagogicalObjective,Game,0.10532651951644052,0.1567086191171553,0.0,False,Class,GameElementResource,0.08426121561315242,0.0,0.0,-1,rejected,0.0
PedagogicalKnowledge,Quizventure,0.10532651951644052,0.1567086191171553,0.0,False,Class,GameElementResource,0.08426121561315242,0.0,0.0,-1,rejected,0.0
EditedBook,Block_Game,0.10532651951644052,0.1567086191171553,0.0,False,Class,GameElementResource,0.08426121561315242,0.0,0.0,-1,rejected,0.0
PedagogicalObjective,Interactive_Content_–_H5P,0.10532651951644052,0.1567086191171553,0.0,False,Class,GameElementResource,0.08426121561315242,0.0,0.0,-1,rejected,0.0
PedagogicalKnowledge,Block_Game,0.10532651951644052,0.1567086191171553,0.0,False,Class,GameElementResource,0.08426121561315242,0.0,0.0,-1,rejected,0.0
PedagogicalKnowledge,Game,0.10532651951644052,0.1567086191171553,0.0,False,Class,GameElementResource,0.08426121561315242,0.0,0.0,-1,rejected,0.0
PedagogicalKnowledge,Interactive_Content_–_H5P,0.10532651951644052,0.1567086191171553,0.0,False,Class,GameElementResource,0.08426121561315242,0.0,0.0,-1,rejected,0.0
ProgressBar,Game,0.10532651951644052,0.1567086191171553,0.0,False,Class,GameElementResource,0.08426121561315242,0.0,0.0,-1,rejected,0.0
Timer,Interactive_Content_–_H5P,0.10532651951644052,0.1567086191171553,0.0,False,Class,GameElementResource,0.08426121561315242,0.0,0.0,-1,rejected,0.0
Timer,Block_Game,0.10532651951644052,0.1567086191171553,0.0,False,Class,GameElementResource,0.08426121561315242,0.0,0.0,-1,rejected,0.0
Achievement,Block_Game,0.10532651951644052,0.1567086191171553,0.0,False,Class,GameElementResource,0.08426121561315242,0.0,0.0,-1,rejected,0.0
PedagogicalExperience,Quizventure,0.10532651951644052,0.1567086191171553,0.0,False,Class,GameElementResource,0.08426121561315242,0.0,0.0,-1,rejected,0.0
Slide,Interactive_Content_–_H5P,0.10532651951644052,0.1567086191171553,0.0,False,Class,GameElementResource,0.08426121561315242,0.0,0.0,-1,rejected,0.0
EditedBook,Interactive_Content_–_H5P,0.10532651951644052,0.1567086191171553,0.0,False,Class,GameElementResource,0.08426121561315242,0.0,0.0,-1,rejected,0.0
EditedBook,Quizventure,0.10532651951644052,0.1567086191171553,0.0,False,Class,GameElementResource,0.08426121561315242,0.0,0.0,-1,rejected,0.0
PedagogicalExperience,Game,0.10532651951644052,0.1567086191171553,0.0,False,Class,GameElementResource,0.08426121561315242,0.0,0.0,-1,rejected,0.0
PedagogicalExperience,Interactive_Content_–_H5P,0.10532651951644052,0.1567086191171553,0.0,False,Class,GameElementResource,0.08426121561315242,0.0,0.0,-1,rejected,0.0
PedagogicalExperience,Block_Game,0.10532651951644052,0.1567086191171553,0.0,False,Class,GameElementResource,0.08426121561315242,0.0,0.0,-1,rejected,0.0
ReferenceKey1,Block_Game,0.10508593563835936,0.15534530020232257,0.0,False,ReferenceKey,GameElementResource,0.08406874851068749,0.0,0.0,-1,rejected,0.0
ReferenceKey1,Game,0.10508593563835936,0.15534530020232257,0.0,False,ReferenceKey,GameElementResource,0.08406874851068749,0.0,0.0,-1,rejected,0.0
ReferenceKey1,Interactive_Content_–_H5P,0.10508593563835936,0.15534530020232257,0.0,False,ReferenceKey,GameElementResource,0.08406874851068749,0.0,0.0,-1,rejected,0.0
ReferenceKey1,Quizventure,0.10508593563835936,0.15534530020232257,0.0,False,ReferenceKey,GameElementResource,0.08406874851068749,0.0,0.0,-1,rejected,0.0
Input_and_Output_Stream,Interactive_Content_–_H5P,0.10497968117999475,0.1583728565928231,0.0,False,Lesson,GameElementResource,0.0839837449439958,0.0,0.0,-1,rejected,0.0
Input_and_Output_Stream,Block_Game,0.10497968117999475,0.1583728565928231,0.0,False,Lesson,GameElementResource,0.0839837449439958,0.0,0.0,-1,rejected,0.0
Input_and_Output_Stream,Game,0.10497968117999475,0.1583728565928231,0.0,False,Lesson,GameElementResource,0.0839837449439958,0.0,0.0,-1,rejected,0.0
Input_and_Output_Stream,Quizventure,0.10497968117999475,0.1583728565928231,0.0,False,Lesson,GameElementResource,0.0839837449439958,0.0,0.0,-1,rejected,0.0
bonus material for lesson 2 classes and objects,Game,0.10484930598991063,0.15563977174062937,0.0,False,unknown,GameElementResource,0.0838794447919285,0.0,0.0,-1,rejected,0.0
bonus material for lesson 2 classes and objects,Quizventure,0.10484930598991063,0.15563977174062937,0.0,False,unknown,GameElementResource,0.0838794447919285,0.0,0.0,-1,rejected,0.0
bonus material for lesson 2 classes and objects,Interactive_Content_–_H5P,0.10484930598991063,0.15563977174062937,0.0,False,unknown,GameElementResource,0.0838794447919285,0.0,0.0,-1,rejected,0.0
bonus material for lesson 2 classes and objects,Block_Game,0.10484930598991063,0.15563977174062937,0.0,False,unknown,GameElementResource,0.0838794447919285,0.0,0.0,-1,rejected,0.0
has_Place,Block_Game,0.10480471337063971,0.15565714644721781,0.0,False,unknown,GameElementResource,0.08384377069651178,0.0,0.0,-1,rejected,0.0
has_Place,Interactive_Content_–_H5P,0.10480471337063971,0.15565714644721781,0.0,False,unknown,GameElementResource,0.08384377069651178,0.0,0.0,-1,rejected,0.0
has_Place,Game,0.10480471337063971,0.15565714644721781,0.0,False,unknown,GameElementResource,0.08384377069651178,0.0,0.0,-1,rejected,0.0
has_Place,Quizventure,0.10480471337063971,0.15565714644721781,0.0,False,unknown,GameElementResource,0.08384377069651178,0.0,0.0,-1,rejected,0.0
Sara_12,Block_Game,0.10480399825037505,0.15489631373457233,0.0,False,UserAccount,GameElementResource,0.08384319860030004,0.0,0.0,-1,rejected,0.0
Sara_12,Interactive_Content_–_H5P,0.10480399825037505,0.15489631373457233,0.0,False,UserAccount,GameElementResource,0.08384319860030004,0.0,0.0,-1,rejected,0.0
Sara_12,Quizventure,0.10480399825037505,0.15489631373457233,0.0,False,UserAccount,GameElementResource,0.08384319860030004,0.0,0.0,-1,rejected,0.0
Sara_12,Game,0.10480399825037505,0.15489631373457233,0.0,False,UserAccount,GameElementResource,0.08384319860030004,0.0,0.0,-1,rejected,0.0
lesson 8 for the course Object Oriented Programming,Game,0.104768130549784,0.15567142615804952,0.0,False,unknown,GameElementResource,0.0838145044398272,0.0,0.0,-1,rejected,0.0
lesson 8 for the course Object Oriented Programming,Interactive_Content_–_H5P,0.104768130549784,0.15567142615804952,0.0,False,unknown,GameElementResource,0.0838145044398272,0.0,0.0,-1,rejected,0.0
lesson 8 for the course Object Oriented Programming,Block_Game,0.104768130549784,0.15567142615804952,0.0,False,unknown,GameElementResource,0.0838145044398272,0.0,0.0,-1,rejected,0.0
leçon 8 du cours Programmation Orientée Objet,Interactive_Content_–_H5P,0.104768130549784,0.15567142615804952,0.0,False,unknown,GameElementResource,0.0838145044398272,0.0,0.0,-1,rejected,0.0
leçon 8 du cours Programmation Orientée Objet,Block_Game,0.104768130549784,0.15567142615804952,0.0,False,unknown,GameElementResource,0.0838145044398272,0.0,0.0,-1,rejected,0.0
lesson 8 for the course Object Oriented Programming,Quizventure,0.104768130549784,0.15567142615804952,0.0,False,unknown,GameElementResource,0.0838145044398272,0.0,0.0,-1,rejected,0.0
leçon 8 du cours Programmation Orientée Objet,Quizventure,0.104768130549784,0.15567142615804952,0.0,False,unknown,GameElementResource,0.0838145044398272,0.0,0.0,-1,rejected,0.0
leçon 8 du cours Programmation Orientée Objet,Game,0.104768130549784,0.15567142615804952,0.0,False,unknown,GameElementResource,0.0838145044398272,0.0,0.0,-1,rejected,0.0
hasBehaviouralObjective,Interactive_Content_–_H5P,0.10456890697615588,0.15492981614577708,0.0,False,ObjectProperty,GameElementResource,0.08365512558092471,0.0,0.0,-1,rejected,0.0
hasBehaviouralObjective,Game,0.10456890697615588,0.15492981614577708,0.0,False,ObjectProperty,GameElementResource,0.08365512558092471,0.0,0.0,-1,rejected,0.0
hasBehaviouralObjective,Block_Game,0.10456890697615588,0.15492981614577708,0.0,False,ObjectProperty,GameElementResource,0.08365512558092471,0.0,0.0,-1,rejected,0.0
hasBehaviouralObjective,Quizventure,0.10456890697615588,0.15492981614577708,0.0,False,ObjectProperty,GameElementResource,0.08365512558092471,0.0,0.0,-1,rejected,0.0
has_host,Game,0.10428645331840414,0.1615544204571307,0.0,False,unknown,GameElementResource,0.08342916265472332,0.0,0.0,-1,rejected,0.0
has_host,Interactive_Content_–_H5P,0.10428645331840414,0.1615544204571307,0.0,False,unknown,GameElementResource,0.08342916265472332,0.0,0.0,-1,rejected,0.0
has_host,Block_Game,0.10428645331840414,0.1615544204571307,0.0,False,unknown,GameElementResource,0.08342916265472332,0.0,0.0,-1,rejected,0.0
has_host,Quizventure,0.10428645331840414,0.1615544204571307,0.0,False,unknown,GameElementResource,0.08342916265472332,0.0,0.0,-1,rejected,0.0
_:b63,Quizventure,0.10421998395223334,0.15976673964414986,0.0,False,Imp,GameElementResource,0.08337598716178668,0.0,0.0,-1,rejected,0.0
_:b137,Interactive_Content_–_H5P,0.10421998395223334,0.15976673964414986,0.0,False,Imp,GameElementResource,0.08337598716178668,0.0,0.0,-1,rejected,0.0
_:b63,Interactive_Content_–_H5P,0.10421998395223334,0.15976673964414986,0.0,False,Imp,GameElementResource,0.08337598716178668,0.0,0.0,-1,rejected,0.0
_:b137,Game,0.10421998395223334,0.15976673964414986,0.0,False,Imp,GameElementResource,0.08337598716178668,0.0,0.0,-1,rejected,0.0
_:b85,Interactive_Content_–_H5P,0.10421998395223334,0.15976673964414986,0.0,False,Imp,GameElementResource,0.08337598716178668,0.0,0.0,-1,rejected,0.0
_:b117,Interactive_Content_–_H5P,0.10421998395223334,0.15976673964414986,0.0,False,Imp,GameElementResource,0.08337598716178668,0.0,0.0,-1,rejected,0.0
_:b85,Quizventure,0.10421998395223334,0.15976673964414986,0.0,False,Imp,GameElementResource,0.08337598716178668,0.0,0.0,-1,rejected,0.0
_:b85,Game,0.10421998395223334,0.15976673964414986,0.0,False,Imp,GameElementResource,0.08337598716178668,0.0,0.0,-1,rejected,0.0
_:b148,Block_Game,0.10421998395223334,0.15976673964414986,0.0,False,Imp,GameElementResource,0.08337598716178668,0.0,0.0,-1,rejected,0.0
_:b148,Quizventure,0.10421998395223334,0.15976673964414986,0.0,False,Imp,GameElementResource,0.08337598716178668,0.0,0.0,-1,rejected,0.0
_:b219,Game,0.10421998395223334,0.15976673964414986,0.0,False,Imp,GameElementResource,0.08337598716178668,0.0,0.0,-1,rejected,0.0
_:b219,Block_Game,0.10421998395223334,0.15976673964414986,0.0,False,Imp,GameElementResource,0.08337598716178668,0.0,0.0,-1,rejected,0.0
_:b245,Block_Game,0.10421998395223334,0.15976673964414986,0.0,False,Imp,GameElementResource,0.08337598716178668,0.0,0.0,-1,rejected,0.0
_:b199,Block_Game,0.10421998395223334,0.15976673964414986,0.0,False,Imp,GameElementResource,0.08337598716178668,0.0,0.0,-1,rejected,0.0
_:b199,Game,0.10421998395223334,0.15976673964414986,0.0,False,Imp,GameElementResource,0.08337598716178668,0.0,0.0,-1,rejected,0.0
_:b199,Interactive_Content_–_H5P,0.10421998395223334,0.15976673964414986,0.0,False,Imp,GameElementResource,0.08337598716178668,0.0,0.0,-1,rejected,0.0
_:b219,Interactive_Content_–_H5P,0.10421998395223334,0.15976673964414986,0.0,False,Imp,GameElementResource,0.08337598716178668,0.0,0.0,-1,rejected,0.0
_:b245,Interactive_Content_–_H5P,0.10421998395223334,0.15976673964414986,0.0,False,Imp,GameElementResource,0.08337598716178668,0.0,0.0,-1,rejected,0.0
_:b240,Interactive_Content_–_H5P,0.10421998395223334,0.15976673964414986,0.0,False,Imp,GameElementResource,0.08337598716178668,0.0,0.0,-1,rejected,0.0
_:b240,Game,0.10421998395223334,0.15976673964414986,0.0,False,Imp,GameElementResource,0.08337598716178668,0.0,0.0,-1,rejected,0.0
_:b240,Block_Game,0.10421998395223334,0.15976673964414986,0.0,False,Imp,GameElementResource,0.08337598716178668,0.0,0.0,-1,rejected,0.0
_:b245,Game,0.10421998395223334,0.15976673964414986,0.0,False,Imp,GameElementResource,0.08337598716178668,0.0,0.0,-1,rejected,0.0
_:b245,Quizventure,0.10421998395223334,0.15976673964414986,0.0,False,Imp,GameElementResource,0.08337598716178668,0.0,0.0,-1,rejected,0.0
_:b240,Quizventure,0.10421998395223334,0.15976673964414986,0.0,False,Imp,GameElementResource,0.08337598716178668,0.0,0.0,-1,rejected,0.0
_:b137,Block_Game,0.10421998395223334,0.15976673964414986,0.0,False,Imp,GameElementResource,0.08337598716178668,0.0,0.0,-1,rejected,0.0
_:b63,Block_Game,0.10421998395223334,0.15976673964414986,0.0,False,Imp,GameElementResource,0.08337598716178668,0.0,0.0,-1,rejected,0.0
_:b85,Block_Game,0.10421998395223334,0.15976673964414986,0.0,False,Imp,GameElementResource,0.08337598716178668,0.0,0.0,-1,rejected,0.0
_:b137,Quizventure,0.10421998395223334,0.15976673964414986,0.0,False,Imp,GameElementResource,0.08337598716178668,0.0,0.0,-1,rejected,0.0
_:b148,Game,0.10421998395223334,0.15976673964414986,0.0,False,Imp,GameElementResource,0.08337598716178668,0.0,0.0,-1,rejected,0.0
_:b108,Game,0.10421998395223334,0.15976673964414986,0.0,False,Imp,GameElementResource,0.08337598716178668,0.0,0.0,-1,rejected,0.0
_:b108,Interactive_Content_–_H5P,0.10421998395223334,0.15976673964414986,0.0,False,Imp,GameElementResource,0.08337598716178668,0.0,0.0,-1,rejected,0.0
_:b108,Quizventure,0.10421998395223334,0.15976673964414986,0.0,False,Imp,GameElementResource,0.08337598716178668,0.0,0.0,-1,rejected,0.0
_:b74,Interactive_Content_–_H5P,0.10421998395223334,0.15976673964414986,0.0,False,Imp,GameElementResource,0.08337598716178668,0.0,0.0,-1,rejected,0.0
_:b264,Block_Game,0.10421998395223334,0.15976673964414986,0.0,False,Imp,GameElementResource,0.08337598716178668,0.0,0.0,-1,rejected,0.0
_:b264,Interactive_Content_–_H5P,0.10421998395223334,0.15976673964414986,0.0,False,Imp,GameElementResource,0.08337598716178668,0.0,0.0,-1,rejected,0.0
_:b264,Quizventure,0.10421998395223334,0.15976673964414986,0.0,False,Imp,GameElementResource,0.08337598716178668,0.0,0.0,-1,rejected,0.0
_:b74,Block_Game,0.10421998395223334,0.15976673964414986,0.0,False,Imp,GameElementResource,0.08337598716178668,0.0,0.0,-1,rejected,0.0
_:b74,Game,0.10421998395223334,0.15976673964414986,0.0,False,Imp,GameElementResource,0.08337598716178668,0.0,0.0,-1,rejected,0.0
_:b219,Quizventure,0.10421998395223334,0.15976673964414986,0.0,False,Imp,GameElementResource,0.08337598716178668,0.0,0.0,-1,rejected,0.0
_:b148,Interactive_Content_–_H5P,0.10421998395223334,0.15976673964414986,0.0,False,Imp,GameElementResource,0.08337598716178668,0.0,0.0,-1,rejected,0.0
_:b264,Game,0.10421998395223334,0.15976673964414986,0.0,False,Imp,GameElementResource,0.08337598716178668,0.0,0.0,-1,rejected,0.0
_:b208,Game,0.10421998395223334,0.15976673964414986,0.0,False,Imp,GameElementResource,0.08337598716178668,0.0,0.0,-1,rejected,0.0
_:b208,Interactive_Content_–_H5P,0.10421998395223334,0.15976673964414986,0.0,False,Imp,GameElementResource,0.08337598716178668,0.0,0.0,-1,rejected,0.0
_:b208,Quizventure,0.10421998395223334,0.15976673964414986,0.0,False,Imp,GameElementResource,0.08337598716178668,0.0,0.0,-1,rejected,0.0
_:b108,Block_Game,0.10421998395223334,0.15976673964414986,0.0,False,Imp,GameElementResource,0.08337598716178668,0.0,0.0,-1,rejected,0.0
_:b126,Game,0.10421998395223334,0.15976673964414986,0.0,False,Imp,GameElementResource,0.08337598716178668,0.0,0.0,-1,rejected,0.0
_:b126,Block_Game,0.10421998395223334,0.15976673964414986,0.0,False,Imp,GameElementResource,0.08337598716178668,0.0,0.0,-1,rejected,0.0
_:b74,Quizventure,0.10421998395223334,0.15976673964414986,0.0,False,Imp,GameElementResource,0.08337598716178668,0.0,0.0,-1,rejected,0.0
_:b155,Quizventure,0.10421998395223334,0.15976673964414986,0.0,False,Imp,GameElementResource,0.08337598716178668,0.0,0.0,-1,rejected,0.0
_:b155,Interactive_Content_–_H5P,0.10421998395223334,0.15976673964414986,0.0,False,Imp,GameElementResource,0.08337598716178668,0.0,0.0,-1,rejected,0.0
_:b155,Game,0.10421998395223334,0.15976673964414986,0.0,False,Imp,GameElementResource,0.08337598716178668,0.0,0.0,-1,rejected,0.0
_:b155,Block_Game,0.10421998395223334,0.15976673964414986,0.0,False,Imp,GameElementResource,0.08337598716178668,0.0,0.0,-1,rejected,0.0
_:b126,Quizventure,0.10421998395223334,0.15976673964414986,0.0,False,Imp,GameElementResource,0.08337598716178668,0.0,0.0,-1,rejected,0.0
_:b126,Interactive_Content_–_H5P,0.10421998395223334,0.15976673964414986,0.0,False,Imp,GameElementResource,0.08337598716178668,0.0,0.0,-1,rejected,0.0
_:b208,Block_Game,0.10421998395223334,0.15976673964414986,0.0,False,Imp,GameElementResource,0.08337598716178668,0.0,0.0,-1,rejected,0.0
_:b275,Block_Game,0.10421998395223334,0.15976673964414986,0.0,False,Imp,GameElementResource,0.08337598716178668,0.0,0.0,-1,rejected,0.0
_:b117,Quizventure,0.10421998395223334,0.15976673964414986,0.0,False,Imp,GameElementResource,0.08337598716178668,0.0,0.0,-1,rejected,0.0
_:b166,Quizventure,0.10421998395223334,0.15976673964414986,0.0,False,Imp,GameElementResource,0.08337598716178668,0.0,0.0,-1,rejected,0.0
_:b117,Game,0.10421998395223334,0.15976673964414986,0.0,False,Imp,GameElementResource,0.08337598716178668,0.0,0.0,-1,rejected,0.0
_:b117,Block_Game,0.10421998395223334,0.15976673964414986,0.0,False,Imp,GameElementResource,0.08337598716178668,0.0,0.0,-1,rejected,0.0
_:b275,Quizventure,0.10421998395223334,0.15976673964414986,0.0,False,Imp,GameElementResource,0.08337598716178668,0.0,0.0,-1,rejected,0.0
_:b275,Interactive_Content_–_H5P,0.10421998395223334,0.15976673964414986,0.0,False,Imp,GameElementResource,0.08337598716178668,0.0,0.0,-1,rejected,0.0
_:b275,Game,0.10421998395223334,0.15976673964414986,0.0,False,Imp,GameElementResource,0.08337598716178668,0.0,0.0,-1,rejected,0.0
_:b199,Quizventure,0.10421998395223334,0.15976673964414986,0.0,False,Imp,GameElementResource,0.08337598716178668,0.0,0.0,-1,rejected,0.0
_:b166,Interactive_Content_–_H5P,0.10421998395223334,0.15976673964414986,0.0,False,Imp,GameElementResource,0.08337598716178668,0.0,0.0,-1,rejected,0.0
_:b166,Game,0.10421998395223334,0.15976673964414986,0.0,False,Imp,GameElementResource,0.08337598716178668,0.0,0.0,-1,rejected,0.0
_:b166,Block_Game,0.10421998395223334,0.15976673964414986,0.0,False,Imp,GameElementResource,0.08337598716178668,0.0,0.0,-1,rejected,0.0
_:b63,Game,0.10421998395223334,0.15976673964414986,0.0,False,Imp,GameElementResource,0.08337598716178668,0.0,0.0,-1,rejected,0.0
_:b177,Game,0.10421998395223334,0.15976673964414986,0.0,False,Imp,GameElementResource,0.08337598716178668,0.0,0.0,-1,rejected,0.0
_:b177,Block_Game,0.10421998395223334,0.15976673964414986,0.0,False,Imp,GameElementResource,0.08337598716178668,0.0,0.0,-1,rejected,0.0
_:b177,Quizventure,0.10421998395223334,0.15976673964414986,0.0,False,Imp,GameElementResource,0.08337598716178668,0.0,0.0,-1,rejected,0.0
_:b177,Interactive_Content_–_H5P,0.10421998395223334,0.15976673964414986,0.0,False,Imp,GameElementResource,0.08337598716178668,0.0,0.0,-1,rejected,0.0
IK2,Quizventure,0.10376444497629929,0.15815770022130327,0.0,False,IndexKey,GameElementResource,0.08301155598103943,0.0,0.0,-1,rejected,0.0
IK2,Interactive_Content_–_H5P,0.10376444497629929,0.15815770022130327,0.0,False,IndexKey,GameElementResource,0.08301155598103943,0.0,0.0,-1,rejected,0.0
IK2,Block_Game,0.10376444497629929,0.15815770022130327,0.0,False,IndexKey,GameElementResource,0.08301155598103943,0.0,0.0,-1,rejected,0.0
IK2,Game,0.10376444497629929,0.15815770022130327,0.0,False,IndexKey,GameElementResource,0.08301155598103943,0.0,0.0,-1,rejected,0.0
Mike,bonusPoints,0.10338977224600106,0.15720156013749984,0.0,False,Teacher,BonusPoints,0.08271181779680085,0.0,0.0,-1,rejected,0.0
_:b15,Quizventure,0.10306969667110029,0.1571450958522537,0.0,False,Restriction,GameElementResource,0.08245575733688024,0.0,0.0,-1,rejected,0.0
_:b18,Quizventure,0.10306969667110029,0.1571450958522537,0.0,False,Restriction,GameElementResource,0.08245575733688024,0.0,0.0,-1,rejected,0.0
_:b18,Block_Game,0.10306969667110029,0.1571450958522537,0.0,False,Restriction,GameElementResource,0.08245575733688024,0.0,0.0,-1,rejected,0.0
_:b18,Interactive_Content_–_H5P,0.10306969667110029,0.1571450958522537,0.0,False,Restriction,GameElementResource,0.08245575733688024,0.0,0.0,-1,rejected,0.0
_:b18,Game,0.10306969667110029,0.1571450958522537,0.0,False,Restriction,GameElementResource,0.08245575733688024,0.0,0.0,-1,rejected,0.0
_:b17,Interactive_Content_–_H5P,0.10306969667110029,0.1571450958522537,0.0,False,Restriction,GameElementResource,0.08245575733688024,0.0,0.0,-1,rejected,0.0
_:b17,Quizventure,0.10306969667110029,0.1571450958522537,0.0,False,Restriction,GameElementResource,0.08245575733688024,0.0,0.0,-1,rejected,0.0
_:b15,Interactive_Content_–_H5P,0.10306969667110029,0.1571450958522537,0.0,False,Restriction,GameElementResource,0.08245575733688024,0.0,0.0,-1,rejected,0.0
_:b15,Block_Game,0.10306969667110029,0.1571450958522537,0.0,False,Restriction,GameElementResource,0.08245575733688024,0.0,0.0,-1,rejected,0.0
_:b15,Game,0.10306969667110029,0.1571450958522537,0.0,False,Restriction,GameElementResource,0.08245575733688024,0.0,0.0,-1,rejected,0.0
_:b17,Game,0.10306969667110029,0.1571450958522537,0.0,False,Restriction,GameElementResource,0.08245575733688024,0.0,0.0,-1,rejected,0.0
_:b17,Block_Game,0.10306969667110029,0.1571450958522537,0.0,False,Restriction,GameElementResource,0.08245575733688024,0.0,0.0,-1,rejected,0.0
Adam_Phil,Quizventure,0.1029681689076239,0.1559037686719438,0.0,False,UserAccount,GameElementResource,0.08237453512609913,0.0,0.0,-1,rejected,0.0
Adam_Phil,Interactive_Content_–_H5P,0.1029681689076239,0.1559037686719438,0.0,False,UserAccount,GameElementResource,0.08237453512609913,0.0,0.0,-1,rejected,0.0
Adam_Phil,Block_Game,0.1029681689076239,0.1559037686719438,0.0,False,UserAccount,GameElementResource,0.08237453512609913,0.0,0.0,-1,rejected,0.0
Adam_Phil,Game,0.1029681689076239,0.1559037686719438,0.0,False,UserAccount,GameElementResource,0.08237453512609913,0.0,0.0,-1,rejected,0.0
bonus resource for lesson 8 Exception Handling,Interactive_Content_–_H5P,0.10296100927576642,0.1567004946456351,0.0,False,unknown,GameElementResource,0.08236880742061314,0.0,0.0,-1,rejected,0.0
bonus resource for lesson 8 Exception Handling,Game,0.10296100927576642,0.1567004946456351,0.0,False,unknown,GameElementResource,0.08236880742061314,0.0,0.0,-1,rejected,0.0
bonus resource for lesson 8 Exception Handling,Quizventure,0.10296100927576642,0.1567004946456351,0.0,False,unknown,GameElementResource,0.08236880742061314,0.0,0.0,-1,rejected,0.0
ressource bonus pour la leçon 8 Gestion des exceptions,Quizventure,0.10296100927576642,0.1567004946456351,0.0,False,unknown,GameElementResource,0.08236880742061314,0.0,0.0,-1,rejected,0.0
ressource bonus pour la leçon 8 Gestion des exceptions,Game,0.10296100927576642,0.1567004946456351,0.0,False,unknown,GameElementResource,0.08236880742061314,0.0,0.0,-1,rejected,0.0
ressource bonus pour la leçon 8 Gestion des exceptions,Block_Game,0.10296100927576642,0.1567004946456351,0.0,False,unknown,GameElementResource,0.08236880742061314,0.0,0.0,-1,rejected,0.0
ressource bonus pour la leçon 8 Gestion des exceptions,Interactive_Content_–_H5P,0.10296100927576642,0.1567004946456351,0.0,False,unknown,GameElementResource,0.08236880742061314,0.0,0.0,-1,rejected,0.0
bonus resource for lesson 8 Exception Handling,Block_Game,0.10296100927576642,0.1567004946456351,0.0,False,unknown,GameElementResource,0.08236880742061314,0.0,0.0,-1,rejected,0.0
accountServiceHomepage,Quizventure,0.10295423441237976,0.15876715725964952,0.0,False,unknown,GameElementResource,0.08236338752990381,0.0,0.0,-1,rejected,0.0
accountServiceHomepage,Interactive_Content_–_H5P,0.10295423441237976,0.15876715725964952,0.0,False,unknown,GameElementResource,0.08236338752990381,0.0,0.0,-1,rejected,0.0
consists_of,Interactive_Content_–_H5P,0.10295423441237976,0.15876715725964952,0.0,False,unknown,GameElementResource,0.08236338752990381,0.0,0.0,-1,rejected,0.0
consists_of,Quizventure,0.10295423441237976,0.15876715725964952,0.0,False,unknown,GameElementResource,0.08236338752990381,0.0,0.0,-1,rejected,0.0
accountServiceHomepage,Block_Game,0.10295423441237976,0.15876715725964952,0.0,False,unknown,GameElementResource,0.08236338752990381,0.0,0.0,-1,rejected,0.0
accountServiceHomepage,Game,0.10295423441237976,0.15876715725964952,0.0,False,unknown,GameElementResource,0.08236338752990381,0.0,0.0,-1,rejected,0.0
workplaceHomepage,Block_Game,0.10295423441237976,0.15876715725964952,0.0,False,unknown,GameElementResource,0.08236338752990381,0.0,0.0,-1,rejected,0.0
workplaceHomepage,Game,0.10295423441237976,0.15876715725964952,0.0,False,unknown,GameElementResource,0.08236338752990381,0.0,0.0,-1,rejected,0.0
consists_of,Block_Game,0.10295423441237976,0.15876715725964952,0.0,False,unknown,GameElementResource,0.08236338752990381,0.0,0.0,-1,rejected,0.0
consists_of,Game,0.10295423441237976,0.15876715725964952,0.0,False,unknown,GameElementResource,0.08236338752990381,0.0,0.0,-1,rejected,0.0
RDV,Interactive_Content_–_H5P,0.10295423441237976,0.15876715725964952,0.0,False,unknown,GameElementResource,0.08236338752990381,0.0,0.0,-1,rejected,0.0
RDV,Quizventure,0.10295423441237976,0.15876715725964952,0.0,False,unknown,GameElementResource,0.08236338752990381,0.0,0.0,-1,rejected,0.0
has_body_for_annotation,Interactive_Content_–_H5P,0.10295423441237976,0.15876715725964952,0.0,False,unknown,GameElementResource,0.08236338752990381,0.0,0.0,-1,rejected,0.0
has_body_for_annotation,Game,0.10295423441237976,0.15876715725964952,0.0,False,unknown,GameElementResource,0.08236338752990381,0.0,0.0,-1,rejected,0.0
has_body_for_annotation,Block_Game,0.10295423441237976,0.15876715725964952,0.0,False,unknown,GameElementResource,0.08236338752990381,0.0,0.0,-1,rejected,0.0
RDV,Block_Game,0.10295423441237976,0.15876715725964952,0.0,False,unknown,GameElementResource,0.08236338752990381,0.0,0.0,-1,rejected,0.0
has_target,Block_Game,0.10295423441237976,0.15876715725964952,0.0,False,unknown,GameElementResource,0.08236338752990381,0.0,0.0,-1,rejected,0.0
has_body_for_annotation,Quizventure,0.10295423441237976,0.15876715725964952,0.0,False,unknown,GameElementResource,0.08236338752990381,0.0,0.0,-1,rejected,0.0
RDV,Game,0.10295423441237976,0.15876715725964952,0.0,False,unknown,GameElementResource,0.08236338752990381,0.0,0.0,-1,rejected,0.0
has_target,Game,0.10295423441237976,0.15876715725964952,0.0,False,unknown,GameElementResource,0.08236338752990381,0.0,0.0,-1,rejected,0.0
has_target,Interactive_Content_–_H5P,0.10295423441237976,0.15876715725964952,0.0,False,unknown,GameElementResource,0.08236338752990381,0.0,0.0,-1,rejected,0.0
has_target,Quizventure,0.10295423441237976,0.15876715725964952,0.0,False,unknown,GameElementResource,0.08236338752990381,0.0,0.0,-1,rejected,0.0
workplaceHomepage,Quizventure,0.10295423441237976,0.15876715725964952,0.0,False,unknown,GameElementResource,0.08236338752990381,0.0,0.0,-1,rejected,0.0
workplaceHomepage,Interactive_Content_–_H5P,0.10295423441237976,0.15876715725964952,0.0,False,unknown,GameElementResource,0.08236338752990381,0.0,0.0,-1,rejected,0.0
has_answer,Block_Game,0.10295422249145081,0.15876713119100042,0.0,False,unknown,GameElementResource,0.08236337799316065,0.0,0.0,-1,rejected,0.0
has_answer,Game,0.10295422249145081,0.15876713119100042,0.0,False,unknown,GameElementResource,0.08236337799316065,0.0,0.0,-1,rejected,0.0
has_answer,Interactive_Content_–_H5P,0.10295422249145081,0.15876713119100042,0.0,False,unknown,GameElementResource,0.08236337799316065,0.0,0.0,-1,rejected,0.0
has_answer,Quizventure,0.10295422249145081,0.15876713119100042,0.0,False,unknown,GameElementResource,0.08236337799316065,0.0,0.0,-1,rejected,0.0
"the playing style the teacher prefers, it is either ""explorer"", ""achiever"", ""philanthropest"", or ""socializer""",Block_Game,0.10290579194280476,0.156720859471621,0.0,False,unknown,GameElementResource,0.08232463355424381,0.0,0.0,-1,rejected,0.0
"the playing style the teacher prefers, it is either ""explorer"", ""achiever"", ""philanthropest"", or ""socializer""",Game,0.10290579194280476,0.156720859471621,0.0,False,unknown,GameElementResource,0.08232463355424381,0.0,0.0,-1,rejected,0.0
"the playing style the teacher prefers, it is either ""explorer"", ""achiever"", ""philanthropest"", or ""socializer""",Quizventure,0.10290579194280476,0.156720859471621,0.0,False,unknown,GameElementResource,0.08232463355424381,0.0,0.0,-1,rejected,0.0
"the playing style the teacher prefers, it is either ""explorer"", ""achiever"", ""philanthropest"", or ""socializer""",Interactive_Content_–_H5P,0.10290579194280476,0.156720859471621,0.0,False,unknown,GameElementResource,0.08232463355424381,0.0,0.0,-1,rejected,0.0
detects,Interactive_Content_–_H5P,0.10287332996944246,0.15673288112052094,0.0,False,unknown,GameElementResource,0.08229866397555397,0.0,0.0,-1,rejected,0.0
Stimulus,Quizventure,0.10287332996944246,0.15673288112052094,0.0,False,unknown,GameElementResource,0.08229866397555397,0.0,0.0,-1,rejected,0.0
Stimulus,Interactive_Content_–_H5P,0.10287332996944246,0.15673288112052094,0.0,False,unknown,GameElementResource,0.08229866397555397,0.0,0.0,-1,rejected,0.0
Stimulus,Game,0.10287332996944246,0.15673288112052094,0.0,False,unknown,GameElementResource,0.08229866397555397,0.0,0.0,-1,rejected,0.0
detects,Block_Game,0.10287332996944246,0.15673288112052094,0.0,False,unknown,GameElementResource,0.08229866397555397,0.0,0.0,-1,rejected,0.0
detects,Quizventure,0.10287332996944246,0.15673288112052094,0.0,False,unknown,GameElementResource,0.08229866397555397,0.0,0.0,-1,rejected,0.0
detects,Game,0.10287332996944246,0.15673288112052094,0.0,False,unknown,GameElementResource,0.08229866397555397,0.0,0.0,-1,rejected,0.0
Stimulus,Block_Game,0.10287332996944246,0.15673288112052094,0.0,False,unknown,GameElementResource,0.08229866397555397,0.0,0.0,-1,rejected,0.0
bonus resource for lesson 9 Input and Output Stream,Interactive_Content_–_H5P,0.10287209844260943,0.15673333696895148,0.0,False,unknown,GameElementResource,0.08229767875408756,0.0,0.0,-1,rejected,0.0
bonus resource for lesson 9 Input and Output Stream,Block_Game,0.10287209844260943,0.15673333696895148,0.0,False,unknown,GameElementResource,0.08229767875408756,0.0,0.0,-1,rejected,0.0
bonus resource for lesson 9 Input and Output Stream,Quizventure,0.10287209844260943,0.15673333696895148,0.0,False,unknown,GameElementResource,0.08229767875408756,0.0,0.0,-1,rejected,0.0
ressource bonus pour la leçon 9 Flux d'entrée et de sortie,Block_Game,0.10287209844260943,0.15673333696895148,0.0,False,unknown,GameElementResource,0.08229767875408756,0.0,0.0,-1,rejected,0.0
bonus resource for lesson 9 Input and Output Stream,Game,0.10287209844260943,0.15673333696895148,0.0,False,unknown,GameElementResource,0.08229767875408756,0.0,0.0,-1,rejected,0.0
ressource bonus pour la leçon 9 Flux d'entrée et de sortie,Game,0.10287209844260943,0.15673333696895148,0.0,False,unknown,GameElementResource,0.08229767875408756,0.0,0.0,-1,rejected,0.0
ressource bonus pour la leçon 9 Flux d'entrée et de sortie,Interactive_Content_–_H5P,0.10287209844260943,0.15673333696895148,0.0,False,unknown,GameElementResource,0.08229767875408756,0.0,0.0,-1,rejected,0.0
ressource bonus pour la leçon 9 Flux d'entrée et de sortie,Quizventure,0.10287209844260943,0.15673333696895148,0.0,False,unknown,GameElementResource,0.08229767875408756,0.0,0.0,-1,rejected,0.0
bonus resource for lesson 5 Class Methods and Constructors,Interactive_Content_–_H5P,0.10286469825537507,0.1567360766971695,0.0,False,unknown,GameElementResource,0.08229175860430006,0.0,0.0,-1,rejected,0.0
ressource bonus pour la leçon 5 Méthodes et constructeurs de classe,Block_Game,0.10286469825537507,0.1567360766971695,0.0,False,unknown,GameElementResource,0.08229175860430006,0.0,0.0,-1,rejected,0.0
ressource bonus pour la leçon 5 Méthodes et constructeurs de classe,Interactive_Content_–_H5P,0.10286469825537507,0.1567360766971695,0.0,False,unknown,GameElementResource,0.08229175860430006,0.0,0.0,-1,rejected,0.0
ressource bonus pour la leçon 5 Méthodes et constructeurs de classe,Game,0.10286469825537507,0.1567360766971695,0.0,False,unknown,GameElementResource,0.08229175860430006,0.0,0.0,-1,rejected,0.0
ressource bonus pour la leçon 5 Méthodes et constructeurs de classe,Quizventure,0.10286469825537507,0.1567360766971695,0.0,False,unknown,GameElementResource,0.08229175860430006,0.0,0.0,-1,rejected,0.0
bonus resource for lesson 5 Class Methods and Constructors,Block_Game,0.10286469825537507,0.1567360766971695,0.0,False,unknown,GameElementResource,0.08229175860430006,0.0,0.0,-1,rejected,0.0
bonus resource for lesson 5 Class Methods and Constructors,Quizventure,0.10286469825537507,0.1567360766971695,0.0,False,unknown,GameElementResource,0.08229175860430006,0.0,0.0,-1,rejected,0.0
bonus resource for lesson 5 Class Methods and Constructors,Game,0.10286469825537507,0.1567360766971695,0.0,False,unknown,GameElementResource,0.08229175860430006,0.0,0.0,-1,rejected,0.0
RFK_GE_TinyStash,Quizventure,0.10278091062709296,0.1559504156033829,0.0,False,ReferenceKey,GameElementResource,0.08222472850167438,0.0,0.0,-1,rejected,0.0
RFK_GE_TinyStash,Block_Game,0.10278091062709296,0.1559504156033829,0.0,False,ReferenceKey,GameElementResource,0.08222472850167438,0.0,0.0,-1,rejected,0.0
RFK_GE_TinyStash,Game,0.10278091062709296,0.1559504156033829,0.0,False,ReferenceKey,GameElementResource,0.08222472850167438,0.0,0.0,-1,rejected,0.0
RFK_GE_TinyStash,Interactive_Content_–_H5P,0.10278091062709296,0.1559504156033829,0.0,False,ReferenceKey,GameElementResource,0.08222472850167438,0.0,0.0,-1,rejected,0.0
Bill,Block_Game,0.10262745676244331,0.15842276470473363,0.0,False,Class,GameElementResource,0.08210196540995465,0.0,0.0,-1,rejected,0.0
Bill,Quizventure,0.10262745676244331,0.15842276470473363,0.0,False,Class,GameElementResource,0.08210196540995465,0.0,0.0,-1,rejected,0.0
Bill,Interactive_Content_–_H5P,0.10262745676244331,0.15842276470473363,0.0,False,Class,GameElementResource,0.08210196540995465,0.0,0.0,-1,rejected,0.0
Film,Block_Game,0.10262745676244331,0.15842276470473363,0.0,False,Class,GameElementResource,0.08210196540995465,0.0,0.0,-1,rejected,0.0
Film,Game,0.10262745676244331,0.15842276470473363,0.0,False,Class,GameElementResource,0.08210196540995465,0.0,0.0,-1,rejected,0.0
Bill,Game,0.10262745676244331,0.15842276470473363,0.0,False,Class,GameElementResource,0.08210196540995465,0.0,0.0,-1,rejected,0.0
Film,Quizventure,0.10262745676244331,0.15842276470473363,0.0,False,Class,GameElementResource,0.08210196540995465,0.0,0.0,-1,rejected,0.0
Film,Interactive_Content_–_H5P,0.10262745676244331,0.15842276470473363,0.0,False,Class,GameElementResource,0.08210196540995465,0.0,0.0,-1,rejected,0.0
"ressource bonus pour la leçon 7 ""Event Handler and Listener""",Game,0.10239590721745273,0.1570583648942786,0.0,False,unknown,GameElementResource,0.0819167257739622,0.0,0.0,-1,rejected,0.0
bonus resource for lesson 7 Event Handler and Listener,Block_Game,0.10239590721745273,0.1570583648942786,0.0,False,unknown,GameElementResource,0.0819167257739622,0.0,0.0,-1,rejected,0.0
bonus resource for lesson 7 Event Handler and Listener,Quizventure,0.10239590721745273,0.1570583648942786,0.0,False,unknown,GameElementResource,0.0819167257739622,0.0,0.0,-1,rejected,0.0
bonus resource for lesson 7 Event Handler and Listener,Game,0.10239590721745273,0.1570583648942786,0.0,False,unknown,GameElementResource,0.0819167257739622,0.0,0.0,-1,rejected,0.0
bonus resource for lesson 7 Event Handler and Listener,Interactive_Content_–_H5P,0.10239590721745273,0.1570583648942786,0.0,False,unknown,GameElementResource,0.0819167257739622,0.0,0.0,-1,rejected,0.0
"ressource bonus pour la leçon 7 ""Event Handler and Listener""",Quizventure,0.10239590721745273,0.1570583648942786,0.0,False,unknown,GameElementResource,0.0819167257739622,0.0,0.0,-1,rejected,0.0
"ressource bonus pour la leçon 7 ""Event Handler and Listener""",Block_Game,0.10239590721745273,0.1570583648942786,0.0,False,unknown,GameElementResource,0.0819167257739622,0.0,0.0,-1,rejected,0.0
"ressource bonus pour la leçon 7 ""Event Handler and Listener""",Interactive_Content_–_H5P,0.10239590721745273,0.1570583648942786,0.0,False,unknown,GameElementResource,0.0819167257739622,0.0,0.0,-1,rejected,0.0
subject,bonusPoints,0.10236899293836477,0.15785461703852588,0.0,False,AnnotationProperty,BonusPoints,0.08189519435069181,0.0,0.0,-1,rejected,0.0
avatar,bonusPoints,0.10236899293836477,0.15785461703852588,0.0,False,AnnotationProperty,BonusPoints,0.08189519435069181,0.0,0.0,-1,rejected,0.0
cardinality,bonusPoints,0.10236899293836477,0.15785461703852588,0.0,False,AnnotationProperty,BonusPoints,0.08189519435069181,0.0,0.0,-1,rejected,0.0
key,bonusPoints,0.10236899293836477,0.15785461703852588,0.0,False,AnnotationProperty,BonusPoints,0.08189519435069181,0.0,0.0,-1,rejected,0.0
hasValue,bonusPoints,0.10236899293836477,0.15785461703852588,0.0,False,AnnotationProperty,BonusPoints,0.08189519435069181,0.0,0.0,-1,rejected,0.0
creator_of,bonusPoints,0.10236899293836477,0.15785461703852588,0.0,False,AnnotationProperty,BonusPoints,0.08189519435069181,0.0,0.0,-1,rejected,0.0
num_threads,bonusPoints,0.10236899293836477,0.15785461703852588,0.0,False,AnnotationProperty,BonusPoints,0.08189519435069181,0.0,0.0,-1,rejected,0.0
usergroup_of,bonusPoints,0.10236899293836477,0.15785461703852588,0.0,False,AnnotationProperty,BonusPoints,0.08189519435069181,0.0,0.0,-1,rejected,0.0
"has priority to either essential or bonus to be accessed by the learner.
This priority is decided by the teacher for the resource.",Game,0.10236687769465705,0.157068840493292,0.0,False,unknown,GameElementResource,0.08189350215572565,0.0,0.0,-1,rejected,0.0
"has priority to either essential or bonus to be accessed by the learner.
This priority is decided by the teacher for the resource.",Block_Game,0.10236687769465705,0.157068840493292,0.0,False,unknown,GameElementResource,0.08189350215572565,0.0,0.0,-1,rejected,0.0
"has priority to either essential or bonus to be accessed by the learner.
This priority is decided by the teacher for the resource.",Quizventure,0.10236687769465705,0.157068840493292,0.0,False,unknown,GameElementResource,0.08189350215572565,0.0,0.0,-1,rejected,0.0
"has priority to either essential or bonus to be accessed by the learner.
This priority is decided by the teacher for the resource.",Interactive_Content_–_H5P,0.10236687769465705,0.157068840493292,0.0,False,unknown,GameElementResource,0.08189350215572565,0.0,0.0,-1,rejected,0.0
leçon 7 du cours Programmation Orientée Objet,Block_Game,0.10233881297885161,0.1570789819186069,0.0,False,unknown,GameElementResource,0.08187105038308129,0.0,0.0,-1,rejected,0.0
lesson 7 for the course Object Oriented Programming,Quizventure,0.10233881297885161,0.1570789819186069,0.0,False,unknown,GameElementResource,0.08187105038308129,0.0,0.0,-1,rejected,0.0
lesson 7 for the course Object Oriented Programming,Interactive_Content_–_H5P,0.10233881297885161,0.1570789819186069,0.0,False,unknown,GameElementResource,0.08187105038308129,0.0,0.0,-1,rejected,0.0
lesson 7 for the course Object Oriented Programming,Game,0.10233881297885161,0.1570789819186069,0.0,False,unknown,GameElementResource,0.08187105038308129,0.0,0.0,-1,rejected,0.0
lesson 7 for the course Object Oriented Programming,Block_Game,0.10233881297885161,0.1570789819186069,0.0,False,unknown,GameElementResource,0.08187105038308129,0.0,0.0,-1,rejected,0.0
leçon 7 du cours Programmation Orientée Objet,Interactive_Content_–_H5P,0.10233881297885161,0.1570789819186069,0.0,False,unknown,GameElementResource,0.08187105038308129,0.0,0.0,-1,rejected,0.0
leçon 7 du cours Programmation Orientée Objet,Game,0.10233881297885161,0.1570789819186069,0.0,False,unknown,GameElementResource,0.08187105038308129,0.0,0.0,-1,rejected,0.0
leçon 7 du cours Programmation Orientée Objet,Quizventure,0.10233881297885161,0.1570789819186069,0.0,False,unknown,GameElementResource,0.08187105038308129,0.0,0.0,-1,rejected,0.0
RF_GE_STash,Game,0.10214904301474223,0.15628631996453765,0.0,False,ReferenceKey,GameElementResource,0.0817192344117938,0.0,0.0,-1,rejected,0.0
RF_GE_STash,Block_Game,0.10214904301474223,0.15628631996453765,0.0,False,ReferenceKey,GameElementResource,0.0817192344117938,0.0,0.0,-1,rejected,0.0
RF_GE_BloackGame,Block_Game,0.10214904301474223,0.15628631996453765,0.0,False,ReferenceKey,GameElementResource,0.0817192344117938,0.0,0.0,-1,rejected,0.0
RF_GE_BloackGame,Interactive_Content_–_H5P,0.10214904301474223,0.15628631996453765,0.0,False,ReferenceKey,GameElementResource,0.0817192344117938,0.0,0.0,-1,rejected,0.0
RF_GE_BloackGame,Game,0.10214904301474223,0.15628631996453765,0.0,False,ReferenceKey,GameElementResource,0.0817192344117938,0.0,0.0,-1,rejected,0.0
RF_GE_BloackGame,Quizventure,0.10214904301474223,0.15628631996453765,0.0,False,ReferenceKey,GameElementResource,0.0817192344117938,0.0,0.0,-1,rejected,0.0
RF_GE_STash,Quizventure,0.10214904301474223,0.15628631996453765,0.0,False,ReferenceKey,GameElementResource,0.0817192344117938,0.0,0.0,-1,rejected,0.0
RF_GE_STash,Interactive_Content_–_H5P,0.10214904301474223,0.15628631996453765,0.0,False,ReferenceKey,GameElementResource,0.0817192344117938,0.0,0.0,-1,rejected,0.0
FeatureOfInterest,Game,0.10181676405452093,0.15743575408911326,0.0,False,unknown,GameElementResource,0.08145341124361676,0.0,0.0,-1,rejected,0.0
madeBySensor,Interactive_Content_–_H5P,0.10181676405452093,0.15743575408911326,0.0,False,unknown,GameElementResource,0.08145341124361676,0.0,0.0,-1,rejected,0.0
madeBySensor,Game,0.10181676405452093,0.15743575408911326,0.0,False,unknown,GameElementResource,0.08145341124361676,0.0,0.0,-1,rejected,0.0
madeBySensor,Block_Game,0.10181676405452093,0.15743575408911326,0.0,False,unknown,GameElementResource,0.08145341124361676,0.0,0.0,-1,rejected,0.0
madeBySensor,Quizventure,0.10181676405452093,0.15743575408911326,0.0,False,unknown,GameElementResource,0.08145341124361676,0.0,0.0,-1,rejected,0.0
isPropertyOf,Game,0.10181676405452093,0.15743575408911326,0.0,False,unknown,GameElementResource,0.08145341124361676,0.0,0.0,-1,rejected,0.0
Sensor,Block_Game,0.10181676405452093,0.15743575408911326,0.0,False,unknown,GameElementResource,0.08145341124361676,0.0,0.0,-1,rejected,0.0
isPropertyOf,Interactive_Content_–_H5P,0.10181676405452093,0.15743575408911326,0.0,False,unknown,GameElementResource,0.08145341124361676,0.0,0.0,-1,rejected,0.0
isPropertyOf,Quizventure,0.10181676405452093,0.15743575408911326,0.0,False,unknown,GameElementResource,0.08145341124361676,0.0,0.0,-1,rejected,0.0
Sensor,Game,0.10181676405452093,0.15743575408911326,0.0,False,unknown,GameElementResource,0.08145341124361676,0.0,0.0,-1,rejected,0.0
Sensor,Interactive_Content_–_H5P,0.10181676405452093,0.15743575408911326,0.0,False,unknown,GameElementResource,0.08145341124361676,0.0,0.0,-1,rejected,0.0
Sensor,Quizventure,0.10181676405452093,0.15743575408911326,0.0,False,unknown,GameElementResource,0.08145341124361676,0.0,0.0,-1,rejected,0.0
isPropertyOf,Block_Game,0.10181676405452093,0.15743575408911326,0.0,False,unknown,GameElementResource,0.08145341124361676,0.0,0.0,-1,rejected,0.0
FeatureOfInterest,Block_Game,0.10181676405452093,0.15743575408911326,0.0,False,unknown,GameElementResource,0.08145341124361676,0.0,0.0,-1,rejected,0.0
FeatureOfInterest,Quizventure,0.10181676405452093,0.15743575408911326,0.0,False,unknown,GameElementResource,0.08145341124361676,0.0,0.0,-1,rejected,0.0
FeatureOfInterest,Interactive_Content_–_H5P,0.10181676405452093,0.15743575408911326,0.0,False,unknown,GameElementResource,0.08145341124361676,0.0,0.0,-1,rejected,0.0
1.0,Block_Game,0.10177151031500704,0.15745173979599025,0.0,False,unknown,GameElementResource,0.08141720825200564,0.0,0.0,-1,rejected,0.0
1.0,Interactive_Content_–_H5P,0.10177151031500704,0.15745173979599025,0.0,False,unknown,GameElementResource,0.08141720825200564,0.0,0.0,-1,rejected,0.0
1.0,Quizventure,0.10177151031500704,0.15745173979599025,0.0,False,unknown,GameElementResource,0.08141720825200564,0.0,0.0,-1,rejected,0.0
1.0,Game,0.10177151031500704,0.15745173979599025,0.0,False,unknown,GameElementResource,0.08141720825200564,0.0,0.0,-1,rejected,0.0
greaterThan,Block_Game,0.10177141156530274,0.15745177471806038,0.0,False,unknown,GameElementResource,0.0814171292522422,0.0,0.0,-1,rejected,0.0
greaterThan,Game,0.10177141156530274,0.15745177471806038,0.0,False,unknown,GameElementResource,0.0814171292522422,0.0,0.0,-1,rejected,0.0
greaterThan,Interactive_Content_–_H5P,0.10177141156530274,0.15745177471806038,0.0,False,unknown,GameElementResource,0.0814171292522422,0.0,0.0,-1,rejected,0.0
greaterThan,Quizventure,0.10177141156530274,0.15745177471806038,0.0,False,unknown,GameElementResource,0.0814171292522422,0.0,0.0,-1,rejected,0.0
Advanced,Block_Game,0.10176891258713046,0.15745265851897608,0.0,False,unknown,GameElementResource,0.08141513006970437,0.0,0.0,-1,rejected,0.0
Advanced,Quizventure,0.10176891258713046,0.15745265851897608,0.0,False,unknown,GameElementResource,0.08141513006970437,0.0,0.0,-1,rejected,0.0
Advanced,Interactive_Content_–_H5P,0.10176891258713046,0.15745265851897608,0.0,False,unknown,GameElementResource,0.08141513006970437,0.0,0.0,-1,rejected,0.0
Advanced,Game,0.10176891258713046,0.15745265851897608,0.0,False,unknown,GameElementResource,0.08141513006970437,0.0,0.0,-1,rejected,0.0
Motivation,Game,0.10176850963102502,0.15745280104062617,0.0,False,unknown,GameElementResource,0.08141480770482001,0.0,0.0,-1,rejected,0.0
Motivation,Block_Game,0.10176850963102502,0.15745280104062617,0.0,False,unknown,GameElementResource,0.08141480770482001,0.0,0.0,-1,rejected,0.0
Motivation,Quizventure,0.10176850963102502,0.15745280104062617,0.0,False,unknown,GameElementResource,0.08141480770482001,0.0,0.0,-1,rejected,0.0
Motivation,Interactive_Content_–_H5P,0.10176850963102502,0.15745280104062617,0.0,False,unknown,GameElementResource,0.08141480770482001,0.0,0.0,-1,rejected,0.0
has_TeachingLanguage,Interactive_Content_–_H5P,0.10169855854706752,0.15830241877918394,0.0,False,DatatypeProperty,GameElementResource,0.08135884683765403,0.0,0.0,-1,rejected,0.0
has_TranslationLanguage,Interactive_Content_–_H5P,0.10169855854706752,0.15830241877918394,0.0,False,DatatypeProperty,GameElementResource,0.08135884683765403,0.0,0.0,-1,rejected,0.0
has_EducationalLevel,Quizventure,0.10169855854706752,0.15830241877918394,0.0,False,DatatypeProperty,GameElementResource,0.08135884683765403,0.0,0.0,-1,rejected,0.0
has_TranslationLanguage,Quizventure,0.10169855854706752,0.15830241877918394,0.0,False,DatatypeProperty,GameElementResource,0.08135884683765403,0.0,0.0,-1,rejected,0.0
has_TranslationLanguage,Game,0.10169855854706752,0.15830241877918394,0.0,False,DatatypeProperty,GameElementResource,0.08135884683765403,0.0,0.0,-1,rejected,0.0
has_TeachingLanguage,Quizventure,0.10169855854706752,0.15830241877918394,0.0,False,DatatypeProperty,GameElementResource,0.08135884683765403,0.0,0.0,-1,rejected,0.0
has_TeachingLanguage,Game,0.10169855854706752,0.15830241877918394,0.0,False,DatatypeProperty,GameElementResource,0.08135884683765403,0.0,0.0,-1,rejected,0.0
has_Rating,Quizventure,0.10169855854706752,0.15830241877918394,0.0,False,DatatypeProperty,GameElementResource,0.08135884683765403,0.0,0.0,-1,rejected,0.0
has_TotalEnrollment,Block_Game,0.10169855854706752,0.15830241877918394,0.0,False,DatatypeProperty,GameElementResource,0.08135884683765403,0.0,0.0,-1,rejected,0.0
has_duration,Game,0.10169855854706752,0.15830241877918394,0.0,False,DatatypeProperty,GameElementResource,0.08135884683765403,0.0,0.0,-1,rejected,0.0
has_Purpose,Interactive_Content_–_H5P,0.10169855854706752,0.15830241877918394,0.0,False,DatatypeProperty,GameElementResource,0.08135884683765403,0.0,0.0,-1,rejected,0.0
has_Purpose,Block_Game,0.10169855854706752,0.15830241877918394,0.0,False,DatatypeProperty,GameElementResource,0.08135884683765403,0.0,0.0,-1,rejected,0.0
has_TotalCompletionHours,Game,0.10169855854706752,0.15830241877918394,0.0,False,DatatypeProperty,GameElementResource,0.08135884683765403,0.0,0.0,-1,rejected,0.0
has_Purpose,Quizventure,0.10169855854706752,0.15830241877918394,0.0,False,DatatypeProperty,GameElementResource,0.08135884683765403,0.0,0.0,-1,rejected,0.0
has_totalDownloads,Block_Game,0.10169855854706752,0.15830241877918394,0.0,False,DatatypeProperty,GameElementResource,0.08135884683765403,0.0,0.0,-1,rejected,0.0
has_totalDownloads,Game,0.10169855854706752,0.15830241877918394,0.0,False,DatatypeProperty,GameElementResource,0.08135884683765403,0.0,0.0,-1,rejected,0.0
has_totalDownloads,Interactive_Content_–_H5P,0.10169855854706752,0.15830241877918394,0.0,False,DatatypeProperty,GameElementResource,0.08135884683765403,0.0,0.0,-1,rejected,0.0
has_latestRelease,Quizventure,0.10169855854706752,0.15830241877918394,0.0,False,DatatypeProperty,GameElementResource,0.08135884683765403,0.0,0.0,-1,rejected,0.0
has_latestRelease,Interactive_Content_–_H5P,0.10169855854706752,0.15830241877918394,0.0,False,DatatypeProperty,GameElementResource,0.08135884683765403,0.0,0.0,-1,rejected,0.0
has_latestRelease,Game,0.10169855854706752,0.15830241877918394,0.0,False,DatatypeProperty,GameElementResource,0.08135884683765403,0.0,0.0,-1,rejected,0.0
has_TotalCompletionHours,Block_Game,0.10169855854706752,0.15830241877918394,0.0,False,DatatypeProperty,GameElementResource,0.08135884683765403,0.0,0.0,-1,rejected,0.0
Adam,Block_Game,0.10169855854706752,0.15830241877918394,0.0,False,Teacher,GameElementResource,0.08135884683765403,0.0,0.0,-1,rejected,0.0
Adam,Game,0.10169855854706752,0.15830241877918394,0.0,False,Teacher,GameElementResource,0.08135884683765403,0.0,0.0,-1,rejected,0.0
Adam,Interactive_Content_–_H5P,0.10169855854706752,0.15830241877918394,0.0,False,Teacher,GameElementResource,0.08135884683765403,0.0,0.0,-1,rejected,0.0
has_LearningPace,Quizventure,0.10169855854706752,0.15830241877918394,0.0,False,DatatypeProperty,GameElementResource,0.08135884683765403,0.0,0.0,-1,rejected,0.0
has_EducationalLevel,Block_Game,0.10169855854706752,0.15830241877918394,0.0,False,DatatypeProperty,GameElementResource,0.08135884683765403,0.0,0.0,-1,rejected,0.0
has_LearningPace,Game,0.10169855854706752,0.15830241877918394,0.0,False,DatatypeProperty,GameElementResource,0.08135884683765403,0.0,0.0,-1,rejected,0.0
has_LearningPace,Block_Game,0.10169855854706752,0.15830241877918394,0.0,False,DatatypeProperty,GameElementResource,0.08135884683765403,0.0,0.0,-1,rejected,0.0
has_EducationalLevel,Interactive_Content_–_H5P,0.10169855854706752,0.15830241877918394,0.0,False,DatatypeProperty,GameElementResource,0.08135884683765403,0.0,0.0,-1,rejected,0.0
Adam,Quizventure,0.10169855854706752,0.15830241877918394,0.0,False,Teacher,GameElementResource,0.08135884683765403,0.0,0.0,-1,rejected,0.0
has_EducationalLevel,Game,0.10169855854706752,0.15830241877918394,0.0,False,DatatypeProperty,GameElementResource,0.08135884683765403,0.0,0.0,-1,rejected,0.0
hasPaymentPreference,Quizventure,0.10169855854706752,0.15830241877918394,0.0,False,DatatypeProperty,GameElementResource,0.08135884683765403,0.0,0.0,-1,rejected,0.0
hasPaymentPreference,Game,0.10169855854706752,0.15830241877918394,0.0,False,DatatypeProperty,GameElementResource,0.08135884683765403,0.0,0.0,-1,rejected,0.0
hasPaymentPreference,Interactive_Content_–_H5P,0.10169855854706752,0.15830241877918394,0.0,False,DatatypeProperty,GameElementResource,0.08135884683765403,0.0,0.0,-1,rejected,0.0
hasPaymentPreference,Block_Game,0.10169855854706752,0.15830241877918394,0.0,False,DatatypeProperty,GameElementResource,0.08135884683765403,0.0,0.0,-1,rejected,0.0
has_LearningPace,Interactive_Content_–_H5P,0.10169855854706752,0.15830241877918394,0.0,False,DatatypeProperty,GameElementResource,0.08135884683765403,0.0,0.0,-1,rejected,0.0
has_Purpose,Game,0.10169855854706752,0.15830241877918394,0.0,False,DatatypeProperty,GameElementResource,0.08135884683765403,0.0,0.0,-1,rejected,0.0
has_TranslationLanguage,Block_Game,0.10169855854706752,0.15830241877918394,0.0,False,DatatypeProperty,GameElementResource,0.08135884683765403,0.0,0.0,-1,rejected,0.0
has_totalSites,Game,0.10169855854706752,0.15830241877918394,0.0,False,DatatypeProperty,GameElementResource,0.08135884683765403,0.0,0.0,-1,rejected,0.0
has_totalSites,Block_Game,0.10169855854706752,0.15830241877918394,0.0,False,DatatypeProperty,GameElementResource,0.08135884683765403,0.0,0.0,-1,rejected,0.0
has_totalDownloads,Quizventure,0.10169855854706752,0.15830241877918394,0.0,False,DatatypeProperty,GameElementResource,0.08135884683765403,0.0,0.0,-1,rejected,0.0
has_TeachingLanguage,Block_Game,0.10169855854706752,0.15830241877918394,0.0,False,DatatypeProperty,GameElementResource,0.08135884683765403,0.0,0.0,-1,rejected,0.0
has_TotalEnrollment,Game,0.10169855854706752,0.15830241877918394,0.0,False,DatatypeProperty,GameElementResource,0.08135884683765403,0.0,0.0,-1,rejected,0.0
has_latestRelease,Block_Game,0.10169855854706752,0.15830241877918394,0.0,False,DatatypeProperty,GameElementResource,0.08135884683765403,0.0,0.0,-1,rejected,0.0
has_duration,Block_Game,0.10169855854706752,0.15830241877918394,0.0,False,DatatypeProperty,GameElementResource,0.08135884683765403,0.0,0.0,-1,rejected,0.0
has_Rating,Interactive_Content_–_H5P,0.10169855854706752,0.15830241877918394,0.0,False,DatatypeProperty,GameElementResource,0.08135884683765403,0.0,0.0,-1,rejected,0.0
has_TotalCompletionHours,Quizventure,0.10169855854706752,0.15830241877918394,0.0,False,DatatypeProperty,GameElementResource,0.08135884683765403,0.0,0.0,-1,rejected,0.0
has_Rating,Block_Game,0.10169855854706752,0.15830241877918394,0.0,False,DatatypeProperty,GameElementResource,0.08135884683765403,0.0,0.0,-1,rejected,0.0
has_Rating,Game,0.10169855854706752,0.15830241877918394,0.0,False,DatatypeProperty,GameElementResource,0.08135884683765403,0.0,0.0,-1,rejected,0.0
has_totalSites,Quizventure,0.10169855854706752,0.15830241877918394,0.0,False,DatatypeProperty,GameElementResource,0.08135884683765403,0.0,0.0,-1,rejected,0.0
has_duration,Interactive_Content_–_H5P,0.10169855854706752,0.15830241877918394,0.0,False,DatatypeProperty,GameElementResource,0.08135884683765403,0.0,0.0,-1,rejected,0.0
has_duration,Quizventure,0.10169855854706752,0.15830241877918394,0.0,False,DatatypeProperty,GameElementResource,0.08135884683765403,0.0,0.0,-1,rejected,0.0
has_TotalCompletionHours,Interactive_Content_–_H5P,0.10169855854706752,0.15830241877918394,0.0,False,DatatypeProperty,GameElementResource,0.08135884683765403,0.0,0.0,-1,rejected,0.0
has_totalLikes,Quizventure,0.10169855854706752,0.15830241877918394,0.0,False,DatatypeProperty,GameElementResource,0.08135884683765403,0.0,0.0,-1,rejected,0.0
has_TotalEnrollment,Interactive_Content_–_H5P,0.10169855854706752,0.15830241877918394,0.0,False,DatatypeProperty,GameElementResource,0.08135884683765403,0.0,0.0,-1,rejected,0.0
has_totalSites,Interactive_Content_–_H5P,0.10169855854706752,0.15830241877918394,0.0,False,DatatypeProperty,GameElementResource,0.08135884683765403,0.0,0.0,-1,rejected,0.0
has_TotalEnrollment,Quizventure,0.10169855854706752,0.15830241877918394,0.0,False,DatatypeProperty,GameElementResource,0.08135884683765403,0.0,0.0,-1,rejected,0.0
has_totalLikes,Game,0.10169855854706752,0.15830241877918394,0.0,False,DatatypeProperty,GameElementResource,0.08135884683765403,0.0,0.0,-1,rejected,0.0
has_totalLikes,Interactive_Content_–_H5P,0.10169855854706752,0.15830241877918394,0.0,False,DatatypeProperty,GameElementResource,0.08135884683765403,0.0,0.0,-1,rejected,0.0
has_totalLikes,Block_Game,0.10169855854706752,0.15830241877918394,0.0,False,DatatypeProperty,GameElementResource,0.08135884683765403,0.0,0.0,-1,rejected,0.0
has_latestVersion,Interactive_Content_–_H5P,0.10169854662613857,0.1583023925158054,0.0,False,DatatypeProperty,GameElementResource,0.08135883730091087,0.0,0.0,-1,rejected,0.0
has_title,Block_Game,0.10169854662613857,0.1583023925158054,0.0,False,DatatypeProperty,GameElementResource,0.08135883730091087,0.0,0.0,-1,rejected,0.0
has_latestVersion,Quizventure,0.10169854662613857,0.1583023925158054,0.0,False,DatatypeProperty,GameElementResource,0.08135883730091087,0.0,0.0,-1,rejected,0.0
has_latestVersion,Game,0.10169854662613857,0.1583023925158054,0.0,False,DatatypeProperty,GameElementResource,0.08135883730091087,0.0,0.0,-1,rejected,0.0
has_latestVersion,Block_Game,0.10169854662613857,0.1583023925158054,0.0,False,DatatypeProperty,GameElementResource,0.08135883730091087,0.0,0.0,-1,rejected,0.0
has_title,Game,0.10169854662613857,0.1583023925158054,0.0,False,DatatypeProperty,GameElementResource,0.08135883730091087,0.0,0.0,-1,rejected,0.0
has_title,Interactive_Content_–_H5P,0.10169854662613857,0.1583023925158054,0.0,False,DatatypeProperty,GameElementResource,0.08135883730091087,0.0,0.0,-1,rejected,0.0
has_title,Quizventure,0.10169854662613857,0.1583023925158054,0.0,False,DatatypeProperty,GameElementResource,0.08135883730091087,0.0,0.0,-1,rejected,0.0
designLesson,Interactive_Content_–_H5P,0.1016749106649345,0.15831948673088775,0.0,False,ObjectProperty,GameElementResource,0.0813399285319476,0.0,0.0,-1,rejected,0.0
designLesson,Quizventure,0.1016749106649345,0.15831948673088775,0.0,False,ObjectProperty,GameElementResource,0.0813399285319476,0.0,0.0,-1,rejected,0.0
designLesson,Game,0.1016749106649345,0.15831948673088775,0.0,False,ObjectProperty,GameElementResource,0.0813399285319476,0.0,0.0,-1,rejected,0.0
designLesson,Block_Game,0.1016749106649345,0.15831948673088775,0.0,False,ObjectProperty,GameElementResource,0.0813399285319476,0.0,0.0,-1,rejected,0.0
has_description,Quizventure,0.10160949532604849,0.15836115286690144,0.0,False,FunctionalProperty,GameElementResource,0.0812875962608388,0.0,0.0,-1,rejected,0.0
has_description,Interactive_Content_–_H5P,0.10160949532604849,0.15836115286690144,0.0,False,FunctionalProperty,GameElementResource,0.0812875962608388,0.0,0.0,-1,rejected,0.0
has_description,Game,0.10160949532604849,0.15836115286690144,0.0,False,FunctionalProperty,GameElementResource,0.0812875962608388,0.0,0.0,-1,rejected,0.0
has_description,Block_Game,0.10160949532604849,0.15836115286690144,0.0,False,FunctionalProperty,GameElementResource,0.0812875962608388,0.0,0.0,-1,rejected,0.0
RFK_L3_R6,Game,0.10156896500718134,0.15661150969023796,0.0,False,ReferenceKey,GameElementResource,0.08125517200574507,0.0,0.0,-1,rejected,0.0
RFK_L3_R6,Block_Game,0.10156896500718134,0.15661150969023796,0.0,False,ReferenceKey,GameElementResource,0.08125517200574507,0.0,0.0,-1,rejected,0.0
RFK_L3_R6,Interactive_Content_–_H5P,0.10156896500718134,0.15661150969023796,0.0,False,ReferenceKey,GameElementResource,0.08125517200574507,0.0,0.0,-1,rejected,0.0
RFK_L3_R6,Quizventure,0.10156896500718134,0.15661150969023796,0.0,False,ReferenceKey,GameElementResource,0.08125517200574507,0.0,0.0,-1,rejected,0.0
RFK_L4_R7,Quizventure,0.10156682957049556,0.15661252142422186,0.0,False,ReferenceKey,GameElementResource,0.08125346365639646,0.0,0.0,-1,rejected,0.0
RFK_L4_R7,Block_Game,0.10156682957049556,0.15661252142422186,0.0,False,ReferenceKey,GameElementResource,0.08125346365639646,0.0,0.0,-1,rejected,0.0
RFK_L4_R7,Interactive_Content_–_H5P,0.10156682957049556,0.15661252142422186,0.0,False,ReferenceKey,GameElementResource,0.08125346365639646,0.0,0.0,-1,rejected,0.0
RFK_L4_R7,Game,0.10156682957049556,0.15661252142422186,0.0,False,ReferenceKey,GameElementResource,0.08125346365639646,0.0,0.0,-1,rejected,0.0
Address,Game,0.10121148691085666,0.15783642553774352,0.0,False,unknown,GameElementResource,0.08096918952868533,0.0,0.0,-1,rejected,0.0
Container,Interactive_Content_–_H5P,0.10121148691085666,0.15783642553774352,0.0,False,unknown,GameElementResource,0.08096918952868533,0.0,0.0,-1,rejected,0.0
Container,Game,0.10121148691085666,0.15783642553774352,0.0,False,unknown,GameElementResource,0.08096918952868533,0.0,0.0,-1,rejected,0.0
Address,Block_Game,0.10121148691085666,0.15783642553774352,0.0,False,unknown,GameElementResource,0.08096918952868533,0.0,0.0,-1,rejected,0.0
Container,Quizventure,0.10121148691085666,0.15783642553774352,0.0,False,unknown,GameElementResource,0.08096918952868533,0.0,0.0,-1,rejected,0.0
_:b56,Quizventure,0.10121148691085666,0.15783642553774352,0.0,False,unknown,GameElementResource,0.08096918952868533,0.0,0.0,-1,rejected,0.0
Property,Quizventure,0.10121148691085666,0.15783642553774352,0.0,False,unknown,GameElementResource,0.08096918952868533,0.0,0.0,-1,rejected,0.0
Property,Interactive_Content_–_H5P,0.10121148691085666,0.15783642553774352,0.0,False,unknown,GameElementResource,0.08096918952868533,0.0,0.0,-1,rejected,0.0
Property,Game,0.10121148691085666,0.15783642553774352,0.0,False,unknown,GameElementResource,0.08096918952868533,0.0,0.0,-1,rejected,0.0
Item,Quizventure,0.10121148691085666,0.15783642553774352,0.0,False,unknown,GameElementResource,0.08096918952868533,0.0,0.0,-1,rejected,0.0
_:b56,Interactive_Content_–_H5P,0.10121148691085666,0.15783642553774352,0.0,False,unknown,GameElementResource,0.08096918952868533,0.0,0.0,-1,rejected,0.0
Property,Block_Game,0.10121148691085666,0.15783642553774352,0.0,False,unknown,GameElementResource,0.08096918952868533,0.0,0.0,-1,rejected,0.0
_:b56,Game,0.10121148691085666,0.15783642553774352,0.0,False,unknown,GameElementResource,0.08096918952868533,0.0,0.0,-1,rejected,0.0
_:b56,Block_Game,0.10121148691085666,0.15783642553774352,0.0,False,unknown,GameElementResource,0.08096918952868533,0.0,0.0,-1,rejected,0.0
Address,Quizventure,0.10121148691085666,0.15783642553774352,0.0,False,unknown,GameElementResource,0.08096918952868533,0.0,0.0,-1,rejected,0.0
Item,Interactive_Content_–_H5P,0.10121148691085666,0.15783642553774352,0.0,False,unknown,GameElementResource,0.08096918952868533,0.0,0.0,-1,rejected,0.0
Item,Block_Game,0.10121148691085666,0.15783642553774352,0.0,False,unknown,GameElementResource,0.08096918952868533,0.0,0.0,-1,rejected,0.0
Item,Game,0.10121148691085666,0.15783642553774352,0.0,False,unknown,GameElementResource,0.08096918952868533,0.0,0.0,-1,rejected,0.0
Container,Block_Game,0.10121148691085666,0.15783642553774352,0.0,False,unknown,GameElementResource,0.08096918952868533,0.0,0.0,-1,rejected,0.0
Address,Interactive_Content_–_H5P,0.10121148691085666,0.15783642553774352,0.0,False,unknown,GameElementResource,0.08096918952868533,0.0,0.0,-1,rejected,0.0
isMoreExpertThan,Quizventure,0.10106875045365402,0.1570733658562577,0.0,False,ObjectProperty,GameElementResource,0.08085500036292322,0.0,0.0,-1,rejected,0.0
isMoreExpertThan,Interactive_Content_–_H5P,0.10106875045365402,0.1570733658562577,0.0,False,ObjectProperty,GameElementResource,0.08085500036292322,0.0,0.0,-1,rejected,0.0
isMoreExpertThan,Block_Game,0.10106875045365402,0.1570733658562577,0.0,False,ObjectProperty,GameElementResource,0.08085500036292322,0.0,0.0,-1,rejected,0.0
isMoreExpertThan,Game,0.10106875045365402,0.1570733658562577,0.0,False,ObjectProperty,GameElementResource,0.08085500036292322,0.0,0.0,-1,rejected,0.0
Entity,bonusPoints,0.1010459039978607,0.15701488339097566,0.0,False,unknown,BonusPoints,0.08083672319828857,0.0,0.0,-1,rejected,0.0
Class,bonusPoints,0.1010459039978607,0.15701488339097566,0.0,False,unknown,BonusPoints,0.08083672319828857,0.0,0.0,-1,rejected,0.0
unsignedInt,Block_Game,0.10098097213613508,0.15812527028361242,0.0,False,unknown,GameElementResource,0.08078477770890807,0.0,0.0,-1,rejected,0.0
Representes the numeric value equivaent to the teache's gamification experience level,Quizventure,0.10098097213613508,0.15812527028361242,0.0,False,unknown,GameElementResource,0.08078477770890807,0.0,0.0,-1,rejected,0.0
Representes the numeric value equivaent to the teache's gamification experience level,Interactive_Content_–_H5P,0.10098097213613508,0.15812527028361242,0.0,False,unknown,GameElementResource,0.08078477770890807,0.0,0.0,-1,rejected,0.0
unsignedInt,Quizventure,0.10098097213613508,0.15812527028361242,0.0,False,unknown,GameElementResource,0.08078477770890807,0.0,0.0,-1,rejected,0.0
Representes the numeric value equivaent to the teache's gamification experience level,Game,0.10098097213613508,0.15812527028361242,0.0,False,unknown,GameElementResource,0.08078477770890807,0.0,0.0,-1,rejected,0.0
unsignedInt,Game,0.10098097213613508,0.15812527028361242,0.0,False,unknown,GameElementResource,0.08078477770890807,0.0,0.0,-1,rejected,0.0
Representes the numeric value equivaent to the teache's gamification experience level,Block_Game,0.10098097213613508,0.15812527028361242,0.0,False,unknown,GameElementResource,0.08078477770890807,0.0,0.0,-1,rejected,0.0
unsignedInt,Interactive_Content_–_H5P,0.10098097213613508,0.15812527028361242,0.0,False,unknown,GameElementResource,0.08078477770890807,0.0,0.0,-1,rejected,0.0
objectives the teacher can choose from for each resource to prompt a desired learners’ behaviours when learners interact with that resource.,Game,0.10093120750139344,0.15837849366261672,0.0,False,unknown,GameElementResource,0.08074496600111475,0.0,0.0,-1,rejected,0.0
objectives the teacher can choose from for each resource to prompt a desired learners’ behaviours when learners interact with that resource.,Quizventure,0.10093120750139344,0.15837849366261672,0.0,False,unknown,GameElementResource,0.08074496600111475,0.0,0.0,-1,rejected,0.0
objectives the teacher can choose from for each resource to prompt a desired learners’ behaviours when learners interact with that resource.,Block_Game,0.10093120750139344,0.15837849366261672,0.0,False,unknown,GameElementResource,0.08074496600111475,0.0,0.0,-1,rejected,0.0
objectives the teacher can choose from for each resource to prompt a desired learners’ behaviours when learners interact with that resource.,Interactive_Content_–_H5P,0.10093120750139344,0.15837849366261672,0.0,False,unknown,GameElementResource,0.08074496600111475,0.0,0.0,-1,rejected,0.0
hasKey,bonusPoints,0.10066518577057035,0.15705259939781147,0.0,False,AnnotationProperty,BonusPoints,0.08053214861645629,0.0,0.0,-1,rejected,0.0
Usergroup,Block_Game,0.10058859929058128,0.15848734808225248,0.0,False,unknown,GameElementResource,0.08047087943246503,0.0,0.0,-1,rejected,0.0
Usergroup,Game,0.10058859929058128,0.15848734808225248,0.0,False,unknown,GameElementResource,0.08047087943246503,0.0,0.0,-1,rejected,0.0
Usergroup,Quizventure,0.10058859929058128,0.15848734808225248,0.0,False,unknown,GameElementResource,0.08047087943246503,0.0,0.0,-1,rejected,0.0
Usergroup,Interactive_Content_–_H5P,0.10058859929058128,0.15848734808225248,0.0,False,unknown,GameElementResource,0.08047087943246503,0.0,0.0,-1,rejected,0.0
"index key for the resource ""Java FX""",Block_Game,0.10047893844198627,0.15852261864308503,0.0,False,unknown,GameElementResource,0.08038315075358902,0.0,0.0,-1,rejected,0.0
"index key for the resource ""Java FX""",Game,0.10047893844198627,0.15852261864308503,0.0,False,unknown,GameElementResource,0.08038315075358902,0.0,0.0,-1,rejected,0.0
"index key for the resource ""Java FX""",Interactive_Content_–_H5P,0.10047893844198627,0.15852261864308503,0.0,False,unknown,GameElementResource,0.08038315075358902,0.0,0.0,-1,rejected,0.0
"index key for the resource ""Java FX""",Quizventure,0.10047893844198627,0.15852261864308503,0.0,False,unknown,GameElementResource,0.08038315075358902,0.0,0.0,-1,rejected,0.0
_:b230,Interactive_Content_–_H5P,0.10017741907758579,0.1593317537993573,0.0,False,Imp,GameElementResource,0.08014193526206864,0.0,0.0,-1,rejected,0.0
_:b188,Game,0.10017741907758579,0.1593317537993573,0.0,False,Imp,GameElementResource,0.08014193526206864,0.0,0.0,-1,rejected,0.0
_:b188,Interactive_Content_–_H5P,0.10017741907758579,0.1593317537993573,0.0,False,Imp,GameElementResource,0.08014193526206864,0.0,0.0,-1,rejected,0.0
_:b235,Quizventure,0.10017741907758579,0.1593317537993573,0.0,False,Imp,GameElementResource,0.08014193526206864,0.0,0.0,-1,rejected,0.0
_:b188,Block_Game,0.10017741907758579,0.1593317537993573,0.0,False,Imp,GameElementResource,0.08014193526206864,0.0,0.0,-1,rejected,0.0
_:b235,Interactive_Content_–_H5P,0.10017741907758579,0.1593317537993573,0.0,False,Imp,GameElementResource,0.08014193526206864,0.0,0.0,-1,rejected,0.0
_:b230,Quizventure,0.10017741907758579,0.1593317537993573,0.0,False,Imp,GameElementResource,0.08014193526206864,0.0,0.0,-1,rejected,0.0
_:b230,Block_Game,0.10017741907758579,0.1593317537993573,0.0,False,Imp,GameElementResource,0.08014193526206864,0.0,0.0,-1,rejected,0.0
_:b230,Game,0.10017741907758579,0.1593317537993573,0.0,False,Imp,GameElementResource,0.08014193526206864,0.0,0.0,-1,rejected,0.0
_:b235,Block_Game,0.10017741907758579,0.1593317537993573,0.0,False,Imp,GameElementResource,0.08014193526206864,0.0,0.0,-1,rejected,0.0
_:b235,Game,0.10017741907758579,0.1593317537993573,0.0,False,Imp,GameElementResource,0.08014193526206864,0.0,0.0,-1,rejected,0.0
_:b188,Quizventure,0.10017741907758579,0.1593317537993573,0.0,False,Imp,GameElementResource,0.08014193526206864,0.0,0.0,-1,rejected,0.0
issue,Block_Game,0.10007354946028368,0.15903449382987883,0.0,False,AnnotationProperty,GameElementResource,0.08005883956822696,0.0,0.0,-1,rejected,0.0
issue,Game,0.10007354946028368,0.15903449382987883,0.0,False,AnnotationProperty,GameElementResource,0.08005883956822696,0.0,0.0,-1,rejected,0.0
issue,Quizventure,0.10007354946028368,0.15903449382987883,0.0,False,AnnotationProperty,GameElementResource,0.08005883956822696,0.0,0.0,-1,rejected,0.0
issue,Interactive_Content_–_H5P,0.10007354946028368,0.15903449382987883,0.0,False,AnnotationProperty,GameElementResource,0.08005883956822696,0.0,0.0,-1,rejected,0.0
created_at,Interactive_Content_–_H5P,0.10007353753935473,0.15903446753513756,0.0,False,AnnotationProperty,GameElementResource,0.08005883003148379,0.0,0.0,-1,rejected,0.0
created_at,Quizventure,0.10007353753935473,0.15903446753513756,0.0,False,AnnotationProperty,GameElementResource,0.08005883003148379,0.0,0.0,-1,rejected,0.0
created_at,Game,0.10007353753935473,0.15903446753513756,0.0,False,AnnotationProperty,GameElementResource,0.08005883003148379,0.0,0.0,-1,rejected,0.0
created_at,Block_Game,0.10007353753935473,0.15903446753513756,0.0,False,AnnotationProperty,GameElementResource,0.08005883003148379,0.0,0.0,-1,rejected,0.0
RFK_L2_R7,Quizventure,0.09969631155243186,0.15773364431205364,0.0,False,ReferenceKey,GameElementResource,0.07975704924194549,0.0,0.0,-1,rejected,0.0
RFK_L2_R7,Interactive_Content_–_H5P,0.09969631155243186,0.15773364431205364,0.0,False,ReferenceKey,GameElementResource,0.07975704924194549,0.0,0.0,-1,rejected,0.0
RFK_L2_R7,Game,0.09969631155243186,0.15773364431205364,0.0,False,ReferenceKey,GameElementResource,0.07975704924194549,0.0,0.0,-1,rejected,0.0
RFK_L2_R7,Block_Game,0.09969631155243186,0.15773364431205364,0.0,False,ReferenceKey,GameElementResource,0.07975704924194549,0.0,0.0,-1,rejected,0.0
BonusPointsLeaderboard,Interactive_Content_–_H5P,0.09923318066300107,0.15832633430855184,0.0,False,Class,GameElementResource,0.07938654453040087,0.0,0.0,-1,rejected,0.0
BonusPointsLeaderboard,Block_Game,0.09923318066300107,0.15832633430855184,0.0,False,Class,GameElementResource,0.07938654453040087,0.0,0.0,-1,rejected,0.0
BonusPointsLeaderboard,Quizventure,0.09923318066300107,0.15832633430855184,0.0,False,Class,GameElementResource,0.07938654453040087,0.0,0.0,-1,rejected,0.0
BonusPointsLeaderboard,Game,0.09923318066300107,0.15832633430855184,0.0,False,Class,GameElementResource,0.07938654453040087,0.0,0.0,-1,rejected,0.0
ImageObject,Block_Game,0.09922189979024786,0.15826871925614625,0.0,False,unknown,GameElementResource,0.07937751983219829,0.0,0.0,-1,rejected,0.0
ImageObject,Game,0.09922189979024786,0.15826871925614625,0.0,False,unknown,GameElementResource,0.07937751983219829,0.0,0.0,-1,rejected,0.0
ImageObject,Interactive_Content_–_H5P,0.09922189979024786,0.15826871925614625,0.0,False,unknown,GameElementResource,0.07937751983219829,0.0,0.0,-1,rejected,0.0
ImageObject,Quizventure,0.09922189979024786,0.15826871925614625,0.0,False,unknown,GameElementResource,0.07937751983219829,0.0,0.0,-1,rejected,0.0
BonusPoints,Interactive_Content_–_H5P,0.09921337631120639,0.15833509365433496,0.0,False,Class,GameElementResource,0.07937070104896511,0.0,0.0,-1,rejected,0.0
BonusPoints,Block_Game,0.09921337631120639,0.15833509365433496,0.0,False,Class,GameElementResource,0.07937070104896511,0.0,0.0,-1,rejected,0.0
BonusPoints,Game,0.09921337631120639,0.15833509365433496,0.0,False,Class,GameElementResource,0.07937070104896511,0.0,0.0,-1,rejected,0.0
BonusPoints,Quizventure,0.09921337631120639,0.15833509365433496,0.0,False,Class,GameElementResource,0.07937070104896511,0.0,0.0,-1,rejected,0.0
SocialPointsLeaderboard,Block_Game,0.09916688573276408,0.15835567105654014,0.0,False,Class,GameElementResource,0.07933350858621127,0.0,0.0,-1,rejected,0.0
SocialPointsLeaderboard,Interactive_Content_–_H5P,0.09916688573276408,0.15835567105654014,0.0,False,Class,GameElementResource,0.07933350858621127,0.0,0.0,-1,rejected,0.0
SocialPointsLeaderboard,Game,0.09916688573276408,0.15835567105654014,0.0,False,Class,GameElementResource,0.07933350858621127,0.0,0.0,-1,rejected,0.0
SocialPointsLeaderboard,Quizventure,0.09916688573276408,0.15835567105654014,0.0,False,Class,GameElementResource,0.07933350858621127,0.0,0.0,-1,rejected,0.0
_:b55,bonusPoints,0.09906552271272012,0.15962708182702764,0.0,False,unknown,BonusPoints,0.0792524181701761,0.0,0.0,-1,rejected,0.0
ObservableProperty,bonusPoints,0.09906552271272012,0.15962708182702764,0.0,False,unknown,BonusPoints,0.0792524181701761,0.0,0.0,-1,rejected,0.0
ReflexiveProperty,bonusPoints,0.09906552271272012,0.15962708182702764,0.0,False,unknown,BonusPoints,0.0792524181701761,0.0,0.0,-1,rejected,0.0
has_member,bonusPoints,0.09906552271272012,0.15962708182702764,0.0,False,unknown,BonusPoints,0.0792524181701761,0.0,0.0,-1,rejected,0.0
about_modify,bonusPoints,0.09906552271272012,0.15962708182702764,0.0,False,unknown,BonusPoints,0.0792524181701761,0.0,0.0,-1,rejected,0.0
has_parent,bonusPoints,0.09906552271272012,0.15962708182702764,0.0,False,unknown,BonusPoints,0.0792524181701761,0.0,0.0,-1,rejected,0.0
has_owner,bonusPoints,0.09906552271272012,0.15962708182702764,0.0,False,unknown,BonusPoints,0.0792524181701761,0.0,0.0,-1,rejected,0.0
used,bonusPoints,0.09906552271272012,0.15962708182702764,0.0,False,unknown,BonusPoints,0.0792524181701761,0.0,0.0,-1,rejected,0.0
CreateUser,bonusPoints,0.09906552271272012,0.15962708182702764,0.0,False,unknown,BonusPoints,0.0792524181701761,0.0,0.0,-1,rejected,0.0
CreateResourceActivity,bonusPoints,0.09906552271272012,0.15962708182702764,0.0,False,unknown,BonusPoints,0.0792524181701761,0.0,0.0,-1,rejected,0.0
indexed_by,bonusPoints,0.09906552271272012,0.15962708182702764,0.0,False,unknown,BonusPoints,0.0792524181701761,0.0,0.0,-1,rejected,0.0
was_generated_by,bonusPoints,0.09906552271272012,0.15962708182702764,0.0,False,unknown,BonusPoints,0.0792524181701761,0.0,0.0,-1,rejected,0.0
Sampler,bonusPoints,0.09906552271272012,0.15962708182702764,0.0,False,unknown,BonusPoints,0.0792524181701761,0.0,0.0,-1,rejected,0.0
adr,bonusPoints,0.09906552271272012,0.15962708182702764,0.0,False,unknown,BonusPoints,0.0792524181701761,0.0,0.0,-1,rejected,0.0
create_organization,bonusPoints,0.09906552271272012,0.15962708182702764,0.0,False,unknown,BonusPoints,0.0792524181701761,0.0,0.0,-1,rejected,0.0
is_processed_by,bonusPoints,0.09906552271272012,0.15962708182702764,0.0,False,unknown,BonusPoints,0.0792524181701761,0.0,0.0,-1,rejected,0.0
has_actor,bonusPoints,0.09906552271272012,0.15962708182702764,0.0,False,unknown,BonusPoints,0.0792524181701761,0.0,0.0,-1,rejected,0.0
shared_by,bonusPoints,0.09906552271272012,0.15962708182702764,0.0,False,unknown,BonusPoints,0.0792524181701761,0.0,0.0,-1,rejected,0.0
DeleteResourceActivity,bonusPoints,0.09906552271272012,0.15962708182702764,0.0,False,unknown,BonusPoints,0.0792524181701761,0.0,0.0,-1,rejected,0.0
has_moderator,bonusPoints,0.09906552271272012,0.15962708182702764,0.0,False,unknown,BonusPoints,0.0792524181701761,0.0,0.0,-1,rejected,0.0
has_creator,bonusPoints,0.09906551079179117,0.15962705553580192,0.0,False,unknown,BonusPoints,0.07925240863343294,0.0,0.0,-1,rejected,0.0
Mike_23,Block_Game,0.09880243725847881,0.15869261186230024,0.0,False,UserAccount,GameElementResource,0.07904194980678306,0.0,0.0,-1,rejected,0.0
Mike_23,Game,0.09880243725847881,0.15869261186230024,0.0,False,UserAccount,GameElementResource,0.07904194980678306,0.0,0.0,-1,rejected,0.0
Mike_23,Interactive_Content_–_H5P,0.09880243725847881,0.15869261186230024,0.0,False,UserAccount,GameElementResource,0.07904194980678306,0.0,0.0,-1,rejected,0.0
Mike_23,Quizventure,0.09880243725847881,0.15869261186230024,0.0,False,UserAccount,GameElementResource,0.07904194980678306,0.0,0.0,-1,rejected,0.0
has_container,Block_Game,0.09837030548453544,0.16038428255592496,0.0,False,unknown,GameElementResource,0.07869624438762836,0.0,0.0,-1,rejected,0.0
has_container,Game,0.09837030548453544,0.16038428255592496,0.0,False,unknown,GameElementResource,0.07869624438762836,0.0,0.0,-1,rejected,0.0
has_container,Quizventure,0.09837030548453544,0.16038428255592496,0.0,False,unknown,GameElementResource,0.07869624438762836,0.0,0.0,-1,rejected,0.0
has_bag,Game,0.09837030548453544,0.16038428255592496,0.0,False,unknown,GameElementResource,0.07869624438762836,0.0,0.0,-1,rejected,0.0
has_bag,Quizventure,0.09837030548453544,0.16038428255592496,0.0,False,unknown,GameElementResource,0.07869624438762836,0.0,0.0,-1,rejected,0.0
has_bag,Interactive_Content_–_H5P,0.09837030548453544,0.16038428255592496,0.0,False,unknown,GameElementResource,0.07869624438762836,0.0,0.0,-1,rejected,0.0
has_container,Interactive_Content_–_H5P,0.09837030548453544,0.16038428255592496,0.0,False,unknown,GameElementResource,0.07869624438762836,0.0,0.0,-1,rejected,0.0
has_bag,Block_Game,0.09837030548453544,0.16038428255592496,0.0,False,unknown,GameElementResource,0.07869624438762836,0.0,0.0,-1,rejected,0.0
partOf,Quizventure,0.09837030548453544,0.16038428255592496,0.0,False,unknown,GameElementResource,0.07869624438762836,0.0,0.0,-1,rejected,0.0
n,Quizventure,0.09837030548453544,0.16038428255592496,0.0,False,unknown,GameElementResource,0.07869624438762836,0.0,0.0,-1,rejected,0.0
partOf,Block_Game,0.09837030548453544,0.16038428255592496,0.0,False,unknown,GameElementResource,0.07869624438762836,0.0,0.0,-1,rejected,0.0
n,Interactive_Content_–_H5P,0.09837030548453544,0.16038428255592496,0.0,False,unknown,GameElementResource,0.07869624438762836,0.0,0.0,-1,rejected,0.0
n,Block_Game,0.09837030548453544,0.16038428255592496,0.0,False,unknown,GameElementResource,0.07869624438762836,0.0,0.0,-1,rejected,0.0
n,Game,0.09837030548453544,0.16038428255592496,0.0,False,unknown,GameElementResource,0.07869624438762836,0.0,0.0,-1,rejected,0.0
partOf,Game,0.09837030548453544,0.16038428255592496,0.0,False,unknown,GameElementResource,0.07869624438762836,0.0,0.0,-1,rejected,0.0
partOf,Interactive_Content_–_H5P,0.09837030548453544,0.16038428255592496,0.0,False,unknown,GameElementResource,0.07869624438762836,0.0,0.0,-1,rejected,0.0
contains_forum_post,Game,0.09837029356360649,0.16038425632423245,0.0,False,unknown,GameElementResource,0.0786962348508852,0.0,0.0,-1,rejected,0.0
contains_forum_post,Interactive_Content_–_H5P,0.09837029356360649,0.16038425632423245,0.0,False,unknown,GameElementResource,0.0786962348508852,0.0,0.0,-1,rejected,0.0
contains_forum_post,Quizventure,0.09837029356360649,0.16038425632423245,0.0,False,unknown,GameElementResource,0.0786962348508852,0.0,0.0,-1,rejected,0.0
contains_forum_post,Block_Game,0.09837029356360649,0.16038425632423245,0.0,False,unknown,GameElementResource,0.0786962348508852,0.0,0.0,-1,rejected,0.0
_:b29,Game,0.09818269239315848,0.15895476850549303,0.0,False,Restriction,GameElementResource,0.0785461539145268,0.0,0.0,-1,rejected,0.0
_:b29,Block_Game,0.09818269239315848,0.15895476850549303,0.0,False,Restriction,GameElementResource,0.0785461539145268,0.0,0.0,-1,rejected,0.0
_:b29,Quizventure,0.09818269239315848,0.15895476850549303,0.0,False,Restriction,GameElementResource,0.0785461539145268,0.0,0.0,-1,rejected,0.0
_:b29,Interactive_Content_–_H5P,0.09818269239315848,0.15895476850549303,0.0,False,Restriction,GameElementResource,0.0785461539145268,0.0,0.0,-1,rejected,0.0
_:b8,Interactive_Content_–_H5P,0.09810365227032028,0.15839980618613525,0.0,False,Class,GameElementResource,0.07848292181625623,0.0,0.0,-1,rejected,0.0
Error3,Quizventure,0.09810365227032028,0.15839980618613525,0.0,False,Class,GameElementResource,0.07848292181625623,0.0,0.0,-1,rejected,0.0
Error3,Interactive_Content_–_H5P,0.09810365227032028,0.15839980618613525,0.0,False,Class,GameElementResource,0.07848292181625623,0.0,0.0,-1,rejected,0.0
_:b8,Block_Game,0.09810365227032028,0.15839980618613525,0.0,False,Class,GameElementResource,0.07848292181625623,0.0,0.0,-1,rejected,0.0
_:b11,Block_Game,0.09810365227032028,0.15839980618613525,0.0,False,Class,GameElementResource,0.07848292181625623,0.0,0.0,-1,rejected,0.0
_:b11,Quizventure,0.09810365227032028,0.15839980618613525,0.0,False,Class,GameElementResource,0.07848292181625623,0.0,0.0,-1,rejected,0.0
_:b11,Game,0.09810365227032028,0.15839980618613525,0.0,False,Class,GameElementResource,0.07848292181625623,0.0,0.0,-1,rejected,0.0
Error3,Game,0.09810365227032028,0.15839980618613525,0.0,False,Class,GameElementResource,0.07848292181625623,0.0,0.0,-1,rejected,0.0
Error3,Block_Game,0.09810365227032028,0.15839980618613525,0.0,False,Class,GameElementResource,0.07848292181625623,0.0,0.0,-1,rejected,0.0
_:b8,Quizventure,0.09810365227032028,0.15839980618613525,0.0,False,Class,GameElementResource,0.07848292181625623,0.0,0.0,-1,rejected,0.0
_:b11,Interactive_Content_–_H5P,0.09810365227032028,0.15839980618613525,0.0,False,Class,GameElementResource,0.07848292181625623,0.0,0.0,-1,rejected,0.0
_:b8,Game,0.09810365227032028,0.15839980618613525,0.0,False,Class,GameElementResource,0.07848292181625623,0.0,0.0,-1,rejected,0.0
RFK_L4_R3,Block_Game,0.09808598504642244,0.15886503417472156,0.0,False,ReferenceKey,GameElementResource,0.07846878803713796,0.0,0.0,-1,rejected,0.0
RFK_L4_R3,Game,0.09808598504642244,0.15886503417472156,0.0,False,ReferenceKey,GameElementResource,0.07846878803713796,0.0,0.0,-1,rejected,0.0
RFK_L4_R3,Interactive_Content_–_H5P,0.09808598504642244,0.15886503417472156,0.0,False,ReferenceKey,GameElementResource,0.07846878803713796,0.0,0.0,-1,rejected,0.0
RFK_L4_R3,Quizventure,0.09808598504642244,0.15886503417472156,0.0,False,ReferenceKey,GameElementResource,0.07846878803713796,0.0,0.0,-1,rejected,0.0
TaskJavaInheritance,Quizventure,0.09799340851475949,0.15854748333952004,0.0,False,IndexKey,GameElementResource,0.07839472681180759,0.0,0.0,-1,rejected,0.0
TaskJavaInheritance,Interactive_Content_–_H5P,0.09799340851475949,0.15854748333952004,0.0,False,IndexKey,GameElementResource,0.07839472681180759,0.0,0.0,-1,rejected,0.0
TaskJavaInheritance,Game,0.09799340851475949,0.15854748333952004,0.0,False,IndexKey,GameElementResource,0.07839472681180759,0.0,0.0,-1,rejected,0.0
TaskJavaInheritance,Block_Game,0.09799340851475949,0.15854748333952004,0.0,False,IndexKey,GameElementResource,0.07839472681180759,0.0,0.0,-1,rejected,0.0
RFK_L1_R3,Block_Game,0.09796124581574592,0.15891859728304497,0.0,False,ReferenceKey,GameElementResource,0.07836899665259674,0.0,0.0,-1,rejected,0.0
RFK_L1_R3,Quizventure,0.09796124581574592,0.15891859728304497,0.0,False,ReferenceKey,GameElementResource,0.07836899665259674,0.0,0.0,-1,rejected,0.0
RFK_L1_R3,Interactive_Content_–_H5P,0.09796124581574592,0.15891859728304497,0.0,False,ReferenceKey,GameElementResource,0.07836899665259674,0.0,0.0,-1,rejected,0.0
RFK_L1_R3,Game,0.09796124581574592,0.15891859728304497,0.0,False,ReferenceKey,GameElementResource,0.07836899665259674,0.0,0.0,-1,rejected,0.0
RFK_L1_R4,Game,0.09791553259598632,0.15893827454258225,0.0,False,ReferenceKey,GameElementResource,0.07833242607678906,0.0,0.0,-1,rejected,0.0
RFK_L1_R4,Block_Game,0.09791553259598632,0.15893827454258225,0.0,False,ReferenceKey,GameElementResource,0.07833242607678906,0.0,0.0,-1,rejected,0.0
RFK_L1_R4,Interactive_Content_–_H5P,0.09791553259598632,0.15893827454258225,0.0,False,ReferenceKey,GameElementResource,0.07833242607678906,0.0,0.0,-1,rejected,0.0
RFK_L1_R4,Quizventure,0.09791553259598632,0.15893827454258225,0.0,False,ReferenceKey,GameElementResource,0.07833242607678906,0.0,0.0,-1,rejected,0.0
RFK_L1_R5,Block_Game,0.09780847855564856,0.15898447218922107,0.0,False,ReferenceKey,GameElementResource,0.07824678284451886,0.0,0.0,-1,rejected,0.0
RFK_L1_R5,Interactive_Content_–_H5P,0.09780847855564856,0.15898447218922107,0.0,False,ReferenceKey,GameElementResource,0.07824678284451886,0.0,0.0,-1,rejected,0.0
RFK_L1_R5,Game,0.09780847855564856,0.15898447218922107,0.0,False,ReferenceKey,GameElementResource,0.07824678284451886,0.0,0.0,-1,rejected,0.0
RFK_L1_R5,Quizventure,0.09780847855564856,0.15898447218922107,0.0,False,ReferenceKey,GameElementResource,0.07824678284451886,0.0,0.0,-1,rejected,0.0
_:b35,Game,0.09750454356798473,0.1594383826733502,0.0,False,Restriction,GameElementResource,0.07800363485438778,0.0,0.0,-1,rejected,0.0
_:b35,Interactive_Content_–_H5P,0.09750454356798473,0.1594383826733502,0.0,False,Restriction,GameElementResource,0.07800363485438778,0.0,0.0,-1,rejected,0.0
_:b35,Quizventure,0.09750454356798473,0.1594383826733502,0.0,False,Restriction,GameElementResource,0.07800363485438778,0.0,0.0,-1,rejected,0.0
_:b35,Block_Game,0.09750454356798473,0.1594383826733502,0.0,False,Restriction,GameElementResource,0.07800363485438778,0.0,0.0,-1,rejected,0.0
_:b41,Quizventure,0.0974996634187982,0.15944041457655975,0.0,False,Restriction,GameElementResource,0.07799973073503857,0.0,0.0,-1,rejected,0.0
_:b41,Game,0.0974996634187982,0.15944041457655975,0.0,False,Restriction,GameElementResource,0.07799973073503857,0.0,0.0,-1,rejected,0.0
_:b41,Interactive_Content_–_H5P,0.0974996634187982,0.15944041457655975,0.0,False,Restriction,GameElementResource,0.07799973073503857,0.0,0.0,-1,rejected,0.0
_:b41,Block_Game,0.0974996634187982,0.15944041457655975,0.0,False,Restriction,GameElementResource,0.07799973073503857,0.0,0.0,-1,rejected,0.0
_:b47,Quizventure,0.09749758850994014,0.1594412785724826,0.0,False,Restriction,GameElementResource,0.07799807080795212,0.0,0.0,-1,rejected,0.0
_:b47,Block_Game,0.09749758850994014,0.1594412785724826,0.0,False,Restriction,GameElementResource,0.07799807080795212,0.0,0.0,-1,rejected,0.0
_:b47,Game,0.09749758850994014,0.1594412785724826,0.0,False,Restriction,GameElementResource,0.07799807080795212,0.0,0.0,-1,rejected,0.0
_:b47,Interactive_Content_–_H5P,0.09749758850994014,0.1594412785724826,0.0,False,Restriction,GameElementResource,0.07799807080795212,0.0,0.0,-1,rejected,0.0
_:b52,Block_Game,0.09749670607942941,0.159441646033573,0.0,False,Restriction,GameElementResource,0.07799736486354353,0.0,0.0,-1,rejected,0.0
_:b52,Interactive_Content_–_H5P,0.09749670607942941,0.159441646033573,0.0,False,Restriction,GameElementResource,0.07799736486354353,0.0,0.0,-1,rejected,0.0
_:b52,Quizventure,0.09749670607942941,0.159441646033573,0.0,False,Restriction,GameElementResource,0.07799736486354353,0.0,0.0,-1,rejected,0.0
_:b52,Game,0.09749670607942941,0.159441646033573,0.0,False,Restriction,GameElementResource,0.07799736486354353,0.0,0.0,-1,rejected,0.0
RFK_L4_R2,Game,0.09736394943524176,0.15934959253632497,0.0,False,ReferenceKey,GameElementResource,0.07789115954819342,0.0,0.0,-1,rejected,0.0
RFK_L4_R2,Interactive_Content_–_H5P,0.09736394943524176,0.15934959253632497,0.0,False,ReferenceKey,GameElementResource,0.07789115954819342,0.0,0.0,-1,rejected,0.0
RFK_L4_R2,Quizventure,0.09736394943524176,0.15934959253632497,0.0,False,ReferenceKey,GameElementResource,0.07789115954819342,0.0,0.0,-1,rejected,0.0
RFK_L4_R2,Block_Game,0.09736394943524176,0.15934959253632497,0.0,False,ReferenceKey,GameElementResource,0.07789115954819342,0.0,0.0,-1,rejected,0.0
RFK_L1_R1,Game,0.09736144032141934,0.15954909434446435,0.0,False,ReferenceKey,GameElementResource,0.07788915225713548,0.0,0.0,-1,rejected,0.0
RFK_L1_R1,Quizventure,0.09736144032141934,0.15954909434446435,0.0,False,ReferenceKey,GameElementResource,0.07788915225713548,0.0,0.0,-1,rejected,0.0
RFK_L1_R1,Block_Game,0.09736144032141934,0.15954909434446435,0.0,False,ReferenceKey,GameElementResource,0.07788915225713548,0.0,0.0,-1,rejected,0.0
RFK_L1_R1,Interactive_Content_–_H5P,0.09736144032141934,0.15954909434446435,0.0,False,ReferenceKey,GameElementResource,0.07788915225713548,0.0,0.0,-1,rejected,0.0
RFK_L2_R1,Quizventure,0.09735977603131377,0.15954977356818362,0.0,False,ReferenceKey,GameElementResource,0.07788782082505102,0.0,0.0,-1,rejected,0.0
RFK_L2_R1,Game,0.09735977603131377,0.15954977356818362,0.0,False,ReferenceKey,GameElementResource,0.07788782082505102,0.0,0.0,-1,rejected,0.0
RFK_L2_R1,Interactive_Content_–_H5P,0.09735977603131377,0.15954977356818362,0.0,False,ReferenceKey,GameElementResource,0.07788782082505102,0.0,0.0,-1,rejected,0.0
RFK_L2_R1,Block_Game,0.09735977603131377,0.15954977356818362,0.0,False,ReferenceKey,GameElementResource,0.07788782082505102,0.0,0.0,-1,rejected,0.0
RF_GE_Motrain,Interactive_Content_–_H5P,0.09734580883445342,0.15935726520014556,0.0,False,ReferenceKey,GameElementResource,0.07787664706756274,0.0,0.0,-1,rejected,0.0
RF_GE_Motrain,Game,0.09734580883445342,0.15935726520014556,0.0,False,ReferenceKey,GameElementResource,0.07787664706756274,0.0,0.0,-1,rejected,0.0
RF_GE_Motrain,Block_Game,0.09734580883445342,0.15935726520014556,0.0,False,ReferenceKey,GameElementResource,0.07787664706756274,0.0,0.0,-1,rejected,0.0
RF_GE_Motrain,Quizventure,0.09734580883445342,0.15935726520014556,0.0,False,ReferenceKey,GameElementResource,0.07787664706756274,0.0,0.0,-1,rejected,0.0
RFK_L4_R1,Quizventure,0.09734027586145631,0.15935960620769019,0.0,False,ReferenceKey,GameElementResource,0.07787222068916505,0.0,0.0,-1,rejected,0.0
RFK_L4_R1,Game,0.09734027586145631,0.15935960620769019,0.0,False,ReferenceKey,GameElementResource,0.07787222068916505,0.0,0.0,-1,rejected,0.0
RFK_L4_R1,Block_Game,0.09734027586145631,0.15935960620769019,0.0,False,ReferenceKey,GameElementResource,0.07787222068916505,0.0,0.0,-1,rejected,0.0
RFK_L4_R1,Interactive_Content_–_H5P,0.09734027586145631,0.15935960620769019,0.0,False,ReferenceKey,GameElementResource,0.07787222068916505,0.0,0.0,-1,rejected,0.0
RFK_L3_R5,Game,0.09733355602461735,0.15936244988594603,0.0,False,ReferenceKey,GameElementResource,0.07786684481969389,0.0,0.0,-1,rejected,0.0
RFK_L3_R5,Block_Game,0.09733355602461735,0.15936244988594603,0.0,False,ReferenceKey,GameElementResource,0.07786684481969389,0.0,0.0,-1,rejected,0.0
RFK_L3_R5,Quizventure,0.09733355602461735,0.15936244988594603,0.0,False,ReferenceKey,GameElementResource,0.07786684481969389,0.0,0.0,-1,rejected,0.0
RFK_L3_R5,Interactive_Content_–_H5P,0.09733355602461735,0.15936244988594603,0.0,False,ReferenceKey,GameElementResource,0.07786684481969389,0.0,0.0,-1,rejected,0.0
RFK_L3_R4,Block_Game,0.09733065947723117,0.15936367580881275,0.0,False,ReferenceKey,GameElementResource,0.07786452758178494,0.0,0.0,-1,rejected,0.0
RFK_L3_R4,Game,0.09733065947723117,0.15936367580881275,0.0,False,ReferenceKey,GameElementResource,0.07786452758178494,0.0,0.0,-1,rejected,0.0
RFK_L3_R4,Interactive_Content_–_H5P,0.09733065947723117,0.15936367580881275,0.0,False,ReferenceKey,GameElementResource,0.07786452758178494,0.0,0.0,-1,rejected,0.0
RFK_L3_R4,Quizventure,0.09733065947723117,0.15936367580881275,0.0,False,ReferenceKey,GameElementResource,0.07786452758178494,0.0,0.0,-1,rejected,0.0
RFK_L3_R3,Interactive_Content_–_H5P,0.09732953158152971,0.1593641532027296,0.0,False,ReferenceKey,GameElementResource,0.07786362526522378,0.0,0.0,-1,rejected,0.0
RFK_L3_R3,Block_Game,0.09732953158152971,0.1593641532027296,0.0,False,ReferenceKey,GameElementResource,0.07786362526522378,0.0,0.0,-1,rejected,0.0
RFK_L3_R3,Game,0.09732953158152971,0.1593641532027296,0.0,False,ReferenceKey,GameElementResource,0.07786362526522378,0.0,0.0,-1,rejected,0.0
RFK_L3_R3,Quizventure,0.09732953158152971,0.1593641532027296,0.0,False,ReferenceKey,GameElementResource,0.07786362526522378,0.0,0.0,-1,rejected,0.0
RFK_L3_R2,Game,0.09732898247763494,0.15936438562249225,0.0,False,ReferenceKey,GameElementResource,0.07786318598210795,0.0,0.0,-1,rejected,0.0
RFK_L3_R2,Interactive_Content_–_H5P,0.09732898247763494,0.15936438562249225,0.0,False,ReferenceKey,GameElementResource,0.07786318598210795,0.0,0.0,-1,rejected,0.0
RFK_L3_R2,Block_Game,0.09732898247763494,0.15936438562249225,0.0,False,ReferenceKey,GameElementResource,0.07786318598210795,0.0,0.0,-1,rejected,0.0
RFK_L3_R2,Quizventure,0.09732898247763494,0.15936438562249225,0.0,False,ReferenceKey,GameElementResource,0.07786318598210795,0.0,0.0,-1,rejected,0.0
RFK_L3_R1,Interactive_Content_–_H5P,0.0973287589295237,0.159364480244994,0.0,False,ReferenceKey,GameElementResource,0.07786300714361896,0.0,0.0,-1,rejected,0.0
RFK_L3_R1,Quizventure,0.0973287589295237,0.159364480244994,0.0,False,ReferenceKey,GameElementResource,0.07786300714361896,0.0,0.0,-1,rejected,0.0
RFK_L3_R1,Block_Game,0.0973287589295237,0.159364480244994,0.0,False,ReferenceKey,GameElementResource,0.07786300714361896,0.0,0.0,-1,rejected,0.0
RFK_L3_R1,Game,0.0973287589295237,0.159364480244994,0.0,False,ReferenceKey,GameElementResource,0.07786300714361896,0.0,0.0,-1,rejected,0.0
RFK_L2_R6,Interactive_Content_–_H5P,0.09732458629988354,0.15936624653099887,0.0,False,ReferenceKey,GameElementResource,0.07785966903990683,0.0,0.0,-1,rejected,0.0
RFK_L2_R6,Quizventure,0.09732458629988354,0.15936624653099887,0.0,False,ReferenceKey,GameElementResource,0.07785966903990683,0.0,0.0,-1,rejected,0.0
RFK_L2_R6,Block_Game,0.09732458629988354,0.15936624653099887,0.0,False,ReferenceKey,GameElementResource,0.07785966903990683,0.0,0.0,-1,rejected,0.0
RFK_L2_R6,Game,0.09732458629988354,0.15936624653099887,0.0,False,ReferenceKey,GameElementResource,0.07785966903990683,0.0,0.0,-1,rejected,0.0
RFK_L2_R5,Game,0.0973228066089795,0.15936699994445017,0.0,False,ReferenceKey,GameElementResource,0.0778582452871836,0.0,0.0,-1,rejected,0.0
RFK_L2_R5,Interactive_Content_–_H5P,0.0973228066089795,0.15936699994445017,0.0,False,ReferenceKey,GameElementResource,0.0778582452871836,0.0,0.0,-1,rejected,0.0
RFK_L2_R5,Block_Game,0.0973228066089795,0.15936699994445017,0.0,False,ReferenceKey,GameElementResource,0.0778582452871836,0.0,0.0,-1,rejected,0.0
RFK_L2_R5,Quizventure,0.0973228066089795,0.15936699994445017,0.0,False,ReferenceKey,GameElementResource,0.0778582452871836,0.0,0.0,-1,rejected,0.0
RFK_L2_R4,Quizventure,0.09732205263518505,0.15936731914309607,0.0,False,ReferenceKey,GameElementResource,0.07785764210814805,0.0,0.0,-1,rejected,0.0
RFK_L2_R4,Game,0.09732205263518505,0.15936731914309607,0.0,False,ReferenceKey,GameElementResource,0.07785764210814805,0.0,0.0,-1,rejected,0.0
RFK_L2_R4,Block_Game,0.09732205263518505,0.15936731914309607,0.0,False,ReferenceKey,GameElementResource,0.07785764210814805,0.0,0.0,-1,rejected,0.0
RFK_L2_R4,Interactive_Content_–_H5P,0.09732205263518505,0.15936731914309607,0.0,False,ReferenceKey,GameElementResource,0.07785764210814805,0.0,0.0,-1,rejected,0.0
RFK_L2_R3,Quizventure,0.09732173343807195,0.15936745427893043,0.0,False,ReferenceKey,GameElementResource,0.07785738675045756,0.0,0.0,-1,rejected,0.0
RFK_L2_R3,Block_Game,0.09732173343807195,0.15936745427893043,0.0,False,ReferenceKey,GameElementResource,0.07785738675045756,0.0,0.0,-1,rejected,0.0
RFK_L2_R3,Game,0.09732173343807195,0.15936745427893043,0.0,False,ReferenceKey,GameElementResource,0.07785738675045756,0.0,0.0,-1,rejected,0.0
RFK_L2_R3,Interactive_Content_–_H5P,0.09732173343807195,0.15936745427893043,0.0,False,ReferenceKey,GameElementResource,0.07785738675045756,0.0,0.0,-1,rejected,0.0
RFK_L2_R2,Quizventure,0.09732159837675594,0.15936751145909545,0.0,False,ReferenceKey,GameElementResource,0.07785727870140476,0.0,0.0,-1,rejected,0.0
RFK_L2_R2,Interactive_Content_–_H5P,0.09732159837675594,0.15936751145909545,0.0,False,ReferenceKey,GameElementResource,0.07785727870140476,0.0,0.0,-1,rejected,0.0
RFK_L2_R2,Block_Game,0.09732159837675594,0.15936751145909545,0.0,False,ReferenceKey,GameElementResource,0.07785727870140476,0.0,0.0,-1,rejected,0.0
RFK_L2_R2,Game,0.09732159837675594,0.15936751145909545,0.0,False,ReferenceKey,GameElementResource,0.07785727870140476,0.0,0.0,-1,rejected,0.0
RFK_L1_R2,Interactive_Content_–_H5P,0.09731405369542662,0.15937070596600084,0.0,False,ReferenceKey,GameElementResource,0.0778512429563413,0.0,0.0,-1,rejected,0.0
RFK_L1_R2,Game,0.09731405369542662,0.15937070596600084,0.0,False,ReferenceKey,GameElementResource,0.0778512429563413,0.0,0.0,-1,rejected,0.0
RFK_L1_R2,Quizventure,0.09731405369542662,0.15937070596600084,0.0,False,ReferenceKey,GameElementResource,0.0778512429563413,0.0,0.0,-1,rejected,0.0
RFK_L1_R2,Block_Game,0.09731405369542662,0.15937070596600084,0.0,False,ReferenceKey,GameElementResource,0.0778512429563413,0.0,0.0,-1,rejected,0.0
RFK_L4_R6,Game,0.09728151213782141,0.15980571418478953,0.0,False,ReferenceKey,GameElementResource,0.07782520971025714,0.0,0.0,-1,rejected,0.0
RFK_L4_R6,Block_Game,0.09728151213782141,0.15980571418478953,0.0,False,ReferenceKey,GameElementResource,0.07782520971025714,0.0,0.0,-1,rejected,0.0
RFK_L4_R6,Interactive_Content_–_H5P,0.09728151213782141,0.15980571418478953,0.0,False,ReferenceKey,GameElementResource,0.07782520971025714,0.0,0.0,-1,rejected,0.0
RFK_L4_R6,Quizventure,0.09728151213782141,0.15980571418478953,0.0,False,ReferenceKey,GameElementResource,0.07782520971025714,0.0,0.0,-1,rejected,0.0
RFK_L4_R5,Block_Game,0.09719540051503825,0.15961704491843812,0.0,False,ReferenceKey,GameElementResource,0.07775632041203061,0.0,0.0,-1,rejected,0.0
RFK_L4_R5,Game,0.09719540051503825,0.15961704491843812,0.0,False,ReferenceKey,GameElementResource,0.07775632041203061,0.0,0.0,-1,rejected,0.0
RFK_L4_R5,Interactive_Content_–_H5P,0.09719540051503825,0.15961704491843812,0.0,False,ReferenceKey,GameElementResource,0.07775632041203061,0.0,0.0,-1,rejected,0.0
RFK_L4_R5,Quizventure,0.09719540051503825,0.15961704491843812,0.0,False,ReferenceKey,GameElementResource,0.07775632041203061,0.0,0.0,-1,rejected,0.0
Audience_A,Interactive_Content_–_H5P,0.09698586280699775,0.15882466373008078,0.0,False,Audience,GameElementResource,0.07758869024559821,0.0,0.0,-1,rejected,0.0
Audience_A,Block_Game,0.09698586280699775,0.15882466373008078,0.0,False,Audience,GameElementResource,0.07758869024559821,0.0,0.0,-1,rejected,0.0
Audience_A,Quizventure,0.09698586280699775,0.15882466373008078,0.0,False,Audience,GameElementResource,0.07758869024559821,0.0,0.0,-1,rejected,0.0
Audience_A,Game,0.09698586280699775,0.15882466373008078,0.0,False,Audience,GameElementResource,0.07758869024559821,0.0,0.0,-1,rejected,0.0
RFK_L4_R4,Interactive_Content_–_H5P,0.09688377776584799,0.159745522114604,0.0,False,ReferenceKey,GameElementResource,0.0775070222126784,0.0,0.0,-1,rejected,0.0
RFK_L4_R4,Block_Game,0.09688377776584799,0.159745522114604,0.0,False,ReferenceKey,GameElementResource,0.0775070222126784,0.0,0.0,-1,rejected,0.0
RFK_L4_R4,Game,0.09688377776584799,0.159745522114604,0.0,False,ReferenceKey,GameElementResource,0.0775070222126784,0.0,0.0,-1,rejected,0.0
RFK_L4_R4,Quizventure,0.09688377776584799,0.159745522114604,0.0,False,ReferenceKey,GameElementResource,0.0775070222126784,0.0,0.0,-1,rejected,0.0
_:b5,Quizventure,0.09649321360617662,0.15907821998933266,0.0,False,Restriction,GameElementResource,0.0771945708849413,0.0,0.0,-1,rejected,0.0
_:b5,Game,0.09649321360617662,0.15907821998933266,0.0,False,Restriction,GameElementResource,0.0771945708849413,0.0,0.0,-1,rejected,0.0
_:b5,Block_Game,0.09649321360617662,0.15907821998933266,0.0,False,Restriction,GameElementResource,0.0771945708849413,0.0,0.0,-1,rejected,0.0
_:b5,Interactive_Content_–_H5P,0.09649321360617662,0.15907821998933266,0.0,False,Restriction,GameElementResource,0.0771945708849413,0.0,0.0,-1,rejected,0.0
_:b7,Interactive_Content_–_H5P,0.09649320168524766,0.1590781933664421,0.0,False,Restriction,GameElementResource,0.07719456134819813,0.0,0.0,-1,rejected,0.0
_:b6,Block_Game,0.09649320168524766,0.1590781933664421,0.0,False,Restriction,GameElementResource,0.07719456134819813,0.0,0.0,-1,rejected,0.0
_:b6,Quizventure,0.09649320168524766,0.1590781933664421,0.0,False,Restriction,GameElementResource,0.07719456134819813,0.0,0.0,-1,rejected,0.0
_:b6,Interactive_Content_–_H5P,0.09649320168524766,0.1590781933664421,0.0,False,Restriction,GameElementResource,0.07719456134819813,0.0,0.0,-1,rejected,0.0
_:b6,Game,0.09649320168524766,0.1590781933664421,0.0,False,Restriction,GameElementResource,0.07719456134819813,0.0,0.0,-1,rejected,0.0
_:b7,Block_Game,0.09649320168524766,0.1590781933664421,0.0,False,Restriction,GameElementResource,0.07719456134819813,0.0,0.0,-1,rejected,0.0
_:b7,Game,0.09649320168524766,0.1590781933664421,0.0,False,Restriction,GameElementResource,0.07719456134819813,0.0,0.0,-1,rejected,0.0
_:b7,Quizventure,0.09649320168524766,0.1590781933664421,0.0,False,Restriction,GameElementResource,0.07719456134819813,0.0,0.0,-1,rejected,0.0
GamificationKnowledge,Block_Game,0.09619590659567043,0.15946660706581262,0.0,False,Class,GameElementResource,0.07695672527653635,0.0,0.0,-1,rejected,0.0
_:b12,Game,0.09619590659567043,0.15946660706581262,0.0,False,Class,GameElementResource,0.07695672527653635,0.0,0.0,-1,rejected,0.0
GamificationKnowledge,Interactive_Content_–_H5P,0.09619590659567043,0.15946660706581262,0.0,False,Class,GameElementResource,0.07695672527653635,0.0,0.0,-1,rejected,0.0
_:b12,Interactive_Content_–_H5P,0.09619590659567043,0.15946660706581262,0.0,False,Class,GameElementResource,0.07695672527653635,0.0,0.0,-1,rejected,0.0
_:b2,Interactive_Content_–_H5P,0.09619590659567043,0.15946660706581262,0.0,False,Class,GameElementResource,0.07695672527653635,0.0,0.0,-1,rejected,0.0
_:b2,Block_Game,0.09619590659567043,0.15946660706581262,0.0,False,Class,GameElementResource,0.07695672527653635,0.0,0.0,-1,rejected,0.0
COntentKnowledge,Quizventure,0.09619590659567043,0.15946660706581262,0.0,False,Class,GameElementResource,0.07695672527653635,0.0,0.0,-1,rejected,0.0
COntentKnowledge,Game,0.09619590659567043,0.15946660706581262,0.0,False,Class,GameElementResource,0.07695672527653635,0.0,0.0,-1,rejected,0.0
COntentKnowledge,Block_Game,0.09619590659567043,0.15946660706581262,0.0,False,Class,GameElementResource,0.07695672527653635,0.0,0.0,-1,rejected,0.0
COntentKnowledge,Interactive_Content_–_H5P,0.09619590659567043,0.15946660706581262,0.0,False,Class,GameElementResource,0.07695672527653635,0.0,0.0,-1,rejected,0.0
TechnologicalKnowledge,Block_Game,0.09619590659567043,0.15946660706581262,0.0,False,Class,GameElementResource,0.07695672527653635,0.0,0.0,-1,rejected,0.0
_:b2,Quizventure,0.09619590659567043,0.15946660706581262,0.0,False,Class,GameElementResource,0.07695672527653635,0.0,0.0,-1,rejected,0.0
_:b2,Game,0.09619590659567043,0.15946660706581262,0.0,False,Class,GameElementResource,0.07695672527653635,0.0,0.0,-1,rejected,0.0
GamificationKnowledge,Quizventure,0.09619590659567043,0.15946660706581262,0.0,False,Class,GameElementResource,0.07695672527653635,0.0,0.0,-1,rejected,0.0
TechnologicalKnowledge,Game,0.09619590659567043,0.15946660706581262,0.0,False,Class,GameElementResource,0.07695672527653635,0.0,0.0,-1,rejected,0.0
_:b12,Quizventure,0.09619590659567043,0.15946660706581262,0.0,False,Class,GameElementResource,0.07695672527653635,0.0,0.0,-1,rejected,0.0
GamificationKnowledge,Game,0.09619590659567043,0.15946660706581262,0.0,False,Class,GameElementResource,0.07695672527653635,0.0,0.0,-1,rejected,0.0
_:b12,Block_Game,0.09619590659567043,0.15946660706581262,0.0,False,Class,GameElementResource,0.07695672527653635,0.0,0.0,-1,rejected,0.0
TechnologicalKnowledge,Interactive_Content_–_H5P,0.09619590659567043,0.15946660706581262,0.0,False,Class,GameElementResource,0.07695672527653635,0.0,0.0,-1,rejected,0.0
TechnologicalKnowledge,Quizventure,0.09619590659567043,0.15946660706581262,0.0,False,Class,GameElementResource,0.07695672527653635,0.0,0.0,-1,rejected,0.0
_:b0,Game,0.09589697630945629,0.15942395664971618,0.0,False,Restriction,GameElementResource,0.07671758104756504,0.0,0.0,-1,rejected,0.0
_:b3,Quizventure,0.09589697630945629,0.15942395664971618,0.0,False,Restriction,GameElementResource,0.07671758104756504,0.0,0.0,-1,rejected,0.0
_:b3,Interactive_Content_–_H5P,0.09589697630945629,0.15942395664971618,0.0,False,Restriction,GameElementResource,0.07671758104756504,0.0,0.0,-1,rejected,0.0
_:b0,Block_Game,0.09589697630945629,0.15942395664971618,0.0,False,Restriction,GameElementResource,0.07671758104756504,0.0,0.0,-1,rejected,0.0
_:b3,Block_Game,0.09589697630945629,0.15942395664971618,0.0,False,Restriction,GameElementResource,0.07671758104756504,0.0,0.0,-1,rejected,0.0
_:b0,Quizventure,0.09589697630945629,0.15942395664971618,0.0,False,Restriction,GameElementResource,0.07671758104756504,0.0,0.0,-1,rejected,0.0
_:b4,Block_Game,0.09589697630945629,0.15942395664971618,0.0,False,Restriction,GameElementResource,0.07671758104756504,0.0,0.0,-1,rejected,0.0
_:b4,Game,0.09589697630945629,0.15942395664971618,0.0,False,Restriction,GameElementResource,0.07671758104756504,0.0,0.0,-1,rejected,0.0
_:b4,Interactive_Content_–_H5P,0.09589697630945629,0.15942395664971618,0.0,False,Restriction,GameElementResource,0.07671758104756504,0.0,0.0,-1,rejected,0.0
_:b4,Quizventure,0.09589697630945629,0.15942395664971618,0.0,False,Restriction,GameElementResource,0.07671758104756504,0.0,0.0,-1,rejected,0.0
_:b1,Game,0.09589697630945629,0.15942395664971618,0.0,False,Restriction,GameElementResource,0.07671758104756504,0.0,0.0,-1,rejected,0.0
_:b3,Game,0.09589697630945629,0.15942395664971618,0.0,False,Restriction,GameElementResource,0.07671758104756504,0.0,0.0,-1,rejected,0.0
_:b0,Interactive_Content_–_H5P,0.09589697630945629,0.15942395664971618,0.0,False,Restriction,GameElementResource,0.07671758104756504,0.0,0.0,-1,rejected,0.0
_:b1,Block_Game,0.09589697630945629,0.15942395664971618,0.0,False,Restriction,GameElementResource,0.07671758104756504,0.0,0.0,-1,rejected,0.0
_:b1,Quizventure,0.09589697630945629,0.15942395664971618,0.0,False,Restriction,GameElementResource,0.07671758104756504,0.0,0.0,-1,rejected,0.0
_:b1,Interactive_Content_–_H5P,0.09589697630945629,0.15942395664971618,0.0,False,Restriction,GameElementResource,0.07671758104756504,0.0,0.0,-1,rejected,0.0
Sensor,bonusPoints,0.09452769784071957,0.16040105317280898,0.0,False,unknown,BonusPoints,0.07562215827257567,0.0,0.0,-1,rejected,0.0
FeatureOfInterest,bonusPoints,0.09452769784071957,0.16040105317280898,0.0,False,unknown,BonusPoints,0.07562215827257567,0.0,0.0,-1,rejected,0.0
madeBySensor,bonusPoints,0.09452769784071957,0.16040105317280898,0.0,False,unknown,BonusPoints,0.07562215827257567,0.0,0.0,-1,rejected,0.0
isPropertyOf,bonusPoints,0.09452769784071957,0.16040105317280898,0.0,False,unknown,BonusPoints,0.07562215827257567,0.0,0.0,-1,rejected,0.0
1.0,bonusPoints,0.09449758367865028,0.16041525438772697,0.0,False,unknown,BonusPoints,0.07559806694292023,0.0,0.0,-1,rejected,0.0
hasRelevantGameElement,Game,0.09445044914353476,0.16038380232184613,0.0,False,ObjectProperty,GameElementResource,0.07556035931482781,0.0,0.0,-1,rejected,0.0
hasRelevantGameElement,Quizventure,0.09445044914353476,0.16038380232184613,0.0,False,ObjectProperty,GameElementResource,0.07556035931482781,0.0,0.0,-1,rejected,0.0
hasRelevantGameElement,Interactive_Content_–_H5P,0.09445044914353476,0.16038380232184613,0.0,False,ObjectProperty,GameElementResource,0.07556035931482781,0.0,0.0,-1,rejected,0.0
isRelevantFor,Quizventure,0.09445044914353476,0.16038380232184613,0.0,False,ObjectProperty,GameElementResource,0.07556035931482781,0.0,0.0,-1,rejected,0.0
isRelevantFor,Game,0.09445044914353476,0.16038380232184613,0.0,False,ObjectProperty,GameElementResource,0.07556035931482781,0.0,0.0,-1,rejected,0.0
isRelevantFor,Block_Game,0.09445044914353476,0.16038380232184613,0.0,False,ObjectProperty,GameElementResource,0.07556035931482781,0.0,0.0,-1,rejected,0.0
isRelevantFor,Interactive_Content_–_H5P,0.09445044914353476,0.16038380232184613,0.0,False,ObjectProperty,GameElementResource,0.07556035931482781,0.0,0.0,-1,rejected,0.0
hasRelevantGameElement,Block_Game,0.09445044914353476,0.16038380232184613,0.0,False,ObjectProperty,GameElementResource,0.07556035931482781,0.0,0.0,-1,rejected,0.0
_:b36,Game,0.09442064001630307,0.16059116756612127,0.0,False,Class,GameElementResource,0.07553651201304246,0.0,0.0,-1,rejected,0.0
_:b36,Interactive_Content_–_H5P,0.09442064001630307,0.16059116756612127,0.0,False,Class,GameElementResource,0.07553651201304246,0.0,0.0,-1,rejected,0.0
_:b36,Quizventure,0.09442064001630307,0.16059116756612127,0.0,False,Class,GameElementResource,0.07553651201304246,0.0,0.0,-1,rejected,0.0
_:b36,Block_Game,0.09442064001630307,0.16059116756612127,0.0,False,Class,GameElementResource,0.07553651201304246,0.0,0.0,-1,rejected,0.0
_:b42,Interactive_Content_–_H5P,0.09441034896202478,0.16059604235914077,0.0,False,Class,GameElementResource,0.07552827916961984,0.0,0.0,-1,rejected,0.0
_:b42,Block_Game,0.09441034896202478,0.16059604235914077,0.0,False,Class,GameElementResource,0.07552827916961984,0.0,0.0,-1,rejected,0.0
_:b42,Game,0.09441034896202478,0.16059604235914077,0.0,False,Class,GameElementResource,0.07552827916961984,0.0,0.0,-1,rejected,0.0
_:b42,Quizventure,0.09441034896202478,0.16059604235914077,0.0,False,Class,GameElementResource,0.07552827916961984,0.0,0.0,-1,rejected,0.0
_:b48,Game,0.09440597265507127,0.16059810884667225,0.0,False,Class,GameElementResource,0.07552477812405702,0.0,0.0,-1,rejected,0.0
_:b48,Block_Game,0.09440597265507127,0.16059810884667225,0.0,False,Class,GameElementResource,0.07552477812405702,0.0,0.0,-1,rejected,0.0
_:b48,Quizventure,0.09440597265507127,0.16059810884667225,0.0,False,Class,GameElementResource,0.07552477812405702,0.0,0.0,-1,rejected,0.0
_:b48,Interactive_Content_–_H5P,0.09440597265507127,0.16059810884667225,0.0,False,Class,GameElementResource,0.07552477812405702,0.0,0.0,-1,rejected,0.0
ScorePointsLeaderboard,Game,0.09439132027208044,0.16060502903052457,0.0,False,Class,GameElementResource,0.07551305621766435,0.0,0.0,-1,rejected,0.0
ScorePointsLeaderboard,Block_Game,0.09439132027208044,0.16060502903052457,0.0,False,Class,GameElementResource,0.07551305621766435,0.0,0.0,-1,rejected,0.0
ScorePointsLeaderboard,Interactive_Content_–_H5P,0.09439132027208044,0.16060502903052457,0.0,False,Class,GameElementResource,0.07551305621766435,0.0,0.0,-1,rejected,0.0
ScorePointsLeaderboard,Quizventure,0.09439132027208044,0.16060502903052457,0.0,False,Class,GameElementResource,0.07551305621766435,0.0,0.0,-1,rejected,0.0
ScorePoints,Interactive_Content_–_H5P,0.09437591335967052,0.16061230780288632,0.0,False,Class,GameElementResource,0.07550073068773643,0.0,0.0,-1,rejected,0.0
SocialPoints,Quizventure,0.09437591335967052,0.16061230780288632,0.0,False,Class,GameElementResource,0.07550073068773643,0.0,0.0,-1,rejected,0.0
ScorePoints,Block_Game,0.09437591335967052,0.16061230780288632,0.0,False,Class,GameElementResource,0.07550073068773643,0.0,0.0,-1,rejected,0.0
SocialPoints,Game,0.09437591335967052,0.16061230780288632,0.0,False,Class,GameElementResource,0.07550073068773643,0.0,0.0,-1,rejected,0.0
SocialPoints,Block_Game,0.09437591335967052,0.16061230780288632,0.0,False,Class,GameElementResource,0.07550073068773643,0.0,0.0,-1,rejected,0.0
ScorePoints,Game,0.09437591335967052,0.16061230780288632,0.0,False,Class,GameElementResource,0.07550073068773643,0.0,0.0,-1,rejected,0.0
ScorePoints,Quizventure,0.09437591335967052,0.16061230780288632,0.0,False,Class,GameElementResource,0.07550073068773643,0.0,0.0,-1,rejected,0.0
SocialPoints,Interactive_Content_–_H5P,0.09437591335967052,0.16061230780288632,0.0,False,Class,GameElementResource,0.07550073068773643,0.0,0.0,-1,rejected,0.0
IK_GE_BlockGame,Game,0.09400388043395298,0.16087925837996275,0.0,False,IndexKey,GameElementResource,0.07520310434716239,0.0,0.0,-1,rejected,0.0
IK_GE_stash,Quizventure,0.09400388043395298,0.16087925837996275,0.0,False,IndexKey,GameElementResource,0.07520310434716239,0.0,0.0,-1,rejected,0.0
IK_GE_stash,Game,0.09400388043395298,0.16087925837996275,0.0,False,IndexKey,GameElementResource,0.07520310434716239,0.0,0.0,-1,rejected,0.0
IK_GE_BlockGame,Block_Game,0.09400388043395298,0.16087925837996275,0.0,False,IndexKey,GameElementResource,0.07520310434716239,0.0,0.0,-1,rejected,0.0
IK_GE_stash,Interactive_Content_–_H5P,0.09400388043395298,0.16087925837996275,0.0,False,IndexKey,GameElementResource,0.07520310434716239,0.0,0.0,-1,rejected,0.0
IK_GE_stash,Block_Game,0.09400388043395298,0.16087925837996275,0.0,False,IndexKey,GameElementResource,0.07520310434716239,0.0,0.0,-1,rejected,0.0
IK_GE_BlockGame,Quizventure,0.09400388043395298,0.16087925837996275,0.0,False,IndexKey,GameElementResource,0.07520310434716239,0.0,0.0,-1,rejected,0.0
IK_GE_BlockGame,Interactive_Content_–_H5P,0.09400388043395298,0.16087925837996275,0.0,False,IndexKey,GameElementResource,0.07520310434716239,0.0,0.0,-1,rejected,0.0
IK_GE_TinyStash,Block_Game,0.09397813440157851,0.1608909338530373,0.0,False,IndexKey,GameElementResource,0.07518250752126282,0.0,0.0,-1,rejected,0.0
IK_GE_TinyStash,Quizventure,0.09397813440157851,0.1608909338530373,0.0,False,IndexKey,GameElementResource,0.07518250752126282,0.0,0.0,-1,rejected,0.0
IK_GE_TinyStash,Interactive_Content_–_H5P,0.09397813440157851,0.1608909338530373,0.0,False,IndexKey,GameElementResource,0.07518250752126282,0.0,0.0,-1,rejected,0.0
IK_GE_TinyStash,Game,0.09397813440157851,0.1608909338530373,0.0,False,IndexKey,GameElementResource,0.07518250752126282,0.0,0.0,-1,rejected,0.0
TaskJavaExceptions,Interactive_Content_–_H5P,0.09387558250401523,0.16093753239222605,0.0,False,IndexKey,GameElementResource,0.07510046600321219,0.0,0.0,-1,rejected,0.0
TaskJavaGUI,Block_Game,0.09387558250401523,0.16093753239222605,0.0,False,IndexKey,GameElementResource,0.07510046600321219,0.0,0.0,-1,rejected,0.0
TaskJavaExceptions,Game,0.09387558250401523,0.16093753239222605,0.0,False,IndexKey,GameElementResource,0.07510046600321219,0.0,0.0,-1,rejected,0.0
TaskJavaGUI,Game,0.09387558250401523,0.16093753239222605,0.0,False,IndexKey,GameElementResource,0.07510046600321219,0.0,0.0,-1,rejected,0.0
JavaGUIElements,Interactive_Content_–_H5P,0.09387558250401523,0.16093753239222605,0.0,False,IndexKey,GameElementResource,0.07510046600321219,0.0,0.0,-1,rejected,0.0
JavaGUIElements,Game,0.09387558250401523,0.16093753239222605,0.0,False,IndexKey,GameElementResource,0.07510046600321219,0.0,0.0,-1,rejected,0.0
TaskJavaPolymorphism,Quizventure,0.09387558250401523,0.16093753239222605,0.0,False,IndexKey,GameElementResource,0.07510046600321219,0.0,0.0,-1,rejected,0.0
JavaGUIElements,Block_Game,0.09387558250401523,0.16093753239222605,0.0,False,IndexKey,GameElementResource,0.07510046600321219,0.0,0.0,-1,rejected,0.0
JavaTaskEventHandlerListener,Quizventure,0.09387558250401523,0.16093753239222605,0.0,False,IndexKey,GameElementResource,0.07510046600321219,0.0,0.0,-1,rejected,0.0
JavaTaskEventHandlerListener,Interactive_Content_–_H5P,0.09387558250401523,0.16093753239222605,0.0,False,IndexKey,GameElementResource,0.07510046600321219,0.0,0.0,-1,rejected,0.0
TaskJavaExceptions,Quizventure,0.09387558250401523,0.16093753239222605,0.0,False,IndexKey,GameElementResource,0.07510046600321219,0.0,0.0,-1,rejected,0.0
JavaTaskEventHandlerListener,Game,0.09387558250401523,0.16093753239222605,0.0,False,IndexKey,GameElementResource,0.07510046600321219,0.0,0.0,-1,rejected,0.0
JavaEventTypes,Game,0.09387558250401523,0.16093753239222605,0.0,False,IndexKey,GameElementResource,0.07510046600321219,0.0,0.0,-1,rejected,0.0
JavaEventTypes,Interactive_Content_–_H5P,0.09387558250401523,0.16093753239222605,0.0,False,IndexKey,GameElementResource,0.07510046600321219,0.0,0.0,-1,rejected,0.0
JavaDelimiters,Game,0.09387558250401523,0.16093753239222605,0.0,False,IndexKey,GameElementResource,0.07510046600321219,0.0,0.0,-1,rejected,0.0
JavaTryCatch,Quizventure,0.09387558250401523,0.16093753239222605,0.0,False,IndexKey,GameElementResource,0.07510046600321219,0.0,0.0,-1,rejected,0.0
JavaTryCatch,Interactive_Content_–_H5P,0.09387558250401523,0.16093753239222605,0.0,False,IndexKey,GameElementResource,0.07510046600321219,0.0,0.0,-1,rejected,0.0
JavaEventTypes,Quizventure,0.09387558250401523,0.16093753239222605,0.0,False,IndexKey,GameElementResource,0.07510046600321219,0.0,0.0,-1,rejected,0.0
JavaOverloadedConstructors,Quizventure,0.09387558250401523,0.16093753239222605,0.0,False,IndexKey,GameElementResource,0.07510046600321219,0.0,0.0,-1,rejected,0.0
JavaDelimiters,Quizventure,0.09387558250401523,0.16093753239222605,0.0,False,IndexKey,GameElementResource,0.07510046600321219,0.0,0.0,-1,rejected,0.0
JavaDelimiters,Interactive_Content_–_H5P,0.09387558250401523,0.16093753239222605,0.0,False,IndexKey,GameElementResource,0.07510046600321219,0.0,0.0,-1,rejected,0.0
JavaOverriding,Interactive_Content_–_H5P,0.09387558250401523,0.16093753239222605,0.0,False,IndexKey,GameElementResource,0.07510046600321219,0.0,0.0,-1,rejected,0.0
JavaEventListener,Quizventure,0.09387558250401523,0.16093753239222605,0.0,False,IndexKey,GameElementResource,0.07510046600321219,0.0,0.0,-1,rejected,0.0
JavaEvents,Interactive_Content_–_H5P,0.09387558250401523,0.16093753239222605,0.0,False,IndexKey,GameElementResource,0.07510046600321219,0.0,0.0,-1,rejected,0.0
JavaEvents,Quizventure,0.09387558250401523,0.16093753239222605,0.0,False,IndexKey,GameElementResource,0.07510046600321219,0.0,0.0,-1,rejected,0.0
JavaExceptionTypes,Block_Game,0.09387558250401523,0.16093753239222605,0.0,False,IndexKey,GameElementResource,0.07510046600321219,0.0,0.0,-1,rejected,0.0
JavaOverriding,Block_Game,0.09387558250401523,0.16093753239222605,0.0,False,IndexKey,GameElementResource,0.07510046600321219,0.0,0.0,-1,rejected,0.0
JavaOverriding,Game,0.09387558250401523,0.16093753239222605,0.0,False,IndexKey,GameElementResource,0.07510046600321219,0.0,0.0,-1,rejected,0.0
JavaOverloading,Block_Game,0.09387558250401523,0.16093753239222605,0.0,False,IndexKey,GameElementResource,0.07510046600321219,0.0,0.0,-1,rejected,0.0
JavaFX,Quizventure,0.09387558250401523,0.16093753239222605,0.0,False,IndexKey,GameElementResource,0.07510046600321219,0.0,0.0,-1,rejected,0.0
JavaOverloading,Game,0.09387558250401523,0.16093753239222605,0.0,False,IndexKey,GameElementResource,0.07510046600321219,0.0,0.0,-1,rejected,0.0
JavaOverloading,Interactive_Content_–_H5P,0.09387558250401523,0.16093753239222605,0.0,False,IndexKey,GameElementResource,0.07510046600321219,0.0,0.0,-1,rejected,0.0
JavaExceptionTypes,Quizventure,0.09387558250401523,0.16093753239222605,0.0,False,IndexKey,GameElementResource,0.07510046600321219,0.0,0.0,-1,rejected,0.0
JavaOverloading,Quizventure,0.09387558250401523,0.16093753239222605,0.0,False,IndexKey,GameElementResource,0.07510046600321219,0.0,0.0,-1,rejected,0.0
JavaDelimiters,Block_Game,0.09387558250401523,0.16093753239222605,0.0,False,IndexKey,GameElementResource,0.07510046600321219,0.0,0.0,-1,rejected,0.0
JavaTryCatch,Game,0.09387558250401523,0.16093753239222605,0.0,False,IndexKey,GameElementResource,0.07510046600321219,0.0,0.0,-1,rejected,0.0
JavaTryCatch,Block_Game,0.09387558250401523,0.16093753239222605,0.0,False,IndexKey,GameElementResource,0.07510046600321219,0.0,0.0,-1,rejected,0.0
JavaTaskEventHandlerListener,Block_Game,0.09387558250401523,0.16093753239222605,0.0,False,IndexKey,GameElementResource,0.07510046600321219,0.0,0.0,-1,rejected,0.0
JavaGUILinkedScreens,Game,0.09387558250401523,0.16093753239222605,0.0,False,IndexKey,GameElementResource,0.07510046600321219,0.0,0.0,-1,rejected,0.0
JavaGUILinkedScreens,Block_Game,0.09387558250401523,0.16093753239222605,0.0,False,IndexKey,GameElementResource,0.07510046600321219,0.0,0.0,-1,rejected,0.0
JavaGUIElements,Quizventure,0.09387558250401523,0.16093753239222605,0.0,False,IndexKey,GameElementResource,0.07510046600321219,0.0,0.0,-1,rejected,0.0
JavaEvents,Block_Game,0.09387558250401523,0.16093753239222605,0.0,False,IndexKey,GameElementResource,0.07510046600321219,0.0,0.0,-1,rejected,0.0
JavaEventTypes,Block_Game,0.09387558250401523,0.16093753239222605,0.0,False,IndexKey,GameElementResource,0.07510046600321219,0.0,0.0,-1,rejected,0.0
JavaEventListener,Game,0.09387558250401523,0.16093753239222605,0.0,False,IndexKey,GameElementResource,0.07510046600321219,0.0,0.0,-1,rejected,0.0
JavaEventListener,Interactive_Content_–_H5P,0.09387558250401523,0.16093753239222605,0.0,False,IndexKey,GameElementResource,0.07510046600321219,0.0,0.0,-1,rejected,0.0
JavaEvents,Game,0.09387558250401523,0.16093753239222605,0.0,False,IndexKey,GameElementResource,0.07510046600321219,0.0,0.0,-1,rejected,0.0
JavaOverloadedConstructors,Game,0.09387558250401523,0.16093753239222605,0.0,False,IndexKey,GameElementResource,0.07510046600321219,0.0,0.0,-1,rejected,0.0
JavaExceptionTypes,Interactive_Content_–_H5P,0.09387558250401523,0.16093753239222605,0.0,False,IndexKey,GameElementResource,0.07510046600321219,0.0,0.0,-1,rejected,0.0
JavaOverloadedConstructors,Interactive_Content_–_H5P,0.09387558250401523,0.16093753239222605,0.0,False,IndexKey,GameElementResource,0.07510046600321219,0.0,0.0,-1,rejected,0.0
TaskJavaGUI,Interactive_Content_–_H5P,0.09387558250401523,0.16093753239222605,0.0,False,IndexKey,GameElementResource,0.07510046600321219,0.0,0.0,-1,rejected,0.0
TaskJavaExceptions,Block_Game,0.09387558250401523,0.16093753239222605,0.0,False,IndexKey,GameElementResource,0.07510046600321219,0.0,0.0,-1,rejected,0.0
JavaExceptions,Interactive_Content_–_H5P,0.09387558250401523,0.16093753239222605,0.0,False,IndexKey,GameElementResource,0.07510046600321219,0.0,0.0,-1,rejected,0.0
JavaIOStreams,Quizventure,0.09387558250401523,0.16093753239222605,0.0,False,IndexKey,GameElementResource,0.07510046600321219,0.0,0.0,-1,rejected,0.0
JavaArgumentsParameters,Block_Game,0.09387558250401523,0.16093753239222605,0.0,False,IndexKey,GameElementResource,0.07510046600321219,0.0,0.0,-1,rejected,0.0
JavaGUILinkedScreens,Quizventure,0.09387558250401523,0.16093753239222605,0.0,False,IndexKey,GameElementResource,0.07510046600321219,0.0,0.0,-1,rejected,0.0
JavaGUILinkedScreens,Interactive_Content_–_H5P,0.09387558250401523,0.16093753239222605,0.0,False,IndexKey,GameElementResource,0.07510046600321219,0.0,0.0,-1,rejected,0.0
JavaArithmeticOperations,Block_Game,0.09387558250401523,0.16093753239222605,0.0,False,IndexKey,GameElementResource,0.07510046600321219,0.0,0.0,-1,rejected,0.0
JavaArgumentsParameters,Quizventure,0.09387558250401523,0.16093753239222605,0.0,False,IndexKey,GameElementResource,0.07510046600321219,0.0,0.0,-1,rejected,0.0
JavaFiles,Quizventure,0.09387558250401523,0.16093753239222605,0.0,False,IndexKey,GameElementResource,0.07510046600321219,0.0,0.0,-1,rejected,0.0
JavaArgumentsParameters,Interactive_Content_–_H5P,0.09387558250401523,0.16093753239222605,0.0,False,IndexKey,GameElementResource,0.07510046600321219,0.0,0.0,-1,rejected,0.0
JavaArgumentsParameters,Game,0.09387558250401523,0.16093753239222605,0.0,False,IndexKey,GameElementResource,0.07510046600321219,0.0,0.0,-1,rejected,0.0
JavaArithmeticOperations,Quizventure,0.09387558250401523,0.16093753239222605,0.0,False,IndexKey,GameElementResource,0.07510046600321219,0.0,0.0,-1,rejected,0.0
JavaArithmeticOperations,Interactive_Content_–_H5P,0.09387558250401523,0.16093753239222605,0.0,False,IndexKey,GameElementResource,0.07510046600321219,0.0,0.0,-1,rejected,0.0
JavaArithmeticOperations,Game,0.09387558250401523,0.16093753239222605,0.0,False,IndexKey,GameElementResource,0.07510046600321219,0.0,0.0,-1,rejected,0.0
JavaFiles,Game,0.09387558250401523,0.16093753239222605,0.0,False,IndexKey,GameElementResource,0.07510046600321219,0.0,0.0,-1,rejected,0.0
JavaFiles,Interactive_Content_–_H5P,0.09387558250401523,0.16093753239222605,0.0,False,IndexKey,GameElementResource,0.07510046600321219,0.0,0.0,-1,rejected,0.0
JavaIOStreams,Block_Game,0.09387558250401523,0.16093753239222605,0.0,False,IndexKey,GameElementResource,0.07510046600321219,0.0,0.0,-1,rejected,0.0
JavaFiles,Block_Game,0.09387558250401523,0.16093753239222605,0.0,False,IndexKey,GameElementResource,0.07510046600321219,0.0,0.0,-1,rejected,0.0
JavaOverriding,Quizventure,0.09387558250401523,0.16093753239222605,0.0,False,IndexKey,GameElementResource,0.07510046600321219,0.0,0.0,-1,rejected,0.0
JavaEventListener,Block_Game,0.09387558250401523,0.16093753239222605,0.0,False,IndexKey,GameElementResource,0.07510046600321219,0.0,0.0,-1,rejected,0.0
TaskJavaGUI,Quizventure,0.09387558250401523,0.16093753239222605,0.0,False,IndexKey,GameElementResource,0.07510046600321219,0.0,0.0,-1,rejected,0.0
TaskJavaPolymorphism,Interactive_Content_–_H5P,0.09387558250401523,0.16093753239222605,0.0,False,IndexKey,GameElementResource,0.07510046600321219,0.0,0.0,-1,rejected,0.0
TaskJavaPolymorphism,Game,0.09387558250401523,0.16093753239222605,0.0,False,IndexKey,GameElementResource,0.07510046600321219,0.0,0.0,-1,rejected,0.0
TaskJavaPolymorphism,Block_Game,0.09387558250401523,0.16093753239222605,0.0,False,IndexKey,GameElementResource,0.07510046600321219,0.0,0.0,-1,rejected,0.0
JavaExceptionTypes,Game,0.09387558250401523,0.16093753239222605,0.0,False,IndexKey,GameElementResource,0.07510046600321219,0.0,0.0,-1,rejected,0.0
JavaOverloadedConstructors,Block_Game,0.09387558250401523,0.16093753239222605,0.0,False,IndexKey,GameElementResource,0.07510046600321219,0.0,0.0,-1,rejected,0.0
JavaExceptions,Quizventure,0.09387558250401523,0.16093753239222605,0.0,False,IndexKey,GameElementResource,0.07510046600321219,0.0,0.0,-1,rejected,0.0
JavaIOStreams,Interactive_Content_–_H5P,0.09387558250401523,0.16093753239222605,0.0,False,IndexKey,GameElementResource,0.07510046600321219,0.0,0.0,-1,rejected,0.0
JavaExceptions,Block_Game,0.09387558250401523,0.16093753239222605,0.0,False,IndexKey,GameElementResource,0.07510046600321219,0.0,0.0,-1,rejected,0.0
JavaFX,Block_Game,0.09387558250401523,0.16093753239222605,0.0,False,IndexKey,GameElementResource,0.07510046600321219,0.0,0.0,-1,rejected,0.0
JavaFX,Game,0.09387558250401523,0.16093753239222605,0.0,False,IndexKey,GameElementResource,0.07510046600321219,0.0,0.0,-1,rejected,0.0
JavaFX,Interactive_Content_–_H5P,0.09387558250401523,0.16093753239222605,0.0,False,IndexKey,GameElementResource,0.07510046600321219,0.0,0.0,-1,rejected,0.0
JavaIOStreams,Game,0.09387558250401523,0.16093753239222605,0.0,False,IndexKey,GameElementResource,0.07510046600321219,0.0,0.0,-1,rejected,0.0
JavaExceptions,Game,0.09387558250401523,0.16093753239222605,0.0,False,IndexKey,GameElementResource,0.07510046600321219,0.0,0.0,-1,rejected,0.0
_:b24,Game,0.09383541214436167,0.1609905347887903,0.0,False,Class,GameElementResource,0.07506832971548934,0.0,0.0,-1,rejected,0.0
_:b24,Block_Game,0.09383541214436167,0.1609905347887903,0.0,False,Class,GameElementResource,0.07506832971548934,0.0,0.0,-1,rejected,0.0
_:b24,Interactive_Content_–_H5P,0.09383541214436167,0.1609905347887903,0.0,False,Class,GameElementResource,0.07506832971548934,0.0,0.0,-1,rejected,0.0
_:b24,Quizventure,0.09383541214436167,0.1609905347887903,0.0,False,Class,GameElementResource,0.07506832971548934,0.0,0.0,-1,rejected,0.0
_:b30,Quizventure,0.09377822079981794,0.16101713507620458,0.0,False,Class,GameElementResource,0.07502257663985436,0.0,0.0,-1,rejected,0.0
_:b30,Interactive_Content_–_H5P,0.09377822079981794,0.16101713507620458,0.0,False,Class,GameElementResource,0.07502257663985436,0.0,0.0,-1,rejected,0.0
_:b30,Game,0.09377822079981794,0.16101713507620458,0.0,False,Class,GameElementResource,0.07502257663985436,0.0,0.0,-1,rejected,0.0
_:b30,Block_Game,0.09377822079981794,0.16101713507620458,0.0,False,Class,GameElementResource,0.07502257663985436,0.0,0.0,-1,rejected,0.0
JavaSingleInheritance,Block_Game,0.0937418355198146,0.16115800146930603,0.0,False,IndexKey,GameElementResource,0.07499346841585168,0.0,0.0,-1,rejected,0.0
JavaSingleInheritance,Game,0.0937418355198146,0.16115800146930603,0.0,False,IndexKey,GameElementResource,0.07499346841585168,0.0,0.0,-1,rejected,0.0
JavaSingleInheritance,Interactive_Content_–_H5P,0.0937418355198146,0.16115800146930603,0.0,False,IndexKey,GameElementResource,0.07499346841585168,0.0,0.0,-1,rejected,0.0
JavaSingleInheritance,Quizventure,0.0937418355198146,0.16115800146930603,0.0,False,IndexKey,GameElementResource,0.07499346841585168,0.0,0.0,-1,rejected,0.0
IK_GE_Motrain,Quizventure,0.0937285568122831,0.1611638732875011,0.0,False,IndexKey,GameElementResource,0.07498284544982649,0.0,0.0,-1,rejected,0.0
IK_GE_Motrain,Interactive_Content_–_H5P,0.0937285568122831,0.1611638732875011,0.0,False,IndexKey,GameElementResource,0.07498284544982649,0.0,0.0,-1,rejected,0.0
IK_GE_Motrain,Block_Game,0.0937285568122831,0.1611638732875011,0.0,False,IndexKey,GameElementResource,0.07498284544982649,0.0,0.0,-1,rejected,0.0
IK_GE_Motrain,Game,0.0937285568122831,0.1611638732875011,0.0,False,IndexKey,GameElementResource,0.07498284544982649,0.0,0.0,-1,rejected,0.0
JavaExtend,Interactive_Content_–_H5P,0.0937244935604539,0.16116567046712443,0.0,False,IndexKey,GameElementResource,0.07497959484836313,0.0,0.0,-1,rejected,0.0
JavaExtend,Block_Game,0.0937244935604539,0.16116567046712443,0.0,False,IndexKey,GameElementResource,0.07497959484836313,0.0,0.0,-1,rejected,0.0
JavaExtend,Quizventure,0.0937244935604539,0.16116567046712443,0.0,False,IndexKey,GameElementResource,0.07497959484836313,0.0,0.0,-1,rejected,0.0
JavaExtend,Game,0.0937244935604539,0.16116567046712443,0.0,False,IndexKey,GameElementResource,0.07497959484836313,0.0,0.0,-1,rejected,0.0
TaskJavaClassesMethod,Interactive_Content_–_H5P,0.09371947255133951,0.16116789153388883,0.0,False,IndexKey,GameElementResource,0.07497557804107162,0.0,0.0,-1,rejected,0.0
TaskJavaClassesMethod,Quizventure,0.09371947255133951,0.16116789153388883,0.0,False,IndexKey,GameElementResource,0.07497557804107162,0.0,0.0,-1,rejected,0.0
TaskJavaClassesMethod,Block_Game,0.09371947255133951,0.16116789153388883,0.0,False,IndexKey,GameElementResource,0.07497557804107162,0.0,0.0,-1,rejected,0.0
TaskJavaClassesMethod,Game,0.09371947255133951,0.16116789153388883,0.0,False,IndexKey,GameElementResource,0.07497557804107162,0.0,0.0,-1,rejected,0.0
JavaStatic,Interactive_Content_–_H5P,0.09371751759911594,0.1611687563969206,0.0,False,IndexKey,GameElementResource,0.07497401407929276,0.0,0.0,-1,rejected,0.0
JavaStatic,Block_Game,0.09371751759911594,0.1611687563969206,0.0,False,IndexKey,GameElementResource,0.07497401407929276,0.0,0.0,-1,rejected,0.0
JavaStatic,Game,0.09371751759911594,0.1611687563969206,0.0,False,IndexKey,GameElementResource,0.07497401407929276,0.0,0.0,-1,rejected,0.0
JavaStatic,Quizventure,0.09371751759911594,0.1611687563969206,0.0,False,IndexKey,GameElementResource,0.07497401407929276,0.0,0.0,-1,rejected,0.0
JavaThis,Quizventure,0.09371656594928954,0.16116917741937825,0.0,False,IndexKey,GameElementResource,0.07497325275943163,0.0,0.0,-1,rejected,0.0
JavaThis,Game,0.09371656594928954,0.16116917741937825,0.0,False,IndexKey,GameElementResource,0.07497325275943163,0.0,0.0,-1,rejected,0.0
JavaThis,Block_Game,0.09371656594928954,0.16116917741937825,0.0,False,IndexKey,GameElementResource,0.07497325275943163,0.0,0.0,-1,rejected,0.0
JavaThis,Interactive_Content_–_H5P,0.09371656594928954,0.16116917741937825,0.0,False,IndexKey,GameElementResource,0.07497325275943163,0.0,0.0,-1,rejected,0.0
JavaConstructors,Block_Game,0.09371617851976498,0.16116934882639378,0.0,False,IndexKey,GameElementResource,0.07497294281581199,0.0,0.0,-1,rejected,0.0
JavaConstructors,Game,0.09371617851976498,0.16116934882639378,0.0,False,IndexKey,GameElementResource,0.07497294281581199,0.0,0.0,-1,rejected,0.0
JavaConstructors,Interactive_Content_–_H5P,0.09371617851976498,0.16116934882639378,0.0,False,IndexKey,GameElementResource,0.07497294281581199,0.0,0.0,-1,rejected,0.0
JavaConstructors,Quizventure,0.09371617851976498,0.16116934882639378,0.0,False,IndexKey,GameElementResource,0.07497294281581199,0.0,0.0,-1,rejected,0.0
TaskJavaClassesObjects,Interactive_Content_–_H5P,0.09371295267661682,0.1611707760766677,0.0,False,IndexKey,GameElementResource,0.07497036214129346,0.0,0.0,-1,rejected,0.0
TaskJavaClassesObjects,Quizventure,0.09371295267661682,0.1611707760766677,0.0,False,IndexKey,GameElementResource,0.07497036214129346,0.0,0.0,-1,rejected,0.0
TaskJavaClassesObjects,Game,0.09371295267661682,0.1611707760766677,0.0,False,IndexKey,GameElementResource,0.07497036214129346,0.0,0.0,-1,rejected,0.0
TaskJavaClassesObjects,Block_Game,0.09371295267661682,0.1611707760766677,0.0,False,IndexKey,GameElementResource,0.07497036214129346,0.0,0.0,-1,rejected,0.0
JavaAccessModifiers,Quizventure,0.09371164587135367,0.161171354298014,0.0,False,IndexKey,GameElementResource,0.07496931669708294,0.0,0.0,-1,rejected,0.0
JavaAccessModifiers,Block_Game,0.09371164587135367,0.161171354298014,0.0,False,IndexKey,GameElementResource,0.07496931669708294,0.0,0.0,-1,rejected,0.0
JavaAccessModifiers,Interactive_Content_–_H5P,0.09371164587135367,0.161171354298014,0.0,False,IndexKey,GameElementResource,0.07496931669708294,0.0,0.0,-1,rejected,0.0
JavaAccessModifiers,Game,0.09371164587135367,0.161171354298014,0.0,False,IndexKey,GameElementResource,0.07496931669708294,0.0,0.0,-1,rejected,0.0
JavaPackages,Interactive_Content_–_H5P,0.0937110926367305,0.16117159909350415,0.0,False,IndexKey,GameElementResource,0.0749688741093844,0.0,0.0,-1,rejected,0.0
JavaPackages,Block_Game,0.0937110926367305,0.16117159909350415,0.0,False,IndexKey,GameElementResource,0.0749688741093844,0.0,0.0,-1,rejected,0.0
JavaPackages,Game,0.0937110926367305,0.16117159909350415,0.0,False,IndexKey,GameElementResource,0.0749688741093844,0.0,0.0,-1,rejected,0.0
JavaPackages,Quizventure,0.0937110926367305,0.16117159909350415,0.0,False,IndexKey,GameElementResource,0.0749688741093844,0.0,0.0,-1,rejected,0.0
JavaArrayOfInstances,Block_Game,0.09371085854447404,0.16117170267583414,0.0,False,IndexKey,GameElementResource,0.07496868683557924,0.0,0.0,-1,rejected,0.0
JavaArrayOfInstances,Game,0.09371085854447404,0.16117170267583414,0.0,False,IndexKey,GameElementResource,0.07496868683557924,0.0,0.0,-1,rejected,0.0
JavaArrayOfInstances,Interactive_Content_–_H5P,0.09371085854447404,0.16117170267583414,0.0,False,IndexKey,GameElementResource,0.07496868683557924,0.0,0.0,-1,rejected,0.0
JavaArrayOfInstances,Quizventure,0.09371085854447404,0.16117170267583414,0.0,False,IndexKey,GameElementResource,0.07496868683557924,0.0,0.0,-1,rejected,0.0
JavaClassInstance,Game,0.09371075945508048,0.16117174652160748,0.0,False,IndexKey,GameElementResource,0.07496860756406439,0.0,0.0,-1,rejected,0.0
JavaClassInstance,Interactive_Content_–_H5P,0.09371075945508048,0.16117174652160748,0.0,False,IndexKey,GameElementResource,0.07496860756406439,0.0,0.0,-1,rejected,0.0
JavaClassInstance,Quizventure,0.09371075945508048,0.16117174652160748,0.0,False,IndexKey,GameElementResource,0.07496860756406439,0.0,0.0,-1,rejected,0.0
JavaClassInstance,Block_Game,0.09371075945508048,0.16117174652160748,0.0,False,IndexKey,GameElementResource,0.07496860756406439,0.0,0.0,-1,rejected,0.0
JavaStrings,Block_Game,0.09370519387873878,0.16117420940384236,0.0,False,IndexKey,GameElementResource,0.07496415510299102,0.0,0.0,-1,rejected,0.0
JavaStrings,Quizventure,0.09370519387873878,0.16117420940384236,0.0,False,IndexKey,GameElementResource,0.07496415510299102,0.0,0.0,-1,rejected,0.0
JavaStrings,Interactive_Content_–_H5P,0.09370519387873878,0.16117420940384236,0.0,False,IndexKey,GameElementResource,0.07496415510299102,0.0,0.0,-1,rejected,0.0
JavaStrings,Game,0.09370519387873878,0.16117420940384236,0.0,False,IndexKey,GameElementResource,0.07496415510299102,0.0,0.0,-1,rejected,0.0
JavaIf,Interactive_Content_–_H5P,0.09365712887081237,0.1611954944179161,0.0,False,IndexKey,GameElementResource,0.0749257030966499,0.0,0.0,-1,rejected,0.0
JavaIf,Quizventure,0.09365712887081237,0.1611954944179161,0.0,False,IndexKey,GameElementResource,0.0749257030966499,0.0,0.0,-1,rejected,0.0
JavaIf,Game,0.09365712887081237,0.1611954944179161,0.0,False,IndexKey,GameElementResource,0.0749257030966499,0.0,0.0,-1,rejected,0.0
JavaIf,Block_Game,0.09365712887081237,0.1611954944179161,0.0,False,IndexKey,GameElementResource,0.0749257030966499,0.0,0.0,-1,rejected,0.0
taskJavaBasics,Quizventure,0.09358858744988977,0.16122591031521943,0.0,False,IndexKey,GameElementResource,0.07487086995991181,0.0,0.0,-1,rejected,0.0
taskJavaBasics,Interactive_Content_–_H5P,0.09358858744988977,0.16122591031521943,0.0,False,IndexKey,GameElementResource,0.07487086995991181,0.0,0.0,-1,rejected,0.0
taskJavaBasics,Game,0.09358858744988977,0.16122591031521943,0.0,False,IndexKey,GameElementResource,0.07487086995991181,0.0,0.0,-1,rejected,0.0
taskJavaBasics,Block_Game,0.09358858744988977,0.16122591031521943,0.0,False,IndexKey,GameElementResource,0.07487086995991181,0.0,0.0,-1,rejected,0.0
JavaForWhile,Game,0.09357815611987054,0.16123054175522444,0.0,False,IndexKey,GameElementResource,0.07486252489589644,0.0,0.0,-1,rejected,0.0
JavaForWhile,Block_Game,0.09357815611987054,0.16123054175522444,0.0,False,IndexKey,GameElementResource,0.07486252489589644,0.0,0.0,-1,rejected,0.0
JavaForWhile,Interactive_Content_–_H5P,0.09357815611987054,0.16123054175522444,0.0,False,IndexKey,GameElementResource,0.07486252489589644,0.0,0.0,-1,rejected,0.0
JavaForWhile,Quizventure,0.09357815611987054,0.16123054175522444,0.0,False,IndexKey,GameElementResource,0.07486252489589644,0.0,0.0,-1,rejected,0.0
IK_GE_LevelUp,Block_Game,0.09357084870926625,0.16123378696015325,0.0,False,IndexKey,GameElementResource,0.074856678967413,0.0,0.0,-1,rejected,0.0
IK_GE_LevelUp,Interactive_Content_–_H5P,0.09357084870926625,0.16123378696015325,0.0,False,IndexKey,GameElementResource,0.074856678967413,0.0,0.0,-1,rejected,0.0
IK_GE_LevelUp,Game,0.09357084870926625,0.16123378696015325,0.0,False,IndexKey,GameElementResource,0.074856678967413,0.0,0.0,-1,rejected,0.0
IK_GE_LevelUp,Quizventure,0.09357084870926625,0.16123378696015325,0.0,False,IndexKey,GameElementResource,0.074856678967413,0.0,0.0,-1,rejected,0.0
JavaVariables,Block_Game,0.09356342390881658,0.16142036746956592,0.0,False,IndexKey,GameElementResource,0.07485073912705327,0.0,0.0,-1,rejected,0.0
JavaVariables,Quizventure,0.09356342390881658,0.16142036746956592,0.0,False,IndexKey,GameElementResource,0.07485073912705327,0.0,0.0,-1,rejected,0.0
JavaVariables,Game,0.09356342390881658,0.16142036746956592,0.0,False,IndexKey,GameElementResource,0.07485073912705327,0.0,0.0,-1,rejected,0.0
JavaVariables,Interactive_Content_–_H5P,0.09356342390881658,0.16142036746956592,0.0,False,IndexKey,GameElementResource,0.07485073912705327,0.0,0.0,-1,rejected,0.0
JavaClassAttributesFunctions,Game,0.09356221042090443,0.16142088906603547,0.0,False,IndexKey,GameElementResource,0.07484976833672355,0.0,0.0,-1,rejected,0.0
JavaClassAttributesFunctions,Interactive_Content_–_H5P,0.09356221042090443,0.16142088906603547,0.0,False,IndexKey,GameElementResource,0.07484976833672355,0.0,0.0,-1,rejected,0.0
JavaClassAttributesFunctions,Block_Game,0.09356221042090443,0.16142088906603547,0.0,False,IndexKey,GameElementResource,0.07484976833672355,0.0,0.0,-1,rejected,0.0
JavaClassAttributesFunctions,Quizventure,0.09356221042090443,0.16142088906603547,0.0,False,IndexKey,GameElementResource,0.07484976833672355,0.0,0.0,-1,rejected,0.0
JavaArrays,Quizventure,0.09349533795129385,0.1612673579382182,0.0,False,IndexKey,GameElementResource,0.07479627036103507,0.0,0.0,-1,rejected,0.0
JavaArrays,Block_Game,0.09349533795129385,0.1612673579382182,0.0,False,IndexKey,GameElementResource,0.07479627036103507,0.0,0.0,-1,rejected,0.0
JavaArrays,Interactive_Content_–_H5P,0.09349533795129385,0.1612673579382182,0.0,False,IndexKey,GameElementResource,0.07479627036103507,0.0,0.0,-1,rejected,0.0
JavaArrays,Game,0.09349533795129385,0.1612673579382182,0.0,False,IndexKey,GameElementResource,0.07479627036103507,0.0,0.0,-1,rejected,0.0
partOf,bonusPoints,0.0934607202827886,0.16211594833775247,0.0,False,unknown,BonusPoints,0.07476857622623088,0.0,0.0,-1,rejected,0.0
has_container,bonusPoints,0.0934607202827886,0.16211594833775247,0.0,False,unknown,BonusPoints,0.07476857622623088,0.0,0.0,-1,rejected,0.0
JavaInheritanceComposition,Quizventure,0.09344188986950369,0.16147269487169452,0.0,False,IndexKey,GameElementResource,0.07475351189560296,0.0,0.0,-1,rejected,0.0
JavaInheritanceComposition,Interactive_Content_–_H5P,0.09344188986950369,0.16147269487169452,0.0,False,IndexKey,GameElementResource,0.07475351189560296,0.0,0.0,-1,rejected,0.0
JavaInheritanceComposition,Block_Game,0.09344188986950369,0.16147269487169452,0.0,False,IndexKey,GameElementResource,0.07475351189560296,0.0,0.0,-1,rejected,0.0
JavaInheritanceComposition,Game,0.09344188986950369,0.16147269487169452,0.0,False,IndexKey,GameElementResource,0.07475351189560296,0.0,0.0,-1,rejected,0.0
JavaStaticFunctions,Interactive_Content_–_H5P,0.09340125317023204,0.1613093122436744,0.0,False,IndexKey,GameElementResource,0.07472100253618563,0.0,0.0,-1,rejected,0.0
JavaStaticFunctions,Quizventure,0.09340125317023204,0.1613093122436744,0.0,False,IndexKey,GameElementResource,0.07472100253618563,0.0,0.0,-1,rejected,0.0
JavaStaticFunctions,Block_Game,0.09340125317023204,0.1613093122436744,0.0,False,IndexKey,GameElementResource,0.07472100253618563,0.0,0.0,-1,rejected,0.0
JavaStaticFunctions,Game,0.09340125317023204,0.1613093122436744,0.0,False,IndexKey,GameElementResource,0.07472100253618563,0.0,0.0,-1,rejected,0.0
JavaParentClass,Quizventure,0.09339967448191994,0.16131001656358812,0.0,False,IndexKey,GameElementResource,0.07471973958553595,0.0,0.0,-1,rejected,0.0
JavaParentClass,Interactive_Content_–_H5P,0.09339967448191994,0.16131001656358812,0.0,False,IndexKey,GameElementResource,0.07471973958553595,0.0,0.0,-1,rejected,0.0
JavaParentClass,Block_Game,0.09339967448191994,0.16131001656358812,0.0,False,IndexKey,GameElementResource,0.07471973958553595,0.0,0.0,-1,rejected,0.0
JavaParentClass,Game,0.09339967448191994,0.16131001656358812,0.0,False,IndexKey,GameElementResource,0.07471973958553595,0.0,0.0,-1,rejected,0.0
_:b56,bonusPoints,0.09323521821838729,0.16118242692366666,0.0,False,unknown,BonusPoints,0.07458817457470983,0.0,0.0,-1,rejected,0.0
Item,bonusPoints,0.09323521821838729,0.16118242692366666,0.0,False,unknown,BonusPoints,0.07458817457470983,0.0,0.0,-1,rejected,0.0
Property,bonusPoints,0.09323521821838729,0.16118242692366666,0.0,False,unknown,BonusPoints,0.07458817457470983,0.0,0.0,-1,rejected,0.0
Address,bonusPoints,0.09323521821838729,0.16118242692366666,0.0,False,unknown,BonusPoints,0.07458817457470983,0.0,0.0,-1,rejected,0.0
Container,bonusPoints,0.09323521821838729,0.16118242692366666,0.0,False,unknown,BonusPoints,0.07458817457470983,0.0,0.0,-1,rejected,0.0
JavaSuper,Block_Game,0.09321259463389794,0.16157193416906152,0.0,False,IndexKey,GameElementResource,0.07457007570711836,0.0,0.0,-1,rejected,0.0
JavaSuper,Quizventure,0.09321259463389794,0.16157193416906152,0.0,False,IndexKey,GameElementResource,0.07457007570711836,0.0,0.0,-1,rejected,0.0
JavaSuper,Game,0.09321259463389794,0.16157193416906152,0.0,False,IndexKey,GameElementResource,0.07457007570711836,0.0,0.0,-1,rejected,0.0
JavaSuper,Interactive_Content_–_H5P,0.09321259463389794,0.16157193416906152,0.0,False,IndexKey,GameElementResource,0.07457007570711836,0.0,0.0,-1,rejected,0.0
Mike_23,bonusPoints,0.09315858365743272,0.161082611264542,0.0,False,UserAccount,BonusPoints,0.07452686692594618,0.0,0.0,-1,rejected,0.0
JavaMultiInheritance,Game,0.09311626583333768,0.16161379936277134,0.0,False,IndexKey,GameElementResource,0.07449301266667015,0.0,0.0,-1,rejected,0.0
JavaMultiInheritance,Block_Game,0.09311626583333768,0.16161379936277134,0.0,False,IndexKey,GameElementResource,0.07449301266667015,0.0,0.0,-1,rejected,0.0
JavaMultiInheritance,Quizventure,0.09311626583333768,0.16161379936277134,0.0,False,IndexKey,GameElementResource,0.07449301266667015,0.0,0.0,-1,rejected,0.0
JavaMultiInheritance,Interactive_Content_–_H5P,0.09311626583333768,0.16161379936277134,0.0,False,IndexKey,GameElementResource,0.07449301266667015,0.0,0.0,-1,rejected,0.0
_:b33,Block_Game,0.09306675550727188,0.16128665579769838,0.0,False,Restriction,GameElementResource,0.0744534044058175,0.0,0.0,-1,rejected,0.0
_:b33,Interactive_Content_–_H5P,0.09306675550727188,0.16128665579769838,0.0,False,Restriction,GameElementResource,0.0744534044058175,0.0,0.0,-1,rejected,0.0
_:b33,Game,0.09306675550727188,0.16128665579769838,0.0,False,Restriction,GameElementResource,0.0744534044058175,0.0,0.0,-1,rejected,0.0
_:b33,Quizventure,0.09306675550727188,0.16128665579769838,0.0,False,Restriction,GameElementResource,0.0744534044058175,0.0,0.0,-1,rejected,0.0
_:b39,Quizventure,0.0930582370652132,0.16129079170312663,0.0,False,Restriction,GameElementResource,0.07444658965217056,0.0,0.0,-1,rejected,0.0
_:b39,Game,0.0930582370652132,0.16129079170312663,0.0,False,Restriction,GameElementResource,0.07444658965217056,0.0,0.0,-1,rejected,0.0
_:b39,Interactive_Content_–_H5P,0.0930582370652132,0.16129079170312663,0.0,False,Restriction,GameElementResource,0.07444658965217056,0.0,0.0,-1,rejected,0.0
_:b39,Block_Game,0.0930582370652132,0.16129079170312663,0.0,False,Restriction,GameElementResource,0.07444658965217056,0.0,0.0,-1,rejected,0.0
_:b45,Block_Game,0.09305461652616312,0.1612925497310909,0.0,False,Restriction,GameElementResource,0.0744436932209305,0.0,0.0,-1,rejected,0.0
_:b45,Interactive_Content_–_H5P,0.09305461652616312,0.1612925497310909,0.0,False,Restriction,GameElementResource,0.0744436932209305,0.0,0.0,-1,rejected,0.0
_:b45,Quizventure,0.09305461652616312,0.1612925497310909,0.0,False,Restriction,GameElementResource,0.0744436932209305,0.0,0.0,-1,rejected,0.0
_:b45,Game,0.09305461652616312,0.1612925497310909,0.0,False,Restriction,GameElementResource,0.0744436932209305,0.0,0.0,-1,rejected,0.0
_:b50,Game,0.09305307718348778,0.1612932972217139,0.0,False,Restriction,GameElementResource,0.07444246174679023,0.0,0.0,-1,rejected,0.0
_:b50,Quizventure,0.09305307718348778,0.1612932972217139,0.0,False,Restriction,GameElementResource,0.07444246174679023,0.0,0.0,-1,rejected,0.0
_:b50,Block_Game,0.09305307718348778,0.1612932972217139,0.0,False,Restriction,GameElementResource,0.07444246174679023,0.0,0.0,-1,rejected,0.0
_:b50,Interactive_Content_–_H5P,0.09305307718348778,0.1612932972217139,0.0,False,Restriction,GameElementResource,0.07444246174679023,0.0,0.0,-1,rejected,0.0
Usergroup,bonusPoints,0.09304150665220434,0.16138965770785058,0.0,False,unknown,BonusPoints,0.07443320532176348,0.0,0.0,-1,rejected,0.0
_:b86,Quizventure,0.09301534662324132,0.16110953903857453,0.0,False,AtomList,GameElementResource,0.07441227729859305,0.0,0.0,-1,rejected,0.0
_:b200,Interactive_Content_–_H5P,0.09301534662324132,0.16110953903857453,0.0,False,AtomList,GameElementResource,0.07441227729859305,0.0,0.0,-1,rejected,0.0
_:b156,Quizventure,0.09301534662324132,0.16110953903857453,0.0,False,AtomList,GameElementResource,0.07441227729859305,0.0,0.0,-1,rejected,0.0
_:b265,Quizventure,0.09301534662324132,0.16110953903857453,0.0,False,AtomList,GameElementResource,0.07441227729859305,0.0,0.0,-1,rejected,0.0
_:b220,Game,0.09301534662324132,0.16110953903857453,0.0,False,AtomList,GameElementResource,0.07441227729859305,0.0,0.0,-1,rejected,0.0
_:b220,Block_Game,0.09301534662324132,0.16110953903857453,0.0,False,AtomList,GameElementResource,0.07441227729859305,0.0,0.0,-1,rejected,0.0
_:b220,Quizventure,0.09301534662324132,0.16110953903857453,0.0,False,AtomList,GameElementResource,0.07441227729859305,0.0,0.0,-1,rejected,0.0
_:b220,Interactive_Content_–_H5P,0.09301534662324132,0.16110953903857453,0.0,False,AtomList,GameElementResource,0.07441227729859305,0.0,0.0,-1,rejected,0.0
_:b86,Interactive_Content_–_H5P,0.09301534662324132,0.16110953903857453,0.0,False,AtomList,GameElementResource,0.07441227729859305,0.0,0.0,-1,rejected,0.0
_:b86,Game,0.09301534662324132,0.16110953903857453,0.0,False,AtomList,GameElementResource,0.07441227729859305,0.0,0.0,-1,rejected,0.0
_:b86,Block_Game,0.09301534662324132,0.16110953903857453,0.0,False,AtomList,GameElementResource,0.07441227729859305,0.0,0.0,-1,rejected,0.0
_:b138,Quizventure,0.09301534662324132,0.16110953903857453,0.0,False,AtomList,GameElementResource,0.07441227729859305,0.0,0.0,-1,rejected,0.0
_:b156,Interactive_Content_–_H5P,0.09301534662324132,0.16110953903857453,0.0,False,AtomList,GameElementResource,0.07441227729859305,0.0,0.0,-1,rejected,0.0
_:b156,Game,0.09301534662324132,0.16110953903857453,0.0,False,AtomList,GameElementResource,0.07441227729859305,0.0,0.0,-1,rejected,0.0
_:b156,Block_Game,0.09301534662324132,0.16110953903857453,0.0,False,AtomList,GameElementResource,0.07441227729859305,0.0,0.0,-1,rejected,0.0
_:b64,Interactive_Content_–_H5P,0.09301534662324132,0.16110953903857453,0.0,False,AtomList,GameElementResource,0.07441227729859305,0.0,0.0,-1,rejected,0.0
_:b167,Game,0.09301534662324132,0.16110953903857453,0.0,False,AtomList,GameElementResource,0.07441227729859305,0.0,0.0,-1,rejected,0.0
_:b138,Interactive_Content_–_H5P,0.09301534662324132,0.16110953903857453,0.0,False,AtomList,GameElementResource,0.07441227729859305,0.0,0.0,-1,rejected,0.0
_:b167,Block_Game,0.09301534662324132,0.16110953903857453,0.0,False,AtomList,GameElementResource,0.07441227729859305,0.0,0.0,-1,rejected,0.0
_:b209,Game,0.09301534662324132,0.16110953903857453,0.0,False,AtomList,GameElementResource,0.07441227729859305,0.0,0.0,-1,rejected,0.0
_:b178,Game,0.09301534662324132,0.16110953903857453,0.0,False,AtomList,GameElementResource,0.07441227729859305,0.0,0.0,-1,rejected,0.0
_:b178,Interactive_Content_–_H5P,0.09301534662324132,0.16110953903857453,0.0,False,AtomList,GameElementResource,0.07441227729859305,0.0,0.0,-1,rejected,0.0
_:b178,Quizventure,0.09301534662324132,0.16110953903857453,0.0,False,AtomList,GameElementResource,0.07441227729859305,0.0,0.0,-1,rejected,0.0
_:b178,Block_Game,0.09301534662324132,0.16110953903857453,0.0,False,AtomList,GameElementResource,0.07441227729859305,0.0,0.0,-1,rejected,0.0
_:b209,Block_Game,0.09301534662324132,0.16110953903857453,0.0,False,AtomList,GameElementResource,0.07441227729859305,0.0,0.0,-1,rejected,0.0
_:b109,Interactive_Content_–_H5P,0.09301534662324132,0.16110953903857453,0.0,False,AtomList,GameElementResource,0.07441227729859305,0.0,0.0,-1,rejected,0.0
_:b209,Interactive_Content_–_H5P,0.09301534662324132,0.16110953903857453,0.0,False,AtomList,GameElementResource,0.07441227729859305,0.0,0.0,-1,rejected,0.0
_:b118,Quizventure,0.09301534662324132,0.16110953903857453,0.0,False,AtomList,GameElementResource,0.07441227729859305,0.0,0.0,-1,rejected,0.0
_:b64,Game,0.09301534662324132,0.16110953903857453,0.0,False,AtomList,GameElementResource,0.07441227729859305,0.0,0.0,-1,rejected,0.0
_:b64,Block_Game,0.09301534662324132,0.16110953903857453,0.0,False,AtomList,GameElementResource,0.07441227729859305,0.0,0.0,-1,rejected,0.0
_:b167,Quizventure,0.09301534662324132,0.16110953903857453,0.0,False,AtomList,GameElementResource,0.07441227729859305,0.0,0.0,-1,rejected,0.0
_:b265,Block_Game,0.09301534662324132,0.16110953903857453,0.0,False,AtomList,GameElementResource,0.07441227729859305,0.0,0.0,-1,rejected,0.0
_:b246,Quizventure,0.09301534662324132,0.16110953903857453,0.0,False,AtomList,GameElementResource,0.07441227729859305,0.0,0.0,-1,rejected,0.0
_:b246,Interactive_Content_–_H5P,0.09301534662324132,0.16110953903857453,0.0,False,AtomList,GameElementResource,0.07441227729859305,0.0,0.0,-1,rejected,0.0
_:b246,Game,0.09301534662324132,0.16110953903857453,0.0,False,AtomList,GameElementResource,0.07441227729859305,0.0,0.0,-1,rejected,0.0
_:b246,Block_Game,0.09301534662324132,0.16110953903857453,0.0,False,AtomList,GameElementResource,0.07441227729859305,0.0,0.0,-1,rejected,0.0
_:b200,Quizventure,0.09301534662324132,0.16110953903857453,0.0,False,AtomList,GameElementResource,0.07441227729859305,0.0,0.0,-1,rejected,0.0
_:b265,Interactive_Content_–_H5P,0.09301534662324132,0.16110953903857453,0.0,False,AtomList,GameElementResource,0.07441227729859305,0.0,0.0,-1,rejected,0.0
_:b265,Game,0.09301534662324132,0.16110953903857453,0.0,False,AtomList,GameElementResource,0.07441227729859305,0.0,0.0,-1,rejected,0.0
_:b200,Game,0.09301534662324132,0.16110953903857453,0.0,False,AtomList,GameElementResource,0.07441227729859305,0.0,0.0,-1,rejected,0.0
_:b127,Interactive_Content_–_H5P,0.09301534662324132,0.16110953903857453,0.0,False,AtomList,GameElementResource,0.07441227729859305,0.0,0.0,-1,rejected,0.0
_:b64,Quizventure,0.09301534662324132,0.16110953903857453,0.0,False,AtomList,GameElementResource,0.07441227729859305,0.0,0.0,-1,rejected,0.0
_:b127,Block_Game,0.09301534662324132,0.16110953903857453,0.0,False,AtomList,GameElementResource,0.07441227729859305,0.0,0.0,-1,rejected,0.0
_:b127,Game,0.09301534662324132,0.16110953903857453,0.0,False,AtomList,GameElementResource,0.07441227729859305,0.0,0.0,-1,rejected,0.0
_:b209,Quizventure,0.09301534662324132,0.16110953903857453,0.0,False,AtomList,GameElementResource,0.07441227729859305,0.0,0.0,-1,rejected,0.0
_:b127,Quizventure,0.09301534662324132,0.16110953903857453,0.0,False,AtomList,GameElementResource,0.07441227729859305,0.0,0.0,-1,rejected,0.0
_:b109,Block_Game,0.09301534662324132,0.16110953903857453,0.0,False,AtomList,GameElementResource,0.07441227729859305,0.0,0.0,-1,rejected,0.0
_:b109,Game,0.09301534662324132,0.16110953903857453,0.0,False,AtomList,GameElementResource,0.07441227729859305,0.0,0.0,-1,rejected,0.0
_:b118,Game,0.09301534662324132,0.16110953903857453,0.0,False,AtomList,GameElementResource,0.07441227729859305,0.0,0.0,-1,rejected,0.0
_:b118,Block_Game,0.09301534662324132,0.16110953903857453,0.0,False,AtomList,GameElementResource,0.07441227729859305,0.0,0.0,-1,rejected,0.0
_:b200,Block_Game,0.09301534662324132,0.16110953903857453,0.0,False,AtomList,GameElementResource,0.07441227729859305,0.0,0.0,-1,rejected,0.0
_:b75,Block_Game,0.09301534662324132,0.16110953903857453,0.0,False,AtomList,GameElementResource,0.07441227729859305,0.0,0.0,-1,rejected,0.0
_:b138,Game,0.09301534662324132,0.16110953903857453,0.0,False,AtomList,GameElementResource,0.07441227729859305,0.0,0.0,-1,rejected,0.0
_:b138,Block_Game,0.09301534662324132,0.16110953903857453,0.0,False,AtomList,GameElementResource,0.07441227729859305,0.0,0.0,-1,rejected,0.0
_:b276,Quizventure,0.09301534662324132,0.16110953903857453,0.0,False,AtomList,GameElementResource,0.07441227729859305,0.0,0.0,-1,rejected,0.0
_:b118,Interactive_Content_–_H5P,0.09301534662324132,0.16110953903857453,0.0,False,AtomList,GameElementResource,0.07441227729859305,0.0,0.0,-1,rejected,0.0
_:b75,Interactive_Content_–_H5P,0.09301534662324132,0.16110953903857453,0.0,False,AtomList,GameElementResource,0.07441227729859305,0.0,0.0,-1,rejected,0.0
_:b75,Game,0.09301534662324132,0.16110953903857453,0.0,False,AtomList,GameElementResource,0.07441227729859305,0.0,0.0,-1,rejected,0.0
_:b75,Quizventure,0.09301534662324132,0.16110953903857453,0.0,False,AtomList,GameElementResource,0.07441227729859305,0.0,0.0,-1,rejected,0.0
_:b109,Quizventure,0.09301534662324132,0.16110953903857453,0.0,False,AtomList,GameElementResource,0.07441227729859305,0.0,0.0,-1,rejected,0.0
_:b167,Interactive_Content_–_H5P,0.09301534662324132,0.16110953903857453,0.0,False,AtomList,GameElementResource,0.07441227729859305,0.0,0.0,-1,rejected,0.0
_:b276,Block_Game,0.09301534662324132,0.16110953903857453,0.0,False,AtomList,GameElementResource,0.07441227729859305,0.0,0.0,-1,rejected,0.0
_:b276,Game,0.09301534662324132,0.16110953903857453,0.0,False,AtomList,GameElementResource,0.07441227729859305,0.0,0.0,-1,rejected,0.0
_:b276,Interactive_Content_–_H5P,0.09301534662324132,0.16110953903857453,0.0,False,AtomList,GameElementResource,0.07441227729859305,0.0,0.0,-1,rejected,0.0
_:b139,Interactive_Content_–_H5P,0.09301533470231237,0.16110951242968272,0.0,False,AtomList,GameElementResource,0.07441226776184989,0.0,0.0,-1,rejected,0.0
_:b149,Block_Game,0.09301533470231237,0.16110951242968272,0.0,False,AtomList,GameElementResource,0.07441226776184989,0.0,0.0,-1,rejected,0.0
_:b210,Quizventure,0.09301533470231237,0.16110951242968272,0.0,False,AtomList,GameElementResource,0.07441226776184989,0.0,0.0,-1,rejected,0.0
_:b149,Game,0.09301533470231237,0.16110951242968272,0.0,False,AtomList,GameElementResource,0.07441226776184989,0.0,0.0,-1,rejected,0.0
_:b149,Interactive_Content_–_H5P,0.09301533470231237,0.16110951242968272,0.0,False,AtomList,GameElementResource,0.07441226776184989,0.0,0.0,-1,rejected,0.0
_:b149,Quizventure,0.09301533470231237,0.16110951242968272,0.0,False,AtomList,GameElementResource,0.07441226776184989,0.0,0.0,-1,rejected,0.0
_:b128,Block_Game,0.09301533470231237,0.16110951242968272,0.0,False,AtomList,GameElementResource,0.07441226776184989,0.0,0.0,-1,rejected,0.0
_:b221,Block_Game,0.09301533470231237,0.16110951242968272,0.0,False,AtomList,GameElementResource,0.07441226776184989,0.0,0.0,-1,rejected,0.0
_:b139,Block_Game,0.09301533470231237,0.16110951242968272,0.0,False,AtomList,GameElementResource,0.07441226776184989,0.0,0.0,-1,rejected,0.0
_:b221,Game,0.09301533470231237,0.16110951242968272,0.0,False,AtomList,GameElementResource,0.07441226776184989,0.0,0.0,-1,rejected,0.0
_:b221,Interactive_Content_–_H5P,0.09301533470231237,0.16110951242968272,0.0,False,AtomList,GameElementResource,0.07441226776184989,0.0,0.0,-1,rejected,0.0
_:b221,Quizventure,0.09301533470231237,0.16110951242968272,0.0,False,AtomList,GameElementResource,0.07441226776184989,0.0,0.0,-1,rejected,0.0
_:b210,Block_Game,0.09301533470231237,0.16110951242968272,0.0,False,AtomList,GameElementResource,0.07441226776184989,0.0,0.0,-1,rejected,0.0
_:b210,Game,0.09301533470231237,0.16110951242968272,0.0,False,AtomList,GameElementResource,0.07441226776184989,0.0,0.0,-1,rejected,0.0
_:b210,Interactive_Content_–_H5P,0.09301533470231237,0.16110951242968272,0.0,False,AtomList,GameElementResource,0.07441226776184989,0.0,0.0,-1,rejected,0.0
_:b139,Game,0.09301533470231237,0.16110951242968272,0.0,False,AtomList,GameElementResource,0.07441226776184989,0.0,0.0,-1,rejected,0.0
_:b139,Quizventure,0.09301533470231237,0.16110951242968272,0.0,False,AtomList,GameElementResource,0.07441226776184989,0.0,0.0,-1,rejected,0.0
_:b128,Game,0.09301533470231237,0.16110951242968272,0.0,False,AtomList,GameElementResource,0.07441226776184989,0.0,0.0,-1,rejected,0.0
_:b128,Interactive_Content_–_H5P,0.09301533470231237,0.16110951242968272,0.0,False,AtomList,GameElementResource,0.07441226776184989,0.0,0.0,-1,rejected,0.0
_:b128,Quizventure,0.09301533470231237,0.16110951242968272,0.0,False,AtomList,GameElementResource,0.07441226776184989,0.0,0.0,-1,rejected,0.0
_:b266,Interactive_Content_–_H5P,0.0930153287418479,0.1611094991252368,0.0,False,AtomList,GameElementResource,0.07441226299347832,0.0,0.0,-1,rejected,0.0
_:b266,Quizventure,0.0930153287418479,0.1611094991252368,0.0,False,AtomList,GameElementResource,0.07441226299347832,0.0,0.0,-1,rejected,0.0
_:b247,Block_Game,0.0930153287418479,0.1611094991252368,0.0,False,AtomList,GameElementResource,0.07441226299347832,0.0,0.0,-1,rejected,0.0
_:b247,Game,0.0930153287418479,0.1611094991252368,0.0,False,AtomList,GameElementResource,0.07441226299347832,0.0,0.0,-1,rejected,0.0
_:b201,Block_Game,0.0930153287418479,0.1611094991252368,0.0,False,AtomList,GameElementResource,0.07441226299347832,0.0,0.0,-1,rejected,0.0
_:b201,Game,0.0930153287418479,0.1611094991252368,0.0,False,AtomList,GameElementResource,0.07441226299347832,0.0,0.0,-1,rejected,0.0
_:b201,Interactive_Content_–_H5P,0.0930153287418479,0.1611094991252368,0.0,False,AtomList,GameElementResource,0.07441226299347832,0.0,0.0,-1,rejected,0.0
_:b201,Quizventure,0.0930153287418479,0.1611094991252368,0.0,False,AtomList,GameElementResource,0.07441226299347832,0.0,0.0,-1,rejected,0.0
_:b247,Interactive_Content_–_H5P,0.0930153287418479,0.1611094991252368,0.0,False,AtomList,GameElementResource,0.07441226299347832,0.0,0.0,-1,rejected,0.0
_:b247,Quizventure,0.0930153287418479,0.1611094991252368,0.0,False,AtomList,GameElementResource,0.07441226299347832,0.0,0.0,-1,rejected,0.0
_:b150,Block_Game,0.0930153287418479,0.1611094991252368,0.0,False,AtomList,GameElementResource,0.07441226299347832,0.0,0.0,-1,rejected,0.0
_:b110,Block_Game,0.0930153287418479,0.1611094991252368,0.0,False,AtomList,GameElementResource,0.07441226299347832,0.0,0.0,-1,rejected,0.0
_:b110,Game,0.0930153287418479,0.1611094991252368,0.0,False,AtomList,GameElementResource,0.07441226299347832,0.0,0.0,-1,rejected,0.0
_:b110,Interactive_Content_–_H5P,0.0930153287418479,0.1611094991252368,0.0,False,AtomList,GameElementResource,0.07441226299347832,0.0,0.0,-1,rejected,0.0
_:b168,Block_Game,0.0930153287418479,0.1611094991252368,0.0,False,AtomList,GameElementResource,0.07441226299347832,0.0,0.0,-1,rejected,0.0
_:b168,Game,0.0930153287418479,0.1611094991252368,0.0,False,AtomList,GameElementResource,0.07441226299347832,0.0,0.0,-1,rejected,0.0
_:b168,Interactive_Content_–_H5P,0.0930153287418479,0.1611094991252368,0.0,False,AtomList,GameElementResource,0.07441226299347832,0.0,0.0,-1,rejected,0.0
_:b168,Quizventure,0.0930153287418479,0.1611094991252368,0.0,False,AtomList,GameElementResource,0.07441226299347832,0.0,0.0,-1,rejected,0.0
_:b110,Quizventure,0.0930153287418479,0.1611094991252368,0.0,False,AtomList,GameElementResource,0.07441226299347832,0.0,0.0,-1,rejected,0.0
_:b150,Interactive_Content_–_H5P,0.0930153287418479,0.1611094991252368,0.0,False,AtomList,GameElementResource,0.07441226299347832,0.0,0.0,-1,rejected,0.0
_:b150,Quizventure,0.0930153287418479,0.1611094991252368,0.0,False,AtomList,GameElementResource,0.07441226299347832,0.0,0.0,-1,rejected,0.0
_:b76,Quizventure,0.0930153287418479,0.1611094991252368,0.0,False,AtomList,GameElementResource,0.07441226299347832,0.0,0.0,-1,rejected,0.0
_:b266,Block_Game,0.0930153287418479,0.1611094991252368,0.0,False,AtomList,GameElementResource,0.07441226299347832,0.0,0.0,-1,rejected,0.0
_:b87,Block_Game,0.0930153287418479,0.1611094991252368,0.0,False,AtomList,GameElementResource,0.07441226299347832,0.0,0.0,-1,rejected,0.0
_:b87,Game,0.0930153287418479,0.1611094991252368,0.0,False,AtomList,GameElementResource,0.07441226299347832,0.0,0.0,-1,rejected,0.0
_:b87,Interactive_Content_–_H5P,0.0930153287418479,0.1611094991252368,0.0,False,AtomList,GameElementResource,0.07441226299347832,0.0,0.0,-1,rejected,0.0
_:b87,Quizventure,0.0930153287418479,0.1611094991252368,0.0,False,AtomList,GameElementResource,0.07441226299347832,0.0,0.0,-1,rejected,0.0
_:b157,Block_Game,0.0930153287418479,0.1611094991252368,0.0,False,AtomList,GameElementResource,0.07441226299347832,0.0,0.0,-1,rejected,0.0
_:b157,Interactive_Content_–_H5P,0.0930153287418479,0.1611094991252368,0.0,False,AtomList,GameElementResource,0.07441226299347832,0.0,0.0,-1,rejected,0.0
_:b76,Interactive_Content_–_H5P,0.0930153287418479,0.1611094991252368,0.0,False,AtomList,GameElementResource,0.07441226299347832,0.0,0.0,-1,rejected,0.0
_:b241,Game,0.0930153287418479,0.1611094991252368,0.0,False,AtomList,GameElementResource,0.07441226299347832,0.0,0.0,-1,rejected,0.0
_:b179,Game,0.0930153287418479,0.1611094991252368,0.0,False,AtomList,GameElementResource,0.07441226299347832,0.0,0.0,-1,rejected,0.0
_:b157,Game,0.0930153287418479,0.1611094991252368,0.0,False,AtomList,GameElementResource,0.07441226299347832,0.0,0.0,-1,rejected,0.0
_:b65,Quizventure,0.0930153287418479,0.1611094991252368,0.0,False,AtomList,GameElementResource,0.07441226299347832,0.0,0.0,-1,rejected,0.0
_:b277,Block_Game,0.0930153287418479,0.1611094991252368,0.0,False,AtomList,GameElementResource,0.07441226299347832,0.0,0.0,-1,rejected,0.0
_:b277,Game,0.0930153287418479,0.1611094991252368,0.0,False,AtomList,GameElementResource,0.07441226299347832,0.0,0.0,-1,rejected,0.0
_:b119,Block_Game,0.0930153287418479,0.1611094991252368,0.0,False,AtomList,GameElementResource,0.07441226299347832,0.0,0.0,-1,rejected,0.0
_:b119,Game,0.0930153287418479,0.1611094991252368,0.0,False,AtomList,GameElementResource,0.07441226299347832,0.0,0.0,-1,rejected,0.0
_:b119,Interactive_Content_–_H5P,0.0930153287418479,0.1611094991252368,0.0,False,AtomList,GameElementResource,0.07441226299347832,0.0,0.0,-1,rejected,0.0
_:b119,Quizventure,0.0930153287418479,0.1611094991252368,0.0,False,AtomList,GameElementResource,0.07441226299347832,0.0,0.0,-1,rejected,0.0
_:b241,Interactive_Content_–_H5P,0.0930153287418479,0.1611094991252368,0.0,False,AtomList,GameElementResource,0.07441226299347832,0.0,0.0,-1,rejected,0.0
_:b241,Quizventure,0.0930153287418479,0.1611094991252368,0.0,False,AtomList,GameElementResource,0.07441226299347832,0.0,0.0,-1,rejected,0.0
_:b242,Block_Game,0.0930153287418479,0.1611094991252368,0.0,False,AtomList,GameElementResource,0.07441226299347832,0.0,0.0,-1,rejected,0.0
_:b242,Game,0.0930153287418479,0.1611094991252368,0.0,False,AtomList,GameElementResource,0.07441226299347832,0.0,0.0,-1,rejected,0.0
_:b242,Interactive_Content_–_H5P,0.0930153287418479,0.1611094991252368,0.0,False,AtomList,GameElementResource,0.07441226299347832,0.0,0.0,-1,rejected,0.0
_:b242,Quizventure,0.0930153287418479,0.1611094991252368,0.0,False,AtomList,GameElementResource,0.07441226299347832,0.0,0.0,-1,rejected,0.0
_:b277,Interactive_Content_–_H5P,0.0930153287418479,0.1611094991252368,0.0,False,AtomList,GameElementResource,0.07441226299347832,0.0,0.0,-1,rejected,0.0
_:b277,Quizventure,0.0930153287418479,0.1611094991252368,0.0,False,AtomList,GameElementResource,0.07441226299347832,0.0,0.0,-1,rejected,0.0
_:b150,Game,0.0930153287418479,0.1611094991252368,0.0,False,AtomList,GameElementResource,0.07441226299347832,0.0,0.0,-1,rejected,0.0
_:b179,Interactive_Content_–_H5P,0.0930153287418479,0.1611094991252368,0.0,False,AtomList,GameElementResource,0.07441226299347832,0.0,0.0,-1,rejected,0.0
_:b179,Quizventure,0.0930153287418479,0.1611094991252368,0.0,False,AtomList,GameElementResource,0.07441226299347832,0.0,0.0,-1,rejected,0.0
_:b65,Block_Game,0.0930153287418479,0.1611094991252368,0.0,False,AtomList,GameElementResource,0.07441226299347832,0.0,0.0,-1,rejected,0.0
_:b157,Quizventure,0.0930153287418479,0.1611094991252368,0.0,False,AtomList,GameElementResource,0.07441226299347832,0.0,0.0,-1,rejected,0.0
_:b241,Block_Game,0.0930153287418479,0.1611094991252368,0.0,False,AtomList,GameElementResource,0.07441226299347832,0.0,0.0,-1,rejected,0.0
_:b65,Game,0.0930153287418479,0.1611094991252368,0.0,False,AtomList,GameElementResource,0.07441226299347832,0.0,0.0,-1,rejected,0.0
_:b65,Interactive_Content_–_H5P,0.0930153287418479,0.1611094991252368,0.0,False,AtomList,GameElementResource,0.07441226299347832,0.0,0.0,-1,rejected,0.0
_:b76,Block_Game,0.0930153287418479,0.1611094991252368,0.0,False,AtomList,GameElementResource,0.07441226299347832,0.0,0.0,-1,rejected,0.0
_:b76,Game,0.0930153287418479,0.1611094991252368,0.0,False,AtomList,GameElementResource,0.07441226299347832,0.0,0.0,-1,rejected,0.0
_:b266,Game,0.0930153287418479,0.1611094991252368,0.0,False,AtomList,GameElementResource,0.07441226299347832,0.0,0.0,-1,rejected,0.0
_:b179,Block_Game,0.0930153287418479,0.1611094991252368,0.0,False,AtomList,GameElementResource,0.07441226299347832,0.0,0.0,-1,rejected,0.0
_:b4,bonusPoints,0.09299571976182659,0.16090749147457978,0.0,False,Restriction,BonusPoints,0.07439657580946128,0.0,0.0,-1,rejected,0.0
_:b1,bonusPoints,0.09299571976182659,0.16090749147457978,0.0,False,Restriction,BonusPoints,0.07439657580946128,0.0,0.0,-1,rejected,0.0
_:b0,bonusPoints,0.09299571976182659,0.16090749147457978,0.0,False,Restriction,BonusPoints,0.07439657580946128,0.0,0.0,-1,rejected,0.0
_:b3,bonusPoints,0.09299571976182659,0.16090749147457978,0.0,False,Restriction,BonusPoints,0.07439657580946128,0.0,0.0,-1,rejected,0.0
tbox,Interactive_Content_–_H5P,0.09268261561057384,0.16162036557661769,0.0,False,Ontology,GameElementResource,0.07414609248845908,0.0,0.0,-1,rejected,0.0
tbox,Block_Game,0.09268261561057384,0.16162036557661769,0.0,False,Ontology,GameElementResource,0.07414609248845908,0.0,0.0,-1,rejected,0.0
tbox,Game,0.09268261561057384,0.16162036557661769,0.0,False,Ontology,GameElementResource,0.07414609248845908,0.0,0.0,-1,rejected,0.0
tbox,Quizventure,0.09268261561057384,0.16162036557661769,0.0,False,Ontology,GameElementResource,0.07414609248845908,0.0,0.0,-1,rejected,0.0
_:b104,Block_Game,0.09268245757998644,0.16162044094270056,0.0,False,BuiltinAtom,GameElementResource,0.07414596606398915,0.0,0.0,-1,rejected,0.0
_:b104,Quizventure,0.09268245757998644,0.16162044094270056,0.0,False,BuiltinAtom,GameElementResource,0.07414596606398915,0.0,0.0,-1,rejected,0.0
_:b104,Interactive_Content_–_H5P,0.09268245757998644,0.16162044094270056,0.0,False,BuiltinAtom,GameElementResource,0.07414596606398915,0.0,0.0,-1,rejected,0.0
_:b104,Game,0.09268245757998644,0.16162044094270056,0.0,False,BuiltinAtom,GameElementResource,0.07414596606398915,0.0,0.0,-1,rejected,0.0
_:b261,Block_Game,0.092682250603433,0.16162055577214718,0.0,False,List,GameElementResource,0.07414580048274641,0.0,0.0,-1,rejected,0.0
_:b261,Game,0.092682250603433,0.16162055577214718,0.0,False,List,GameElementResource,0.07414580048274641,0.0,0.0,-1,rejected,0.0
_:b261,Interactive_Content_–_H5P,0.092682250603433,0.16162055577214718,0.0,False,List,GameElementResource,0.07414580048274641,0.0,0.0,-1,rejected,0.0
_:b261,Quizventure,0.092682250603433,0.16162055577214718,0.0,False,List,GameElementResource,0.07414580048274641,0.0,0.0,-1,rejected,0.0
_:b260,Quizventure,0.09268174443710378,0.16162078104880553,0.0,False,List,GameElementResource,0.07414539554968302,0.0,0.0,-1,rejected,0.0
_:b260,Game,0.09268174443710378,0.16162078104880553,0.0,False,List,GameElementResource,0.07414539554968302,0.0,0.0,-1,rejected,0.0
_:b260,Interactive_Content_–_H5P,0.09268174443710378,0.16162078104880553,0.0,False,List,GameElementResource,0.07414539554968302,0.0,0.0,-1,rejected,0.0
_:b260,Block_Game,0.09268174443710378,0.16162078104880553,0.0,False,List,GameElementResource,0.07414539554968302,0.0,0.0,-1,rejected,0.0
_:b258,Interactive_Content_–_H5P,0.09268056910038258,0.1616213415891428,0.0,False,BuiltinAtom,GameElementResource,0.07414445528030607,0.0,0.0,-1,rejected,0.0
_:b258,Quizventure,0.09268056910038258,0.1616213415891428,0.0,False,BuiltinAtom,GameElementResource,0.07414445528030607,0.0,0.0,-1,rejected,0.0
_:b258,Game,0.09268056910038258,0.1616213415891428,0.0,False,BuiltinAtom,GameElementResource,0.07414445528030607,0.0,0.0,-1,rejected,0.0
_:b258,Block_Game,0.09268056910038258,0.1616213415891428,0.0,False,BuiltinAtom,GameElementResource,0.07414445528030607,0.0,0.0,-1,rejected,0.0
_:b197,Block_Game,0.09267845873730171,0.16162236420876758,0.0,False,List,GameElementResource,0.07414276698984137,0.0,0.0,-1,rejected,0.0
_:b197,Quizventure,0.09267845873730171,0.16162236420876758,0.0,False,List,GameElementResource,0.07414276698984137,0.0,0.0,-1,rejected,0.0
_:b197,Interactive_Content_–_H5P,0.09267845873730171,0.16162236420876758,0.0,False,List,GameElementResource,0.07414276698984137,0.0,0.0,-1,rejected,0.0
_:b197,Game,0.09267845873730171,0.16162236420876758,0.0,False,List,GameElementResource,0.07414276698984137,0.0,0.0,-1,rejected,0.0
_:b284,Quizventure,0.09267781284723678,0.16162267226118396,0.0,False,List,GameElementResource,0.07414225027778942,0.0,0.0,-1,rejected,0.0
_:b83,Interactive_Content_–_H5P,0.09267781284723678,0.16162267226118396,0.0,False,List,GameElementResource,0.07414225027778942,0.0,0.0,-1,rejected,0.0
_:b83,Game,0.09267781284723678,0.16162267226118396,0.0,False,List,GameElementResource,0.07414225027778942,0.0,0.0,-1,rejected,0.0
_:b284,Interactive_Content_–_H5P,0.09267781284723678,0.16162267226118396,0.0,False,List,GameElementResource,0.07414225027778942,0.0,0.0,-1,rejected,0.0
_:b72,Block_Game,0.09267781284723678,0.16162267226118396,0.0,False,List,GameElementResource,0.07414225027778942,0.0,0.0,-1,rejected,0.0
_:b72,Game,0.09267781284723678,0.16162267226118396,0.0,False,List,GameElementResource,0.07414225027778942,0.0,0.0,-1,rejected,0.0
_:b83,Block_Game,0.09267781284723678,0.16162267226118396,0.0,False,List,GameElementResource,0.07414225027778942,0.0,0.0,-1,rejected,0.0
_:b72,Quizventure,0.09267781284723678,0.16162267226118396,0.0,False,List,GameElementResource,0.07414225027778942,0.0,0.0,-1,rejected,0.0
_:b72,Interactive_Content_–_H5P,0.09267781284723678,0.16162267226118396,0.0,False,List,GameElementResource,0.07414225027778942,0.0,0.0,-1,rejected,0.0
_:b284,Block_Game,0.09267781284723678,0.16162267226118396,0.0,False,List,GameElementResource,0.07414225027778942,0.0,0.0,-1,rejected,0.0
_:b284,Game,0.09267781284723678,0.16162267226118396,0.0,False,List,GameElementResource,0.07414225027778942,0.0,0.0,-1,rejected,0.0
_:b83,Quizventure,0.09267781284723678,0.16162267226118396,0.0,False,List,GameElementResource,0.07414225027778942,0.0,0.0,-1,rejected,0.0
_:b196,Game,0.09267283311473609,0.16162503129531042,0.0,False,List,GameElementResource,0.07413826649178888,0.0,0.0,-1,rejected,0.0
_:b196,Interactive_Content_–_H5P,0.09267283311473609,0.16162503129531042,0.0,False,List,GameElementResource,0.07413826649178888,0.0,0.0,-1,rejected,0.0
_:b196,Block_Game,0.09267283311473609,0.16162503129531042,0.0,False,List,GameElementResource,0.07413826649178888,0.0,0.0,-1,rejected,0.0
_:b196,Quizventure,0.09267283311473609,0.16162503129531042,0.0,False,List,GameElementResource,0.07413826649178888,0.0,0.0,-1,rejected,0.0
_:b283,Game,0.09267131518411344,0.16162575533240356,0.0,False,List,GameElementResource,0.07413705214729076,0.0,0.0,-1,rejected,0.0
_:b82,Game,0.09267131518411344,0.16162575533240356,0.0,False,List,GameElementResource,0.07413705214729076,0.0,0.0,-1,rejected,0.0
_:b283,Interactive_Content_–_H5P,0.09267131518411344,0.16162575533240356,0.0,False,List,GameElementResource,0.07413705214729076,0.0,0.0,-1,rejected,0.0
_:b283,Quizventure,0.09267131518411344,0.16162575533240356,0.0,False,List,GameElementResource,0.07413705214729076,0.0,0.0,-1,rejected,0.0
_:b283,Block_Game,0.09267131518411344,0.16162575533240356,0.0,False,List,GameElementResource,0.07413705214729076,0.0,0.0,-1,rejected,0.0
_:b71,Quizventure,0.09267131518411344,0.16162575533240356,0.0,False,List,GameElementResource,0.07413705214729076,0.0,0.0,-1,rejected,0.0
_:b71,Block_Game,0.09267131518411344,0.16162575533240356,0.0,False,List,GameElementResource,0.07413705214729076,0.0,0.0,-1,rejected,0.0
_:b71,Interactive_Content_–_H5P,0.09267131518411344,0.16162575533240356,0.0,False,List,GameElementResource,0.07413705214729076,0.0,0.0,-1,rejected,0.0
_:b71,Game,0.09267131518411344,0.16162575533240356,0.0,False,List,GameElementResource,0.07413705214729076,0.0,0.0,-1,rejected,0.0
_:b82,Interactive_Content_–_H5P,0.09267131518411344,0.16162575533240356,0.0,False,List,GameElementResource,0.07413705214729076,0.0,0.0,-1,rejected,0.0
_:b82,Block_Game,0.09267131518411344,0.16162575533240356,0.0,False,List,GameElementResource,0.07413705214729076,0.0,0.0,-1,rejected,0.0
_:b82,Quizventure,0.09267131518411344,0.16162575533240356,0.0,False,List,GameElementResource,0.07413705214729076,0.0,0.0,-1,rejected,0.0
_:b195,Game,0.09265963456078437,0.16163134358887027,0.0,False,BuiltinAtom,GameElementResource,0.0741277076486275,0.0,0.0,-1,rejected,0.0
_:b195,Quizventure,0.09265963456078437,0.16163134358887027,0.0,False,BuiltinAtom,GameElementResource,0.0741277076486275,0.0,0.0,-1,rejected,0.0
_:b195,Block_Game,0.09265963456078437,0.16163134358887027,0.0,False,BuiltinAtom,GameElementResource,0.0741277076486275,0.0,0.0,-1,rejected,0.0
_:b195,Interactive_Content_–_H5P,0.09265963456078437,0.16163134358887027,0.0,False,BuiltinAtom,GameElementResource,0.0741277076486275,0.0,0.0,-1,rejected,0.0
_:b81,Quizventure,0.09265606895283293,0.16163304474109924,0.0,False,BuiltinAtom,GameElementResource,0.07412485516226634,0.0,0.0,-1,rejected,0.0
_:b81,Block_Game,0.09265606895283293,0.16163304474109924,0.0,False,BuiltinAtom,GameElementResource,0.07412485516226634,0.0,0.0,-1,rejected,0.0
_:b70,Game,0.09265606895283293,0.16163304474109924,0.0,False,BuiltinAtom,GameElementResource,0.07412485516226634,0.0,0.0,-1,rejected,0.0
_:b81,Game,0.09265606895283293,0.16163304474109924,0.0,False,BuiltinAtom,GameElementResource,0.07412485516226634,0.0,0.0,-1,rejected,0.0
_:b70,Block_Game,0.09265606895283293,0.16163304474109924,0.0,False,BuiltinAtom,GameElementResource,0.07412485516226634,0.0,0.0,-1,rejected,0.0
_:b70,Quizventure,0.09265606895283293,0.16163304474109924,0.0,False,BuiltinAtom,GameElementResource,0.07412485516226634,0.0,0.0,-1,rejected,0.0
_:b162,Game,0.09265606895283293,0.16163304474109924,0.0,False,BuiltinAtom,GameElementResource,0.07412485516226634,0.0,0.0,-1,rejected,0.0
_:b162,Quizventure,0.09265606895283293,0.16163304474109924,0.0,False,BuiltinAtom,GameElementResource,0.07412485516226634,0.0,0.0,-1,rejected,0.0
_:b162,Interactive_Content_–_H5P,0.09265606895283293,0.16163304474109924,0.0,False,BuiltinAtom,GameElementResource,0.07412485516226634,0.0,0.0,-1,rejected,0.0
_:b162,Block_Game,0.09265606895283293,0.16163304474109924,0.0,False,BuiltinAtom,GameElementResource,0.07412485516226634,0.0,0.0,-1,rejected,0.0
_:b81,Interactive_Content_–_H5P,0.09265606895283293,0.16163304474109924,0.0,False,BuiltinAtom,GameElementResource,0.07412485516226634,0.0,0.0,-1,rejected,0.0
_:b184,Quizventure,0.09265606895283293,0.16163304474109924,0.0,False,BuiltinAtom,GameElementResource,0.07412485516226634,0.0,0.0,-1,rejected,0.0
_:b282,Block_Game,0.09265606895283293,0.16163304474109924,0.0,False,BuiltinAtom,GameElementResource,0.07412485516226634,0.0,0.0,-1,rejected,0.0
_:b184,Interactive_Content_–_H5P,0.09265606895283293,0.16163304474109924,0.0,False,BuiltinAtom,GameElementResource,0.07412485516226634,0.0,0.0,-1,rejected,0.0
_:b282,Interactive_Content_–_H5P,0.09265606895283293,0.16163304474109924,0.0,False,BuiltinAtom,GameElementResource,0.07412485516226634,0.0,0.0,-1,rejected,0.0
_:b173,Quizventure,0.09265606895283293,0.16163304474109924,0.0,False,BuiltinAtom,GameElementResource,0.07412485516226634,0.0,0.0,-1,rejected,0.0
_:b173,Interactive_Content_–_H5P,0.09265606895283293,0.16163304474109924,0.0,False,BuiltinAtom,GameElementResource,0.07412485516226634,0.0,0.0,-1,rejected,0.0
_:b173,Block_Game,0.09265606895283293,0.16163304474109924,0.0,False,BuiltinAtom,GameElementResource,0.07412485516226634,0.0,0.0,-1,rejected,0.0
_:b282,Quizventure,0.09265606895283293,0.16163304474109924,0.0,False,BuiltinAtom,GameElementResource,0.07412485516226634,0.0,0.0,-1,rejected,0.0
_:b70,Interactive_Content_–_H5P,0.09265606895283293,0.16163304474109924,0.0,False,BuiltinAtom,GameElementResource,0.07412485516226634,0.0,0.0,-1,rejected,0.0
_:b173,Game,0.09265606895283293,0.16163304474109924,0.0,False,BuiltinAtom,GameElementResource,0.07412485516226634,0.0,0.0,-1,rejected,0.0
_:b184,Block_Game,0.09265606895283293,0.16163304474109924,0.0,False,BuiltinAtom,GameElementResource,0.07412485516226634,0.0,0.0,-1,rejected,0.0
_:b184,Game,0.09265606895283293,0.16163304474109924,0.0,False,BuiltinAtom,GameElementResource,0.07412485516226634,0.0,0.0,-1,rejected,0.0
_:b282,Game,0.09265606895283293,0.16163304474109924,0.0,False,BuiltinAtom,GameElementResource,0.07412485516226634,0.0,0.0,-1,rejected,0.0
designedWithObjective,Game,0.09251867983503316,0.16169868429184628,0.0,False,TransitiveProperty,GameElementResource,0.07401494386802653,0.0,0.0,-1,rejected,0.0
designedWithObjective,Quizventure,0.09251867983503316,0.16169868429184628,0.0,False,TransitiveProperty,GameElementResource,0.07401494386802653,0.0,0.0,-1,rejected,0.0
designedWithObjective,Interactive_Content_–_H5P,0.09251867983503316,0.16169868429184628,0.0,False,TransitiveProperty,GameElementResource,0.07401494386802653,0.0,0.0,-1,rejected,0.0
designedWithObjective,Block_Game,0.09251867983503316,0.16169868429184628,0.0,False,TransitiveProperty,GameElementResource,0.07401494386802653,0.0,0.0,-1,rejected,0.0
_:b102,Interactive_Content_–_H5P,0.09248060697565991,0.16120751641085626,0.0,False,DatavaluedPropertyAtom,GameElementResource,0.07398448558052793,0.0,0.0,-1,rejected,0.0
_:b102,Quizventure,0.09248060697565991,0.16120751641085626,0.0,False,DatavaluedPropertyAtom,GameElementResource,0.07398448558052793,0.0,0.0,-1,rejected,0.0
_:b102,Game,0.09248060697565991,0.16120751641085626,0.0,False,DatavaluedPropertyAtom,GameElementResource,0.07398448558052793,0.0,0.0,-1,rejected,0.0
_:b102,Block_Game,0.09248060697565991,0.16120751641085626,0.0,False,DatavaluedPropertyAtom,GameElementResource,0.07398448558052793,0.0,0.0,-1,rejected,0.0
_:b100,Game,0.09248025010173434,0.16120771315347443,0.0,False,DatavaluedPropertyAtom,GameElementResource,0.07398420008138748,0.0,0.0,-1,rejected,0.0
_:b100,Block_Game,0.09248025010173434,0.16120771315347443,0.0,False,DatavaluedPropertyAtom,GameElementResource,0.07398420008138748,0.0,0.0,-1,rejected,0.0
_:b100,Quizventure,0.09248025010173434,0.16120771315347443,0.0,False,DatavaluedPropertyAtom,GameElementResource,0.07398420008138748,0.0,0.0,-1,rejected,0.0
_:b100,Interactive_Content_–_H5P,0.09248025010173434,0.16120771315347443,0.0,False,DatavaluedPropertyAtom,GameElementResource,0.07398420008138748,0.0,0.0,-1,rejected,0.0
_:b273,Block_Game,0.09247281514785599,0.16121182872992387,0.0,False,DatavaluedPropertyAtom,GameElementResource,0.07397825211828479,0.0,0.0,-1,rejected,0.0
_:b273,Game,0.09247281514785599,0.16121182872992387,0.0,False,DatavaluedPropertyAtom,GameElementResource,0.07397825211828479,0.0,0.0,-1,rejected,0.0
_:b273,Interactive_Content_–_H5P,0.09247281514785599,0.16121182872992387,0.0,False,DatavaluedPropertyAtom,GameElementResource,0.07397825211828479,0.0,0.0,-1,rejected,0.0
_:b273,Quizventure,0.09247281514785599,0.16121182872992387,0.0,False,DatavaluedPropertyAtom,GameElementResource,0.07397825211828479,0.0,0.0,-1,rejected,0.0
_:b27,Block_Game,0.092420135382544,0.16173978811931763,0.0,False,Restriction,GameElementResource,0.0739361083060352,0.0,0.0,-1,rejected,0.0
_:b27,Quizventure,0.092420135382544,0.16173978811931763,0.0,False,Restriction,GameElementResource,0.0739361083060352,0.0,0.0,-1,rejected,0.0
_:b27,Interactive_Content_–_H5P,0.092420135382544,0.16173978811931763,0.0,False,Restriction,GameElementResource,0.0739361083060352,0.0,0.0,-1,rejected,0.0
_:b27,Game,0.092420135382544,0.16173978811931763,0.0,False,Restriction,GameElementResource,0.0739361083060352,0.0,0.0,-1,rejected,0.0
_:b231,Interactive_Content_–_H5P,0.09238418092951187,0.1614581282703606,0.0,False,AtomList,GameElementResource,0.0739073447436095,0.0,0.0,-1,rejected,0.0
_:b232,Quizventure,0.09238418092951187,0.1614581282703606,0.0,False,AtomList,GameElementResource,0.0739073447436095,0.0,0.0,-1,rejected,0.0
_:b189,Block_Game,0.09238418092951187,0.1614581282703606,0.0,False,AtomList,GameElementResource,0.0739073447436095,0.0,0.0,-1,rejected,0.0
_:b231,Block_Game,0.09238418092951187,0.1614581282703606,0.0,False,AtomList,GameElementResource,0.0739073447436095,0.0,0.0,-1,rejected,0.0
_:b231,Quizventure,0.09238418092951187,0.1614581282703606,0.0,False,AtomList,GameElementResource,0.0739073447436095,0.0,0.0,-1,rejected,0.0
_:b189,Interactive_Content_–_H5P,0.09238418092951187,0.1614581282703606,0.0,False,AtomList,GameElementResource,0.0739073447436095,0.0,0.0,-1,rejected,0.0
_:b189,Quizventure,0.09238418092951187,0.1614581282703606,0.0,False,AtomList,GameElementResource,0.0739073447436095,0.0,0.0,-1,rejected,0.0
_:b190,Block_Game,0.09238418092951187,0.1614581282703606,0.0,False,AtomList,GameElementResource,0.0739073447436095,0.0,0.0,-1,rejected,0.0
_:b190,Game,0.09238418092951187,0.1614581282703606,0.0,False,AtomList,GameElementResource,0.0739073447436095,0.0,0.0,-1,rejected,0.0
_:b189,Game,0.09238418092951187,0.1614581282703606,0.0,False,AtomList,GameElementResource,0.0739073447436095,0.0,0.0,-1,rejected,0.0
_:b232,Interactive_Content_–_H5P,0.09238418092951187,0.1614581282703606,0.0,False,AtomList,GameElementResource,0.0739073447436095,0.0,0.0,-1,rejected,0.0
_:b231,Game,0.09238418092951187,0.1614581282703606,0.0,False,AtomList,GameElementResource,0.0739073447436095,0.0,0.0,-1,rejected,0.0
_:b236,Interactive_Content_–_H5P,0.09238418092951187,0.1614581282703606,0.0,False,AtomList,GameElementResource,0.0739073447436095,0.0,0.0,-1,rejected,0.0
_:b237,Quizventure,0.09238418092951187,0.1614581282703606,0.0,False,AtomList,GameElementResource,0.0739073447436095,0.0,0.0,-1,rejected,0.0
_:b237,Game,0.09238418092951187,0.1614581282703606,0.0,False,AtomList,GameElementResource,0.0739073447436095,0.0,0.0,-1,rejected,0.0
_:b236,Block_Game,0.09238418092951187,0.1614581282703606,0.0,False,AtomList,GameElementResource,0.0739073447436095,0.0,0.0,-1,rejected,0.0
_:b237,Interactive_Content_–_H5P,0.09238418092951187,0.1614581282703606,0.0,False,AtomList,GameElementResource,0.0739073447436095,0.0,0.0,-1,rejected,0.0
_:b236,Quizventure,0.09238418092951187,0.1614581282703606,0.0,False,AtomList,GameElementResource,0.0739073447436095,0.0,0.0,-1,rejected,0.0
_:b237,Block_Game,0.09238418092951187,0.1614581282703606,0.0,False,AtomList,GameElementResource,0.0739073447436095,0.0,0.0,-1,rejected,0.0
_:b232,Block_Game,0.09238418092951187,0.1614581282703606,0.0,False,AtomList,GameElementResource,0.0739073447436095,0.0,0.0,-1,rejected,0.0
_:b232,Game,0.09238418092951187,0.1614581282703606,0.0,False,AtomList,GameElementResource,0.0739073447436095,0.0,0.0,-1,rejected,0.0
_:b190,Interactive_Content_–_H5P,0.09238418092951187,0.1614581282703606,0.0,False,AtomList,GameElementResource,0.0739073447436095,0.0,0.0,-1,rejected,0.0
_:b190,Quizventure,0.09238418092951187,0.1614581282703606,0.0,False,AtomList,GameElementResource,0.0739073447436095,0.0,0.0,-1,rejected,0.0
_:b236,Game,0.09238418092951187,0.1614581282703606,0.0,False,AtomList,GameElementResource,0.0739073447436095,0.0,0.0,-1,rejected,0.0
_:b9,Interactive_Content_–_H5P,0.09225450553195866,0.1618192132588555,0.0,False,Restriction,GameElementResource,0.07380360442556692,0.0,0.0,-1,rejected,0.0
_:b13,Block_Game,0.09225450553195866,0.1618192132588555,0.0,False,Restriction,GameElementResource,0.07380360442556692,0.0,0.0,-1,rejected,0.0
_:b9,Game,0.09225450553195866,0.1618192132588555,0.0,False,Restriction,GameElementResource,0.07380360442556692,0.0,0.0,-1,rejected,0.0
_:b13,Interactive_Content_–_H5P,0.09225450553195866,0.1618192132588555,0.0,False,Restriction,GameElementResource,0.07380360442556692,0.0,0.0,-1,rejected,0.0
_:b13,Game,0.09225450553195866,0.1618192132588555,0.0,False,Restriction,GameElementResource,0.07380360442556692,0.0,0.0,-1,rejected,0.0
_:b9,Quizventure,0.09225450553195866,0.1618192132588555,0.0,False,Restriction,GameElementResource,0.07380360442556692,0.0,0.0,-1,rejected,0.0
_:b13,Quizventure,0.09225450553195866,0.1618192132588555,0.0,False,Restriction,GameElementResource,0.07380360442556692,0.0,0.0,-1,rejected,0.0
_:b9,Block_Game,0.09225450553195866,0.1618192132588555,0.0,False,Restriction,GameElementResource,0.07380360442556692,0.0,0.0,-1,rejected,0.0
_:b14,Game,0.09225450553195866,0.1618192132588555,0.0,False,Restriction,GameElementResource,0.07380360442556692,0.0,0.0,-1,rejected,0.0
_:b14,Quizventure,0.09225450553195866,0.1618192132588555,0.0,False,Restriction,GameElementResource,0.07380360442556692,0.0,0.0,-1,rejected,0.0
_:b14,Interactive_Content_–_H5P,0.09225450553195866,0.1618192132588555,0.0,False,Restriction,GameElementResource,0.07380360442556692,0.0,0.0,-1,rejected,0.0
_:b14,Block_Game,0.09225450553195866,0.1618192132588555,0.0,False,Restriction,GameElementResource,0.07380360442556692,0.0,0.0,-1,rejected,0.0
UserGroup,Quizventure,0.09218771280260515,0.16206054867594352,0.0,False,unknown,GameElementResource,0.07375017024208412,0.0,0.0,-1,rejected,0.0
UserGroup,Block_Game,0.09218771280260515,0.16206054867594352,0.0,False,unknown,GameElementResource,0.07375017024208412,0.0,0.0,-1,rejected,0.0
UserGroup,Game,0.09218771280260515,0.16206054867594352,0.0,False,unknown,GameElementResource,0.07375017024208412,0.0,0.0,-1,rejected,0.0
UserGroup,Interactive_Content_–_H5P,0.09218771280260515,0.16206054867594352,0.0,False,unknown,GameElementResource,0.07375017024208412,0.0,0.0,-1,rejected,0.0
_:b10,Game,0.09205239264354485,0.16191641623226272,0.0,False,Restriction,GameElementResource,0.07364191411483588,0.0,0.0,-1,rejected,0.0
_:b10,Block_Game,0.09205239264354485,0.16191641623226272,0.0,False,Restriction,GameElementResource,0.07364191411483588,0.0,0.0,-1,rejected,0.0
_:b10,Quizventure,0.09205239264354485,0.16191641623226272,0.0,False,Restriction,GameElementResource,0.07364191411483588,0.0,0.0,-1,rejected,0.0
_:b10,Interactive_Content_–_H5P,0.09205239264354485,0.16191641623226272,0.0,False,Restriction,GameElementResource,0.07364191411483588,0.0,0.0,-1,rejected,0.0
_:b116,Block_Game,0.091709866489325,0.16164537620551564,0.0,False,DatavaluedPropertyAtom,GameElementResource,0.07336789319146,0.0,0.0,-1,rejected,0.0
_:b116,Game,0.091709866489325,0.16164537620551564,0.0,False,DatavaluedPropertyAtom,GameElementResource,0.07336789319146,0.0,0.0,-1,rejected,0.0
_:b125,Game,0.091709866489325,0.16164537620551564,0.0,False,DatavaluedPropertyAtom,GameElementResource,0.07336789319146,0.0,0.0,-1,rejected,0.0
_:b125,Interactive_Content_–_H5P,0.091709866489325,0.16164537620551564,0.0,False,DatavaluedPropertyAtom,GameElementResource,0.07336789319146,0.0,0.0,-1,rejected,0.0
_:b125,Quizventure,0.091709866489325,0.16164537620551564,0.0,False,DatavaluedPropertyAtom,GameElementResource,0.07336789319146,0.0,0.0,-1,rejected,0.0
_:b125,Block_Game,0.091709866489325,0.16164537620551564,0.0,False,DatavaluedPropertyAtom,GameElementResource,0.07336789319146,0.0,0.0,-1,rejected,0.0
_:b116,Interactive_Content_–_H5P,0.091709866489325,0.16164537620551564,0.0,False,DatavaluedPropertyAtom,GameElementResource,0.07336789319146,0.0,0.0,-1,rejected,0.0
_:b116,Quizventure,0.091709866489325,0.16164537620551564,0.0,False,DatavaluedPropertyAtom,GameElementResource,0.07336789319146,0.0,0.0,-1,rejected,0.0
volume,Quizventure,0.09123535826251099,0.1622908265097774,0.0,False,AnnotationProperty,GameElementResource,0.07298828661000879,0.0,0.0,-1,rejected,0.0
volume,Interactive_Content_–_H5P,0.09123535826251099,0.1622908265097774,0.0,False,AnnotationProperty,GameElementResource,0.07298828661000879,0.0,0.0,-1,rejected,0.0
volume,Game,0.09123535826251099,0.1622908265097774,0.0,False,AnnotationProperty,GameElementResource,0.07298828661000879,0.0,0.0,-1,rejected,0.0
volume,Block_Game,0.09123535826251099,0.1622908265097774,0.0,False,AnnotationProperty,GameElementResource,0.07298828661000879,0.0,0.0,-1,rejected,0.0
_:b198,Interactive_Content_–_H5P,0.09122251086288127,0.16236581409407919,0.0,False,DatavaluedPropertyAtom,GameElementResource,0.07297800869030502,0.0,0.0,-1,rejected,0.0
_:b198,Quizventure,0.09122251086288127,0.16236581409407919,0.0,False,DatavaluedPropertyAtom,GameElementResource,0.07297800869030502,0.0,0.0,-1,rejected,0.0
_:b198,Game,0.09122251086288127,0.16236581409407919,0.0,False,DatavaluedPropertyAtom,GameElementResource,0.07297800869030502,0.0,0.0,-1,rejected,0.0
_:b198,Block_Game,0.09122251086288127,0.16236581409407919,0.0,False,DatavaluedPropertyAtom,GameElementResource,0.07297800869030502,0.0,0.0,-1,rejected,0.0
_:b176,Interactive_Content_–_H5P,0.09120419316034559,0.16237467791891524,0.0,False,DatavaluedPropertyAtom,GameElementResource,0.07296335452827647,0.0,0.0,-1,rejected,0.0
_:b187,Interactive_Content_–_H5P,0.09120419316034559,0.16237467791891524,0.0,False,DatavaluedPropertyAtom,GameElementResource,0.07296335452827647,0.0,0.0,-1,rejected,0.0
_:b165,Quizventure,0.09120419316034559,0.16237467791891524,0.0,False,DatavaluedPropertyAtom,GameElementResource,0.07296335452827647,0.0,0.0,-1,rejected,0.0
_:b165,Block_Game,0.09120419316034559,0.16237467791891524,0.0,False,DatavaluedPropertyAtom,GameElementResource,0.07296335452827647,0.0,0.0,-1,rejected,0.0
_:b176,Block_Game,0.09120419316034559,0.16237467791891524,0.0,False,DatavaluedPropertyAtom,GameElementResource,0.07296335452827647,0.0,0.0,-1,rejected,0.0
_:b187,Quizventure,0.09120419316034559,0.16237467791891524,0.0,False,DatavaluedPropertyAtom,GameElementResource,0.07296335452827647,0.0,0.0,-1,rejected,0.0
_:b165,Game,0.09120419316034559,0.16237467791891524,0.0,False,DatavaluedPropertyAtom,GameElementResource,0.07296335452827647,0.0,0.0,-1,rejected,0.0
_:b176,Quizventure,0.09120419316034559,0.16237467791891524,0.0,False,DatavaluedPropertyAtom,GameElementResource,0.07296335452827647,0.0,0.0,-1,rejected,0.0
_:b176,Game,0.09120419316034559,0.16237467791891524,0.0,False,DatavaluedPropertyAtom,GameElementResource,0.07296335452827647,0.0,0.0,-1,rejected,0.0
_:b165,Interactive_Content_–_H5P,0.09120419316034559,0.16237467791891524,0.0,False,DatavaluedPropertyAtom,GameElementResource,0.07296335452827647,0.0,0.0,-1,rejected,0.0
_:b187,Block_Game,0.09120419316034559,0.16237467791891524,0.0,False,DatavaluedPropertyAtom,GameElementResource,0.07296335452827647,0.0,0.0,-1,rejected,0.0
_:b187,Game,0.09120419316034559,0.16237467791891524,0.0,False,DatavaluedPropertyAtom,GameElementResource,0.07296335452827647,0.0,0.0,-1,rejected,0.0
_:b262,Interactive_Content_–_H5P,0.09109233268913981,0.16237553937130716,0.0,False,ClassAtom,GameElementResource,0.07287386615131185,0.0,0.0,-1,rejected,0.0
_:b262,Block_Game,0.09109233268913981,0.16237553937130716,0.0,False,ClassAtom,GameElementResource,0.07287386615131185,0.0,0.0,-1,rejected,0.0
_:b262,Game,0.09109233268913981,0.16237553937130716,0.0,False,ClassAtom,GameElementResource,0.07287386615131185,0.0,0.0,-1,rejected,0.0
_:b262,Quizventure,0.09109233268913981,0.16237553937130716,0.0,False,ClassAtom,GameElementResource,0.07287386615131185,0.0,0.0,-1,rejected,0.0
_:b98,Game,0.09109127865228055,0.16237606997849358,0.0,False,ClassAtom,GameElementResource,0.07287302292182445,0.0,0.0,-1,rejected,0.0
_:b98,Quizventure,0.09109127865228055,0.16237606997849358,0.0,False,ClassAtom,GameElementResource,0.07287302292182445,0.0,0.0,-1,rejected,0.0
_:b98,Interactive_Content_–_H5P,0.09109127865228055,0.16237606997849358,0.0,False,ClassAtom,GameElementResource,0.07287302292182445,0.0,0.0,-1,rejected,0.0
_:b98,Block_Game,0.09109127865228055,0.16237606997849358,0.0,False,ClassAtom,GameElementResource,0.07287302292182445,0.0,0.0,-1,rejected,0.0
_:b96,Quizventure,0.09108878750438898,0.1623772857846716,0.0,False,ClassAtom,GameElementResource,0.07287103000351118,0.0,0.0,-1,rejected,0.0
_:b96,Game,0.09108878750438898,0.1623772857846716,0.0,False,ClassAtom,GameElementResource,0.07287103000351118,0.0,0.0,-1,rejected,0.0
_:b96,Interactive_Content_–_H5P,0.09108878750438898,0.1623772857846716,0.0,False,ClassAtom,GameElementResource,0.07287103000351118,0.0,0.0,-1,rejected,0.0
_:b96,Block_Game,0.09108878750438898,0.1623772857846716,0.0,False,ClassAtom,GameElementResource,0.07287103000351118,0.0,0.0,-1,rejected,0.0
_:b256,Quizventure,0.0910887815439245,0.1623772724957055,0.0,False,ClassAtom,GameElementResource,0.0728710252351396,0.0,0.0,-1,rejected,0.0
_:b256,Game,0.0910887815439245,0.1623772724957055,0.0,False,ClassAtom,GameElementResource,0.0728710252351396,0.0,0.0,-1,rejected,0.0
_:b256,Interactive_Content_–_H5P,0.0910887815439245,0.1623772724957055,0.0,False,ClassAtom,GameElementResource,0.0728710252351396,0.0,0.0,-1,rejected,0.0
_:b256,Block_Game,0.0910887815439245,0.1623772724957055,0.0,False,ClassAtom,GameElementResource,0.0728710252351396,0.0,0.0,-1,rejected,0.0
_:b115,Quizventure,0.09106917747461926,0.16238685809021844,0.0,False,ClassAtom,GameElementResource,0.07285534197969541,0.0,0.0,-1,rejected,0.0
_:b115,Interactive_Content_–_H5P,0.09106917747461926,0.16238685809021844,0.0,False,ClassAtom,GameElementResource,0.07285534197969541,0.0,0.0,-1,rejected,0.0
_:b133,Interactive_Content_–_H5P,0.09106917747461926,0.16238685809021844,0.0,False,ClassAtom,GameElementResource,0.07285534197969541,0.0,0.0,-1,rejected,0.0
_:b133,Quizventure,0.09106917747461926,0.16238685809021844,0.0,False,ClassAtom,GameElementResource,0.07285534197969541,0.0,0.0,-1,rejected,0.0
_:b215,Interactive_Content_–_H5P,0.09106917747461926,0.16238685809021844,0.0,False,ClassAtom,GameElementResource,0.07285534197969541,0.0,0.0,-1,rejected,0.0
_:b215,Quizventure,0.09106917747461926,0.16238685809021844,0.0,False,ClassAtom,GameElementResource,0.07285534197969541,0.0,0.0,-1,rejected,0.0
_:b115,Block_Game,0.09106917747461926,0.16238685809021844,0.0,False,ClassAtom,GameElementResource,0.07285534197969541,0.0,0.0,-1,rejected,0.0
_:b115,Game,0.09106917747461926,0.16238685809021844,0.0,False,ClassAtom,GameElementResource,0.07285534197969541,0.0,0.0,-1,rejected,0.0
_:b215,Block_Game,0.09106917747461926,0.16238685809021844,0.0,False,ClassAtom,GameElementResource,0.07285534197969541,0.0,0.0,-1,rejected,0.0
_:b215,Game,0.09106917747461926,0.16238685809021844,0.0,False,ClassAtom,GameElementResource,0.07285534197969541,0.0,0.0,-1,rejected,0.0
_:b133,Game,0.09106917747461926,0.16238685809021844,0.0,False,ClassAtom,GameElementResource,0.07285534197969541,0.0,0.0,-1,rejected,0.0
_:b133,Block_Game,0.09106917747461926,0.16238685809021844,0.0,False,ClassAtom,GameElementResource,0.07285534197969541,0.0,0.0,-1,rejected,0.0
_:b271,Interactive_Content_–_H5P,0.09106917747461926,0.16238685809021844,0.0,False,ClassAtom,GameElementResource,0.07285534197969541,0.0,0.0,-1,rejected,0.0
_:b271,Game,0.09106917747461926,0.16238685809021844,0.0,False,ClassAtom,GameElementResource,0.07285534197969541,0.0,0.0,-1,rejected,0.0
_:b144,Game,0.09106917747461926,0.16238685809021844,0.0,False,ClassAtom,GameElementResource,0.07285534197969541,0.0,0.0,-1,rejected,0.0
_:b144,Interactive_Content_–_H5P,0.09106917747461926,0.16238685809021844,0.0,False,ClassAtom,GameElementResource,0.07285534197969541,0.0,0.0,-1,rejected,0.0
_:b271,Quizventure,0.09106917747461926,0.16238685809021844,0.0,False,ClassAtom,GameElementResource,0.07285534197969541,0.0,0.0,-1,rejected,0.0
_:b271,Block_Game,0.09106917747461926,0.16238685809021844,0.0,False,ClassAtom,GameElementResource,0.07285534197969541,0.0,0.0,-1,rejected,0.0
_:b226,Block_Game,0.09106917747461926,0.16238685809021844,0.0,False,ClassAtom,GameElementResource,0.07285534197969541,0.0,0.0,-1,rejected,0.0
_:b144,Block_Game,0.09106917747461926,0.16238685809021844,0.0,False,ClassAtom,GameElementResource,0.07285534197969541,0.0,0.0,-1,rejected,0.0
_:b124,Game,0.09106917747461926,0.16238685809021844,0.0,False,ClassAtom,GameElementResource,0.07285534197969541,0.0,0.0,-1,rejected,0.0
_:b124,Block_Game,0.09106917747461926,0.16238685809021844,0.0,False,ClassAtom,GameElementResource,0.07285534197969541,0.0,0.0,-1,rejected,0.0
_:b226,Quizventure,0.09106917747461926,0.16238685809021844,0.0,False,ClassAtom,GameElementResource,0.07285534197969541,0.0,0.0,-1,rejected,0.0
_:b226,Game,0.09106917747461926,0.16238685809021844,0.0,False,ClassAtom,GameElementResource,0.07285534197969541,0.0,0.0,-1,rejected,0.0
_:b124,Quizventure,0.09106917747461926,0.16238685809021844,0.0,False,ClassAtom,GameElementResource,0.07285534197969541,0.0,0.0,-1,rejected,0.0
_:b124,Interactive_Content_–_H5P,0.09106917747461926,0.16238685809021844,0.0,False,ClassAtom,GameElementResource,0.07285534197969541,0.0,0.0,-1,rejected,0.0
_:b144,Quizventure,0.09106917747461926,0.16238685809021844,0.0,False,ClassAtom,GameElementResource,0.07285534197969541,0.0,0.0,-1,rejected,0.0
_:b226,Interactive_Content_–_H5P,0.09106917747461926,0.16238685809021844,0.0,False,ClassAtom,GameElementResource,0.07285534197969541,0.0,0.0,-1,rejected,0.0
_:b252,Game,0.09106917151415478,0.16238684480113594,0.0,False,ClassAtom,GameElementResource,0.07285533721132383,0.0,0.0,-1,rejected,0.0
_:b252,Block_Game,0.09106917151415478,0.16238684480113594,0.0,False,ClassAtom,GameElementResource,0.07285533721132383,0.0,0.0,-1,rejected,0.0
_:b206,Quizventure,0.09106917151415478,0.16238684480113594,0.0,False,ClassAtom,GameElementResource,0.07285533721132383,0.0,0.0,-1,rejected,0.0
_:b206,Interactive_Content_–_H5P,0.09106917151415478,0.16238684480113594,0.0,False,ClassAtom,GameElementResource,0.07285533721132383,0.0,0.0,-1,rejected,0.0
_:b252,Quizventure,0.09106917151415478,0.16238684480113594,0.0,False,ClassAtom,GameElementResource,0.07285533721132383,0.0,0.0,-1,rejected,0.0
_:b252,Interactive_Content_–_H5P,0.09106917151415478,0.16238684480113594,0.0,False,ClassAtom,GameElementResource,0.07285533721132383,0.0,0.0,-1,rejected,0.0
_:b206,Block_Game,0.09106917151415478,0.16238684480113594,0.0,False,ClassAtom,GameElementResource,0.07285533721132383,0.0,0.0,-1,rejected,0.0
_:b206,Game,0.09106917151415478,0.16238684480113594,0.0,False,ClassAtom,GameElementResource,0.07285533721132383,0.0,0.0,-1,rejected,0.0
_:b193,Block_Game,0.09104442627868192,0.162398927867065,0.0,False,ClassAtom,GameElementResource,0.07283554102294554,0.0,0.0,-1,rejected,0.0
_:b193,Game,0.09104442627868192,0.162398927867065,0.0,False,ClassAtom,GameElementResource,0.07283554102294554,0.0,0.0,-1,rejected,0.0
_:b193,Interactive_Content_–_H5P,0.09104442627868192,0.162398927867065,0.0,False,ClassAtom,GameElementResource,0.07283554102294554,0.0,0.0,-1,rejected,0.0
_:b193,Quizventure,0.09104442627868192,0.162398927867065,0.0,False,ClassAtom,GameElementResource,0.07283554102294554,0.0,0.0,-1,rejected,0.0
_:b136,Interactive_Content_–_H5P,0.09103688723415644,0.16240262628065963,0.0,False,ClassAtom,GameElementResource,0.07282950978732515,0.0,0.0,-1,rejected,0.0
_:b136,Quizventure,0.09103688723415644,0.16240262628065963,0.0,False,ClassAtom,GameElementResource,0.07282950978732515,0.0,0.0,-1,rejected,0.0
_:b229,Game,0.09103688723415644,0.16240262628065963,0.0,False,ClassAtom,GameElementResource,0.07282950978732515,0.0,0.0,-1,rejected,0.0
_:b218,Block_Game,0.09103688723415644,0.16240262628065963,0.0,False,ClassAtom,GameElementResource,0.07282950978732515,0.0,0.0,-1,rejected,0.0
_:b218,Game,0.09103688723415644,0.16240262628065963,0.0,False,ClassAtom,GameElementResource,0.07282950978732515,0.0,0.0,-1,rejected,0.0
_:b229,Interactive_Content_–_H5P,0.09103688723415644,0.16240262628065963,0.0,False,ClassAtom,GameElementResource,0.07282950978732515,0.0,0.0,-1,rejected,0.0
_:b136,Block_Game,0.09103688723415644,0.16240262628065963,0.0,False,ClassAtom,GameElementResource,0.07282950978732515,0.0,0.0,-1,rejected,0.0
_:b147,Game,0.09103688723415644,0.16240262628065963,0.0,False,ClassAtom,GameElementResource,0.07282950978732515,0.0,0.0,-1,rejected,0.0
_:b147,Interactive_Content_–_H5P,0.09103688723415644,0.16240262628065963,0.0,False,ClassAtom,GameElementResource,0.07282950978732515,0.0,0.0,-1,rejected,0.0
_:b229,Block_Game,0.09103688723415644,0.16240262628065963,0.0,False,ClassAtom,GameElementResource,0.07282950978732515,0.0,0.0,-1,rejected,0.0
_:b136,Game,0.09103688723415644,0.16240262628065963,0.0,False,ClassAtom,GameElementResource,0.07282950978732515,0.0,0.0,-1,rejected,0.0
_:b218,Quizventure,0.09103688723415644,0.16240262628065963,0.0,False,ClassAtom,GameElementResource,0.07282950978732515,0.0,0.0,-1,rejected,0.0
_:b218,Interactive_Content_–_H5P,0.09103688723415644,0.16240262628065963,0.0,False,ClassAtom,GameElementResource,0.07282950978732515,0.0,0.0,-1,rejected,0.0
_:b147,Quizventure,0.09103688723415644,0.16240262628065963,0.0,False,ClassAtom,GameElementResource,0.07282950978732515,0.0,0.0,-1,rejected,0.0
_:b147,Block_Game,0.09103688723415644,0.16240262628065963,0.0,False,ClassAtom,GameElementResource,0.07282950978732515,0.0,0.0,-1,rejected,0.0
_:b229,Quizventure,0.09103688723415644,0.16240262628065963,0.0,False,ClassAtom,GameElementResource,0.07282950978732515,0.0,0.0,-1,rejected,0.0
_:b182,Quizventure,0.09103688127369196,0.16240261299138606,0.0,False,ClassAtom,GameElementResource,0.07282950501895356,0.0,0.0,-1,rejected,0.0
_:b182,Interactive_Content_–_H5P,0.09103688127369196,0.16240261299138606,0.0,False,ClassAtom,GameElementResource,0.07282950501895356,0.0,0.0,-1,rejected,0.0
_:b153,Quizventure,0.09103688127369196,0.16240261299138606,0.0,False,ClassAtom,GameElementResource,0.07282950501895356,0.0,0.0,-1,rejected,0.0
_:b90,Quizventure,0.09103688127369196,0.16240261299138606,0.0,False,ClassAtom,GameElementResource,0.07282950501895356,0.0,0.0,-1,rejected,0.0
_:b171,Game,0.09103688127369196,0.16240261299138606,0.0,False,ClassAtom,GameElementResource,0.07282950501895356,0.0,0.0,-1,rejected,0.0
_:b171,Block_Game,0.09103688127369196,0.16240261299138606,0.0,False,ClassAtom,GameElementResource,0.07282950501895356,0.0,0.0,-1,rejected,0.0
_:b171,Quizventure,0.09103688127369196,0.16240261299138606,0.0,False,ClassAtom,GameElementResource,0.07282950501895356,0.0,0.0,-1,rejected,0.0
_:b160,Block_Game,0.09103688127369196,0.16240261299138606,0.0,False,ClassAtom,GameElementResource,0.07282950501895356,0.0,0.0,-1,rejected,0.0
_:b160,Game,0.09103688127369196,0.16240261299138606,0.0,False,ClassAtom,GameElementResource,0.07282950501895356,0.0,0.0,-1,rejected,0.0
_:b160,Interactive_Content_–_H5P,0.09103688127369196,0.16240261299138606,0.0,False,ClassAtom,GameElementResource,0.07282950501895356,0.0,0.0,-1,rejected,0.0
_:b160,Quizventure,0.09103688127369196,0.16240261299138606,0.0,False,ClassAtom,GameElementResource,0.07282950501895356,0.0,0.0,-1,rejected,0.0
_:b153,Block_Game,0.09103688127369196,0.16240261299138606,0.0,False,ClassAtom,GameElementResource,0.07282950501895356,0.0,0.0,-1,rejected,0.0
_:b153,Game,0.09103688127369196,0.16240261299138606,0.0,False,ClassAtom,GameElementResource,0.07282950501895356,0.0,0.0,-1,rejected,0.0
_:b90,Block_Game,0.09103688127369196,0.16240261299138606,0.0,False,ClassAtom,GameElementResource,0.07282950501895356,0.0,0.0,-1,rejected,0.0
_:b171,Interactive_Content_–_H5P,0.09103688127369196,0.16240261299138606,0.0,False,ClassAtom,GameElementResource,0.07282950501895356,0.0,0.0,-1,rejected,0.0
_:b153,Interactive_Content_–_H5P,0.09103688127369196,0.16240261299138606,0.0,False,ClassAtom,GameElementResource,0.07282950501895356,0.0,0.0,-1,rejected,0.0
_:b90,Game,0.09103688127369196,0.16240261299138606,0.0,False,ClassAtom,GameElementResource,0.07282950501895356,0.0,0.0,-1,rejected,0.0
_:b90,Interactive_Content_–_H5P,0.09103688127369196,0.16240261299138606,0.0,False,ClassAtom,GameElementResource,0.07282950501895356,0.0,0.0,-1,rejected,0.0
_:b182,Block_Game,0.09103688127369196,0.16240261299138606,0.0,False,ClassAtom,GameElementResource,0.07282950501895356,0.0,0.0,-1,rejected,0.0
_:b182,Game,0.09103688127369196,0.16240261299138606,0.0,False,ClassAtom,GameElementResource,0.07282950501895356,0.0,0.0,-1,rejected,0.0
_:b234,Game,0.09097891177212628,0.1624309729415593,0.0,False,ClassAtom,GameElementResource,0.07278312941770103,0.0,0.0,-1,rejected,0.0
_:b234,Block_Game,0.09097891177212628,0.1624309729415593,0.0,False,ClassAtom,GameElementResource,0.07278312941770103,0.0,0.0,-1,rejected,0.0
_:b234,Interactive_Content_–_H5P,0.09097891177212628,0.1624309729415593,0.0,False,ClassAtom,GameElementResource,0.07278312941770103,0.0,0.0,-1,rejected,0.0
_:b238,Block_Game,0.09097891177212628,0.1624309729415593,0.0,False,ClassAtom,GameElementResource,0.07278312941770103,0.0,0.0,-1,rejected,0.0
_:b238,Game,0.09097891177212628,0.1624309729415593,0.0,False,ClassAtom,GameElementResource,0.07278312941770103,0.0,0.0,-1,rejected,0.0
_:b239,Quizventure,0.09097891177212628,0.1624309729415593,0.0,False,ClassAtom,GameElementResource,0.07278312941770103,0.0,0.0,-1,rejected,0.0
_:b239,Block_Game,0.09097891177212628,0.1624309729415593,0.0,False,ClassAtom,GameElementResource,0.07278312941770103,0.0,0.0,-1,rejected,0.0
_:b238,Interactive_Content_–_H5P,0.09097891177212628,0.1624309729415593,0.0,False,ClassAtom,GameElementResource,0.07278312941770103,0.0,0.0,-1,rejected,0.0
_:b239,Interactive_Content_–_H5P,0.09097891177212628,0.1624309729415593,0.0,False,ClassAtom,GameElementResource,0.07278312941770103,0.0,0.0,-1,rejected,0.0
_:b238,Quizventure,0.09097891177212628,0.1624309729415593,0.0,False,ClassAtom,GameElementResource,0.07278312941770103,0.0,0.0,-1,rejected,0.0
_:b233,Game,0.09097891177212628,0.1624309729415593,0.0,False,ClassAtom,GameElementResource,0.07278312941770103,0.0,0.0,-1,rejected,0.0
_:b233,Interactive_Content_–_H5P,0.09097891177212628,0.1624309729415593,0.0,False,ClassAtom,GameElementResource,0.07278312941770103,0.0,0.0,-1,rejected,0.0
_:b233,Quizventure,0.09097891177212628,0.1624309729415593,0.0,False,ClassAtom,GameElementResource,0.07278312941770103,0.0,0.0,-1,rejected,0.0
_:b233,Block_Game,0.09097891177212628,0.1624309729415593,0.0,False,ClassAtom,GameElementResource,0.07278312941770103,0.0,0.0,-1,rejected,0.0
_:b234,Quizventure,0.09097891177212628,0.1624309729415593,0.0,False,ClassAtom,GameElementResource,0.07278312941770103,0.0,0.0,-1,rejected,0.0
_:b239,Game,0.09097891177212628,0.1624309729415593,0.0,False,ClassAtom,GameElementResource,0.07278312941770103,0.0,0.0,-1,rejected,0.0
_:b222,Block_Game,0.0909612609708916,0.16243960319308803,0.0,False,ClassAtom,GameElementResource,0.07276900877671329,0.0,0.0,-1,rejected,0.0
_:b243,Game,0.0909612609708916,0.16243960319308803,0.0,False,ClassAtom,GameElementResource,0.07276900877671329,0.0,0.0,-1,rejected,0.0
_:b84,Block_Game,0.0909612609708916,0.16243960319308803,0.0,False,ClassAtom,GameElementResource,0.07276900877671329,0.0,0.0,-1,rejected,0.0
_:b84,Quizventure,0.0909612609708916,0.16243960319308803,0.0,False,ClassAtom,GameElementResource,0.07276900877671329,0.0,0.0,-1,rejected,0.0
_:b84,Interactive_Content_–_H5P,0.0909612609708916,0.16243960319308803,0.0,False,ClassAtom,GameElementResource,0.07276900877671329,0.0,0.0,-1,rejected,0.0
_:b222,Game,0.0909612609708916,0.16243960319308803,0.0,False,ClassAtom,GameElementResource,0.07276900877671329,0.0,0.0,-1,rejected,0.0
_:b88,Interactive_Content_–_H5P,0.0909612609708916,0.16243960319308803,0.0,False,ClassAtom,GameElementResource,0.07276900877671329,0.0,0.0,-1,rejected,0.0
_:b88,Game,0.0909612609708916,0.16243960319308803,0.0,False,ClassAtom,GameElementResource,0.07276900877671329,0.0,0.0,-1,rejected,0.0
_:b244,Interactive_Content_–_H5P,0.0909612609708916,0.16243960319308803,0.0,False,ClassAtom,GameElementResource,0.07276900877671329,0.0,0.0,-1,rejected,0.0
_:b88,Block_Game,0.0909612609708916,0.16243960319308803,0.0,False,ClassAtom,GameElementResource,0.07276900877671329,0.0,0.0,-1,rejected,0.0
_:b244,Quizventure,0.0909612609708916,0.16243960319308803,0.0,False,ClassAtom,GameElementResource,0.07276900877671329,0.0,0.0,-1,rejected,0.0
_:b243,Block_Game,0.0909612609708916,0.16243960319308803,0.0,False,ClassAtom,GameElementResource,0.07276900877671329,0.0,0.0,-1,rejected,0.0
_:b243,Interactive_Content_–_H5P,0.0909612609708916,0.16243960319308803,0.0,False,ClassAtom,GameElementResource,0.07276900877671329,0.0,0.0,-1,rejected,0.0
_:b243,Quizventure,0.0909612609708916,0.16243960319308803,0.0,False,ClassAtom,GameElementResource,0.07276900877671329,0.0,0.0,-1,rejected,0.0
_:b244,Block_Game,0.0909612609708916,0.16243960319308803,0.0,False,ClassAtom,GameElementResource,0.07276900877671329,0.0,0.0,-1,rejected,0.0
_:b244,Game,0.0909612609708916,0.16243960319308803,0.0,False,ClassAtom,GameElementResource,0.07276900877671329,0.0,0.0,-1,rejected,0.0
_:b285,Interactive_Content_–_H5P,0.0909612609708916,0.16243960319308803,0.0,False,ClassAtom,GameElementResource,0.07276900877671329,0.0,0.0,-1,rejected,0.0
_:b84,Game,0.0909612609708916,0.16243960319308803,0.0,False,ClassAtom,GameElementResource,0.07276900877671329,0.0,0.0,-1,rejected,0.0
_:b73,Block_Game,0.0909612609708916,0.16243960319308803,0.0,False,ClassAtom,GameElementResource,0.07276900877671329,0.0,0.0,-1,rejected,0.0
_:b73,Game,0.0909612609708916,0.16243960319308803,0.0,False,ClassAtom,GameElementResource,0.07276900877671329,0.0,0.0,-1,rejected,0.0
_:b154,Interactive_Content_–_H5P,0.0909612609708916,0.16243960319308803,0.0,False,ClassAtom,GameElementResource,0.07276900877671329,0.0,0.0,-1,rejected,0.0
_:b211,Interactive_Content_–_H5P,0.0909612609708916,0.16243960319308803,0.0,False,ClassAtom,GameElementResource,0.07276900877671329,0.0,0.0,-1,rejected,0.0
_:b222,Interactive_Content_–_H5P,0.0909612609708916,0.16243960319308803,0.0,False,ClassAtom,GameElementResource,0.07276900877671329,0.0,0.0,-1,rejected,0.0
_:b154,Quizventure,0.0909612609708916,0.16243960319308803,0.0,False,ClassAtom,GameElementResource,0.07276900877671329,0.0,0.0,-1,rejected,0.0
_:b285,Quizventure,0.0909612609708916,0.16243960319308803,0.0,False,ClassAtom,GameElementResource,0.07276900877671329,0.0,0.0,-1,rejected,0.0
_:b129,Quizventure,0.0909612609708916,0.16243960319308803,0.0,False,ClassAtom,GameElementResource,0.07276900877671329,0.0,0.0,-1,rejected,0.0
_:b129,Game,0.0909612609708916,0.16243960319308803,0.0,False,ClassAtom,GameElementResource,0.07276900877671329,0.0,0.0,-1,rejected,0.0
_:b129,Interactive_Content_–_H5P,0.0909612609708916,0.16243960319308803,0.0,False,ClassAtom,GameElementResource,0.07276900877671329,0.0,0.0,-1,rejected,0.0
_:b211,Quizventure,0.0909612609708916,0.16243960319308803,0.0,False,ClassAtom,GameElementResource,0.07276900877671329,0.0,0.0,-1,rejected,0.0
_:b211,Block_Game,0.0909612609708916,0.16243960319308803,0.0,False,ClassAtom,GameElementResource,0.07276900877671329,0.0,0.0,-1,rejected,0.0
_:b211,Game,0.0909612609708916,0.16243960319308803,0.0,False,ClassAtom,GameElementResource,0.07276900877671329,0.0,0.0,-1,rejected,0.0
_:b222,Quizventure,0.0909612609708916,0.16243960319308803,0.0,False,ClassAtom,GameElementResource,0.07276900877671329,0.0,0.0,-1,rejected,0.0
_:b129,Block_Game,0.0909612609708916,0.16243960319308803,0.0,False,ClassAtom,GameElementResource,0.07276900877671329,0.0,0.0,-1,rejected,0.0
_:b202,Interactive_Content_–_H5P,0.0909612609708916,0.16243960319308803,0.0,False,ClassAtom,GameElementResource,0.07276900877671329,0.0,0.0,-1,rejected,0.0
_:b202,Quizventure,0.0909612609708916,0.16243960319308803,0.0,False,ClassAtom,GameElementResource,0.07276900877671329,0.0,0.0,-1,rejected,0.0
_:b202,Game,0.0909612609708916,0.16243960319308803,0.0,False,ClassAtom,GameElementResource,0.07276900877671329,0.0,0.0,-1,rejected,0.0
_:b154,Game,0.0909612609708916,0.16243960319308803,0.0,False,ClassAtom,GameElementResource,0.07276900877671329,0.0,0.0,-1,rejected,0.0
_:b202,Block_Game,0.0909612609708916,0.16243960319308803,0.0,False,ClassAtom,GameElementResource,0.07276900877671329,0.0,0.0,-1,rejected,0.0
_:b154,Block_Game,0.0909612609708916,0.16243960319308803,0.0,False,ClassAtom,GameElementResource,0.07276900877671329,0.0,0.0,-1,rejected,0.0
_:b73,Quizventure,0.0909612609708916,0.16243960319308803,0.0,False,ClassAtom,GameElementResource,0.07276900877671329,0.0,0.0,-1,rejected,0.0
_:b88,Quizventure,0.0909612609708916,0.16243960319308803,0.0,False,ClassAtom,GameElementResource,0.07276900877671329,0.0,0.0,-1,rejected,0.0
_:b73,Interactive_Content_–_H5P,0.0909612609708916,0.16243960319308803,0.0,False,ClassAtom,GameElementResource,0.07276900877671329,0.0,0.0,-1,rejected,0.0
_:b140,Interactive_Content_–_H5P,0.0909612609708916,0.16243960319308803,0.0,False,ClassAtom,GameElementResource,0.07276900877671329,0.0,0.0,-1,rejected,0.0
_:b285,Block_Game,0.0909612609708916,0.16243960319308803,0.0,False,ClassAtom,GameElementResource,0.07276900877671329,0.0,0.0,-1,rejected,0.0
_:b140,Quizventure,0.0909612609708916,0.16243960319308803,0.0,False,ClassAtom,GameElementResource,0.07276900877671329,0.0,0.0,-1,rejected,0.0
_:b285,Game,0.0909612609708916,0.16243960319308803,0.0,False,ClassAtom,GameElementResource,0.07276900877671329,0.0,0.0,-1,rejected,0.0
_:b140,Block_Game,0.0909612609708916,0.16243960319308803,0.0,False,ClassAtom,GameElementResource,0.07276900877671329,0.0,0.0,-1,rejected,0.0
_:b140,Game,0.0909612609708916,0.16243960319308803,0.0,False,ClassAtom,GameElementResource,0.07276900877671329,0.0,0.0,-1,rejected,0.0
_:b77,Game,0.09096125501042712,0.16243958990336946,0.0,False,ClassAtom,GameElementResource,0.0727690040083417,0.0,0.0,-1,rejected,0.0
_:b111,Quizventure,0.09096125501042712,0.16243958990336946,0.0,False,ClassAtom,GameElementResource,0.0727690040083417,0.0,0.0,-1,rejected,0.0
_:b120,Quizventure,0.09096125501042712,0.16243958990336946,0.0,False,ClassAtom,GameElementResource,0.0727690040083417,0.0,0.0,-1,rejected,0.0
_:b66,Interactive_Content_–_H5P,0.09096125501042712,0.16243958990336946,0.0,False,ClassAtom,GameElementResource,0.0727690040083417,0.0,0.0,-1,rejected,0.0
_:b66,Game,0.09096125501042712,0.16243958990336946,0.0,False,ClassAtom,GameElementResource,0.0727690040083417,0.0,0.0,-1,rejected,0.0
_:b66,Block_Game,0.09096125501042712,0.16243958990336946,0.0,False,ClassAtom,GameElementResource,0.0727690040083417,0.0,0.0,-1,rejected,0.0
_:b66,Quizventure,0.09096125501042712,0.16243958990336946,0.0,False,ClassAtom,GameElementResource,0.0727690040083417,0.0,0.0,-1,rejected,0.0
_:b77,Interactive_Content_–_H5P,0.09096125501042712,0.16243958990336946,0.0,False,ClassAtom,GameElementResource,0.0727690040083417,0.0,0.0,-1,rejected,0.0
_:b248,Interactive_Content_–_H5P,0.09096125501042712,0.16243958990336946,0.0,False,ClassAtom,GameElementResource,0.0727690040083417,0.0,0.0,-1,rejected,0.0
_:b248,Game,0.09096125501042712,0.16243958990336946,0.0,False,ClassAtom,GameElementResource,0.0727690040083417,0.0,0.0,-1,rejected,0.0
_:b248,Block_Game,0.09096125501042712,0.16243958990336946,0.0,False,ClassAtom,GameElementResource,0.0727690040083417,0.0,0.0,-1,rejected,0.0
_:b278,Block_Game,0.09096125501042712,0.16243958990336946,0.0,False,ClassAtom,GameElementResource,0.0727690040083417,0.0,0.0,-1,rejected,0.0
_:b278,Interactive_Content_–_H5P,0.09096125501042712,0.16243958990336946,0.0,False,ClassAtom,GameElementResource,0.0727690040083417,0.0,0.0,-1,rejected,0.0
_:b278,Game,0.09096125501042712,0.16243958990336946,0.0,False,ClassAtom,GameElementResource,0.0727690040083417,0.0,0.0,-1,rejected,0.0
_:b77,Block_Game,0.09096125501042712,0.16243958990336946,0.0,False,ClassAtom,GameElementResource,0.0727690040083417,0.0,0.0,-1,rejected,0.0
_:b77,Quizventure,0.09096125501042712,0.16243958990336946,0.0,False,ClassAtom,GameElementResource,0.0727690040083417,0.0,0.0,-1,rejected,0.0
_:b111,Block_Game,0.09096125501042712,0.16243958990336946,0.0,False,ClassAtom,GameElementResource,0.0727690040083417,0.0,0.0,-1,rejected,0.0
_:b267,Game,0.09096125501042712,0.16243958990336946,0.0,False,ClassAtom,GameElementResource,0.0727690040083417,0.0,0.0,-1,rejected,0.0
_:b267,Block_Game,0.09096125501042712,0.16243958990336946,0.0,False,ClassAtom,GameElementResource,0.0727690040083417,0.0,0.0,-1,rejected,0.0
_:b111,Game,0.09096125501042712,0.16243958990336946,0.0,False,ClassAtom,GameElementResource,0.0727690040083417,0.0,0.0,-1,rejected,0.0
_:b267,Quizventure,0.09096125501042712,0.16243958990336946,0.0,False,ClassAtom,GameElementResource,0.0727690040083417,0.0,0.0,-1,rejected,0.0
_:b111,Interactive_Content_–_H5P,0.09096125501042712,0.16243958990336946,0.0,False,ClassAtom,GameElementResource,0.0727690040083417,0.0,0.0,-1,rejected,0.0
_:b267,Interactive_Content_–_H5P,0.09096125501042712,0.16243958990336946,0.0,False,ClassAtom,GameElementResource,0.0727690040083417,0.0,0.0,-1,rejected,0.0
_:b248,Quizventure,0.09096125501042712,0.16243958990336946,0.0,False,ClassAtom,GameElementResource,0.0727690040083417,0.0,0.0,-1,rejected,0.0
_:b120,Block_Game,0.09096125501042712,0.16243958990336946,0.0,False,ClassAtom,GameElementResource,0.0727690040083417,0.0,0.0,-1,rejected,0.0
_:b120,Game,0.09096125501042712,0.16243958990336946,0.0,False,ClassAtom,GameElementResource,0.0727690040083417,0.0,0.0,-1,rejected,0.0
_:b120,Interactive_Content_–_H5P,0.09096125501042712,0.16243958990336946,0.0,False,ClassAtom,GameElementResource,0.0727690040083417,0.0,0.0,-1,rejected,0.0
_:b278,Quizventure,0.09096125501042712,0.16243958990336946,0.0,False,ClassAtom,GameElementResource,0.0727690040083417,0.0,0.0,-1,rejected,0.0
tbox,bonusPoints,0.09023307823574125,0.16253892044601384,0.0,False,Ontology,BonusPoints,0.072186462588593,0.0,0.0,-1,rejected,0.0
DataTypes,Quizventure,0.08954607335841147,0.16315199741204942,0.0,False,IndexKey,GameElementResource,0.07163685868672919,0.0,0.0,-1,rejected,0.0
DataTypes,Game,0.08954607335841147,0.16315199741204942,0.0,False,IndexKey,GameElementResource,0.07163685868672919,0.0,0.0,-1,rejected,0.0
DataTypes,Block_Game,0.08954607335841147,0.16315199741204942,0.0,False,IndexKey,GameElementResource,0.07163685868672919,0.0,0.0,-1,rejected,0.0
DataTypes,Interactive_Content_–_H5P,0.08954607335841147,0.16315199741204942,0.0,False,IndexKey,GameElementResource,0.07163685868672919,0.0,0.0,-1,rejected,0.0
_:b13,bonusPoints,0.08925438278310127,0.1631247976382789,0.0,False,Restriction,BonusPoints,0.07140350622648102,0.0,0.0,-1,rejected,0.0
_:b9,bonusPoints,0.08925438278310127,0.1631247976382789,0.0,False,Restriction,BonusPoints,0.07140350622648102,0.0,0.0,-1,rejected,0.0
_:b14,bonusPoints,0.08925438278310127,0.1631247976382789,0.0,False,Restriction,BonusPoints,0.07140350622648102,0.0,0.0,-1,rejected,0.0
ExperiencePointsLeaderboard,Game,0.08894401943496803,0.16353376224315624,0.0,False,Class,GameElementResource,0.07115521554797442,0.0,0.0,-1,rejected,0.0
ExperiencePointsLeaderboard,Interactive_Content_–_H5P,0.08894401943496803,0.16353376224315624,0.0,False,Class,GameElementResource,0.07115521554797442,0.0,0.0,-1,rejected,0.0
ExperiencePointsLeaderboard,Quizventure,0.08894401943496803,0.16353376224315624,0.0,False,Class,GameElementResource,0.07115521554797442,0.0,0.0,-1,rejected,0.0
ExperiencePointsLeaderboard,Block_Game,0.08894401943496803,0.16353376224315624,0.0,False,Class,GameElementResource,0.07115521554797442,0.0,0.0,-1,rejected,0.0
ExperiencePoints,Game,0.08893261785421948,0.16353941105561945,0.0,False,Class,GameElementResource,0.07114609428337558,0.0,0.0,-1,rejected,0.0
ExperiencePoints,Block_Game,0.08893261785421948,0.16353941105561945,0.0,False,Class,GameElementResource,0.07114609428337558,0.0,0.0,-1,rejected,0.0
ExperiencePoints,Interactive_Content_–_H5P,0.08893261785421948,0.16353941105561945,0.0,False,Class,GameElementResource,0.07114609428337558,0.0,0.0,-1,rejected,0.0
ExperiencePoints,Quizventure,0.08893261785421948,0.16353941105561945,0.0,False,Class,GameElementResource,0.07114609428337558,0.0,0.0,-1,rejected,0.0
_:b103,Block_Game,0.08861529706262097,0.16381871350095883,0.0,False,AtomList,GameElementResource,0.07089223765009678,0.0,0.0,-1,rejected,0.0
_:b103,Quizventure,0.08861529706262097,0.16381871350095883,0.0,False,AtomList,GameElementResource,0.07089223765009678,0.0,0.0,-1,rejected,0.0
_:b103,Game,0.08861529706262097,0.16381871350095883,0.0,False,AtomList,GameElementResource,0.07089223765009678,0.0,0.0,-1,rejected,0.0
_:b103,Interactive_Content_–_H5P,0.08861529706262097,0.16381871350095883,0.0,False,AtomList,GameElementResource,0.07089223765009678,0.0,0.0,-1,rejected,0.0
_:b101,Interactive_Content_–_H5P,0.08861490013191192,0.16381888559675092,0.0,False,AtomList,GameElementResource,0.07089192010552954,0.0,0.0,-1,rejected,0.0
_:b101,Block_Game,0.08861490013191192,0.16381888559675092,0.0,False,AtomList,GameElementResource,0.07089192010552954,0.0,0.0,-1,rejected,0.0
_:b101,Game,0.08861490013191192,0.16381888559675092,0.0,False,AtomList,GameElementResource,0.07089192010552954,0.0,0.0,-1,rejected,0.0
_:b101,Quizventure,0.08861490013191192,0.16381888559675092,0.0,False,AtomList,GameElementResource,0.07089192010552954,0.0,0.0,-1,rejected,0.0
_:b259,Interactive_Content_–_H5P,0.08861398742852458,0.16381933447525587,0.0,False,AtomList,GameElementResource,0.07089118994281966,0.0,0.0,-1,rejected,0.0
_:b259,Block_Game,0.08861398742852458,0.16381933447525587,0.0,False,AtomList,GameElementResource,0.07089118994281966,0.0,0.0,-1,rejected,0.0
_:b259,Quizventure,0.08861398742852458,0.16381933447525587,0.0,False,AtomList,GameElementResource,0.07089118994281966,0.0,0.0,-1,rejected,0.0
_:b259,Game,0.08861398742852458,0.16381933447525587,0.0,False,AtomList,GameElementResource,0.07089118994281966,0.0,0.0,-1,rejected,0.0
_:b99,Block_Game,0.0886139814680601,0.16381932119071319,0.0,False,AtomList,GameElementResource,0.07089118517444808,0.0,0.0,-1,rejected,0.0
_:b99,Interactive_Content_–_H5P,0.0886139814680601,0.16381932119071319,0.0,False,AtomList,GameElementResource,0.07089118517444808,0.0,0.0,-1,rejected,0.0
_:b99,Game,0.0886139814680601,0.16381932119071319,0.0,False,AtomList,GameElementResource,0.07089118517444808,0.0,0.0,-1,rejected,0.0
_:b99,Quizventure,0.0886139814680601,0.16381932119071319,0.0,False,AtomList,GameElementResource,0.07089118517444808,0.0,0.0,-1,rejected,0.0
_:b257,Game,0.08861182248038023,0.16382034492633654,0.0,False,AtomList,GameElementResource,0.07088945798430418,0.0,0.0,-1,rejected,0.0
_:b257,Quizventure,0.08861182248038023,0.16382034492633654,0.0,False,AtomList,GameElementResource,0.07088945798430418,0.0,0.0,-1,rejected,0.0
_:b97,Game,0.08861182248038023,0.16382034492633654,0.0,False,AtomList,GameElementResource,0.07088945798430418,0.0,0.0,-1,rejected,0.0
_:b257,Block_Game,0.08861182248038023,0.16382034492633654,0.0,False,AtomList,GameElementResource,0.07088945798430418,0.0,0.0,-1,rejected,0.0
_:b257,Interactive_Content_–_H5P,0.08861182248038023,0.16382034492633654,0.0,False,AtomList,GameElementResource,0.07088945798430418,0.0,0.0,-1,rejected,0.0
_:b97,Quizventure,0.08861182248038023,0.16382034492633654,0.0,False,AtomList,GameElementResource,0.07088945798430418,0.0,0.0,-1,rejected,0.0
_:b97,Block_Game,0.08861182248038023,0.16382034492633654,0.0,False,AtomList,GameElementResource,0.07088945798430418,0.0,0.0,-1,rejected,0.0
_:b97,Interactive_Content_–_H5P,0.08861182248038023,0.16382034492633654,0.0,False,AtomList,GameElementResource,0.07088945798430418,0.0,0.0,-1,rejected,0.0
_:b95,Interactive_Content_–_H5P,0.08860675446742865,0.16382276431850615,0.0,False,AtomList,GameElementResource,0.07088540357394292,0.0,0.0,-1,rejected,0.0
_:b95,Block_Game,0.08860675446742865,0.16382276431850615,0.0,False,AtomList,GameElementResource,0.07088540357394292,0.0,0.0,-1,rejected,0.0
_:b255,Quizventure,0.08860675446742865,0.16382276431850615,0.0,False,AtomList,GameElementResource,0.07088540357394292,0.0,0.0,-1,rejected,0.0
_:b95,Game,0.08860675446742865,0.16382276431850615,0.0,False,AtomList,GameElementResource,0.07088540357394292,0.0,0.0,-1,rejected,0.0
_:b255,Game,0.08860675446742865,0.16382276431850615,0.0,False,AtomList,GameElementResource,0.07088540357394292,0.0,0.0,-1,rejected,0.0
_:b255,Block_Game,0.08860675446742865,0.16382276431850615,0.0,False,AtomList,GameElementResource,0.07088540357394292,0.0,0.0,-1,rejected,0.0
_:b255,Interactive_Content_–_H5P,0.08860675446742865,0.16382276431850615,0.0,False,AtomList,GameElementResource,0.07088540357394292,0.0,0.0,-1,rejected,0.0
_:b95,Quizventure,0.08860675446742865,0.16382276431850615,0.0,False,AtomList,GameElementResource,0.07088540357394292,0.0,0.0,-1,rejected,0.0
_:b253,Quizventure,0.08859483343183114,0.16382841823545177,0.0,False,AtomList,GameElementResource,0.07087586674546491,0.0,0.0,-1,rejected,0.0
_:b253,Interactive_Content_–_H5P,0.08859483343183114,0.16382841823545177,0.0,False,AtomList,GameElementResource,0.07087586674546491,0.0,0.0,-1,rejected,0.0
_:b253,Game,0.08859483343183114,0.16382841823545177,0.0,False,AtomList,GameElementResource,0.07087586674546491,0.0,0.0,-1,rejected,0.0
_:b253,Block_Game,0.08859483343183114,0.16382841823545177,0.0,False,AtomList,GameElementResource,0.07087586674546491,0.0,0.0,-1,rejected,0.0
_:b272,Quizventure,0.08859483343183114,0.16382841823545177,0.0,False,AtomList,GameElementResource,0.07087586674546491,0.0,0.0,-1,rejected,0.0
_:b272,Interactive_Content_–_H5P,0.08859483343183114,0.16382841823545177,0.0,False,AtomList,GameElementResource,0.07087586674546491,0.0,0.0,-1,rejected,0.0
_:b272,Game,0.08859483343183114,0.16382841823545177,0.0,False,AtomList,GameElementResource,0.07087586674546491,0.0,0.0,-1,rejected,0.0
_:b272,Block_Game,0.08859483343183114,0.16382841823545177,0.0,False,AtomList,GameElementResource,0.07087586674546491,0.0,0.0,-1,rejected,0.0
_:b93,Block_Game,0.08859483343183114,0.16382841823545177,0.0,False,AtomList,GameElementResource,0.07087586674546491,0.0,0.0,-1,rejected,0.0
_:b93,Game,0.08859483343183114,0.16382841823545177,0.0,False,AtomList,GameElementResource,0.07087586674546491,0.0,0.0,-1,rejected,0.0
_:b93,Interactive_Content_–_H5P,0.08859483343183114,0.16382841823545177,0.0,False,AtomList,GameElementResource,0.07087586674546491,0.0,0.0,-1,rejected,0.0
_:b93,Quizventure,0.08859483343183114,0.16382841823545177,0.0,False,AtomList,GameElementResource,0.07087586674546491,0.0,0.0,-1,rejected,0.0
_:b194,Block_Game,0.08857338874754317,0.16383859218555893,0.0,False,AtomList,GameElementResource,0.07085871099803454,0.0,0.0,-1,rejected,0.0
_:b194,Quizventure,0.08857338874754317,0.16383859218555893,0.0,False,AtomList,GameElementResource,0.07085871099803454,0.0,0.0,-1,rejected,0.0
_:b194,Interactive_Content_–_H5P,0.08857338874754317,0.16383859218555893,0.0,False,AtomList,GameElementResource,0.07085871099803454,0.0,0.0,-1,rejected,0.0
_:b194,Game,0.08857338874754317,0.16383859218555893,0.0,False,AtomList,GameElementResource,0.07085871099803454,0.0,0.0,-1,rejected,0.0
_:b91,Quizventure,0.08856685027043035,0.1638416950245568,0.0,False,AtomList,GameElementResource,0.07085348021634429,0.0,0.0,-1,rejected,0.0
_:b91,Interactive_Content_–_H5P,0.08856685027043035,0.1638416950245568,0.0,False,AtomList,GameElementResource,0.07085348021634429,0.0,0.0,-1,rejected,0.0
_:b91,Game,0.08856685027043035,0.1638416950245568,0.0,False,AtomList,GameElementResource,0.07085348021634429,0.0,0.0,-1,rejected,0.0
_:b91,Block_Game,0.08856685027043035,0.1638416950245568,0.0,False,AtomList,GameElementResource,0.07085348021634429,0.0,0.0,-1,rejected,0.0
_:b161,Quizventure,0.08856685027043035,0.1638416950245568,0.0,False,AtomList,GameElementResource,0.07085348021634429,0.0,0.0,-1,rejected,0.0
_:b123,Interactive_Content_–_H5P,0.08856685027043035,0.1638416950245568,0.0,False,AtomList,GameElementResource,0.07085348021634429,0.0,0.0,-1,rejected,0.0
_:b161,Block_Game,0.08856685027043035,0.1638416950245568,0.0,False,AtomList,GameElementResource,0.07085348021634429,0.0,0.0,-1,rejected,0.0
_:b161,Game,0.08856685027043035,0.1638416950245568,0.0,False,AtomList,GameElementResource,0.07085348021634429,0.0,0.0,-1,rejected,0.0
_:b132,Game,0.08856685027043035,0.1638416950245568,0.0,False,AtomList,GameElementResource,0.07085348021634429,0.0,0.0,-1,rejected,0.0
_:b132,Interactive_Content_–_H5P,0.08856685027043035,0.1638416950245568,0.0,False,AtomList,GameElementResource,0.07085348021634429,0.0,0.0,-1,rejected,0.0
_:b132,Quizventure,0.08856685027043035,0.1638416950245568,0.0,False,AtomList,GameElementResource,0.07085348021634429,0.0,0.0,-1,rejected,0.0
_:b123,Game,0.08856685027043035,0.1638416950245568,0.0,False,AtomList,GameElementResource,0.07085348021634429,0.0,0.0,-1,rejected,0.0
_:b161,Interactive_Content_–_H5P,0.08856685027043035,0.1638416950245568,0.0,False,AtomList,GameElementResource,0.07085348021634429,0.0,0.0,-1,rejected,0.0
_:b123,Quizventure,0.08856685027043035,0.1638416950245568,0.0,False,AtomList,GameElementResource,0.07085348021634429,0.0,0.0,-1,rejected,0.0
_:b172,Interactive_Content_–_H5P,0.08856685027043035,0.1638416950245568,0.0,False,AtomList,GameElementResource,0.07085348021634429,0.0,0.0,-1,rejected,0.0
_:b172,Game,0.08856685027043035,0.1638416950245568,0.0,False,AtomList,GameElementResource,0.07085348021634429,0.0,0.0,-1,rejected,0.0
_:b225,Interactive_Content_–_H5P,0.08856685027043035,0.1638416950245568,0.0,False,AtomList,GameElementResource,0.07085348021634429,0.0,0.0,-1,rejected,0.0
_:b225,Quizventure,0.08856685027043035,0.1638416950245568,0.0,False,AtomList,GameElementResource,0.07085348021634429,0.0,0.0,-1,rejected,0.0
_:b143,Block_Game,0.08856685027043035,0.1638416950245568,0.0,False,AtomList,GameElementResource,0.07085348021634429,0.0,0.0,-1,rejected,0.0
_:b172,Quizventure,0.08856685027043035,0.1638416950245568,0.0,False,AtomList,GameElementResource,0.07085348021634429,0.0,0.0,-1,rejected,0.0
_:b183,Quizventure,0.08856685027043035,0.1638416950245568,0.0,False,AtomList,GameElementResource,0.07085348021634429,0.0,0.0,-1,rejected,0.0
_:b69,Game,0.08856685027043035,0.1638416950245568,0.0,False,AtomList,GameElementResource,0.07085348021634429,0.0,0.0,-1,rejected,0.0
_:b123,Block_Game,0.08856685027043035,0.1638416950245568,0.0,False,AtomList,GameElementResource,0.07085348021634429,0.0,0.0,-1,rejected,0.0
_:b225,Block_Game,0.08856685027043035,0.1638416950245568,0.0,False,AtomList,GameElementResource,0.07085348021634429,0.0,0.0,-1,rejected,0.0
_:b183,Game,0.08856685027043035,0.1638416950245568,0.0,False,AtomList,GameElementResource,0.07085348021634429,0.0,0.0,-1,rejected,0.0
_:b205,Interactive_Content_–_H5P,0.08856685027043035,0.1638416950245568,0.0,False,AtomList,GameElementResource,0.07085348021634429,0.0,0.0,-1,rejected,0.0
_:b205,Quizventure,0.08856685027043035,0.1638416950245568,0.0,False,AtomList,GameElementResource,0.07085348021634429,0.0,0.0,-1,rejected,0.0
_:b143,Interactive_Content_–_H5P,0.08856685027043035,0.1638416950245568,0.0,False,AtomList,GameElementResource,0.07085348021634429,0.0,0.0,-1,rejected,0.0
_:b143,Game,0.08856685027043035,0.1638416950245568,0.0,False,AtomList,GameElementResource,0.07085348021634429,0.0,0.0,-1,rejected,0.0
_:b114,Interactive_Content_–_H5P,0.08856685027043035,0.1638416950245568,0.0,False,AtomList,GameElementResource,0.07085348021634429,0.0,0.0,-1,rejected,0.0
_:b114,Game,0.08856685027043035,0.1638416950245568,0.0,False,AtomList,GameElementResource,0.07085348021634429,0.0,0.0,-1,rejected,0.0
_:b114,Block_Game,0.08856685027043035,0.1638416950245568,0.0,False,AtomList,GameElementResource,0.07085348021634429,0.0,0.0,-1,rejected,0.0
_:b225,Game,0.08856685027043035,0.1638416950245568,0.0,False,AtomList,GameElementResource,0.07085348021634429,0.0,0.0,-1,rejected,0.0
_:b80,Game,0.08856685027043035,0.1638416950245568,0.0,False,AtomList,GameElementResource,0.07085348021634429,0.0,0.0,-1,rejected,0.0
_:b80,Interactive_Content_–_H5P,0.08856685027043035,0.1638416950245568,0.0,False,AtomList,GameElementResource,0.07085348021634429,0.0,0.0,-1,rejected,0.0
_:b143,Quizventure,0.08856685027043035,0.1638416950245568,0.0,False,AtomList,GameElementResource,0.07085348021634429,0.0,0.0,-1,rejected,0.0
_:b80,Quizventure,0.08856685027043035,0.1638416950245568,0.0,False,AtomList,GameElementResource,0.07085348021634429,0.0,0.0,-1,rejected,0.0
_:b251,Block_Game,0.08856685027043035,0.1638416950245568,0.0,False,AtomList,GameElementResource,0.07085348021634429,0.0,0.0,-1,rejected,0.0
_:b251,Game,0.08856685027043035,0.1638416950245568,0.0,False,AtomList,GameElementResource,0.07085348021634429,0.0,0.0,-1,rejected,0.0
_:b251,Interactive_Content_–_H5P,0.08856685027043035,0.1638416950245568,0.0,False,AtomList,GameElementResource,0.07085348021634429,0.0,0.0,-1,rejected,0.0
_:b251,Quizventure,0.08856685027043035,0.1638416950245568,0.0,False,AtomList,GameElementResource,0.07085348021634429,0.0,0.0,-1,rejected,0.0
_:b214,Interactive_Content_–_H5P,0.08856685027043035,0.1638416950245568,0.0,False,AtomList,GameElementResource,0.07085348021634429,0.0,0.0,-1,rejected,0.0
_:b214,Game,0.08856685027043035,0.1638416950245568,0.0,False,AtomList,GameElementResource,0.07085348021634429,0.0,0.0,-1,rejected,0.0
_:b214,Block_Game,0.08856685027043035,0.1638416950245568,0.0,False,AtomList,GameElementResource,0.07085348021634429,0.0,0.0,-1,rejected,0.0
_:b80,Block_Game,0.08856685027043035,0.1638416950245568,0.0,False,AtomList,GameElementResource,0.07085348021634429,0.0,0.0,-1,rejected,0.0
_:b281,Game,0.08856685027043035,0.1638416950245568,0.0,False,AtomList,GameElementResource,0.07085348021634429,0.0,0.0,-1,rejected,0.0
_:b270,Game,0.08856685027043035,0.1638416950245568,0.0,False,AtomList,GameElementResource,0.07085348021634429,0.0,0.0,-1,rejected,0.0
_:b270,Block_Game,0.08856685027043035,0.1638416950245568,0.0,False,AtomList,GameElementResource,0.07085348021634429,0.0,0.0,-1,rejected,0.0
_:b270,Quizventure,0.08856685027043035,0.1638416950245568,0.0,False,AtomList,GameElementResource,0.07085348021634429,0.0,0.0,-1,rejected,0.0
_:b114,Quizventure,0.08856685027043035,0.1638416950245568,0.0,False,AtomList,GameElementResource,0.07085348021634429,0.0,0.0,-1,rejected,0.0
_:b281,Block_Game,0.08856685027043035,0.1638416950245568,0.0,False,AtomList,GameElementResource,0.07085348021634429,0.0,0.0,-1,rejected,0.0
_:b214,Quizventure,0.08856685027043035,0.1638416950245568,0.0,False,AtomList,GameElementResource,0.07085348021634429,0.0,0.0,-1,rejected,0.0
_:b183,Block_Game,0.08856685027043035,0.1638416950245568,0.0,False,AtomList,GameElementResource,0.07085348021634429,0.0,0.0,-1,rejected,0.0
_:b270,Interactive_Content_–_H5P,0.08856685027043035,0.1638416950245568,0.0,False,AtomList,GameElementResource,0.07085348021634429,0.0,0.0,-1,rejected,0.0
_:b172,Block_Game,0.08856685027043035,0.1638416950245568,0.0,False,AtomList,GameElementResource,0.07085348021634429,0.0,0.0,-1,rejected,0.0
_:b205,Block_Game,0.08856685027043035,0.1638416950245568,0.0,False,AtomList,GameElementResource,0.07085348021634429,0.0,0.0,-1,rejected,0.0
_:b69,Quizventure,0.08856685027043035,0.1638416950245568,0.0,False,AtomList,GameElementResource,0.07085348021634429,0.0,0.0,-1,rejected,0.0
_:b69,Interactive_Content_–_H5P,0.08856685027043035,0.1638416950245568,0.0,False,AtomList,GameElementResource,0.07085348021634429,0.0,0.0,-1,rejected,0.0
_:b281,Quizventure,0.08856685027043035,0.1638416950245568,0.0,False,AtomList,GameElementResource,0.07085348021634429,0.0,0.0,-1,rejected,0.0
_:b69,Block_Game,0.08856685027043035,0.1638416950245568,0.0,False,AtomList,GameElementResource,0.07085348021634429,0.0,0.0,-1,rejected,0.0
_:b183,Interactive_Content_–_H5P,0.08856685027043035,0.1638416950245568,0.0,False,AtomList,GameElementResource,0.07085348021634429,0.0,0.0,-1,rejected,0.0
_:b205,Game,0.08856685027043035,0.1638416950245568,0.0,False,AtomList,GameElementResource,0.07085348021634429,0.0,0.0,-1,rejected,0.0
_:b132,Block_Game,0.08856685027043035,0.1638416950245568,0.0,False,AtomList,GameElementResource,0.07085348021634429,0.0,0.0,-1,rejected,0.0
_:b281,Interactive_Content_–_H5P,0.08856685027043035,0.1638416950245568,0.0,False,AtomList,GameElementResource,0.07085348021634429,0.0,0.0,-1,rejected,0.0
_:b34,Interactive_Content_–_H5P,0.08853641855673937,0.1636521491467145,0.0,False,unknown,GameElementResource,0.0708291348453915,0.0,0.0,-1,rejected,0.0
_:b34,Block_Game,0.08853641855673937,0.1636521491467145,0.0,False,unknown,GameElementResource,0.0708291348453915,0.0,0.0,-1,rejected,0.0
_:b34,Game,0.08853641855673937,0.1636521491467145,0.0,False,unknown,GameElementResource,0.0708291348453915,0.0,0.0,-1,rejected,0.0
_:b34,Quizventure,0.08853641855673937,0.1636521491467145,0.0,False,unknown,GameElementResource,0.0708291348453915,0.0,0.0,-1,rejected,0.0
_:b40,Interactive_Content_–_H5P,0.08852990382376975,0.16365535113943802,0.0,False,unknown,GameElementResource,0.0708239230590158,0.0,0.0,-1,rejected,0.0
_:b40,Game,0.08852990382376975,0.16365535113943802,0.0,False,unknown,GameElementResource,0.0708239230590158,0.0,0.0,-1,rejected,0.0
_:b40,Quizventure,0.08852990382376975,0.16365535113943802,0.0,False,unknown,GameElementResource,0.0708239230590158,0.0,0.0,-1,rejected,0.0
_:b40,Block_Game,0.08852990382376975,0.16365535113943802,0.0,False,unknown,GameElementResource,0.0708239230590158,0.0,0.0,-1,rejected,0.0
_:b46,Interactive_Content_–_H5P,0.08852713495888828,0.1636567121590576,0.0,False,unknown,GameElementResource,0.07082170796711063,0.0,0.0,-1,rejected,0.0
_:b46,Quizventure,0.08852713495888828,0.1636567121590576,0.0,False,unknown,GameElementResource,0.07082170796711063,0.0,0.0,-1,rejected,0.0
_:b46,Block_Game,0.08852713495888828,0.1636567121590576,0.0,False,unknown,GameElementResource,0.07082170796711063,0.0,0.0,-1,rejected,0.0
_:b46,Game,0.08852713495888828,0.1636567121590576,0.0,False,unknown,GameElementResource,0.07082170796711063,0.0,0.0,-1,rejected,0.0
_:b51,Game,0.08852595773119626,0.16365729084059022,0.0,False,unknown,GameElementResource,0.07082076618495702,0.0,0.0,-1,rejected,0.0
_:b51,Interactive_Content_–_H5P,0.08852595773119626,0.16365729084059022,0.0,False,unknown,GameElementResource,0.07082076618495702,0.0,0.0,-1,rejected,0.0
_:b51,Block_Game,0.08852595773119626,0.16365729084059022,0.0,False,unknown,GameElementResource,0.07082076618495702,0.0,0.0,-1,rejected,0.0
_:b51,Quizventure,0.08852595773119626,0.16365729084059022,0.0,False,unknown,GameElementResource,0.07082076618495702,0.0,0.0,-1,rejected,0.0
_:b192,Quizventure,0.08851661230100323,0.16386556413527517,0.0,False,AtomList,GameElementResource,0.07081328984080258,0.0,0.0,-1,rejected,0.0
_:b192,Interactive_Content_–_H5P,0.08851661230100323,0.16386556413527517,0.0,False,AtomList,GameElementResource,0.07081328984080258,0.0,0.0,-1,rejected,0.0
_:b192,Block_Game,0.08851661230100323,0.16386556413527517,0.0,False,AtomList,GameElementResource,0.07081328984080258,0.0,0.0,-1,rejected,0.0
_:b192,Game,0.08851661230100323,0.16386556413527517,0.0,False,AtomList,GameElementResource,0.07081328984080258,0.0,0.0,-1,rejected,0.0
_:b249,Quizventure,0.08850131786984303,0.16387283033050826,0.0,False,AtomList,GameElementResource,0.07080105429587442,0.0,0.0,-1,rejected,0.0
_:b279,Block_Game,0.08850131786984303,0.16387283033050826,0.0,False,AtomList,GameElementResource,0.07080105429587442,0.0,0.0,-1,rejected,0.0
_:b141,Block_Game,0.08850131786984303,0.16387283033050826,0.0,False,AtomList,GameElementResource,0.07080105429587442,0.0,0.0,-1,rejected,0.0
_:b181,Interactive_Content_–_H5P,0.08850131786984303,0.16387283033050826,0.0,False,AtomList,GameElementResource,0.07080105429587442,0.0,0.0,-1,rejected,0.0
_:b112,Quizventure,0.08850131786984303,0.16387283033050826,0.0,False,AtomList,GameElementResource,0.07080105429587442,0.0,0.0,-1,rejected,0.0
_:b170,Quizventure,0.08850131786984303,0.16387283033050826,0.0,False,AtomList,GameElementResource,0.07080105429587442,0.0,0.0,-1,rejected,0.0
_:b159,Interactive_Content_–_H5P,0.08850131786984303,0.16387283033050826,0.0,False,AtomList,GameElementResource,0.07080105429587442,0.0,0.0,-1,rejected,0.0
_:b159,Quizventure,0.08850131786984303,0.16387283033050826,0.0,False,AtomList,GameElementResource,0.07080105429587442,0.0,0.0,-1,rejected,0.0
_:b279,Game,0.08850131786984303,0.16387283033050826,0.0,False,AtomList,GameElementResource,0.07080105429587442,0.0,0.0,-1,rejected,0.0
_:b67,Game,0.08850131786984303,0.16387283033050826,0.0,False,AtomList,GameElementResource,0.07080105429587442,0.0,0.0,-1,rejected,0.0
_:b67,Interactive_Content_–_H5P,0.08850131786984303,0.16387283033050826,0.0,False,AtomList,GameElementResource,0.07080105429587442,0.0,0.0,-1,rejected,0.0
_:b268,Block_Game,0.08850131786984303,0.16387283033050826,0.0,False,AtomList,GameElementResource,0.07080105429587442,0.0,0.0,-1,rejected,0.0
_:b67,Block_Game,0.08850131786984303,0.16387283033050826,0.0,False,AtomList,GameElementResource,0.07080105429587442,0.0,0.0,-1,rejected,0.0
_:b181,Quizventure,0.08850131786984303,0.16387283033050826,0.0,False,AtomList,GameElementResource,0.07080105429587442,0.0,0.0,-1,rejected,0.0
_:b279,Interactive_Content_–_H5P,0.08850131786984303,0.16387283033050826,0.0,False,AtomList,GameElementResource,0.07080105429587442,0.0,0.0,-1,rejected,0.0
_:b203,Block_Game,0.08850131786984303,0.16387283033050826,0.0,False,AtomList,GameElementResource,0.07080105429587442,0.0,0.0,-1,rejected,0.0
_:b141,Quizventure,0.08850131786984303,0.16387283033050826,0.0,False,AtomList,GameElementResource,0.07080105429587442,0.0,0.0,-1,rejected,0.0
_:b130,Quizventure,0.08850131786984303,0.16387283033050826,0.0,False,AtomList,GameElementResource,0.07080105429587442,0.0,0.0,-1,rejected,0.0
_:b130,Interactive_Content_–_H5P,0.08850131786984303,0.16387283033050826,0.0,False,AtomList,GameElementResource,0.07080105429587442,0.0,0.0,-1,rejected,0.0
_:b130,Game,0.08850131786984303,0.16387283033050826,0.0,False,AtomList,GameElementResource,0.07080105429587442,0.0,0.0,-1,rejected,0.0
_:b279,Quizventure,0.08850131786984303,0.16387283033050826,0.0,False,AtomList,GameElementResource,0.07080105429587442,0.0,0.0,-1,rejected,0.0
_:b130,Block_Game,0.08850131786984303,0.16387283033050826,0.0,False,AtomList,GameElementResource,0.07080105429587442,0.0,0.0,-1,rejected,0.0
_:b249,Interactive_Content_–_H5P,0.08850131786984303,0.16387283033050826,0.0,False,AtomList,GameElementResource,0.07080105429587442,0.0,0.0,-1,rejected,0.0
_:b203,Interactive_Content_–_H5P,0.08850131786984303,0.16387283033050826,0.0,False,AtomList,GameElementResource,0.07080105429587442,0.0,0.0,-1,rejected,0.0
_:b223,Interactive_Content_–_H5P,0.08850131786984303,0.16387283033050826,0.0,False,AtomList,GameElementResource,0.07080105429587442,0.0,0.0,-1,rejected,0.0
_:b223,Game,0.08850131786984303,0.16387283033050826,0.0,False,AtomList,GameElementResource,0.07080105429587442,0.0,0.0,-1,rejected,0.0
_:b249,Game,0.08850131786984303,0.16387283033050826,0.0,False,AtomList,GameElementResource,0.07080105429587442,0.0,0.0,-1,rejected,0.0
_:b249,Block_Game,0.08850131786984303,0.16387283033050826,0.0,False,AtomList,GameElementResource,0.07080105429587442,0.0,0.0,-1,rejected,0.0
_:b141,Interactive_Content_–_H5P,0.08850131786984303,0.16387283033050826,0.0,False,AtomList,GameElementResource,0.07080105429587442,0.0,0.0,-1,rejected,0.0
_:b141,Game,0.08850131786984303,0.16387283033050826,0.0,False,AtomList,GameElementResource,0.07080105429587442,0.0,0.0,-1,rejected,0.0
_:b181,Block_Game,0.08850131786984303,0.16387283033050826,0.0,False,AtomList,GameElementResource,0.07080105429587442,0.0,0.0,-1,rejected,0.0
_:b181,Game,0.08850131786984303,0.16387283033050826,0.0,False,AtomList,GameElementResource,0.07080105429587442,0.0,0.0,-1,rejected,0.0
_:b223,Block_Game,0.08850131786984303,0.16387283033050826,0.0,False,AtomList,GameElementResource,0.07080105429587442,0.0,0.0,-1,rejected,0.0
_:b67,Quizventure,0.08850131786984303,0.16387283033050826,0.0,False,AtomList,GameElementResource,0.07080105429587442,0.0,0.0,-1,rejected,0.0
_:b170,Interactive_Content_–_H5P,0.08850131786984303,0.16387283033050826,0.0,False,AtomList,GameElementResource,0.07080105429587442,0.0,0.0,-1,rejected,0.0
_:b170,Game,0.08850131786984303,0.16387283033050826,0.0,False,AtomList,GameElementResource,0.07080105429587442,0.0,0.0,-1,rejected,0.0
_:b170,Block_Game,0.08850131786984303,0.16387283033050826,0.0,False,AtomList,GameElementResource,0.07080105429587442,0.0,0.0,-1,rejected,0.0
_:b203,Game,0.08850131786984303,0.16387283033050826,0.0,False,AtomList,GameElementResource,0.07080105429587442,0.0,0.0,-1,rejected,0.0
_:b121,Block_Game,0.08850131786984303,0.16387283033050826,0.0,False,AtomList,GameElementResource,0.07080105429587442,0.0,0.0,-1,rejected,0.0
_:b121,Game,0.08850131786984303,0.16387283033050826,0.0,False,AtomList,GameElementResource,0.07080105429587442,0.0,0.0,-1,rejected,0.0
_:b121,Interactive_Content_–_H5P,0.08850131786984303,0.16387283033050826,0.0,False,AtomList,GameElementResource,0.07080105429587442,0.0,0.0,-1,rejected,0.0
_:b159,Game,0.08850131786984303,0.16387283033050826,0.0,False,AtomList,GameElementResource,0.07080105429587442,0.0,0.0,-1,rejected,0.0
_:b159,Block_Game,0.08850131786984303,0.16387283033050826,0.0,False,AtomList,GameElementResource,0.07080105429587442,0.0,0.0,-1,rejected,0.0
_:b212,Quizventure,0.08850131786984303,0.16387283033050826,0.0,False,AtomList,GameElementResource,0.07080105429587442,0.0,0.0,-1,rejected,0.0
_:b212,Interactive_Content_–_H5P,0.08850131786984303,0.16387283033050826,0.0,False,AtomList,GameElementResource,0.07080105429587442,0.0,0.0,-1,rejected,0.0
_:b78,Block_Game,0.08850131786984303,0.16387283033050826,0.0,False,AtomList,GameElementResource,0.07080105429587442,0.0,0.0,-1,rejected,0.0
_:b268,Interactive_Content_–_H5P,0.08850131786984303,0.16387283033050826,0.0,False,AtomList,GameElementResource,0.07080105429587442,0.0,0.0,-1,rejected,0.0
_:b268,Quizventure,0.08850131786984303,0.16387283033050826,0.0,False,AtomList,GameElementResource,0.07080105429587442,0.0,0.0,-1,rejected,0.0
_:b212,Block_Game,0.08850131786984303,0.16387283033050826,0.0,False,AtomList,GameElementResource,0.07080105429587442,0.0,0.0,-1,rejected,0.0
_:b212,Game,0.08850131786984303,0.16387283033050826,0.0,False,AtomList,GameElementResource,0.07080105429587442,0.0,0.0,-1,rejected,0.0
_:b268,Game,0.08850131786984303,0.16387283033050826,0.0,False,AtomList,GameElementResource,0.07080105429587442,0.0,0.0,-1,rejected,0.0
_:b112,Interactive_Content_–_H5P,0.08850131786984303,0.16387283033050826,0.0,False,AtomList,GameElementResource,0.07080105429587442,0.0,0.0,-1,rejected,0.0
_:b78,Interactive_Content_–_H5P,0.08850131786984303,0.16387283033050826,0.0,False,AtomList,GameElementResource,0.07080105429587442,0.0,0.0,-1,rejected,0.0
_:b78,Quizventure,0.08850131786984303,0.16387283033050826,0.0,False,AtomList,GameElementResource,0.07080105429587442,0.0,0.0,-1,rejected,0.0
_:b112,Block_Game,0.08850131786984303,0.16387283033050826,0.0,False,AtomList,GameElementResource,0.07080105429587442,0.0,0.0,-1,rejected,0.0
_:b112,Game,0.08850131786984303,0.16387283033050826,0.0,False,AtomList,GameElementResource,0.07080105429587442,0.0,0.0,-1,rejected,0.0
_:b78,Game,0.08850131786984303,0.16387283033050826,0.0,False,AtomList,GameElementResource,0.07080105429587442,0.0,0.0,-1,rejected,0.0
_:b203,Quizventure,0.08850131786984303,0.16387283033050826,0.0,False,AtomList,GameElementResource,0.07080105429587442,0.0,0.0,-1,rejected,0.0
_:b223,Quizventure,0.08850131786984303,0.16387283033050826,0.0,False,AtomList,GameElementResource,0.07080105429587442,0.0,0.0,-1,rejected,0.0
_:b121,Quizventure,0.08850131786984303,0.16387283033050826,0.0,False,AtomList,GameElementResource,0.07080105429587442,0.0,0.0,-1,rejected,0.0
_:b89,Block_Game,0.08850131786984303,0.16387283033050826,0.0,False,AtomList,GameElementResource,0.07080105429587442,0.0,0.0,-1,rejected,0.0
_:b89,Game,0.08850131786984303,0.16387283033050826,0.0,False,AtomList,GameElementResource,0.07080105429587442,0.0,0.0,-1,rejected,0.0
_:b89,Interactive_Content_–_H5P,0.08850131786984303,0.16387283033050826,0.0,False,AtomList,GameElementResource,0.07080105429587442,0.0,0.0,-1,rejected,0.0
_:b89,Quizventure,0.08850131786984303,0.16387283033050826,0.0,False,AtomList,GameElementResource,0.07080105429587442,0.0,0.0,-1,rejected,0.0
_:b146,Game,0.08850131190937856,0.16387281704517834,0.0,False,AtomList,GameElementResource,0.07080104952750285,0.0,0.0,-1,rejected,0.0
_:b146,Block_Game,0.08850131190937856,0.16387281704517834,0.0,False,AtomList,GameElementResource,0.07080104952750285,0.0,0.0,-1,rejected,0.0
_:b152,Block_Game,0.08850131190937856,0.16387281704517834,0.0,False,AtomList,GameElementResource,0.07080104952750285,0.0,0.0,-1,rejected,0.0
_:b146,Quizventure,0.08850131190937856,0.16387281704517834,0.0,False,AtomList,GameElementResource,0.07080104952750285,0.0,0.0,-1,rejected,0.0
_:b135,Game,0.08850131190937856,0.16387281704517834,0.0,False,AtomList,GameElementResource,0.07080104952750285,0.0,0.0,-1,rejected,0.0
_:b135,Interactive_Content_–_H5P,0.08850131190937856,0.16387281704517834,0.0,False,AtomList,GameElementResource,0.07080104952750285,0.0,0.0,-1,rejected,0.0
_:b135,Quizventure,0.08850131190937856,0.16387281704517834,0.0,False,AtomList,GameElementResource,0.07080104952750285,0.0,0.0,-1,rejected,0.0
_:b135,Block_Game,0.08850131190937856,0.16387281704517834,0.0,False,AtomList,GameElementResource,0.07080104952750285,0.0,0.0,-1,rejected,0.0
_:b228,Game,0.08850131190937856,0.16387281704517834,0.0,False,AtomList,GameElementResource,0.07080104952750285,0.0,0.0,-1,rejected,0.0
_:b228,Block_Game,0.08850131190937856,0.16387281704517834,0.0,False,AtomList,GameElementResource,0.07080104952750285,0.0,0.0,-1,rejected,0.0
_:b217,Block_Game,0.08850131190937856,0.16387281704517834,0.0,False,AtomList,GameElementResource,0.07080104952750285,0.0,0.0,-1,rejected,0.0
_:b217,Quizventure,0.08850131190937856,0.16387281704517834,0.0,False,AtomList,GameElementResource,0.07080104952750285,0.0,0.0,-1,rejected,0.0
_:b217,Interactive_Content_–_H5P,0.08850131190937856,0.16387281704517834,0.0,False,AtomList,GameElementResource,0.07080104952750285,0.0,0.0,-1,rejected,0.0
_:b217,Game,0.08850131190937856,0.16387281704517834,0.0,False,AtomList,GameElementResource,0.07080104952750285,0.0,0.0,-1,rejected,0.0
_:b146,Interactive_Content_–_H5P,0.08850131190937856,0.16387281704517834,0.0,False,AtomList,GameElementResource,0.07080104952750285,0.0,0.0,-1,rejected,0.0
_:b228,Interactive_Content_–_H5P,0.08850131190937856,0.16387281704517834,0.0,False,AtomList,GameElementResource,0.07080104952750285,0.0,0.0,-1,rejected,0.0
_:b152,Game,0.08850131190937856,0.16387281704517834,0.0,False,AtomList,GameElementResource,0.07080104952750285,0.0,0.0,-1,rejected,0.0
_:b152,Quizventure,0.08850131190937856,0.16387281704517834,0.0,False,AtomList,GameElementResource,0.07080104952750285,0.0,0.0,-1,rejected,0.0
_:b228,Quizventure,0.08850131190937856,0.16387281704517834,0.0,False,AtomList,GameElementResource,0.07080104952750285,0.0,0.0,-1,rejected,0.0
_:b152,Interactive_Content_–_H5P,0.08850131190937856,0.16387281704517834,0.0,False,AtomList,GameElementResource,0.07080104952750285,0.0,0.0,-1,rejected,0.0
_:b54,Game,0.08846918285553194,0.16368523108261562,0.0,False,unknown,GameElementResource,0.07077534628442556,0.0,0.0,-1,rejected,0.0
_:b54,Block_Game,0.08846918285553194,0.16368523108261562,0.0,False,unknown,GameElementResource,0.07077534628442556,0.0,0.0,-1,rejected,0.0
_:b54,Quizventure,0.08846918285553194,0.16368523108261562,0.0,False,unknown,GameElementResource,0.07077534628442556,0.0,0.0,-1,rejected,0.0
_:b54,Interactive_Content_–_H5P,0.08846918285553194,0.16368523108261562,0.0,False,unknown,GameElementResource,0.07077534628442556,0.0,0.0,-1,rejected,0.0
_:b20,Block_Game,0.08846918285553194,0.16368523108261562,0.0,False,unknown,GameElementResource,0.07077534628442556,0.0,0.0,-1,rejected,0.0
_:b20,Interactive_Content_–_H5P,0.08846918285553194,0.16368523108261562,0.0,False,unknown,GameElementResource,0.07077534628442556,0.0,0.0,-1,rejected,0.0
_:b20,Game,0.08846918285553194,0.16368523108261562,0.0,False,unknown,GameElementResource,0.07077534628442556,0.0,0.0,-1,rejected,0.0
_:b20,Quizventure,0.08846918285553194,0.16368523108261562,0.0,False,unknown,GameElementResource,0.07077534628442556,0.0,0.0,-1,rejected,0.0
_:b26,Block_Game,0.08813402338388886,0.16396430383016097,0.0,False,unknown,GameElementResource,0.07050721870711109,0.0,0.0,-1,rejected,0.0
_:b26,Interactive_Content_–_H5P,0.08813402338388886,0.16396430383016097,0.0,False,unknown,GameElementResource,0.07050721870711109,0.0,0.0,-1,rejected,0.0
_:b26,Game,0.08813402338388886,0.16396430383016097,0.0,False,unknown,GameElementResource,0.07050721870711109,0.0,0.0,-1,rejected,0.0
_:b26,Quizventure,0.08813402338388886,0.16396430383016097,0.0,False,unknown,GameElementResource,0.07050721870711109,0.0,0.0,-1,rejected,0.0
_:b32,Game,0.08809715294369266,0.1639821019020743,0.0,False,unknown,GameElementResource,0.07047772235495413,0.0,0.0,-1,rejected,0.0
_:b32,Quizventure,0.08809715294369266,0.1639821019020743,0.0,False,unknown,GameElementResource,0.07047772235495413,0.0,0.0,-1,rejected,0.0
_:b32,Interactive_Content_–_H5P,0.08809715294369266,0.1639821019020743,0.0,False,unknown,GameElementResource,0.07047772235495413,0.0,0.0,-1,rejected,0.0
_:b32,Block_Game,0.08809715294369266,0.1639821019020743,0.0,False,unknown,GameElementResource,0.07047772235495413,0.0,0.0,-1,rejected,0.0
_:b38,Block_Game,0.08808150864683265,0.16398964149061657,0.0,False,unknown,GameElementResource,0.07046520691746612,0.0,0.0,-1,rejected,0.0
_:b38,Game,0.08808150864683265,0.16398964149061657,0.0,False,unknown,GameElementResource,0.07046520691746612,0.0,0.0,-1,rejected,0.0
_:b38,Interactive_Content_–_H5P,0.08808150864683265,0.16398964149061657,0.0,False,unknown,GameElementResource,0.07046520691746612,0.0,0.0,-1,rejected,0.0
_:b38,Quizventure,0.08808150864683265,0.16398964149061657,0.0,False,unknown,GameElementResource,0.07046520691746612,0.0,0.0,-1,rejected,0.0
_:b44,Quizventure,0.08807486566919101,0.16399285057728055,0.0,False,unknown,GameElementResource,0.07045989253535281,0.0,0.0,-1,rejected,0.0
_:b44,Block_Game,0.08807486566919101,0.16399285057728055,0.0,False,unknown,GameElementResource,0.07045989253535281,0.0,0.0,-1,rejected,0.0
_:b44,Interactive_Content_–_H5P,0.08807486566919101,0.16399285057728055,0.0,False,unknown,GameElementResource,0.07045989253535281,0.0,0.0,-1,rejected,0.0
_:b44,Game,0.08807486566919101,0.16399285057728055,0.0,False,unknown,GameElementResource,0.07045989253535281,0.0,0.0,-1,rejected,0.0
_:b49,Block_Game,0.08807204822751388,0.163994227928695,0.0,False,unknown,GameElementResource,0.07045763858201111,0.0,0.0,-1,rejected,0.0
_:b49,Game,0.08807204822751388,0.163994227928695,0.0,False,unknown,GameElementResource,0.07045763858201111,0.0,0.0,-1,rejected,0.0
_:b49,Quizventure,0.08807204822751388,0.163994227928695,0.0,False,unknown,GameElementResource,0.07045763858201111,0.0,0.0,-1,rejected,0.0
_:b49,Interactive_Content_–_H5P,0.08807204822751388,0.163994227928695,0.0,False,unknown,GameElementResource,0.07045763858201111,0.0,0.0,-1,rejected,0.0
_:b19,Quizventure,0.08793639196408601,0.16405988935143626,0.0,False,unknown,GameElementResource,0.07034911357126881,0.0,0.0,-1,rejected,0.0
_:b19,Block_Game,0.08793639196408601,0.16405988935143626,0.0,False,unknown,GameElementResource,0.07034911357126881,0.0,0.0,-1,rejected,0.0
_:b19,Interactive_Content_–_H5P,0.08793639196408601,0.16405988935143626,0.0,False,unknown,GameElementResource,0.07034911357126881,0.0,0.0,-1,rejected,0.0
_:b53,Game,0.08793639196408601,0.16405988935143626,0.0,False,unknown,GameElementResource,0.07034911357126881,0.0,0.0,-1,rejected,0.0
_:b53,Interactive_Content_–_H5P,0.08793639196408601,0.16405988935143626,0.0,False,unknown,GameElementResource,0.07034911357126881,0.0,0.0,-1,rejected,0.0
_:b19,Game,0.08793639196408601,0.16405988935143626,0.0,False,unknown,GameElementResource,0.07034911357126881,0.0,0.0,-1,rejected,0.0
_:b53,Block_Game,0.08793639196408601,0.16405988935143626,0.0,False,unknown,GameElementResource,0.07034911357126881,0.0,0.0,-1,rejected,0.0
_:b53,Quizventure,0.08793639196408601,0.16405988935143626,0.0,False,unknown,GameElementResource,0.07034911357126881,0.0,0.0,-1,rejected,0.0
_:b28,Block_Game,0.0878850882978974,0.164084771543572,0.0,False,unknown,GameElementResource,0.07030807063831793,0.0,0.0,-1,rejected,0.0
_:b28,Quizventure,0.0878850882978974,0.164084771543572,0.0,False,unknown,GameElementResource,0.07030807063831793,0.0,0.0,-1,rejected,0.0
_:b28,Interactive_Content_–_H5P,0.0878850882978974,0.164084771543572,0.0,False,unknown,GameElementResource,0.07030807063831793,0.0,0.0,-1,rejected,0.0
_:b28,Game,0.0878850882978974,0.164084771543572,0.0,False,unknown,GameElementResource,0.07030807063831793,0.0,0.0,-1,rejected,0.0
_:b21,Game,0.08787674915579516,0.16408881575004494,0.0,False,unknown,GameElementResource,0.07030139932463612,0.0,0.0,-1,rejected,0.0
_:b23,Interactive_Content_–_H5P,0.08787674915579516,0.16408881575004494,0.0,False,unknown,GameElementResource,0.07030139932463612,0.0,0.0,-1,rejected,0.0
_:b23,Game,0.08787674915579516,0.16408881575004494,0.0,False,unknown,GameElementResource,0.07030139932463612,0.0,0.0,-1,rejected,0.0
_:b23,Block_Game,0.08787674915579516,0.16408881575004494,0.0,False,unknown,GameElementResource,0.07030139932463612,0.0,0.0,-1,rejected,0.0
_:b21,Quizventure,0.08787674915579516,0.16408881575004494,0.0,False,unknown,GameElementResource,0.07030139932463612,0.0,0.0,-1,rejected,0.0
_:b21,Interactive_Content_–_H5P,0.08787674915579516,0.16408881575004494,0.0,False,unknown,GameElementResource,0.07030139932463612,0.0,0.0,-1,rejected,0.0
_:b21,Block_Game,0.08787674915579516,0.16408881575004494,0.0,False,unknown,GameElementResource,0.07030139932463612,0.0,0.0,-1,rejected,0.0
_:b23,Quizventure,0.08787674915579516,0.16408881575004494,0.0,False,unknown,GameElementResource,0.07030139932463612,0.0,0.0,-1,rejected,0.0
_:b22,Quizventure,0.08777742701894067,0.16413705059789194,0.0,False,unknown,GameElementResource,0.07022194161515254,0.0,0.0,-1,rejected,0.0
_:b22,Block_Game,0.08777742701894067,0.16413705059789194,0.0,False,unknown,GameElementResource,0.07022194161515254,0.0,0.0,-1,rejected,0.0
_:b25,Game,0.08777742701894067,0.16413705059789194,0.0,False,unknown,GameElementResource,0.07022194161515254,0.0,0.0,-1,rejected,0.0
_:b25,Block_Game,0.08777742701894067,0.16413705059789194,0.0,False,unknown,GameElementResource,0.07022194161515254,0.0,0.0,-1,rejected,0.0
_:b25,Quizventure,0.08777742701894067,0.16413705059789194,0.0,False,unknown,GameElementResource,0.07022194161515254,0.0,0.0,-1,rejected,0.0
_:b25,Interactive_Content_–_H5P,0.08777742701894067,0.16413705059789194,0.0,False,unknown,GameElementResource,0.07022194161515254,0.0,0.0,-1,rejected,0.0
_:b22,Game,0.08777742701894067,0.16413705059789194,0.0,False,unknown,GameElementResource,0.07022194161515254,0.0,0.0,-1,rejected,0.0
_:b22,Interactive_Content_–_H5P,0.08777742701894067,0.16413705059789194,0.0,False,unknown,GameElementResource,0.07022194161515254,0.0,0.0,-1,rejected,0.0
_:b31,Interactive_Content_–_H5P,0.08773547923365502,0.16415744332516866,0.0,False,unknown,GameElementResource,0.07018838338692401,0.0,0.0,-1,rejected,0.0
_:b31,Game,0.08773547923365502,0.16415744332516866,0.0,False,unknown,GameElementResource,0.07018838338692401,0.0,0.0,-1,rejected,0.0
_:b31,Block_Game,0.08773547923365502,0.16415744332516866,0.0,False,unknown,GameElementResource,0.07018838338692401,0.0,0.0,-1,rejected,0.0
_:b31,Quizventure,0.08773547923365502,0.16415744332516866,0.0,False,unknown,GameElementResource,0.07018838338692401,0.0,0.0,-1,rejected,0.0
_:b37,Quizventure,0.0877176957668602,0.16416609368387805,0.0,False,unknown,GameElementResource,0.07017415661348816,0.0,0.0,-1,rejected,0.0
_:b37,Block_Game,0.0877176957668602,0.16416609368387805,0.0,False,unknown,GameElementResource,0.07017415661348816,0.0,0.0,-1,rejected,0.0
_:b37,Interactive_Content_–_H5P,0.0877176957668602,0.16416609368387805,0.0,False,unknown,GameElementResource,0.07017415661348816,0.0,0.0,-1,rejected,0.0
_:b37,Game,0.0877176957668602,0.16416609368387805,0.0,False,unknown,GameElementResource,0.07017415661348816,0.0,0.0,-1,rejected,0.0
UserGroup,bonusPoints,0.08771348467936894,0.16404350900436998,0.0,False,unknown,BonusPoints,0.07017078774349515,0.0,0.0,-1,rejected,0.0
_:b43,Block_Game,0.08771014398125732,0.16416976797686336,0.0,False,unknown,GameElementResource,0.07016811518500586,0.0,0.0,-1,rejected,0.0
_:b43,Game,0.08771014398125732,0.16416976797686336,0.0,False,unknown,GameElementResource,0.07016811518500586,0.0,0.0,-1,rejected,0.0
_:b43,Quizventure,0.08771014398125732,0.16416976797686336,0.0,False,unknown,GameElementResource,0.07016811518500586,0.0,0.0,-1,rejected,0.0
_:b43,Interactive_Content_–_H5P,0.08771014398125732,0.16416976797686336,0.0,False,unknown,GameElementResource,0.07016811518500586,0.0,0.0,-1,rejected,0.0
_:b106,Game,0.08770454509792339,0.16417250863666719,0.0,False,unknown,GameElementResource,0.07016363607833871,0.0,0.0,-1,rejected,0.0
_:b106,Block_Game,0.08770454509792339,0.16417250863666719,0.0,False,unknown,GameElementResource,0.07016363607833871,0.0,0.0,-1,rejected,0.0
_:b106,Interactive_Content_–_H5P,0.08770454509792339,0.16417250863666719,0.0,False,unknown,GameElementResource,0.07016363607833871,0.0,0.0,-1,rejected,0.0
_:b106,Quizventure,0.08770454509792339,0.16417250863666719,0.0,False,unknown,GameElementResource,0.07016363607833871,0.0,0.0,-1,rejected,0.0
_:b105,Block_Game,0.08770451052106204,0.16417250926515908,0.0,False,unknown,GameElementResource,0.07016360841684964,0.0,0.0,-1,rejected,0.0
_:b105,Interactive_Content_–_H5P,0.08770451052106204,0.16417250926515908,0.0,False,unknown,GameElementResource,0.07016360841684964,0.0,0.0,-1,rejected,0.0
_:b105,Game,0.08770451052106204,0.16417250926515908,0.0,False,unknown,GameElementResource,0.07016360841684964,0.0,0.0,-1,rejected,0.0
_:b105,Quizventure,0.08770451052106204,0.16417250926515908,0.0,False,unknown,GameElementResource,0.07016360841684964,0.0,0.0,-1,rejected,0.0
_:b175,Game,0.087701003907217,0.16417423196115388,0.0,False,unknown,GameElementResource,0.0701608031257736,0.0,0.0,-1,rejected,0.0
_:b175,Interactive_Content_–_H5P,0.087701003907217,0.16417423196115388,0.0,False,unknown,GameElementResource,0.0701608031257736,0.0,0.0,-1,rejected,0.0
_:b186,Block_Game,0.087701003907217,0.16417423196115388,0.0,False,unknown,GameElementResource,0.0701608031257736,0.0,0.0,-1,rejected,0.0
_:b175,Block_Game,0.087701003907217,0.16417423196115388,0.0,False,unknown,GameElementResource,0.0701608031257736,0.0,0.0,-1,rejected,0.0
_:b186,Interactive_Content_–_H5P,0.087701003907217,0.16417423196115388,0.0,False,unknown,GameElementResource,0.0701608031257736,0.0,0.0,-1,rejected,0.0
_:b186,Game,0.087701003907217,0.16417423196115388,0.0,False,unknown,GameElementResource,0.0701608031257736,0.0,0.0,-1,rejected,0.0
_:b186,Quizventure,0.087701003907217,0.16417423196115388,0.0,False,unknown,GameElementResource,0.0701608031257736,0.0,0.0,-1,rejected,0.0
_:b175,Quizventure,0.087701003907217,0.16417423196115388,0.0,False,unknown,GameElementResource,0.0701608031257736,0.0,0.0,-1,rejected,0.0
_:b164,Quizventure,0.087701003907217,0.16417423196115388,0.0,False,unknown,GameElementResource,0.0701608031257736,0.0,0.0,-1,rejected,0.0
_:b164,Block_Game,0.087701003907217,0.16417423196115388,0.0,False,unknown,GameElementResource,0.0701608031257736,0.0,0.0,-1,rejected,0.0
_:b164,Game,0.087701003907217,0.16417423196115388,0.0,False,unknown,GameElementResource,0.0701608031257736,0.0,0.0,-1,rejected,0.0
_:b164,Interactive_Content_–_H5P,0.087701003907217,0.16417423196115388,0.0,False,unknown,GameElementResource,0.0701608031257736,0.0,0.0,-1,rejected,0.0
_:b185,Quizventure,0.08769618875152072,0.1641765592529514,0.0,False,unknown,GameElementResource,0.07015695100121658,0.0,0.0,-1,rejected,0.0
_:b174,Interactive_Content_–_H5P,0.08769618875152072,0.1641765592529514,0.0,False,unknown,GameElementResource,0.07015695100121658,0.0,0.0,-1,rejected,0.0
_:b174,Block_Game,0.08769618875152072,0.1641765592529514,0.0,False,unknown,GameElementResource,0.07015695100121658,0.0,0.0,-1,rejected,0.0
_:b185,Game,0.08769618875152072,0.1641765592529514,0.0,False,unknown,GameElementResource,0.07015695100121658,0.0,0.0,-1,rejected,0.0
_:b185,Block_Game,0.08769618875152072,0.1641765592529514,0.0,False,unknown,GameElementResource,0.07015695100121658,0.0,0.0,-1,rejected,0.0
_:b185,Interactive_Content_–_H5P,0.08769618875152072,0.1641765592529514,0.0,False,unknown,GameElementResource,0.07015695100121658,0.0,0.0,-1,rejected,0.0
_:b163,Quizventure,0.08769618875152072,0.1641765592529514,0.0,False,unknown,GameElementResource,0.07015695100121658,0.0,0.0,-1,rejected,0.0
_:b163,Block_Game,0.08769618875152072,0.1641765592529514,0.0,False,unknown,GameElementResource,0.07015695100121658,0.0,0.0,-1,rejected,0.0
_:b174,Game,0.08769618875152072,0.1641765592529514,0.0,False,unknown,GameElementResource,0.07015695100121658,0.0,0.0,-1,rejected,0.0
_:b163,Interactive_Content_–_H5P,0.08769618875152072,0.1641765592529514,0.0,False,unknown,GameElementResource,0.07015695100121658,0.0,0.0,-1,rejected,0.0
_:b163,Game,0.08769618875152072,0.1641765592529514,0.0,False,unknown,GameElementResource,0.07015695100121658,0.0,0.0,-1,rejected,0.0
_:b174,Quizventure,0.08769618875152072,0.1641765592529514,0.0,False,unknown,GameElementResource,0.07015695100121658,0.0,0.0,-1,rejected,0.0
_:b94,Interactive_Content_–_H5P,0.0876252906579598,0.16398296037788415,0.0,False,IndividualPropertyAtom,GameElementResource,0.07010023252636785,0.0,0.0,-1,rejected,0.0
_:b94,Block_Game,0.0876252906579598,0.16398296037788415,0.0,False,IndividualPropertyAtom,GameElementResource,0.07010023252636785,0.0,0.0,-1,rejected,0.0
_:b94,Quizventure,0.0876252906579598,0.16398296037788415,0.0,False,IndividualPropertyAtom,GameElementResource,0.07010023252636785,0.0,0.0,-1,rejected,0.0
_:b94,Game,0.0876252906579598,0.16398296037788415,0.0,False,IndividualPropertyAtom,GameElementResource,0.07010023252636785,0.0,0.0,-1,rejected,0.0
_:b254,Block_Game,0.08762528469749534,0.16398294706167554,0.0,False,IndividualPropertyAtom,GameElementResource,0.07010022775799628,0.0,0.0,-1,rejected,0.0
_:b254,Game,0.08762528469749534,0.16398294706167554,0.0,False,IndividualPropertyAtom,GameElementResource,0.07010022775799628,0.0,0.0,-1,rejected,0.0
_:b254,Interactive_Content_–_H5P,0.08762528469749534,0.16398294706167554,0.0,False,IndividualPropertyAtom,GameElementResource,0.07010022775799628,0.0,0.0,-1,rejected,0.0
_:b254,Quizventure,0.08762528469749534,0.16398294706167554,0.0,False,IndividualPropertyAtom,GameElementResource,0.07010022775799628,0.0,0.0,-1,rejected,0.0
_:b92,Interactive_Content_–_H5P,0.08761958320106358,0.16398626858657908,0.0,False,IndividualPropertyAtom,GameElementResource,0.07009566656085087,0.0,0.0,-1,rejected,0.0
_:b92,Game,0.08761958320106358,0.16398626858657908,0.0,False,IndividualPropertyAtom,GameElementResource,0.07009566656085087,0.0,0.0,-1,rejected,0.0
_:b92,Quizventure,0.08761958320106358,0.16398626858657908,0.0,False,IndividualPropertyAtom,GameElementResource,0.07009566656085087,0.0,0.0,-1,rejected,0.0
_:b92,Block_Game,0.08761958320106358,0.16398626858657908,0.0,False,IndividualPropertyAtom,GameElementResource,0.07009566656085087,0.0,0.0,-1,rejected,0.0
_:b122,Quizventure,0.08693951732071442,0.16432009545710718,0.0,False,IndividualPropertyAtom,GameElementResource,0.06955161385657153,0.0,0.0,-1,rejected,0.0
_:b122,Interactive_Content_–_H5P,0.08693951732071442,0.16432009545710718,0.0,False,IndividualPropertyAtom,GameElementResource,0.06955161385657153,0.0,0.0,-1,rejected,0.0
_:b131,Block_Game,0.08693951732071442,0.16432009545710718,0.0,False,IndividualPropertyAtom,GameElementResource,0.06955161385657153,0.0,0.0,-1,rejected,0.0
_:b142,Block_Game,0.08693951732071442,0.16432009545710718,0.0,False,IndividualPropertyAtom,GameElementResource,0.06955161385657153,0.0,0.0,-1,rejected,0.0
_:b142,Interactive_Content_–_H5P,0.08693951732071442,0.16432009545710718,0.0,False,IndividualPropertyAtom,GameElementResource,0.06955161385657153,0.0,0.0,-1,rejected,0.0
_:b213,Block_Game,0.08693951732071442,0.16432009545710718,0.0,False,IndividualPropertyAtom,GameElementResource,0.06955161385657153,0.0,0.0,-1,rejected,0.0
_:b142,Game,0.08693951732071442,0.16432009545710718,0.0,False,IndividualPropertyAtom,GameElementResource,0.06955161385657153,0.0,0.0,-1,rejected,0.0
_:b113,Block_Game,0.08693951732071442,0.16432009545710718,0.0,False,IndividualPropertyAtom,GameElementResource,0.06955161385657153,0.0,0.0,-1,rejected,0.0
_:b224,Quizventure,0.08693951732071442,0.16432009545710718,0.0,False,IndividualPropertyAtom,GameElementResource,0.06955161385657153,0.0,0.0,-1,rejected,0.0
_:b224,Interactive_Content_–_H5P,0.08693951732071442,0.16432009545710718,0.0,False,IndividualPropertyAtom,GameElementResource,0.06955161385657153,0.0,0.0,-1,rejected,0.0
_:b131,Quizventure,0.08693951732071442,0.16432009545710718,0.0,False,IndividualPropertyAtom,GameElementResource,0.06955161385657153,0.0,0.0,-1,rejected,0.0
_:b213,Interactive_Content_–_H5P,0.08693951732071442,0.16432009545710718,0.0,False,IndividualPropertyAtom,GameElementResource,0.06955161385657153,0.0,0.0,-1,rejected,0.0
_:b213,Game,0.08693951732071442,0.16432009545710718,0.0,False,IndividualPropertyAtom,GameElementResource,0.06955161385657153,0.0,0.0,-1,rejected,0.0
_:b204,Quizventure,0.08693951732071442,0.16432009545710718,0.0,False,IndividualPropertyAtom,GameElementResource,0.06955161385657153,0.0,0.0,-1,rejected,0.0
_:b142,Quizventure,0.08693951732071442,0.16432009545710718,0.0,False,IndividualPropertyAtom,GameElementResource,0.06955161385657153,0.0,0.0,-1,rejected,0.0
_:b131,Interactive_Content_–_H5P,0.08693951732071442,0.16432009545710718,0.0,False,IndividualPropertyAtom,GameElementResource,0.06955161385657153,0.0,0.0,-1,rejected,0.0
_:b213,Quizventure,0.08693951732071442,0.16432009545710718,0.0,False,IndividualPropertyAtom,GameElementResource,0.06955161385657153,0.0,0.0,-1,rejected,0.0
_:b204,Block_Game,0.08693951732071442,0.16432009545710718,0.0,False,IndividualPropertyAtom,GameElementResource,0.06955161385657153,0.0,0.0,-1,rejected,0.0
_:b113,Interactive_Content_–_H5P,0.08693951732071442,0.16432009545710718,0.0,False,IndividualPropertyAtom,GameElementResource,0.06955161385657153,0.0,0.0,-1,rejected,0.0
_:b113,Game,0.08693951732071442,0.16432009545710718,0.0,False,IndividualPropertyAtom,GameElementResource,0.06955161385657153,0.0,0.0,-1,rejected,0.0
_:b224,Game,0.08693951732071442,0.16432009545710718,0.0,False,IndividualPropertyAtom,GameElementResource,0.06955161385657153,0.0,0.0,-1,rejected,0.0
_:b122,Game,0.08693951732071442,0.16432009545710718,0.0,False,IndividualPropertyAtom,GameElementResource,0.06955161385657153,0.0,0.0,-1,rejected,0.0
_:b122,Block_Game,0.08693951732071442,0.16432009545710718,0.0,False,IndividualPropertyAtom,GameElementResource,0.06955161385657153,0.0,0.0,-1,rejected,0.0
_:b269,Game,0.08693951732071442,0.16432009545710718,0.0,False,IndividualPropertyAtom,GameElementResource,0.06955161385657153,0.0,0.0,-1,rejected,0.0
_:b269,Block_Game,0.08693951732071442,0.16432009545710718,0.0,False,IndividualPropertyAtom,GameElementResource,0.06955161385657153,0.0,0.0,-1,rejected,0.0
_:b269,Interactive_Content_–_H5P,0.08693951732071442,0.16432009545710718,0.0,False,IndividualPropertyAtom,GameElementResource,0.06955161385657153,0.0,0.0,-1,rejected,0.0
_:b131,Game,0.08693951732071442,0.16432009545710718,0.0,False,IndividualPropertyAtom,GameElementResource,0.06955161385657153,0.0,0.0,-1,rejected,0.0
_:b224,Block_Game,0.08693951732071442,0.16432009545710718,0.0,False,IndividualPropertyAtom,GameElementResource,0.06955161385657153,0.0,0.0,-1,rejected,0.0
_:b113,Quizventure,0.08693951732071442,0.16432009545710718,0.0,False,IndividualPropertyAtom,GameElementResource,0.06955161385657153,0.0,0.0,-1,rejected,0.0
_:b269,Quizventure,0.08693951732071442,0.16432009545710718,0.0,False,IndividualPropertyAtom,GameElementResource,0.06955161385657153,0.0,0.0,-1,rejected,0.0
_:b204,Interactive_Content_–_H5P,0.08693951732071442,0.16432009545710718,0.0,False,IndividualPropertyAtom,GameElementResource,0.06955161385657153,0.0,0.0,-1,rejected,0.0
_:b204,Game,0.08693951732071442,0.16432009545710718,0.0,False,IndividualPropertyAtom,GameElementResource,0.06955161385657153,0.0,0.0,-1,rejected,0.0
_:b250,Block_Game,0.08693951136024994,0.16432008213712518,0.0,False,IndividualPropertyAtom,GameElementResource,0.06955160908819995,0.0,0.0,-1,rejected,0.0
_:b280,Block_Game,0.08693951136024994,0.16432008213712518,0.0,False,IndividualPropertyAtom,GameElementResource,0.06955160908819995,0.0,0.0,-1,rejected,0.0
_:b79,Interactive_Content_–_H5P,0.08693951136024994,0.16432008213712518,0.0,False,IndividualPropertyAtom,GameElementResource,0.06955160908819995,0.0,0.0,-1,rejected,0.0
_:b79,Game,0.08693951136024994,0.16432008213712518,0.0,False,IndividualPropertyAtom,GameElementResource,0.06955160908819995,0.0,0.0,-1,rejected,0.0
_:b280,Interactive_Content_–_H5P,0.08693951136024994,0.16432008213712518,0.0,False,IndividualPropertyAtom,GameElementResource,0.06955160908819995,0.0,0.0,-1,rejected,0.0
_:b280,Quizventure,0.08693951136024994,0.16432008213712518,0.0,False,IndividualPropertyAtom,GameElementResource,0.06955160908819995,0.0,0.0,-1,rejected,0.0
_:b280,Game,0.08693951136024994,0.16432008213712518,0.0,False,IndividualPropertyAtom,GameElementResource,0.06955160908819995,0.0,0.0,-1,rejected,0.0
_:b68,Game,0.08693951136024994,0.16432008213712518,0.0,False,IndividualPropertyAtom,GameElementResource,0.06955160908819995,0.0,0.0,-1,rejected,0.0
_:b68,Interactive_Content_–_H5P,0.08693951136024994,0.16432008213712518,0.0,False,IndividualPropertyAtom,GameElementResource,0.06955160908819995,0.0,0.0,-1,rejected,0.0
_:b250,Game,0.08693951136024994,0.16432008213712518,0.0,False,IndividualPropertyAtom,GameElementResource,0.06955160908819995,0.0,0.0,-1,rejected,0.0
_:b250,Quizventure,0.08693951136024994,0.16432008213712518,0.0,False,IndividualPropertyAtom,GameElementResource,0.06955160908819995,0.0,0.0,-1,rejected,0.0
_:b250,Interactive_Content_–_H5P,0.08693951136024994,0.16432008213712518,0.0,False,IndividualPropertyAtom,GameElementResource,0.06955160908819995,0.0,0.0,-1,rejected,0.0
_:b79,Quizventure,0.08693951136024994,0.16432008213712518,0.0,False,IndividualPropertyAtom,GameElementResource,0.06955160908819995,0.0,0.0,-1,rejected,0.0
_:b68,Block_Game,0.08693951136024994,0.16432008213712518,0.0,False,IndividualPropertyAtom,GameElementResource,0.06955160908819995,0.0,0.0,-1,rejected,0.0
_:b68,Quizventure,0.08693951136024994,0.16432008213712518,0.0,False,IndividualPropertyAtom,GameElementResource,0.06955160908819995,0.0,0.0,-1,rejected,0.0
_:b79,Block_Game,0.08693951136024994,0.16432008213712518,0.0,False,IndividualPropertyAtom,GameElementResource,0.06955160908819995,0.0,0.0,-1,rejected,0.0
_:b191,Quizventure,0.08691545307551553,0.16433389635796417,0.0,False,IndividualPropertyAtom,GameElementResource,0.06953236246041243,0.0,0.0,-1,rejected,0.0
_:b191,Block_Game,0.08691545307551553,0.16433389635796417,0.0,False,IndividualPropertyAtom,GameElementResource,0.06953236246041243,0.0,0.0,-1,rejected,0.0
_:b191,Game,0.08691545307551553,0.16433389635796417,0.0,False,IndividualPropertyAtom,GameElementResource,0.06953236246041243,0.0,0.0,-1,rejected,0.0
_:b191,Interactive_Content_–_H5P,0.08691545307551553,0.16433389635796417,0.0,False,IndividualPropertyAtom,GameElementResource,0.06953236246041243,0.0,0.0,-1,rejected,0.0
_:b134,Block_Game,0.08690813228743428,0.16433811197193232,0.0,False,IndividualPropertyAtom,GameElementResource,0.06952650582994743,0.0,0.0,-1,rejected,0.0
_:b207,Game,0.08690813228743428,0.16433811197193232,0.0,False,IndividualPropertyAtom,GameElementResource,0.06952650582994743,0.0,0.0,-1,rejected,0.0
_:b151,Block_Game,0.08690813228743428,0.16433811197193232,0.0,False,IndividualPropertyAtom,GameElementResource,0.06952650582994743,0.0,0.0,-1,rejected,0.0
_:b207,Block_Game,0.08690813228743428,0.16433811197193232,0.0,False,IndividualPropertyAtom,GameElementResource,0.06952650582994743,0.0,0.0,-1,rejected,0.0
_:b207,Quizventure,0.08690813228743428,0.16433811197193232,0.0,False,IndividualPropertyAtom,GameElementResource,0.06952650582994743,0.0,0.0,-1,rejected,0.0
_:b151,Quizventure,0.08690813228743428,0.16433811197193232,0.0,False,IndividualPropertyAtom,GameElementResource,0.06952650582994743,0.0,0.0,-1,rejected,0.0
_:b145,Game,0.08690813228743428,0.16433811197193232,0.0,False,IndividualPropertyAtom,GameElementResource,0.06952650582994743,0.0,0.0,-1,rejected,0.0
_:b107,Block_Game,0.08690813228743428,0.16433811197193232,0.0,False,IndividualPropertyAtom,GameElementResource,0.06952650582994743,0.0,0.0,-1,rejected,0.0
_:b107,Interactive_Content_–_H5P,0.08690813228743428,0.16433811197193232,0.0,False,IndividualPropertyAtom,GameElementResource,0.06952650582994743,0.0,0.0,-1,rejected,0.0
_:b216,Game,0.08690813228743428,0.16433811197193232,0.0,False,IndividualPropertyAtom,GameElementResource,0.06952650582994743,0.0,0.0,-1,rejected,0.0
_:b216,Interactive_Content_–_H5P,0.08690813228743428,0.16433811197193232,0.0,False,IndividualPropertyAtom,GameElementResource,0.06952650582994743,0.0,0.0,-1,rejected,0.0
_:b216,Quizventure,0.08690813228743428,0.16433811197193232,0.0,False,IndividualPropertyAtom,GameElementResource,0.06952650582994743,0.0,0.0,-1,rejected,0.0
_:b145,Quizventure,0.08690813228743428,0.16433811197193232,0.0,False,IndividualPropertyAtom,GameElementResource,0.06952650582994743,0.0,0.0,-1,rejected,0.0
_:b145,Interactive_Content_–_H5P,0.08690813228743428,0.16433811197193232,0.0,False,IndividualPropertyAtom,GameElementResource,0.06952650582994743,0.0,0.0,-1,rejected,0.0
_:b274,Block_Game,0.08690813228743428,0.16433811197193232,0.0,False,IndividualPropertyAtom,GameElementResource,0.06952650582994743,0.0,0.0,-1,rejected,0.0
_:b227,Interactive_Content_–_H5P,0.08690813228743428,0.16433811197193232,0.0,False,IndividualPropertyAtom,GameElementResource,0.06952650582994743,0.0,0.0,-1,rejected,0.0
_:b227,Game,0.08690813228743428,0.16433811197193232,0.0,False,IndividualPropertyAtom,GameElementResource,0.06952650582994743,0.0,0.0,-1,rejected,0.0
_:b227,Block_Game,0.08690813228743428,0.16433811197193232,0.0,False,IndividualPropertyAtom,GameElementResource,0.06952650582994743,0.0,0.0,-1,rejected,0.0
_:b263,Block_Game,0.08690813228743428,0.16433811197193232,0.0,False,IndividualPropertyAtom,GameElementResource,0.06952650582994743,0.0,0.0,-1,rejected,0.0
_:b263,Game,0.08690813228743428,0.16433811197193232,0.0,False,IndividualPropertyAtom,GameElementResource,0.06952650582994743,0.0,0.0,-1,rejected,0.0
_:b274,Interactive_Content_–_H5P,0.08690813228743428,0.16433811197193232,0.0,False,IndividualPropertyAtom,GameElementResource,0.06952650582994743,0.0,0.0,-1,rejected,0.0
_:b274,Quizventure,0.08690813228743428,0.16433811197193232,0.0,False,IndividualPropertyAtom,GameElementResource,0.06952650582994743,0.0,0.0,-1,rejected,0.0
_:b263,Interactive_Content_–_H5P,0.08690813228743428,0.16433811197193232,0.0,False,IndividualPropertyAtom,GameElementResource,0.06952650582994743,0.0,0.0,-1,rejected,0.0
_:b134,Game,0.08690813228743428,0.16433811197193232,0.0,False,IndividualPropertyAtom,GameElementResource,0.06952650582994743,0.0,0.0,-1,rejected,0.0
_:b134,Interactive_Content_–_H5P,0.08690813228743428,0.16433811197193232,0.0,False,IndividualPropertyAtom,GameElementResource,0.06952650582994743,0.0,0.0,-1,rejected,0.0
_:b263,Quizventure,0.08690813228743428,0.16433811197193232,0.0,False,IndividualPropertyAtom,GameElementResource,0.06952650582994743,0.0,0.0,-1,rejected,0.0
_:b274,Game,0.08690813228743428,0.16433811197193232,0.0,False,IndividualPropertyAtom,GameElementResource,0.06952650582994743,0.0,0.0,-1,rejected,0.0
_:b134,Quizventure,0.08690813228743428,0.16433811197193232,0.0,False,IndividualPropertyAtom,GameElementResource,0.06952650582994743,0.0,0.0,-1,rejected,0.0
_:b107,Quizventure,0.08690813228743428,0.16433811197193232,0.0,False,IndividualPropertyAtom,GameElementResource,0.06952650582994743,0.0,0.0,-1,rejected,0.0
_:b216,Block_Game,0.08690813228743428,0.16433811197193232,0.0,False,IndividualPropertyAtom,GameElementResource,0.06952650582994743,0.0,0.0,-1,rejected,0.0
_:b207,Interactive_Content_–_H5P,0.08690813228743428,0.16433811197193232,0.0,False,IndividualPropertyAtom,GameElementResource,0.06952650582994743,0.0,0.0,-1,rejected,0.0
_:b151,Game,0.08690813228743428,0.16433811197193232,0.0,False,IndividualPropertyAtom,GameElementResource,0.06952650582994743,0.0,0.0,-1,rejected,0.0
_:b227,Quizventure,0.08690813228743428,0.16433811197193232,0.0,False,IndividualPropertyAtom,GameElementResource,0.06952650582994743,0.0,0.0,-1,rejected,0.0
_:b145,Block_Game,0.08690813228743428,0.16433811197193232,0.0,False,IndividualPropertyAtom,GameElementResource,0.06952650582994743,0.0,0.0,-1,rejected,0.0
_:b107,Game,0.08690813228743428,0.16433811197193232,0.0,False,IndividualPropertyAtom,GameElementResource,0.06952650582994743,0.0,0.0,-1,rejected,0.0
_:b151,Interactive_Content_–_H5P,0.08690813228743428,0.16433811197193232,0.0,False,IndividualPropertyAtom,GameElementResource,0.06952650582994743,0.0,0.0,-1,rejected,0.0
_:b180,Quizventure,0.0869081263269698,0.16433809865198631,0.0,False,IndividualPropertyAtom,GameElementResource,0.06952650106157585,0.0,0.0,-1,rejected,0.0
_:b169,Interactive_Content_–_H5P,0.0869081263269698,0.16433809865198631,0.0,False,IndividualPropertyAtom,GameElementResource,0.06952650106157585,0.0,0.0,-1,rejected,0.0
_:b169,Block_Game,0.0869081263269698,0.16433809865198631,0.0,False,IndividualPropertyAtom,GameElementResource,0.06952650106157585,0.0,0.0,-1,rejected,0.0
_:b158,Quizventure,0.0869081263269698,0.16433809865198631,0.0,False,IndividualPropertyAtom,GameElementResource,0.06952650106157585,0.0,0.0,-1,rejected,0.0
_:b158,Block_Game,0.0869081263269698,0.16433809865198631,0.0,False,IndividualPropertyAtom,GameElementResource,0.06952650106157585,0.0,0.0,-1,rejected,0.0
_:b180,Interactive_Content_–_H5P,0.0869081263269698,0.16433809865198631,0.0,False,IndividualPropertyAtom,GameElementResource,0.06952650106157585,0.0,0.0,-1,rejected,0.0
_:b180,Block_Game,0.0869081263269698,0.16433809865198631,0.0,False,IndividualPropertyAtom,GameElementResource,0.06952650106157585,0.0,0.0,-1,rejected,0.0
_:b158,Interactive_Content_–_H5P,0.0869081263269698,0.16433809865198631,0.0,False,IndividualPropertyAtom,GameElementResource,0.06952650106157585,0.0,0.0,-1,rejected,0.0
_:b158,Game,0.0869081263269698,0.16433809865198631,0.0,False,IndividualPropertyAtom,GameElementResource,0.06952650106157585,0.0,0.0,-1,rejected,0.0
_:b169,Quizventure,0.0869081263269698,0.16433809865198631,0.0,False,IndividualPropertyAtom,GameElementResource,0.06952650106157585,0.0,0.0,-1,rejected,0.0
_:b180,Game,0.0869081263269698,0.16433809865198631,0.0,False,IndividualPropertyAtom,GameElementResource,0.06952650106157585,0.0,0.0,-1,rejected,0.0
_:b169,Game,0.0869081263269698,0.16433809865198631,0.0,False,IndividualPropertyAtom,GameElementResource,0.06952650106157585,0.0,0.0,-1,rejected,0.0
